frame,timestamp,NOSE_x,NOSE_y,NOSE_z,NOSE_visibility,LEFT_EYE_INNER_x,LEFT_EYE_INNER_y,LEFT_EYE_INNER_z,LEFT_EYE_INNER_visibility,LEFT_EYE_x,LEFT_EYE_y,LEFT_EYE_z,LEFT_EYE_visibility,LEFT_EYE_OUTER_x,LEFT_EYE_OUTER_y,LEFT_EYE_OUTER_z,LEFT_EYE_OUTER_visibility,RIGHT_EYE_INNER_x,RIGHT_EYE_INNER_y,RIGHT_EYE_INNER_z,RIGHT_EYE_INNER_visibility,RIGHT_EYE_x,RIGHT_EYE_y,RIGHT_EYE_z,RIGHT_EYE_visibility,RIGHT_EYE_OUTER_x,RIGHT_EYE_OUTER_y,RIGHT_EYE_OUTER_z,RIGHT_EYE_OUTER_visibility,LEFT_EAR_x,LEFT_EAR_y,LEFT_EAR_z,LEFT_EAR_visibility,RIGHT_EAR_x,RIGHT_EAR_y,RIGHT_EAR_z,RIGHT_EAR_visibility,MOUTH_LEFT_x,MOUTH_LEFT_y,MOUTH_LEFT_z,MOUTH_LEFT_visibility,MOUTH_RIGHT_x,MOUTH_RIGHT_y,MOUTH_RIGHT_z,MOUTH_RIGHT_visibility,LEFT_SHOULDER_x,LEFT_SHOULDER_y,LEFT_SHOULDER_z,LEFT_SHOULDER_visibility,RIGHT_SHOULDER_x,RIGHT_SHOULDER_y,RIGHT_SHOULDER_z,RIGHT_SHOULDER_visibility,LEFT_ELBOW_x,LEFT_ELBOW_y,LEFT_ELBOW_z,LEFT_ELBOW_visibility,RIGHT_ELBOW_x,RIGHT_ELBOW_y,RIGHT_ELBOW_z,RIGHT_ELBOW_visibility,LEFT_WRIST_x,LEFT_WRIST_y,LEFT_WRIST_z,LEFT_WRIST_visibility,RIGHT_WRIST_x,RIGHT_WRIST_y,RIGHT_WRIST_z,RIGHT_WRIST_visibility,LEFT_PINKY_x,LEFT_PINKY_y,LEFT_PINKY_z,LEFT_PINKY_visibility,RIGHT_PINKY_x,RIGHT_PINKY_y,RIGHT_PINKY_z,RIGHT_PINKY_visibility,LEFT_INDEX_x,LEFT_INDEX_y,LEFT_INDEX_z,LEFT_INDEX_visibility,RIGHT_INDEX_x,RIGHT_INDEX_y,RIGHT_INDEX_z,RIGHT_INDEX_visibility,LEFT_THUMB_x,LEFT_THUMB_y,LEFT_THUMB_z,LEFT_THUMB_visibility,RIGHT_THUMB_x,RIGHT_THUMB_y,RIGHT_THUMB_z,RIGHT_THUMB_visibility,LEFT_HIP_x,LEFT_HIP_y,LEFT_HIP_z,LEFT_HIP_visibility,RIGHT_HIP_x,RIGHT_HIP_y,RIGHT_HIP_z,RIGHT_HIP_visibility,LEFT_KNEE_x,LEFT_KNEE_y,LEFT_KNEE_z,LEFT_KNEE_visibility,RIGHT_KNEE_x,RIGHT_KNEE_y,RIGHT_KNEE_z,RIGHT_KNEE_visibility,LEFT_ANKLE_x,LEFT_ANKLE_y,LEFT_ANKLE_z,LEFT_ANKLE_visibility,RIGHT_ANKLE_x,RIGHT_ANKLE_y,RIGHT_ANKLE_z,RIGHT_ANKLE_visibility,LEFT_HEEL_x,LEFT_HEEL_y,LEFT_HEEL_z,LEFT_HEEL_visibility,RIGHT_HEEL_x,RIGHT_HEEL_y,RIGHT_HEEL_z,RIGHT_HEEL_visibility,LEFT_FOOT_INDEX_x,LEFT_FOOT_INDEX_y,LEFT_FOOT_INDEX_z,LEFT_FOOT_INDEX_visibility,RIGHT_FOOT_INDEX_x,RIGHT_FOOT_INDEX_y,RIGHT_FOOT_INDEX_z,RIGHT_FOOT_INDEX_visibility,NOSE_quality,LEFT_EYE_INNER_quality,LEFT_EYE_quality,LEFT_EYE_OUTER_quality,RIGHT_EYE_INNER_quality,RIGHT_EYE_quality,RIGHT_EYE_OUTER_quality,LEFT_EAR_quality,RIGHT_EAR_quality,MOUTH_LEFT_quality,MOUTH_RIGHT_quality,LEFT_SHOULDER_quality,RIGHT_SHOULDER_quality,LEFT_ELBOW_quality,RIGHT_ELBOW_quality,LEFT_WRIST_quality,RIGHT_WRIST_quality,LEFT_PINKY_quality,RIGHT_PINKY_quality,LEFT_INDEX_quality,RIGHT_INDEX_quality,LEFT_THUMB_quality,RIGHT_THUMB_quality,LEFT_HIP_quality,RIGHT_HIP_quality,LEFT_KNEE_quality,RIGHT_KNEE_quality,LEFT_ANKLE_quality,RIGHT_ANKLE_quality,LEFT_HEEL_quality,RIGHT_HEEL_quality,LEFT_FOOT_INDEX_quality,RIGHT_FOOT_INDEX_quality
0,0.0,0.47542956,0.28777283,0.010626151,0.95,0.4875717,0.2752656,0.02000732,0.95,0.49623784,0.28266776,0.015390855,0.95,0.50025874,0.2781553,0.019398868,0.95,0.4642766,0.27966958,0.015217213,0.95,0.4632515,0.2736987,0.021033427,0.95,0.4623472,0.27363446,0.022585718,0.95,0.50778365,0.2854617,0.012653945,0.95,0.44973382,0.2820865,0.020656545,0.95,0.48466957,0.2970046,0.01718239,0.95,0.46287107,0.29380754,0.015435582,0.95,0.54870236,0.3531368,0.02862666,0.95,0.41011292,0.35444462,0.02982947,0.95,0.5846767,0.4037184,0.0409265,0.95,0.35523614,0.39915603,0.04446391,0.95,0.58390343,0.43558815,0.042642694,0.95,0.36441776,0.41674426,0.04054342,0.95,0.59541076,0.44209084,0.04970803,0.95,0.37273866,0.42779094,0.03164241,0.95,0.56995654,0.4369728,0.04590953,0.95,0.37609485,0.4248942,0.02960205,0.95,0.58937097,0.4369594,0.05568642,0.95,0.3837176,0.42222777,0.03724301,0.95,0.5171862,0.52006537,0.026440762,0.95,0.43180618,0.52584285,0.025291553,0.95,0.5442755,0.63144845,0.024387347,0.95,0.4215679,0.63675755,0.027530571,0.95,0.53145105,0.73833877,0.24037798,0.95,0.43759432,0.73791146,0.19670312,0.95,0.522054,0.75039303,0.25437897,0.95,0.44989458,0.7483161,0.23205094,0.95,0.5331302,0.78272706,0.14604281,0.95,0.42618182,0.7860555,0.102751404,0.95,0.9,0.9,0.9,0.9,0.9,0.9,0.9,0.9,0.9,0.9,0.9,0.9,0.9,0.9,0.9,0.9,0.9,0.9,0.9,0.9,0.9,0.9,0.9,0.9,0.9,0.9,0.9,0.9,0.9,0.9,0.9,0.9,0.9
1,0.03333333333333333,0.47695202,0.26403603,0.0037388478,0.95,0.48671988,0.2513952,0.015982173,0.95,0.5012228,0.26000956,0.010128063,0.95,0.5012868,0.25411156,0.0129300095,0.95,0.46448755,0.252802,0.0076695085,0.95,0.4623147,0.2474472,0.014537618,0.95,0.4593916,0.24590634,0.017493187,0.95,0.5118145,0.26364633,0.004307175,0.95,0.44280455,0.25496387,0.012501417,0.95,0.4827434,0.27336267,0.009529022,0.95,0.45980638,0.27026588,0.008346975,0.95,0.5646779,0.33520645,0.016678806,0.95,0.39596984,0.33729935,0.01612757,0.95,0.6051499,0.39354926,0.02885727,0.95,0.33077368,0.39092928,0.032320928,0.95,0.60369897,0.43211845,0.036013085,0.95,0.34660032,0.41016495,0.027517894,0.95,0.6145472,0.43655983,0.03750878,0.95,0.35804945,0.4258381,0.019333264,0.95,0.5878782,0.4337957,0.03420642,0.95,0.36437744,0.4204979,0.013660366,0.95,0.6125366,0.43376774,0.045591325,0.95,0.36833447,0.4182294,0.024948647,0.95,0.5239238,0.5130782,0.024081055,0.95,0.4211674,0.51825833,0.016877383,0.95,0.5585076,0.6331491,0.020732595,0.95,0.41003114,0.63801354,0.022568023,0.95,0.5373489,0.7441276,0.28743118,0.95,0.4246441,0.744578,0.21547675,0.95,0.52665406,0.7509208,0.3085372,0.95,0.44162604,0.75287664,0.2540794,0.95,0.54647917,0.79528993,0.17363721,0.95,0.41680732,0.80044454,0.10842933,0.95,0.9,0.9,0.9,0.9,0.9,0.9,0.9,0.9,0.9,0.9,0.9,0.9,0.9,0.9,0.9,0.9,0.9,0.9,0.9,0.9,0.9,0.9,0.9,0.9,0.9,0.9,0.9,0.9,0.9,0.9,0.9,0.9,0.9
2,0.06666666666666667,0.47641107,0.24736103,0.0016981672,0.95,0.48558202,0.23505199,0.013374658,0.95,0.5031109,0.24420454,0.008121812,0.95,0.5002085,0.23760714,0.009087708,0.95,0.4632128,0.23412248,0.004191788,0.95,0.4607851,0.230645,0.011233643,0.95,0.45567447,0.22818519,0.01490053,0.95,0.51433814,0.24856004,9.8898854e-05,0.95,0.4376033,0.23751839,0.0077879224,0.95,0.4814796,0.2580405,0.0062757945,0.95,0.4577383,0.2553115,0.0049049724,0.95,0.57315683,0.3235346,0.009086956,0.95,0.38532206,0.32588166,0.006426198,0.95,0.62036425,0.38746297,0.02145897,0.95,0.31396535,0.38727713,0.022220513,0.95,0.6173318,0.4280159,0.030249361,0.95,0.33481228,0.40966734,0.017297586,0.95,0.6266852,0.4331948,0.02809468,0.95,0.34576634,0.42485112,0.010278572,0.95,0.60170233,0.4317312,0.025022604,0.95,0.35415545,0.41971734,0.0019262563,0.95,0.6262112,0.43097246,0.034674264,0.95,0.35677832,0.4182433,0.015020046,0.95,0.5281808,0.50813264,0.02144552,0.95,0.41334566,0.51205367,0.011139882,0.95,0.56743085,0.63400275,0.017066643,0.95,0.40192074,0.6377665,0.018355358,0.95,0.54023314,0.74709624,0.31945497,0.95,0.41655162,0.7479797,0.23097265,0.95,0.529139,0.75110614,0.34782726,0.95,0.43577355,0.7549535,0.266947,0.95,0.55376905,0.8035945,0.18773407,0.95,0.40956342,0.80943656,0.110937014,0.95,0.9,0.9,0.9,0.9,0.9,0.9,0.9,0.9,0.9,0.9,0.9,0.9,0.9,0.9,0.9,0.9,0.9,0.9,0.9,0.9,0.9,0.9,0.9,0.9,0.9,0.9,0.9,0.9,0.9,0.9,0.9,0.9,0.9
3,0.1,0.47577766,0.23672709,0.0013236731,0.95,0.48495582,0.22466649,0.011446543,0.95,0.5040184,0.23437706,0.007223054,0.95,0.49923924,0.22715473,0.007199345,0.95,0.46192345,0.22256468,0.0026627092,0.95,0.45978808,0.22092979,0.009420874,0.95,0.45282972,0.21780768,0.013559062,0.95,0.51615983,0.23903343,-0.0020118544,0.95,0.43448755,0.2275742,0.00502952,0.95,0.48098525,0.24881166,0.0050517144,0.95,0.45688444,0.24645461,0.0032164438,0.95,0.5776009,0.3169152,0.0043809237,0.95,0.37885505,0.31891382,-0.00031204775,0.95,0.63002425,0.3842248,0.01688925,0.95,0.3043478,0.38593856,0.015118932,0.95,0.6265316,0.42436513,0.025311574,0.95,0.32882565,0.4117774,0.0101181995,0.95,0.6341306,0.4306386,0.021656476,0.95,0.3379213,0.4242894,0.004419771,0.95,0.6118949,0.42959994,0.019028783,0.95,0.34800655,0.42084235,-0.005864637,0.95,0.6335691,0.42876613,0.026295103,0.95,0.34932256,0.42006993,0.00859962,0.95,0.5308364,0.50485337,0.019128997,0.95,0.4089011,0.50777227,0.007294656,0.95,0.57311875,0.63410795,0.014442112,0.95,0.3968652,0.6371668,0.014873529,0.95,0.5416052,0.74815625,0.3399184,0.95,0.4120938,0.7494095,0.24111082,0.95,0.5304747,0.750943,0.37363824,0.95,0.43293306,0.75597227,0.2739864,0.95,0.557642,0.80862474,0.19439676,0.95,0.40528536,0.81384355,0.110803485,0.95,0.9,0.9,0.9,0.9,0.9,0.9,0.9,0.9,0.9,0.9,0.9,0.9,0.9,0.9,0.9,0.9,0.9,0.9,0.9,0.9,0.9,0.9,0.9,0.9,0.9,0.9,0.9,0.9,0.9,0.9,0.9,0.9,0.9
4,0.13333333333333333,0.4755659,0.23020105,0.0013192176,0.95,0.48481822,0.21835576,0.0099019,0.95,0.5046231,0.22847462,0.0067236694,0.95,0.49887818,0.22080286,0.0063192993,0.95,0.460981,0.21577755,0.0018555413,0.95,0.45937538,0.21562518,0.008182252,0.95,0.45090318,0.21189675,0.012773814,0.95,0.5174723,0.23318216,-0.0031768756,0.95,0.432837,0.22222236,0.0032300653,0.95,0.48093492,0.24343276,0.0045172023,0.95,0.45675275,0.24129753,0.0022879227,0.95,0.580109,0.31346852,0.0015203852,0.95,0.37539554,0.31474194,-0.0049653635,0.95,0.6356417,0.3826099,0.013904096,0.95,0.29934835,0.3855692,0.010555474,0.95,0.6326829,0.42159402,0.021461524,0.95,0.32666948,0.414517,0.0054207277,0.95,0.63897914,0.42867193,0.017630558,0.95,0.33350667,0.42410558,0.000728824,0.95,0.6190607,0.4276683,0.015425827,0.95,0.34495324,0.422621,-0.010829749,0.95,0.6374281,0.42716315,0.020705165,0.95,0.34487295,0.4224823,0.004794453,0.95,0.5326315,0.50269693,0.017301075,0.95,0.40691757,0.5049689,0.0047401963,0.95,0.57668376,0.63381195,0.012813345,0.95,0.39392713,0.636629,0.012158774,0.95,0.5422561,0.74827236,0.35251367,0.95,0.4097701,0.7499247,0.24727128,0.95,0.53119063,0.75064343,0.3899607,0.95,0.43211758,0.7564796,0.27771255,0.95,0.5596202,0.8116161,0.19743785,0.95,0.40328404,0.8156273,0.10939994,0.95,0.9,0.9,0.9,0.9,0.9,0.9,0.9,0.9,0.9,0.9,0.9,0.9,0.9,0.9,0.9,0.9,0.9,0.9,0.9,0.9,0.9,0.9,0.9,0.9,0.9,0.9,0.9,0.9,0.9,0.9,0.9,0.9,0.9
5,0.16666666666666666,0.47565892,0.22618072,0.0013264894,0.95,0.48498446,0.21455543,0.008633081,0.95,0.5050873,0.22489418,0.0063623926,0.95,0.49899048,0.21693906,0.005864745,0.95,0.46033907,0.21178137,0.0013010895,0.95,0.4593633,0.21276149,0.0072120004,0.95,0.44965032,0.20845647,0.012228597,0.95,0.5184359,0.22954981,-0.0039161965,0.95,0.43201452,0.21933329,0.001961943,0.95,0.4810681,0.24027498,0.004187952,0.95,0.45692423,0.23823757,0.0016947335,0.95,0.58164656,0.3117227,-0.00021618868,0.95,0.37364218,0.3122028,-0.00816151,0.95,0.6388229,0.3817962,0.011853264,0.95,0.29685357,0.38554132,0.0076841847,0.95,0.63684404,0.41964263,0.018622495,0.95,0.32643476,0.41703084,0.0023993868,0.95,0.6423693,0.42722946,0.015157803,0.95,0.33116964,0.42417112,-0.0016470692,0.95,0.6239501,0.4261269,0.013307441,0.95,0.3436088,0.4243711,-0.014034798,0.95,0.6394863,0.4260388,0.01710455,0.95,0.34224957,0.42479867,0.0025575052,0.95,0.5339297,0.501249,0.015949138,0.95,0.40626523,0.50312954,0.0030559031,0.95,0.5789235,0.6333838,0.0118267555,0.95,0.39221415,0.6362135,0.010151468,0.95,0.5426305,0.7480215,0.36027172,0.95,0.40855086,0.7500573,0.25103533,0.95,0.5316515,0.7503504,0.40028653,0.95,0.4323028,0.7567102,0.27978572,0.95,0.56063485,0.81341106,0.19881967,0.95,0.40258875,0.8161595,0.10770729,0.95,0.9,0.9,0.9,0.9,0.9,0.9,0.9,0.9,0.9,0.9,0.9,0.9,0.9,0.9,0.9,0.9,0.9,0.9,0.9,0.9,0.9,0.9,0.9,0.9,0.9,0.9,0.9,0.9,0.9,0.9,0.9,0.9,0.9
6,0.2,0.47588503,0.22364181,0.0012840136,0.95,0.4852838,0.2122333,0.0076019913,0.95,0.5054436,0.22265345,0.00605674,0.95,0.49933955,0.21451917,0.0055813473,0.95,0.4598978,0.20934755,0.00086234533,0.95,0.45956776,0.2111795,0.0064235427,0.95,0.44885203,0.20636216,0.0117988065,0.95,0.51916385,0.22723562,-0.0044418536,0.95,0.43161175,0.2177091,0.0010450484,0.95,0.4812456,0.23836243,0.003930223,0.95,0.45718324,0.23636368,0.0012763499,0.95,0.5826402,0.31082624,-0.001280031,0.95,0.37276807,0.31061012,-0.010358485,0.95,0.64063215,0.3813566,0.010400762,0.95,0.29562852,0.38560215,0.0058489763,0.95,0.6397163,0.4183041,0.016567104,0.95,0.32696706,0.41906652,0.0004181545,0.95,0.6448225,0.42619857,0.013605951,0.95,0.3299732,0.42435423,-0.0032374666,0.95,0.62726057,0.42495817,0.012047108,0.95,0.3430926,0.42583823,-0.016192028,0.95,0.6406246,0.4252476,0.014761636,0.95,0.34065855,0.4267534,0.0011962656,0.95,0.53489584,0.50025016,0.014984269,0.95,0.40620136,0.5019001,0.0019426448,0.95,0.5803663,0.6329655,0.011212777,0.95,0.39115775,0.63590115,0.008716222,0.95,0.5428989,0.7476806,0.36518055,0.95,0.40788394,0.7500426,0.25339362,0.95,0.5320079,0.75011945,0.40695047,0.95,0.43286481,0.7567951,0.28105128,0.95,0.5611905,0.8145153,0.19945462,0.95,0.40252584,0.8161609,0.10616491,0.95,0.9,0.9,0.9,0.9,0.9,0.9,0.9,0.9,0.9,0.9,0.9,0.9,0.9,0.9,0.9,0.9,0.9,0.9,0.9,0.9,0.9,0.9,0.9,0.9,0.9,0.9,0.9,0.9,0.9,0.9,0.9,0.9,0.9
7,0.23333333333333334,0.4761441,0.22198862,0.0012027054,0.95,0.4856111,0.2107782,0.006780466,0.95,0.5057084,0.22119816,0.0057898434,0.95,0.49976182,0.21294099,0.0053753164,0.95,0.45958677,0.20779878,0.0005043766,0.95,0.4598604,0.21026817,0.0057840017,0.95,0.44834915,0.20502406,0.011442512,0.95,0.5197235,0.22571929,-0.004841149,0.95,0.4314108,0.21674418,0.00037954017,0.95,0.48140946,0.23715965,0.003714559,0.95,0.45743814,0.23517759,0.00096871535,0.95,0.5833035,0.31034872,-0.0019372095,0.95,0.37233606,0.30957803,-0.011880848,0.95,0.64167464,0.381096,0.0093557285,0.95,0.29503495,0.3856662,0.004642254,0.95,0.641739,0.4173873,0.015078482,0.95,0.32771686,0.4206275,-0.0009243656,0.95,0.6466144,0.425467,0.0126028275,0.95,0.3293794,0.42457163,-0.004342499,0.95,0.6295162,0.42408305,0.011275429,0.95,0.3429563,0.42698506,-0.017713455,0.95,0.6412808,0.42468157,0.0132000055,0.95,0.33965477,0.42831022,0.00032290476,0.95,0.5356213,0.49954352,0.014306623,0.95,0.40635294,0.5010609,0.0011979034,0.95,0.58132863,0.63261104,0.0108168535,0.95,0.39045852,0.6356672,0.007705169,0.95,0.54311043,0.7473613,0.36839706,0.95,0.4074991,0.74998266,0.25490427,0.95,0.53229874,0.74995667,0.41136694,0.95,0.433501,0.7568116,0.2818901,0.95,0.56152546,0.8152205,0.19974737,0.95,0.40272942,0.81596875,0.10489503,0.95,0.9,0.9,0.9,0.9,0.9,0.9,0.9,0.9,0.9,0.9,0.9,0.9,0.9,0.9,0.9,0.9,0.9,0.9,0.9,0.9,0.9,0.9,0.9,0.9,0.9,0.9,0.9,0.9,0.9,0.9,0.9,0.9,0.9
8,0.26666666666666666,0.47639155,0.22088027,0.0011030092,0.95,0.48591676,0.2098408,0.006136203,0.95,0.5059007,0.22021934,0.0055607716,0.95,0.5001739,0.21186954,0.0052136313,0.95,0.45936334,0.20677145,0.00021525308,0.95,0.46016788,0.2097175,0.005270012,0.95,0.44803408,0.20413125,0.011146344,0.95,0.5201567,0.22470033,-0.005154267,0.95,0.431305,0.2161386,-0.00010376224,0.95,0.4815428,0.23637626,0.0035350558,0.95,0.45765713,0.23440363,0.0007391648,0.95,0.5837575,0.3100824,-0.0023449648,0.95,0.37212646,0.308889,-0.012950162,0.95,0.64228314,0.38092795,0.008597904,0.95,0.29475546,0.38571247,0.003824497,0.95,0.6431888,0.41675353,0.013991882,0.95,0.32845938,0.42179716,-0.0018648151,0.95,0.64792573,0.42494747,0.011937837,0.95,0.32909983,0.42478186,-0.0051331064,0.95,0.6310727,0.42342755,0.010786254,0.95,0.34298712,0.42785436,-0.018829638,0.95,0.64167535,0.4242699,0.012131719,0.95,0.33899805,0.42951953,-0.00027000127,0.95,0.53616834,0.49903306,0.013832958,0.95,0.4065581,0.5004764,0.00069075736,0.95,0.5819932,0.6323302,0.010554068,0.95,0.38996655,0.635492,0.0069943853,0.95,0.543279,0.74709743,0.37057525,0.95,0.4072644,0.74991876,0.25588906,0.95,0.5325323,0.74985,0.41437116,0.95,0.4340865,0.7568012,0.28247687,0.95,0.5617459,0.81569093,0.19987816,0.95,0.40302172,0.81573045,0.103891484,0.95,0.9,0.9,0.9,0.9,0.9,0.9,0.9,0.9,0.9,0.9,0.9,0.9,0.9,0.9,0.9,0.9,0.9,0.9,0.9,0.9,0.9,0.9,0.9,0.9,0.9,0.9,0.9,0.9,0.9,0.9,0.9,0.9,0.9
9,0.3,0.47661135,0.22011822,0.001000154,0.95,0.48618296,0.20922099,0.005635651,0.95,0.5060387,0.21954103,0.0053691296,0.95,0.5005418,0.21111678,0.0050836112,0.95,0.459201,0.20606528,-1.4165193e-05,0.95,0.46045417,0.20936918,0.004859878,0.95,0.44783702,0.20351422,0.010903463,0.95,0.5204925,0.22400048,-0.005403418,0.95,0.43124416,0.21574025,-0.00045586177,0.95,0.48164535,0.23585099,0.0033883185,0.95,0.45783457,0.23388505,0.00056668016,0.95,0.58407545,0.3099271,-0.0025982063,0.95,0.37202874,0.30841702,-0.013713985,0.95,0.64264137,0.38081262,0.008045879,0.95,0.29463267,0.3857409,0.003254565,0.95,0.6442441,0.41630968,0.013190591,0.95,0.3291163,0.42266706,-0.0025430303,0.95,0.6488868,0.42457741,0.011488236,0.95,0.3289826,0.42496789,-0.005711726,0.95,0.6321627,0.42293513,0.010465197,0.95,0.34308553,0.42850578,-0.019673282,0.95,0.6419228,0.4239669,0.011383029,0.95,0.3385554,0.43045047,-0.0006937083,0.95,0.5365827,0.49865824,0.013501497,0.95,0.4067547,0.5000615,0.0003382629,0.95,0.58246624,0.6321151,0.010376051,0.95,0.3896045,0.63536084,0.0064917896,0.95,0.54341143,0.7468917,0.37209198,0.95,0.40711316,0.7498655,0.25654083,0.95,0.5327141,0.74978393,0.4164632,0.95,0.43458116,0.7567841,0.28290054,0.95,0.56189984,0.8160192,0.19993031,0.95,0.40332225,0.81550485,0.10311072,0.95,0.9,0.9,0.9,0.9,0.9,0.9,0.9,0.9,0.9,0.9,0.9,0.9,0.9,0.9,0.9,0.9,0.9,0.9,0.9,0.9,0.9,0.9,0.9,0.9,0.9,0.9,0.9,0.9,0.9,0.9,0.9,0.9,0.9
10,0.3333333333333333,0.47680026,0.21958312,0.0009030766,0.95,0.48640716,0.2088015,0.005248228,0.95,0.5061378,0.21905942,0.0052123265,0.95,0.50085616,0.21057339,0.0049788672,0.95,0.4590822,0.2055659,-0.0001933796,0.95,0.46070516,0.20914027,0.004534003,0.95,0.44771406,0.20307545,0.01070741,0.95,0.5207527,0.22351065,-0.0056030117,0.95,0.431205,0.21546838,-0.0007140114,0.95,0.48172227,0.23549077,0.003270156,0.95,0.45797467,0.23352979,0.00043635836,0.95,0.5843031,0.3098333,-0.0027552198,0.95,0.3719867,0.3080866,-0.014269586,0.95,0.6428528,0.3807304,0.0076422924,0.95,0.29458764,0.3857565,0.0028474838,0.95,0.64502317,0.41599473,0.012593434,0.95,0.32967004,0.42331445,-0.0030440744,0.95,0.64959306,0.424313,0.011179413,0.95,0.32894796,0.42512506,-0.00614301,0.95,0.6329373,0.42256415,0.010247573,0.95,0.34320518,0.42899323,-0.020324694,0.95,0.6420844,0.42374215,0.010846818,0.95,0.3382498,0.43116635,-0.0010095049,0.95,0.53689796,0.49837974,0.013268573,0.95,0.40692312,0.4997617,8.790478e-05,0.95,0.5828113,0.6319534,0.010253757,0.95,0.38932988,0.6352628,0.006132845,0.95,0.543514,0.7467359,0.37317336,0.95,0.40701026,0.7498259,0.25697863,0.95,0.5328518,0.7497454,0.41795012,0.95,0.43498155,0.75676894,0.28321242,0.95,0.56201094,0.816258,0.19994439,0.95,0.40359795,0.8153117,0.10250583,0.95,0.9,0.9,0.9,0.9,0.9,0.9,0.9,0.9,0.9,0.9,0.9,0.9,0.9,0.9,0.9,0.9,0.9,0.9,0.9,0.9,0.9,0.9,0.9,0.9,0.9,0.9,0.9,0.9,0.9,0.9,0.9,0.9,0.9
11,0.36666666666666664,0.47696012,0.21920103,0.0008160613,0.95,0.48659298,0.20851208,0.0049483925,0.95,0.50620925,0.2187109,0.005086153,0.95,0.5011188,0.21017271,0.004894929,0.95,0.4589948,0.20520474,-0.0003315115,0.95,0.46091786,0.20898557,0.004275466,0.95,0.44763756,0.2027563,0.0105512645,0.95,0.5209543,0.2231624,-0.005763542,0.95,0.43117675,0.2152778,-0.0009049213,0.95,0.48177934,0.2352394,0.0031758428,0.95,0.45808434,0.23328231,0.00033739602,0.95,0.58446974,0.3097753,-0.0028523307,0.95,0.37197137,0.30785084,-0.014680955,0.95,0.6429766,0.38067067,0.0073462585,0.95,0.29458043,0.38576412,0.0025505335,0.95,0.6456057,0.41576844,0.012144004,0.95,0.33012584,0.42379865,-0.0034213979,0.95,0.65011406,0.4241238,0.010964281,0.95,0.3289535,0.42525437,-0.006469543,0.95,0.6334958,0.4222841,0.010095611,0.95,0.34332487,0.4293593,-0.020835387,0.95,0.64219433,0.42357472,0.010455476,0.95,0.33803436,0.4317184,-0.0012525689,0.95,0.5371391,0.498171,0.013104018,0.95,0.40706068,0.49954158,-9.3796254e-05,0.95,0.5830681,0.63183284,0.010168884,0.95,0.3891171,0.63518965,0.005873345,0.95,0.5435929,0.7466198,0.37396017,0.95,0.4069366,0.7497987,0.25727725,0.95,0.53295386,0.7497246,0.419026,0.95,0.43529826,0.7567585,0.2834452,0.95,0.56209236,0.8164377,0.19994065,0.95,0.40383765,0.81515396,0.10203676,0.95,0.9,0.9,0.9,0.9,0.9,0.9,0.9,0.9,0.9,0.9,0.9,0.9,0.9,0.9,0.9,0.9,0.9,0.9,0.9,0.9,0.9,0.9,0.9,0.9,0.9,0.9,0.9,0.9,0.9,0.9,0.9,0.9,0.9
12,0.4,0.47709447,0.21892436,0.000740572,0.95,0.48674577,0.20830905,0.0047157872,0.95,0.5062612,0.21845488,0.0049857767,0.95,0.5013354,0.20987254,0.0048280787,0.95,0.4589303,0.2049387,-0.0004369428,0.95,0.4610946,0.20887907,0.004070342,0.95,0.44759038,0.20252012,0.010428125,0.95,0.5211108,0.22291116,-0.0058928467,0.95,0.43115446,0.2151415,-0.0010475217,0.95,0.4818217,0.23506196,0.0031008658,0.95,0.45817018,0.23310764,0.00026180802,0.95,0.5845943,0.30973917,-0.002912129,0.95,0.37196812,0.30767992,-0.01499075,0.95,0.6430476,0.38062695,0.007128277,0.95,0.2945907,0.3857673,0.002330056,0.95,0.6460466,0.41560414,0.011802745,0.95,0.33049646,0.42416334,-0.0037099738,0.95,0.6505005,0.4239885,0.010812602,0.95,0.32897702,0.425359,-0.00672027,0.95,0.633904,0.42207244,0.009986594,0.95,0.3434354,0.42963588,-0.02123999,0.95,0.6422721,0.42344975,0.010165105,0.95,0.3378797,0.43214622,-0.0014440526,0.95,0.5373243,0.49801362,0.012987053,0.95,0.40717065,0.49937764,-0.00022847296,0.95,0.5832622,0.6317434,0.010109505,0.95,0.38895,0.6351353,0.0056832843,0.95,0.5436536,0.74653417,0.374543,0.95,0.4068815,0.7497814,0.2574843,0.95,0.5330281,0.7497148,0.41981685,0.95,0.4355456,0.756753,0.28362113,0.95,0.56215256,0.81657654,0.19992948,0.95,0.40404034,0.8150283,0.10167182,0.95,0.9,0.9,0.9,0.9,0.9,0.9,0.9,0.9,0.9,0.9,0.9,0.9,0.9,0.9,0.9,0.9,0.9,0.9,0.9,0.9,0.9,0.9,0.9,0.9,0.9,0.9,0.9,0.9,0.9,0.9,0.9,0.9,0.9
13,0.43333333333333335,0.47720703,0.21872191,0.00067648955,0.95,0.4868711,0.20816484,0.004534673,0.95,0.5062995,0.21826456,0.004906577,0.95,0.5015128,0.20964472,0.0047751144,0.95,0.45888257,0.20474005,-0.0005167925,0.95,0.46123973,0.20880497,0.0039072935,0.95,0.4475617,0.2023429,0.010331662,0.95,0.52123237,0.22272779,-0.005997196,0.95,0.4311358,0.21504262,-0.001155082,0.95,0.48185325,0.23493566,0.0030412462,0.95,0.45823774,0.23298319,0.00020378288,0.95,0.5846894,0.309717,-0.0029488641,0.95,0.3719695,0.30755433,-0.015227499,0.95,0.6430867,0.38059512,0.0069672363,0.95,0.2946082,0.3857684,0.0021639266,0.95,0.6463841,0.41548383,0.011541647,0.95,0.33079594,0.42444023,-0.0039333683,0.95,0.65078837,0.42389208,0.010704397,0.95,0.32900685,0.42544273,-0.0069151474,0.95,0.63420606,0.42191234,0.009906389,0.95,0.34353337,0.42984635,-0.02156319,0.95,0.6423292,0.42335656,0.009946508,0.95,0.33776668,0.43247968,-0.001597378,0.95,0.53746724,0.49789447,0.01290342,0.95,0.4072578,0.49925405,-0.0003302926,0.95,0.58341104,0.6316771,0.010067727,0.95,0.3888175,0.6350951,0.005542243,0.95,0.5437007,0.7464712,0.37498236,0.95,0.40683892,0.7497714,0.2576304,0.95,0.5330813,0.74971145,0.42040646,0.95,0.43573752,0.75675166,0.2837557,0.95,0.56219715,0.8166859,0.19991642,0.95,0.40420896,0.8149296,0.10138678,0.95,0.9,0.9,0.9,0.9,0.9,0.9,0.9,0.9,0.9,0.9,0.9,0.9,0.9,0.9,0.9,0.9,0.9,0.9,0.9,0.9,0.9,0.9,0.9,0.9,0.9,0.9,0.9,0.9,0.9,0.9,0.9,0.9,0.9
14,0.4666666666666667,0.47730127,0.21857235,0.0006229087,0.95,0.48697385,0.20806117,0.004393032,0.95,0.5063279,0.21812174,0.0048443982,0.95,0.50165766,0.20947015,0.0047332905,0.95,0.4588472,0.20458989,-0.0005768293,0.95,0.46135804,0.20875336,0.003777441,0.95,0.44754478,0.20220843,0.010256421,0.95,0.5213273,0.22259247,-0.006081421,0.95,0.43111974,0.21497017,-0.0012371185,0.95,0.481877,0.23484528,0.0029936985,0.95,0.45829138,0.23289417,0.00015897882,0.95,0.5847633,0.30970392,-0.0029713984,0.95,0.37197205,0.3074608,-0.015410836,0.95,0.6431065,0.3805722,0.006847826,0.95,0.29462782,0.38576877,0.0020370842,0.95,0.64664537,0.4153951,0.011340586,0.95,0.3310372,0.4246522,-0.00410798,0.95,0.6510043,0.42382395,0.0106263375,0.95,0.32903707,0.4255092,-0.007068283,0.95,0.6344325,0.42179123,0.009845886,0.95,0.34361812,0.43000767,-0.021822559,0.95,0.6423727,0.42328724,0.009779783,0.95,0.33768278,0.43274117,-0.0017215345,0.95,0.5375781,0.49780402,0.0128433,0.95,0.4073267,0.49915993,-0.00040867642,0.95,0.5835263,0.6316279,0.0100382045,0.95,0.3887117,0.6350656,0.0054362044,0.95,0.5437377,0.7464251,0.3753185,0.95,0.40680516,0.74976647,0.25773552,0.95,0.5331188,0.74971175,0.42085168,0.95,0.43588609,0.7567533,0.28386003,0.95,0.5622302,0.81677324,0.19990395,0.95,0.404348,0.8148528,0.10116321,0.95,0.9,0.9,0.9,0.9,0.9,0.9,0.9,0.9,0.9,0.9,0.9,0.9,0.9,0.9,0.9,0.9,0.9,0.9,0.9,0.9,0.9,0.9,0.9,0.9,0.9,0.9,0.9,0.9,0.9,0.9,0.9,0.9,0.9
15,0.5,0.47738022,0.21846089,0.0005786448,0.95,0.48705816,0.2079861,0.0042817574,0.95,0.50634927,0.21801375,0.0047956454,0.95,0.50177574,0.2093352,0.0047003124,0.95,0.45882097,0.2044754,-0.00062178797,0.95,0.46145406,0.20871757,0.0036737495,0.95,0.4475352,0.20210543,0.0101978425,0.95,0.52140164,0.22249173,-0.006149471,0.95,0.43110567,0.21491687,-0.0013002603,0.95,0.48189512,0.23478048,0.0029555887,0.95,0.45833445,0.2328302,0.00012417715,0.95,0.5848217,0.30969667,-0.0029853273,0.95,0.37197426,0.30739042,-0.015554409,0.95,0.64311504,0.380556,0.0067591155,0.95,0.29464707,0.3857691,0.0019391499,0.95,0.6468499,0.41532943,0.011184928,0.95,0.33123118,0.42481577,-0.0042454954,0.95,0.6511672,0.42377648,0.010569408,0.95,0.32906497,0.42556173,-0.007189735,0.95,0.6346042,0.42169964,0.009799246,0.95,0.34369048,0.43013224,-0.022031637,0.95,0.642407,0.4232359,0.009651152,0.95,0.3376194,0.4329475,-0.0018228736,0.95,0.53766435,0.49773517,0.01279985,0.95,0.40738127,0.49908763,-0.0004700096,0.95,0.58361655,0.6315914,0.010017263,0.95,0.38862687,0.6350441,0.0053554904,0.95,0.5437672,0.74639136,0.3755795,0.95,0.40677792,0.74976504,0.25781283,0.95,0.5331447,0.7497139,0.42119223,0.95,0.43600103,0.756757,0.2839421,0.95,0.56225497,0.8168435,0.1998933,0.95,0.40446195,0.81479317,0.100987196,0.95,0.9,0.9,0.9,0.9,0.9,0.9,0.9,0.9,0.9,0.9,0.9,0.9,0.9,0.9,0.9,0.9,0.9,0.9,0.9,0.9,0.9,0.9,0.9,0.9,0.9,0.9,0.9,0.9,0.9,0.9,0.9,0.9,0.9
16,0.5333333333333333,0.47744635,0.21837753,0.0005423344,0.95,0.48712748,0.2079314,0.004193932,0.95,0.5063654,0.21793152,0.004757489,0.95,0.5018719,0.20923021,0.0046743285,0.95,0.45880154,0.20438744,-0.0006552597,0.95,0.46153176,0.20869316,0.0035906737,0.95,0.4475302,0.20202604,0.010152247,0.95,0.52146024,0.22241613,-0.006204419,0.95,0.43109336,0.21487732,-0.0013493429,0.95,0.48190916,0.23473403,0.002924831,0.95,0.45836937,0.23278415,9.695832e-05,0.95,0.5848686,0.3096933,-0.0029939737,0.95,0.37197557,0.30733702,-0.015667962,0.95,0.643117,0.38054496,0.006693137,0.95,0.29466495,0.38576975,0.0018627926,0.95,0.64701146,0.41528067,0.011063875,0.95,0.3313871,0.424943,-0.0043545533,0.95,0.6512909,0.42374402,0.010527401,0.95,0.3290894,0.42560306,-0.0072868606,0.95,0.6347358,0.42163053,0.009762529,0.95,0.34375158,0.43022904,-0.022200646,0.95,0.6424348,0.42319813,0.009550868,0.95,0.33757082,0.43311125,-0.0019059886,0.95,0.53773177,0.49768275,0.012768317,0.95,0.4074247,0.49903166,-0.00051867677,0.95,0.58368766,0.63156426,0.010002408,0.95,0.38855866,0.63502854,0.005293293,0.95,0.5437912,0.7463666,0.37578505,0.95,0.40675578,0.7497657,0.25787094,0.95,0.5331622,0.7497168,0.42145538,0.95,0.43609014,0.7567619,0.28400773,0.95,0.56227344,0.81690043,0.19988486,0.95,0.40455508,0.8147471,0.10084813,0.95,0.9,0.9,0.9,0.9,0.9,0.9,0.9,0.9,0.9,0.9,0.9,0.9,0.9,0.9,0.9,0.9,0.9,0.9,0.9,0.9,0.9,0.9,0.9,0.9,0.9,0.9,0.9,0.9,0.9,0.9,0.9,0.9,0.9
17,0.5666666666666667,0.47750184,0.21831466,0.00051279657,0.95,0.4871846,0.20789124,0.0041243024,0.95,0.5063777,0.21786866,0.0047275657,0.95,0.50195026,0.2091481,0.0046538357,0.95,0.45878723,0.20431942,-0.0006801055,0.95,0.46159455,0.20867687,0.0035239072,0.95,0.447528,0.20196442,0.010116747,0.95,0.5215066,0.22235888,-0.0062488317,0.95,0.4310827,0.21484807,-0.001387814,0.95,0.4819203,0.23470075,0.002899836,0.95,0.45839804,0.2327511,7.547643e-05,0.95,0.5849069,0.30969235,-0.002999636,0.95,0.37197593,0.3072961,-0.015758412,0.95,0.6431156,0.38053784,0.006644071,0.95,0.294681,0.38577083,0.0018026702,0.95,0.6471405,0.41524446,0.0109694535,0.95,0.33151248,0.42504272,-0.004441412,0.95,0.6513855,0.42372268,0.010496157,0.95,0.32911018,0.42563546,-0.007365077,0.95,0.6348379,0.42157847,0.009733077,0.95,0.34380284,0.4303048,-0.022337513,0.95,0.6424579,0.42317063,0.009471966,0.95,0.33753303,0.43324193,-0.0019744334,0.95,0.53778464,0.49764273,0.012745323,0.95,0.40745944,0.49898812,-0.00055774016,0.95,0.58374417,0.63154405,0.009991869,0.95,0.3885037,0.63501745,0.0052447617,0.95,0.5438109,0.74634844,0.3759491,0.95,0.4067377,0.74976766,0.25791568,0.95,0.53317356,0.74971986,0.42166114,0.95,0.43615946,0.75676745,0.2840611,0.95,0.56228745,0.8169467,0.19987865,0.95,0.40463102,0.8147117,0.10073795,0.95,0.9,0.9,0.9,0.9,0.9,0.9,0.9,0.9,0.9,0.9,0.9,0.9,0.9,0.9,0.9,0.9,0.9,0.9,0.9,0.9,0.9,0.9,0.9,0.9,0.9,0.9,0.9,0.9,0.9,0.9,0.9,0.9,0.9
18,0.6,0.4775484,0.21826705,0.00048889883,0.95,0.48723182,0.2078617,0.004068859,0.95,0.506387,0.21782029,0.00470402,0.95,0.5020142,0.20908353,0.0046376437,0.95,0.45877674,0.20426656,-0.0006985178,0.95,0.46164522,0.20866647,0.0034701102,0.95,0.44752744,0.20191647,0.0100890435,0.95,0.52154356,0.22231531,-0.006284628,0.95,0.43107346,0.21482643,-0.0014182123,0.95,0.48192933,0.23467702,0.0028793786,0.95,0.45842183,0.23272741,5.839598e-05,0.95,0.5849383,0.3096929,-0.0030035588,0.95,0.37197548,0.30726448,-0.01583095,0.95,0.6431125,0.3805337,0.006607686,0.95,0.2946952,0.38577238,0.0017549865,0.95,0.6472444,0.41521764,0.0108956,0.95,0.33161327,0.42512143,-0.0045109857,0.95,0.65145826,0.4237094,0.010472632,0.95,0.32912737,0.42566085,-0.007428433,0.95,0.63491786,0.4215394,0.009709068,0.95,0.3438456,0.43036443,-0.022448482,0.95,0.6424775,0.4231509,0.009409307,0.95,0.33750317,0.4333468,-0.0020309386,0.95,0.5378263,0.49761215,0.012728507,0.95,0.40748745,0.49895403,-0.0005894275,0.95,0.5837892,0.6315289,0.009984398,0.95,0.38845938,0.6350096,0.005206501,0.95,0.5438275,0.746335,0.3760814,0.95,0.40672284,0.74977034,0.2579511,0.95,0.53318053,0.7497227,0.4218236,0.95,0.4362136,0.7567732,0.28410512,0.95,0.56229824,0.8169843,0.19987434,0.95,0.40469298,0.81468445,0.100650445,0.95,0.9,0.9,0.9,0.9,0.9,0.9,0.9,0.9,0.9,0.9,0.9,0.9,0.9,0.9,0.9,0.9,0.9,0.9,0.9,0.9,0.9,0.9,0.9,0.9,0.9,0.9,0.9,0.9,0.9,0.9,0.9,0.9,0.9
19,0.6333333333333333,0.47758752,0.2182308,0.00046970614,0.95,0.48727092,0.20783997,0.004024543,0.95,0.5063942,0.21778291,0.0046854327,0.95,0.5020665,0.20903258,0.004624851,0.95,0.4587691,0.20422529,-0.0007120592,0.95,0.46168604,0.20866014,0.003426612,0.95,0.44752777,0.201879,0.010067379,0.95,0.5215732,0.222282,-0.006313488,0.95,0.4310656,0.21481054,-0.0014424397,0.95,0.48193684,0.2346603,0.0028624826,0.95,0.45844176,0.23271047,4.4660836e-05,0.95,0.5849646,0.30969426,-0.0030065167,0.95,0.3719744,0.30723983,-0.015889475,0.95,0.6431089,0.38053176,0.006580823,0.95,0.29470778,0.38577428,0.0017168395,0.95,0.647329,0.4151979,0.010837735,0.95,0.33169433,0.42518398,-0.0045669284,0.95,0.6515147,0.423702,0.010454758,0.95,0.3291415,0.42568073,-0.0074800355,0.95,0.6349811,0.42151028,0.009689264,0.95,0.34388116,0.43041164,-0.022538582,0.95,0.6424943,0.423137,0.00935919,0.95,0.33747926,0.43343133,-0.0020776947,0.95,0.53785926,0.4975888,0.012716187,0.95,0.40751016,0.4989273,-0.0006153294,0.95,0.58382547,0.6315175,0.009979207,0.95,0.38842368,0.6350042,0.0051759817,0.95,0.54384154,0.7463251,0.37618938,0.95,0.40671068,0.7497732,0.2579798,0.95,0.53318447,0.74972516,0.42195323,0.95,0.4362561,0.7567788,0.28414223,0.95,0.5623067,0.8170149,0.19987166,0.95,0.4047434,0.8146637,0.10058085,0.95,0.9,0.9,0.9,0.9,0.9,0.9,0.9,0.9,0.9,0.9,0.9,0.9,0.9,0.9,0.9,0.9,0.9,0.9,0.9,0.9,0.9,0.9,0.9,0.9,0.9,0.9,0.9,0.9,0.9,0.9,0.9,0.9,0.9
20,0.6666666666666666,0.4776204,0.21820313,0.00045435794,0.95,0.4873034,0.20782387,0.003988983,0.95,0.50639963,0.21775387,0.004670686,0.95,0.5021092,0.20899227,0.004614722,0.95,0.45876363,0.20419292,-0.00072203553,0.95,0.46171892,0.2086569,0.0033913334,0.95,0.4475285,0.20184964,0.010050364,0.95,0.521597,0.22225624,-0.0063366666,0.95,0.43105894,0.21479887,-0.0014618485,0.95,0.48194322,0.2346485,0.002848455,0.95,0.45845863,0.23269844,3.349614e-05,0.95,0.5849866,0.309696,-0.0030090276,0.95,0.3719729,0.30722058,-0.01593695,0.95,0.6431055,0.38053146,0.0065611238,0.95,0.2947188,0.3857765,0.0016860947,0.95,0.64739823,0.41518357,0.010792353,0.95,0.3317595,0.42523396,-0.0046120863,0.95,0.65155876,0.42369893,0.010441008,0.95,0.3291529,0.42569625,-0.0075222133,0.95,0.6350317,0.42148873,0.009672724,0.95,0.34391063,0.4304492,-0.022611821,0.95,0.64250904,0.4231276,0.009318786,0.95,0.33745995,0.43349978,-0.0021164415,0.95,0.5378854,0.49757096,0.012707138,0.95,0.40752867,0.4989062,-0.00063661946,0.95,0.5838546,0.631509,0.009975629,0.95,0.38839495,0.6350006,0.005151417,0.95,0.5438536,0.7463176,0.37627855,0.95,0.40670076,0.74977607,0.25800374,0.95,0.53318626,0.7497272,0.42205772,0.95,0.4362897,0.75678414,0.28417388,0.95,0.56231344,0.8170398,0.19987041,0.95,0.4047845,0.8146479,0.10052544,0.95,0.9,0.9,0.9,0.9,0.9,0.9,0.9,0.9,0.9,0.9,0.9,0.9,0.9,0.9,0.9,0.9,0.9,0.9,0.9,0.9,0.9,0.9,0.9,0.9,0.9,0.9,0.9,0.9,0.9,0.9,0.9,0.9,0.9
21,0.7,0.47764802,0.21818186,0.00044215017,0.95,0.48733044,0.207812,0.0039603505,0.95,0.5064038,0.2177313,0.004658903,0.95,0.5021443,0.2089603,0.0046066567,0.95,0.45875975,0.20416753,-0.00072935387,0.95,0.46174532,0.2086558,0.0033626356,0.95,0.44752938,0.20182656,0.010036949,0.95,0.52161634,0.22223623,-0.0063552335,0.95,0.43105337,0.21479052,-0.0014775171,0.95,0.4819488,0.23464032,0.0028367036,0.95,0.45847306,0.23268995,2.4309573e-05,0.95,0.58500534,0.30969784,-0.0030113074,0.95,0.37197107,0.30720535,-0.015975544,0.95,0.6431026,0.38053235,0.006546908,0.95,0.2947285,0.3857789,0.0016611352,0.95,0.6474554,0.41517326,0.010756754,0.95,0.33181193,0.4252742,-0.0046485905,0.95,0.6515934,0.42369893,0.010430283,0.95,0.32916203,0.42570835,-0.00755684,0.95,0.63507247,0.421473,0.009658791,0.95,0.34393495,0.43047923,-0.02267127,0.95,0.64252186,0.4231215,0.009285996,0.95,0.337444,0.43355545,-0.0021485758,0.95,0.5379062,0.49755734,0.012700491,0.95,0.40754396,0.49888957,-0.00065423263,0.95,0.58387816,0.63150257,0.009973222,0.95,0.38837188,0.63499826,0.0051314235,0.95,0.5438641,0.74631196,0.37635285,0.95,0.40669268,0.74977875,0.2580241,0.95,0.53318655,0.74972874,0.42214262,0.95,0.4363164,0.7567891,0.28420132,0.95,0.562319,0.81706,0.19987024,0.95,0.404818,0.814636,0.10048132,0.95,0.9,0.9,0.9,0.9,0.9,0.9,0.9,0.9,0.9,0.9,0.9,0.9,0.9,0.9,0.9,0.9,0.9,0.9,0.9,0.9,0.9,0.9,0.9,0.9,0.9,0.9,0.9,0.9,0.9,0.9,0.9,0.9,0.9
22,0.7333333333333333,0.4776713,0.2181655,0.00043253147,0.95,0.48735306,0.20780331,0.0039372277,0.95,0.50640696,0.21771356,0.0046494203,0.95,0.50217307,0.20893493,0.0046002734,0.95,0.4587571,0.20414755,-0.00073469034,0.95,0.4617665,0.20865615,0.00333925,0.95,0.44753024,0.20180838,0.01002633,0.95,0.5216321,0.22222064,-0.0063700974,0.95,0.4310488,0.2147845,-0.0014902706,0.95,0.48195374,0.23463474,0.0028267999,0.95,0.45848545,0.23268402,1.6657827e-05,0.95,0.5850214,0.30969965,-0.0030135426,0.95,0.3719691,0.30719334,-0.016007045,0.95,0.6431004,0.38053414,0.00653682,0.95,0.29473695,0.3857814,0.0016407691,0.95,0.6475029,0.41516608,0.010728878,0.95,0.33185402,0.42530674,-0.004678307,0.95,0.6516208,0.42370114,0.010421871,0.95,0.32916927,0.4257178,-0.007585413,0.95,0.6351057,0.42146173,0.009646967,0.95,0.34395498,0.4305034,-0.022719579,0.95,0.64253324,0.42311797,0.009259237,0.95,0.33743086,0.43360093,-0.0021752676,0.95,0.5379229,0.49754694,0.012695625,0.95,0.4075566,0.4988764,-0.00066885067,0.95,0.58389723,0.6314976,0.009971693,0.95,0.38835338,0.63499683,0.0051150117,0.95,0.54387325,0.74630755,0.37641507,0.95,0.4066861,0.7497812,0.2580419,0.95,0.5331859,0.7497299,0.42221224,0.95,0.43633777,0.7567936,0.28422546,0.95,0.5623237,0.8170764,0.19987097,0.95,0.40484533,0.8146272,0.10044618,0.95,0.9,0.9,0.9,0.9,0.9,0.9,0.9,0.9,0.9,0.9,0.9,0.9,0.9,0.9,0.9,0.9,0.9,0.9,0.9,0.9,0.9,0.9,0.9,0.9,0.9,0.9,0.9,0.9,0.9,0.9,0.9,0.9,0.9
23,0.7666666666666667,0.47769085,0.21815279,0.00042499148,0.95,0.48737195,0.20779693,0.003918484,0.95,0.50640935,0.21769968,0.0046417257,0.95,0.5021968,0.20891471,0.0045951866,0.95,0.4587553,0.20413175,-0.00073855533,0.95,0.46178347,0.20865746,0.003320145,0.95,0.44753093,0.20179407,0.010017885,0.95,0.521645,0.2222084,-0.0063818805,0.95,0.4310451,0.21478039,-0.001500694,0.95,0.4819582,0.23463102,0.0028183956,0.95,0.4584962,0.23267989,1.0186997e-05,0.95,0.58503515,0.3097013,-0.0030158262,0.95,0.37196708,0.3071838,-0.016032794,0.95,0.64309883,0.38053653,0.006529887,0.95,0.29474452,0.38578397,0.0016239941,0.95,0.64754266,0.41516128,0.010707044,0.95,0.3318878,0.4253332,-0.0047025364,0.95,0.65164274,0.42370486,0.010415173,0.95,0.3291749,0.42572516,-0.007608994,0.95,0.6351331,0.4214538,0.009636857,0.95,0.34397146,0.4305229,-0.022758814,0.95,0.6425433,0.42311627,0.009237224,0.95,0.3374198,0.43363816,-0.0021974666,0.95,0.5379363,0.497539,0.012692038,0.95,0.40756714,0.49886596,-0.00068099884,0.95,0.5839127,0.6314939,0.009970773,0.95,0.38833869,0.6349961,0.005101422,0.95,0.54388124,0.7463041,0.37646782,0.95,0.40668076,0.74978334,0.25805762,0.95,0.5331846,0.74973065,0.4222699,0.95,0.436355,0.75679773,0.28424686,0.95,0.5623278,0.81708974,0.19987229,0.95,0.40486762,0.8146207,0.10041826,0.95,0.9,0.9,0.9,0.9,0.9,0.9,0.9,0.9,0.9,0.9,0.9,0.9,0.9,0.9,0.9,0.9,0.9,0.9,0.9,0.9,0.9,0.9,0.9,0.9,0.9,0.9,0.9,0.9,0.9,0.9,0.9,0.9,0.9
24,0.8,0.47770733,0.21814291,0.00041914277,0.95,0.48738787,0.20779231,0.0039032472,0.95,0.5064111,0.21768874,0.004635426,0.95,0.50221634,0.20889859,0.0045911223,0.95,0.45875424,0.20411927,-0.0007413679,0.95,0.461797,0.20865951,0.0033044652,0.95,0.4475315,0.20178284,0.01001114,0.95,0.5216556,0.22219872,-0.006391216,0.95,0.43104213,0.21477777,-0.0015092547,0.95,0.4819623,0.23462856,0.0028112133,0.95,0.4585056,0.23267703,4.651216e-06,0.95,0.58504707,0.30970266,-0.003018054,0.95,0.37196508,0.30717614,-0.01605394,0.95,0.643098,0.38053933,0.0065253126,0.95,0.29475117,0.38578656,0.0016101248,0.95,0.6475762,0.41515827,0.010690023,0.95,0.33191487,0.42535484,-0.0047222767,0.95,0.6516603,0.4237096,0.010409738,0.95,0.3291793,0.42573088,-0.007628548,0.95,0.6351557,0.42144853,0.009628236,0.95,0.34398493,0.43053868,-0.02279062,0.95,0.64255226,0.42311597,0.009219011,0.95,0.33741057,0.43366873,-0.0022159552,0.95,0.53794706,0.497533,0.01268944,0.95,0.40757602,0.49885768,-0.0006911689,0.95,0.5839253,0.631491,0.009970333,0.95,0.38832706,0.6349958,0.0050900504,0.95,0.5438884,0.74630135,0.37651277,0.95,0.40667647,0.7497851,0.25807184,0.95,0.533183,0.7497311,0.42231795,0.95,0.436369,0.7568014,0.28426608,0.95,0.5623314,0.8171005,0.19987413,0.95,0.4048858,0.81461596,0.10039611,0.95,0.9,0.9,0.9,0.9,0.9,0.9,0.9,0.9,0.9,0.9,0.9,0.9,0.9,0.9,0.9,0.9,0.9,0.9,0.9,0.9,0.9,0.9,0.9,0.9,0.9,0.9,0.9,0.9,0.9,0.9,0.9,0.9,0.9
25,0.8333333333333334,0.4777212,0.21813527,0.00041470223,0.95,0.48740122,0.20778885,0.003890842,0.95,0.5064123,0.21768005,0.0046302313,0.95,0.50223243,0.20888574,0.004587883,0.95,0.45875365,0.20410943,-0.0007433945,0.95,0.46180776,0.20866191,0.0032916092,0.95,0.4475318,0.20177394,0.010005709,0.95,0.52166444,0.22219096,-0.0063985437,0.95,0.43103984,0.2147761,-0.0015163253,0.95,0.4819661,0.2346271,0.0028050665,0.95,0.45851386,0.23267515,-1.5068305e-07,0.95,0.5850575,0.30970377,-0.0030203897,0.95,0.37196314,0.3071699,-0.01607127,0.95,0.6430979,0.38054243,0.0065225856,0.95,0.2947571,0.38578913,0.001598636,0.95,0.6476045,0.41515666,0.01067678,0.95,0.33193654,0.42537266,-0.004738534,0.95,0.6516746,0.423715,0.010405301,0.95,0.32918265,0.42573535,-0.007644794,0.95,0.6351746,0.42144516,0.009620786,0.95,0.34399593,0.43055156,-0.022816392,0.95,0.64256024,0.4231167,0.009203913,0.95,0.33740264,0.43369398,-0.0022313555,0.95,0.5379557,0.49752843,0.012687573,0.95,0.40758353,0.49885115,-0.00069965137,0.95,0.5839355,0.6314888,0.009970199,0.95,0.38831788,0.6349959,0.0050804894,0.95,0.54389465,0.7462991,0.37655145,0.95,0.40667304,0.7497867,0.25808474,0.95,0.5331812,0.7497313,0.42235848,0.95,0.43638048,0.7568047,0.2842835,0.95,0.56233466,0.81710917,0.19987625,0.95,0.40490067,0.81461275,0.100378595,0.95,0.9,0.9,0.9,0.9,0.9,0.9,0.9,0.9,0.9,0.9,0.9,0.9,0.9,0.9,0.9,0.9,0.9,0.9,0.9,0.9,0.9,0.9,0.9,0.9,0.9,0.9,0.9,0.9,0.9,0.9,0.9,0.9,0.9
26,0.8666666666666667,0.47773293,0.21812919,0.00041133084,0.95,0.4874125,0.2077865,0.0038806906,0.95,0.5064132,0.21767315,0.004625897,0.95,0.5022458,0.20887558,0.004585311,0.95,0.4587534,0.20410171,-0.0007448641,0.95,0.46181628,0.20866469,0.0032810294,0.95,0.44753197,0.20176692,0.0100013055,0.95,0.5216718,0.22218478,-0.0064042322,0.95,0.43103808,0.21477525,-0.0015222038,0.95,0.48196965,0.23462626,0.0027997487,0.95,0.45852113,0.2326739,-4.367712e-06,0.95,0.5850666,0.30970463,-0.0030227515,0.95,0.37196127,0.307165,-0.016085567,0.95,0.6430982,0.3805456,0.0065212147,0.95,0.29476237,0.3857916,0.0015890099,0.95,0.6476286,0.41515604,0.010666539,0.95,0.33195376,0.42538735,-0.0047518555,0.95,0.6516863,0.42372078,0.010401647,0.95,0.32918522,0.4257388,-0.0076583168,0.95,0.6351905,0.4214433,0.009614393,0.95,0.3440049,0.43056208,-0.022837231,0.95,0.6425673,0.4231182,0.009191299,0.95,0.33739585,0.4337148,-0.0022441891,0.95,0.53796273,0.497525,0.012686234,0.95,0.40758994,0.49884596,-0.0007067443,0.95,0.58394384,0.6314871,0.009970341,0.95,0.3883107,0.6349962,0.005072402,0.95,0.5439003,0.7462972,0.37658486,0.95,0.40667027,0.749788,0.2580966,0.95,0.5331793,0.7497313,0.42239255,0.95,0.43638995,0.7568076,0.28429928,0.95,0.5623377,0.81711626,0.19987863,0.95,0.40491286,0.81461066,0.10036482,0.95,0.9,0.9,0.9,0.9,0.9,0.9,0.9,0.9,0.9,0.9,0.9,0.9,0.9,0.9,0.9,0.9,0.9,0.9,0.9,0.9,0.9,0.9,0.9,0.9,0.9,0.9,0.9,0.9,0.9,0.9,0.9,0.9,0.9
27,0.9,0.4777428,0.21812446,0.00040885725,0.95,0.48742208,0.20778486,0.003872398,0.95,0.5064138,0.21766762,0.0046222517,0.95,0.5022569,0.20886749,0.0045832396,0.95,0.4587534,0.20409556,-0.0007459016,0.95,0.461823,0.20866744,0.0032723327,0.95,0.4475319,0.20176142,0.00999775,0.95,0.5216779,0.22217982,-0.0064086206,0.95,0.4310368,0.214775,-0.0015271193,0.95,0.48197296,0.23462594,0.0027951424,0.95,0.4585276,0.23267305,-8.107903e-06,0.95,0.58507466,0.30970526,-0.0030250798,0.95,0.37195954,0.30716103,-0.016097346,0.95,0.64309895,0.38054883,0.006520872,0.95,0.29476714,0.38579398,0.0015809335,0.95,0.6476492,0.41515622,0.010658697,0.95,0.33196744,0.42539954,-0.0047628786,0.95,0.65169585,0.42372674,0.0103985695,0.95,0.3291871,0.4257415,-0.007669649,0.95,0.63520396,0.42144257,0.009608861,0.95,0.34401214,0.43057075,-0.022854092,0.95,0.6425736,0.4231202,0.009180712,0.95,0.33739,0.43373212,-0.002254944,0.95,0.53796846,0.49752244,0.01268529,0.95,0.40759543,0.49884182,-0.00071269734,0.95,0.58395064,0.63148576,0.009970635,0.95,0.38830525,0.6349966,0.0050654765,0.95,0.5439053,0.7462956,0.37661383,0.95,0.40666807,0.74978906,0.2581076,0.95,0.53317744,0.7497311,0.42242175,0.95,0.43639785,0.7568102,0.28431377,0.95,0.56234056,0.81712186,0.19988112,0.95,0.4049228,0.81460935,0.100354046,0.95,0.9,0.9,0.9,0.9,0.9,0.9,0.9,0.9,0.9,0.9,0.9,0.9,0.9,0.9,0.9,0.9,0.9,0.9,0.9,0.9,0.9,0.9,0.9,0.9,0.9,0.9,0.9,0.9,0.9,0.9,0.9,0.9,0.9
28,0.9333333333333333,0.47775114,0.2181207,0.00040710636,0.95,0.4874302,0.2077838,0.0038655659,0.95,0.50641423,0.21766324,0.0046191467,0.95,0.5022661,0.20886116,0.004581608,0.95,0.45875362,0.20409068,-0.00074666715,0.95,0.4618282,0.20867024,0.0032651373,0.95,0.44753176,0.20175707,0.009994848,0.95,0.52168304,0.22217578,-0.00641194,0.95,0.43103594,0.21477516,-0.0015312246,0.95,0.4819761,0.23462585,0.0027911228,0.95,0.45853335,0.23267256,-1.1438313e-05,0.95,0.5850817,0.30970564,-0.0030274044,0.95,0.3719579,0.30715778,-0.01610701,0.95,0.6431002,0.38055208,0.006521237,0.95,0.29477134,0.38579628,0.0015741125,0.95,0.6476669,0.415157,0.010652722,0.95,0.33197826,0.4254097,-0.0047719683,0.95,0.65170383,0.4237327,0.010396025,0.95,0.32918844,0.42574358,-0.007679115,0.95,0.63521546,0.4214427,0.009604074,0.95,0.34401798,0.43057787,-0.022867622,0.95,0.6425792,0.42312256,0.009171786,0.95,0.33738497,0.4337465,-0.0022639332,0.95,0.5379731,0.49752054,0.012684654,0.95,0.40760016,0.49883857,-0.0007176818,0.95,0.5839562,0.6314847,0.009971058,0.95,0.38830104,0.6349971,0.0050595347,0.95,0.5439098,0.7462941,0.37663916,0.95,0.40666637,0.7497899,0.25811782,0.95,0.53317565,0.7497308,0.42244682,0.95,0.43640447,0.75681245,0.28432706,0.95,0.56234324,0.81712633,0.19988374,0.95,0.40493098,0.81460875,0.10034567,0.95,0.9,0.9,0.9,0.9,0.9,0.9,0.9,0.9,0.9,0.9,0.9,0.9,0.9,0.9,0.9,0.9,0.9,0.9,0.9,0.9,0.9,0.9,0.9,0.9,0.9,0.9,0.9,0.9,0.9,0.9,0.9,0.9,0.9
29,0.9666666666666667,0.47775817,0.21811765,0.00040589564,0.95,0.4874371,0.20778313,0.0038599668,0.95,0.5064144,0.2176597,0.004616496,0.95,0.50227374,0.20885609,0.0045802947,0.95,0.45875394,0.20408693,-0.0007471775,0.95,0.46183226,0.20867302,0.0032592216,0.95,0.44753143,0.20175372,0.00999243,0.95,0.5216873,0.2221724,-0.0064144135,0.95,0.43103537,0.2147756,-0.0015347338,0.95,0.48197904,0.23462594,0.0027875893,0.95,0.45853847,0.23267224,-1.44744245e-05,0.95,0.585088,0.30970585,-0.003029714,0.95,0.37195635,0.3071551,-0.016115012,0.95,0.64310163,0.38055527,0.006522187,0.95,0.2947752,0.38579845,0.0015683345,0.95,0.6476822,0.41515815,0.010648237,0.95,0.33198673,0.4254182,-0.004779516,0.95,0.65171045,0.4237386,0.01039379,0.95,0.32918936,0.4257452,-0.007687087,0.95,0.63522536,0.4214434,0.009599935,0.95,0.3440227,0.43058378,-0.022878544,0.95,0.6425842,0.42312512,0.009164216,0.95,0.33738056,0.43375847,-0.002271462,0.95,0.53797686,0.49751914,0.012684241,0.95,0.40760425,0.498836,-0.0007218578,0.95,0.58396065,0.6314838,0.009971565,0.95,0.38829795,0.6349977,0.0050544143,0.95,0.54391384,0.7462928,0.37666142,0.95,0.40666503,0.74979055,0.25812733,0.95,0.533174,0.7497304,0.42246833,0.95,0.43641004,0.7568144,0.2843393,0.95,0.56234574,0.8171299,0.19988635,0.95,0.40493765,0.81460863,0.100339256,0.95,0.9,0.9,0.9,0.9,0.9,0.9,0.9,0.9,0.9,0.9,0.9,0.9,0.9,0.9,0.9,0.9,0.9,0.9,0.9,0.9,0.9,0.9,0.9,0.9,0.9,0.9,0.9,0.9,0.9,0.9,0.9,0.9,0.9
30,1.0,0.47776413,0.21811523,0.0004051096,0.95,0.487443,0.20778273,0.0038553362,0.95,0.50641453,0.2176569,0.00461419,0.95,0.5022802,0.20885214,0.004579259,0.95,0.45875436,0.20408396,-0.00074755563,0.95,0.46183535,0.20867561,0.0032542855,0.95,0.447531,0.20175107,0.009990448,0.95,0.52169096,0.22216968,-0.006416183,0.95,0.4310351,0.21477635,-0.0015376712,0.95,0.4819818,0.23462626,0.0027845048,0.95,0.4585431,0.2326721,-1.7216238e-05,0.95,0.5850936,0.3097059,-0.0030319456,0.95,0.37195495,0.307153,-0.01612159,0.95,0.6431034,0.38055834,0.0065235468,0.95,0.29477862,0.38580048,0.0015634246,0.95,0.6476954,0.4151596,0.010644955,0.95,0.3319933,0.42542538,-0.004785793,0.95,0.651716,0.4237443,0.010391853,0.95,0.32919,0.4257464,-0.0076937815,0.95,0.6352339,0.42144457,0.009596311,0.95,0.34402642,0.43058866,-0.022887254,0.95,0.6425887,0.42312783,0.00915779,0.95,0.3373767,0.43376845,-0.0022777577,0.95,0.53797996,0.49751815,0.012684001,0.95,0.40760782,0.498834,-0.0007253559,0.95,0.5839643,0.63148314,0.009972131,0.95,0.38829577,0.6349983,0.00504997,0.95,0.5439175,0.7462917,0.37668088,0.95,0.40666395,0.7497911,0.25813624,0.95,0.53317237,0.74972993,0.42248723,0.95,0.4364148,0.7568162,0.2843506,0.95,0.5623481,0.8171328,0.19988887,0.95,0.40494317,0.81460893,0.10033438,0.95,0.9,0.9,0.9,0.9,0.9,0.9,0.9,0.9,0.9,0.9,0.9,0.9,0.9,0.9,0.9,0.9,0.9,0.9,0.9,0.9,0.9,0.9,0.9,0.9,0.9,0.9,0.9,0.9,0.9,0.9,0.9,0.9,0.9
31,1.0333333333333334,0.47776917,0.21811333,0.00040471845,0.95,0.48744807,0.20778257,0.003851503,0.95,0.5064145,0.21765453,0.0046121897,0.95,0.5022855,0.20884906,0.004578432,0.95,0.4587548,0.20408167,-0.00074782385,0.95,0.46183768,0.20867816,0.003250199,0.95,0.4475305,0.20174903,0.0099888,0.95,0.52169406,0.22216737,-0.006417457,0.95,0.43103504,0.21477719,-0.0015401914,0.95,0.4819844,0.23462658,0.0027817555,0.95,0.45854723,0.23267202,-1.9712183e-05,0.95,0.5850986,0.30970573,-0.0030341248,0.95,0.37195367,0.3071512,-0.016127044,0.95,0.64310527,0.38056132,0.0065251524,0.95,0.29478168,0.38580242,0.0015592411,0.95,0.64770687,0.4151613,0.010642585,0.95,0.33199838,0.42543143,-0.0047910195,0.95,0.65172064,0.42374983,0.010390199,0.95,0.3291903,0.42574736,-0.0076994253,0.95,0.63524127,0.42144603,0.009593211,0.95,0.3440294,0.43059278,-0.02289416,0.95,0.6425926,0.42313063,0.009152321,0.95,0.33737332,0.43377683,-0.0022830626,0.95,0.53798246,0.49751744,0.01268388,0.95,0.40761095,0.49883246,-0.0007282914,0.95,0.5839672,0.6314826,0.009972716,0.95,0.38829422,0.6349989,0.0050460827,0.95,0.54392076,0.7462906,0.37669814,0.95,0.40666318,0.7497915,0.2581446,0.95,0.53317094,0.7497294,0.4225034,0.95,0.4364189,0.75681776,0.28436103,0.95,0.56235045,0.817135,0.19989139,0.95,0.4049477,0.81460947,0.10033078,0.95,0.9,0.9,0.9,0.9,0.9,0.9,0.9,0.9,0.9,0.9,0.9,0.9,0.9,0.9,0.9,0.9,0.9,0.9,0.9,0.9,0.9,0.9,0.9,0.9,0.9,0.9,0.9,0.9,0.9,0.9,0.9,0.9,0.9
32,1.0666666666666667,0.47777343,0.21811172,0.00040457316,0.95,0.4874524,0.20778257,0.0038483308,0.95,0.5064144,0.21765265,0.004610422,0.95,0.50228995,0.2088467,0.0045777876,0.95,0.45875528,0.20407987,-0.00074801757,0.95,0.46183938,0.20868061,0.0032467977,0.95,0.44752994,0.20174746,0.009987427,0.95,0.52169675,0.22216548,-0.006418269,0.95,0.43103516,0.2147782,-0.0015423427,0.95,0.48198688,0.23462689,0.0027793397,0.95,0.458551,0.23267193,-2.2010687e-05,0.95,0.5851031,0.30970556,-0.0030362334,0.95,0.37195247,0.30714977,-0.01613156,0.95,0.64310724,0.38056415,0.006526959,0.95,0.2947845,0.38580424,0.0015556574,0.95,0.6477168,0.4151631,0.010640957,0.95,0.33200225,0.42543656,-0.0047954377,0.95,0.65172464,0.42375514,0.010388757,0.95,0.32919043,0.4257481,-0.0077042123,0.95,0.6352477,0.4214477,0.009590495,0.95,0.34403172,0.4305962,-0.022899622,0.95,0.6425962,0.4231334,0.009147616,0.95,0.3373704,0.43378386,-0.002287533,0.95,0.53798455,0.497517,0.012683855,0.95,0.4076137,0.49883124,-0.0007307538,0.95,0.5839696,0.6314821,0.009973329,0.95,0.38829324,0.6349995,0.0050426964,0.95,0.5439237,0.7462897,0.37671348,0.95,0.40666255,0.7497918,0.25815237,0.95,0.5331696,0.74972886,0.4225179,0.95,0.4364224,0.7568191,0.2843707,0.95,0.5623526,0.8171367,0.19989388,0.95,0.4049514,0.81461024,0.100328155,0.95,0.9,0.9,0.9,0.9,0.9,0.9,0.9,0.9,0.9,0.9,0.9,0.9,0.9,0.9,0.9,0.9,0.9,0.9,0.9,0.9,0.9,0.9,0.9,0.9,0.9,0.9,0.9,0.9,0.9,0.9,0.9,0.9,0.9
33,1.1,0.47777703,0.21811043,0.00040464394,0.95,0.48745614,0.20778269,0.0038457008,0.95,0.5064143,0.21765111,0.0046088817,0.95,0.5022937,0.20884487,0.004577266,0.95,0.4587558,0.20407858,-0.0007481256,0.95,0.4618406,0.20868286,0.0032439888,0.95,0.44752932,0.20174627,0.009986252,0.95,0.52169895,0.22216386,-0.0064187385,0.95,0.4310354,0.2147792,-0.0015441905,0.95,0.48198918,0.23462728,0.0027771827,0.95,0.45855436,0.23267196,-2.4122926e-05,0.95,0.58510715,0.30970523,-0.00303826,0.95,0.3719514,0.30714864,-0.016135247,0.95,0.6431093,0.38056684,0.0065288628,0.95,0.294787,0.38580596,0.0015525877,0.95,0.64772564,0.41516498,0.010639918,0.95,0.33200514,0.42544094,-0.004799081,0.95,0.65172803,0.42376015,0.010387476,0.95,0.32919046,0.42574865,-0.007708288,0.95,0.6352534,0.4214495,0.0095881,0.95,0.34403354,0.4305991,-0.022903929,0.95,0.6425993,0.42313612,0.009143541,0.95,0.33736774,0.4337898,-0.0022912954,0.95,0.5379862,0.49751672,0.012683898,0.95,0.40761614,0.4988303,-0.0007328139,0.95,0.5839715,0.63148177,0.009973921,0.95,0.3882927,0.63500005,0.0050396994,0.95,0.54392636,0.7462887,0.37672728,0.95,0.4066621,0.74979204,0.25815967,0.95,0.53316844,0.7497283,0.42253053,0.95,0.43642548,0.7568204,0.28437963,0.95,0.5623547,0.8171381,0.19989625,0.95,0.4049545,0.81461114,0.10032634,0.95,0.9,0.9,0.9,0.9,0.9,0.9,0.9,0.9,0.9,0.9,0.9,0.9,0.9,0.9,0.9,0.9,0.9,0.9,0.9,0.9,0.9,0.9,0.9,0.9,0.9,0.9,0.9,0.9,0.9,0.9,0.9,0.9,0.9
34,1.1333333333333333,0.47778013,0.21810941,0.0004048749,0.95,0.48745933,0.20778288,0.003843514,0.95,0.5064141,0.21764986,0.0046074865,0.95,0.50229686,0.20884347,0.0045768637,0.95,0.4587563,0.20407754,-0.0007482206,0.95,0.46184146,0.20868503,0.00324164,0.95,0.4475287,0.20174533,0.009985272,0.95,0.5217009,0.22216244,-0.006418932,0.95,0.43103576,0.21478021,-0.0015457644,0.95,0.48199135,0.23462765,0.0027752474,0.95,0.45855743,0.23267193,-2.6056352e-05,0.95,0.5851107,0.3097048,-0.0030401673,0.95,0.3719504,0.30714768,-0.016138272,0.95,0.64311135,0.3805694,0.006530815,0.95,0.29478934,0.38580754,0.0015499651,0.95,0.6477332,0.41516685,0.010639311,0.95,0.33200717,0.4254447,-0.004802147,0.95,0.65173095,0.4237649,0.01038631,0.95,0.32919037,0.4257491,-0.0077117262,0.95,0.6352584,0.42145136,0.0095860325,0.95,0.3440349,0.43060154,-0.022907281,0.95,0.64260215,0.4231388,0.00914008,0.95,0.33736545,0.43379477,-0.0022944694,0.95,0.53798765,0.49751657,0.0126839895,0.95,0.40761828,0.49882963,-0.00073454616,0.95,0.58397305,0.63148147,0.009974524,0.95,0.38829252,0.6350006,0.005037088,0.95,0.5439288,0.7462879,0.37673944,0.95,0.4066618,0.7497922,0.25816652,0.95,0.53316736,0.7497278,0.4225418,0.95,0.43642816,0.75682145,0.28438795,0.95,0.56235665,0.8171391,0.19989848,0.95,0.40495703,0.81461215,0.100325145,0.95,0.9,0.9,0.9,0.9,0.9,0.9,0.9,0.9,0.9,0.9,0.9,0.9,0.9,0.9,0.9,0.9,0.9,0.9,0.9,0.9,0.9,0.9,0.9,0.9,0.9,0.9,0.9,0.9,0.9,0.9,0.9,0.9,0.9
35,1.1666666666666667,0.47778273,0.21810852,0.00040520274,0.95,0.48746213,0.20778316,0.0038416812,0.95,0.50641394,0.21764883,0.0046062535,0.95,0.50229955,0.2088425,0.0045765303,0.95,0.45875677,0.20407681,-0.0007483044,0.95,0.46184197,0.20868707,0.0032397122,0.95,0.447528,0.20174465,0.0099844355,0.95,0.5217026,0.22216125,-0.006418947,0.95,0.43103617,0.2147813,-0.0015471688,0.95,0.48199338,0.23462798,0.00277353,0.95,0.45856023,0.23267196,-2.7874294e-05,0.95,0.585114,0.3097044,-0.0030420076,0.95,0.3719495,0.3071469,-0.016140813,0.95,0.64311343,0.38057178,0.0065327818,0.95,0.29479143,0.38580903,0.0015476554,0.95,0.64774,0.41516876,0.010639054,0.95,0.33200866,0.42544788,-0.0048047323,0.95,0.65173346,0.4237694,0.010385311,0.95,0.3291902,0.42574942,-0.0077146767,0.95,0.6352627,0.42145327,0.009584241,0.95,0.34403598,0.43060362,-0.022909852,0.95,0.6426046,0.42314136,0.009137036,0.95,0.33736336,0.433799,-0.0022971516,0.95,0.5379888,0.4975165,0.012684111,0.95,0.4076202,0.4988291,-0.0007359953,0.95,0.58397424,0.6314812,0.009975119,0.95,0.38829258,0.6350011,0.0050347634,0.95,0.543931,0.74628717,0.37675053,0.95,0.40666157,0.74979234,0.25817293,0.95,0.53316635,0.7497272,0.4225517,0.95,0.4364305,0.7568224,0.28439564,0.95,0.56235856,0.8171399,0.19990069,0.95,0.4049591,0.8146132,0.10032445,0.95,0.9,0.9,0.9,0.9,0.9,0.9,0.9,0.9,0.9,0.9,0.9,0.9,0.9,0.9,0.9,0.9,0.9,0.9,0.9,0.9,0.9,0.9,0.9,0.9,0.9,0.9,0.9,0.9,0.9,0.9,0.9,0.9,0.9
36,1.2,0.47778496,0.21810777,0.00040561252,0.95,0.48746458,0.20778343,0.0038401613,0.95,0.50641376,0.21764797,0.0046051396,0.95,0.50230175,0.20884176,0.004576307,0.95,0.45875725,0.20407623,-0.0007483566,0.95,0.46184227,0.20868891,0.003238073,0.95,0.44752735,0.20174418,0.009983713,0.95,0.521704,0.22216026,-0.0064187944,0.95,0.43103668,0.21478243,-0.0015483442,0.95,0.48199528,0.23462836,0.0027719822,0.95,0.45856273,0.23267198,-2.9539498e-05,0.95,0.585117,0.30970392,-0.003043751,0.95,0.37194863,0.30714625,-0.0161429,0.95,0.6431155,0.38057405,0.006534756,0.95,0.29479334,0.3858104,0.0015456587,0.95,0.64774585,0.41517064,0.010639043,0.95,0.3320096,0.42545068,-0.0048069414,0.95,0.6517356,0.4237736,0.01038438,0.95,0.3291899,0.42574966,-0.0077171614,0.95,0.6352666,0.42145514,0.00958265,0.95,0.34403676,0.43060538,-0.022911819,0.95,0.6426069,0.42314383,0.009134414,0.95,0.33736154,0.43380257,-0.0022994203,0.95,0.53798974,0.49751654,0.012684258,0.95,0.40762192,0.4988287,-0.00073718367,0.95,0.5839752,0.631481,0.009975696,0.95,0.38829288,0.63500166,0.0050327107,0.95,0.543933,0.7462864,0.3767603,0.95,0.40666145,0.7497924,0.25817883,0.95,0.5331655,0.74972665,0.42256054,0.95,0.43643257,0.7568233,0.2844028,0.95,0.5623603,0.81714046,0.19990277,0.95,0.40496084,0.8146143,0.100324154,0.95,0.9,0.9,0.9,0.9,0.9,0.9,0.9,0.9,0.9,0.9,0.9,0.9,0.9,0.9,0.9,0.9,0.9,0.9,0.9,0.9,0.9,0.9,0.9,0.9,0.9,0.9,0.9,0.9,0.9,0.9,0.9,0.9,0.9
37,1.2333333333333334,0.47778687,0.2181072,0.00040609308,0.95,0.4874667,0.20778377,0.0038388723,0.95,0.5064135,0.21764725,0.004604128,0.95,0.50230366,0.20884126,0.0045761038,0.95,0.4587577,0.20407587,-0.0007483845,0.95,0.46184236,0.20869064,0.0032367264,0.95,0.4475267,0.20174387,0.009983093,0.95,0.5217052,0.22215931,-0.006418515,0.95,0.43103722,0.21478337,-0.0015493984,0.95,0.48199707,0.23462868,0.0027705815,0.95,0.45856503,0.23267199,-3.107804e-05,0.95,0.5851197,0.30970338,-0.0030453864,0.95,0.37194788,0.30714574,-0.01614462,0.95,0.6431175,0.38057613,0.0065366672,0.95,0.29479513,0.3858117,0.0015439488,0.95,0.6477511,0.41517243,0.010639255,0.95,0.33201018,0.42545307,-0.004808815,0.95,0.6517376,0.42377752,0.010383575,0.95,0.32918963,0.42574987,-0.007719307,0.95,0.63527,0.421457,0.009581283,0.95,0.3440373,0.4306069,-0.022913264,0.95,0.6426089,0.4231462,0.009132123,0.95,0.3373599,0.4338056,-0.0023013463,0.95,0.5379905,0.49751663,0.012684433,0.95,0.40762347,0.4988284,-0.0007382081,0.95,0.583976,0.6314808,0.009976249,0.95,0.38829336,0.6350021,0.0050308723,0.95,0.5439348,0.74628574,0.3767692,0.95,0.40666136,0.7497924,0.2581844,0.95,0.53316474,0.7497262,0.42256853,0.95,0.43643442,0.756824,0.2844094,0.95,0.56236196,0.8171409,0.1999047,0.95,0.40496227,0.8146154,0.10032415,0.95,0.9,0.9,0.9,0.9,0.9,0.9,0.9,0.9,0.9,0.9,0.9,0.9,0.9,0.9,0.9,0.9,0.9,0.9,0.9,0.9,0.9,0.9,0.9,0.9,0.9,0.9,0.9,0.9,0.9,0.9,0.9,0.9,0.9
38,1.2666666666666666,0.4777885,0.21810664,0.00040661462,0.95,0.4874685,0.2077841,0.0038378106,0.95,0.50641334,0.21764672,0.004603219,0.95,0.50230527,0.20884098,0.0045759734,0.95,0.45875812,0.20407565,-0.0007484143,0.95,0.4618423,0.20869222,0.0032355585,0.95,0.447526,0.20174362,0.009982578,0.95,0.5217063,0.22215855,-0.0064181834,0.95,0.43103775,0.2147844,-0.0015503111,0.95,0.48199874,0.23462892,0.002769326,0.95,0.4585671,0.23267196,-3.2504828e-05,0.95,0.58512217,0.30970287,-0.0030469398,0.95,0.37194717,0.3071453,-0.016146021,0.95,0.64311945,0.38057813,0.0065385113,0.95,0.29479665,0.3858129,0.0015424549,0.95,0.64775574,0.4151742,0.0106395865,0.95,0.33201045,0.42545518,-0.0048103724,0.95,0.65173924,0.4237812,0.010382834,0.95,0.32918927,0.42575,-0.0077212034,0.95,0.6352731,0.42145878,0.009580072,0.95,0.34403765,0.4306082,-0.022914337,0.95,0.64261067,0.42314842,0.009130137,0.95,0.33735842,0.4338082,-0.0023029854,0.95,0.53799117,0.49751675,0.012684602,0.95,0.40762484,0.49882826,-0.0007390463,0.95,0.58397657,0.63148063,0.00997675,0.95,0.3882939,0.63500255,0.005029237,0.95,0.5439365,0.7462851,0.37677717,0.95,0.40666133,0.7497924,0.25818962,0.95,0.533164,0.74972564,0.42257577,0.95,0.43643606,0.75682473,0.2844155,0.95,0.56236356,0.8171412,0.19990654,0.95,0.4049635,0.8146165,0.10032437,0.95,0.9,0.9,0.9,0.9,0.9,0.9,0.9,0.9,0.9,0.9,0.9,0.9,0.9,0.9,0.9,0.9,0.9,0.9,0.9,0.9,0.9,0.9,0.9,0.9,0.9,0.9,0.9,0.9,0.9,0.9,0.9,0.9,0.9
39,1.3,0.47778988,0.21810627,0.00040714734,0.95,0.48747015,0.2077845,0.0038369072,0.95,0.5064131,0.2176462,0.004602392,0.95,0.50230664,0.20884073,0.004575882,0.95,0.45875853,0.20407541,-0.00074843667,0.95,0.46184215,0.20869368,0.0032346216,0.95,0.44752538,0.20174347,0.009982105,0.95,0.52170724,0.22215784,-0.00641774,0.95,0.43103832,0.21478532,-0.0015511065,0.95,0.4820003,0.23462921,0.0027681843,0.95,0.45856902,0.23267198,-3.3834756e-05,0.95,0.58512443,0.30970234,-0.0030483555,0.95,0.3719465,0.307145,-0.016147206,0.95,0.6431213,0.38057998,0.0065402957,0.95,0.29479808,0.385814,0.0015411436,0.95,0.64775985,0.41517588,0.010640048,0.95,0.33201048,0.425457,-0.004811706,0.95,0.6517407,0.4237846,0.010382186,0.95,0.32918894,0.4257501,-0.0077227456,0.95,0.63527584,0.4214605,0.009579007,0.95,0.34403786,0.43060935,-0.022915067,0.95,0.64261234,0.42315054,0.009128382,0.95,0.33735713,0.43381044,-0.0023043675,0.95,0.53799164,0.4975169,0.0126847755,0.95,0.40762606,0.49882814,-0.0007397392,0.95,0.583977,0.6314805,0.00997727,0.95,0.38829452,0.635003,0.005027784,0.95,0.543938,0.74628454,0.37678435,0.95,0.40666136,0.7497924,0.25819448,0.95,0.53316337,0.74972516,0.42258215,0.95,0.43643752,0.7568253,0.28442118,0.95,0.56236506,0.81714135,0.19990827,0.95,0.40496448,0.8146176,0.100324765,0.95,0.9,0.9,0.9,0.9,0.9,0.9,0.9,0.9,0.9,0.9,0.9,0.9,0.9,0.9,0.9,0.9,0.9,0.9,0.9,0.9,0.9,0.9,0.9,0.9,0.9,0.9,0.9,0.9,0.9,0.9,0.9,0.9,0.9
40,1.3333333333333333,0.47779107,0.2181059,0.00040769123,0.95,0.48747155,0.20778483,0.0038361491,0.95,0.50641286,0.21764578,0.004601636,0.95,0.50230783,0.20884068,0.004575791,0.95,0.4587589,0.20407537,-0.0007484702,0.95,0.4618419,0.2086951,0.0032338244,0.95,0.44752476,0.20174335,0.009981688,0.95,0.5217081,0.22215724,-0.0064172857,0.95,0.43103892,0.21478622,-0.0015518143,0.95,0.48200172,0.23462947,0.0027671542,0.95,0.45857078,0.23267193,-3.505665e-05,0.95,0.5851264,0.3097018,-0.003049745,0.95,0.37194595,0.3071447,-0.01614813,0.95,0.64312315,0.38058165,0.006542028,0.95,0.29479942,0.38581505,0.0015400186,0.95,0.64776355,0.41517746,0.01064057,0.95,0.33201033,0.4254586,-0.004812857,0.95,0.651742,0.42378777,0.0103815785,0.95,0.32918856,0.4257502,-0.007724124,0.95,0.6352783,0.42146215,0.009578075,0.95,0.34403798,0.43061033,-0.022915559,0.95,0.6426137,0.4231525,0.009126836,0.95,0.33735594,0.43381235,-0.0023055484,0.95,0.5379921,0.49751708,0.01268496,0.95,0.4076272,0.4988281,-0.0007403278,0.95,0.58397734,0.6314804,0.009977728,0.95,0.38829523,0.6350033,0.005026482,0.95,0.54393935,0.746284,0.376791,0.95,0.4066614,0.7497924,0.25819895,0.95,0.53316283,0.74972475,0.42258808,0.95,0.4364388,0.75682586,0.28442645,0.95,0.5623664,0.81714153,0.1999099,0.95,0.4049653,0.81461865,0.1003253,0.95,0.9,0.9,0.9,0.9,0.9,0.9,0.9,0.9,0.9,0.9,0.9,0.9,0.9,0.9,0.9,0.9,0.9,0.9,0.9,0.9,0.9,0.9,0.9,0.9,0.9,0.9,0.9,0.9,0.9,0.9,0.9,0.9,0.9
41,1.3666666666666667,0.4777921,0.21810555,0.00040823512,0.95,0.4874728,0.20778516,0.003835514,0.95,0.5064127,0.21764547,0.0046009487,0.95,0.50230885,0.20884064,0.004575737,0.95,0.45875925,0.20407535,-0.0007484534,0.95,0.4618416,0.20869635,0.0032331315,0.95,0.44752413,0.20174333,0.0099813305,0.95,0.5217087,0.22215664,-0.006416805,0.95,0.43103945,0.21478713,-0.0015524178,0.95,0.48200306,0.2346297,0.0027662192,0.95,0.4585724,0.23267196,-3.618914e-05,0.95,0.5851283,0.3097013,-0.0030509892,0.95,0.3719454,0.3071445,-0.016148912,0.95,0.6431248,0.38058326,0.0065436633,0.95,0.2948006,0.38581604,0.0015390277,0.95,0.64776677,0.415179,0.010641144,0.95,0.33201,0.42546,-0.004813874,0.95,0.6517431,0.42379075,0.01038102,0.95,0.32918823,0.42575026,-0.007725331,0.95,0.6352805,0.42146373,0.00957723,0.95,0.34403804,0.4306112,-0.022915812,0.95,0.642615,0.42315438,0.009125492,0.95,0.33735493,0.433814,-0.0023065691,0.95,0.5379925,0.49751723,0.012685146,0.95,0.4076282,0.4988281,-0.0007408158,0.95,0.5839776,0.6314803,0.0099781975,0.95,0.38829595,0.6350037,0.005025314,0.95,0.5439406,0.7462835,0.3767969,0.95,0.40666145,0.74979234,0.25820318,0.95,0.5331623,0.7497243,0.4225933,0.95,0.43644,0.7568264,0.28443134,0.95,0.56236774,0.8171416,0.19991149,0.95,0.404966,0.8146196,0.10032591,0.95,0.9,0.9,0.9,0.9,0.9,0.9,0.9,0.9,0.9,0.9,0.9,0.9,0.9,0.9,0.9,0.9,0.9,0.9,0.9,0.9,0.9,0.9,0.9,0.9,0.9,0.9,0.9,0.9,0.9,0.9,0.9,0.9,0.9
42,1.4,0.47779298,0.2181053,0.00040876784,0.95,0.4874739,0.20778544,0.003834959,0.95,0.50641245,0.21764518,0.004600321,0.95,0.5023097,0.20884074,0.0045757145,0.95,0.4587596,0.20407544,-0.00074850186,0.95,0.4618413,0.20869753,0.0032325895,0.95,0.44752356,0.20174335,0.009981029,0.95,0.5217094,0.22215617,-0.0064163134,0.95,0.43104002,0.21478793,-0.0015529766,0.95,0.4820043,0.23462991,0.002765353,0.95,0.45857382,0.23267187,-3.7258298e-05,0.95,0.58513,0.3097008,-0.0030521888,0.95,0.3719449,0.3071443,-0.016149485,0.95,0.6431264,0.38058472,0.0065451907,0.95,0.29480174,0.3858169,0.0015381485,0.95,0.6477697,0.41518044,0.010641751,0.95,0.33200964,0.42546126,-0.0048147086,0.95,0.6517441,0.4237935,0.0103805205,0.95,0.32918787,0.42575032,-0.007726374,0.95,0.63528246,0.42146522,0.009576522,0.95,0.344038,0.43061194,-0.022915939,0.95,0.64261615,0.42315614,0.009124281,0.95,0.33735397,0.4338154,-0.002307452,0.95,0.5379927,0.49751744,0.01268531,0.95,0.40762913,0.49882814,-0.00074121443,0.95,0.58397776,0.63148016,0.009978617,0.95,0.38829672,0.63500404,0.0050242674,0.95,0.54394174,0.746283,0.37680233,0.95,0.40666154,0.74979234,0.25820702,0.95,0.5331619,0.7497239,0.422598,0.95,0.43644103,0.7568268,0.28443587,0.95,0.562369,0.8171416,0.19991289,0.95,0.4049666,0.8146206,0.10032659,0.95,0.9,0.9,0.9,0.9,0.9,0.9,0.9,0.9,0.9,0.9,0.9,0.9,0.9,0.9,0.9,0.9,0.9,0.9,0.9,0.9,0.9,0.9,0.9,0.9,0.9,0.9,0.9,0.9,0.9,0.9,0.9,0.9,0.9
43,1.4333333333333333,0.47779375,0.21810506,0.0004092931,0.95,0.4874749,0.20778577,0.003834482,0.95,0.50641227,0.21764493,0.0045997435,0.95,0.5023104,0.2088409,0.004575696,0.95,0.4587599,0.20407555,-0.00074851676,0.95,0.46184093,0.20869854,0.0032321238,0.95,0.44752303,0.2017434,0.009980742,0.95,0.5217099,0.22215576,-0.006415818,0.95,0.43104056,0.2147887,-0.0015534757,0.95,0.48200548,0.23463012,0.0027645838,0.95,0.45857516,0.23267192,-3.8234324e-05,0.95,0.5851315,0.30970028,-0.0030533138,0.95,0.37194446,0.30714414,-0.016150067,0.95,0.643128,0.38058606,0.0065466585,0.95,0.29480276,0.3858177,0.0015373699,0.95,0.6477723,0.41518182,0.01064238,0.95,0.33200917,0.42546234,-0.0048154276,0.95,0.65174496,0.42379603,0.01038007,0.95,0.3291875,0.42575037,-0.007727272,0.95,0.63528425,0.42146662,0.009575855,0.95,0.3440379,0.4306126,-0.022915909,0.95,0.6426172,0.42315778,0.009123208,0.95,0.3373531,0.4338166,-0.002308171,0.95,0.53799295,0.49751762,0.0126854945,0.95,0.40762997,0.4988282,-0.0007415497,0.95,0.5839779,0.6314801,0.0099790245,0.95,0.38829747,0.63500434,0.005023334,0.95,0.5439428,0.7462826,0.3768072,0.95,0.40666163,0.7497923,0.25821063,0.95,0.53316146,0.74972355,0.42260224,0.95,0.436442,0.75682724,0.28443998,0.95,0.5623701,0.8171416,0.19991422,0.95,0.40496707,0.81462157,0.100327305,0.95,0.9,0.9,0.9,0.9,0.9,0.9,0.9,0.9,0.9,0.9,0.9,0.9,0.9,0.9,0.9,0.9,0.9,0.9,0.9,0.9,0.9,0.9,0.9,0.9,0.9,0.9,0.9,0.9,0.9,0.9,0.9,0.9,0.9
44,1.4666666666666666,0.4777944,0.2181048,0.00040978857,0.95,0.48747575,0.20778604,0.0038340965,0.95,0.5064121,0.21764472,0.0045992145,0.95,0.50231105,0.20884104,0.004575681,0.95,0.4587602,0.2040756,-0.000748554,0.95,0.46184054,0.20869955,0.0032317084,0.95,0.44752252,0.20174344,0.009980511,0.95,0.5217104,0.22215527,-0.006415315,0.95,0.4310411,0.21478944,-0.0015539097,0.95,0.48200655,0.23463026,0.0027638667,0.95,0.45857638,0.23267187,-3.9128394e-05,0.95,0.58513296,0.30969977,-0.003054316,0.95,0.37194404,0.30714405,-0.016150484,0.95,0.6431294,0.38058737,0.0065480256,0.95,0.29480374,0.38581848,0.0015367031,0.95,0.6477746,0.41518307,0.010642999,0.95,0.33200866,0.42546332,-0.0048160534,0.95,0.6517458,0.42379838,0.01037966,0.95,0.32918718,0.4257504,-0.0077280616,0.95,0.63528585,0.42146793,0.009575296,0.95,0.3440378,0.43061316,-0.022915842,0.95,0.6426182,0.4231593,0.009122269,0.95,0.33735234,0.43381768,-0.0023088118,0.95,0.5379932,0.49751782,0.012685653,0.95,0.4076307,0.49882823,-0.0007418254,0.95,0.58397794,0.63148004,0.009979403,0.95,0.3882982,0.63500464,0.005022485,0.95,0.54394376,0.74628216,0.37681168,0.95,0.40666175,0.7497922,0.25821403,0.95,0.5331611,0.7497232,0.42260614,0.95,0.43644285,0.7568276,0.28444386,0.95,0.56237113,0.81714153,0.1999155,0.95,0.4049675,0.81462246,0.10032805,0.95,0.9,0.9,0.9,0.9,0.9,0.9,0.9,0.9,0.9,0.9,0.9,0.9,0.9,0.9,0.9,0.9,0.9,0.9,0.9,0.9,0.9,0.9,0.9,0.9,0.9,0.9,0.9,0.9,0.9,0.9,0.9,0.9,0.9
45,1.5,0.477795,0.21810468,0.00041027286,0.95,0.4874765,0.20778632,0.0038337612,0.95,0.5064119,0.21764454,0.004598734,0.95,0.5023116,0.20884126,0.0045756754,0.95,0.45876047,0.20407574,-0.00074856146,0.95,0.46184015,0.20870048,0.0032313769,0.95,0.447522,0.20174354,0.009980289,0.95,0.5217108,0.222155,-0.006414827,0.95,0.43104157,0.2147901,-0.0015542972,0.95,0.48200756,0.23463038,0.0027632297,0.95,0.45857748,0.23267183,-3.9966584e-05,0.95,0.5851342,0.30969936,-0.0030552696,0.95,0.37194365,0.30714396,-0.016150804,0.95,0.6431308,0.3805885,0.006549337,0.95,0.29480457,0.3858192,0.0015361108,0.95,0.6477767,0.41518426,0.010643599,0.95,0.33200812,0.4254642,-0.004816575,0.95,0.6517465,0.4238006,0.010379258,0.95,0.3291869,0.42575043,-0.007728736,0.95,0.6352873,0.42146915,0.009574778,0.95,0.34403762,0.4306137,-0.02291567,0.95,0.642619,0.42316073,0.009121431,0.95,0.33735165,0.4338186,-0.002309378,0.95,0.5379934,0.49751797,0.012685802,0.95,0.4076314,0.49882832,-0.0007420452,0.95,0.583978,0.63148,0.009979747,0.95,0.38829893,0.6350049,0.0050217174,0.95,0.54394466,0.7462818,0.37681574,0.95,0.40666184,0.74979216,0.25821713,0.95,0.53316075,0.7497229,0.42260978,0.95,0.43644363,0.7568279,0.2844474,0.95,0.56237215,0.8171415,0.19991674,0.95,0.40496784,0.81462324,0.10032879,0.95,0.9,0.9,0.9,0.9,0.9,0.9,0.9,0.9,0.9,0.9,0.9,0.9,0.9,0.9,0.9,0.9,0.9,0.9,0.9,0.9,0.9,0.9,0.9,0.9,0.9,0.9,0.9,0.9,0.9,0.9,0.9,0.9,0.9
46,1.5333333333333334,0.4777955,0.2181045,0.00041072362,0.95,0.48747718,0.20778657,0.0038334744,0.95,0.5064118,0.21764441,0.0045982813,0.95,0.50231206,0.20884143,0.0045756903,0.95,0.4587607,0.20407589,-0.0007485652,0.95,0.46183977,0.2087013,0.0032310993,0.95,0.44752154,0.20174359,0.00998009,0.95,0.52171123,0.22215462,-0.00641438,0.95,0.43104205,0.21479069,-0.0015546362,0.95,0.4820085,0.23463058,0.0027626336,0.95,0.4585785,0.2326718,-4.074517e-05,0.95,0.5851354,0.30969894,-0.00305616,0.95,0.3719433,0.3071439,-0.016151087,0.95,0.64313203,0.3805896,0.0065505328,0.95,0.29480535,0.38581988,0.0015355892,0.95,0.6477786,0.4151854,0.010644213,0.95,0.33200756,0.425465,-0.004817063,0.95,0.65174717,0.42380258,0.0103789335,0.95,0.3291866,0.42575046,-0.0077293543,0.95,0.6352886,0.4214703,0.00957435,0.95,0.34403747,0.43061414,-0.022915447,0.95,0.6426198,0.42316204,0.009120682,0.95,0.337351,0.4338194,-0.0023098548,0.95,0.5379935,0.49751818,0.012685962,0.95,0.40763205,0.49882838,-0.0007422277,0.95,0.583978,0.6314799,0.009980075,0.95,0.38829964,0.6350052,0.0050210487,0.95,0.54394543,0.74628145,0.37681955,0.95,0.40666196,0.7497921,0.25822008,0.95,0.5331605,0.7497226,0.422613,0.95,0.43644434,0.7568282,0.2844507,0.95,0.5623731,0.81714135,0.1999178,0.95,0.40496817,0.8146241,0.10032952,0.95,0.9,0.9,0.9,0.9,0.9,0.9,0.9,0.9,0.9,0.9,0.9,0.9,0.9,0.9,0.9,0.9,0.9,0.9,0.9,0.9,0.9,0.9,0.9,0.9,0.9,0.9,0.9,0.9,0.9,0.9,0.9,0.9,0.9
47,1.5666666666666667,0.47779593,0.21810435,0.00041116693,0.95,0.4874778,0.20778681,0.003833221,0.95,0.5064116,0.2176443,0.0045978846,0.95,0.5023124,0.2088416,0.0045757033,0.95,0.45876095,0.20407602,-0.0007485894,0.95,0.46183938,0.20870213,0.003230872,0.95,0.44752112,0.20174363,0.00997992,0.95,0.5217115,0.22215435,-0.0064139366,0.95,0.43104252,0.21479128,-0.0015549454,0.95,0.48200935,0.23463064,0.002762086,0.95,0.45857945,0.23267177,-4.14716e-05,0.95,0.5851365,0.3096985,-0.0030569758,0.95,0.37194297,0.30714384,-0.016151326,0.95,0.6431333,0.38059062,0.0065516615,0.95,0.2948061,0.38582048,0.0015351534,0.95,0.6477803,0.41518643,0.010644791,0.95,0.33200702,0.42546567,-0.0048174653,0.95,0.6517477,0.42380446,0.01037865,0.95,0.32918626,0.42575046,-0.007729887,0.95,0.6352897,0.4214714,0.009573914,0.95,0.3440373,0.43061456,-0.022915164,0.95,0.64262044,0.4231633,0.009120038,0.95,0.33735043,0.43382013,-0.002310272,0.95,0.53799355,0.49751836,0.012686107,0.95,0.40763262,0.4988285,-0.0007423879,0.95,0.58397794,0.63147986,0.009980388,0.95,0.38830033,0.63500535,0.0050204024,0.95,0.5439462,0.74628115,0.37682292,0.95,0.40666205,0.7497921,0.2582227,0.95,0.5331602,0.7497223,0.42261598,0.95,0.436445,0.7568285,0.28445378,0.95,0.562374,0.8171413,0.19991882,0.95,0.40496838,0.8146248,0.10033025,0.95,0.9,0.9,0.9,0.9,0.9,0.9,0.9,0.9,0.9,0.9,0.9,0.9,0.9,0.9,0.9,0.9,0.9,0.9,0.9,0.9,0.9,0.9,0.9,0.9,0.9,0.9,0.9,0.9,0.9,0.9,0.9,0.9,0.9
48,1.6,0.47779632,0.2181042,0.00041157298,0.95,0.48747835,0.20778711,0.0038330143,0.95,0.5064115,0.21764417,0.004597516,0.95,0.5023128,0.20884182,0.0045757256,0.95,0.45876116,0.20407614,-0.00074863597,0.95,0.46183902,0.20870285,0.0032306504,0.95,0.4475207,0.20174381,0.009979764,0.95,0.5217119,0.2221541,-0.0064135008,0.95,0.43104294,0.21479183,-0.0015552322,0.95,0.48201013,0.23463081,0.0027616036,0.95,0.4585803,0.2326717,-4.2130978e-05,0.95,0.5851375,0.30969808,-0.0030577208,0.95,0.3719427,0.30714378,-0.016151482,0.95,0.64313436,0.38059154,0.0065527083,0.95,0.29480672,0.38582104,0.0015347063,0.95,0.6477818,0.41518742,0.0106453495,0.95,0.33200645,0.4254663,-0.0048178155,0.95,0.6517482,0.4238062,0.010378345,0.95,0.32918602,0.4257505,-0.007730349,0.95,0.6352908,0.4214724,0.009573579,0.95,0.3440371,0.43061492,-0.02291488,0.95,0.64262104,0.42316443,0.009119416,0.95,0.33734992,0.43382072,-0.002310611,0.95,0.53799367,0.49751854,0.01268623,0.95,0.40763313,0.4988286,-0.0007425034,0.95,0.58397794,0.6314798,0.009980671,0.95,0.38830099,0.6350056,0.0050198436,0.95,0.54394686,0.74628085,0.3768259,0.95,0.40666217,0.74979204,0.25822514,0.95,0.53316,0.74972206,0.42261866,0.95,0.43644556,0.7568287,0.2844566,0.95,0.56237483,0.8171412,0.19991975,0.95,0.40496862,0.8146255,0.10033096,0.95,0.9,0.9,0.9,0.9,0.9,0.9,0.9,0.9,0.9,0.9,0.9,0.9,0.9,0.9,0.9,0.9,0.9,0.9,0.9,0.9,0.9,0.9,0.9,0.9,0.9,0.9,0.9,0.9,0.9,0.9,0.9,0.9,0.9
49,1.6333333333333333,0.47779664,0.21810411,0.00041196786,0.95,0.48747885,0.20778735,0.0038328392,0.95,0.5064114,0.21764407,0.00459716,0.95,0.5023131,0.20884202,0.004575746,0.95,0.45876133,0.20407628,-0.0007486341,0.95,0.46183863,0.20870344,0.0032304735,0.95,0.44752032,0.20174387,0.009979621,0.95,0.5217121,0.22215386,-0.006413106,0.95,0.43104336,0.21479237,-0.0015554762,0.95,0.48201087,0.23463088,0.002761149,0.95,0.4585811,0.2326717,-4.2734475e-05,0.95,0.58513844,0.30969775,-0.0030584435,0.95,0.3719424,0.3071438,-0.016151624,0.95,0.64313537,0.3805924,0.006553718,0.95,0.2948073,0.38582155,0.0015343599,0.95,0.6477832,0.4151883,0.010645886,0.95,0.3320059,0.42546687,-0.0048181172,0.95,0.65174866,0.4238078,0.010378092,0.95,0.32918575,0.42575052,-0.0077307923,0.95,0.6352918,0.42147332,0.009573258,0.95,0.3440369,0.43061525,-0.02291459,0.95,0.6426216,0.42316547,0.009118887,0.95,0.33734947,0.4338213,-0.0023109277,0.95,0.5379937,0.49751866,0.012686361,0.95,0.4076336,0.49882868,-0.00074260397,0.95,0.5839779,0.6314798,0.0099809375,0.95,0.3883016,0.6350058,0.00501932,0.95,0.54394746,0.74628055,0.37682882,0.95,0.4066623,0.749792,0.25822747,0.95,0.5331598,0.7497218,0.4226212,0.95,0.43644613,0.75682896,0.2844592,0.95,0.56237555,0.8171411,0.19992062,0.95,0.4049688,0.8146261,0.10033163,0.95,0.9,0.9,0.9,0.9,0.9,0.9,0.9,0.9,0.9,0.9,0.9,0.9,0.9,0.9,0.9,0.9,0.9,0.9,0.9,0.9,0.9,0.9,0.9,0.9,0.9,0.9,0.9,0.9,0.9,0.9,0.9,0.9,0.9
50,1.6666666666666667,0.47779694,0.21810403,0.0004123404,0.95,0.48747927,0.20778753,0.0038326809,0.95,0.5064112,0.217644,0.004596849,0.95,0.5023134,0.20884223,0.0045757703,0.95,0.4587615,0.20407647,-0.00074864714,0.95,0.4618383,0.20870405,0.00323033,0.95,0.44751996,0.20174402,0.009979492,0.95,0.52171236,0.22215363,-0.006412726,0.95,0.4310437,0.21479288,-0.0015557053,0.95,0.48201153,0.23463096,0.00276073,0.95,0.4585818,0.23267159,-4.3319345e-05,0.95,0.5851392,0.30969742,-0.003059103,0.95,0.37194216,0.30714378,-0.01615172,0.95,0.6431363,0.38059318,0.006554623,0.95,0.29480788,0.38582206,0.0015340023,0.95,0.6477845,0.41518918,0.010646396,0.95,0.33200538,0.42546737,-0.0048183817,0.95,0.6517491,0.42380923,0.010377887,0.95,0.32918552,0.42575055,-0.00773115,0.95,0.6352927,0.4214742,0.009572953,0.95,0.3440367,0.43061554,-0.022914285,0.95,0.6426221,0.42316645,0.009118391,0.95,0.33734903,0.43382177,-0.0023112034,0.95,0.5379938,0.4975188,0.012686474,0.95,0.40763405,0.4988288,-0.0007427008,0.95,0.5839779,0.63147974,0.009981183,0.95,0.38830224,0.63500595,0.0050188582,0.95,0.54394805,0.74628025,0.37683147,0.95,0.40666237,0.749792,0.25822958,0.95,0.53315955,0.7497216,0.4226234,0.95,0.4364466,0.75682914,0.28446162,0.95,0.5623762,0.81714094,0.19992144,0.95,0.40496895,0.81462675,0.10033228,0.95,0.9,0.9,0.9,0.9,0.9,0.9,0.9,0.9,0.9,0.9,0.9,0.9,0.9,0.9,0.9,0.9,0.9,0.9,0.9,0.9,0.9,0.9,0.9,0.9,0.9,0.9,0.9,0.9,0.9,0.9,0.9,0.9,0.9
51,1.7,0.4777972,0.21810392,0.00041266822,0.95,0.4874797,0.20778772,0.0038325356,0.95,0.5064111,0.21764396,0.0045965584,0.95,0.5023136,0.20884247,0.0045757815,0.95,0.4587617,0.20407665,-0.00074865087,0.95,0.46183795,0.20870464,0.0032302015,0.95,0.44751963,0.20174414,0.009979375,0.95,0.52171254,0.22215337,-0.0064123534,0.95,0.43104407,0.21479328,-0.0015559121,0.95,0.48201215,0.23463106,0.0027603537,0.95,0.45858246,0.23267154,-4.382226e-05,0.95,0.58514005,0.30969706,-0.0030597213,0.95,0.3719419,0.30714375,-0.01615181,0.95,0.6431373,0.3805939,0.0065555135,0.95,0.2948084,0.38582247,0.0015337452,0.95,0.6477856,0.41518995,0.010646877,0.95,0.33200487,0.42546782,-0.0048186425,0.95,0.65174943,0.4238106,0.010377689,0.95,0.32918528,0.42575058,-0.0077314666,0.95,0.63529354,0.421475,0.0095727,0.95,0.34403652,0.4306158,-0.022914002,0.95,0.6426226,0.42316738,0.009117944,0.95,0.33734858,0.4338222,-0.0023114306,0.95,0.53799385,0.49751896,0.012686595,0.95,0.40763444,0.4988289,-0.0007427716,0.95,0.5839778,0.63147974,0.009981422,0.95,0.38830277,0.6350061,0.0050184447,0.95,0.54394853,0.7462801,0.3768338,0.95,0.4066625,0.7497919,0.25823152,0.95,0.5331594,0.7497214,0.4226255,0.95,0.43644705,0.7568294,0.28446385,0.95,0.5623769,0.8171409,0.19992226,0.95,0.4049691,0.8146273,0.100332916,0.95,0.9,0.9,0.9,0.9,0.9,0.9,0.9,0.9,0.9,0.9,0.9,0.9,0.9,0.9,0.9,0.9,0.9,0.9,0.9,0.9,0.9,0.9,0.9,0.9,0.9,0.9,0.9,0.9,0.9,0.9,0.9,0.9,0.9
52,1.7333333333333334,0.47779742,0.21810381,0.00041298487,0.95,0.48748004,0.20778789,0.0038324127,0.95,0.506411,0.21764389,0.004596294,0.95,0.5023138,0.20884265,0.004575804,0.95,0.45876184,0.20407674,-0.0007486807,0.95,0.46183765,0.20870514,0.003230086,0.95,0.44751933,0.2017442,0.009979272,0.95,0.5217128,0.22215322,-0.006411992,0.95,0.4310444,0.21479373,-0.001556076,0.95,0.48201275,0.23463115,0.0027599998,0.95,0.45858306,0.23267154,-4.429537e-05,0.95,0.5851407,0.30969676,-0.0030602727,0.95,0.3719417,0.30714378,-0.0161519,0.95,0.6431381,0.38059455,0.006556292,0.95,0.2948089,0.3858229,0.0015334658,0.95,0.6477866,0.41519067,0.010647328,0.95,0.33200437,0.42546824,-0.0048188623,0.95,0.65174973,0.42381182,0.010377496,0.95,0.3291851,0.42575058,-0.007731742,0.95,0.63529426,0.42147577,0.009572476,0.95,0.34403634,0.43061605,-0.022913674,0.95,0.642623,0.4231682,0.009117572,0.95,0.33734828,0.43382257,-0.0023116318,0.95,0.53799385,0.49751908,0.012686696,0.95,0.4076348,0.498829,-0.0007428275,0.95,0.5839777,0.6314797,0.009981632,0.95,0.3883033,0.6350063,0.005018074,0.95,0.543949,0.74627984,0.37683597,0.95,0.40666258,0.74979186,0.25823334,0.95,0.5331592,0.7497212,0.42262742,0.95,0.43644747,0.7568295,0.28446585,0.95,0.5623775,0.8171408,0.1999229,0.95,0.40496922,0.8146278,0.1003335,0.95,0.9,0.9,0.9,0.9,0.9,0.9,0.9,0.9,0.9,0.9,0.9,0.9,0.9,0.9,0.9,0.9,0.9,0.9,0.9,0.9,0.9,0.9,0.9,0.9,0.9,0.9,0.9,0.9,0.9,0.9,0.9,0.9,0.9
53,1.7666666666666666,0.47779763,0.21810375,0.00041327917,0.95,0.48748037,0.20778807,0.0038323046,0.95,0.50641096,0.21764386,0.0045960555,0.95,0.502314,0.20884284,0.0045758374,0.95,0.458762,0.20407692,-0.0007486807,0.95,0.46183735,0.20870559,0.0032299967,0.95,0.44751903,0.20174423,0.009979175,0.95,0.5217129,0.22215304,-0.0064116865,0.95,0.43104473,0.21479408,-0.0015562511,0.95,0.48201326,0.2346312,0.0027596701,0.95,0.45858362,0.23267151,-4.4749857e-05,0.95,0.58514136,0.30969647,-0.0030608017,0.95,0.3719415,0.30714378,-0.016151907,0.95,0.6431389,0.38059518,0.006557022,0.95,0.2948093,0.38582325,0.001533246,0.95,0.6477875,0.41519138,0.010647745,0.95,0.3320039,0.42546862,-0.0048190523,0.95,0.6517501,0.42381302,0.010377309,0.95,0.3291849,0.4257506,-0.0077320253,0.95,0.6352949,0.42147645,0.0095722675,0.95,0.34403616,0.4306163,-0.022913376,0.95,0.64262336,0.423169,0.009117218,0.95,0.33734798,0.43382293,-0.0023118106,0.95,0.5379939,0.4975192,0.012686798,0.95,0.40763515,0.49882907,-0.0007428573,0.95,0.58397764,0.6314797,0.00998183,0.95,0.38830382,0.6350064,0.0050177258,0.95,0.5439495,0.7462796,0.37683806,0.95,0.40666267,0.74979186,0.258235,0.95,0.5331591,0.74972105,0.42262906,0.95,0.43644783,0.7568297,0.28446776,0.95,0.56237805,0.8171407,0.19992359,0.95,0.4049693,0.8146283,0.100334056,0.95,0.9,0.9,0.9,0.9,0.9,0.9,0.9,0.9,0.9,0.9,0.9,0.9,0.9,0.9,0.9,0.9,0.9,0.9,0.9,0.9,0.9,0.9,0.9,0.9,0.9,0.9,0.9,0.9,0.9,0.9,0.9,0.9,0.9
54,1.8,0.4777978,0.21810368,0.00041356974,0.95,0.48748064,0.20778821,0.0038322115,0.95,0.50641084,0.2176438,0.004595821,0.95,0.50231415,0.20884305,0.0045758504,0.95,0.4587621,0.20407699,-0.0007487086,0.95,0.46183708,0.20870608,0.0032299315,0.95,0.44751877,0.20174438,0.009979097,0.95,0.5217131,0.22215292,-0.0064113736,0.95,0.43104503,0.2147944,-0.0015563926,0.95,0.48201376,0.2346313,0.0027593852,0.95,0.45858413,0.23267145,-4.516709e-05,0.95,0.58514196,0.3096962,-0.0030612673,0.95,0.37194133,0.30714375,-0.016151967,0.95,0.64313954,0.3805958,0.0065577,0.95,0.2948097,0.38582364,0.00153303,0.95,0.6477884,0.415192,0.010648151,0.95,0.33200344,0.42546895,-0.004819194,0.95,0.6517503,0.42381406,0.010377153,0.95,0.32918468,0.42575064,-0.0077322675,0.95,0.6352955,0.42147708,0.009572055,0.95,0.34403598,0.43061647,-0.0229131,0.95,0.6426237,0.4231697,0.00911689,0.95,0.33734766,0.43382323,-0.002311956,0.95,0.5379939,0.4975193,0.012686888,0.95,0.40763545,0.49882916,-0.0007428908,0.95,0.5839776,0.6314797,0.009982012,0.95,0.38830432,0.6350066,0.005017409,0.95,0.5439499,0.7462795,0.37683982,0.95,0.40666276,0.7497918,0.25823656,0.95,0.53315896,0.7497209,0.42263067,0.95,0.43644816,0.7568298,0.2844695,0.95,0.5623786,0.81714064,0.1999242,0.95,0.4049694,0.8146288,0.10033457,0.95,0.9,0.9,0.9,0.9,0.9,0.9,0.9,0.9,0.9,0.9,0.9,0.9,0.9,0.9,0.9,0.9,0.9,0.9,0.9,0.9,0.9,0.9,0.9,0.9,0.9,0.9,0.9,0.9,0.9,0.9,0.9,0.9,0.9
55,1.8333333333333333,0.47779796,0.21810366,0.00041381933,0.95,0.4874809,0.20778836,0.0038321333,0.95,0.5064107,0.21764372,0.0045956066,0.95,0.50231427,0.20884317,0.004575871,0.95,0.45876223,0.20407715,-0.00074870675,0.95,0.4618368,0.20870648,0.0032298532,0.95,0.4475185,0.20174439,0.009979017,0.95,0.5217132,0.22215275,-0.006411087,0.95,0.4310453,0.21479471,-0.0015565361,0.95,0.4820142,0.23463136,0.0027591058,0.95,0.4585846,0.23267141,-4.556197e-05,0.95,0.58514255,0.30969593,-0.003061677,0.95,0.37194115,0.30714375,-0.016151967,0.95,0.64314026,0.38059628,0.006558382,0.95,0.29481006,0.38582394,0.0015328511,0.95,0.6477891,0.41519257,0.010648538,0.95,0.33200303,0.42546925,-0.0048193205,0.95,0.6517506,0.423815,0.010377015,0.95,0.3291845,0.42575067,-0.0077324538,0.95,0.63529605,0.42147768,0.009571899,0.95,0.34403583,0.43061665,-0.02291281,0.95,0.642624,0.4231704,0.009116618,0.95,0.33734742,0.4338235,-0.002312116,0.95,0.5379939,0.49751943,0.012686981,0.95,0.40763575,0.49882925,-0.0007429206,0.95,0.5839775,0.6314796,0.009982197,0.95,0.3883047,0.6350067,0.0050171185,0.95,0.54395026,0.74627924,0.37684152,0.95,0.40666285,0.7497918,0.25823802,0.95,0.53315884,0.74972075,0.4226322,0.95,0.43644848,0.7568299,0.2844711,0.95,0.56237906,0.8171405,0.1999248,0.95,0.40496948,0.8146292,0.100335084,0.95,0.9,0.9,0.9,0.9,0.9,0.9,0.9,0.9,0.9,0.9,0.9,0.9,0.9,0.9,0.9,0.9,0.9,0.9,0.9,0.9,0.9,0.9,0.9,0.9,0.9,0.9,0.9,0.9,0.9,0.9,0.9,0.9,0.9
56,1.8666666666666667,0.4777981,0.21810359,0.00041405403,0.95,0.48748115,0.20778854,0.0038320662,0.95,0.50641066,0.21764372,0.004595413,0.95,0.5023144,0.20884338,0.0045759045,0.95,0.45876235,0.20407724,-0.0007487403,0.95,0.46183655,0.20870683,0.0032298085,0.95,0.4475183,0.20174459,0.009978948,0.95,0.5217133,0.22215262,-0.006410837,0.95,0.43104553,0.21479505,-0.0015566497,0.95,0.48201463,0.23463143,0.0027588673,0.95,0.45858505,0.23267138,-4.590097e-05,0.95,0.585143,0.30969572,-0.0030620869,0.95,0.371941,0.30714372,-0.016151989,0.95,0.64314085,0.3805968,0.006558952,0.95,0.2948104,0.38582423,0.001532676,0.95,0.64778984,0.4151931,0.010648881,0.95,0.33200264,0.42546955,-0.004819462,0.95,0.6517508,0.42381594,0.010376866,0.95,0.32918435,0.42575067,-0.0077326586,0.95,0.6352966,0.4214782,0.009571768,0.95,0.34403569,0.43061683,-0.022912541,0.95,0.64262426,0.42317098,0.009116365,0.95,0.33734715,0.43382373,-0.0023122353,0.95,0.5379939,0.49751952,0.012687057,0.95,0.407636,0.49882936,-0.0007429318,0.95,0.58397746,0.6314796,0.0099823475,0.95,0.38830513,0.63500684,0.005016856,0.95,0.5439506,0.7462791,0.37684307,0.95,0.40666294,0.74979174,0.25823933,0.95,0.5331587,0.7497206,0.4226335,0.95,0.43644878,0.7568301,0.2844726,0.95,0.5623795,0.81714046,0.19992532,0.95,0.40496954,0.8146296,0.100335546,0.95,0.9,0.9,0.9,0.9,0.9,0.9,0.9,0.9,0.9,0.9,0.9,0.9,0.9,0.9,0.9,0.9,0.9,0.9,0.9,0.9,0.9,0.9,0.9,0.9,0.9,0.9,0.9,0.9,0.9,0.9,0.9,0.9,0.9
57,1.9,0.47779822,0.21810362,0.00041428127,0.95,0.4874814,0.20778869,0.0038319917,0.95,0.5064106,0.2176437,0.0045952452,0.95,0.5023145,0.2088435,0.004575923,0.95,0.45876244,0.20407735,-0.0007487477,0.95,0.46183634,0.20870715,0.0032297526,0.95,0.44751808,0.20174459,0.009978883,0.95,0.52171344,0.22215252,-0.006410584,0.95,0.43104577,0.21479528,-0.0015567689,0.95,0.482015,0.23463142,0.0027586364,0.95,0.45858544,0.23267135,-4.6225072e-05,0.95,0.5851435,0.3096955,-0.0030624594,0.95,0.37194082,0.30714378,-0.016151996,0.95,0.6431414,0.38059726,0.006559492,0.95,0.29481068,0.38582453,0.0015325382,0.95,0.6477905,0.41519362,0.010649213,0.95,0.33200225,0.42546982,-0.004819596,0.95,0.65175104,0.42381677,0.010376769,0.95,0.3291842,0.4257507,-0.0077328263,0.95,0.635297,0.42147872,0.009571616,0.95,0.34403554,0.43061697,-0.022912303,0.95,0.64262456,0.42317155,0.009116119,0.95,0.33734694,0.43382397,-0.0023123322,0.95,0.5379939,0.49751964,0.012687122,0.95,0.40763623,0.49882942,-0.0007429504,0.95,0.5839774,0.6314796,0.009982498,0.95,0.38830552,0.6350069,0.0050166156,0.95,0.5439509,0.746279,0.3768445,0.95,0.406663,0.74979174,0.25824058,0.95,0.5331586,0.74972045,0.42263472,0.95,0.43644905,0.75683016,0.28447396,0.95,0.5623799,0.8171404,0.19992578,0.95,0.40496963,0.81463,0.100335985,0.95,0.9,0.9,0.9,0.9,0.9,0.9,0.9,0.9,0.9,0.9,0.9,0.9,0.9,0.9,0.9,0.9,0.9,0.9,0.9,0.9,0.9,0.9,0.9,0.9,0.9,0.9,0.9,0.9,0.9,0.9,0.9,0.9,0.9
58,1.9333333333333333,0.47779834,0.21810356,0.00041449734,0.95,0.48748156,0.20778878,0.0038319414,0.95,0.5064105,0.21764363,0.0045950683,0.95,0.50231457,0.2088437,0.00457594,0.95,0.45876253,0.20407748,-0.00074876077,0.95,0.4618361,0.2087075,0.0032297154,0.95,0.44751787,0.20174466,0.009978812,0.95,0.52171355,0.22215241,-0.0064103417,0.95,0.431046,0.21479557,-0.0015568527,0.95,0.48201537,0.23463146,0.0027584315,0.95,0.4585858,0.2326713,-4.6508194e-05,0.95,0.58514386,0.3096953,-0.0030628282,0.95,0.3719407,0.30714378,-0.016152011,0.95,0.6431419,0.38059762,0.00656001,0.95,0.29481098,0.38582477,0.0015324078,0.95,0.6477911,0.41519406,0.010649507,0.95,0.3320019,0.42547005,-0.0048196856,0.95,0.65175116,0.42381755,0.010376642,0.95,0.32918406,0.42575073,-0.007732979,0.95,0.6352974,0.4214792,0.009571496,0.95,0.34403542,0.43061712,-0.022912057,0.95,0.64262474,0.4231721,0.009115906,0.95,0.33734676,0.43382415,-0.0023124365,0.95,0.53799397,0.49751973,0.012687206,0.95,0.40763643,0.49882948,-0.0007429616,0.95,0.58397734,0.63147956,0.009982623,0.95,0.38830587,0.635007,0.005016409,0.95,0.5439512,0.7462788,0.37684578,0.95,0.4066631,0.74979174,0.25824168,0.95,0.53315854,0.74972034,0.4226359,0.95,0.43644926,0.7568303,0.2844752,0.95,0.5623803,0.81714034,0.19992624,0.95,0.4049697,0.8146303,0.10033639,0.95,0.9,0.9,0.9,0.9,0.9,0.9,0.9,0.9,0.9,0.9,0.9,0.9,0.9,0.9,0.9,0.9,0.9,0.9,0.9,0.9,0.9,0.9,0.9,0.9,0.9,0.9,0.9,0.9,0.9,0.9,0.9,0.9,0.9
59,1.9666666666666666,0.47779843,0.21810347,0.00041467615,0.95,0.48748177,0.2077889,0.0038318967,0.95,0.5064104,0.21764363,0.004594921,0.95,0.5023147,0.20884381,0.004575951,0.95,0.45876262,0.20407759,-0.00074876077,0.95,0.4618359,0.20870778,0.003229693,0.95,0.4475177,0.20174472,0.009978756,0.95,0.5217136,0.22215228,-0.0064101554,0.95,0.4310462,0.2147958,-0.0015569403,0.95,0.4820157,0.2346315,0.0027582303,0.95,0.45858613,0.23267128,-4.6798767e-05,0.95,0.5851443,0.30969512,-0.003063156,0.95,0.37194058,0.3071438,-0.016152004,0.95,0.6431424,0.38059804,0.006560472,0.95,0.29481122,0.385825,0.0015322923,0.95,0.6477916,0.41519448,0.0106497975,0.95,0.33200157,0.42547026,-0.0048197675,0.95,0.6517514,0.42381823,0.010376516,0.95,0.32918394,0.42575073,-0.007733117,0.95,0.6352978,0.4214796,0.009571388,0.95,0.34403527,0.43061724,-0.022911834,0.95,0.6426249,0.42317256,0.009115713,0.95,0.33734655,0.43382433,-0.0023125296,0.95,0.53799397,0.4975198,0.012687258,0.95,0.40763667,0.49882954,-0.0007429616,0.95,0.5839773,0.63147956,0.009982748,0.95,0.38830623,0.63500714,0.0050162077,0.95,0.54395145,0.7462787,0.3768471,0.95,0.40666312,0.7497917,0.2582427,0.95,0.5331584,0.7497203,0.4226369,0.95,0.4364495,0.7568304,0.28447637,0.95,0.5623806,0.8171402,0.19992666,0.95,0.40496972,0.8146306,0.10033677,0.95,0.9,0.9,0.9,0.9,0.9,0.9,0.9,0.9,0.9,0.9,0.9,0.9,0.9,0.9,0.9,0.9,0.9,0.9,0.9,0.9,0.9,0.9,0.9,0.9,0.9,0.9,0.9,0.9,0.9,0.9,0.9,0.9,0.9
60,2.0,0.47779852,0.21810344,0.0004148587,0.95,0.48748192,0.20778896,0.0038318464,0.95,0.50641036,0.2176436,0.0045947796,0.95,0.50231475,0.20884393,0.004575968,0.95,0.4587627,0.20407765,-0.00074875145,0.95,0.4618357,0.20870805,0.0032296372,0.95,0.4475175,0.20174475,0.009978719,0.95,0.52171373,0.22215219,-0.006409943,0.95,0.4310464,0.214796,-0.001557026,0.95,0.482016,0.23463155,0.0027580478,0.95,0.45858642,0.23267126,-4.704836e-05,0.95,0.58514464,0.30969492,-0.0030634243,0.95,0.3719405,0.3071438,-0.016151996,0.95,0.6431429,0.38059837,0.006560941,0.95,0.2948115,0.38582522,0.0015321918,0.95,0.64779216,0.41519487,0.010650047,0.95,0.33200127,0.42547044,-0.004819868,0.95,0.6517515,0.4238189,0.010376445,0.95,0.3291838,0.42575076,-0.007733225,0.95,0.63529813,0.42148003,0.009571306,0.95,0.34403515,0.43061736,-0.022911618,0.95,0.6426251,0.423173,0.009115538,0.95,0.3373464,0.4338245,-0.0023126004,0.95,0.53799397,0.49751988,0.012687327,0.95,0.40763682,0.49882963,-0.0007429653,0.95,0.5839772,0.63147956,0.00998286,0.95,0.38830656,0.6350072,0.005016029,0.95,0.5439517,0.7462786,0.37684822,0.95,0.4066632,0.7497917,0.25824362,0.95,0.53315836,0.74972016,0.4226379,0.95,0.4364497,0.75683045,0.28447747,0.95,0.56238097,0.81714016,0.199927,0.95,0.40496975,0.8146309,0.10033712,0.95,0.9,0.9,0.9,0.9,0.9,0.9,0.9,0.9,0.9,0.9,0.9,0.9,0.9,0.9,0.9,0.9,0.9,0.9,0.9,0.9,0.9,0.9,0.9,0.9,0.9,0.9,0.9,0.9,0.9,0.9,0.9,0.9,0.9
61,2.033333333333333,0.4777986,0.21810341,0.00041501143,0.95,0.48748207,0.2077891,0.003831811,0.95,0.5064103,0.21764357,0.0045946455,0.95,0.5023148,0.20884399,0.0045759976,0.95,0.45876276,0.20407772,-0.0007487589,0.95,0.46183553,0.2087083,0.003229626,0.95,0.44751737,0.20174482,0.0099786725,0.95,0.5217138,0.22215214,-0.0064097643,0.95,0.43104658,0.21479622,-0.0015571004,0.95,0.48201627,0.23463161,0.002757895,0.95,0.45858672,0.23267125,-4.728678e-05,0.95,0.585145,0.30969477,-0.003063711,0.95,0.37194037,0.3071438,-0.016151974,0.95,0.64314324,0.3805987,0.006561336,0.95,0.2948117,0.38582543,0.0015320763,0.95,0.6477925,0.41519523,0.010650289,0.95,0.332001,0.42547062,-0.0048199315,0.95,0.65175164,0.42381948,0.010376337,0.95,0.32918367,0.4257508,-0.007733344,0.95,0.6352985,0.4214804,0.009571191,0.95,0.34403503,0.43061748,-0.022911409,0.95,0.64262533,0.4231734,0.00911537,0.95,0.33734626,0.43382466,-0.0023126674,0.95,0.53799397,0.49751994,0.0126873795,0.95,0.40763703,0.49882966,-0.0007429653,0.95,0.58397716,0.63147956,0.009982973,0.95,0.38830683,0.63500726,0.0050158575,0.95,0.5439519,0.7462785,0.37684917,0.95,0.40666327,0.7497917,0.2582445,0.95,0.5331583,0.7497201,0.4226388,0.95,0.4364499,0.7568305,0.28447843,0.95,0.56238127,0.8171401,0.19992733,0.95,0.4049698,0.81463116,0.10033745,0.95,0.9,0.9,0.9,0.9,0.9,0.9,0.9,0.9,0.9,0.9,0.9,0.9,0.9,0.9,0.9,0.9,0.9,0.9,0.9,0.9,0.9,0.9,0.9,0.9,0.9,0.9,0.9,0.9,0.9,0.9,0.9,0.9,0.9
62,2.066666666666667,0.47779867,0.2181034,0.00041516416,0.95,0.4874822,0.20778918,0.0038317738,0.95,0.5064103,0.21764357,0.0045945356,0.95,0.5023149,0.20884411,0.004576007,0.95,0.45876282,0.2040778,-0.00074876635,0.95,0.46183538,0.20870848,0.0032295757,0.95,0.44751722,0.20174493,0.009978635,0.95,0.52171385,0.22215204,-0.0064095855,0.95,0.43104672,0.2147964,-0.0015571619,0.95,0.48201653,0.23463163,0.0027577404,0.95,0.458587,0.23267122,-4.7502846e-05,0.95,0.5851453,0.30969462,-0.003063957,0.95,0.37194028,0.30714384,-0.01615196,0.95,0.64314365,0.38059902,0.0065616863,0.95,0.29481193,0.3858256,0.0015320055,0.95,0.64779294,0.41519558,0.01065052,0.95,0.33200073,0.4254708,-0.0048200283,0.95,0.65175176,0.42382002,0.010376281,0.95,0.32918358,0.4257508,-0.007733437,0.95,0.63529885,0.42148072,0.009571105,0.95,0.3440349,0.43061757,-0.022911223,0.95,0.6426255,0.4231738,0.009115247,0.95,0.33734614,0.43382478,-0.0023127345,0.95,0.53799397,0.49752003,0.012687428,0.95,0.40763715,0.49882972,-0.00074295414,0.95,0.5839771,0.63147956,0.009983078,0.95,0.3883071,0.6350074,0.005015718,0.95,0.54395217,0.7462784,0.37685007,0.95,0.40666333,0.7497916,0.25824538,0.95,0.53315824,0.74972,0.42263952,0.95,0.43645006,0.75683063,0.28447935,0.95,0.56238157,0.81714004,0.19992769,0.95,0.4049698,0.81463146,0.10033777,0.95,0.9,0.9,0.9,0.9,0.9,0.9,0.9,0.9,0.9,0.9,0.9,0.9,0.9,0.9,0.9,0.9,0.9,0.9,0.9,0.9,0.9,0.9,0.9,0.9,0.9,0.9,0.9,0.9,0.9,0.9,0.9,0.9,0.9
63,2.1,0.47779873,0.21810335,0.00041529455,0.95,0.4874823,0.20778927,0.0038317384,0.95,0.50641024,0.21764354,0.0045944294,0.95,0.502315,0.2088442,0.0045760088,0.95,0.4587629,0.20407793,-0.0007487999,0.95,0.46183524,0.20870867,0.0032295366,0.95,0.44751707,0.20174491,0.009978589,0.95,0.5217139,0.22215198,-0.006409418,0.95,0.43104687,0.21479659,-0.0015572364,0.95,0.48201677,0.23463169,0.0027576082,0.95,0.45858723,0.23267122,-4.768166e-05,0.95,0.5851456,0.30969447,-0.0030641693,0.95,0.3719402,0.30714384,-0.016151974,0.95,0.643144,0.38059926,0.006562029,0.95,0.29481217,0.38582578,0.0015319198,0.95,0.6477933,0.41519588,0.010650747,0.95,0.33200046,0.42547095,-0.004820062,0.95,0.65175194,0.42382056,0.01037624,0.95,0.32918355,0.4257508,-0.0077335266,0.95,0.6352991,0.42148104,0.009571005,0.95,0.34403482,0.43061766,-0.022911059,0.95,0.64262563,0.42317414,0.009115117,0.95,0.33734596,0.4338249,-0.0023127866,0.95,0.53799397,0.4975201,0.01268748,0.95,0.4076373,0.49882978,-0.0007429653,0.95,0.5839771,0.63147956,0.0099831745,0.95,0.38830733,0.63500744,0.0050155763,0.95,0.54395235,0.74627835,0.37685087,0.95,0.40666336,0.7497916,0.2582461,0.95,0.5331582,0.7497199,0.4226403,0.95,0.4364502,0.7568307,0.28448018,0.95,0.5623818,0.81714004,0.19992805,0.95,0.40496987,0.8146317,0.10033805,0.95,0.9,0.9,0.9,0.9,0.9,0.9,0.9,0.9,0.9,0.9,0.9,0.9,0.9,0.9,0.9,0.9,0.9,0.9,0.9,0.9,0.9,0.9,0.9,0.9,0.9,0.9,0.9,0.9,0.9,0.9,0.9,0.9,0.9
64,2.1333333333333333,0.4777988,0.2181033,0.00041543238,0.95,0.48748243,0.20778932,0.0038317142,0.95,0.5064102,0.21764356,0.0045943363,0.95,0.502315,0.20884429,0.004576031,0.95,0.45876297,0.20407797,-0.0007487999,0.95,0.4618351,0.20870888,0.0032295366,0.95,0.44751695,0.20174505,0.009978551,0.95,0.521714,0.22215192,-0.0064092875,0.95,0.43104702,0.21479675,-0.0015572811,0.95,0.48201698,0.23463172,0.0027574797,0.95,0.45858744,0.23267119,-4.785675e-05,0.95,0.58514583,0.30969435,-0.0030643966,0.95,0.3719401,0.30714387,-0.016151974,0.95,0.6431443,0.38059953,0.006562342,0.95,0.2948123,0.38582593,0.001531849,0.95,0.6477937,0.41519618,0.010650937,0.95,0.33200026,0.4254711,-0.004820144,0.95,0.651752,0.423821,0.010376173,0.95,0.32918343,0.42575082,-0.007733616,0.95,0.6352993,0.4214813,0.009570941,0.95,0.34403473,0.43061775,-0.022910895,0.95,0.64262575,0.42317447,0.009114979,0.95,0.33734584,0.43382502,-0.0023128313,0.95,0.53799397,0.49752015,0.012687519,0.95,0.40763745,0.4988298,-0.0007429467,0.95,0.58397704,0.63147956,0.009983258,0.95,0.38830757,0.6350075,0.0050154496,0.95,0.5439525,0.7462782,0.37685162,0.95,0.40666342,0.7497916,0.2582468,0.95,0.5331581,0.74971986,0.42264098,0.95,0.43645036,0.75683075,0.28448096,0.95,0.56238204,0.8171399,0.1999283,0.95,0.4049699,0.8146319,0.10033832,0.95,0.9,0.9,0.9,0.9,0.9,0.9,0.9,0.9,0.9,0.9,0.9,0.9,0.9,0.9,0.9,0.9,0.9,0.9,0.9,0.9,0.9,0.9,0.9,0.9,0.9,0.9,0.9,0.9,0.9,0.9,0.9,0.9,0.9
65,2.1666666666666665,0.47779885,0.21810329,0.0004155516,0.95,0.48748255,0.20778942,0.0038316825,0.95,0.5064102,0.21764353,0.004594217,0.95,0.50231504,0.2088444,0.0045760404,0.95,0.458763,0.20407805,-0.0007488036,0.95,0.46183494,0.20870908,0.0032295105,0.95,0.44751683,0.2017451,0.009978516,0.95,0.52171403,0.22215183,-0.006409161,0.95,0.43104714,0.21479692,-0.0015573463,0.95,0.48201716,0.23463172,0.0027573567,0.95,0.45858765,0.2326712,-4.8031838e-05,0.95,0.58514607,0.30969423,-0.0030645977,0.95,0.37194008,0.3071439,-0.016151944,0.95,0.6431446,0.38059977,0.0065626362,0.95,0.29481244,0.38582608,0.0015317745,0.95,0.64779395,0.41519645,0.0106511125,0.95,0.33200005,0.42547122,-0.0048201997,0.95,0.6517521,0.42382145,0.010376095,0.95,0.32918334,0.42575085,-0.007733683,0.95,0.63529956,0.42148158,0.009570885,0.95,0.34403464,0.43061784,-0.022910738,0.95,0.64262587,0.42317474,0.0091148745,0.95,0.33734575,0.4338251,-0.0023128537,0.95,0.53799397,0.49752018,0.0126875695,0.95,0.40763757,0.49882987,-0.0007429504,0.95,0.583977,0.6314795,0.009983337,0.95,0.38830778,0.63500756,0.0050153434,0.95,0.5439527,0.74627817,0.37685248,0.95,0.40666348,0.7497916,0.25824744,0.95,0.53315806,0.7497198,0.42264166,0.95,0.4364505,0.7568308,0.28448164,0.95,0.5623823,0.8171399,0.19992857,0.95,0.4049699,0.8146321,0.10033857,0.95,0.9,0.9,0.9,0.9,0.9,0.9,0.9,0.9,0.9,0.9,0.9,0.9,0.9,0.9,0.9,0.9,0.9,0.9,0.9,0.9,0.9,0.9,0.9,0.9,0.9,0.9,0.9,0.9,0.9,0.9,0.9,0.9,0.9
66,2.2,0.47779888,0.21810326,0.0004156559,0.95,0.48748264,0.2077895,0.0038316657,0.95,0.5064101,0.2176435,0.0045941444,0.95,0.5023151,0.20884447,0.004576063,0.95,0.45876306,0.2040781,-0.000748798,0.95,0.46183482,0.20870924,0.003229516,0.95,0.4475167,0.20174514,0.009978486,0.95,0.5217141,0.22215179,-0.006409023,0.95,0.43104726,0.21479706,-0.0015573836,0.95,0.48201737,0.23463175,0.002757243,0.95,0.45858783,0.23267114,-4.818085e-05,0.95,0.58514625,0.30969414,-0.0030647616,0.95,0.37194,0.30714387,-0.016151937,0.95,0.6431449,0.38059998,0.006562912,0.95,0.2948126,0.38582623,0.0015317112,0.95,0.64779425,0.4151967,0.010651276,0.95,0.33199984,0.42547134,-0.004820207,0.95,0.6517522,0.42382184,0.010376054,0.95,0.32918328,0.42575085,-0.007733739,0.95,0.63529974,0.42148185,0.009570811,0.95,0.34403455,0.4306179,-0.022910574,0.95,0.642626,0.423175,0.009114763,0.95,0.33734563,0.43382522,-0.0023129059,0.95,0.5379939,0.49752024,0.012687601,0.95,0.40763766,0.4988299,-0.0007429504,0.95,0.5839769,0.6314795,0.009983409,0.95,0.388308,0.6350076,0.00501523,0.95,0.5439528,0.7462781,0.37685308,0.95,0.4066635,0.74979156,0.25824806,0.95,0.533158,0.74971974,0.42264217,0.95,0.43645063,0.7568309,0.2844823,0.95,0.56238246,0.81713986,0.1999288,0.95,0.40496996,0.8146323,0.100338794,0.95,0.9,0.9,0.9,0.9,0.9,0.9,0.9,0.9,0.9,0.9,0.9,0.9,0.9,0.9,0.9,0.9,0.9,0.9,0.9,0.9,0.9,0.9,0.9,0.9,0.9,0.9,0.9,0.9,0.9,0.9,0.9,0.9,0.9
67,2.2333333333333334,0.47779894,0.21810322,0.00041577884,0.95,0.48748273,0.20778954,0.0038316415,0.95,0.50641006,0.21764348,0.0045940755,0.95,0.5023151,0.20884459,0.0045760646,0.95,0.4587631,0.20407812,-0.0007488148,0.95,0.46183473,0.20870946,0.0032294937,0.95,0.44751662,0.20174518,0.009978466,0.95,0.5217141,0.22215173,-0.0064089336,0.95,0.43104738,0.21479714,-0.0015574394,0.95,0.48201752,0.23463178,0.0027571463,0.95,0.458588,0.23267111,-4.8326136e-05,0.95,0.5851465,0.30969402,-0.003064933,0.95,0.37193996,0.3071439,-0.016151892,0.95,0.6431452,0.38060015,0.0065631615,0.95,0.29481274,0.38582635,0.0015316814,0.95,0.6477944,0.4151969,0.010651418,0.95,0.33199966,0.42547143,-0.0048202667,0.95,0.6517523,0.42382222,0.010376005,0.95,0.3291832,0.42575088,-0.007733821,0.95,0.6352999,0.4214821,0.009570777,0.95,0.3440345,0.43061796,-0.02291044,0.95,0.6426261,0.42317528,0.009114688,0.95,0.33734557,0.43382528,-0.0023129357,0.95,0.5379939,0.49752027,0.012687638,0.95,0.40763777,0.49882993,-0.0007429318,0.95,0.5839769,0.6314795,0.009983456,0.95,0.38830817,0.6350077,0.0050151236,0.95,0.54395294,0.74627805,0.37685367,0.95,0.40666354,0.74979156,0.25824857,0.95,0.533158,0.7497197,0.42264265,0.95,0.43645072,0.7568309,0.2844829,0.95,0.56238264,0.8171398,0.199929,0.95,0.40496996,0.8146325,0.10033902,0.95,0.9,0.9,0.9,0.9,0.9,0.9,0.9,0.9,0.9,0.9,0.9,0.9,0.9,0.9,0.9,0.9,0.9,0.9,0.9,0.9,0.9,0.9,0.9,0.9,0.9,0.9,0.9,0.9,0.9,0.9,0.9,0.9,0.9
68,2.2666666666666666,0.47779897,0.21810322,0.00041587197,0.95,0.48748282,0.20778958,0.0038316248,0.95,0.50641006,0.21764347,0.004593999,0.95,0.50231516,0.20884462,0.004576089,0.95,0.45876315,0.20407815,-0.00074881664,0.95,0.4618346,0.20870957,0.003229477,0.95,0.44751656,0.20174518,0.009978438,0.95,0.52171415,0.2221517,-0.006408822,0.95,0.43104747,0.21479727,-0.001557486,0.95,0.48201767,0.23463176,0.0027570587,0.95,0.45858815,0.2326711,-4.845652e-05,0.95,0.58514667,0.30969396,-0.0030650783,0.95,0.3719399,0.3071439,-0.016151892,0.95,0.64314544,0.38060033,0.0065634036,0.95,0.29481286,0.38582644,0.0015316255,0.95,0.6477947,0.4151971,0.010651567,0.95,0.33199948,0.4254715,-0.004820293,0.95,0.6517524,0.42382252,0.010375957,0.95,0.32918313,0.4257509,-0.0077338656,0.95,0.6353001,0.42148226,0.009570729,0.95,0.34403443,0.43061802,-0.022910314,0.95,0.64262617,0.42317548,0.009114588,0.95,0.33734548,0.43382537,-0.0023129655,0.95,0.5379939,0.49752033,0.012687668,0.95,0.40763786,0.49883,-0.00074293924,0.95,0.58397686,0.6314795,0.009983523,0.95,0.38830838,0.6350077,0.005015036,0.95,0.5439531,0.746278,0.37685424,0.95,0.4066636,0.74979156,0.2582491,0.95,0.53315794,0.7497196,0.42264324,0.95,0.43645084,0.75683093,0.28448346,0.95,0.5623828,0.8171398,0.19992924,0.95,0.40496996,0.8146326,0.100339204,0.95,0.9,0.9,0.9,0.9,0.9,0.9,0.9,0.9,0.9,0.9,0.9,0.9,0.9,0.9,0.9,0.9,0.9,0.9,0.9,0.9,0.9,0.9,0.9,0.9,0.9,0.9,0.9,0.9,0.9,0.9,0.9,0.9,0.9
69,2.3,0.477799,0.21810322,0.00041595392,0.95,0.48748288,0.20778963,0.003831608,0.95,0.50641,0.21764348,0.0045939228,0.95,0.50231516,0.20884472,0.0045760926,0.95,0.45876318,0.20407818,-0.0007488148,0.95,0.46183452,0.20870964,0.0032294826,0.95,0.44751647,0.20174521,0.0099784285,0.95,0.5217142,0.22215167,-0.0064087063,0.95,0.43104756,0.21479733,-0.0015575121,0.95,0.48201782,0.2346318,0.0027569693,0.95,0.4585883,0.23267108,-4.856828e-05,0.95,0.5851468,0.30969387,-0.0030652198,0.95,0.3719398,0.30714393,-0.016151877,0.95,0.64314556,0.38060048,0.0065636085,0.95,0.29481298,0.38582656,0.0015316032,0.95,0.6477949,0.41519728,0.010651694,0.95,0.33199933,0.42547163,-0.004820319,0.95,0.6517525,0.42382285,0.010375909,0.95,0.32918307,0.4257509,-0.007733914,0.95,0.6353003,0.42148247,0.009570673,0.95,0.34403434,0.43061808,-0.022910194,0.95,0.6426263,0.42317572,0.009114528,0.95,0.3373454,0.43382543,-0.002312999,0.95,0.5379939,0.49752036,0.012687705,0.95,0.40763795,0.49883002,-0.00074293924,0.95,0.58397686,0.6314795,0.009983581,0.95,0.3883085,0.63500774,0.0050149597,0.95,0.54395324,0.7462779,0.37685475,0.95,0.40666363,0.74979156,0.25824952,0.95,0.53315794,0.74971956,0.42264372,0.95,0.43645093,0.756831,0.28448397,0.95,0.562383,0.81713974,0.19992939,0.95,0.40497,0.8146328,0.10033938,0.95,0.9,0.9,0.9,0.9,0.9,0.9,0.9,0.9,0.9,0.9,0.9,0.9,0.9,0.9,0.9,0.9,0.9,0.9,0.9,0.9,0.9,0.9,0.9,0.9,0.9,0.9,0.9,0.9,0.9,0.9,0.9,0.9,0.9
70,2.3333333333333335,0.47779906,0.2181032,0.0004160247,0.95,0.48748294,0.20778967,0.0038315968,0.95,0.50641,0.21764347,0.0045938687,0.95,0.5023152,0.2088448,0.0045761056,0.95,0.4587632,0.20407821,-0.00074882037,0.95,0.46183443,0.20870979,0.003229449,0.95,0.44751638,0.20174527,0.009978393,0.95,0.5217142,0.2221516,-0.006408617,0.95,0.43104765,0.21479742,-0.0015575382,0.95,0.48201796,0.2346318,0.0027568892,0.95,0.45858842,0.23267108,-4.8691214e-05,0.95,0.58514696,0.30969378,-0.0030653465,0.95,0.37193975,0.30714393,-0.016151862,0.95,0.6431458,0.38060066,0.0065638134,0.95,0.2948131,0.38582665,0.001531551,0.95,0.64779514,0.41519746,0.010651817,0.95,0.33199918,0.4254717,-0.004820345,0.95,0.6517525,0.42382315,0.010375868,0.95,0.32918298,0.4257509,-0.007733966,0.95,0.63530046,0.42148262,0.009570617,0.95,0.34403428,0.4306181,-0.022910083,0.95,0.64262635,0.4231759,0.009114442,0.95,0.33734533,0.4338255,-0.002313025,0.95,0.5379939,0.4975204,0.012687724,0.95,0.40763804,0.49883005,-0.0007429318,0.95,0.5839768,0.6314795,0.009983644,0.95,0.38830864,0.6350078,0.0050148927,0.95,0.5439533,0.74627787,0.37685522,0.95,0.40666366,0.74979156,0.25824994,0.95,0.5331579,0.74971956,0.42264408,0.95,0.43645102,0.756831,0.28448448,0.95,0.5623831,0.81713974,0.19992955,0.95,0.40497,0.8146329,0.100339554,0.95,0.9,0.9,0.9,0.9,0.9,0.9,0.9,0.9,0.9,0.9,0.9,0.9,0.9,0.9,0.9,0.9,0.9,0.9,0.9,0.9,0.9,0.9,0.9,0.9,0.9,0.9,0.9,0.9,0.9,0.9,0.9,0.9,0.9
71,2.3666666666666667,0.4777991,0.21810319,0.00041610666,0.95,0.487483,0.20778975,0.003831582,0.95,0.50641,0.2176435,0.004593809,0.95,0.5023152,0.20884486,0.004576117,0.95,0.45876324,0.2040783,-0.00074881106,0.95,0.46183434,0.20870993,0.0032294546,0.95,0.44751632,0.2017453,0.00997838,0.95,0.52171427,0.22215158,-0.0064085275,0.95,0.43104774,0.21479754,-0.001557568,0.95,0.48201808,0.23463179,0.0027568166,0.95,0.45858854,0.23267107,-4.8791797e-05,0.95,0.58514714,0.3096937,-0.0030654583,0.95,0.37193972,0.3071439,-0.016151885,0.95,0.643146,0.38060078,0.0065639736,0.95,0.2948132,0.38582674,0.0015315063,0.95,0.64779526,0.41519764,0.010651936,0.95,0.33199903,0.42547178,-0.0048203785,0.95,0.65175253,0.4238234,0.010375838,0.95,0.32918295,0.42575094,-0.0077339998,0.95,0.6353006,0.4214828,0.00957058,0.95,0.34403425,0.43061817,-0.02291,0.95,0.6426264,0.42317608,0.0091143865,0.95,0.33734527,0.43382555,-0.00231304,0.95,0.5379939,0.49752042,0.012687758,0.95,0.4076381,0.49883008,-0.0007429318,0.95,0.5839768,0.6314795,0.00998369,0.95,0.38830876,0.6350078,0.0050148144,0.95,0.5439534,0.74627787,0.37685567,0.95,0.4066637,0.74979156,0.25825033,0.95,0.5331579,0.7497195,0.4226444,0.95,0.4364511,0.75683105,0.2844849,0.95,0.56238323,0.81713974,0.19992968,0.95,0.40497002,0.814633,0.10033971,0.95,0.9,0.9,0.9,0.9,0.9,0.9,0.9,0.9,0.9,0.9,0.9,0.9,0.9,0.9,0.9,0.9,0.9,0.9,0.9,0.9,0.9,0.9,0.9,0.9,0.9,0.9,0.9,0.9,0.9,0.9,0.9,0.9,0.9
72,2.4,0.4777991,0.2181032,0.00041616254,0.95,0.48748305,0.20778978,0.0038315745,0.95,0.50640994,0.2176435,0.0045937607,0.95,0.5023153,0.2088449,0.0045761205,0.95,0.45876327,0.20407836,-0.00074881664,0.95,0.46183428,0.20871001,0.0032294602,0.95,0.44751626,0.20174532,0.009978352,0.95,0.52171427,0.22215153,-0.0064084716,0.95,0.4310478,0.21479766,-0.0015576015,0.95,0.48201817,0.23463182,0.002756755,0.95,0.45858866,0.23267105,-4.8870028e-05,0.95,0.58514726,0.30969363,-0.0030655626,0.95,0.37193966,0.3071439,-0.01615187,0.95,0.64314616,0.38060093,0.006564171,0.95,0.29481328,0.38582683,0.001531469,0.95,0.64779544,0.4151978,0.010652036,0.95,0.3319989,0.42547184,-0.0048204158,0.95,0.65175265,0.42382365,0.01037583,0.95,0.3291829,0.42575094,-0.0077340147,0.95,0.6353007,0.42148295,0.009570546,0.95,0.3440342,0.4306182,-0.022909904,0.95,0.6426265,0.42317626,0.009114349,0.95,0.33734518,0.4338256,-0.0023130735,0.95,0.5379939,0.49752045,0.01268778,0.95,0.40763816,0.49883008,-0.0007429206,0.95,0.58397675,0.6314795,0.009983726,0.95,0.3883089,0.63500786,0.0050147586,0.95,0.5439535,0.7462778,0.37685603,0.95,0.40666372,0.74979156,0.25825068,0.95,0.5331578,0.74971944,0.42264473,0.95,0.43645117,0.75683105,0.28448528,0.95,0.5623834,0.8171397,0.19992988,0.95,0.40497002,0.81463313,0.10033986,0.95,0.9,0.9,0.9,0.9,0.9,0.9,0.9,0.9,0.9,0.9,0.9,0.9,0.9,0.9,0.9,0.9,0.9,0.9,0.9,0.9,0.9,0.9,0.9,0.9,0.9,0.9,0.9,0.9,0.9,0.9,0.9,0.9,0.9
73,2.433333333333333,0.47779912,0.21810317,0.00041621842,0.95,0.4874831,0.20778981,0.003831552,0.95,0.50640994,0.2176435,0.0045937197,0.95,0.5023153,0.20884496,0.0045761224,0.95,0.4587633,0.2040784,-0.0007488334,0.95,0.4618342,0.20871012,0.003229421,0.95,0.44751617,0.20174535,0.009978345,0.95,0.5217143,0.22215153,-0.0064084046,0.95,0.43104786,0.21479775,-0.0015576183,0.95,0.4820183,0.23463187,0.0027567067,0.95,0.45858875,0.23267105,-4.8974336e-05,0.95,0.5851474,0.3096936,-0.0030656855,0.95,0.3719396,0.30714393,-0.016151855,0.95,0.64314634,0.38060102,0.0065642977,0.95,0.29481333,0.3858269,0.0015314393,0.95,0.6477956,0.4151979,0.010652122,0.95,0.3319988,0.4254719,-0.004820423,0.95,0.6517527,0.42382383,0.010375789,0.95,0.32918286,0.42575094,-0.0077340705,0.95,0.6353008,0.42148307,0.009570524,0.95,0.34403417,0.43061826,-0.022909822,0.95,0.6426265,0.4231764,0.0091142785,0.95,0.33734515,0.43382567,-0.0023130772,0.95,0.5379939,0.49752048,0.012687802,0.95,0.40763825,0.49883014,-0.0007429169,0.95,0.58397675,0.6314795,0.009983763,0.95,0.38830903,0.63500786,0.005014697,0.95,0.5439536,0.74627775,0.37685642,0.95,0.40666372,0.74979156,0.258251,0.95,0.5331578,0.74971944,0.42264512,0.95,0.43645126,0.7568311,0.28448564,0.95,0.56238353,0.8171397,0.19993004,0.95,0.40497005,0.81463325,0.10033999,0.95,0.9,0.9,0.9,0.9,0.9,0.9,0.9,0.9,0.9,0.9,0.9,0.9,0.9,0.9,0.9,0.9,0.9,0.9,0.9,0.9,0.9,0.9,0.9,0.9,0.9,0.9,0.9,0.9,0.9,0.9,0.9,0.9,0.9
74,2.466666666666667,0.47779915,0.21810314,0.00041627802,0.95,0.48748314,0.20778985,0.003831552,0.95,0.50640994,0.21764347,0.0045936676,0.95,0.5023153,0.20884499,0.004576139,0.95,0.45876333,0.2040784,-0.0007488092,0.95,0.46183413,0.20871018,0.0032294323,0.95,0.4475161,0.20174535,0.0099783335,0.95,0.5217143,0.2221515,-0.00640833,0.95,0.43104792,0.21479778,-0.0015576518,0.95,0.48201838,0.23463187,0.0027566452,0.95,0.45858884,0.23267105,-4.904139e-05,0.95,0.5851475,0.30969352,-0.0030657712,0.95,0.3719396,0.30714396,-0.016151862,0.95,0.64314646,0.38060114,0.0065644355,0.95,0.2948134,0.38582695,0.0015314244,0.95,0.6477958,0.41519806,0.0106522115,0.95,0.3319987,0.42547196,-0.004820442,0.95,0.6517527,0.42382404,0.010375741,0.95,0.32918286,0.42575097,-0.0077341227,0.95,0.63530093,0.4214832,0.009570494,0.95,0.3440341,0.4306183,-0.022909747,0.95,0.6426266,0.42317656,0.009114241,0.95,0.3373451,0.4338257,-0.0023130958,0.95,0.5379939,0.4975205,0.012687825,0.95,0.40763828,0.49883017,-0.0007429057,0.95,0.5839767,0.6314795,0.009983804,0.95,0.38830912,0.6350079,0.0050146393,0.95,0.54395366,0.7462777,0.37685674,0.95,0.40666375,0.74979156,0.2582513,0.95,0.53315777,0.7497194,0.4226454,0.95,0.43645132,0.7568311,0.28448597,0.95,0.5623836,0.8171397,0.19993013,0.95,0.40497005,0.8146333,0.10034011,0.95,0.9,0.9,0.9,0.9,0.9,0.9,0.9,0.9,0.9,0.9,0.9,0.9,0.9,0.9,0.9,0.9,0.9,0.9,0.9,0.9,0.9,0.9,0.9,0.9,0.9,0.9,0.9,0.9,0.9,0.9,0.9,0.9,0.9
75,2.5,0.47779915,0.21810314,0.00041634135,0.95,0.4874832,0.20778987,0.0038315298,0.95,0.5064099,0.21764347,0.0045936396,0.95,0.5023153,0.20884499,0.004576139,0.95,0.45876336,0.20407845,-0.0007488278,0.95,0.46183407,0.20871027,0.003229421,0.95,0.44751608,0.20174538,0.009978302,0.95,0.5217143,0.22215147,-0.0064082667,0.95,0.43104798,0.21479784,-0.0015576648,0.95,0.48201847,0.2346319,0.0027566005,0.95,0.45858893,0.23267104,-4.9119622e-05,0.95,0.5851476,0.30969346,-0.0030658233,0.95,0.37193954,0.30714396,-0.016151855,0.95,0.6431466,0.38060126,0.006564562,0.95,0.2948135,0.38582703,0.0015313983,0.95,0.6477959,0.41519818,0.010652297,0.95,0.33199862,0.42547202,-0.0048204716,0.95,0.65175277,0.42382425,0.010375722,0.95,0.3291828,0.42575097,-0.0077341488,0.95,0.635301,0.4214833,0.0095704645,0.95,0.34403408,0.43061832,-0.02290968,0.95,0.64262664,0.42317668,0.009114182,0.95,0.33734506,0.43382576,-0.0023131145,0.95,0.5379939,0.49752054,0.01268784,0.95,0.40763837,0.49883017,-0.000742902,0.95,0.5839767,0.6314795,0.009983843,0.95,0.38830924,0.6350079,0.005014593,0.95,0.5439537,0.7462777,0.37685707,0.95,0.40666378,0.74979156,0.2582516,0.95,0.53315777,0.7497194,0.42264566,0.95,0.43645138,0.75683117,0.2844863,0.95,0.5623837,0.8171397,0.19993022,0.95,0.40497008,0.8146334,0.100340225,0.95,0.9,0.9,0.9,0.9,0.9,0.9,0.9,0.9,0.9,0.9,0.9,0.9,0.9,0.9,0.9,0.9,0.9,0.9,0.9,0.9,0.9,0.9,0.9,0.9,0.9,0.9,0.9,0.9,0.9,0.9,0.9,0.9,0.9
76,2.533333333333333,0.47779918,0.21810311,0.0004163786,0.95,0.48748323,0.20778987,0.0038315242,0.95,0.5064099,0.21764345,0.0045936024,0.95,0.50231534,0.20884506,0.004576143,0.95,0.45876336,0.20407847,-0.0007488502,0.95,0.461834,0.20871034,0.0032294323,0.95,0.44751602,0.20174542,0.009978296,0.95,0.5217143,0.22215146,-0.006408211,0.95,0.43104804,0.21479788,-0.0015576741,0.95,0.48201856,0.2346319,0.0027565558,0.95,0.45858902,0.23267104,-4.9182952e-05,0.95,0.5851477,0.3096934,-0.0030659128,0.95,0.3719395,0.307144,-0.016151877,0.95,0.6431467,0.38060135,0.0065646963,0.95,0.29481357,0.3858271,0.0015313647,0.95,0.64779603,0.41519827,0.010652368,0.95,0.3319985,0.42547208,-0.0048204716,0.95,0.65175277,0.42382443,0.010375704,0.95,0.32918274,0.425751,-0.007734156,0.95,0.6353011,0.42148343,0.009570435,0.95,0.34403402,0.43061835,-0.022909606,0.95,0.6426267,0.4231768,0.009114159,0.95,0.337345,0.4338258,-0.0023131182,0.95,0.5379939,0.49752057,0.012687862,0.95,0.4076384,0.4988302,-0.0007429057,0.95,0.5839767,0.6314795,0.009983873,0.95,0.38830933,0.635008,0.005014548,0.95,0.5439538,0.74627763,0.37685737,0.95,0.40666378,0.7497915,0.25825188,0.95,0.53315777,0.7497193,0.4226459,0.95,0.43645144,0.75683117,0.28448662,0.95,0.56238383,0.8171396,0.19993033,0.95,0.40497008,0.8146335,0.10034033,0.95,0.9,0.9,0.9,0.9,0.9,0.9,0.9,0.9,0.9,0.9,0.9,0.9,0.9,0.9,0.9,0.9,0.9,0.9,0.9,0.9,0.9,0.9,0.9,0.9,0.9,0.9,0.9,0.9,0.9,0.9,0.9,0.9,0.9
77,2.566666666666667,0.4777992,0.21810311,0.00041642704,0.95,0.48748326,0.20778991,0.0038315167,0.95,0.5064099,0.21764345,0.004593556,0.95,0.50231534,0.2088451,0.0045761485,0.95,0.4587634,0.20407853,-0.00074887066,0.95,0.46183395,0.20871036,0.0032294323,0.95,0.447516,0.2017454,0.009978281,0.95,0.5217144,0.22215146,-0.0064081624,0.95,0.4310481,0.21479793,-0.001557704,0.95,0.48201862,0.23463188,0.0027565074,0.95,0.45858908,0.23267102,-4.9246282e-05,0.95,0.58514774,0.30969337,-0.0030659798,0.95,0.3719395,0.307144,-0.016151855,0.95,0.6431468,0.38060144,0.006564823,0.95,0.2948136,0.38582715,0.0015313647,0.95,0.64779615,0.41519836,0.010652442,0.95,0.33199844,0.4254721,-0.004820483,0.95,0.6517528,0.42382458,0.0103756925,0.95,0.3291827,0.425751,-0.007734186,0.95,0.6353011,0.42148352,0.0095704235,0.95,0.344034,0.43061838,-0.022909531,0.95,0.6426267,0.42317688,0.0091141,0.95,0.337345,0.43382582,-0.0023131368,0.95,0.5379939,0.49752057,0.012687875,0.95,0.40763846,0.4988302,-0.0007429057,0.95,0.5839766,0.6314795,0.0099839065,0.95,0.38830942,0.635008,0.0050145164,0.95,0.54395384,0.74627763,0.37685764,0.95,0.4066638,0.7497915,0.2582521,0.95,0.53315777,0.7497193,0.42264616,0.95,0.43645146,0.75683117,0.28448683,0.95,0.5623839,0.8171396,0.19993049,0.95,0.40497008,0.81463355,0.100340426,0.95,0.9,0.9,0.9,0.9,0.9,0.9,0.9,0.9,0.9,0.9,0.9,0.9,0.9,0.9,0.9,0.9,0.9,0.9,0.9,0.9,0.9,0.9,0.9,0.9,0.9,0.9,0.9,0.9,0.9,0.9,0.9,0.9,0.9
78,2.6,0.4777992,0.21810313,0.00041646056,0.95,0.48748332,0.20778993,0.0038315167,0.95,0.5064099,0.21764344,0.0045935446,0.95,0.50231534,0.20884514,0.0045761447,0.95,0.45876342,0.20407857,-0.0007488725,0.95,0.46183392,0.20871042,0.003229421,0.95,0.44751596,0.20174542,0.009978283,0.95,0.5217144,0.2221514,-0.006408114,0.95,0.43104813,0.21479796,-0.0015577226,0.95,0.48201868,0.23463191,0.0027564627,0.95,0.45858917,0.23267104,-4.9305887e-05,0.95,0.5851478,0.3096933,-0.0030660469,0.95,0.37193945,0.30714402,-0.016151847,0.95,0.6431469,0.38060153,0.00656492,0.95,0.29481366,0.38582718,0.0015313163,0.95,0.6477962,0.41519848,0.010652521,0.95,0.33199838,0.42547217,-0.0048204977,0.95,0.6517528,0.4238247,0.010375644,0.95,0.3291827,0.425751,-0.0077342046,0.95,0.63530123,0.4214836,0.009570412,0.95,0.344034,0.4306184,-0.022909487,0.95,0.64262676,0.423177,0.009114062,0.95,0.33734494,0.43382585,-0.0023131368,0.95,0.5379939,0.4975206,0.012687888,0.95,0.4076385,0.49883023,-0.0007428871,0.95,0.5839766,0.6314795,0.009983946,0.95,0.38830948,0.635008,0.0050144773,0.95,0.5439539,0.7462776,0.3768579,0.95,0.40666384,0.7497915,0.25825232,0.95,0.5331577,0.7497193,0.42264637,0.95,0.43645152,0.7568312,0.2844871,0.95,0.56238395,0.81713957,0.19993055,0.95,0.4049701,0.8146336,0.100340515,0.95,0.9,0.9,0.9,0.9,0.9,0.9,0.9,0.9,0.9,0.9,0.9,0.9,0.9,0.9,0.9,0.9,0.9,0.9,0.9,0.9,0.9,0.9,0.9,0.9,0.9,0.9,0.9,0.9,0.9,0.9,0.9,0.9,0.9
79,2.6333333333333333,0.47779924,0.2181031,0.00041650527,0.95,0.48748332,0.20778996,0.0038315074,0.95,0.5064098,0.21764344,0.004593511,0.95,0.50231534,0.20884514,0.004576154,0.95,0.45876342,0.20407857,-0.00074885576,0.95,0.4618339,0.20871046,0.00322941,0.95,0.4475159,0.20174544,0.00997827,0.95,0.5217144,0.22215135,-0.0064080656,0.95,0.43104818,0.21479803,-0.0015577449,0.95,0.48201874,0.2346319,0.0027564217,0.95,0.45858923,0.23267102,-4.9361766e-05,0.95,0.5851479,0.30969328,-0.0030661214,0.95,0.37193945,0.30714402,-0.016151855,0.95,0.643147,0.38060158,0.0065650204,0.95,0.29481372,0.38582724,0.0015313126,0.95,0.6477963,0.41519856,0.010652573,0.95,0.3319983,0.4254722,-0.004820535,0.95,0.6517528,0.42382485,0.010375625,0.95,0.3291827,0.425751,-0.0077342233,0.95,0.63530135,0.4214837,0.00957039,0.95,0.34403393,0.43061844,-0.022909442,0.95,0.64262676,0.4231771,0.009114036,0.95,0.3373449,0.43382588,-0.002313148,0.95,0.5379939,0.49752063,0.012687899,0.95,0.40763852,0.49883023,-0.0007428908,0.95,0.5839766,0.6314795,0.009983962,0.95,0.38830954,0.63500804,0.005014442,0.95,0.54395396,0.7462776,0.37685812,0.95,0.40666386,0.7497915,0.2582525,0.95,0.5331577,0.74971926,0.42264655,0.95,0.43645155,0.7568312,0.28448734,0.95,0.562384,0.81713957,0.19993062,0.95,0.4049701,0.81463367,0.1003406,0.95,0.9,0.9,0.9,0.9,0.9,0.9,0.9,0.9,0.9,0.9,0.9,0.9,0.9,0.9,0.9,0.9,0.9,0.9,0.9,0.9,0.9,0.9,0.9,0.9,0.9,0.9,0.9,0.9,0.9,0.9,0.9,0.9,0.9
80,2.6666666666666665,0.47779924,0.21810313,0.00041653507,0.95,0.48748335,0.20778999,0.0038315,0.95,0.5064098,0.21764344,0.0045934757,0.95,0.50231534,0.20884517,0.004576171,0.95,0.45876345,0.20407857,-0.0007488651,0.95,0.46183383,0.20871049,0.0032293987,0.95,0.44751588,0.20174547,0.009978257,0.95,0.52171445,0.22215134,-0.0064080358,0.95,0.4310482,0.21479806,-0.0015577524,0.95,0.4820188,0.2346319,0.0027563937,0.95,0.45858926,0.232671,-4.9417646e-05,0.95,0.585148,0.30969325,-0.0030661735,0.95,0.37193942,0.30714402,-0.016151825,0.95,0.64314705,0.38060167,0.0065650875,0.95,0.29481378,0.38582727,0.0015312865,0.95,0.64779633,0.41519862,0.010652614,0.95,0.33199823,0.42547223,-0.0048205387,0.95,0.6517528,0.423825,0.010375614,0.95,0.32918265,0.425751,-0.007734238,0.95,0.6353014,0.42148378,0.009570375,0.95,0.3440339,0.43061846,-0.02290939,0.95,0.6426268,0.42317718,0.0091140065,0.95,0.33734486,0.4338259,-0.0023131554,0.95,0.5379939,0.49752063,0.01268791,0.95,0.40763858,0.49883026,-0.0007428871,0.95,0.5839766,0.6314795,0.0099839885,0.95,0.38830963,0.63500804,0.0050144177,0.95,0.543954,0.7462776,0.37685832,0.95,0.40666386,0.7497915,0.2582527,0.95,0.53315765,0.74971926,0.42264673,0.95,0.43645158,0.7568312,0.28448752,0.95,0.56238407,0.81713957,0.19993073,0.95,0.4049701,0.8146337,0.10034067,0.95,0.9,0.9,0.9,0.9,0.9,0.9,0.9,0.9,0.9,0.9,0.9,0.9,0.9,0.9,0.9,0.9,0.9,0.9,0.9,0.9,0.9,0.9,0.9,0.9,0.9,0.9,0.9,0.9,0.9,0.9,0.9,0.9,0.9
81,2.7,0.47779924,0.21810311,0.0004165686,0.95,0.48748338,0.20779002,0.0038315,0.95,0.5064098,0.21764344,0.0045934534,0.95,0.50231534,0.2088452,0.004576165,0.95,0.45876345,0.20407858,-0.0007488539,0.95,0.4618338,0.20871058,0.0032294043,0.95,0.44751585,0.20174547,0.0099782515,0.95,0.52171445,0.22215134,-0.006408002,0.95,0.43104824,0.21479814,-0.0015577598,0.95,0.48201886,0.2346319,0.002756362,0.95,0.45858932,0.232671,-4.946235e-05,0.95,0.58514804,0.30969322,-0.003066222,0.95,0.37193942,0.30714402,-0.016151818,0.95,0.6431472,0.38060173,0.0065651806,0.95,0.29481384,0.38582733,0.0015312716,0.95,0.64779645,0.41519868,0.010652655,0.95,0.33199817,0.42547226,-0.0048205387,0.95,0.6517529,0.4238251,0.0103755845,0.95,0.32918265,0.42575103,-0.007734257,0.95,0.6353014,0.42148384,0.009570342,0.95,0.34403387,0.43061846,-0.022909338,0.95,0.6426269,0.42317724,0.009113984,0.95,0.33734483,0.43382594,-0.002313148,0.95,0.5379939,0.49752066,0.012687925,0.95,0.4076386,0.49883026,-0.00074288336,0.95,0.58397657,0.6314795,0.0099840015,0.95,0.38830966,0.63500804,0.0050143898,0.95,0.5439541,0.7462775,0.3768585,0.95,0.4066639,0.7497915,0.25825292,0.95,0.5331577,0.74971926,0.42264688,0.95,0.4364516,0.7568312,0.28448772,0.95,0.5623841,0.81713957,0.19993076,0.95,0.4049701,0.8146338,0.10034075,0.95,0.9,0.9,0.9,0.9,0.9,0.9,0.9,0.9,0.9,0.9,0.9,0.9,0.9,0.9,0.9,0.9,0.9,0.9,0.9,0.9,0.9,0.9,0.9,0.9,0.9,0.9,0.9,0.9,0.9,0.9,0.9,0.9,0.9
82,2.7333333333333334,0.47779927,0.21810308,0.00041659467,0.95,0.4874834,0.20779003,0.0038314906,0.95,0.5064098,0.21764345,0.0045934254,0.95,0.5023154,0.20884524,0.0045761764,0.95,0.45876348,0.20407861,-0.00074886135,0.95,0.46183378,0.20871061,0.0032293876,0.95,0.44751582,0.20174547,0.009978235,0.95,0.52171445,0.22215135,-0.0064079687,0.95,0.43104827,0.21479818,-0.0015577635,0.95,0.48201892,0.23463193,0.002756336,0.95,0.45858938,0.232671,-4.9488426e-05,0.95,0.5851481,0.3096932,-0.003066263,0.95,0.3719394,0.30714402,-0.01615181,0.95,0.64314723,0.3806018,0.00656524,0.95,0.29481387,0.38582733,0.0015312604,0.95,0.64779645,0.41519874,0.010652707,0.95,0.3319981,0.4254723,-0.0048205685,0.95,0.6517529,0.4238252,0.010375555,0.95,0.32918262,0.42575103,-0.0077342717,0.95,0.6353015,0.4214839,0.009570334,0.95,0.34403387,0.4306185,-0.0229093,0.95,0.6426269,0.42317733,0.009113958,0.95,0.33734483,0.43382594,-0.002313163,0.95,0.5379939,0.4975207,0.012687935,0.95,0.40763864,0.4988303,-0.00074288336,0.95,0.58397657,0.6314795,0.009984016,0.95,0.38830972,0.63500804,0.0050143637,0.95,0.5439541,0.7462775,0.37685868,0.95,0.4066639,0.7497915,0.25825304,0.95,0.53315765,0.7497192,0.42264697,0.95,0.43645164,0.7568312,0.2844879,0.95,0.5623842,0.81713957,0.19993085,0.95,0.4049701,0.81463385,0.100340806,0.95,0.9,0.9,0.9,0.9,0.9,0.9,0.9,0.9,0.9,0.9,0.9,0.9,0.9,0.9,0.9,0.9,0.9,0.9,0.9,0.9,0.9,0.9,0.9,0.9,0.9,0.9,0.9,0.9,0.9,0.9,0.9,0.9,0.9
83,2.7666666666666666,0.47779927,0.21810307,0.0004166133,0.95,0.48748344,0.20779006,0.003831485,0.95,0.5064098,0.21764344,0.0045934087,0.95,0.5023154,0.20884527,0.0045761783,0.95,0.45876348,0.20407861,-0.00074885576,0.95,0.46183375,0.20871064,0.0032293932,0.95,0.4475158,0.20174544,0.009978235,0.95,0.52171445,0.22215134,-0.006407939,0.95,0.4310483,0.21479821,-0.0015577766,0.95,0.48201895,0.23463193,0.0027563062,0.95,0.4585894,0.232671,-4.953313e-05,0.95,0.58514816,0.30969316,-0.003066304,0.95,0.37193936,0.30714402,-0.01615181,0.95,0.64314735,0.38060182,0.006565322,0.95,0.29481393,0.3858274,0.0015312418,0.95,0.6477966,0.4151988,0.010652755,0.95,0.33199805,0.42547232,-0.004820576,0.95,0.65175295,0.4238253,0.010375547,0.95,0.32918262,0.42575103,-0.007734298,0.95,0.63530153,0.42148396,0.0095703155,0.95,0.34403384,0.4306185,-0.022909248,0.95,0.64262694,0.4231774,0.009113932,0.95,0.3373448,0.43382597,-0.0023131778,0.95,0.5379939,0.4975207,0.012687948,0.95,0.40763867,0.4988303,-0.00074287964,0.95,0.58397657,0.6314795,0.009984031,0.95,0.38830975,0.6350081,0.00501433,0.95,0.54395413,0.7462775,0.3768588,0.95,0.40666392,0.7497915,0.25825316,0.95,0.53315765,0.7497192,0.42264718,0.95,0.43645167,0.7568313,0.28448808,0.95,0.56238425,0.8171395,0.19993089,0.95,0.4049701,0.8146339,0.10034087,0.95,0.9,0.9,0.9,0.9,0.9,0.9,0.9,0.9,0.9,0.9,0.9,0.9,0.9,0.9,0.9,0.9,0.9,0.9,0.9,0.9,0.9,0.9,0.9,0.9,0.9,0.9,0.9,0.9,0.9,0.9,0.9,0.9,0.9
84,2.8,0.47779927,0.21810307,0.00041663938,0.95,0.48748344,0.2077901,0.0038314888,0.95,0.50640976,0.21764344,0.004593392,0.95,0.5023154,0.20884527,0.004576182,0.95,0.45876348,0.20407867,-0.0007488502,0.95,0.46183372,0.20871069,0.0032293876,0.95,0.4475158,0.2017455,0.009978225,0.95,0.52171445,0.22215132,-0.0064079016,0.95,0.43104833,0.21479826,-0.0015577785,0.95,0.482019,0.23463193,0.0027562783,0.95,0.45858946,0.232671,-4.9562932e-05,0.95,0.5851482,0.30969313,-0.003066356,0.95,0.37193936,0.30714402,-0.016151803,0.95,0.6431474,0.38060185,0.0065653743,0.95,0.29481393,0.38582742,0.0015312232,0.95,0.64779663,0.41519886,0.010652793,0.95,0.331998,0.42547235,-0.0048205797,0.95,0.651753,0.42382538,0.010375525,0.95,0.32918262,0.42575103,-0.0077343164,0.95,0.6353016,0.42148402,0.009570312,0.95,0.3440338,0.43061852,-0.022909226,0.95,0.64262694,0.42317745,0.009113917,0.95,0.33734477,0.433826,-0.0023131815,0.95,0.53799385,0.4975207,0.012687955,0.95,0.4076387,0.4988303,-0.0007428722,0.95,0.58397657,0.6314795,0.009984054,0.95,0.3883098,0.6350081,0.0050143152,0.95,0.54395413,0.7462775,0.37685895,0.95,0.40666392,0.7497915,0.25825328,0.95,0.53315765,0.7497192,0.42264727,0.95,0.4364517,0.7568313,0.28448823,0.95,0.5623843,0.8171395,0.19993094,0.95,0.4049701,0.81463397,0.10034093,0.95,0.9,0.9,0.9,0.9,0.9,0.9,0.9,0.9,0.9,0.9,0.9,0.9,0.9,0.9,0.9,0.9,0.9,0.9,0.9,0.9,0.9,0.9,0.9,0.9,0.9,0.9,0.9,0.9,0.9,0.9,0.9,0.9,0.9
85,2.8333333333333335,0.4777993,0.21810305,0.00041666545,0.95,0.48748347,0.20779012,0.003831485,0.95,0.50640976,0.21764347,0.004593375,0.95,0.5023154,0.20884529,0.0045761988,0.95,0.4587635,0.20407869,-0.00074885576,0.95,0.4618337,0.20871072,0.0032293932,0.95,0.44751576,0.20174551,0.009978214,0.95,0.52171445,0.22215131,-0.0064078756,0.95,0.43104836,0.21479827,-0.0015577989,0.95,0.48201904,0.23463194,0.0027562615,0.95,0.4585895,0.23267098,-4.9607635e-05,0.95,0.5851483,0.3096931,-0.0030663933,0.95,0.37193933,0.30714402,-0.016151795,0.95,0.6431474,0.3806019,0.006565434,0.95,0.294814,0.38582745,0.0015312157,0.95,0.6477967,0.41519892,0.010652834,0.95,0.33199796,0.42547238,-0.004820591,0.95,0.651753,0.42382547,0.010375525,0.95,0.32918257,0.42575106,-0.007734335,0.95,0.6353016,0.42148408,0.0095703155,0.95,0.3440338,0.43061855,-0.022909196,0.95,0.64262694,0.4231775,0.0091138985,0.95,0.3373448,0.43382603,-0.0023131815,0.95,0.5379939,0.49752071,0.01268797,0.95,0.4076387,0.49883032,-0.0007428722,0.95,0.58397657,0.6314795,0.009984069,0.95,0.38830987,0.6350081,0.005014306,0.95,0.5439542,0.74627745,0.3768591,0.95,0.40666392,0.7497915,0.2582534,0.95,0.53315765,0.7497192,0.42264733,0.95,0.43645173,0.7568313,0.28448838,0.95,0.56238437,0.8171395,0.19993097,0.95,0.40497014,0.814634,0.10034098,0.95,0.9,0.9,0.9,0.9,0.9,0.9,0.9,0.9,0.9,0.9,0.9,0.9,0.9,0.9,0.9,0.9,0.9,0.9,0.9,0.9,0.9,0.9,0.9,0.9,0.9,0.9,0.9,0.9,0.9,0.9,0.9,0.9,0.9
86,2.8666666666666667,0.4777993,0.21810307,0.0004166878,0.95,0.48748347,0.20779015,0.0038314776,0.95,0.50640976,0.21764345,0.0045933565,0.95,0.5023154,0.20884532,0.004576195,0.95,0.4587635,0.20407873,-0.00074885576,0.95,0.46183366,0.20871074,0.0032293987,0.95,0.44751573,0.20174554,0.009978212,0.95,0.5217145,0.22215126,-0.006407857,0.95,0.43104836,0.21479833,-0.0015577989,0.95,0.48201907,0.23463193,0.002756241,0.95,0.45858952,0.23267093,-4.9633712e-05,0.95,0.5851483,0.3096931,-0.0030664343,0.95,0.37193933,0.30714402,-0.01615178,0.95,0.64314747,0.38060194,0.006565501,0.95,0.294814,0.38582748,0.0015312344,0.95,0.64779675,0.41519895,0.010652852,0.95,0.33199793,0.4254724,-0.004820587,0.95,0.651753,0.42382556,0.010375525,0.95,0.32918257,0.42575106,-0.0077343388,0.95,0.63530165,0.4214841,0.009570297,0.95,0.34403378,0.43061855,-0.022909159,0.95,0.642627,0.42317757,0.00911388,0.95,0.3373448,0.43382603,-0.0023131964,0.95,0.5379939,0.49752071,0.012687977,0.95,0.40763873,0.49883032,-0.00074286846,0.95,0.5839765,0.6314795,0.00998408,0.95,0.38830993,0.6350081,0.0050142873,0.95,0.5439542,0.74627745,0.3768592,0.95,0.40666395,0.7497915,0.2582535,0.95,0.53315765,0.7497192,0.42264745,0.95,0.43645176,0.7568313,0.2844885,0.95,0.56238437,0.8171395,0.19993104,0.95,0.40497014,0.814634,0.10034102,0.95,0.9,0.9,0.9,0.9,0.9,0.9,0.9,0.9,0.9,0.9,0.9,0.9,0.9,0.9,0.9,0.9,0.9,0.9,0.9,0.9,0.9,0.9,0.9,0.9,0.9,0.9,0.9,0.9,0.9,0.9,0.9,0.9,0.9
87,2.9,0.4777993,0.21810307,0.00041670643,0.95,0.4874835,0.20779015,0.003831472,0.95,0.50640976,0.21764344,0.0045933397,0.95,0.5023154,0.20884532,0.0045761876,0.95,0.4587635,0.2040787,-0.0007488781,0.95,0.46183363,0.20871076,0.0032293932,0.95,0.4475157,0.20174557,0.009978201,0.95,0.5217145,0.22215125,-0.0064078383,0.95,0.4310484,0.21479835,-0.0015578101,0.95,0.4820191,0.23463194,0.0027562242,0.95,0.45858955,0.23267093,-4.9656064e-05,0.95,0.58514833,0.30969304,-0.0030664566,0.95,0.37193933,0.30714402,-0.016151788,0.95,0.6431475,0.380602,0.0065655457,0.95,0.294814,0.38582748,0.0015312195,0.95,0.6477968,0.415199,0.010652878,0.95,0.33199787,0.4254724,-0.004820591,0.95,0.651753,0.4238256,0.010375506,0.95,0.32918257,0.42575106,-0.00773435,0.95,0.63530165,0.42148417,0.009570297,0.95,0.34403378,0.43061858,-0.022909129,0.95,0.64262694,0.42317763,0.0091138575,0.95,0.33734477,0.43382606,-0.0023131927,0.95,0.5379939,0.49752071,0.012687987,0.95,0.40763876,0.49883032,-0.000742861,0.95,0.5839765,0.6314795,0.009984108,0.95,0.38830996,0.6350081,0.005014267,0.95,0.54395425,0.74627745,0.37685934,0.95,0.40666395,0.7497915,0.2582536,0.95,0.5331576,0.7497192,0.4226475,0.95,0.4364518,0.7568313,0.28448862,0.95,0.5623844,0.8171395,0.19993111,0.95,0.40497014,0.8146341,0.10034106,0.95,0.9,0.9,0.9,0.9,0.9,0.9,0.9,0.9,0.9,0.9,0.9,0.9,0.9,0.9,0.9,0.9,0.9,0.9,0.9,0.9,0.9,0.9,0.9,0.9,0.9,0.9,0.9,0.9,0.9,0.9,0.9,0.9,0.9
88,2.933333333333333,0.4777993,0.21810307,0.0004167325,0.95,0.48748353,0.20779015,0.0038314683,0.95,0.50640976,0.21764344,0.004593325,0.95,0.5023154,0.20884532,0.0045761876,0.95,0.4587635,0.20407869,-0.0007488651,0.95,0.46183363,0.20871077,0.0032294043,0.95,0.4475157,0.20174558,0.009978194,0.95,0.5217145,0.22215123,-0.006407816,0.95,0.43104842,0.21479836,-0.0015578176,0.95,0.48201913,0.23463194,0.0027562038,0.95,0.45858958,0.23267093,-4.9678416e-05,0.95,0.58514833,0.30969304,-0.003066505,0.95,0.3719393,0.30714402,-0.016151773,0.95,0.6431476,0.38060203,0.0065655904,0.95,0.29481405,0.3858275,0.001531212,0.95,0.6477968,0.41519904,0.010652897,0.95,0.33199784,0.42547244,-0.0048205946,0.95,0.651753,0.42382565,0.010375495,0.95,0.32918254,0.42575106,-0.0077343686,0.95,0.6353017,0.4214842,0.009570293,0.95,0.34403378,0.43061858,-0.022909107,0.95,0.642627,0.42317766,0.009113843,0.95,0.33734477,0.43382606,-0.0023131964,0.95,0.53799385,0.49752071,0.012687996,0.95,0.40763876,0.49883032,-0.0007428573,0.95,0.5839765,0.6314795,0.009984115,0.95,0.38831,0.63500816,0.005014248,0.95,0.54395425,0.74627745,0.37685946,0.95,0.40666395,0.7497915,0.25825372,0.95,0.5331576,0.74971914,0.4226476,0.95,0.4364518,0.7568313,0.28448874,0.95,0.5623844,0.8171395,0.19993117,0.95,0.40497014,0.8146341,0.100341104,0.95,0.9,0.9,0.9,0.9,0.9,0.9,0.9,0.9,0.9,0.9,0.9,0.9,0.9,0.9,0.9,0.9,0.9,0.9,0.9,0.9,0.9,0.9,0.9,0.9,0.9,0.9,0.9,0.9,0.9,0.9,0.9,0.9,0.9
89,2.966666666666667,0.47779933,0.21810305,0.0004167474,0.95,0.48748353,0.20779015,0.0038314608,0.95,0.50640976,0.21764342,0.0045933174,0.95,0.5023154,0.20884532,0.0045761988,0.95,0.45876354,0.20407872,-0.0007488539,0.95,0.4618336,0.2087108,0.0032293987,0.95,0.44751567,0.20174558,0.009978188,0.95,0.5217145,0.22215122,-0.0064077973,0.95,0.43104845,0.21479838,-0.0015578287,0.95,0.48201916,0.23463194,0.002756202,0.95,0.4585896,0.23267096,-4.9704493e-05,0.95,0.5851484,0.30969304,-0.0030665237,0.95,0.3719393,0.30714405,-0.016151788,0.95,0.6431476,0.38060206,0.0065656314,0.95,0.29481405,0.38582754,0.0015312008,0.95,0.64779687,0.4151991,0.0106529305,0.95,0.3319978,0.42547244,-0.004820602,0.95,0.65175307,0.4238257,0.010375476,0.95,0.32918254,0.42575106,-0.0077343946,0.95,0.6353017,0.42148423,0.0095702745,0.95,0.34403375,0.43061858,-0.022909084,0.95,0.642627,0.4231777,0.009113831,0.95,0.33734474,0.43382606,-0.0023132039,0.95,0.53799385,0.49752074,0.012688,0.95,0.4076388,0.49883032,-0.000742861,0.95,0.5839765,0.6314795,0.009984119,0.95,0.38831002,0.63500816,0.0050142407,0.95,0.5439543,0.74627745,0.37685952,0.95,0.40666398,0.7497915,0.25825378,0.95,0.5331576,0.74971914,0.42264777,0.95,0.43645182,0.75683135,0.28448883,0.95,0.5623845,0.81713945,0.1999312,0.95,0.40497017,0.81463414,0.10034114,0.95,0.9,0.9,0.9,0.9,0.9,0.9,0.9,0.9,0.9,0.9,0.9,0.9,0.9,0.9,0.9,0.9,0.9,0.9,0.9,0.9,0.9,0.9,0.9,0.9,0.9,0.9,0.9,0.9,0.9,0.9,0.9,0.9,0.9
90,3.0,0.47779933,0.21810304,0.0004167623,0.95,0.48748353,0.20779017,0.003831457,0.95,0.50640976,0.21764344,0.0045933006,0.95,0.5023154,0.20884533,0.0045761988,0.95,0.45876354,0.20407873,-0.00074886135,0.95,0.4618336,0.20871083,0.0032293876,0.95,0.44751567,0.20174557,0.009978192,0.95,0.5217145,0.22215119,-0.006407775,0.95,0.43104845,0.21479838,-0.0015578362,0.95,0.4820192,0.23463196,0.002756174,0.95,0.45858964,0.23267095,-4.971567e-05,0.95,0.5851484,0.30969304,-0.0030665386,0.95,0.3719393,0.30714402,-0.016151773,0.95,0.64314765,0.3806021,0.0065656723,0.95,0.29481405,0.38582754,0.0015312008,0.95,0.6477969,0.41519913,0.010652953,0.95,0.33199778,0.42547247,-0.004820591,0.95,0.65175307,0.42382577,0.010375458,0.95,0.32918254,0.42575106,-0.0077343946,0.95,0.63530177,0.42148426,0.009570271,0.95,0.34403372,0.4306186,-0.022909077,0.95,0.642627,0.42317772,0.009113813,0.95,0.3373447,0.4338261,-0.0023132039,0.95,0.53799385,0.49752074,0.012688002,0.95,0.4076388,0.49883032,-0.000742861,0.95,0.5839765,0.6314795,0.00998413,0.95,0.38831005,0.63500816,0.0050142314,0.95,0.5439543,0.74627745,0.37685958,0.95,0.40666398,0.7497915,0.2582539,0.95,0.5331576,0.74971914,0.42264783,0.95,0.43645182,0.75683135,0.28448892,0.95,0.56238455,0.8171395,0.19993125,0.95,0.40497017,0.81463414,0.10034117,0.95,0.9,0.9,0.9,0.9,0.9,0.9,0.9,0.9,0.9,0.9,0.9,0.9,0.9,0.9,0.9,0.9,0.9,0.9,0.9,0.9,0.9,0.9,0.9,0.9,0.9,0.9,0.9,0.9,0.9,0.9,0.9,0.9,0.9
91,3.033333333333333,0.47779933,0.21810304,0.0004167921,0.95,0.48748356,0.20779017,0.003831457,0.95,0.50640976,0.21764344,0.0045932895,0.95,0.5023154,0.20884535,0.004576195,0.95,0.45876354,0.20407872,-0.0007488595,0.95,0.46183357,0.20871086,0.0032293876,0.95,0.44751567,0.20174558,0.009978194,0.95,0.5217145,0.2221512,-0.00640776,0.95,0.43104848,0.2147984,-0.0015578362,0.95,0.4820192,0.23463197,0.0027561646,0.95,0.45858964,0.23267093,-4.973802e-05,0.95,0.58514845,0.309693,-0.003066561,0.95,0.3719393,0.30714402,-0.016151765,0.95,0.64314765,0.38060212,0.0065657133,0.95,0.29481408,0.38582757,0.0015311934,0.95,0.6477969,0.41519916,0.010652979,0.95,0.33199778,0.42547247,-0.0048205946,0.95,0.65175307,0.4238258,0.010375476,0.95,0.32918248,0.42575106,-0.0077343946,0.95,0.63530177,0.42148432,0.0095702745,0.95,0.34403372,0.4306186,-0.022909032,0.95,0.64262706,0.42317775,0.009113809,0.95,0.33734468,0.4338261,-0.0023132002,0.95,0.53799385,0.49752074,0.012688009,0.95,0.4076388,0.49883035,-0.0007428573,0.95,0.5839765,0.6314795,0.009984143,0.95,0.38831007,0.63500816,0.0050142203,0.95,0.5439543,0.7462774,0.3768597,0.95,0.40666398,0.7497915,0.25825396,0.95,0.5331576,0.74971914,0.42264792,0.95,0.43645185,0.75683135,0.284489,0.95,0.56238455,0.8171395,0.19993126,0.95,0.40497017,0.81463414,0.1003412,0.95,0.9,0.9,0.9,0.9,0.9,0.9,0.9,0.9,0.9,0.9,0.9,0.9,0.9,0.9,0.9,0.9,0.9,0.9,0.9,0.9,0.9,0.9,0.9,0.9,0.9,0.9,0.9,0.9,0.9,0.9,0.9,0.9,0.9
92,3.066666666666667,0.47779933,0.21810305,0.0004167921,0.95,0.48748356,0.20779015,0.003831457,0.95,0.50640976,0.21764344,0.00459328,0.95,0.50231546,0.20884538,0.004576206,0.95,0.45876354,0.20407873,-0.0007488595,0.95,0.46183354,0.20871088,0.0032293876,0.95,0.44751564,0.20174557,0.009978179,0.95,0.5217145,0.22215119,-0.0064077377,0.95,0.43104848,0.2147984,-0.0015578362,0.95,0.48201922,0.23463197,0.0027561516,0.95,0.45858967,0.23267093,-4.9756647e-05,0.95,0.58514845,0.309693,-0.0030665945,0.95,0.37193927,0.30714405,-0.016151765,0.95,0.6431477,0.38060212,0.0065657543,0.95,0.29481408,0.3858276,0.0015312046,0.95,0.647797,0.41519916,0.0106529975,0.95,0.33199775,0.4254725,-0.004820613,0.95,0.65175307,0.42382586,0.010375458,0.95,0.32918248,0.42575106,-0.0077344095,0.95,0.6353018,0.42148432,0.009570267,0.95,0.34403372,0.4306186,-0.022909025,0.95,0.64262706,0.4231778,0.0091137905,0.95,0.33734465,0.43382612,-0.0023132113,0.95,0.53799385,0.49752074,0.012688013,0.95,0.40763882,0.49883035,-0.00074285356,0.95,0.5839765,0.63147944,0.009984152,0.95,0.3883101,0.63500816,0.0050141998,0.95,0.5439544,0.7462774,0.37685975,0.95,0.40666398,0.7497915,0.258254,0.95,0.5331576,0.74971914,0.42264798,0.95,0.43645188,0.75683135,0.28448904,0.95,0.5623846,0.81713945,0.19993131,0.95,0.40497017,0.8146342,0.10034123,0.95,0.9,0.9,0.9,0.9,0.9,0.9,0.9,0.9,0.9,0.9,0.9,0.9,0.9,0.9,0.9,0.9,0.9,0.9,0.9,0.9,0.9,0.9,0.9,0.9,0.9,0.9,0.9,0.9,0.9,0.9,0.9,0.9,0.9
93,3.1,0.47779933,0.21810305,0.0004167921,0.95,0.4874836,0.20779018,0.003831457,0.95,0.50640976,0.21764342,0.0045932783,0.95,0.50231546,0.20884538,0.0045762006,0.95,0.45876354,0.20407872,-0.0007488651,0.95,0.46183354,0.20871091,0.0032293876,0.95,0.44751564,0.20174558,0.009978173,0.95,0.5217145,0.22215119,-0.0064077117,0.95,0.4310485,0.21479842,-0.0015578436,0.95,0.48201925,0.23463196,0.0027561367,0.95,0.4585897,0.23267093,-4.9767823e-05,0.95,0.5851485,0.309693,-0.0030666243,0.95,0.37193927,0.30714405,-0.01615175,0.95,0.64314777,0.38060215,0.0065657618,0.95,0.2948141,0.3858276,0.0015311897,0.95,0.647797,0.4151992,0.01065302,0.95,0.33199772,0.4254725,-0.0048206057,0.95,0.65175307,0.42382592,0.010375447,0.95,0.32918245,0.4257511,-0.0077344244,0.95,0.6353018,0.42148435,0.009570256,0.95,0.3440337,0.4306186,-0.02290901,0.95,0.64262706,0.4231778,0.009113779,0.95,0.33734468,0.43382612,-0.0023132188,0.95,0.53799385,0.49752074,0.012688013,0.95,0.40763885,0.49883035,-0.00074284984,0.95,0.5839765,0.6314795,0.009984156,0.95,0.38831013,0.63500816,0.0050141905,0.95,0.5439544,0.7462774,0.3768598,0.95,0.40666398,0.7497915,0.25825408,0.95,0.5331576,0.74971914,0.42264807,0.95,0.43645188,0.75683135,0.2844891,0.95,0.5623846,0.8171395,0.19993137,0.95,0.40497017,0.8146342,0.10034125,0.95,0.9,0.9,0.9,0.9,0.9,0.9,0.9,0.9,0.9,0.9,0.9,0.9,0.9,0.9,0.9,0.9,0.9,0.9,0.9,0.9,0.9,0.9,0.9,0.9,0.9,0.9,0.9,0.9,0.9,0.9,0.9,0.9,0.9
94,3.1333333333333333,0.47779933,0.21810305,0.0004168033,0.95,0.4874836,0.20779018,0.0038314608,0.95,0.5064097,0.21764342,0.0045932727,0.95,0.50231546,0.20884539,0.0045762043,0.95,0.45876357,0.20407873,-0.00074887066,0.95,0.46183354,0.20871092,0.0032293987,0.95,0.4475156,0.20174558,0.009978177,0.95,0.5217145,0.2221512,-0.006407719,0.95,0.4310485,0.21479845,-0.0015578585,0.95,0.48201925,0.23463196,0.0027561237,0.95,0.45858973,0.23267093,-4.9779e-05,0.95,0.5851485,0.309693,-0.0030666206,0.95,0.37193927,0.30714405,-0.016151743,0.95,0.64314777,0.38060215,0.0065657767,0.95,0.2948141,0.38582763,0.0015311859,0.95,0.64779705,0.41519922,0.010653035,0.95,0.33199772,0.4254725,-0.004820613,0.95,0.6517531,0.42382595,0.010375458,0.95,0.32918245,0.42575106,-0.007734447,0.95,0.6353019,0.42148438,0.009570248,0.95,0.3440337,0.43061864,-0.022908995,0.95,0.6426271,0.42317784,0.009113776,0.95,0.33734468,0.43382612,-0.00231323,0.95,0.53799385,0.49752074,0.01268802,0.95,0.40763885,0.49883035,-0.00074285356,0.95,0.5839765,0.6314795,0.009984162,0.95,0.38831013,0.63500816,0.0050141774,0.95,0.5439544,0.7462774,0.37685987,0.95,0.406664,0.7497915,0.25825414,0.95,0.5331576,0.74971914,0.42264816,0.95,0.43645188,0.75683135,0.28448913,0.95,0.5623846,0.81713945,0.19993137,0.95,0.40497017,0.81463426,0.100341275,0.95,0.9,0.9,0.9,0.9,0.9,0.9,0.9,0.9,0.9,0.9,0.9,0.9,0.9,0.9,0.9,0.9,0.9,0.9,0.9,0.9,0.9,0.9,0.9,0.9,0.9,0.9,0.9,0.9,0.9,0.9,0.9,0.9,0.9
95,3.1666666666666665,0.47779933,0.21810305,0.00041681074,0.95,0.4874836,0.20779017,0.0038314553,0.95,0.5064097,0.21764342,0.0045932652,0.95,0.50231546,0.2088454,0.0045762155,0.95,0.45876357,0.20407873,-0.00074887625,0.95,0.4618335,0.20871094,0.0032293932,0.95,0.4475156,0.20174555,0.009978171,0.95,0.5217145,0.22215122,-0.006407704,0.95,0.4310485,0.21479845,-0.001557866,0.95,0.48201928,0.23463197,0.0027561144,0.95,0.45858973,0.23267095,-4.97939e-05,0.95,0.5851485,0.30969298,-0.0030666355,0.95,0.37193927,0.30714405,-0.016151743,0.95,0.64314777,0.38060218,0.006565814,0.95,0.29481414,0.38582763,0.0015311785,0.95,0.64779705,0.41519925,0.010653046,0.95,0.3319977,0.42547253,-0.004820613,0.95,0.6517531,0.42382598,0.010375469,0.95,0.32918245,0.4257511,-0.0077344505,0.95,0.6353019,0.42148438,0.009570237,0.95,0.3440337,0.43061864,-0.02290898,0.95,0.6426271,0.42317787,0.009113761,0.95,0.33734465,0.43382612,-0.0023132262,0.95,0.53799385,0.49752077,0.012688024,0.95,0.40763885,0.49883035,-0.00074284984,0.95,0.5839765,0.6314795,0.009984173,0.95,0.38831016,0.63500816,0.0050141625,0.95,0.5439544,0.7462774,0.37685993,0.95,0.406664,0.7497915,0.25825423,0.95,0.5331576,0.74971914,0.42264822,0.95,0.43645188,0.75683135,0.2844892,0.95,0.5623846,0.81713945,0.19993138,0.95,0.40497017,0.81463426,0.100341305,0.95,0.9,0.9,0.9,0.9,0.9,0.9,0.9,0.9,0.9,0.9,0.9,0.9,0.9,0.9,0.9,0.9,0.9,0.9,0.9,0.9,0.9,0.9,0.9,0.9,0.9,0.9,0.9,0.9,0.9,0.9,0.9,0.9,0.9
96,3.2,0.47779933,0.21810305,0.0004168182,0.95,0.4874836,0.20779018,0.003831446,0.95,0.5064097,0.21764344,0.0045932448,0.95,0.50231546,0.20884542,0.004576206,0.95,0.45876357,0.20407873,-0.00074888184,0.95,0.4618335,0.20871095,0.003229382,0.95,0.4475156,0.20174555,0.009978177,0.95,0.5217145,0.22215123,-0.0064076856,0.95,0.43104854,0.21479845,-0.0015578623,0.95,0.48201928,0.23463197,0.0027560976,0.95,0.45858976,0.23267095,-4.9805076e-05,0.95,0.5851485,0.30969295,-0.0030666615,0.95,0.37193927,0.30714405,-0.01615175,0.95,0.6431478,0.3806022,0.0065658363,0.95,0.29481417,0.38582766,0.0015311822,0.95,0.6477971,0.41519925,0.010653065,0.95,0.3319977,0.42547253,-0.0048206206,0.95,0.6517531,0.423826,0.010375458,0.95,0.32918245,0.4257511,-0.0077344542,0.95,0.6353019,0.4214844,0.009570248,0.95,0.3440337,0.43061864,-0.022908973,0.95,0.64262706,0.4231779,0.009113761,0.95,0.33734465,0.43382615,-0.0023132337,0.95,0.53799385,0.49752077,0.012688028,0.95,0.40763885,0.49883035,-0.00074284984,0.95,0.5839765,0.6314795,0.00998418,0.95,0.3883102,0.63500816,0.005014157,0.95,0.54395443,0.7462774,0.37686,0.95,0.406664,0.7497915,0.2582543,0.95,0.5331576,0.74971914,0.42264825,0.95,0.4364519,0.75683135,0.28448927,0.95,0.56238467,0.81713945,0.19993143,0.95,0.40497017,0.81463426,0.10034132,0.95,0.9,0.9,0.9,0.9,0.9,0.9,0.9,0.9,0.9,0.9,0.9,0.9,0.9,0.9,0.9,0.9,0.9,0.9,0.9,0.9,0.9,0.9,0.9,0.9,0.9,0.9,0.9,0.9,0.9,0.9,0.9,0.9,0.9
97,3.2333333333333334,0.47779933,0.21810305,0.0004168331,0.95,0.4874836,0.20779018,0.0038314515,0.95,0.5064097,0.21764344,0.004593239,0.95,0.50231546,0.20884542,0.00457621,0.95,0.45876357,0.20407873,-0.0007488725,0.95,0.4618335,0.20871097,0.003229382,0.95,0.44751558,0.20174558,0.009978175,0.95,0.5217145,0.2221512,-0.0064076744,0.95,0.43104854,0.21479845,-0.001557866,0.95,0.4820193,0.23463197,0.0027561013,0.95,0.45858976,0.23267095,-4.981625e-05,0.95,0.5851486,0.30969295,-0.0030666764,0.95,0.37193927,0.30714405,-0.01615175,0.95,0.6431478,0.3806022,0.0065658586,0.95,0.29481417,0.38582766,0.0015311785,0.95,0.6477971,0.41519928,0.0106530795,0.95,0.33199766,0.42547253,-0.0048206206,0.95,0.6517531,0.42382604,0.010375447,0.95,0.32918245,0.4257511,-0.007734447,0.95,0.63530195,0.42148444,0.009570248,0.95,0.34403366,0.43061864,-0.022908965,0.95,0.6426271,0.42317793,0.009113761,0.95,0.33734465,0.43382615,-0.00231323,0.95,0.53799385,0.49752077,0.01268803,0.95,0.40763885,0.49883038,-0.0007428461,0.95,0.5839765,0.6314795,0.009984186,0.95,0.3883102,0.63500816,0.005014155,0.95,0.54395443,0.7462774,0.3768601,0.95,0.406664,0.7497915,0.25825432,0.95,0.5331576,0.74971914,0.42264828,0.95,0.4364519,0.75683135,0.28448933,0.95,0.56238467,0.81713945,0.19993143,0.95,0.40497017,0.81463426,0.10034134,0.95,0.9,0.9,0.9,0.9,0.9,0.9,0.9,0.9,0.9,0.9,0.9,0.9,0.9,0.9,0.9,0.9,0.9,0.9,0.9,0.9,0.9,0.9,0.9,0.9,0.9,0.9,0.9,0.9,0.9,0.9,0.9,0.9,0.9
98,3.2666666666666666,0.47779933,0.21810305,0.00041683682,0.95,0.4874836,0.20779018,0.0038314515,0.95,0.5064097,0.21764344,0.0045932336,0.95,0.50231546,0.20884544,0.0045762155,0.95,0.45876357,0.20407876,-0.00074887066,0.95,0.46183348,0.20871097,0.0032293764,0.95,0.44751558,0.20174558,0.00997817,0.95,0.5217145,0.22215119,-0.006407663,0.95,0.43104854,0.21479845,-0.0015578697,0.95,0.4820193,0.23463196,0.0027560864,0.95,0.4585898,0.23267093,-4.9827428e-05,0.95,0.5851486,0.30969295,-0.0030666988,0.95,0.37193924,0.30714405,-0.016151728,0.95,0.6431478,0.38060224,0.006565866,0.95,0.29481417,0.38582766,0.0015311636,0.95,0.6477971,0.4151993,0.010653094,0.95,0.33199763,0.42547256,-0.0048206244,0.95,0.6517531,0.42382607,0.010375447,0.95,0.32918245,0.42575106,-0.0077344505,0.95,0.63530195,0.42148444,0.00957023,0.95,0.34403366,0.43061864,-0.022908965,0.95,0.6426271,0.42317793,0.009113746,0.95,0.33734465,0.43382615,-0.0023132188,0.95,0.53799385,0.49752077,0.012688033,0.95,0.40763888,0.49883038,-0.0007428424,0.95,0.58397645,0.6314795,0.009984186,0.95,0.3883102,0.63500816,0.005014144,0.95,0.54395443,0.7462774,0.37686014,0.95,0.406664,0.7497915,0.25825438,0.95,0.5331576,0.7497191,0.4226483,0.95,0.4364519,0.75683135,0.28448936,0.95,0.56238467,0.81713945,0.19993144,0.95,0.40497017,0.8146343,0.10034135,0.95,0.9,0.9,0.9,0.9,0.9,0.9,0.9,0.9,0.9,0.9,0.9,0.9,0.9,0.9,0.9,0.9,0.9,0.9,0.9,0.9,0.9,0.9,0.9,0.9,0.9,0.9,0.9,0.9,0.9,0.9,0.9,0.9,0.9
99,3.3,0.47779936,0.21810305,0.00041684427,0.95,0.48748362,0.20779017,0.003831446,0.95,0.5064097,0.21764344,0.0045932373,0.95,0.50231546,0.20884544,0.0045762174,0.95,0.45876357,0.20407876,-0.00074886135,0.95,0.46183348,0.20871098,0.0032293652,0.95,0.44751558,0.20174558,0.00997817,0.95,0.5217145,0.22215119,-0.006407663,0.95,0.43104857,0.21479848,-0.0015578753,0.95,0.4820193,0.23463197,0.0027560864,0.95,0.4585898,0.23267093,-4.9834878e-05,0.95,0.5851486,0.30969295,-0.0030667062,0.95,0.37193924,0.30714405,-0.016151713,0.95,0.6431479,0.38060227,0.0065658735,0.95,0.29481417,0.38582766,0.0015311524,0.95,0.6477971,0.4151993,0.010653109,0.95,0.33199763,0.42547256,-0.004820632,0.95,0.6517531,0.4238261,0.010375458,0.95,0.32918245,0.4257511,-0.0077344356,0.95,0.63530195,0.42148447,0.00957023,0.95,0.34403366,0.43061867,-0.022908965,0.95,0.6426271,0.42317796,0.009113738,0.95,0.33734465,0.43382615,-0.00231323,0.95,0.53799385,0.49752077,0.012688035,0.95,0.40763888,0.49883038,-0.00074283866,0.95,0.58397645,0.6314795,0.009984193,0.95,0.38831022,0.6350082,0.005014144,0.95,0.54395443,0.7462774,0.37686017,0.95,0.406664,0.7497915,0.2582544,0.95,0.5331576,0.7497191,0.42264837,0.95,0.43645194,0.75683135,0.28448936,0.95,0.56238467,0.81713945,0.19993146,0.95,0.40497017,0.8146343,0.10034137,0.95,0.9,0.9,0.9,0.9,0.9,0.9,0.9,0.9,0.9,0.9,0.9,0.9,0.9,0.9,0.9,0.9,0.9,0.9,0.9,0.9,0.9,0.9,0.9,0.9,0.9,0.9,0.9,0.9,0.9,0.9,0.9,0.9,0.9
100,3.3333333333333335,0.47779936,0.21810304,0.00041685172,0.95,0.48748362,0.20779017,0.003831446,0.95,0.5064097,0.21764344,0.0045932317,0.95,0.50231546,0.20884544,0.0045762174,0.95,0.45876357,0.20407873,-0.00074886135,0.95,0.46183348,0.20871098,0.0032293708,0.95,0.44751558,0.20174558,0.009978168,0.95,0.52171457,0.22215119,-0.0064076483,0.95,0.43104857,0.2147985,-0.0015578772,0.95,0.48201934,0.23463197,0.002756079,0.95,0.4585898,0.23267093,-4.984978e-05,0.95,0.5851486,0.30969295,-0.0030667174,0.95,0.37193924,0.30714405,-0.016151728,0.95,0.6431479,0.38060227,0.006565892,0.95,0.2948142,0.3858277,0.0015311599,0.95,0.64779717,0.41519934,0.010653109,0.95,0.3319976,0.42547256,-0.004820632,0.95,0.6517531,0.42382613,0.010375458,0.95,0.32918245,0.4257511,-0.007734447,0.95,0.63530195,0.42148447,0.009570219,0.95,0.34403366,0.43061867,-0.022908935,0.95,0.6426271,0.42317796,0.009113735,0.95,0.33734465,0.43382615,-0.0023132262,0.95,0.53799385,0.49752077,0.012688039,0.95,0.40763888,0.49883038,-0.00074283866,0.95,0.58397645,0.6314795,0.009984195,0.95,0.38831025,0.6350082,0.0050141383,0.95,0.54395443,0.7462774,0.3768602,0.95,0.406664,0.7497915,0.25825444,0.95,0.5331576,0.7497191,0.42264837,0.95,0.43645194,0.7568314,0.28448945,0.95,0.56238467,0.81713945,0.19993147,0.95,0.40497017,0.8146343,0.10034139,0.95,0.9,0.9,0.9,0.9,0.9,0.9,0.9,0.9,0.9,0.9,0.9,0.9,0.9,0.9,0.9,0.9,0.9,0.9,0.9,0.9,0.9,0.9,0.9,0.9,0.9,0.9,0.9,0.9,0.9,0.9,0.9,0.9,0.9
101,3.3666666666666667,0.47779936,0.21810302,0.00041685172,0.95,0.48748362,0.20779018,0.003831444,0.95,0.5064097,0.21764344,0.0045932224,0.95,0.50231546,0.20884545,0.004576223,0.95,0.4587636,0.20407876,-0.00074885576,0.95,0.46183348,0.208711,0.0032293652,0.95,0.44751558,0.20174558,0.009978164,0.95,0.52171457,0.22215119,-0.006407641,0.95,0.43104857,0.2147985,-0.0015578772,0.95,0.48201934,0.23463197,0.0027560752,0.95,0.4585898,0.23267093,-4.9860955e-05,0.95,0.5851486,0.30969292,-0.0030667249,0.95,0.37193924,0.30714405,-0.01615172,0.95,0.6431479,0.38060227,0.0065659108,0.95,0.29481423,0.3858277,0.0015311524,0.95,0.64779717,0.41519934,0.01065312,0.95,0.3319976,0.42547256,-0.0048206206,0.95,0.6517531,0.42382613,0.010375447,0.95,0.32918245,0.4257511,-0.0077344542,0.95,0.635302,0.4214845,0.009570211,0.95,0.34403366,0.43061867,-0.022908928,0.95,0.6426271,0.423178,0.009113738,0.95,0.33734462,0.43382615,-0.0023132337,0.95,0.53799385,0.49752077,0.012688041,0.95,0.40763888,0.49883038,-0.00074283866,0.95,0.58397645,0.6314795,0.009984197,0.95,0.38831025,0.6350082,0.005014129,0.95,0.54395443,0.7462774,0.37686023,0.95,0.406664,0.7497915,0.25825447,0.95,0.5331576,0.7497191,0.4226484,0.95,0.43645194,0.7568314,0.28448948,0.95,0.5623847,0.81713945,0.1999315,0.95,0.40497017,0.8146343,0.100341395,0.95,0.9,0.9,0.9,0.9,0.9,0.9,0.9,0.9,0.9,0.9,0.9,0.9,0.9,0.9,0.9,0.9,0.9,0.9,0.9,0.9,0.9,0.9,0.9,0.9,0.9,0.9,0.9,0.9,0.9,0.9,0.9,0.9,0.9
102,3.4,0.47779936,0.21810302,0.00041686662,0.95,0.48748362,0.20779018,0.0038314497,0.95,0.5064097,0.21764344,0.0045932205,0.95,0.50231546,0.20884547,0.0045762155,0.95,0.45876357,0.20407876,-0.00074885576,0.95,0.46183345,0.208711,0.0032293708,0.95,0.44751555,0.20174558,0.009978162,0.95,0.52171457,0.22215116,-0.0064076483,0.95,0.43104857,0.21479851,-0.0015578828,0.95,0.48201934,0.23463197,0.0027560678,0.95,0.45858982,0.23267093,-4.9868406e-05,0.95,0.58514863,0.30969292,-0.0030667398,0.95,0.37193924,0.30714405,-0.016151713,0.95,0.64314795,0.3806023,0.006565933,0.95,0.29481423,0.3858277,0.0015311487,0.95,0.6477972,0.41519937,0.010653128,0.95,0.3319976,0.42547256,-0.0048206206,0.95,0.6517531,0.42382616,0.010375439,0.95,0.32918245,0.4257511,-0.0077344393,0.95,0.635302,0.4214845,0.009570215,0.95,0.34403366,0.43061867,-0.022908913,0.95,0.6426271,0.423178,0.009113731,0.95,0.3373446,0.43382618,-0.0023132374,0.95,0.53799385,0.49752077,0.012688041,0.95,0.40763888,0.49883038,-0.00074283866,0.95,0.58397645,0.6314795,0.009984205,0.95,0.38831025,0.6350082,0.005014127,0.95,0.54395443,0.7462774,0.37686026,0.95,0.406664,0.7497915,0.2582545,0.95,0.5331575,0.7497191,0.42264843,0.95,0.43645194,0.7568314,0.2844895,0.95,0.5623847,0.81713945,0.1999315,0.95,0.40497017,0.8146343,0.10034141,0.95,0.9,0.9,0.9,0.9,0.9,0.9,0.9,0.9,0.9,0.9,0.9,0.9,0.9,0.9,0.9,0.9,0.9,0.9,0.9,0.9,0.9,0.9,0.9,0.9,0.9,0.9,0.9,0.9,0.9,0.9,0.9,0.9,0.9
103,3.433333333333333,0.47779936,0.21810302,0.00041687035,0.95,0.48748362,0.2077902,0.003831444,0.95,0.5064097,0.21764344,0.0045932205,0.95,0.50231546,0.20884548,0.0045762155,0.95,0.45876357,0.20407878,-0.0007488651,0.95,0.46183345,0.20871101,0.0032293708,0.95,0.44751555,0.2017456,0.009978158,0.95,0.52171457,0.22215116,-0.006407637,0.95,0.4310486,0.21479851,-0.0015578828,0.95,0.48201936,0.23463199,0.002756064,0.95,0.45858982,0.23267093,-4.987213e-05,0.95,0.58514863,0.30969292,-0.0030667472,0.95,0.3719392,0.30714405,-0.01615172,0.95,0.64314795,0.3806023,0.006565948,0.95,0.29481423,0.3858277,0.001531145,0.95,0.6477972,0.41519937,0.010653139,0.95,0.3319976,0.4254726,-0.004820628,0.95,0.6517531,0.42382616,0.010375439,0.95,0.32918245,0.4257511,-0.0077344356,0.95,0.635302,0.42148453,0.009570215,0.95,0.34403366,0.43061867,-0.022908913,0.95,0.6426271,0.42317802,0.009113731,0.95,0.33734462,0.43382618,-0.0023132411,0.95,0.53799385,0.49752077,0.012688043,0.95,0.4076389,0.49883038,-0.00074283866,0.95,0.58397645,0.6314795,0.009984205,0.95,0.38831028,0.6350082,0.005014129,0.95,0.54395443,0.74627733,0.3768603,0.95,0.406664,0.7497915,0.2582545,0.95,0.5331575,0.7497191,0.42264846,0.95,0.43645194,0.7568314,0.28448954,0.95,0.5623847,0.81713945,0.19993155,0.95,0.40497017,0.8146344,0.100341424,0.95,0.9,0.9,0.9,0.9,0.9,0.9,0.9,0.9,0.9,0.9,0.9,0.9,0.9,0.9,0.9,0.9,0.9,0.9,0.9,0.9,0.9,0.9,0.9,0.9,0.9,0.9,0.9,0.9,0.9,0.9,0.9,0.9,0.9
104,3.466666666666667,0.47779936,0.21810302,0.00041688152,0.95,0.48748365,0.20779018,0.0038314404,0.95,0.5064097,0.21764344,0.004593217,0.95,0.50231546,0.20884548,0.004576212,0.95,0.4587636,0.20407878,-0.00074886135,0.95,0.46183345,0.20871101,0.0032293596,0.95,0.44751555,0.2017456,0.009978155,0.95,0.52171457,0.22215115,-0.0064076297,0.95,0.4310486,0.2147985,-0.0015578809,0.95,0.48201936,0.23463197,0.0027560622,0.95,0.45858982,0.23267093,-4.987213e-05,0.95,0.58514863,0.30969292,-0.0030667547,0.95,0.3719392,0.30714405,-0.01615172,0.95,0.64314795,0.3806023,0.0065659555,0.95,0.29481426,0.38582772,0.001531145,0.95,0.6477972,0.41519937,0.01065315,0.95,0.33199757,0.4254726,-0.004820628,0.95,0.6517531,0.4238262,0.010375439,0.95,0.32918245,0.4257511,-0.0077344393,0.95,0.635302,0.42148453,0.009570215,0.95,0.34403366,0.43061867,-0.022908906,0.95,0.6426271,0.42317802,0.00911372,0.95,0.33734462,0.43382618,-0.0023132411,0.95,0.53799385,0.49752077,0.012688041,0.95,0.4076389,0.49883038,-0.00074283866,0.95,0.58397645,0.6314795,0.009984206,0.95,0.38831028,0.6350082,0.0050141253,0.95,0.5439545,0.7462774,0.37686035,0.95,0.406664,0.7497915,0.25825456,0.95,0.5331575,0.7497191,0.4226485,0.95,0.43645197,0.7568314,0.28448957,0.95,0.5623847,0.81713945,0.19993155,0.95,0.40497017,0.8146344,0.10034143,0.95,0.9,0.9,0.9,0.9,0.9,0.9,0.9,0.9,0.9,0.9,0.9,0.9,0.9,0.9,0.9,0.9,0.9,0.9,0.9,0.9,0.9,0.9,0.9,0.9,0.9,0.9,0.9,0.9,0.9,0.9,0.9,0.9,0.9
105,3.5,0.47779936,0.21810302,0.00041688152,0.95,0.48748365,0.20779018,0.003831444,0.95,0.5064097,0.21764344,0.0045932205,0.95,0.50231546,0.20884548,0.004576212,0.95,0.4587636,0.20407878,-0.0007488539,0.95,0.46183345,0.20871101,0.0032293708,0.95,0.44751555,0.20174558,0.009978155,0.95,0.52171457,0.22215116,-0.006407615,0.95,0.4310486,0.21479848,-0.0015578828,0.95,0.48201936,0.23463199,0.0027560566,0.95,0.45858985,0.23267093,-4.987958e-05,0.95,0.58514863,0.30969292,-0.0030667621,0.95,0.3719392,0.30714405,-0.01615172,0.95,0.643148,0.3806023,0.0065659704,0.95,0.29481426,0.38582772,0.0015311412,0.95,0.6477972,0.4151994,0.010653154,0.95,0.33199754,0.4254726,-0.004820643,0.95,0.6517531,0.4238262,0.010375439,0.95,0.32918245,0.4257511,-0.0077344393,0.95,0.635302,0.42148453,0.009570215,0.95,0.34403363,0.43061867,-0.022908906,0.95,0.6426271,0.42317802,0.009113716,0.95,0.3373446,0.43382618,-0.0023132374,0.95,0.53799385,0.49752077,0.012688043,0.95,0.4076389,0.49883038,-0.00074283493,0.95,0.58397645,0.63147944,0.009984212,0.95,0.38831028,0.6350082,0.0050141215,0.95,0.5439545,0.74627733,0.37686035,0.95,0.406664,0.7497915,0.25825456,0.95,0.5331575,0.7497191,0.4226485,0.95,0.43645197,0.7568314,0.2844896,0.95,0.5623847,0.81713945,0.19993158,0.95,0.40497017,0.8146344,0.10034145,0.95,0.9,0.9,0.9,0.9,0.9,0.9,0.9,0.9,0.9,0.9,0.9,0.9,0.9,0.9,0.9,0.9,0.9,0.9,0.9,0.9,0.9,0.9,0.9,0.9,0.9,0.9,0.9,0.9,0.9,0.9,0.9,0.9,0.9
106,3.533333333333333,0.47779936,0.21810302,0.00041688525,0.95,0.48748365,0.2077902,0.003831446,0.95,0.5064097,0.21764344,0.0045932205,0.95,0.50231546,0.20884548,0.0045762043,0.95,0.4587636,0.2040788,-0.00074885576,0.95,0.46183345,0.20871101,0.0032293652,0.95,0.44751555,0.2017456,0.009978151,0.95,0.52171457,0.22215115,-0.006407611,0.95,0.4310486,0.2147985,-0.0015578828,0.95,0.48201936,0.23463197,0.0027560585,0.95,0.45858985,0.23267093,-4.9890758e-05,0.95,0.58514863,0.30969292,-0.0030667621,0.95,0.3719392,0.30714408,-0.01615172,0.95,0.64314795,0.3806023,0.0065659853,0.95,0.29481426,0.38582772,0.0015311524,0.95,0.6477972,0.4151994,0.010653154,0.95,0.33199757,0.4254726,-0.004820654,0.95,0.6517531,0.42382622,0.010375439,0.95,0.32918242,0.42575112,-0.0077344542,0.95,0.635302,0.42148456,0.009570215,0.95,0.34403363,0.4306187,-0.022908906,0.95,0.6426272,0.42317805,0.009113712,0.95,0.3373446,0.43382618,-0.0023132411,0.95,0.53799385,0.4975208,0.012688046,0.95,0.4076389,0.49883038,-0.00074283493,0.95,0.58397645,0.6314795,0.009984216,0.95,0.38831028,0.6350082,0.005014112,0.95,0.5439545,0.74627733,0.37686038,0.95,0.406664,0.7497915,0.2582546,0.95,0.5331575,0.7497191,0.42264852,0.95,0.43645197,0.7568314,0.28448963,0.95,0.5623847,0.81713945,0.19993159,0.95,0.40497017,0.8146344,0.10034145,0.95,0.9,0.9,0.9,0.9,0.9,0.9,0.9,0.9,0.9,0.9,0.9,0.9,0.9,0.9,0.9,0.9,0.9,0.9,0.9,0.9,0.9,0.9,0.9,0.9,0.9,0.9,0.9,0.9,0.9,0.9,0.9,0.9,0.9
107,3.566666666666667,0.47779936,0.21810304,0.00041689642,0.95,0.48748365,0.20779021,0.0038314515,0.95,0.5064097,0.21764344,0.0045932205,0.95,0.50231546,0.20884548,0.004576212,0.95,0.4587636,0.20407881,-0.0007488539,0.95,0.46183345,0.20871103,0.0032293652,0.95,0.44751555,0.20174558,0.009978149,0.95,0.52171457,0.22215115,-0.0064076185,0.95,0.4310486,0.2147985,-0.0015578958,0.95,0.4820194,0.23463197,0.0027560585,0.95,0.45858985,0.23267093,-4.9901933e-05,0.95,0.58514863,0.30969292,-0.0030667621,0.95,0.3719392,0.30714405,-0.016151728,0.95,0.643148,0.38060233,0.0065659964,0.95,0.29481426,0.38582772,0.0015311561,0.95,0.6477972,0.4151994,0.010653158,0.95,0.33199754,0.4254726,-0.004820654,0.95,0.6517531,0.42382622,0.010375447,0.95,0.32918242,0.4257511,-0.007734447,0.95,0.635302,0.42148456,0.009570207,0.95,0.34403363,0.4306187,-0.02290889,0.95,0.6426272,0.42317805,0.009113705,0.95,0.3373446,0.43382618,-0.0023132449,0.95,0.53799385,0.4975208,0.012688048,0.95,0.4076389,0.49883038,-0.00074283866,0.95,0.58397645,0.6314795,0.009984216,0.95,0.38831028,0.6350082,0.0050141066,0.95,0.5439545,0.74627733,0.37686038,0.95,0.406664,0.7497915,0.25825462,0.95,0.5331575,0.7497191,0.42264858,0.95,0.43645197,0.7568314,0.28448963,0.95,0.5623848,0.81713945,0.19993159,0.95,0.40497017,0.8146344,0.10034146,0.95,0.9,0.9,0.9,0.9,0.9,0.9,0.9,0.9,0.9,0.9,0.9,0.9,0.9,0.9,0.9,0.9,0.9,0.9,0.9,0.9,0.9,0.9,0.9,0.9,0.9,0.9,0.9,0.9,0.9,0.9,0.9,0.9,0.9
108,3.6,0.47779936,0.21810302,0.00041690015,0.95,0.48748365,0.2077902,0.0038314515,0.95,0.5064097,0.21764344,0.004593215,0.95,0.50231546,0.20884548,0.004576206,0.95,0.4587636,0.20407881,-0.0007488446,0.95,0.46183342,0.20871106,0.0032293708,0.95,0.44751555,0.2017456,0.009978155,0.95,0.52171457,0.22215115,-0.0064076185,0.95,0.4310486,0.21479851,-0.0015578921,0.95,0.4820194,0.23463197,0.0027560529,0.95,0.45858985,0.23267093,-4.9901933e-05,0.95,0.58514863,0.3096929,-0.0030667658,0.95,0.3719392,0.30714405,-0.016151736,0.95,0.643148,0.38060233,0.006566,0.95,0.29481423,0.38582772,0.0015311487,0.95,0.6477972,0.4151994,0.010653165,0.95,0.33199754,0.4254726,-0.0048206504,0.95,0.6517531,0.42382625,0.010375428,0.95,0.32918242,0.4257511,-0.0077344393,0.95,0.63530207,0.42148456,0.009570211,0.95,0.34403363,0.4306187,-0.02290889,0.95,0.6426272,0.42317805,0.0091137085,0.95,0.3373446,0.43382618,-0.0023132486,0.95,0.53799385,0.4975208,0.01268805,0.95,0.4076389,0.4988304,-0.00074283866,0.95,0.58397645,0.63147944,0.009984218,0.95,0.38831028,0.6350082,0.005014105,0.95,0.5439545,0.74627733,0.3768604,0.95,0.406664,0.7497915,0.25825465,0.95,0.5331575,0.7497191,0.42264858,0.95,0.43645197,0.7568314,0.28448966,0.95,0.5623848,0.81713945,0.19993159,0.95,0.40497017,0.8146344,0.10034147,0.95,0.9,0.9,0.9,0.9,0.9,0.9,0.9,0.9,0.9,0.9,0.9,0.9,0.9,0.9,0.9,0.9,0.9,0.9,0.9,0.9,0.9,0.9,0.9,0.9,0.9,0.9,0.9,0.9,0.9,0.9,0.9,0.9,0.9
109,3.6333333333333333,0.47779936,0.21810302,0.00041689642,0.95,0.48748365,0.2077902,0.003831446,0.95,0.5064097,0.21764344,0.004593211,0.95,0.50231546,0.20884553,0.00457621,0.95,0.4587636,0.20407882,-0.0007488446,0.95,0.46183342,0.20871106,0.0032293764,0.95,0.44751555,0.2017456,0.009978155,0.95,0.52171457,0.22215113,-0.006407611,0.95,0.4310486,0.21479851,-0.0015578921,0.95,0.4820194,0.23463197,0.002756038,0.95,0.45858985,0.23267093,-4.990566e-05,0.95,0.58514863,0.3096929,-0.0030667621,0.95,0.3719392,0.30714405,-0.016151728,0.95,0.643148,0.38060233,0.0065660076,0.95,0.29481426,0.38582772,0.0015311561,0.95,0.6477973,0.41519943,0.010653165,0.95,0.33199754,0.4254726,-0.0048206504,0.95,0.6517531,0.42382625,0.010375428,0.95,0.32918242,0.42575112,-0.0077344505,0.95,0.63530207,0.4214846,0.009570215,0.95,0.34403363,0.4306187,-0.022908876,0.95,0.6426272,0.42317805,0.009113697,0.95,0.3373446,0.43382618,-0.0023132486,0.95,0.53799385,0.4975208,0.012688052,0.95,0.40763894,0.4988304,-0.00074283866,0.95,0.58397645,0.63147944,0.009984223,0.95,0.3883103,0.6350082,0.005014103,0.95,0.5439545,0.74627733,0.3768604,0.95,0.406664,0.7497915,0.25825465,0.95,0.5331575,0.7497191,0.42264858,0.95,0.436452,0.7568314,0.28448966,0.95,0.5623848,0.81713945,0.19993159,0.95,0.40497017,0.8146344,0.10034148,0.95,0.9,0.9,0.9,0.9,0.9,0.9,0.9,0.9,0.9,0.9,0.9,0.9,0.9,0.9,0.9,0.9,0.9,0.9,0.9,0.9,0.9,0.9,0.9,0.9,0.9,0.9,0.9,0.9,0.9,0.9,0.9,0.9,0.9
110,3.6666666666666665,0.47779936,0.21810302,0.00041690015,0.95,0.48748365,0.2077902,0.003831446,0.95,0.5064097,0.21764344,0.0045932094,0.95,0.50231546,0.20884553,0.00457621,0.95,0.4587636,0.20407882,-0.0007488502,0.95,0.46183342,0.20871106,0.0032293764,0.95,0.44751555,0.20174558,0.009978155,0.95,0.52171457,0.22215113,-0.006407611,0.95,0.4310486,0.21479852,-0.0015578902,0.95,0.4820194,0.23463197,0.0027560361,0.95,0.45858985,0.23267093,-4.991311e-05,0.95,0.5851487,0.3096929,-0.0030667733,0.95,0.3719392,0.30714405,-0.016151728,0.95,0.643148,0.38060233,0.006566015,0.95,0.29481426,0.38582772,0.0015311561,0.95,0.6477973,0.41519943,0.010653173,0.95,0.3319975,0.42547262,-0.004820658,0.95,0.6517531,0.42382625,0.010375428,0.95,0.32918242,0.42575112,-0.0077344505,0.95,0.63530207,0.4214846,0.009570207,0.95,0.34403363,0.4306187,-0.022908868,0.95,0.6426272,0.42317805,0.009113697,0.95,0.3373446,0.43382618,-0.0023132486,0.95,0.53799385,0.4975208,0.012688052,0.95,0.40763894,0.4988304,-0.00074283866,0.95,0.58397645,0.63147944,0.009984223,0.95,0.3883103,0.6350082,0.005014105,0.95,0.5439545,0.74627733,0.37686047,0.95,0.406664,0.7497915,0.25825468,0.95,0.5331575,0.7497191,0.42264858,0.95,0.436452,0.7568314,0.28448972,0.95,0.5623848,0.81713945,0.1999316,0.95,0.4049702,0.8146344,0.100341484,0.95,0.9,0.9,0.9,0.9,0.9,0.9,0.9,0.9,0.9,0.9,0.9,0.9,0.9,0.9,0.9,0.9,0.9,0.9,0.9,0.9,0.9,0.9,0.9,0.9,0.9,0.9,0.9,0.9,0.9,0.9,0.9,0.9,0.9
111,3.7,0.47779936,0.21810302,0.00041690387,0.95,0.48748365,0.2077902,0.003831446,0.95,0.5064097,0.21764342,0.0045932,0.95,0.50231546,0.20884551,0.004576212,0.95,0.4587636,0.20407882,-0.0007488502,0.95,0.46183342,0.20871107,0.0032293764,0.95,0.44751552,0.2017456,0.009978155,0.95,0.52171457,0.22215113,-0.006407611,0.95,0.4310486,0.21479852,-0.0015578958,0.95,0.4820194,0.23463197,0.0027560361,0.95,0.45858985,0.23267093,-4.9916835e-05,0.95,0.5851487,0.3096929,-0.0030667845,0.95,0.3719392,0.30714405,-0.016151728,0.95,0.643148,0.38060233,0.006566019,0.95,0.29481423,0.38582772,0.0015311599,0.95,0.6477973,0.41519943,0.010653176,0.95,0.33199754,0.42547262,-0.0048206653,0.95,0.6517531,0.42382628,0.010375417,0.95,0.32918242,0.42575112,-0.0077344617,0.95,0.63530207,0.4214846,0.009570207,0.95,0.34403363,0.4306187,-0.022908868,0.95,0.6426272,0.42317808,0.009113694,0.95,0.3373446,0.43382618,-0.0023132486,0.95,0.53799385,0.4975208,0.012688052,0.95,0.40763894,0.4988304,-0.00074283493,0.95,0.58397645,0.6314795,0.009984231,0.95,0.3883103,0.6350082,0.005014101,0.95,0.5439545,0.74627733,0.3768605,0.95,0.406664,0.7497915,0.25825468,0.95,0.5331575,0.7497191,0.4226486,0.95,0.436452,0.7568314,0.28448972,0.95,0.5623848,0.81713945,0.1999316,0.95,0.4049702,0.8146344,0.10034149,0.95,0.9,0.9,0.9,0.9,0.9,0.9,0.9,0.9,0.9,0.9,0.9,0.9,0.9,0.9,0.9,0.9,0.9,0.9,0.9,0.9,0.9,0.9,0.9,0.9,0.9,0.9,0.9,0.9,0.9,0.9,0.9,0.9,0.9
112,3.7333333333333334,0.47779936,0.21810302,0.0004169076,0.95,0.48748365,0.2077902,0.003831446,0.95,0.5064097,0.21764342,0.0045932,0.95,0.50231546,0.20884553,0.004576212,0.95,0.4587636,0.20407882,-0.0007488502,0.95,0.46183342,0.20871109,0.003229382,0.95,0.44751552,0.2017456,0.009978157,0.95,0.52171457,0.22215113,-0.0064076073,0.95,0.43104863,0.21479852,-0.0015578883,0.95,0.4820194,0.23463197,0.0027560361,0.95,0.45858988,0.23267093,-4.9924285e-05,0.95,0.5851487,0.3096929,-0.0030667845,0.95,0.3719392,0.30714405,-0.01615172,0.95,0.643148,0.38060236,0.0065660262,0.95,0.29481423,0.38582772,0.0015311599,0.95,0.6477973,0.41519943,0.010653176,0.95,0.33199754,0.42547262,-0.0048206653,0.95,0.6517531,0.42382628,0.010375417,0.95,0.3291824,0.42575112,-0.0077344617,0.95,0.63530207,0.4214846,0.009570207,0.95,0.34403363,0.4306187,-0.02290886,0.95,0.6426272,0.42317808,0.009113697,0.95,0.3373446,0.43382618,-0.0023132449,0.95,0.53799385,0.4975208,0.012688056,0.95,0.40763894,0.4988304,-0.00074283866,0.95,0.58397645,0.6314795,0.009984231,0.95,0.3883103,0.6350082,0.005014103,0.95,0.5439545,0.74627733,0.3768605,0.95,0.406664,0.7497915,0.25825468,0.95,0.5331575,0.7497191,0.42264867,0.95,0.436452,0.7568314,0.28448972,0.95,0.5623848,0.81713945,0.1999316,0.95,0.40497017,0.8146344,0.1003415,0.95,0.9,0.9,0.9,0.9,0.9,0.9,0.9,0.9,0.9,0.9,0.9,0.9,0.9,0.9,0.9,0.9,0.9,0.9,0.9,0.9,0.9,0.9,0.9,0.9,0.9,0.9,0.9,0.9,0.9,0.9,0.9,0.9,0.9
113,3.7666666666666666,0.47779936,0.21810304,0.00041691132,0.95,0.48748365,0.20779023,0.003831446,0.95,0.5064097,0.21764342,0.0045932,0.95,0.50231546,0.20884553,0.004576212,0.95,0.4587636,0.20407882,-0.0007488651,0.95,0.46183342,0.20871109,0.003229382,0.95,0.44751552,0.2017456,0.009978153,0.95,0.52171457,0.22215113,-0.006407596,0.95,0.43104863,0.21479854,-0.0015578921,0.95,0.4820194,0.23463197,0.0027560305,0.95,0.45858988,0.23267093,-4.9916835e-05,0.95,0.5851487,0.3096929,-0.003066792,0.95,0.3719392,0.30714405,-0.016151728,0.95,0.643148,0.38060236,0.0065660337,0.95,0.29481426,0.38582775,0.0015311561,0.95,0.6477973,0.41519946,0.010653184,0.95,0.3319975,0.42547262,-0.004820658,0.95,0.6517531,0.4238263,0.010375417,0.95,0.3291824,0.4257511,-0.0077344654,0.95,0.63530207,0.4214846,0.009570204,0.95,0.34403363,0.4306187,-0.02290886,0.95,0.6426272,0.42317808,0.009113705,0.95,0.3373446,0.4338262,-0.0023132449,0.95,0.53799385,0.4975208,0.012688054,0.95,0.40763894,0.4988304,-0.00074283493,0.95,0.58397645,0.6314795,0.009984225,0.95,0.3883103,0.6350082,0.0050140973,0.95,0.5439545,0.74627733,0.37686053,0.95,0.406664,0.7497915,0.2582547,0.95,0.5331575,0.7497191,0.42264867,0.95,0.436452,0.7568314,0.28448975,0.95,0.5623848,0.81713945,0.19993159,0.95,0.40497017,0.81463444,0.10034151,0.95,0.9,0.9,0.9,0.9,0.9,0.9,0.9,0.9,0.9,0.9,0.9,0.9,0.9,0.9,0.9,0.9,0.9,0.9,0.9,0.9,0.9,0.9,0.9,0.9,0.9,0.9,0.9,0.9,0.9,0.9,0.9,0.9,0.9
114,3.8,0.47779936,0.21810302,0.00041691132,0.95,0.48748365,0.20779023,0.0038314497,0.95,0.5064097,0.21764341,0.004593198,0.95,0.50231546,0.20884553,0.00457621,0.95,0.4587636,0.20407882,-0.0007488651,0.95,0.46183342,0.20871109,0.0032293932,0.95,0.44751552,0.2017456,0.009978155,0.95,0.52171457,0.22215115,-0.006407596,0.95,0.43104863,0.21479854,-0.0015578921,0.95,0.48201942,0.23463197,0.0027560324,0.95,0.45858988,0.23267095,-4.9924285e-05,0.95,0.5851487,0.3096929,-0.0030667882,0.95,0.3719392,0.30714405,-0.01615172,0.95,0.643148,0.38060236,0.0065660374,0.95,0.29481423,0.38582775,0.0015311487,0.95,0.6477973,0.41519946,0.010653191,0.95,0.3319975,0.42547262,-0.0048206616,0.95,0.6517531,0.4238263,0.010375409,0.95,0.3291824,0.4257511,-0.0077344766,0.95,0.63530207,0.42148462,0.009570204,0.95,0.3440336,0.4306187,-0.02290886,0.95,0.6426272,0.42317808,0.00911369,0.95,0.3373446,0.4338262,-0.0023132449,0.95,0.53799385,0.4975208,0.012688054,0.95,0.40763894,0.4988304,-0.00074283866,0.95,0.58397645,0.6314795,0.0099842325,0.95,0.3883103,0.6350082,0.0050140936,0.95,0.5439545,0.74627733,0.37686053,0.95,0.406664,0.7497915,0.2582547,0.95,0.5331575,0.7497191,0.42264867,0.95,0.436452,0.7568314,0.28448975,0.95,0.5623848,0.81713945,0.19993162,0.95,0.40497017,0.81463444,0.10034151,0.95,0.9,0.9,0.9,0.9,0.9,0.9,0.9,0.9,0.9,0.9,0.9,0.9,0.9,0.9,0.9,0.9,0.9,0.9,0.9,0.9,0.9,0.9,0.9,0.9,0.9,0.9,0.9,0.9,0.9,0.9,0.9,0.9,0.9
115,3.8333333333333335,0.47779936,0.21810302,0.00041691505,0.95,0.48748365,0.20779023,0.003831446,0.95,0.5064097,0.21764341,0.004593204,0.95,0.50231546,0.20884553,0.0045762155,0.95,0.4587636,0.20407882,-0.00074886694,0.95,0.46183342,0.20871109,0.0032293876,0.95,0.44751552,0.2017456,0.009978157,0.95,0.52171457,0.22215115,-0.006407596,0.95,0.43104863,0.21479855,-0.0015578921,0.95,0.48201942,0.23463197,0.0027560305,0.95,0.45858988,0.23267093,-4.992801e-05,0.95,0.5851487,0.30969286,-0.0030667956,0.95,0.3719392,0.30714405,-0.016151728,0.95,0.643148,0.38060236,0.0065660374,0.95,0.29481423,0.38582775,0.0015311487,0.95,0.6477973,0.41519946,0.010653191,0.95,0.3319975,0.42547262,-0.004820658,0.95,0.6517531,0.4238263,0.010375417,0.95,0.3291824,0.4257511,-0.0077344654,0.95,0.63530207,0.42148462,0.009570207,0.95,0.3440336,0.4306187,-0.022908846,0.95,0.6426272,0.4231781,0.009113697,0.95,0.3373446,0.4338262,-0.0023132449,0.95,0.53799385,0.4975208,0.012688056,0.95,0.40763894,0.4988304,-0.00074283866,0.95,0.58397645,0.63147944,0.0099842325,0.95,0.38831034,0.6350082,0.0050140917,0.95,0.5439545,0.74627733,0.37686053,0.95,0.406664,0.7497915,0.2582547,0.95,0.5331575,0.7497191,0.4226487,0.95,0.436452,0.7568314,0.28448975,0.95,0.5623848,0.81713945,0.19993162,0.95,0.4049702,0.81463444,0.100341514,0.95,0.9,0.9,0.9,0.9,0.9,0.9,0.9,0.9,0.9,0.9,0.9,0.9,0.9,0.9,0.9,0.9,0.9,0.9,0.9,0.9,0.9,0.9,0.9,0.9,0.9,0.9,0.9,0.9,0.9,0.9,0.9,0.9,0.9
116,3.8666666666666667,0.47779936,0.21810302,0.00041691505,0.95,0.48748368,0.20779024,0.0038314404,0.95,0.5064097,0.2176434,0.0045931926,0.95,0.50231546,0.20884548,0.0045762155,0.95,0.4587636,0.20407882,-0.00074887066,0.95,0.46183342,0.20871106,0.003229382,0.95,0.44751552,0.20174557,0.009978158,0.95,0.52171457,0.22215115,-0.006407596,0.95,0.43104863,0.21479854,-0.0015578921,0.95,0.48201942,0.23463197,0.0027560305,0.95,0.45858988,0.23267092,-4.992801e-05,0.95,0.5851487,0.30969286,-0.0030667956,0.95,0.37193918,0.30714405,-0.016151728,0.95,0.643148,0.3806024,0.0065660523,0.95,0.29481423,0.38582775,0.0015311487,0.95,0.6477973,0.41519946,0.010653202,0.95,0.33199748,0.42547262,-0.004820658,0.95,0.6517531,0.4238263,0.010375428,0.95,0.32918242,0.42575112,-0.007734458,0.95,0.63530207,0.4214846,0.009570178,0.95,0.34403363,0.4306187,-0.022908846,0.95,0.6426272,0.4231781,0.009113705,0.95,0.33734456,0.4338262,-0.0023132598,0.95,0.53799385,0.4975208,0.012688054,0.95,0.40763894,0.4988304,-0.00074283493,0.95,0.58397645,0.6314795,0.009984236,0.95,0.38831034,0.6350082,0.0050140955,0.95,0.5439545,0.74627733,0.37686062,0.95,0.40666404,0.7497915,0.2582547,0.95,0.5331575,0.7497191,0.42264876,0.95,0.436452,0.7568314,0.28448978,0.95,0.5623848,0.81713945,0.1999316,0.95,0.4049702,0.81463444,0.100341514,0.95,0.9,0.9,0.9,0.9,0.9,0.9,0.9,0.9,0.9,0.9,0.9,0.9,0.9,0.9,0.9,0.9,0.9,0.9,0.9,0.9,0.9,0.9,0.9,0.9,0.9,0.9,0.9,0.9,0.9,0.9,0.9,0.9,0.9
117,3.9,0.4777994,0.21810302,0.00041692995,0.95,0.48748368,0.20779024,0.0038314385,0.95,0.5064097,0.2176434,0.004593189,0.95,0.50231546,0.20884548,0.0045762155,0.95,0.4587636,0.20407882,-0.00074886694,0.95,0.4618334,0.20871106,0.003229382,0.95,0.44751552,0.20174557,0.00997816,0.95,0.52171457,0.22215115,-0.0064075887,0.95,0.43104863,0.21479854,-0.0015578921,0.95,0.48201942,0.23463197,0.0027560305,0.95,0.45858988,0.23267092,-4.992801e-05,0.95,0.5851487,0.30969286,-0.0030667956,0.95,0.37193918,0.30714405,-0.01615172,0.95,0.643148,0.3806024,0.00656606,0.95,0.29481426,0.38582775,0.0015311487,0.95,0.6477973,0.41519946,0.010653202,0.95,0.33199748,0.42547262,-0.004820658,0.95,0.6517532,0.4238263,0.010375428,0.95,0.32918242,0.42575112,-0.007734458,0.95,0.63530207,0.42148462,0.009570178,0.95,0.34403363,0.4306187,-0.022908846,0.95,0.6426272,0.4231781,0.009113694,0.95,0.33734456,0.4338262,-0.002313256,0.95,0.53799385,0.4975208,0.0126880575,0.95,0.40763894,0.4988304,-0.00074283866,0.95,0.58397645,0.6314795,0.009984238,0.95,0.38831034,0.6350082,0.0050140936,0.95,0.5439545,0.74627733,0.37686062,0.95,0.40666404,0.7497915,0.2582547,0.95,0.5331575,0.7497191,0.42264876,0.95,0.436452,0.7568314,0.28448978,0.95,0.5623848,0.81713945,0.1999316,0.95,0.4049702,0.81463444,0.10034152,0.95,0.9,0.9,0.9,0.9,0.9,0.9,0.9,0.9,0.9,0.9,0.9,0.9,0.9,0.9,0.9,0.9,0.9,0.9,0.9,0.9,0.9,0.9,0.9,0.9,0.9,0.9,0.9,0.9,0.9,0.9,0.9,0.9,0.9
118,3.933333333333333,0.47779936,0.218103,0.00041692995,0.95,0.48748368,0.20779024,0.0038314385,0.95,0.5064097,0.2176434,0.004593189,0.95,0.50231546,0.20884548,0.0045762174,0.95,0.4587636,0.20407882,-0.00074887066,0.95,0.4618334,0.20871106,0.003229382,0.95,0.44751552,0.20174557,0.009978158,0.95,0.52171457,0.22215115,-0.0064075887,0.95,0.43104863,0.21479854,-0.0015578921,0.95,0.48201942,0.23463197,0.0027560268,0.95,0.45858988,0.23267092,-4.992801e-05,0.95,0.5851487,0.30969286,-0.0030667956,0.95,0.37193918,0.30714405,-0.01615172,0.95,0.64314806,0.3806024,0.00656606,0.95,0.29481426,0.38582775,0.0015311487,0.95,0.6477973,0.41519946,0.010653202,0.95,0.3319975,0.42547262,-0.0048206616,0.95,0.6517532,0.42382634,0.010375417,0.95,0.3291824,0.42575112,-0.0077344542,0.95,0.63530207,0.42148462,0.009570178,0.95,0.34403363,0.4306187,-0.022908838,0.95,0.6426272,0.4231781,0.009113697,0.95,0.33734456,0.4338262,-0.002313256,0.95,0.53799385,0.4975208,0.012688059,0.95,0.40763894,0.4988304,-0.0007428312,0.95,0.58397645,0.6314795,0.009984242,0.95,0.38831034,0.6350082,0.0050140936,0.95,0.5439545,0.74627733,0.37686062,0.95,0.40666404,0.7497915,0.25825474,0.95,0.5331575,0.7497191,0.42264876,0.95,0.436452,0.7568314,0.28448978,0.95,0.5623848,0.81713945,0.19993159,0.95,0.4049702,0.81463444,0.10034152,0.95,0.9,0.9,0.9,0.9,0.9,0.9,0.9,0.9,0.9,0.9,0.9,0.9,0.9,0.9,0.9,0.9,0.9,0.9,0.9,0.9,0.9,0.9,0.9,0.9,0.9,0.9,0.9,0.9,0.9,0.9,0.9,0.9,0.9
