frame,timestamp,NOSE_x,NOSE_y,NOSE_z,NOSE_visibility,LEFT_EYE_INNER_x,LEFT_EYE_INNER_y,LEFT_EYE_INNER_z,LEFT_EYE_INNER_visibility,LEFT_EYE_x,LEFT_EYE_y,LEFT_EYE_z,LEFT_EYE_visibility,LEFT_EYE_OUTER_x,LEFT_EYE_OUTER_y,LEFT_EYE_OUTER_z,LEFT_EYE_OUTER_visibility,RIGHT_EYE_INNER_x,RIGHT_EYE_INNER_y,RIGHT_EYE_INNER_z,RIGHT_EYE_INNER_visibility,RIGHT_EYE_x,RIGHT_EYE_y,RIGHT_EYE_z,RIGHT_EYE_visibility,RIGHT_EYE_OUTER_x,RIGHT_EYE_OUTER_y,RIGHT_EYE_OUTER_z,RIGHT_EYE_OUTER_visibility,LEFT_EAR_x,LEFT_EAR_y,LEFT_EAR_z,LEFT_EAR_visibility,RIGHT_EAR_x,RIGHT_EAR_y,RIGHT_EAR_z,RIGHT_EAR_visibility,MOUTH_LEFT_x,MOUTH_LEFT_y,MOUTH_LEFT_z,MOUTH_LEFT_visibility,MOUTH_RIGHT_x,MOUTH_RIGHT_y,MOUTH_RIGHT_z,MOUTH_RIGHT_visibility,LEFT_SHOULDER_x,LEFT_SHOULDER_y,LEFT_SHOULDER_z,LEFT_SHOULDER_visibility,RIGHT_SHOULDER_x,RIGHT_SHOULDER_y,RIGHT_SHOULDER_z,RIGHT_SHOULDER_visibility,LEFT_ELBOW_x,LEFT_ELBOW_y,LEFT_ELBOW_z,LEFT_ELBOW_visibility,RIGHT_ELBOW_x,RIGHT_ELBOW_y,RIGHT_ELBOW_z,RIGHT_ELBOW_visibility,LEFT_WRIST_x,LEFT_WRIST_y,LEFT_WRIST_z,LEFT_WRIST_visibility,RIGHT_WRIST_x,RIGHT_WRIST_y,RIGHT_WRIST_z,RIGHT_WRIST_visibility,LEFT_PINKY_x,LEFT_PINKY_y,LEFT_PINKY_z,LEFT_PINKY_visibility,RIGHT_PINKY_x,RIGHT_PINKY_y,RIGHT_PINKY_z,RIGHT_PINKY_visibility,LEFT_INDEX_x,LEFT_INDEX_y,LEFT_INDEX_z,LEFT_INDEX_visibility,RIGHT_INDEX_x,RIGHT_INDEX_y,RIGHT_INDEX_z,RIGHT_INDEX_visibility,LEFT_THUMB_x,LEFT_THUMB_y,LEFT_THUMB_z,LEFT_THUMB_visibility,RIGHT_THUMB_x,RIGHT_THUMB_y,RIGHT_THUMB_z,RIGHT_THUMB_visibility,LEFT_HIP_x,LEFT_HIP_y,LEFT_HIP_z,LEFT_HIP_visibility,RIGHT_HIP_x,RIGHT_HIP_y,RIGHT_HIP_z,RIGHT_HIP_visibility,LEFT_KNEE_x,LEFT_KNEE_y,LEFT_KNEE_z,LEFT_KNEE_visibility,RIGHT_KNEE_x,RIGHT_KNEE_y,RIGHT_KNEE_z,RIGHT_KNEE_visibility,LEFT_ANKLE_x,LEFT_ANKLE_y,LEFT_ANKLE_z,LEFT_ANKLE_visibility,RIGHT_ANKLE_x,RIGHT_ANKLE_y,RIGHT_ANKLE_z,RIGHT_ANKLE_visibility,LEFT_HEEL_x,LEFT_HEEL_y,LEFT_HEEL_z,LEFT_HEEL_visibility,RIGHT_HEEL_x,RIGHT_HEEL_y,RIGHT_HEEL_z,RIGHT_HEEL_visibility,LEFT_FOOT_INDEX_x,LEFT_FOOT_INDEX_y,LEFT_FOOT_INDEX_z,LEFT_FOOT_INDEX_visibility,RIGHT_FOOT_INDEX_x,RIGHT_FOOT_INDEX_y,RIGHT_FOOT_INDEX_z,RIGHT_FOOT_INDEX_visibility,NOSE_quality,LEFT_EYE_INNER_quality,LEFT_EYE_quality,LEFT_EYE_OUTER_quality,RIGHT_EYE_INNER_quality,RIGHT_EYE_quality,RIGHT_EYE_OUTER_quality,LEFT_EAR_quality,RIGHT_EAR_quality,MOUTH_LEFT_quality,MOUTH_RIGHT_quality,LEFT_SHOULDER_quality,RIGHT_SHOULDER_quality,LEFT_ELBOW_quality,RIGHT_ELBOW_quality,LEFT_WRIST_quality,RIGHT_WRIST_quality,LEFT_PINKY_quality,RIGHT_PINKY_quality,LEFT_INDEX_quality,RIGHT_INDEX_quality,LEFT_THUMB_quality,RIGHT_THUMB_quality,LEFT_HIP_quality,RIGHT_HIP_quality,LEFT_KNEE_quality,RIGHT_KNEE_quality,LEFT_ANKLE_quality,RIGHT_ANKLE_quality,LEFT_HEEL_quality,RIGHT_HEEL_quality,LEFT_FOOT_INDEX_quality,RIGHT_FOOT_INDEX_quality
0,0.0,0.885984480381012,0.19778960943222046,0.0,0.9999947547912598,0.9027037024497986,0.1909562349319458,0.0,0.999993085861206,0.9129312038421631,0.19331049919128418,0.0,0.9999924898147583,0.9229567050933838,0.1958792805671692,0.0,0.9999961853027344,0.879306435585022,0.18794399499893188,0.0,0.9999880790710449,0.8718888759613037,0.188010573387146,0.0,0.9999816417694092,0.8637797832489014,0.1881309449672699,0.0,0.9999833106994629,0.9353751540184021,0.20789413154125214,0.0,0.9999967813491821,0.8478453755378723,0.19637927412986755,0.0,0.9999434947967529,0.8974161148071289,0.21586327254772186,0.0,0.9999935626983643,0.8653725385665894,0.2120421826839447,0.0,0.9999809265136719,0.9764708876609802,0.29653775691986084,0.0,0.999990701675415,0.7456834316253662,0.2638814449310303,0.0,0.9996354579925537,0.9819988012313843,0.3933788239955902,0.0,0.9479009509086609,0.5906383991241455,0.2236844301223755,0.0,0.9489952325820923,0.9169871211051941,0.4467100501060486,0.0,0.9707819223403931,0.6031849384307861,0.11544138193130493,0.0,0.963803231716156,0.882286012172699,0.4750155508518219,0.0,0.9638186097145081,0.6439560651779175,0.09741580486297607,0.0,0.9371568560600281,0.8665778040885925,0.4623003602027893,0.0,0.9666309356689453,0.6551581621170044,0.09605991840362549,0.0,0.9376800656318665,0.8717028498649597,0.45353156328201294,0.0,0.939460039138794,0.646367073059082,0.10228119045495987,0.0,0.9231410026550293,0.8362625241279602,0.47508949041366577,0.0,0.9997102618217468,0.7162507176399231,0.46316951513290405,0.09300902485847473,0.9994284510612488,0.7724803686141968,0.6041295528411865,0.0,0.5855687856674194,0.6658564209938049,0.5994061231613159,0.3280145823955536,0.21230030059814453,0.7518554925918579,0.7162638902664185,0.3525691032409668,0.7877114415168762,0.6683554649353027,0.6526591777801514,1.0,0.1509244441986084,0.7591497898101807,0.7282493114471436,0.3850879967212677,0.4300907254219055,0.6785794496536255,0.6485821008682251,1.0,0.13894671201705933,0.6984065771102905,0.7623306512832642,0.11288955807685852,0.8089973330497742,0.6509358882904053,0.6994297504425049,1.0,0.20269745588302612,high,high,high,high,high,high,high,high,high,high,high,high,high,high,high,high,high,high,high,high,high,high,high,high,high,medium,low,high,low,low,low,high,low
1,0.03333333333333333,0.8683607578277588,0.19722102582454681,0.0,0.9999940395355225,0.8851521611213684,0.19058430194854736,0.0,0.9999918937683105,0.8941403031349182,0.19281548261642456,0.0,0.9999912977218628,0.9024924635887146,0.19522491097450256,0.0,0.9999955296516418,0.8592559099197388,0.1872272938489914,0.0,0.9999860525131226,0.8505198955535889,0.18710824847221375,0.0,0.9999786615371704,0.8404988050460815,0.18703901767730713,0.0,0.9999805092811584,0.9116495847702026,0.20713257789611816,0.0,0.9999961853027344,0.8249664306640625,0.19589810073375702,0.0,0.9999327063560486,0.8779400587081909,0.21497483551502228,0.0,0.9999917149543762,0.8431110978126526,0.21147708594799042,0.0,0.9999756813049316,0.9528085589408875,0.29672759771347046,0.0,0.9999896287918091,0.7243598103523254,0.26439982652664185,0.0,0.9995645880699158,0.9736930131912231,0.39229366183280945,0.0,0.9471907615661621,0.5784357190132141,0.21604521572589874,0.0,0.943503737449646,0.9017541408538818,0.4455007016658783,0.0,0.9683893322944641,0.564927875995636,0.10597743093967438,0.0,0.9584766626358032,0.8681981563568115,0.4734421670436859,0.0,0.9607573747634888,0.5864666700363159,0.08838512003421783,0.0,0.9311042428016663,0.8533710241317749,0.4595522880554199,0.0,0.9636904001235962,0.5989693999290466,0.08626144379377365,0.0,0.9315958023071289,0.8582902550697327,0.45123928785324097,0.0,0.9361589550971985,0.5931399464607239,0.09219120442867279,0.0,0.9178144931793213,0.8229932188987732,0.47646564245224,0.0,0.999705970287323,0.703966498374939,0.463641881942749,0.09287168830633163,0.9994158744812012,0.7691546082496643,0.6045740842819214,0.0,0.6036468744277954,0.6498323678970337,0.5935711860656738,0.38582843542099,0.21040469408035278,0.7500190138816833,0.7166093587875366,0.22728419303894043,0.7927297353744507,0.656401515007019,0.6417319178581238,1.0,0.16004395484924316,0.7566342949867249,0.7288113832473755,0.24607793986797333,0.44218209385871887,0.6702913045883179,0.6374170780181885,1.0,0.1479955017566681,0.6985880136489868,0.7627288699150085,0.018246574327349663,0.8130428791046143,0.629118025302887,0.6930731534957886,0.999369204044342,0.21519003808498383,high,high,high,high,high,high,high,high,high,high,high,high,high,high,high,high,high,high,high,high,high,high,high,high,high,medium,low,high,low,low,low,high,low
2,0.06666666666666667,0.8495756387710571,0.19675779342651367,0.0,0.9999866485595703,0.8674720525741577,0.18970628082752228,0.0,0.9999808073043823,0.8760297298431396,0.19209301471710205,0.0,0.9999800324440002,0.8846314549446106,0.19470815360546112,0.0,0.9999901056289673,0.8424546122550964,0.18606071174144745,0.0,0.9999648332595825,0.832645058631897,0.1855582892894745,0.0,0.999946653842926,0.823335587978363,0.18521958589553833,0.0,0.9999508261680603,0.8876975178718567,0.2065614014863968,0.0,0.9999916553497314,0.8020614385604858,0.19337144494056702,0.0,0.9998320937156677,0.8571871519088745,0.21450261771678925,0.0,0.9999797344207764,0.8240200281143188,0.21077454090118408,0.0,0.9999386668205261,0.9323315024375916,0.2967294752597809,0.0,0.9999873042106628,0.6988282203674316,0.2643979787826538,0.0,0.9992935657501221,0.9610252976417542,0.3905002474784851,0.0,0.9431636929512024,0.5645415186882019,0.2077118158340454,0.0,0.9239289164543152,0.8907914161682129,0.4429891109466553,0.0,0.9647118449211121,0.5269168615341187,0.09682066738605499,0.0,0.9298287034034729,0.858783483505249,0.47136980295181274,0.0,0.9564746022224426,0.5520963668823242,0.07420964539051056,0.0,0.900777280330658,0.8443954586982727,0.457040011882782,0.0,0.9595954418182373,0.5610166192054749,0.07049961388111115,0.0,0.9016076326370239,0.8490142822265625,0.4487682282924652,0.0,0.9316222071647644,0.5553446412086487,0.07708403468132019,0.0,0.8898722529411316,0.8080219030380249,0.47690901160240173,0.0,0.9997093677520752,0.6878800988197327,0.4640374779701233,0.06085146218538284,0.9994062781333923,0.766782820224762,0.6075910925865173,0.0,0.614949643611908,0.6291513442993164,0.5911248326301575,0.28112277388572693,0.21339508891105652,0.7470983862876892,0.7175124883651733,0.22745126485824585,0.7954756617546082,0.6216229796409607,0.6409326791763306,0.7779858708381653,0.1718187928199768,0.751538872718811,0.7290016412734985,0.24286405742168427,0.4445880353450775,0.6328438520431519,0.6317203640937805,0.8270277976989746,0.15109218657016754,0.7003915309906006,0.7627507448196411,0.030826732516288757,0.8134817481040955,0.6068646907806396,0.6916974782943726,0.7411461472511292,0.22765643894672394,high,high,high,high,high,high,high,high,high,high,high,high,high,high,high,high,high,high,high,high,high,high,high,high,high,medium,low,high,low,low,low,high,low
3,0.1,0.8428828120231628,0.19663801789283752,0.0,0.9999772906303406,0.8596594333648682,0.1895214170217514,0.0,0.9999666213989258,0.8682640790939331,0.19181329011917114,0.0,0.9999653100967407,0.8761574625968933,0.19424885511398315,0.0,0.9999831318855286,0.8347974419593811,0.18575617671012878,0.0,0.9999390244483948,0.8259795904159546,0.18514272570610046,0.0,0.9999078512191772,0.8169999718666077,0.18467721343040466,0.0,0.999916136264801,0.8838363885879517,0.20617938041687012,0.0,0.9999856352806091,0.7992744445800781,0.19292281568050385,0.0,0.9997141361236572,0.8516260981559753,0.2142016589641571,0.0,0.9999648928642273,0.8171453475952148,0.21049538254737854,0.0,0.9998951554298401,0.9266386032104492,0.29670530557632446,0.0,0.9999843835830688,0.6948887705802917,0.26439741253852844,0.0,0.9990472197532654,0.9579114317893982,0.38985514640808105,0.0,0.9378987550735474,0.5585824251174927,0.20694713294506073,0.0,0.9062091708183289,0.8859025835990906,0.44120845198631287,0.0,0.9593316912651062,0.5204254984855652,0.09791256487369537,0.0,0.9049679636955261,0.8541901707649231,0.46922820806503296,0.0,0.9505009651184082,0.5416344404220581,0.07428161054849625,0.0,0.8746309876441956,0.8390259742736816,0.454690545797348,0.0,0.9538587331771851,0.5488497018814087,0.07060198485851288,0.0,0.8755630254745483,0.8437474370002747,0.44663771986961365,0.0,0.9250803589820862,0.5453532934188843,0.07776004076004028,0.0,0.8659310936927795,0.8022053241729736,0.47716912627220154,0.0,0.9997102618217468,0.6825665235519409,0.46412187814712524,0.055134475231170654,0.9993974566459656,0.7648980617523193,0.6090139150619507,0.0,0.6248631477355957,0.62224942445755,0.5899556279182434,0.2579365074634552,0.21720938384532928,0.7457067966461182,0.7184695601463318,0.23289750516414642,0.7977182269096375,0.6114366054534912,0.6421175599098206,0.746254563331604,0.18614749610424042,0.7495535016059875,0.7295831441879272,0.24907076358795166,0.4473404586315155,0.6226922869682312,0.6340657472610474,0.7938108444213867,0.15632860362529755,0.7007074356079102,0.7628557085990906,0.04119597002863884,0.8133569955825806,0.6006604433059692,0.6919625997543335,0.7024632096290588,0.24189814925193787,high,high,high,high,high,high,high,high,high,high,high,high,high,high,high,high,high,high,high,high,high,high,high,high,high,medium,low,high,low,low,low,high,low
4,0.13333333333333333,0.8294087052345276,0.19479933381080627,0.0,0.999970555305481,0.8465523719787598,0.187928706407547,0.0,0.9999573230743408,0.854886531829834,0.1902749389410019,0.0,0.9999572038650513,0.863163948059082,0.1927112638950348,0.0,0.9999791383743286,0.8218116760253906,0.18366730213165283,0.0,0.9999182224273682,0.8137217164039612,0.1830056607723236,0.0,0.9998770356178284,0.8040044903755188,0.18235062062740326,0.0,0.9998826384544373,0.867979884147644,0.2041732370853424,0.0,0.9999830722808838,0.7871307134628296,0.19095942378044128,0.0,0.9996169805526733,0.8371604084968567,0.21224179863929749,0.0,0.9999557733535767,0.8050749897956848,0.20840926468372345,0.0,0.9998618960380554,0.912019670009613,0.2966095805168152,0.0,0.9999821782112122,0.6794211268424988,0.2633439302444458,0.0,0.9985237121582031,0.9461451172828674,0.3875054717063904,0.0,0.9371260404586792,0.5473261475563049,0.1996993124485016,0.0,0.8764426708221436,0.8706135153770447,0.43935713171958923,0.0,0.9577967524528503,0.49604618549346924,0.0856526643037796,0.0,0.8579206466674805,0.8400098085403442,0.4677451550960541,0.0,0.9486305713653564,0.5255393385887146,0.06313129514455795,0.0,0.8299866318702698,0.8263077735900879,0.45389455556869507,0.0,0.9520894885063171,0.5347858667373657,0.061085619032382965,0.0,0.8314763307571411,0.830662727355957,0.44565099477767944,0.0,0.9233442544937134,0.5263173580169678,0.06608368456363678,0.0,0.8262408375740051,0.7906563878059387,0.4766690731048584,0.0,0.9996904730796814,0.6716066002845764,0.4640868604183197,0.05675330013036728,0.9993151426315308,0.7610185146331787,0.6088641881942749,0.0,0.6445941925048828,0.6010110378265381,0.5903760194778442,0.2779233157634735,0.22822292149066925,0.7450523376464844,0.7193278074264526,0.14981594681739807,0.807561457157135,0.5883055329322815,0.6500377058982849,0.7313385605812073,0.21790507435798645,0.7496249675750732,0.7305499315261841,0.1596074253320694,0.4588637351989746,0.6054661870002747,0.6523900032043457,0.7712724208831787,0.17485342919826508,0.7003787755966187,0.7628955841064453,0.0,0.8207074403762817,0.5513532161712646,0.6950146555900574,0.6606225967407227,0.2729916572570801,high,high,high,high,high,high,high,high,high,high,high,high,high,high,high,high,high,high,high,high,high,high,high,high,high,medium,low,high,low,low,low,high,low
5,0.16666666666666666,0.8133561611175537,0.19222073256969452,0.0,0.9999700784683228,0.8314552903175354,0.1858305037021637,0.0,0.9999552965164185,0.8397798538208008,0.1881970316171646,0.0,0.9999553561210632,0.8488714694976807,0.1908148229122162,0.0,0.9999780058860779,0.8057628870010376,0.18137101829051971,0.0,0.9999143481254578,0.7964738607406616,0.18056896328926086,0.0,0.9998720288276672,0.7869457602500916,0.17986401915550232,0.0,0.9998767375946045,0.8520843386650085,0.2024940699338913,0.0,0.9999818801879883,0.7690883278846741,0.1885814219713211,0.0,0.9995889663696289,0.8219847083091736,0.20966680347919464,0.0,0.9999524354934692,0.7892903089523315,0.2058236300945282,0.0,0.999851644039154,0.8976331353187561,0.2948724627494812,0.0,0.9999812245368958,0.6676401495933533,0.2619208097457886,0.0,0.9984415769577026,0.9359546303749084,0.3839276432991028,0.0,0.933814287185669,0.5359490513801575,0.19588617980480194,0.0,0.8658528923988342,0.8571799993515015,0.4372532367706299,0.0,0.9525220394134521,0.4654885232448578,0.07879658788442612,0.0,0.8421146273612976,0.8241062760353088,0.46477556228637695,0.0,0.9422305822372437,0.4721137583255768,0.051271796226501465,0.0,0.811423659324646,0.8128077387809753,0.45228976011276245,0.0,0.946110725402832,0.48341748118400574,0.0468805693089962,0.0,0.8133363723754883,0.8167329430580139,0.44414979219436646,0.0,0.9161707758903503,0.48041191697120667,0.053068287670612335,0.0,0.8113241791725159,0.7777224183082581,0.4728666841983795,0.0,0.9996868371963501,0.6585433483123779,0.46189427375793457,0.05580011382699013,0.9992930889129639,0.755397617816925,0.6080052256584167,0.0,0.6603116989135742,0.5965256690979004,0.5866116285324097,0.28982558846473694,0.22669436037540436,0.7432910203933716,0.7197710275650024,0.08434880524873734,0.8148569464683533,0.5702564716339111,0.6482665538787842,0.847588837146759,0.228886216878891,0.7484896183013916,0.7315033078193665,0.08984538912773132,0.46530768275260925,0.5788610577583313,0.6518709659576416,0.8989160060882568,0.17779165506362915,0.6992769837379456,0.7631477117538452,0.0,0.8269056677818298,0.5439327955245972,0.6929847598075867,0.7884104251861572,0.28493377566337585,high,high,high,high,high,high,high,high,high,high,high,high,high,high,high,high,high,high,high,high,high,high,high,high,high,medium,low,high,low,low,low,high,low
6,0.2,0.7959917783737183,0.1873152256011963,0.0,0.9999579787254333,0.8151389956474304,0.1814422458410263,0.0,0.9999297261238098,0.8237752318382263,0.18389365077018738,0.0,0.9999313950538635,0.8331158757209778,0.18662163615226746,0.0,0.9999643564224243,0.7890493869781494,0.17717739939689636,0.0,0.9998713731765747,0.7792031764984131,0.1763870120048523,0.0,0.9998202323913574,0.7700333595275879,0.1757715344429016,0.0,0.9998221397399902,0.8357884883880615,0.19845765829086304,0.0,0.9999717473983765,0.7530926465988159,0.184474915266037,0.0,0.9994341135025024,0.8052594661712646,0.20460446178913116,0.0,0.9999323487281799,0.77220219373703,0.20101015269756317,0.0,0.9997986555099487,0.883039116859436,0.2911774516105652,0.0,0.9999788999557495,0.6546998023986816,0.2588370144367218,0.0,0.9983148574829102,0.9210582375526428,0.3800758123397827,0.0,0.9340884685516357,0.5274530053138733,0.19117382168769836,0.0,0.8566887378692627,0.8421586155891418,0.434925377368927,0.0,0.9523625373840332,0.44422367215156555,0.08056168258190155,0.0,0.8288580775260925,0.8093343377113342,0.4620230793952942,0.0,0.9419575929641724,0.4127010703086853,0.05495048314332962,0.0,0.7973993420600891,0.7980079650878906,0.4502362608909607,0.0,0.9459718465805054,0.4186944365501404,0.049445852637290955,0.0,0.8000472784042358,0.801434338092804,0.4420902132987976,0.0,0.9174708724021912,0.4313042461872101,0.057376205921173096,0.0,0.8022247552871704,0.7614132165908813,0.4714348316192627,0.0,0.9996973276138306,0.6417598128318787,0.4611606001853943,0.012495595961809158,0.9993147253990173,0.7475640177726746,0.6066989302635193,0.038692910224199295,0.6850984692573547,0.5800623893737793,0.5863156318664551,0.16132815182209015,0.27095499634742737,0.7380437850952148,0.7169358134269714,0.23856326937675476,0.8285859823226929,0.5285250544548035,0.6516300439834595,0.5707187056541443,0.2857467830181122,0.7428194880485535,0.7296494841575623,0.24110454320907593,0.4861750900745392,0.5302740335464478,0.6535729169845581,0.6067270040512085,0.20454414188861847,0.694128155708313,0.763176441192627,0.0,0.839169979095459,0.5199780464172363,0.6998120546340942,0.44947296380996704,0.33767783641815186,high,high,high,high,high,high,high,high,high,high,high,high,high,high,high,high,high,high,high,high,high,high,high,high,high,medium,low,high,low,low,low,high,low
7,0.23333333333333334,0.7686215043067932,0.18046805262565613,0.0,0.9999483227729797,0.7871113419532776,0.17300203442573547,0.0,0.9999074339866638,0.7984524965286255,0.1759941428899765,0.0,0.9999080896377563,0.8067476749420166,0.1791757047176361,0.0,0.9999523162841797,0.7615324854850769,0.1691267490386963,0.0,0.9998380541801453,0.7535488605499268,0.16862377524375916,0.0,0.9997787475585938,0.7446354627609253,0.1683843433856964,0.0,0.999782383441925,0.8105581402778625,0.19114477932453156,0.0,0.9999604225158691,0.7265783548355103,0.17733582854270935,0.0,0.999286413192749,0.7753934264183044,0.19851627945899963,0.0,0.9999186396598816,0.7451366186141968,0.19397637248039246,0.0,0.9997663497924805,0.849298357963562,0.28100553154945374,0.0,0.9999781250953674,0.6260530352592468,0.2479715347290039,0.0,0.9983373880386353,0.8816777467727661,0.37452128529548645,0.0,0.9352884292602539,0.5119422078132629,0.1808747947216034,0.0,0.8525893688201904,0.8113356828689575,0.429893434047699,0.0,0.9537492394447327,0.41195788979530334,0.0832681730389595,0.0,0.8199620246887207,0.7820276618003845,0.4578370451927185,0.0,0.9430094957351685,0.3851304352283478,0.06874264031648636,0.0,0.7865620851516724,0.7669270038604736,0.4458395838737488,0.0,0.9470168948173523,0.38525819778442383,0.0607026107609272,0.0,0.7898462414741516,0.7700109481811523,0.43718796968460083,0.0,0.9200656414031982,0.394364595413208,0.06635386496782303,0.0,0.7944867014884949,0.7332172989845276,0.46623724699020386,0.018896861001849174,0.9997166395187378,0.6123737692832947,0.45796170830726624,0.0,0.9993584156036377,0.7280125021934509,0.5960831642150879,0.07232125848531723,0.7049281597137451,0.5504202246665955,0.5853583216667175,0.07631117850542068,0.315915584564209,0.7290679812431335,0.7124666571617126,0.2726629376411438,0.8384796380996704,0.4748286008834839,0.6625105142593384,0.3908427059650421,0.3421010971069336,0.7282899022102356,0.7221753001213074,0.2747783064842224,0.4914872348308563,0.4761441946029663,0.6662721633911133,0.4151461720466614,0.22525887191295624,0.6970804333686829,0.7624603509902954,0.041128646582365036,0.8482171893119812,0.4730202555656433,0.7133250832557678,0.23724445700645447,0.3894708454608917,high,high,high,high,high,high,high,high,high,high,high,high,high,high,high,high,high,high,high,high,high,high,high,high,high,high,low,high,low,low,low,high,low
8,0.26666666666666666,0.7476402521133423,0.17764797806739807,0.0,0.9999365210533142,0.7680867314338684,0.17063525319099426,0.0,0.9998839497566223,0.7778834104537964,0.17354391515254974,0.0,0.9998838305473328,0.7865651249885559,0.17669174075126648,0.0,0.9999411106109619,0.7414853572845459,0.16674065589904785,0.0,0.9997953772544861,0.7322078943252563,0.16633568704128265,0.0,0.9997203946113586,0.7244084477424622,0.1661144495010376,0.0,0.9997234344482422,0.7894647121429443,0.18823537230491638,0.0,0.9999500513076782,0.7097102403640747,0.17482540011405945,0.0,0.9990204572677612,0.754679799079895,0.19601017236709595,0.0,0.9999017715454102,0.7249201536178589,0.1908646523952484,0.0,0.9997159242630005,0.8283703923225403,0.2784469723701477,0.0,0.9999776482582092,0.6133771538734436,0.24259455502033234,0.0,0.9983071088790894,0.8618313074111938,0.372254341840744,0.0,0.9368451237678528,0.5001137852668762,0.18231461942195892,0.0,0.8364196419715881,0.7887396812438965,0.4258802533149719,0.0,0.9548404216766357,0.38588204979896545,0.09763851761817932,0.0,0.7783520817756653,0.7586001753807068,0.45074933767318726,0.0,0.9434699416160583,0.34439578652381897,0.08812569081783295,0.0,0.7446616888046265,0.7445707321166992,0.441533625125885,0.0,0.9474855661392212,0.34590500593185425,0.08174405246973038,0.0,0.748332142829895,0.7473120093345642,0.43341031670570374,0.0,0.9218528270721436,0.36362308263778687,0.08649320155382156,0.0,0.75809246301651,0.7091823816299438,0.46205687522888184,0.02452131174504757,0.9997394680976868,0.5934315323829651,0.45405644178390503,0.0,0.9994077086448669,0.7067596316337585,0.5906137824058533,0.08620966225862503,0.7241824865341187,0.541873037815094,0.5765711665153503,0.07106685638427734,0.3579542338848114,0.7116807699203491,0.7081155776977539,0.27352094650268555,0.8493140339851379,0.47230932116508484,0.6635434031486511,0.34281522035598755,0.39692631363868713,0.7049877643585205,0.7169021368026733,0.2758548855781555,0.5031495094299316,0.47384148836135864,0.6706933975219727,0.36157554388046265,0.2512609660625458,0.6987179517745972,0.7624651193618774,0.04605954512953758,0.8577936887741089,0.46758681535720825,0.7123967409133911,0.18376994132995605,0.4394729435443878,high,high,high,high,high,high,high,high,high,high,high,high,high,high,high,high,high,high,high,high,high,high,high,high,high,high,low,high,low,medium,low,high,low
9,0.3,0.7396933436393738,0.17679263651371002,0.0,0.9999276995658875,0.7580490112304688,0.16975805163383484,0.0,0.9998669624328613,0.7670928835868835,0.17257606983184814,0.0,0.9998657703399658,0.7751296162605286,0.1754336655139923,0.0,0.9999328851699829,0.7333548069000244,0.16583509743213654,0.0,0.9997655749320984,0.7257832288742065,0.1652965396642685,0.0,0.9996798634529114,0.7172251343727112,0.1650564968585968,0.0,0.9996823668479919,0.7857710123062134,0.18787208199501038,0.0,0.9999424815177917,0.7062281966209412,0.17383718490600586,0.0,0.9988321661949158,0.7475676536560059,0.19494560360908508,0.0,0.9998904466629028,0.7169215679168701,0.1897720843553543,0.0,0.9996848702430725,0.8258013129234314,0.27627623081207275,0.0,0.9999774694442749,0.6097861528396606,0.24145007133483887,0.0,0.998311460018158,0.8656933903694153,0.3694421052932739,0.0,0.9376893639564514,0.493622750043869,0.18104347586631775,0.0,0.8186817169189453,0.7859025597572327,0.42445915937423706,0.0,0.9552028775215149,0.38129186630249023,0.10178975760936737,0.0,0.7374584674835205,0.7579456567764282,0.4497551918029785,0.0,0.94305819272995,0.34259846806526184,0.09252861887216568,0.0,0.7039293646812439,0.7429558634757996,0.4407641887664795,0.0,0.9470949769020081,0.34496358036994934,0.08719606697559357,0.0,0.7080551385879517,0.7454867959022522,0.43269428610801697,0.0,0.9222924113273621,0.35989901423454285,0.09138785302639008,0.0,0.7223095893859863,0.7057859301567078,0.4607935845851898,0.022700110450387,0.9997605681419373,0.590897798538208,0.45263996720314026,0.0,0.999454140663147,0.7044453024864197,0.5878516435623169,0.10497330874204636,0.7370051741600037,0.5372071862220764,0.5745530128479004,0.05986947566270828,0.3933240473270416,0.7081011533737183,0.7058097124099731,0.28010109066963196,0.8579237461090088,0.4708428382873535,0.6653790473937988,0.29984667897224426,0.44568270444869995,0.7010691165924072,0.7149077653884888,0.28132355213165283,0.5100125074386597,0.4690358340740204,0.6740134954452515,0.31546106934547424,0.2731598913669586,0.6996216177940369,0.7624586820602417,0.05259350687265396,0.8654075860977173,0.46540573239326477,0.7120808362960815,0.12985363602638245,0.48401764035224915,high,high,high,high,high,high,high,high,high,high,high,high,high,high,high,high,high,high,high,high,high,high,high,high,high,high,low,high,low,medium,low,high,low
10,0.3333333333333333,0.7265698909759521,0.1765795350074768,0.0,0.9999259114265442,0.7457700371742249,0.16937139630317688,0.0,0.9998616576194763,0.7544791102409363,0.1721288114786148,0.0,0.9998600482940674,0.7627781629562378,0.17488107085227966,0.0,0.9999297857284546,0.7209002375602722,0.16542433202266693,0.0,0.9997603297233582,0.7134026288986206,0.16488228738307953,0.0,0.9996765851974487,0.7035665512084961,0.16463832557201385,0.0,0.9996764659881592,0.7722459435462952,0.1871853917837143,0.0,0.999939501285553,0.6920520663261414,0.17356641590595245,0.0,0.9987937808036804,0.7353162169456482,0.19433966279029846,0.0,0.9998869299888611,0.7052000761032104,0.18933331966400146,0.0,0.9996783137321472,0.8088482618331909,0.2753334641456604,0.0,0.9999773502349854,0.5996057987213135,0.24045702815055847,0.0,0.9983903765678406,0.8516313433647156,0.36748144030570984,0.0,0.9383975863456726,0.4873928129673004,0.1842421591281891,0.0,0.8153058290481567,0.7755908370018005,0.4223889708518982,0.0,0.9570375680923462,0.3843848705291748,0.1081581562757492,0.0,0.7381952404975891,0.7476294636726379,0.44719186425209045,0.0,0.9453893899917603,0.3609124422073364,0.08999496698379517,0.0,0.7076215744018555,0.7330366373062134,0.43867549300193787,0.0,0.9493544101715088,0.36460766196250916,0.08594968914985657,0.0,0.7120301723480225,0.73615962266922,0.4306401312351227,0.0,0.9260737299919128,0.3731982409954071,0.09075789898633957,0.0,0.7275949120521545,0.6938480734825134,0.4581851065158844,0.039112359285354614,0.9997801780700684,0.5809117555618286,0.45081907510757446,0.0,0.9994984865188599,0.687406599521637,0.5863896608352661,0.12884996831417084,0.7491300106048584,0.5310003161430359,0.5709332227706909,0.02034621313214302,0.4334200918674469,0.6837167739868164,0.7040360569953918,0.3061763346195221,0.8678668737411499,0.470408171415329,0.6654380559921265,0.2664278745651245,0.49438750743865967,0.6684437394142151,0.7149772047996521,0.3069615960121155,0.5284035801887512,0.47141319513320923,0.6736618876457214,0.2827632427215576,0.3044857978820801,0.7000510692596436,0.7624045014381409,0.08317972719669342,0.874970018863678,0.46396809816360474,0.7117995023727417,0.09962499141693115,0.5287669897079468,high,high,high,high,high,high,high,high,high,high,high,high,high,high,high,high,high,high,high,high,high,high,high,high,high,high,low,high,low,medium,low,high,medium
11,0.36666666666666664,0.7159399390220642,0.17373013496398926,0.0,0.9999039173126221,0.733921229839325,0.1676454097032547,0.0,0.9998061656951904,0.7423242330551147,0.1700953245162964,0.0,0.9998082518577576,0.7505430579185486,0.17282365262508392,0.0,0.9999013543128967,0.7093055248260498,0.16383956372737885,0.0,0.9996719360351562,0.7020696997642517,0.16330550611019135,0.0,0.9995777606964111,0.6921545267105103,0.16298745572566986,0.0,0.9995693564414978,0.7589994668960571,0.18607079982757568,0.0,0.9999133944511414,0.6791667938232422,0.1721309870481491,0.0,0.9984359741210938,0.7240704894065857,0.191471129655838,0.0,0.9998456239700317,0.6945326924324036,0.18649162352085114,0.0,0.999579131603241,0.7971653342247009,0.27631014585494995,0.0,0.999973714351654,0.5841429829597473,0.23994286358356476,0.0,0.9983264207839966,0.8335198163986206,0.3672819137573242,0.0,0.9359228610992432,0.45465782284736633,0.1828472763299942,0.0,0.8102328181266785,0.7628350257873535,0.4221571087837219,0.0,0.9560966491699219,0.3507670760154724,0.10048463195562363,0.0,0.7361139059066772,0.7328575253486633,0.44763240218162537,0.0,0.9450423717498779,0.3268505334854126,0.07962346076965332,0.0,0.7069142460823059,0.7197359800338745,0.43861493468284607,0.0,0.9490885734558105,0.32946979999542236,0.07298311591148376,0.0,0.7120334506034851,0.7233341932296753,0.4304627478122711,0.0,0.9264171719551086,0.3397730886936188,0.07968467473983765,0.0,0.7301744222640991,0.6826167106628418,0.45772141218185425,0.029283007606863976,0.9997943043708801,0.5674968957901001,0.4495757222175598,0.0,0.9995309710502625,0.6643146872520447,0.5845831036567688,0.10671103000640869,0.7535170912742615,0.5242917537689209,0.568175196647644,0.017141899093985558,0.4618466794490814,0.6455527544021606,0.7020179629325867,0.29456979036331177,0.8766709566116333,0.47111091017723083,0.6645252704620361,0.2897849380970001,0.5345378518104553,0.6345311999320984,0.7142540216445923,0.2855575680732727,0.5452107787132263,0.4696497917175293,0.6718921661376953,0.3088456988334656,0.32486388087272644,0.6752350926399231,0.7612565159797668,0.050565555691719055,0.8829584717750549,0.46676936745643616,0.7120656371116638,0.12171424180269241,0.5645489692687988,high,high,high,high,high,high,high,high,high,high,high,high,high,high,high,high,high,high,high,high,high,high,high,high,high,high,low,high,medium,medium,low,high,medium
12,0.4,0.6961044073104858,0.16900937259197235,0.0,0.9998960494995117,0.7143079042434692,0.16495147347450256,0.0,0.9997916221618652,0.7225469946861267,0.16749140620231628,0.0,0.9997969269752502,0.7309863567352295,0.17047911882400513,0.0,0.9998940825462341,0.6902012825012207,0.16148912906646729,0.0,0.9996445178985596,0.6808897852897644,0.1610661894083023,0.0,0.9995468854904175,0.6715025305747986,0.1608189046382904,0.0,0.9995330572128296,0.7372236251831055,0.1851058304309845,0.0,0.999907374382019,0.6555924415588379,0.17092129588127136,0.0,0.9983294606208801,0.7038659453392029,0.1876777708530426,0.0,0.9998309016227722,0.6744517087936401,0.18201741576194763,0.0,0.9995384812355042,0.7708171606063843,0.2755191922187805,0.0,0.9999717473983765,0.55961012840271,0.2404070794582367,0.0,0.9981732964515686,0.7966039180755615,0.3676286041736603,0.0,0.9365915656089783,0.42156192660331726,0.18581311404705048,0.0,0.7945913672447205,0.7305406928062439,0.4232107102870941,0.0,0.9563904404640198,0.3439911901950836,0.095622219145298,0.0,0.7235115766525269,0.7031688094139099,0.44884610176086426,0.0,0.9459359049797058,0.31559276580810547,0.06893887370824814,0.0,0.6961472630500793,0.6928561925888062,0.4394569993019104,0.0,0.9500961303710938,0.3132183849811554,0.06302015483379364,0.0,0.7027158141136169,0.6956222653388977,0.4312503933906555,0.0,0.9281136989593506,0.3269718289375305,0.071408212184906,0.0,0.7234989404678345,0.6565730571746826,0.4548798203468323,0.018670348450541496,0.9997952580451965,0.5464658141136169,0.44578924775123596,0.0,0.9995324015617371,0.6165745258331299,0.5791767835617065,0.09305845201015472,0.7453936338424683,0.5100516676902771,0.5666259527206421,0.06786827743053436,0.4593357443809509,0.5793716907501221,0.6915416717529297,0.31389132142066956,0.8774955868721008,0.47081077098846436,0.6641300916671753,0.41476380825042725,0.5550033450126648,0.5760849118232727,0.7020395398139954,0.32186880707740784,0.543262243270874,0.4742892384529114,0.6702033281326294,0.4420575797557831,0.32775163650512695,0.5463618636131287,0.7446407675743103,0.06682263314723969,0.8844407796859741,0.46285295486450195,0.7116380929946899,0.24743236601352692,0.5831233859062195,high,high,high,high,high,high,high,high,high,high,high,high,high,high,high,high,high,high,medium,high,high,high,high,high,high,high,low,high,medium,medium,low,high,medium
13,0.43333333333333335,0.6859906315803528,0.16442783176898956,0.0,0.9998719692230225,0.6992754340171814,0.16160200536251068,0.0,0.9997437596321106,0.7063413858413696,0.16409333050251007,0.0,0.999753475189209,0.714228630065918,0.16703161597251892,0.0,0.9998701214790344,0.6760463714599609,0.1589059680700302,0.0,0.9995789527893066,0.6675890684127808,0.15931189060211182,0.0,0.9994765520095825,0.656661868095398,0.159634530544281,0.0,0.9994665384292603,0.7216262817382812,0.18339824676513672,0.0,0.99988853931427,0.6411091685295105,0.1715172380208969,0.0,0.9981781244277954,0.6945695281028748,0.18316695094108582,0.0,0.9998077154159546,0.6631074547767639,0.17836855351924896,0.0,0.9994907975196838,0.7612786293029785,0.2758328318595886,0.0,0.9999675750732422,0.5480149388313293,0.2413826882839203,0.0,0.9980722069740295,0.7868713140487671,0.3676075339317322,0.0,0.933668851852417,0.40032777190208435,0.191627636551857,0.0,0.7867887616157532,0.7203822731971741,0.4236225187778473,0.0,0.9550224542617798,0.34763357043266296,0.09382297098636627,0.0,0.7234367728233337,0.6910360455513,0.4493880867958069,0.0,0.9457358121871948,0.3238641023635864,0.06918506324291229,0.0,0.6983315944671631,0.6812096834182739,0.43974170088768005,0.0,0.9501122832298279,0.3253093361854553,0.06376384198665619,0.0,0.7051283121109009,0.6844510436058044,0.4315909445285797,0.0,0.9287832975387573,0.33605098724365234,0.07160930335521698,0.0,0.7269166707992554,0.6422454714775085,0.4551618695259094,0.0137478681281209,0.9997953176498413,0.5321689248085022,0.4455309510231018,0.0,0.9995388984680176,0.5927320122718811,0.5802979469299316,0.0835409015417099,0.7340949177742004,0.4959619641304016,0.5683757066726685,0.07130331546068192,0.455852746963501,0.5551648736000061,0.6863101720809937,0.36579495668411255,0.8751159310340881,0.4727441966533661,0.6638578176498413,0.4317297339439392,0.569966197013855,0.5533405542373657,0.6943953633308411,0.3815120756626129,0.5359723567962646,0.4795248210430145,0.6697221398353577,0.46118542551994324,0.32895326614379883,0.5134826302528381,0.7340939044952393,0.1421433389186859,0.8824989199638367,0.4648585021495819,0.7123758792877197,0.2761197090148926,0.59662926197052,high,high,high,high,high,high,high,high,high,high,high,high,high,high,high,high,high,high,medium,high,high,high,high,high,high,high,low,high,medium,medium,low,high,medium
14,0.4666666666666667,0.6759061217308044,0.16265751421451569,0.0,0.9998458623886108,0.6871633529663086,0.16049973666667938,0.0,0.9996801614761353,0.6941816210746765,0.16278520226478577,0.0,0.9996995329856873,0.7019093632698059,0.1654382050037384,0.0,0.9998367428779602,0.6638041734695435,0.1584153026342392,0.0,0.9995038509368896,0.6549928188323975,0.15914075076580048,0.0,0.9994102716445923,0.6440634727478027,0.1597960740327835,0.0,0.9994007349014282,0.7102012634277344,0.1824389547109604,0.0,0.9998644590377808,0.6294723153114319,0.17215873301029205,0.0,0.9980618357658386,0.6859411597251892,0.18132902681827545,0.0,0.9997854232788086,0.6531175971031189,0.17730370163917542,0.0,0.99945068359375,0.7548558712005615,0.27494341135025024,0.0,0.9999639987945557,0.5399817824363708,0.2419944703578949,0.0,0.9980703592300415,0.7798944115638733,0.3665229380130768,0.0,0.9330736994743347,0.3892984986305237,0.20087480545043945,0.0,0.7874367237091064,0.7107694149017334,0.42374473810195923,0.0,0.9561367630958557,0.34701189398765564,0.09400905668735504,0.0,0.741322934627533,0.6800905466079712,0.44943833351135254,0.0,0.9480346441268921,0.31943875551223755,0.06927724182605743,0.0,0.718772828578949,0.6701524257659912,0.4398714005947113,0.0,0.9524162411689758,0.32034754753112793,0.0643036887049675,0.0,0.7253208756446838,0.6738392114639282,0.43188005685806274,0.0,0.9324368238449097,0.3317611515522003,0.07199674099683762,0.0,0.7458266019821167,0.6322999000549316,0.45477238297462463,0.009538888931274414,0.9997881650924683,0.5226194262504578,0.4443497061729431,0.0,0.99953293800354,0.578416109085083,0.5787553787231445,0.07545313239097595,0.718530535697937,0.4874838590621948,0.5684835910797119,0.06952837109565735,0.4450289309024811,0.5382861495018005,0.6867402195930481,0.34223848581314087,0.8702180981636047,0.4704885184764862,0.6634496450424194,0.4149145483970642,0.5770344734191895,0.5358736515045166,0.6962186694145203,0.3556998372077942,0.5278310179710388,0.47550925612449646,0.6689530611038208,0.44268798828125,0.3261689245700836,0.4984784722328186,0.7305216789245605,0.12076114118099213,0.879335880279541,0.46534907817840576,0.7130661606788635,0.26401209831237793,0.6042207479476929,high,high,high,high,high,high,high,high,high,high,high,high,high,high,high,high,high,high,high,high,high,high,high,high,high,high,low,high,medium,medium,low,high,medium
15,0.5,0.6750282049179077,0.16153080761432648,0.0,0.9998328685760498,0.6849722266197205,0.15996354818344116,0.0,0.9996435046195984,0.692294180393219,0.16230207681655884,0.0,0.9996671676635742,0.6992548704147339,0.16476835310459137,0.0,0.9998171329498291,0.6633150577545166,0.15781810879707336,0.0,0.9994670152664185,0.6529459357261658,0.15852418541908264,0.0,0.9993818402290344,0.6430911421775818,0.1593579649925232,0.0,0.9993742108345032,0.7094539999961853,0.18251021206378937,0.0,0.999849259853363,0.626427412033081,0.17234376072883606,0.0,0.9980247020721436,0.684414803981781,0.17949306964874268,0.0,0.9997768998146057,0.650920033454895,0.1758495718240738,0.0,0.9994415044784546,0.750730574131012,0.2727651298046112,0.0,0.9999632835388184,0.5361453294754028,0.24243716895580292,0.0,0.9981507062911987,0.777950644493103,0.3652651309967041,0.0,0.9332110285758972,0.38726913928985596,0.20219452679157257,0.0,0.789293110370636,0.7076219916343689,0.4237717092037201,0.0,0.9582023024559021,0.350182443857193,0.09508801251649857,0.0,0.7597995400428772,0.6770734786987305,0.4496558606624603,0.0,0.9510458707809448,0.32087963819503784,0.06969595700502396,0.0,0.7395185232162476,0.6658948659896851,0.4397554397583008,0.0,0.9552688002586365,0.3211984634399414,0.06493895500898361,0.0,0.7456040382385254,0.6694799661636353,0.43173497915267944,0.0,0.9366745948791504,0.33467304706573486,0.07260385155677795,0.0,0.7647214531898499,0.6328416466712952,0.45419302582740784,0.00986302550882101,0.9997963309288025,0.5235220193862915,0.44339099526405334,0.0,0.9995556473731995,0.5751093029975891,0.5777672529220581,0.0890163853764534,0.6993541121482849,0.4852599799633026,0.5684036612510681,0.06571200489997864,0.4341064393520355,0.5359097719192505,0.6864529848098755,0.3524737060070038,0.8634349703788757,0.46889013051986694,0.663667619228363,0.3801173269748688,0.5850943922996521,0.534907877445221,0.6970576643943787,0.36527585983276367,0.51835036277771,0.47078683972358704,0.6701227426528931,0.4044698178768158,0.3245641589164734,0.498054176568985,0.7293589115142822,0.1448807269334793,0.8751591444015503,0.46378329396247864,0.7129923701286316,0.2293422520160675,0.6129534244537354,high,high,high,high,high,high,high,high,high,high,high,high,high,high,high,high,high,high,high,high,high,high,high,high,high,medium,low,high,medium,medium,low,high,medium
16,0.5333333333333333,0.6643619537353516,0.16342851519584656,0.0,0.9998379945755005,0.6752695441246033,0.16083920001983643,0.0,0.9996550679206848,0.6828575730323792,0.16328999400138855,0.0,0.9996774792671204,0.6897078156471252,0.16594628989696503,0.0,0.9998229146003723,0.6502612829208374,0.1584414839744568,0.0,0.9994893670082092,0.6409510970115662,0.15887326002120972,0.0,0.9994103312492371,0.6305479407310486,0.1595887839794159,0.0,0.9994049072265625,0.7000309228897095,0.18299630284309387,0.0,0.9998534321784973,0.6171395778656006,0.17400887608528137,0.0,0.9981316328048706,0.674003541469574,0.18140386044979095,0.0,0.9997875094413757,0.6402040123939514,0.1774730086326599,0.0,0.9994717836380005,0.7439759373664856,0.2733941674232483,0.0,0.9999645352363586,0.5304020643234253,0.24341531097888947,0.0,0.9982823133468628,0.7690885066986084,0.3657267987728119,0.0,0.9329410791397095,0.37772008776664734,0.20823831856250763,0.0,0.8009898662567139,0.699607789516449,0.42399340867996216,0.0,0.9609512686729431,0.35602903366088867,0.09756641089916229,0.0,0.7809352278709412,0.6690877079963684,0.44977623224258423,0.0,0.9546511173248291,0.3305777311325073,0.07147210091352463,0.0,0.7624244689941406,0.6573730707168579,0.4398793578147888,0.0,0.9586115479469299,0.33392301201820374,0.0665484219789505,0.0,0.7678711414337158,0.6609455943107605,0.4318450391292572,0.0,0.9414970278739929,0.34610602259635925,0.07404882460832596,0.0,0.7852444052696228,0.6255844235420227,0.45440539717674255,0.01333551574498415,0.9998055100440979,0.5138168931007385,0.4440476894378662,0.0,0.9995809197425842,0.5614599585533142,0.5785389542579651,0.08322247117757797,0.6833351254463196,0.4755595028400421,0.5688902735710144,0.03362467885017395,0.43161171674728394,0.5246472358703613,0.6855422258377075,0.34110933542251587,0.8543936014175415,0.462890625,0.6643933057785034,0.3420681357383728,0.5926179885864258,0.5185974836349487,0.6943870186805725,0.3540361523628235,0.5102936029434204,0.464020311832428,0.6708576679229736,0.3678644001483917,0.3254382312297821,0.4976324439048767,0.731425404548645,0.1633729189634323,0.8709431886672974,0.46306541562080383,0.71369469165802,0.22505629062652588,0.6233246326446533,high,high,high,high,high,high,high,high,high,high,high,high,high,high,high,high,high,high,high,high,high,high,high,high,high,medium,low,high,medium,medium,low,high,medium
17,0.5666666666666667,0.6520877480506897,0.16822215914726257,0.0,0.9998453855514526,0.6650356650352478,0.16388829052448273,0.0,0.9996700286865234,0.6727972030639648,0.16583356261253357,0.0,0.9996916651725769,0.6802040338516235,0.16766218841075897,0.0,0.9998295307159424,0.6388012766838074,0.1610795557498932,0.0,0.999517560005188,0.6299170851707458,0.16157133877277374,0.0,0.9994467496871948,0.6195212006568909,0.1621519923210144,0.0,0.9994415640830994,0.6910414695739746,0.18310341238975525,0.0,0.9998591542243958,0.607791543006897,0.17606326937675476,0.0,0.9982616901397705,0.6614512801170349,0.18579058349132538,0.0,0.9997979998588562,0.6283222436904907,0.18387597799301147,0.0,0.9995035529136658,0.7355136275291443,0.27448371052742004,0.0,0.999965488910675,0.5220379829406738,0.24660062789916992,0.0,0.9984107613563538,0.7625706791877747,0.36630281805992126,0.0,0.9334205985069275,0.3687075674533844,0.21516256034374237,0.0,0.8133545517921448,0.6891050338745117,0.4248664975166321,0.0,0.9637397527694702,0.3611472547054291,0.10293561220169067,0.0,0.8017981648445129,0.6572120785713196,0.4503195881843567,0.0,0.9583244919776917,0.33846622705459595,0.07678733021020889,0.0,0.7851274609565735,0.646166205406189,0.43991619348526,0.0,0.9620093703269958,0.3394193947315216,0.07192815840244293,0.0,0.7899996042251587,0.650644063949585,0.4320682883262634,0.0,0.9463734030723572,0.3510034680366516,0.07951059192419052,0.0,0.805684506893158,0.615800142288208,0.45601028203964233,0.011780713684856892,0.9998072385787964,0.5042811632156372,0.44435328245162964,0.0,0.9995966553688049,0.559516429901123,0.581351101398468,0.07983006536960602,0.6638460755348206,0.46265047788619995,0.5728403329849243,0.02985187992453575,0.4318651556968689,0.531089186668396,0.6863999962806702,0.33647722005844116,0.8432207703590393,0.46219295263290405,0.6684204339981079,0.3202723264694214,0.6014023423194885,0.5282124280929565,0.6942013502120972,0.35032719373703003,0.5020896196365356,0.46438008546829224,0.6744129657745361,0.34526771306991577,0.3313121199607849,0.49710071086883545,0.7328509092330933,0.17809607088565826,0.8651151657104492,0.4661780595779419,0.7174042463302612,0.21273571252822876,0.633101224899292,high,high,high,high,high,high,high,high,high,high,high,high,high,high,high,high,high,high,high,high,high,high,high,high,high,medium,low,high,medium,medium,low,high,medium
18,0.6,0.6253828406333923,0.18346968293190002,0.0,0.9998569488525391,0.641167938709259,0.173958420753479,0.0,0.9996954202651978,0.6513993740081787,0.1753932386636734,0.0,0.9997155070304871,0.6601011753082275,0.17690864205360413,0.0,0.9998422265052795,0.6143519282341003,0.17253334820270538,0.0,0.9995556473731995,0.6056514382362366,0.17327971756458282,0.0,0.9994911551475525,0.5970852971076965,0.17429552972316742,0.0,0.9994857907295227,0.6708122491836548,0.18737393617630005,0.0,0.9998698234558105,0.5871995091438293,0.18375170230865479,0.0,0.9984058141708374,0.6404967904090881,0.19989153742790222,0.0,0.9998126029968262,0.6079158186912537,0.19947534799575806,0.0,0.9995410442352295,0.7190669775009155,0.2786977291107178,0.0,0.9999670386314392,0.5039023756980896,0.25119340419769287,0.0,0.9985237717628479,0.7509095072746277,0.3700959086418152,0.0,0.9366105198860168,0.3451976776123047,0.2202039211988449,0.0,0.8282262086868286,0.6793702840805054,0.425938218832016,0.0,0.9665172100067139,0.3644584119319916,0.11080136150121689,0.0,0.8208360075950623,0.6467599868774414,0.45181506872177124,0.0,0.9617919325828552,0.3691908121109009,0.08512121438980103,0.0,0.805637538433075,0.6360172033309937,0.4416116774082184,0.0,0.9651965498924255,0.38757193088531494,0.08309607207775116,0.0,0.809963583946228,0.6407850384712219,0.43363291025161743,0.0,0.9508955478668213,0.3869069814682007,0.09202294051647186,0.0,0.8240715861320496,0.5993441939353943,0.4593532085418701,0.0,0.9998071789741516,0.4893023669719696,0.4483969807624817,0.0006999632460065186,0.9996078610420227,0.5522696375846863,0.5829519033432007,0.044259581714868546,0.6759783029556274,0.44091174006462097,0.5767698884010315,0.03203418478369713,0.4570053815841675,0.5307061672210693,0.6871879696846008,0.3455692529678345,0.8501558303833008,0.4507353901863098,0.6677867770195007,0.4136989116668701,0.6231021881103516,0.5294016003608704,0.6957705616950989,0.36566102504730225,0.5210090279579163,0.456594854593277,0.6737460494041443,0.44915613532066345,0.3552647829055786,0.4904593229293823,0.7343143224716187,0.18345984816551208,0.8710654973983765,0.4492972493171692,0.7171128988265991,0.3269008994102478,0.6520821452140808,high,high,high,high,high,high,high,high,high,high,high,high,high,high,high,high,high,high,high,high,high,high,high,high,high,medium,low,high,medium,medium,low,high,medium
19,0.6333333333333333,0.6119767427444458,0.19364967942237854,0.0,0.9998646974563599,0.6256477236747742,0.18462230265140533,0.0,0.9997135400772095,0.6366633772850037,0.18608443439006805,0.0,0.9997333288192749,0.6459910273551941,0.18731410801410675,0.0,0.9998513460159302,0.6010338068008423,0.18329200148582458,0.0,0.9995825290679932,0.5932521820068359,0.18349605798721313,0.0,0.999523401260376,0.5856789946556091,0.18413475155830383,0.0,0.9995162487030029,0.6582908034324646,0.19558510184288025,0.0,0.9998779296875,0.5798305869102478,0.19188019633293152,0.0,0.9985166788101196,0.6272406578063965,0.2088853418827057,0.0,0.9998213648796082,0.5958020091056824,0.20943692326545715,0.0,0.9995644092559814,0.7079735994338989,0.2816186547279358,0.0,0.9999683499336243,0.4937954246997833,0.25374114513397217,0.0,0.998599112033844,0.7404299378395081,0.37213045358657837,0.0,0.9402665495872498,0.3360818326473236,0.22351305186748505,0.0,0.8389495015144348,0.6716458797454834,0.4265405535697937,0.0,0.9692575931549072,0.36652204394340515,0.11881961673498154,0.0,0.8370740413665771,0.6408604979515076,0.4533255994319916,0.0,0.965101420879364,0.38845205307006836,0.0956171378493309,0.0,0.8232018351554871,0.6280514597892761,0.4424439072608948,0.0,0.9682291746139526,0.4083968997001648,0.09353209286928177,0.0,0.826993465423584,0.6328074932098389,0.4342842102050781,0.0,0.955174446105957,0.4028428792953491,0.10258110612630844,0.0,0.839702844619751,0.5890607237815857,0.4610273838043213,0.0,0.9998067617416382,0.47990095615386963,0.4502996802330017,0.0227375365793705,0.9996107220649719,0.5497881770133972,0.5831331610679626,0.02894504927098751,0.6916506886482239,0.4296005368232727,0.5762689709663391,0.09781762957572937,0.47750768065452576,0.5238415002822876,0.6876910924911499,0.2910723388195038,0.8593180179595947,0.4354701042175293,0.663913369178772,0.4178304374217987,0.6448023915290833,0.5227193832397461,0.6965218782424927,0.30704477429389954,0.5441297888755798,0.44701817631721497,0.6711941361427307,0.4504689872264862,0.38388609886169434,0.48786577582359314,0.7346287965774536,0.14897702634334564,0.8785915970802307,0.41534796357154846,0.7082847952842712,0.3384176790714264,0.6725466251373291,high,high,high,high,high,high,high,high,high,high,high,high,high,high,high,high,high,high,high,high,high,high,high,high,high,medium,low,high,medium,medium,low,high,medium
20,0.6666666666666666,0.6015914678573608,0.20466962456703186,0.0,0.9998750686645508,0.6178101301193237,0.1932239979505539,0.0,0.9997362494468689,0.6279588341712952,0.19435444474220276,0.0,0.9997550249099731,0.637203574180603,0.19553346931934357,0.0,0.9998629093170166,0.5911430716514587,0.1905575543642044,0.0,0.9996152520179749,0.5826511979103088,0.1898478865623474,0.0,0.9995614290237427,0.5742118954658508,0.18949005007743835,0.0,0.9995522499084473,0.6485117077827454,0.20171502232551575,0.0,0.999888002872467,0.5657514929771423,0.19451063871383667,0.0,0.9986383318901062,0.6158049702644348,0.21974030137062073,0.0,0.9998326301574707,0.5843164920806885,0.2183874398469925,0.0,0.9995921850204468,0.698570191860199,0.2837124466896057,0.0,0.9999699592590332,0.48053810000419617,0.25511065125465393,0.0,0.9986690878868103,0.7306506037712097,0.37335845828056335,0.0,0.9444854259490967,0.3258756995201111,0.22694483399391174,0.0,0.8502902984619141,0.6632859706878662,0.42703694105148315,0.0,0.9719148874282837,0.366479754447937,0.12298639863729477,0.0,0.8519659042358398,0.6341887712478638,0.4537603259086609,0.0,0.9682385325431824,0.39919933676719666,0.0996667668223381,0.0,0.8393702507019043,0.6208111047744751,0.4427894949913025,0.0,0.9711023569107056,0.41813597083091736,0.09738344699144363,0.0,0.8426796197891235,0.624877393245697,0.4347395896911621,0.0,0.9592328667640686,0.4083733558654785,0.1067408099770546,0.0,0.8541608452796936,0.5842084884643555,0.4611165523529053,0.0,0.9998051524162292,0.4745088219642639,0.4508022367954254,0.028674745932221413,0.9996064305305481,0.5473174452781677,0.5833501219749451,0.0,0.7147175669670105,0.4211489260196686,0.5740035772323608,0.10580644756555557,0.5102030634880066,0.5190178751945496,0.6883485317230225,0.20741306245326996,0.8708794713020325,0.420306533575058,0.6582762598991394,0.4185543358325958,0.6723812222480774,0.5173629522323608,0.6962662935256958,0.21964837610721588,0.5756421685218811,0.43542778491973877,0.666028618812561,0.4500804543495178,0.42317894101142883,0.48297119140625,0.7350516319274902,0.05141698941588402,0.8883240818977356,0.3962355852127075,0.7046922445297241,0.3426862955093384,0.6974931359291077,high,high,high,high,high,high,high,high,high,high,high,high,high,high,high,high,high,high,high,high,high,high,high,high,high,high,medium,high,medium,medium,low,high,medium
21,0.7,0.603377640247345,0.2070593535900116,0.0,0.9998854398727417,0.6166288256645203,0.19526377320289612,0.0,0.9997588396072388,0.6263201236724854,0.1963127702474594,0.0,0.9997762441635132,0.635875940322876,0.19716741144657135,0.0,0.9998744130134583,0.5889015793800354,0.1926141083240509,0.0,0.9996477365493774,0.5801857113838196,0.19203974306583405,0.0,0.9995987415313721,0.5724876523017883,0.19177187979221344,0.0,0.9995887875556946,0.6467015743255615,0.2031044214963913,0.0,0.9998977184295654,0.5622056126594543,0.1971607804298401,0.0,0.9987549781799316,0.6162788271903992,0.22184935212135315,0.0,0.9998447895050049,0.583545982837677,0.22137336432933807,0.0,0.9996217489242554,0.6967339515686035,0.28411608934402466,0.0,0.9999715089797974,0.47966688871383667,0.2576562464237213,0.0,0.9987422823905945,0.7299746870994568,0.37369710206985474,0.0,0.9485138058662415,0.3216134309768677,0.22586143016815186,0.0,0.862415075302124,0.6610673069953918,0.4274209141731262,0.0,0.9742537140846252,0.3672209084033966,0.12294954061508179,0.0,0.8656308054924011,0.6308452486991882,0.45407670736312866,0.0,0.9709835052490234,0.40493911504745483,0.10117782652378082,0.0,0.8539649844169617,0.6183563470840454,0.44309648871421814,0.0,0.9736189842224121,0.42290106415748596,0.09906333684921265,0.0,0.8568525910377502,0.6225410103797913,0.43518441915512085,0.0,0.962760329246521,0.4112136960029602,0.10855124890804291,0.0,0.8671716451644897,0.5820608139038086,0.4611446261405945,0.0,0.9998016953468323,0.47333604097366333,0.4508250653743744,0.0317411832511425,0.9996029138565063,0.5446550250053406,0.5833906531333923,0.0,0.7339422106742859,0.41796064376831055,0.5728592872619629,0.12069293856620789,0.5406028032302856,0.5171266198158264,0.6887756586074829,0.23754766583442688,0.8812309503555298,0.41443416476249695,0.6555546522140503,0.4966691732406616,0.6972852945327759,0.5159451365470886,0.6964743733406067,0.24270455539226532,0.6038715839385986,0.4298642575740814,0.6633897423744202,0.5309256911277771,0.45814117789268494,0.48132383823394775,0.7354645729064941,0.07390252500772476,0.8970381617546082,0.39169785380363464,0.7031332850456238,0.3950289487838745,0.7198086977005005,high,high,high,high,high,high,high,high,high,high,high,high,high,high,high,high,high,high,high,high,high,high,high,high,high,high,medium,high,medium,medium,low,high,high
22,0.7333333333333333,0.5969638228416443,0.21358056366443634,0.0,0.9998934268951416,0.6102855205535889,0.20131497085094452,0.0,0.9997760653495789,0.6197932958602905,0.20232954621315002,0.0,0.9997926950454712,0.6291986703872681,0.2033449113368988,0.0,0.9998829364776611,0.5825299024581909,0.19750013947486877,0.0,0.9996724724769592,0.5733241438865662,0.19662240147590637,0.0,0.9996277689933777,0.5652387738227844,0.1962498277425766,0.0,0.9996158480644226,0.6393902897834778,0.20876547694206238,0.0,0.9999052882194519,0.5552358627319336,0.20084193348884583,0.0,0.9988470673561096,0.6093612909317017,0.2281811535358429,0.0,0.9998520016670227,0.5762099027633667,0.2257518321275711,0.0,0.9996404051780701,0.6905708909034729,0.28457826375961304,0.0,0.9999725818634033,0.4720722734928131,0.2583787441253662,0.0,0.9987925887107849,0.7206358313560486,0.3736746907234192,0.0,0.9519132375717163,0.3171682059764862,0.2285412847995758,0.0,0.871440589427948,0.6514636874198914,0.428008496761322,0.0,0.9763587117195129,0.3501719832420349,0.12646576762199402,0.0,0.8774683475494385,0.6222351789474487,0.4540829062461853,0.0,0.9734565615653992,0.3909854590892792,0.10904049873352051,0.0,0.866797685623169,0.609704315662384,0.4433915615081787,0.0,0.975890040397644,0.4159741699695587,0.10679314285516739,0.0,0.8693424463272095,0.6141481399536133,0.43556609749794006,0.0,0.96596360206604,0.3986801505088806,0.11415854841470718,0.0,0.8786343336105347,0.5755054950714111,0.46124744415283203,0.0,0.9997910261154175,0.465300977230072,0.4509114623069763,0.029694458469748497,0.9995778203010559,0.5444198846817017,0.5841609835624695,0.0,0.7509403824806213,0.4130101501941681,0.5725502967834473,0.11614511162042618,0.5602465271949768,0.5172742009162903,0.6890202760696411,0.21151557564735413,0.8897664546966553,0.4025419056415558,0.6482405066490173,0.486646443605423,0.714136004447937,0.5173227190971375,0.6967834234237671,0.22263246774673462,0.6257129907608032,0.417558491230011,0.652165949344635,0.5203956365585327,0.4801372289657593,0.478648841381073,0.7355531454086304,0.034067872911691666,0.90414959192276,0.3783298134803772,0.6989769339561462,0.40179646015167236,0.735004186630249,high,high,high,high,high,high,high,high,high,high,high,high,high,high,high,high,high,high,high,high,high,high,high,high,high,high,medium,high,high,medium,low,high,high
23,0.7666666666666667,0.5881304144859314,0.21889713406562805,0.0,0.9999021887779236,0.6011565923690796,0.20622415840625763,0.0,0.9997943639755249,0.6103450059890747,0.20665772259235382,0.0,0.999809980392456,0.6185985803604126,0.20699019730091095,0.0,0.9998920559883118,0.5757417678833008,0.2037513703107834,0.0,0.9996989965438843,0.5660253167152405,0.20266151428222656,0.0,0.9996586441993713,0.5580079555511475,0.201833575963974,0.0,0.9996455907821655,0.6299306154251099,0.2115536630153656,0.0,0.9999130368232727,0.5470506548881531,0.20413586497306824,0.0,0.9989388585090637,0.6007638573646545,0.23176196217536926,0.0,0.9998612999916077,0.5676388740539551,0.22972707450389862,0.0,0.9996628165245056,0.6838322877883911,0.284625768661499,0.0,0.9999738335609436,0.4667704403400421,0.25852638483047485,0.0,0.9988420009613037,0.7135224342346191,0.3729720413684845,0.0,0.9552377462387085,0.3179648220539093,0.23560507595539093,0.0,0.877897322177887,0.647327184677124,0.4275185465812683,0.0,0.9782730340957642,0.3053854703903198,0.1375432163476944,0.0,0.8873112797737122,0.6197938919067383,0.45364242792129517,0.0,0.9756587743759155,0.3334123492240906,0.11612166464328766,0.0,0.8775803446769714,0.6056175827980042,0.443324476480484,0.0,0.9779253005981445,0.3500058352947235,0.11617019027471542,0.0,0.8798692226409912,0.6090386509895325,0.43543872237205505,0.0,0.9688175320625305,0.3431721031665802,0.12330187857151031,0.0,0.8881667256355286,0.5703744888305664,0.46085095405578613,0.0,0.9997798800468445,0.4585910439491272,0.4504006505012512,0.027711298316717148,0.9995487332344055,0.5433774590492249,0.5843061208724976,0.0,0.7668178677558899,0.410664439201355,0.5718119144439697,0.12304691970348358,0.5744918584823608,0.5176233649253845,0.6891654133796692,0.23637284338474274,0.8975009322166443,0.3853722810745239,0.6481431722640991,0.5253563523292542,0.7300642728805542,0.5175943374633789,0.6969419717788696,0.248799130320549,0.6450634598731995,0.39611396193504333,0.6519771814346313,0.5593637824058533,0.49785149097442627,0.48084306716918945,0.7356551885604858,0.030720893293619156,0.9106568098068237,0.3674173951148987,0.6979936361312866,0.4057489037513733,0.7487345933914185,high,high,high,high,high,high,high,high,high,high,high,high,high,high,high,high,high,high,high,high,high,high,high,high,high,high,medium,high,high,medium,low,high,high
24,0.8,0.5759259462356567,0.22333784401416779,0.0,0.9999080300331116,0.5890627503395081,0.20912937819957733,0.0,0.999805212020874,0.5983780026435852,0.20872406661510468,0.0,0.9998205304145813,0.6069695949554443,0.20819838345050812,0.0,0.9998959898948669,0.5618318319320679,0.20753903687000275,0.0,0.999717116355896,0.5518572330474854,0.20617961883544922,0.0,0.9996821284294128,0.541424036026001,0.20478904247283936,0.0,0.9996667504310608,0.6152758598327637,0.2103712558746338,0.0,0.9999176859855652,0.526471734046936,0.20498482882976532,0.0,0.9990103840827942,0.5882230997085571,0.23486387729644775,0.0,0.9998616576194763,0.5525956749916077,0.23401066660881042,0.0,0.9996690154075623,0.6683397889137268,0.2819029688835144,0.0,0.999974250793457,0.4524005055427551,0.25440388917922974,0.0,0.9989059567451477,0.6975271701812744,0.3681858777999878,0.0,0.9556892514228821,0.323443204164505,0.2414168417453766,0.0,0.8684909343719482,0.6296831965446472,0.42588725686073303,0.0,0.9795284271240234,0.2060982882976532,0.18037888407707214,0.0,0.8957118391990662,0.6051564812660217,0.45080938935279846,0.0,0.9771568775177002,0.18854160606861115,0.1496414691209793,0.0,0.887707531452179,0.5936183333396912,0.4422758221626282,0.0,0.9793714284896851,0.20215818285942078,0.1481071263551712,0.0,0.8899747133255005,0.5966307520866394,0.43432921171188354,0.0,0.9709362983703613,0.20527254045009613,0.1589730978012085,0.0,0.8973082900047302,0.5590430498123169,0.45942097902297974,0.00505302706733346,0.9997783899307251,0.4466712474822998,0.4486202299594879,0.0,0.9995406270027161,0.5378003716468811,0.5825939178466797,0.07275516539812088,0.7789772152900696,0.4064500033855438,0.5702757239341736,0.11855898797512054,0.582980751991272,0.5158816576004028,0.6891018748283386,0.24758343398571014,0.902525007724762,0.36887848377227783,0.6477675437927246,0.42229193449020386,0.7438889741897583,0.514185905456543,0.6962438225746155,0.25959137082099915,0.6540308594703674,0.3736301064491272,0.6516057848930359,0.4459581971168518,0.5069108009338379,0.4812130331993103,0.7359035611152649,0.06710521131753922,0.9152518510818481,0.3580979108810425,0.6988943815231323,0.32379305362701416,0.7615591883659363,high,high,high,high,high,high,high,high,high,high,high,high,high,high,high,high,high,high,high,high,high,high,high,high,high,high,medium,high,high,medium,medium,high,high
25,0.8333333333333334,0.5641617774963379,0.22558042407035828,0.0,0.9999156594276428,0.578823447227478,0.21105241775512695,0.0,0.9998202323913574,0.5886070728302002,0.21055848896503448,0.0,0.999834418296814,0.5970161557197571,0.2097947597503662,0.0,0.9999030232429504,0.5504123568534851,0.2092115879058838,0.0,0.9997401833534241,0.5407747626304626,0.20771892368793488,0.0,0.9997093081474304,0.5301151871681213,0.20605680346488953,0.0,0.9996938705444336,0.6065666675567627,0.21049156785011292,0.0,0.999923825263977,0.518095076084137,0.20583531260490417,0.0,0.9990930557250977,0.5767117142677307,0.23624423146247864,0.0,0.9998688697814941,0.5405550003051758,0.23587782680988312,0.0,0.9996896386146545,0.6554714441299438,0.2785677909851074,0.0,0.9999755620956421,0.44348788261413574,0.24952571094036102,0.0,0.9989904165267944,0.6882418990135193,0.36379408836364746,0.0,0.957449734210968,0.3011310398578644,0.24380230903625488,0.0,0.8654637932777405,0.6198389530181885,0.4243099093437195,0.0,0.9805665612220764,0.14475005865097046,0.21892425417900085,0.0,0.9010555148124695,0.5959860682487488,0.44917282462120056,0.0,0.9782326221466064,0.1152598187327385,0.1924418956041336,0.0,0.8942657709121704,0.583997368812561,0.44107431173324585,0.0,0.9804533123970032,0.11796669661998749,0.19680938124656677,0.0,0.8969415426254272,0.5868940353393555,0.43314093351364136,0.0,0.9725250601768494,0.12543529272079468,0.21175917983055115,0.0,0.9034876823425293,0.5512794256210327,0.45686793327331543,0.01856953464448452,0.9997830390930176,0.4398322105407715,0.4461517333984375,0.0,0.9995511770248413,0.531053900718689,0.5778481960296631,0.10419715940952301,0.7912408113479614,0.4027819037437439,0.568137526512146,0.10960172116756439,0.5954393744468689,0.5142658352851868,0.6873703002929688,0.2722908556461334,0.9075542092323303,0.3574059307575226,0.6496529579162598,0.3896273374557495,0.7562143802642822,0.5099664330482483,0.695219874382019,0.27564337849617004,0.6640505194664001,0.3560503125190735,0.6533145308494568,0.41062137484550476,0.510485827922821,0.4850911796092987,0.7355178594589233,0.08376828581094742,0.9198251366615295,0.34997496008872986,0.7033237218856812,0.2524493932723999,0.772992730140686,high,high,high,high,high,high,high,high,high,high,high,high,high,high,high,high,high,high,high,high,high,high,high,high,high,high,medium,high,high,medium,medium,high,high
26,0.8666666666666667,0.5499433875083923,0.2262272834777832,0.0,0.9999189376831055,0.5665756464004517,0.21278421580791473,0.0,0.9998255372047424,0.577226996421814,0.21279406547546387,0.0,0.9998397827148438,0.5862448215484619,0.2124868929386139,0.0,0.9999043941497803,0.53813236951828,0.21001911163330078,0.0,0.9997453689575195,0.5289895534515381,0.2083357274532318,0.0,0.9997158050537109,0.519044816493988,0.2066250741481781,0.0,0.9996939301490784,0.5983927249908447,0.21270041167736053,0.0,0.9999258518218994,0.5090842843055725,0.2068905383348465,0.0,0.9990870356559753,0.5638419389724731,0.23751012980937958,0.0,0.9998594522476196,0.5280532240867615,0.23589952290058136,0.0,0.9996650815010071,0.6455320715904236,0.27664363384246826,0.0,0.9999752640724182,0.4330289959907532,0.24833253026008606,0.0,0.9988860487937927,0.6760669350624084,0.3604215979576111,0.0,0.960609495639801,0.2667824327945709,0.2561552822589874,0.0,0.8553664088249207,0.6147884130477905,0.42053675651550293,0.0,0.9815637469291687,0.09206295758485794,0.262789785861969,0.0,0.8525394201278687,0.5906013250350952,0.44631195068359375,0.0,0.9787895083427429,0.05899836868047714,0.2525530457496643,0.0,0.8402730226516724,0.5802003145217896,0.4392361044883728,0.0,0.9810384511947632,0.0563850924372673,0.2540353238582611,0.0,0.847402811050415,0.5823695063591003,0.4309631884098053,0.0,0.9732342958450317,0.07235550880432129,0.2639148235321045,0.0,0.8573840260505676,0.5461739301681519,0.45475155115127563,0.014697112143039703,0.9997639656066895,0.4331037700176239,0.4451253414154053,0.0,0.9994913935661316,0.5288183689117432,0.5752382874488831,0.1277402937412262,0.8018395900726318,0.39774245023727417,0.5657662749290466,0.1609535813331604,0.6074898838996887,0.5157359838485718,0.6831007599830627,0.38240906596183777,0.9122428297996521,0.3517945110797882,0.6529632210731506,0.4997321665287018,0.7684060335159302,0.5109166502952576,0.6901124119758606,0.39264529943466187,0.6728481650352478,0.3517141044139862,0.657687246799469,0.5227740406990051,0.5140681266784668,0.4878025949001312,0.7325986623764038,0.15623076260089874,0.9225800633430481,0.34262484312057495,0.7077765464782715,0.2924326956272125,0.7803699970245361,high,high,high,high,high,high,high,high,high,high,high,high,high,high,high,high,high,high,high,high,high,high,high,high,high,high,medium,high,high,medium,medium,high,high
27,0.9,0.5440078377723694,0.22890910506248474,0.0,0.9999145865440369,0.5613016486167908,0.21538498997688293,0.0,0.9998104572296143,0.5715295076370239,0.21543559432029724,0.0,0.9998276233673096,0.5816119909286499,0.21516594290733337,0.0,0.9998924732208252,0.5330488681793213,0.21241772174835205,0.0,0.9997188448905945,0.5234465003013611,0.21063363552093506,0.0,0.9996910095214844,0.5145174264907837,0.2086995542049408,0.0,0.9996529817581177,0.5970017313957214,0.21404394507408142,0.0,0.9999198913574219,0.5054582953453064,0.20726919174194336,0.0,0.9989893436431885,0.557500422000885,0.23942963778972626,0.0,0.9998195171356201,0.5226770043373108,0.2373644858598709,0.0,0.9995735287666321,0.6455737352371216,0.2754763066768646,0.0,0.9999739527702332,0.43128785490989685,0.24696369469165802,0.0,0.9987766742706299,0.6723965406417847,0.35998302698135376,0.0,0.9633264541625977,0.2661951184272766,0.25696003437042236,0.0,0.8424175977706909,0.6117433309555054,0.42073488235473633,0.0,0.9826679825782776,0.09128843992948532,0.2665642201900482,0.0,0.8183940052986145,0.5872653722763062,0.44638457894325256,0.0,0.9797723889350891,0.05484670400619507,0.2551818788051605,0.0,0.8034446835517883,0.5768539309501648,0.43909305334091187,0.0,0.9819748997688293,0.05552556738257408,0.256572425365448,0.0,0.8145616054534912,0.5791367292404175,0.4308701157569885,0.0,0.9744832515716553,0.06912697106599808,0.26568156480789185,0.0,0.827357292175293,0.5465214848518372,0.4542294442653656,0.012940780259668827,0.9997557997703552,0.43340951204299927,0.44443240761756897,0.0,0.9994621872901917,0.5271080136299133,0.5744015574455261,0.12827643752098083,0.8102391958236694,0.39531660079956055,0.5655196309089661,0.1453736126422882,0.6202990412712097,0.5164966583251953,0.6814345717430115,0.3762429654598236,0.917080283164978,0.3502553403377533,0.6556980013847351,0.4963139295578003,0.7812020182609558,0.5131516456604004,0.6879356503486633,0.38631126284599304,0.6835474371910095,0.3508208692073822,0.6605556011199951,0.5068429112434387,0.5227426290512085,0.4894578754901886,0.7321428656578064,0.16055135428905487,0.9255485534667969,0.34137478470802307,0.7101995944976807,0.28023669123649597,0.7888521552085876,high,high,high,high,high,high,high,high,high,high,high,high,high,high,high,high,high,high,high,high,high,high,high,high,high,high,medium,high,high,medium,medium,high,high
28,0.9333333333333333,0.53935307264328,0.2306199073791504,0.0,0.9999160170555115,0.5552135705947876,0.21685555577278137,0.0,0.9998092651367188,0.5653784275054932,0.2168971300125122,0.0,0.9998239278793335,0.5757655501365662,0.2168211191892624,0.0,0.999886691570282,0.5280933976173401,0.21397395431995392,0.0,0.9997262954711914,0.5186837315559387,0.2122841328382492,0.0,0.9997022151947021,0.5108331441879272,0.21053345501422882,0.0,0.999667763710022,0.5905179977416992,0.2156563550233841,0.0,0.9999144077301025,0.5000511407852173,0.20855486392974854,0.0,0.9990366697311401,0.5518026947975159,0.24069735407829285,0.0,0.9998071789741516,0.5181664824485779,0.23903322219848633,0.0,0.9995766282081604,0.6392256617546082,0.2757148742675781,0.0,0.9999722242355347,0.42557835578918457,0.24692919850349426,0.0,0.9988706707954407,0.6636924147605896,0.3600817322731018,0.0,0.9652339816093445,0.2689330577850342,0.26906654238700867,0.0,0.854431688785553,0.6045013666152954,0.4210054278373718,0.0,0.9835140705108643,0.12138058245182037,0.3057498037815094,0.0,0.8335574865341187,0.580944836139679,0.4464623034000397,0.0,0.9803818464279175,0.06099753454327583,0.30711451172828674,0.0,0.8182035088539124,0.570622444152832,0.4391133785247803,0.0,0.9825465679168701,0.07319055497646332,0.31674808263778687,0.0,0.8290045261383057,0.5725890398025513,0.430957555770874,0.0,0.9753468632698059,0.09769231826066971,0.3209751844406128,0.0,0.8402961492538452,0.539349377155304,0.45445698499679565,0.01139130350202322,0.9997580647468567,0.4231983721256256,0.44453302025794983,0.0,0.9994838833808899,0.5253921747207642,0.5740257501602173,0.08274675160646439,0.8230077028274536,0.38909339904785156,0.5657126307487488,0.10385733842849731,0.6448721885681152,0.5152553915977478,0.6814602613449097,0.27628615498542786,0.9209531545639038,0.34818199276924133,0.6612614989280701,0.3506470024585724,0.7940086126327515,0.5122947096824646,0.6881974339485168,0.2830089032649994,0.691137433052063,0.3478410542011261,0.6669151186943054,0.3657146990299225,0.5318161249160767,0.4895823895931244,0.7311660647392273,0.09916326403617859,0.9280237555503845,0.33984071016311646,0.7132987976074219,0.19316618144512177,0.7995203733444214,high,high,high,high,high,high,high,high,high,high,high,high,high,high,high,high,high,high,high,high,high,high,high,high,high,high,medium,high,high,medium,medium,high,high
29,0.9666666666666667,0.5324479341506958,0.23222681879997253,0.0,0.9999143481254578,0.5497592091560364,0.2185548096895218,0.0,0.9998042583465576,0.5603436231613159,0.2186657190322876,0.0,0.9998166561126709,0.5711837410926819,0.21874800324440002,0.0,0.9998797178268433,0.5218902826309204,0.21523340046405792,0.0,0.9997245073318481,0.5125601887702942,0.21339090168476105,0.0,0.9997009634971619,0.5050458312034607,0.21149492263793945,0.0,0.9996674060821533,0.583043098449707,0.21783149242401123,0.0,0.9999083876609802,0.4931678771972656,0.20944830775260925,0.0,0.9990370273590088,0.5428227186203003,0.24260704219341278,0.0,0.9997862577438354,0.5099418759346008,0.24057964980602264,0.0,0.9995569586753845,0.6283473372459412,0.2789808511734009,0.0,0.9999684691429138,0.41419681906700134,0.2474212348461151,0.0,0.9988906979560852,0.6552493572235107,0.36051085591316223,0.0,0.9670644998550415,0.26346203684806824,0.28745031356811523,0.0,0.8602360486984253,0.5985984206199646,0.42121395468711853,0.0,0.9839362502098083,0.12136522680521011,0.3395499587059021,0.0,0.8310584425926208,0.5765111446380615,0.4466666579246521,0.0,0.9804233908653259,0.06735622882843018,0.3499581813812256,0.0,0.8098580241203308,0.5649304986000061,0.4391603469848633,0.0,0.9826164245605469,0.07497572898864746,0.3609035909175873,0.0,0.8234439492225647,0.5664401054382324,0.4309996962547302,0.0,0.9753944873809814,0.0985235944390297,0.36204227805137634,0.0,0.8345099091529846,0.5302113890647888,0.45694175362586975,0.015132979489862919,0.9997367858886719,0.41204413771629333,0.44541531801223755,0.0,0.9994530081748962,0.5211421847343445,0.5745396018028259,0.09362183511257172,0.8348855376243591,0.38220375776290894,0.5659223198890686,0.05199960991740227,0.6687445640563965,0.5084072351455688,0.6810479760169983,0.34932878613471985,0.9266568422317505,0.3478531837463379,0.6648680567741394,0.3751702904701233,0.8084592819213867,0.4970477521419525,0.6885559558868408,0.3607071042060852,0.7085204124450684,0.34814801812171936,0.6709569692611694,0.3979727029800415,0.5492613911628723,0.49829593300819397,0.7311586737632751,0.14660273492336273,0.9323510527610779,0.3389125168323517,0.7156636714935303,0.21113012731075287,0.8112101554870605,high,high,high,high,high,high,high,high,high,high,high,high,high,high,high,high,high,high,high,high,high,high,high,high,high,high,medium,high,high,high,medium,high,high
30,1.0,0.5187393426895142,0.23273852467536926,0.0,0.9998947978019714,0.5316373705863953,0.21992337703704834,0.0,0.9997513890266418,0.5405879020690918,0.22013404965400696,0.0,0.9997578859329224,0.5494884252548218,0.2200910598039627,0.0,0.9998398423194885,0.5050283074378967,0.21650700271129608,0.0,0.999684751033783,0.49626392126083374,0.21512679755687714,0.0,0.999663233757019,0.48679089546203613,0.21370580792427063,0.0,0.9996377229690552,0.5595191121101379,0.21918563544750214,0.0,0.9998692274093628,0.4758482277393341,0.2132045328617096,0.0,0.9989489316940308,0.529017984867096,0.24325232207775116,0.0,0.9997366070747375,0.49682629108428955,0.24145562946796417,0.0,0.999507486820221,0.6139434576034546,0.283801794052124,0.0,0.9999670386314392,0.3931615948677063,0.26310816407203674,0.0,0.9989710450172424,0.6437633633613586,0.3639424741268158,0.0,0.9680762887001038,0.2616468071937561,0.3289119005203247,0.0,0.8712955117225647,0.590142548084259,0.4231221675872803,0.0,0.9844431281089783,0.14221714437007904,0.3980739712715149,0.0,0.844223141670227,0.5692210793495178,0.4497029185295105,0.0,0.9806993007659912,0.1007179543375969,0.4162646234035492,0.0,0.8229466080665588,0.5569471716880798,0.4414845108985901,0.0,0.9828319549560547,0.11819059401750565,0.42381805181503296,0.0,0.8359571099281311,0.5583646297454834,0.4329557418823242,0.0,0.9757764339447021,0.13525980710983276,0.4204689562320709,0.0,0.8454811573028564,0.5162034034729004,0.46235746145248413,0.02756190486252308,0.9997555613517761,0.3968178927898407,0.45125073194503784,0.0,0.9994950890541077,0.5158149003982544,0.5760734677314758,0.09579087048768997,0.8478133082389832,0.37214356660842896,0.5661460161209106,0.0,0.697924792766571,0.4989660978317261,0.6810352802276611,0.29651010036468506,0.9325289726257324,0.3480103313922882,0.6641401648521423,0.23509491980075836,0.8247023820877075,0.48093897104263306,0.6889889240264893,0.3016217052936554,0.7258883118629456,0.3481508791446686,0.6701598167419434,0.2558354437351227,0.573684573173523,0.5159673094749451,0.7311704754829407,0.13775648176670074,0.9372361302375793,0.3405984342098236,0.7155545353889465,0.1289578378200531,0.8262801766395569,high,high,high,high,high,high,high,high,high,high,high,high,high,high,high,high,high,high,high,high,high,high,high,high,high,high,medium,high,high,high,medium,high,high
31,1.0333333333333334,0.5088415145874023,0.23039314150810242,0.0,0.9998969435691833,0.5229137539863586,0.21777132153511047,0.0,0.9997541308403015,0.532970666885376,0.21807017922401428,0.0,0.9997561573982239,0.5419742465019226,0.21815116703510284,0.0,0.999839186668396,0.49417844414711,0.21450981497764587,0.0,0.9996984004974365,0.48533934354782104,0.21317119896411896,0.0,0.999677836894989,0.4759202301502228,0.21182139217853546,0.0,0.9996574521064758,0.5525519847869873,0.21884393692016602,0.0,0.9998635649681091,0.46293050050735474,0.21207177639007568,0.0,0.9989968538284302,0.5237054824829102,0.2416086494922638,0.0,0.9997423887252808,0.4870211184024811,0.2397562712430954,0.0,0.9995330572128296,0.6074932813644409,0.2853170335292816,0.0,0.999968409538269,0.3829401731491089,0.2696508765220642,0.0,0.9990646839141846,0.6358001828193665,0.370370090007782,0.0,0.9688923358917236,0.2663237154483795,0.3462807238101959,0.0,0.8815708756446838,0.5766407251358032,0.4267086386680603,0.0,0.9850145578384399,0.15527184307575226,0.4252687096595764,0.0,0.8577485680580139,0.5545952320098877,0.4541555345058441,0.0,0.9811888337135315,0.12271641939878464,0.448817640542984,0.0,0.8373302221298218,0.5428473353385925,0.4451165199279785,0.0,0.9832144975662231,0.13162435591220856,0.45294389128685,0.0,0.84945148229599,0.5444992184638977,0.4359051585197449,0.0,0.9762882590293884,0.13846519589424133,0.4487832188606262,0.0,0.8575735688209534,0.5071872472763062,0.4656236171722412,0.030378855764865875,0.9997745156288147,0.38714319467544556,0.4556204378604889,0.0,0.9995368719100952,0.5112084150314331,0.5770723223686218,0.10749496519565582,0.8558971881866455,0.3626185953617096,0.5674346089363098,0.0,0.7188382744789124,0.49683329463005066,0.6807709336280823,0.29716676473617554,0.9367104768753052,0.35068926215171814,0.6637001633644104,0.26073506474494934,0.8362579345703125,0.47670698165893555,0.6891474723815918,0.302704781293869,0.7367740273475647,0.35094624757766724,0.6698382496833801,0.28262001276016235,0.5844514966011047,0.5197588801383972,0.7310267090797424,0.14728783071041107,0.9406082034111023,0.3416585624217987,0.7168436646461487,0.15821166336536407,0.8369109034538269,high,high,high,high,high,high,high,high,high,high,high,high,high,high,high,high,high,high,high,high,high,high,high,high,high,high,high,high,high,high,medium,high,high
32,1.0666666666666667,0.49590224027633667,0.2303096055984497,0.0,0.9999019503593445,0.5122893452644348,0.217119500041008,0.0,0.9997647404670715,0.5231097340583801,0.21720552444458008,0.0,0.9997645020484924,0.5311201214790344,0.2172507345676422,0.0,0.9998446702957153,0.48280608654022217,0.21434549987316132,0.0,0.9997172355651855,0.47307005524635315,0.2127433717250824,0.0,0.9996985197067261,0.4638587534427643,0.21151089668273926,0.0,0.9996817111968994,0.5437542200088501,0.21812066435813904,0.0,0.9998652935028076,0.45184656977653503,0.21177156269550323,0.0,0.9990600347518921,0.510350227355957,0.24080565571784973,0.0,0.9997568726539612,0.4736758768558502,0.23952826857566833,0.0,0.9995667934417725,0.601535975933075,0.2857126295566559,0.0,0.9999703764915466,0.3720853924751282,0.2737845778465271,0.0,0.9991521239280701,0.6306238174438477,0.37268438935279846,0.0,0.9707003235816956,0.2715717852115631,0.35915452241897583,0.0,0.8903487324714661,0.5709258317947388,0.4289933145046234,0.0,0.9859340190887451,0.18855370581150055,0.4449218809604645,0.0,0.8694159984588623,0.5487485527992249,0.4561297297477722,0.0,0.9821791648864746,0.1707659363746643,0.46918439865112305,0.0,0.8494687080383301,0.536846399307251,0.44646507501602173,0.0,0.9840644001960754,0.1808723658323288,0.47361645102500916,0.0,0.8608527779579163,0.5386995077133179,0.43731850385665894,0.0,0.9774498343467712,0.19146603345870972,0.4678989350795746,0.0,0.867732584476471,0.5047792196273804,0.4654690623283386,0.03358565270900726,0.999793529510498,0.3803650736808777,0.456901878118515,0.0,0.9995773434638977,0.5054389238357544,0.5771397352218628,0.10217639803886414,0.8649728894233704,0.3577524423599243,0.5694906711578369,0.0,0.7390193343162537,0.4930668771266937,0.679824709892273,0.29529374837875366,0.9409772157669067,0.34928590059280396,0.6646361947059631,0.27711936831474304,0.8475909233093262,0.4731145203113556,0.6886778473854065,0.30086928606033325,0.7481079697608948,0.34846803545951843,0.6719523668289185,0.29879650473594666,0.5940632224082947,0.5194862484931946,0.731003999710083,0.13429582118988037,0.944202721118927,0.3409600853919983,0.7178895473480225,0.14602546393871307,0.847214937210083,high,high,high,high,high,high,high,high,high,high,high,high,high,high,high,high,high,high,high,high,high,high,high,high,high,high,high,high,high,high,medium,high,high
33,1.1,0.4950542151927948,0.2290997952222824,0.0,0.9999067187309265,0.511111855506897,0.21615657210350037,0.0,0.9997752904891968,0.5219048261642456,0.21636302769184113,0.0,0.9997730851173401,0.532045841217041,0.21646364033222198,0.0,0.9998502731323242,0.48111334443092346,0.21327324211597443,0.0,0.9997353553771973,0.4718465209007263,0.2117207795381546,0.0,0.9997182488441467,0.46352052688598633,0.21049001812934875,0.0,0.9997047185897827,0.5418074131011963,0.21764621138572693,0.0,0.9998680353164673,0.4524171054363251,0.21122339367866516,0.0,0.9991235136985779,0.5092665553092957,0.23999962210655212,0.0,0.999770998954773,0.47375747561454773,0.2385246306657791,0.0,0.9995987415313721,0.5997259020805359,0.2856980264186859,0.0,0.9999722838401794,0.37006762623786926,0.2753473222255707,0.0,0.9992316961288452,0.6293898820877075,0.37385132908821106,0.0,0.9720404744148254,0.2744312584400177,0.36249133944511414,0.0,0.8982107639312744,0.5696487426757812,0.43015056848526,0.0,0.9866514205932617,0.20010793209075928,0.44737228751182556,0.0,0.8802285194396973,0.5454150438308716,0.45745986700057983,0.0,0.9829494953155518,0.18320424854755402,0.47110748291015625,0.0,0.8610646724700928,0.5319710373878479,0.44774970412254333,0.0,0.9847180247306824,0.19550493359565735,0.4748441278934479,0.0,0.8717063069343567,0.534102737903595,0.438792884349823,0.0,0.9783338904380798,0.2081459015607834,0.46924957633018494,0.0,0.8774686455726624,0.5045249462127686,0.465128093957901,0.03101709671318531,0.9998100399971008,0.37881267070770264,0.4566044211387634,0.0,0.9996132850646973,0.5008074045181274,0.5778684616088867,0.09879013895988464,0.8730749487876892,0.35611259937286377,0.5710605382919312,0.0,0.7577250003814697,0.49115490913391113,0.6796854734420776,0.2997579276561737,0.9444395303726196,0.34867438673973083,0.6647337675094604,0.27200043201446533,0.857618510723114,0.4720539152622223,0.6885746121406555,0.3063493072986603,0.7569208741188049,0.3472685217857361,0.6722551584243774,0.2941543459892273,0.6028839945793152,0.5188077092170715,0.7310881614685059,0.14713676273822784,0.9471102952957153,0.3404874801635742,0.7183880805969238,0.15010476112365723,0.8564783334732056,high,high,high,high,high,high,high,high,high,high,high,high,high,high,high,high,high,high,high,high,high,high,high,high,high,high,high,high,high,high,medium,high,high
34,1.1333333333333333,0.4887892007827759,0.22338180243968964,0.0,0.999907374382019,0.5031487345695496,0.2109241783618927,0.0,0.9997739791870117,0.513373076915741,0.21163615584373474,0.0,0.9997679591178894,0.5231095552444458,0.21244926750659943,0.0,0.9998463988304138,0.474377304315567,0.20842218399047852,0.0,0.9997453689575195,0.46658432483673096,0.20771756768226624,0.0,0.9997304677963257,0.45778998732566833,0.20718160271644592,0.0,0.9997214078903198,0.53354412317276,0.21636426448822021,0.0,0.9998608231544495,0.4453968107700348,0.2110360860824585,0.0,0.9991671442985535,0.5040690302848816,0.23563356697559357,0.0,0.9997779130935669,0.4671572744846344,0.23460736870765686,0.0,0.9996227622032166,0.596179723739624,0.28570467233657837,0.0,0.9999736547470093,0.3653564751148224,0.27704519033432007,0.0,0.9993035197257996,0.6264987587928772,0.3753099739551544,0.0,0.9726298451423645,0.2809047996997833,0.36602461338043213,0.0,0.9035354852676392,0.5626728534698486,0.4321044385433197,0.0,0.9863789081573486,0.22257910668849945,0.45566850900650024,0.0,0.8894016146659851,0.5386949181556702,0.45925623178482056,0.0,0.982447624206543,0.21020221710205078,0.48056134581565857,0.0,0.8707717061042786,0.5241366624832153,0.4493865966796875,0.0,0.9841800928115845,0.2158309519290924,0.48350247740745544,0.0,0.8808450698852539,0.5263850092887878,0.4402802884578705,0.0,0.9775863289833069,0.22745388746261597,0.4761488437652588,0.0,0.8854387402534485,0.5020873546600342,0.4648672938346863,0.027883635833859444,0.9998254179954529,0.3779800832271576,0.45657357573509216,0.0,0.9996469020843506,0.4910523593425751,0.5779479742050171,0.09840583056211472,0.8776476383209229,0.3553691804409027,0.5716848373413086,0.0,0.7690271139144897,0.4872846305370331,0.6792508363723755,0.2999313473701477,0.9468024969100952,0.347114235162735,0.6651908755302429,0.2819575071334839,0.8646548986434937,0.4708690941333771,0.6882853507995605,0.30674055218696594,0.7614916563034058,0.34529387950897217,0.6732848882675171,0.3023655414581299,0.604228138923645,0.5121707320213318,0.7307290434837341,0.14409855008125305,0.9488999843597412,0.34098559617996216,0.7185055017471313,0.14579491317272186,0.8627322912216187,high,high,high,high,high,high,high,high,high,high,high,high,high,high,high,high,high,high,high,high,high,high,high,high,high,high,high,high,high,high,medium,high,high
35,1.1666666666666667,0.47897982597351074,0.21781222522258759,0.0,0.9999101758003235,0.4944322407245636,0.20660504698753357,0.0,0.999778687953949,0.5045303106307983,0.2075306922197342,0.0,0.9997703433036804,0.5138537883758545,0.20835550129413605,0.0,0.9998468160629272,0.465562641620636,0.20372827351093292,0.0,0.9997592568397522,0.45734909176826477,0.20308348536491394,0.0,0.9997466206550598,0.44826817512512207,0.202811598777771,0.0,0.999740719795227,0.5252048373222351,0.21407945454120636,0.0,0.9998605847358704,0.4350985586643219,0.20926399528980255,0.0,0.999224066734314,0.4955790638923645,0.23188014328479767,0.0,0.9997895359992981,0.45816531777381897,0.23065225780010223,0.0,0.9996504187583923,0.5901707410812378,0.2857491374015808,0.0,0.9999750256538391,0.3618067800998688,0.2784130573272705,0.0,0.9993694424629211,0.6256163716316223,0.3765481114387512,0.0,0.9736602902412415,0.28597915172576904,0.3695175349712372,0.0,0.909442126750946,0.5555192232131958,0.434688001871109,0.0,0.9862759113311768,0.23394940793514252,0.45999178290367126,0.0,0.8989060521125793,0.5327973365783691,0.4612613320350647,0.0,0.9821726083755493,0.22663523256778717,0.4901033043861389,0.0,0.8812681436538696,0.5163031220436096,0.45176640152931213,0.0,0.9838576316833496,0.22650136053562164,0.49179181456565857,0.0,0.8906163573265076,0.5182358026504517,0.44282227754592896,0.0,0.9771506190299988,0.23759913444519043,0.4821280539035797,0.0,0.8943603038787842,0.4992644786834717,0.46468067169189453,0.008854708634316921,0.9998391270637512,0.378447562456131,0.45664820075035095,0.0,0.9996773600578308,0.4797554314136505,0.5773267149925232,0.05500597879290581,0.8832380175590515,0.3559640347957611,0.5715546011924744,0.00816431362181902,0.7789607644081116,0.48459184169769287,0.6778452396392822,0.29941144585609436,0.9485483765602112,0.34824293851852417,0.6649994850158691,0.2977777421474457,0.8704176545143127,0.4742446839809418,0.6851801872253418,0.3070140779018402,0.7620492577552795,0.34774285554885864,0.6729413270950317,0.31922662258148193,0.6074484586715698,0.4816025197505951,0.7295974493026733,0.14208412170410156,0.950093150138855,0.34075942635536194,0.7183322906494141,0.16488811373710632,0.8682066202163696,high,high,high,high,high,high,high,high,high,high,high,high,high,high,high,high,high,high,high,high,high,high,high,high,high,high,high,high,high,high,medium,high,high
36,1.2,0.468650221824646,0.2144906222820282,0.0,0.9999176859855652,0.4839082956314087,0.2039979249238968,0.0,0.9997970461845398,0.4932945668697357,0.20504970848560333,0.0,0.9997890591621399,0.5021241307258606,0.20606815814971924,0.0,0.9998589158058167,0.4572015106678009,0.20138554275035858,0.0,0.9997807145118713,0.4476088285446167,0.20106983184814453,0.0,0.999769389629364,0.4381551444530487,0.20118184387683868,0.0,0.9997643828392029,0.5126861929893494,0.21328377723693848,0.0,0.9998716711997986,0.42102643847465515,0.20915785431861877,0.0,0.9992948770523071,0.4834248423576355,0.2294575423002243,0.0,0.9998080730438232,0.4469737708568573,0.22816261649131775,0.0,0.999682605266571,0.5809192061424255,0.2857094407081604,0.0,0.9999768733978271,0.35812094807624817,0.28049129247665405,0.0,0.9994292259216309,0.6264775395393372,0.37775108218193054,0.0,0.9752424955368042,0.28144150972366333,0.37002018094062805,0.0,0.9131910800933838,0.5511351823806763,0.4371691644191742,0.0,0.9866634011268616,0.21928685903549194,0.46174874901771545,0.0,0.9058437347412109,0.5262759923934937,0.4628273844718933,0.0,0.9825378060340881,0.21640989184379578,0.4839928150177002,0.0,0.8885892629623413,0.5078815221786499,0.4529138505458832,0.0,0.9841610193252563,0.22178295254707336,0.4837263226509094,0.0,0.89754319190979,0.510715901851654,0.44406571984291077,0.0,0.9775035381317139,0.2252684086561203,0.47818082571029663,0.0,0.9004631638526917,0.4965265393257141,0.46458005905151367,0.0,0.9998513460159302,0.379708468914032,0.45746034383773804,0.00943603552877903,0.9997044205665588,0.46623700857162476,0.5777405500411987,0.046891335397958755,0.889716625213623,0.35352203249931335,0.5719184875488281,0.011466060765087605,0.7895289659500122,0.48242777585983276,0.6780231595039368,0.3419828712940216,0.9502663612365723,0.3478730618953705,0.6662168502807617,0.35277053713798523,0.8756879568099976,0.47614070773124695,0.685522198677063,0.35945722460746765,0.7641045451164246,0.3491109609603882,0.6729872822761536,0.38025060296058655,0.6136295795440674,0.4533732831478119,0.7296505570411682,0.1673436462879181,0.9516873359680176,0.340242862701416,0.7185796499252319,0.2139957845211029,0.8740357160568237,high,high,high,high,high,high,high,high,high,high,high,high,high,high,high,high,high,high,high,high,high,high,high,high,high,high,high,high,high,high,medium,high,high
37,1.2333333333333334,0.46617990732192993,0.21015596389770508,0.0,0.9999250173568726,0.4804328978061676,0.20094934105873108,0.0,0.9998152852058411,0.4902186393737793,0.20228616893291473,0.0,0.9998078942298889,0.49886554479599,0.20361192524433136,0.0,0.9998714327812195,0.4545561373233795,0.19849851727485657,0.0,0.9998008012771606,0.446150004863739,0.19834855198860168,0.0,0.9997904300689697,0.4365810453891754,0.1986730545759201,0.0,0.9997859597206116,0.5102800726890564,0.21269011497497559,0.0,0.999883234500885,0.4195909798145294,0.20827367901802063,0.0,0.9993587732315063,0.48030659556388855,0.22597141563892365,0.0,0.9998257160186768,0.4445374310016632,0.22445349395275116,0.0,0.9997119307518005,0.5766913294792175,0.2852998971939087,0.0,0.9999786615371704,0.35812097787857056,0.2803875207901001,0.0,0.9994788765907288,0.6282480955123901,0.37724995613098145,0.0,0.976769208908081,0.27063512802124023,0.36065882444381714,0.0,0.9055970907211304,0.5566529035568237,0.43694353103637695,0.0,0.9867528676986694,0.1809593141078949,0.4424876272678375,0.0,0.8964327573776245,0.5286889672279358,0.4622904360294342,0.0,0.9824328422546387,0.1577608287334442,0.4626461863517761,0.0,0.8776131868362427,0.5079977512359619,0.45265668630599976,0.0,0.9840028882026672,0.1725708395242691,0.4653390944004059,0.0,0.8876618146896362,0.5117914080619812,0.4439563751220703,0.0,0.9769992828369141,0.1852303147315979,0.46168094873428345,0.0,0.8904989957809448,0.49820104241371155,0.4640766978263855,0.0,0.99986332654953,0.3830181956291199,0.45798930525779724,0.044659070670604706,0.9997289776802063,0.46057265996932983,0.5779117345809937,0.015851739794015884,0.8963558077812195,0.35315099358558655,0.5718910098075867,0.0550614558160305,0.7985145449638367,0.4830772876739502,0.6782141923904419,0.35528692603111267,0.9531847834587097,0.34848156571388245,0.6660662889480591,0.4552682638168335,0.882194995880127,0.48159059882164,0.686326801776886,0.37621137499809265,0.771830677986145,0.35761117935180664,0.672853410243988,0.4876561164855957,0.6290552020072937,0.44175225496292114,0.7320379614830017,0.16301487386226654,0.954217791557312,0.34018760919570923,0.7182871103286743,0.31654471158981323,0.8804911971092224,high,high,high,high,high,high,high,high,high,high,high,high,high,high,high,high,high,high,high,high,high,high,high,high,high,high,high,high,high,high,medium,high,high
38,1.2666666666666666,0.4720683991909027,0.20603656768798828,0.0,0.9999318718910217,0.48552319407463074,0.19801077246665955,0.0,0.9998321533203125,0.4953469932079315,0.1992548406124115,0.0,0.9998253583908081,0.5044112801551819,0.20069380104541779,0.0,0.9998829364776611,0.46101248264312744,0.19590210914611816,0.0,0.9998193979263306,0.45183590054512024,0.19583874940872192,0.0,0.9998099207878113,0.4421235918998718,0.1961955726146698,0.0,0.9998058676719666,0.510730504989624,0.2098948210477829,0.0,0.9998939037322998,0.4242463707923889,0.20670466125011444,0.0,0.9994186758995056,0.4852205812931061,0.2221590280532837,0.0,0.9998419284820557,0.451809823513031,0.2187451422214508,0.0,0.9997389316558838,0.5751457214355469,0.2793126702308655,0.0,0.9999801516532898,0.3619518578052521,0.2787761390209198,0.0,0.9995238780975342,0.6303625106811523,0.3748769462108612,0.0,0.978247880935669,0.2552483379840851,0.35884079337120056,0.0,0.907132089138031,0.5559465289115906,0.43530574440956116,0.0,0.9870212078094482,0.14206960797309875,0.4278011918067932,0.0,0.89791339635849,0.5259990692138672,0.46188631653785706,0.0,0.9826114177703857,0.10887632519006729,0.44625917077064514,0.0,0.878711462020874,0.5015666484832764,0.4510534405708313,0.0,0.9841330647468567,0.12014298141002655,0.4454280734062195,0.0,0.8888410925865173,0.5060409903526306,0.4422518312931061,0.0,0.9770362973213196,0.1357116848230362,0.4426915645599365,0.0,0.8912166357040405,0.5006881952285767,0.461690753698349,0.0,0.9998737573623657,0.3851626515388489,0.457648903131485,0.0398034006357193,0.9997507929801941,0.4627366065979004,0.5779599547386169,0.019423870369791985,0.904176652431488,0.3539150357246399,0.5717496275901794,0.05264958739280701,0.8119869828224182,0.48458871245384216,0.6783076524734497,0.3436039984226227,0.9568162560462952,0.3488388955593109,0.6661878824234009,0.41504591703414917,0.8912731409072876,0.4896128475666046,0.6875938773155212,0.3608285188674927,0.7847016453742981,0.3612991273403168,0.6727056503295898,0.44327104091644287,0.6517031192779541,0.44710633158683777,0.7332950234413147,0.1606997847557068,0.9575483798980713,0.3403286337852478,0.7181973457336426,0.2750367522239685,0.8893519639968872,high,high,high,high,high,high,high,high,high,high,high,high,high,high,high,high,high,high,high,high,high,high,high,high,high,high,high,high,high,high,medium,high,high
39,1.3,0.4746357500553131,0.2048988789319992,0.0,0.9999381303787231,0.4879465401172638,0.1968197524547577,0.0,0.999847412109375,0.49793002009391785,0.19812479615211487,0.0,0.9998411536216736,0.506531834602356,0.1995275318622589,0.0,0.9998933672904968,0.46357133984565735,0.19472500681877136,0.0,0.9998362064361572,0.45457929372787476,0.194676473736763,0.0,0.9998275637626648,0.44438034296035767,0.19498951733112335,0.0,0.9998239278793335,0.5103226900100708,0.208593487739563,0.0,0.9999035000801086,0.42500054836273193,0.20571625232696533,0.0,0.9994726777076721,0.4875868558883667,0.2214258462190628,0.0,0.9998565316200256,0.45455202460289,0.21711024641990662,0.0,0.9997632503509521,0.5733756422996521,0.27708807587623596,0.0,0.9999814629554749,0.36335283517837524,0.2780522108078003,0.0,0.9995643496513367,0.6309962272644043,0.3736066222190857,0.0,0.9794613718986511,0.2502494752407074,0.3584473729133606,0.0,0.9078571796417236,0.5545825362205505,0.4346364140510559,0.0,0.9870043992996216,0.1344897747039795,0.41924214363098145,0.0,0.8970034122467041,0.5245108604431152,0.46155714988708496,0.0,0.9823797345161438,0.10166303813457489,0.43667060136795044,0.0,0.876886248588562,0.499543160200119,0.450397253036499,0.0,0.9838923215866089,0.1128944680094719,0.43727660179138184,0.0,0.8873475193977356,0.5039072036743164,0.44156473875045776,0.0,0.9765703678131104,0.12846748530864716,0.43423694372177124,0.0,0.8894143104553223,0.501879096031189,0.460355669260025,0.0,0.9998829960823059,0.3864947557449341,0.4572247564792633,0.036593247205019,0.9997701644897461,0.46337437629699707,0.5779876708984375,0.023824157193303108,0.9105625152587891,0.35452380776405334,0.5716391801834106,0.052202258259058,0.8221819996833801,0.48548850417137146,0.6788107752799988,0.3390619456768036,0.9597828984260559,0.3496859073638916,0.6663960218429565,0.40888819098472595,0.898734986782074,0.4928039014339447,0.6887024641036987,0.35549598932266235,0.794434130191803,0.36431682109832764,0.6726750135421753,0.43654483556747437,0.669390082359314,0.44876888394355774,0.7344623804092407,0.1532939225435257,0.9602332711219788,0.34055933356285095,0.7181357145309448,0.26348772644996643,0.8965827226638794,high,high,high,high,high,high,high,high,high,high,high,high,high,high,high,high,high,high,high,high,high,high,high,high,high,high,high,high,high,high,medium,high,high
40,1.3333333333333333,0.47861045598983765,0.19681444764137268,0.0,0.9999433755874634,0.4920617341995239,0.18928739428520203,0.0,0.9998599290847778,0.5023005604743958,0.19075308740139008,0.0,0.9998540282249451,0.5110648274421692,0.19235289096832275,0.0,0.9999017715454102,0.46721136569976807,0.18649576604366302,0.0,0.9998501539230347,0.4582236707210541,0.186375230550766,0.0,0.9998421669006348,0.4481039345264435,0.18656715750694275,0.0,0.9998389482498169,0.5159035921096802,0.20176458358764648,0.0,0.999911367893219,0.4303232431411743,0.19715151190757751,0.0,0.9995176196098328,0.4917641580104828,0.212589293718338,0.0,0.9998691082000732,0.4580143392086029,0.2095700055360794,0.0,0.9997841715812683,0.5787480473518372,0.27061164379119873,0.0,0.9999823570251465,0.3653048276901245,0.26752424240112305,0.0,0.9995996356010437,0.6312887668609619,0.37014710903167725,0.0,0.9803833961486816,0.2445804625749588,0.32291877269744873,0.0,0.9094038009643555,0.5467979311943054,0.4324944019317627,0.0,0.9866613745689392,0.11795692145824432,0.36828047037124634,0.0,0.8997899293899536,0.521237313747406,0.45884260535240173,0.0,0.9816924333572388,0.08592768758535385,0.38757020235061646,0.0,0.8794199228286743,0.49598103761672974,0.44564351439476013,0.0,0.9832435846328735,0.09697357565164566,0.3877529501914978,0.0,0.8899650573730469,0.5000610947608948,0.4376053810119629,0.0,0.975251317024231,0.11264633387327194,0.3837541937828064,0.0,0.8913354277610779,0.5027768611907959,0.4554888606071472,0.0,0.9998893737792969,0.38699477910995483,0.45164990425109863,0.04372650757431984,0.9997857213020325,0.46496835350990295,0.571740448474884,0.018789013847708702,0.9149779677391052,0.3549770414829254,0.5673631429672241,0.0927075520157814,0.8309328556060791,0.5004498362541199,0.6758426427841187,0.35078349709510803,0.9623091220855713,0.35027265548706055,0.6664551496505737,0.485422819852829,0.9056764245033264,0.5232250690460205,0.6876136064529419,0.3690166771411896,0.8009135723114014,0.36292558908462524,0.672572910785675,0.5152081251144409,0.6847513914108276,0.4500123858451843,0.7312604188919067,0.13345329463481903,0.9625860452651978,0.33998411893844604,0.7181050181388855,0.30310919880867004,0.9031742811203003,high,high,high,high,high,high,high,high,high,high,high,high,high,high,high,high,high,high,high,high,high,high,high,high,high,high,high,high,high,high,medium,high,high
41,1.3666666666666667,0.48206281661987305,0.1877957582473755,0.0,0.9999460577964783,0.49562200903892517,0.1793975830078125,0.0,0.9998677968978882,0.5062382817268372,0.18106451630592346,0.0,0.9998630881309509,0.5147467851638794,0.1825433224439621,0.0,0.9999076724052429,0.4714515209197998,0.17713794112205505,0.0,0.9998561143875122,0.4627159535884857,0.1773170828819275,0.0,0.9998476505279541,0.45353347063064575,0.1776236593723297,0.0,0.9998419880867004,0.5188184976577759,0.19063857197761536,0.0,0.9999183416366577,0.4327239692211151,0.18610574305057526,0.0,0.9995347857475281,0.49506399035453796,0.20358026027679443,0.0,0.9998776316642761,0.4616761803627014,0.20054340362548828,0.0,0.999793291091919,0.5838110446929932,0.26013681292533875,0.0,0.9999818205833435,0.37289953231811523,0.2544351816177368,0.0,0.9994889497756958,0.6366510391235352,0.3632601499557495,0.0,0.9817756414413452,0.24290500581264496,0.28835445642471313,0.0,0.8805677890777588,0.5478889346122742,0.42300185561180115,0.0,0.9871848225593567,0.10628433525562286,0.3014059066772461,0.0,0.845889151096344,0.5235826969146729,0.45134854316711426,0.0,0.9823220372200012,0.07136368006467819,0.31025391817092896,0.0,0.8327054381370544,0.49839600920677185,0.43606099486351013,0.0,0.9838448166847229,0.07636566460132599,0.3104090988636017,0.0,0.8458039164543152,0.503212034702301,0.4274655878543854,0.0,0.9759901762008667,0.08922433108091354,0.30928298830986023,0.0,0.8514952659606934,0.508108913898468,0.44557467103004456,0.0,0.9998851418495178,0.39864760637283325,0.4411444664001465,0.0541815422475338,0.999768853187561,0.46739307045936584,0.5655269622802734,0.0,0.9217051863670349,0.3569384813308716,0.5618147850036621,0.0352477990090847,0.8433194756507874,0.5264596343040466,0.6632055640220642,0.30173614621162415,0.9650915861129761,0.3517591953277588,0.6664077043533325,0.3728283643722534,0.9137820601463318,0.5557405352592468,0.6722144484519958,0.32657721638679504,0.8121670484542847,0.36307552456855774,0.6724547147750854,0.3979097902774811,0.7083752751350403,0.48053136467933655,0.7222213745117188,0.1030629351735115,0.9650831818580627,0.33988067507743835,0.7175887823104858,0.19843687117099762,0.910965085029602,high,high,high,high,high,high,high,high,high,high,high,high,high,high,high,high,high,high,high,high,high,high,high,high,high,high,high,high,high,high,high,high,high
42,1.4,0.5028741359710693,0.16736476123332977,0.0,0.9999480843544006,0.516718864440918,0.15741553902626038,0.0,0.9998739957809448,0.5269964337348938,0.15838027000427246,0.0,0.9998701810836792,0.5369916558265686,0.1599312722682953,0.0,0.999913215637207,0.49226853251457214,0.1566952019929886,0.0,0.9998589754104614,0.4828466773033142,0.15714885294437408,0.0,0.9998482465744019,0.4753299355506897,0.1577526181936264,0.0,0.9998410940170288,0.5439492464065552,0.1686159074306488,0.0,0.9999240040779114,0.4586537182331085,0.1678057461977005,0.0,0.9995289444923401,0.5176907777786255,0.18269912898540497,0.0,0.9998845458030701,0.4865708649158478,0.18110544979572296,0.0,0.9997961521148682,0.610954225063324,0.24670059978961945,0.0,0.9999823570251465,0.40568241477012634,0.23387643694877625,0.04254396632313728,0.9994399547576904,0.656347930431366,0.3530982434749603,0.0,0.9816395044326782,0.24940550327301025,0.230085089802742,0.0,0.8419749736785889,0.5503438115119934,0.4122675061225891,0.0,0.9866639971733093,0.18973395228385925,0.1680791974067688,0.0,0.8139211535453796,0.5257967114448547,0.4362867474555969,0.0,0.9819963574409485,0.178130641579628,0.14675113558769226,0.0,0.8126019239425659,0.5021123886108398,0.4246000349521637,0.0,0.9834850430488586,0.18267105519771576,0.14332453906536102,0.0,0.823646068572998,0.5062397122383118,0.4164021611213684,0.0,0.9754140377044678,0.19066914916038513,0.14795657992362976,0.0,0.831750750541687,0.5166810154914856,0.4325494170188904,0.0,0.9998939633369446,0.40946024656295776,0.42844358086586,0.08565375953912735,0.9997860789299011,0.47611138224601746,0.5633431673049927,0.0,0.9231711626052856,0.35329148173332214,0.5544201731681824,0.0,0.8427674174308777,0.5732858180999756,0.6484698057174683,0.10677890479564667,0.9593916535377502,0.3772680461406708,0.6601423025131226,0.2163189798593521,0.9162512421607971,0.6094027757644653,0.6488951444625854,0.1339818388223648,0.7942087650299072,0.42068368196487427,0.668155312538147,0.23385876417160034,0.7202063798904419,0.5361253023147583,0.7077978849411011,0.017214806750416756,0.9589278101921082,0.33997270464897156,0.7162105441093445,0.1285056620836258,0.9126730561256409,high,high,high,high,high,high,high,high,high,high,high,high,high,high,high,high,high,high,high,high,high,high,high,high,high,high,high,high,high,high,high,high,high
43,1.4333333333333333,0.5167316198348999,0.16414649784564972,0.0,0.9999526739120483,0.5313989520072937,0.15382643043994904,0.0,0.9998852014541626,0.5420506596565247,0.15473182499408722,0.0,0.9998819231987,0.5519081354141235,0.1557689905166626,0.0,0.9999210238456726,0.5047892332077026,0.1524537056684494,0.0,0.9998710751533508,0.49608200788497925,0.15249627828598022,0.0,0.9998612999916077,0.4880364239215851,0.15272583067417145,0.0,0.9998542666435242,0.5601873397827148,0.16295284032821655,0.0,0.9999310970306396,0.4711310863494873,0.1605456918478012,0.0,0.9995701313018799,0.5306599140167236,0.17881840467453003,0.0,0.9998946189880371,0.49815207719802856,0.1777941733598709,0.0,0.9998129606246948,0.6285841464996338,0.23988524079322815,0.0,0.9999833703041077,0.4110355079174042,0.22637245059013367,0.037803735584020615,0.9994710087776184,0.6729943752288818,0.3487939238548279,0.0,0.9820225834846497,0.24986378848552704,0.21491818130016327,0.0,0.8466290235519409,0.5564942955970764,0.40702277421951294,0.0,0.9873455166816711,0.23000513017177582,0.13197961449623108,0.0,0.8304951190948486,0.527094304561615,0.4311937391757965,0.0,0.983213484287262,0.23405015468597412,0.1030685305595398,0.0,0.8296900391578674,0.502470076084137,0.4187357425689697,0.0,0.9846110939979553,0.25278204679489136,0.0990191251039505,0.0,0.8395265936851501,0.510235607624054,0.41095876693725586,0.0,0.9769943952560425,0.2557297646999359,0.10838792473077774,0.0,0.8468478918075562,0.5271470546722412,0.4294412136077881,0.0,0.9998997449874878,0.4202103614807129,0.4234403073787689,0.1175067126750946,0.9998003840446472,0.48809686303138733,0.5652230978012085,0.0,0.9244490265846252,0.3309760093688965,0.5491318702697754,0.0,0.8472937345504761,0.5927892327308655,0.6527923345565796,0.06956321746110916,0.9591025114059448,0.40423786640167236,0.6545838713645935,0.2237774282693863,0.920210599899292,0.6262787580490112,0.6555683016777039,0.10012669116258621,0.796089231967926,0.4492858052253723,0.6654846668243408,0.24877603352069855,0.7385981678962708,0.5636449456214905,0.711001992225647,0.0,0.9590815305709839,0.34755605459213257,0.7123281955718994,0.13025210797786713,0.916812002658844,high,high,high,high,high,high,high,high,high,high,high,high,high,high,high,high,high,high,high,high,high,high,high,high,high,high,high,high,high,high,high,high,high
44,1.4666666666666666,0.5278350114822388,0.16496968269348145,0.0,0.9999564290046692,0.5425931215286255,0.15458616614341736,0.0,0.9998947978019714,0.5529108047485352,0.1554149091243744,0.0,0.9998919367790222,0.5628926157951355,0.15642717480659485,0.0,0.999927818775177,0.5138509273529053,0.15327678620815277,0.0,0.9998809099197388,0.5061264634132385,0.15336987376213074,0.0,0.9998713135719299,0.4968847930431366,0.1537477672100067,0.0,0.9998643398284912,0.5708449482917786,0.16279813647270203,0.0,0.999937117099762,0.480978786945343,0.16141246259212494,0.0,0.9996016621589661,0.5442349910736084,0.1794794350862503,0.0,0.9999023675918579,0.5083345770835876,0.17890921235084534,0.0,0.9998239874839783,0.6343281865119934,0.23879878222942352,0.0,0.9999836087226868,0.4248552620410919,0.22478556632995605,0.03928747400641441,0.9994692206382751,0.6841054558753967,0.3471009135246277,0.0,0.9812572002410889,0.2548406422138214,0.21210888028144836,0.0,0.8504756689071655,0.5636942386627197,0.4064674973487854,0.0,0.9871750473976135,0.2816334068775177,0.1042322963476181,0.0,0.843931257724762,0.532230019569397,0.43098098039627075,0.0,0.983577311038971,0.28495144844055176,0.07450166344642639,0.0,0.8432935476303101,0.5053414106369019,0.4173126816749573,0.0,0.9849201440811157,0.2985764443874359,0.0717683881521225,0.0,0.8517621159553528,0.515040934085846,0.4097408354282379,0.0,0.977369487285614,0.2995755970478058,0.08118993788957596,0.0,0.8586609363555908,0.5340874195098877,0.43015360832214355,0.0,0.9999030828475952,0.4283270537853241,0.422332763671875,0.12938857078552246,0.9998098015785217,0.508357584476471,0.5664666295051575,0.0,0.9210512638092041,0.3117222189903259,0.5385687351226807,0.0,0.8381320834159851,0.6024894118309021,0.6558361053466797,0.0,0.956592857837677,0.4103817939758301,0.6399372816085815,0.2729954421520233,0.9180645942687988,0.6388920545578003,0.6584147214889526,0.003982257097959518,0.7932955622673035,0.4548436999320984,0.6509959101676941,0.2979627251625061,0.7508260011672974,0.6018726825714111,0.712162971496582,0.0,0.9565343856811523,0.34745579957962036,0.7014086246490479,0.21202373504638672,0.9150275588035583,high,high,high,high,high,high,high,high,high,high,high,high,high,high,high,high,high,high,high,high,high,high,high,high,high,high,high,high,high,high,high,high,high
45,1.5,0.5313460230827332,0.16334988176822662,0.0,0.9999599456787109,0.5462971329689026,0.15380898118019104,0.0,0.9999037981033325,0.5552656650543213,0.15490970015525818,0.0,0.9999013543128967,0.5651180148124695,0.15605172514915466,0.0,0.9999341368675232,0.5186582207679749,0.15165264904499054,0.0,0.9998904466629028,0.5099782347679138,0.15173663198947906,0.0,0.999881386756897,0.5006603598594666,0.1521531194448471,0.0,0.9998745322227478,0.5718724131584167,0.16372635960578918,0.0,0.9999427199363708,0.48308897018432617,0.16003991663455963,0.0,0.9996336698532104,0.5450510382652283,0.1782694011926651,0.0,0.9999101161956787,0.5105739831924438,0.1764930635690689,0.0,0.9998364448547363,0.6350234746932983,0.23769918084144592,0.0,0.9999839663505554,0.42644762992858887,0.2254129946231842,0.04235721006989479,0.9994813203811646,0.6879534721374512,0.34600332379341125,0.0,0.9810101389884949,0.25694289803504944,0.21128574013710022,0.0,0.8582465648651123,0.5707195997238159,0.4045413136482239,0.0,0.9874160885810852,0.28647634387016296,0.10415925830602646,0.0,0.85784512758255,0.5372697114944458,0.4303484559059143,0.0,0.9842965602874756,0.29066330194473267,0.07276126742362976,0.0,0.857239305973053,0.5106099247932434,0.4153876304626465,0.0,0.9855625033378601,0.30378398299217224,0.0698452889919281,0.0,0.8646636605262756,0.5208480954170227,0.4080120623111725,0.0,0.9782828092575073,0.305144727230072,0.07956129312515259,0.0,0.8710259795188904,0.5370502471923828,0.43023380637168884,0.0,0.9999071955680847,0.43071576952934265,0.4227999150753021,0.12773562967777252,0.9998202919960022,0.5168803930282593,0.5694552659988403,0.0,0.9215741157531738,0.30574774742126465,0.5369077920913696,0.0,0.8370128870010376,0.6053491234779358,0.6575803160667419,0.0,0.9558390378952026,0.4131332039833069,0.6352042555809021,0.29247772693634033,0.9179685711860657,0.6415101289749146,0.6596456170082092,0.021563943475484848,0.7932904362678528,0.4576748311519623,0.6445726752281189,0.3166121542453766,0.7631107568740845,0.6078017354011536,0.7144118547439575,0.0,0.9556078910827637,0.34769660234451294,0.6975201368331909,0.2635806202888489,0.914962887763977,high,high,high,high,high,high,high,high,high,high,high,high,high,high,high,high,high,high,high,high,high,high,high,high,high,high,high,high,high,high,high,high,high
46,1.5333333333333334,0.5340101718902588,0.16728578507900238,0.0,0.9999622702598572,0.5496330261230469,0.15677404403686523,0.0,0.9999105930328369,0.5589932203292847,0.15777067840099335,0.0,0.9999085068702698,0.5689370036125183,0.15883725881576538,0.0,0.9999390244483948,0.5233121514320374,0.15463921427726746,0.0,0.9998975396156311,0.5149652361869812,0.1544925719499588,0.0,0.9998884797096252,0.5064691305160522,0.1545666754245758,0.0,0.9998818039894104,0.5788705348968506,0.16665902733802795,0.0,0.999947190284729,0.4893913269042969,0.16168880462646484,0.0,0.9996601343154907,0.5476160645484924,0.18184633553028107,0.0,0.9999147653579712,0.5138986706733704,0.17971649765968323,0.0,0.9998431205749512,0.6371519565582275,0.24047429859638214,0.0,0.9999838471412659,0.43045979738235474,0.2300131767988205,0.07647250592708588,0.9994579553604126,0.6939624547958374,0.3479560315608978,0.0,0.9804524779319763,0.266919881105423,0.2096455991268158,0.0,0.8611546754837036,0.5724247694015503,0.4068882465362549,0.0,0.9874927997589111,0.30081990361213684,0.10440243780612946,0.0,0.8692634701728821,0.5401324033737183,0.4329253137111664,0.0,0.9848912954330444,0.30732181668281555,0.07416623085737228,0.0,0.868794858455658,0.512826681137085,0.41824692487716675,0.0,0.9860716462135315,0.3159183859825134,0.07095924019813538,0.0,0.8751490712165833,0.5222007036209106,0.4107914865016937,0.0,0.9790788292884827,0.3182121813297272,0.0816371813416481,0.0,0.8811615109443665,0.5407624840736389,0.43280673027038574,0.0,0.9999091625213623,0.4347994029521942,0.42530450224876404,0.11203619837760925,0.9998239874839783,0.5381021499633789,0.5741158127784729,0.0,0.9236452579498291,0.2954612374305725,0.5262985825538635,0.0,0.8379868865013123,0.6284820437431335,0.6716424226760864,0.0,0.9575614333152771,0.4321132302284241,0.6241162419319153,0.09716430306434631,0.9131842851638794,0.6487865447998047,0.6756019592285156,0.0,0.7989180088043213,0.47481900453567505,0.6264780163764954,0.12065079808235168,0.7706872224807739,0.6181951761245728,0.7330352067947388,0.0,0.95652836561203,0.3665485382080078,0.6879581212997437,0.11709211021661758,0.9114767909049988,high,high,high,high,high,high,high,high,high,high,high,high,high,high,high,high,high,high,high,high,high,high,high,high,high,high,high,high,high,high,high,high,high
47,1.5666666666666667,0.5333253741264343,0.17075827717781067,0.0,0.999965250492096,0.5502294898033142,0.1605401337146759,0.0,0.9999183416366577,0.5592457056045532,0.1616065800189972,0.0,0.9999164938926697,0.5695717930793762,0.1626863330602646,0.0,0.9999443292617798,0.5240339636802673,0.15835189819335938,0.0,0.9999062418937683,0.5160050988197327,0.15816651284694672,0.0,0.9998977184295654,0.5086009502410889,0.15825530886650085,0.0,0.9998915195465088,0.582330584526062,0.17034587264060974,0.0,0.9999518394470215,0.4973291754722595,0.1647912561893463,0.0,0.999690055847168,0.5482399463653564,0.185295969247818,0.0,0.9999210834503174,0.5149174332618713,0.18317130208015442,0.0,0.9998540878295898,0.641611635684967,0.24282625317573547,0.0,0.9999840259552002,0.43632495403289795,0.23018261790275574,0.05502115935087204,0.999447762966156,0.6981264352798462,0.35121944546699524,0.0,0.9802825450897217,0.27648305892944336,0.21458713710308075,0.0,0.8634994626045227,0.5732247829437256,0.41393327713012695,0.0,0.9880642890930176,0.3048316538333893,0.11056747287511826,0.0,0.8804177641868591,0.5436307787895203,0.43521347641944885,0.0,0.9858482480049133,0.3111873269081116,0.07662072032690048,0.0,0.8800155520439148,0.5157652497291565,0.4220832884311676,0.0,0.9869439005851746,0.31908756494522095,0.07227517664432526,0.0,0.885565459728241,0.5231497287750244,0.4157574772834778,0.0,0.9803663492202759,0.32081887125968933,0.0846564918756485,0.0,0.8911459445953369,0.5464184284210205,0.4360824525356293,0.0,0.9999058842658997,0.44370603561401367,0.4271339476108551,0.10378207266330719,0.9998165369033813,0.5583509802818298,0.5830720663070679,0.0,0.92219477891922,0.2901740074157715,0.5098468065261841,0.0,0.8326523900032043,0.6374465823173523,0.6947771310806274,0.0,0.9586465358734131,0.4338558316230774,0.6024278402328491,0.0973590761423111,0.8967349529266357,0.6591209769248962,0.7038083672523499,0.0,0.8009469509124756,0.4816834628582001,0.6039646863937378,0.12360638380050659,0.7661439776420593,0.6124534606933594,0.7522322535514832,0.0,0.9569060802459717,0.3984020948410034,0.6714324355125427,0.11524863541126251,0.9000325202941895,high,high,high,high,high,high,high,high,high,high,high,high,high,high,high,high,high,high,high,high,high,high,high,high,high,high,high,high,high,high,high,high,high
48,1.6,0.5459467768669128,0.19719508290290833,0.0,0.9999659061431885,0.5615512728691101,0.18612219393253326,0.0,0.9999224543571472,0.5717824697494507,0.1868850141763687,0.0,0.999920666217804,0.5815970301628113,0.18773165345191956,0.0,0.9999474287033081,0.5330689549446106,0.18534544110298157,0.0,0.9999096989631653,0.5254912972450256,0.18542465567588806,0.0,0.9999004006385803,0.5181976556777954,0.18578121066093445,0.0,0.9998937845230103,0.5925464630126953,0.1939607709646225,0.0,0.9999547600746155,0.5079159140586853,0.19263115525245667,0.0,0.9997028112411499,0.5622727274894714,0.21187710762023926,0.0,0.9999231100082397,0.5278381109237671,0.21149885654449463,0.0,0.9998534321784973,0.6540219187736511,0.2725165784358978,0.0,0.9999828338623047,0.4499562680721283,0.2601373791694641,0.0026912852190434933,0.9993084073066711,0.7127516865730286,0.38213834166526794,0.0,0.9807042479515076,0.291533499956131,0.2255367487668991,0.0,0.8536056280136108,0.5926270484924316,0.4413365423679352,0.0,0.988543689250946,0.3018607199192047,0.11861630529165268,0.0,0.887355387210846,0.5607138276100159,0.46536192297935486,0.0,0.9865225553512573,0.29573890566825867,0.08773227781057358,0.0,0.8872207403182983,0.5384073257446289,0.45347994565963745,0.0,0.9875446557998657,0.306170791387558,0.08321918547153473,0.0,0.8920949101448059,0.546183705329895,0.4451511800289154,0.0,0.9810584783554077,0.3087843656539917,0.09319402277469635,0.0,0.8975116014480591,0.56485915184021,0.463350385427475,0.0,0.9998981952667236,0.4670276343822479,0.4456675052642822,0.10456192493438721,0.999800980091095,0.5721708536148071,0.606749415397644,0.0,0.9198958873748779,0.2900039255619049,0.48331040143966675,0.0,0.8408700823783875,0.6444522142410278,0.7054576873779297,0.16008377075195312,0.9603152275085449,0.43388015031814575,0.5947182178497314,0.021878117695450783,0.8968214392662048,0.6703550815582275,0.7133529186248779,0.18292136490345,0.8018112182617188,0.48039206862449646,0.5966543555259705,0.060179293155670166,0.7735780477523804,0.6135900616645813,0.7543742060661316,0.01673024520277977,0.9572264552116394,0.38898757100105286,0.6613146066665649,0.0,0.8999282121658325,high,high,high,high,high,high,high,high,high,high,high,high,high,high,high,high,high,high,high,high,high,high,high,high,high,high,high,high,high,high,high,high,high
49,1.6333333333333333,0.5578402876853943,0.20889346301555634,0.0,0.9999640583992004,0.5720311403274536,0.19746749103069305,0.0,0.9999216198921204,0.5821820497512817,0.19791434705257416,0.0,0.9999194741249084,0.59151291847229,0.1989104002714157,0.0,0.9999473690986633,0.5423511266708374,0.19654716551303864,0.0,0.9999077916145325,0.5341408848762512,0.19677188992500305,0.0,0.9998963475227356,0.5257351398468018,0.19733306765556335,0.0,0.999889612197876,0.5997517704963684,0.2056485116481781,0.0,0.9999546408653259,0.5120460391044617,0.20482592284679413,0.0,0.9997028708457947,0.5722579956054688,0.22304432094097137,0.0,0.9999192953109741,0.5374951958656311,0.22281280159950256,0.0,0.9998420476913452,0.6605578660964966,0.2859744131565094,0.0,0.9999809265136719,0.4517679810523987,0.27409249544143677,0.0,0.9991894960403442,0.724790632724762,0.39262962341308594,0.0,0.9784883856773376,0.29714450240135193,0.230825737118721,0.0,0.8376417756080627,0.6180888414382935,0.4508119225502014,0.0,0.9875746369361877,0.2981111407279968,0.12348967790603638,0.0,0.8890038728713989,0.5827046036720276,0.47687774896621704,0.0,0.9859276413917542,0.28519967198371887,0.0939740538597107,0.0,0.8891806602478027,0.5644189715385437,0.4659983515739441,0.0,0.9869442582130432,0.29191863536834717,0.08942253887653351,0.0,0.8930960893630981,0.5725422501564026,0.4566344618797302,0.0,0.9799410700798035,0.29719093441963196,0.09971360117197037,0.0,0.8989700675010681,0.5717135667800903,0.47890791296958923,0.0,0.9998918771743774,0.4694223701953888,0.46069851517677307,0.10262855887413025,0.999792218208313,0.5746542811393738,0.6140568256378174,0.0,0.9138126969337463,0.2951129376888275,0.4864674210548401,0.0,0.8496596813201904,0.6407538056373596,0.7090736627578735,0.234375,0.9611542224884033,0.417709618806839,0.6046830415725708,0.0,0.8995957374572754,0.6675213575363159,0.7168126702308655,0.2563716769218445,0.7951145768165588,0.4785270690917969,0.6099628806114197,0.0,0.7800161838531494,0.6085608005523682,0.7543617486953735,0.09310046583414078,0.9564449191093445,0.3619733154773712,0.6730934381484985,0.0,0.9020828604698181,high,high,high,high,high,high,high,high,high,high,high,high,high,high,high,high,high,high,high,high,high,high,high,high,high,high,high,high,high,high,high,high,high
50,1.6666666666666667,0.5620971322059631,0.21181592345237732,0.0,0.9999626278877258,0.5745329260826111,0.20046012103557587,0.0,0.9999212026596069,0.5845609903335571,0.20108816027641296,0.0,0.9999187588691711,0.5936237573623657,0.20190465450286865,0.0,0.9999475479125977,0.5470880270004272,0.19985584914684296,0.0,0.9999067187309265,0.5383913516998291,0.200493723154068,0.0,0.9998933672904968,0.5293599367141724,0.20149147510528564,0.0,0.9998871088027954,0.5998135209083557,0.20955757796764374,0.0,0.9999545812606812,0.5144050717353821,0.21002784371376038,0.0,0.9997053742408752,0.5753664374351501,0.22694642841815948,0.0,0.9999172687530518,0.5414186716079712,0.22649171948432922,0.0,0.9998359084129333,0.664796769618988,0.2885207533836365,0.0,0.9999794960021973,0.4517984986305237,0.2796429991722107,0.0,0.9991326928138733,0.7325795292854309,0.3913368880748749,0.0,0.9772233366966248,0.29830026626586914,0.2322339564561844,0.0,0.8351485729217529,0.6305861473083496,0.44994106888771057,0.0,0.9866943359375,0.29834550619125366,0.12275844812393188,0.0,0.8925909399986267,0.5973051190376282,0.47648367285728455,0.0,0.9852863550186157,0.27962052822113037,0.0950826108455658,0.0,0.8922808170318604,0.5800929665565491,0.463662326335907,0.0,0.9862767457962036,0.28543028235435486,0.09001834690570831,0.0,0.895199179649353,0.5858400464057922,0.4551100730895996,0.0,0.9789247512817383,0.29259803891181946,0.09951741248369217,0.0,0.9010655879974365,0.5758203864097595,0.4834049344062805,0.0,0.9998903870582581,0.4667195677757263,0.4681948125362396,0.09815585613250732,0.9997938871383667,0.5745557546615601,0.6198690533638,0.0,0.9137543439865112,0.29850414395332336,0.5022228360176086,0.0,0.8609623312950134,0.6371321678161621,0.7116173505783081,0.25372621417045593,0.961492657661438,0.3934330940246582,0.6249902844429016,0.0,0.9049387574195862,0.6610330939292908,0.7202785015106201,0.27682602405548096,0.7885018587112427,0.44028007984161377,0.6369229555130005,0.0,0.7901725172996521,0.6044162511825562,0.7579781413078308,0.1490713506937027,0.954765260219574,0.3336068391799927,0.6909326314926147,0.0,0.9063196778297424,high,high,high,high,high,high,high,high,high,high,high,high,high,high,high,high,high,high,high,high,high,high,high,high,high,high,high,high,high,high,high,high,high
51,1.7,0.5624470114707947,0.21260829269886017,0.0,0.9999599456787109,0.5766799449920654,0.20200517773628235,0.0,0.9999189376831055,0.5862322449684143,0.2028769552707672,0.0,0.9999157786369324,0.5958007574081421,0.204111248254776,0.0,0.999946653842926,0.5489398241043091,0.2008449137210846,0.0,0.9999032020568848,0.5395520329475403,0.2013084590435028,0.0,0.9998868107795715,0.5302780866622925,0.2020539939403534,0.0,0.9998815059661865,0.6005688309669495,0.21217703819274902,0.0,0.9999527931213379,0.5149721503257751,0.2109878957271576,0.0,0.999696671962738,0.5750634670257568,0.22836999595165253,0.0,0.9999133944511414,0.5413172245025635,0.22752583026885986,0.0,0.9998258948326111,0.665587842464447,0.290117084980011,0.0,0.9999775290489197,0.45168647170066833,0.2816575765609741,0.017958281561732292,0.9990707039833069,0.7344117760658264,0.39066773653030396,0.0,0.97444087266922,0.2997487187385559,0.23316922783851624,0.0,0.8323201537132263,0.6361847519874573,0.44898706674575806,0.0,0.9849610328674316,0.29822754859924316,0.12298931181430817,0.0,0.8944711685180664,0.606533408164978,0.4755779802799225,0.0,0.9839169383049011,0.27694621682167053,0.09509158134460449,0.0,0.8934051990509033,0.587013840675354,0.4619723856449127,0.0,0.9848591089248657,0.28358832001686096,0.0899786502122879,0.0,0.8951806426048279,0.5912818312644958,0.45382794737815857,0.0,0.9767836928367615,0.29166582226753235,0.09963421523571014,0.0,0.9013081789016724,0.5755824446678162,0.4853576123714447,0.0,0.9998926520347595,0.46486935019493103,0.4701954424381256,0.09725945442914963,0.9998011589050293,0.5724436640739441,0.6219410300254822,0.0,0.9148625135421753,0.30078399181365967,0.5086667537689209,0.0,0.8717294335365295,0.6369459629058838,0.7122224569320679,0.23648789525032043,0.9623839259147644,0.3829549252986908,0.635515570640564,0.0,0.9108766913414001,0.6572843194007874,0.7202057242393494,0.2590680718421936,0.7835865020751953,0.4289636015892029,0.6481220126152039,0.0,0.8009786605834961,0.603273868560791,0.758926510810852,0.13044483959674835,0.953706681728363,0.32445117831230164,0.7017675638198853,0.0,0.9108147025108337,high,high,high,high,high,high,high,high,high,high,high,high,high,high,high,high,high,high,high,high,high,high,high,high,high,high,high,high,high,high,high,high,high
52,1.7333333333333334,0.5613741874694824,0.20955634117126465,0.0,0.9999569654464722,0.5771874785423279,0.1991252452135086,0.0,0.9999145269393921,0.5865576267242432,0.2003220021724701,0.0,0.9999111890792847,0.5962656736373901,0.20159754157066345,0.0,0.9999443292617798,0.5479265451431274,0.197608083486557,0.0,0.9998964667320251,0.5375936627388,0.1980629861354828,0.0,0.9998773336410522,0.5287336111068726,0.19881406426429749,0.0,0.9998717308044434,0.6015074253082275,0.2092922478914261,0.0,0.9999499917030334,0.5134372115135193,0.20753173530101776,0.0,0.9996758699417114,0.57474684715271,0.225734680891037,0.0,0.9999076724052429,0.5402998924255371,0.22467124462127686,0.0,0.9998120069503784,0.6653680801391602,0.2862738370895386,0.0,0.9999762177467346,0.44927433133125305,0.27876439690589905,0.002889365190640092,0.9990450739860535,0.7272036075592041,0.3873576521873474,0.0,0.9736992120742798,0.297370046377182,0.22945252060890198,0.0,0.8376943469047546,0.6307477951049805,0.44801002740859985,0.0,0.9845548868179321,0.30268874764442444,0.11622288078069687,0.0,0.9004804491996765,0.604448676109314,0.4736223816871643,0.0,0.9837199449539185,0.28111532330513,0.08808989822864532,0.0,0.8989273905754089,0.5829774141311646,0.46107563376426697,0.0,0.9846460819244385,0.28917282819747925,0.08346240967512131,0.0,0.8999679088592529,0.5860863924026489,0.45350080728530884,0.0,0.9765135049819946,0.2973819971084595,0.09327112883329391,0.0,0.9059868454933167,0.57801753282547,0.4817732870578766,0.0,0.9998928308486938,0.4616546928882599,0.4683292806148529,0.09299299120903015,0.9998064041137695,0.5791198015213013,0.6182422637939453,0.0,0.9151278734207153,0.30239954590797424,0.5343663692474365,0.0,0.8817870020866394,0.6377821564674377,0.7106626033782959,0.23908233642578125,0.9625776410102844,0.3622695207595825,0.6673563718795776,0.0,0.9174226522445679,0.6549822688102722,0.7179251909255981,0.2615113854408264,0.7779633402824402,0.39866435527801514,0.6890825629234314,0.0,0.8126755356788635,0.6046127676963806,0.7567757964134216,0.1283561736345291,0.9522714018821716,0.297211617231369,0.7309456467628479,0.0,0.9162000417709351,high,high,high,high,high,high,high,high,high,high,high,high,high,high,high,high,high,high,high,high,high,high,high,high,high,high,high,high,high,high,high,high,high
53,1.7666666666666666,0.5601632595062256,0.20861053466796875,0.0,0.999943733215332,0.5757028460502625,0.19760321080684662,0.0,0.9998924732208252,0.5855357050895691,0.1982892006635666,0.0,0.9998890161514282,0.5947582721710205,0.1993049532175064,0.0,0.999932587146759,0.5479429960250854,0.19696766138076782,0.0,0.9998626708984375,0.5380350351333618,0.19765812158584595,0.0,0.9998334050178528,0.529096245765686,0.19858133792877197,0.0,0.9998290538787842,0.5997502207756042,0.20681457221508026,0.0,0.9999409317970276,0.5124377608299255,0.20727241039276123,0.0,0.9995831251144409,0.5733531713485718,0.22358115017414093,0.0,0.9998923540115356,0.5401300191879272,0.22325436770915985,0.0,0.9997756481170654,0.663747251033783,0.2842182517051697,0.0,0.999975323677063,0.44698694348335266,0.2754597067832947,0.011870474554598331,0.9990372657775879,0.7224721908569336,0.38667207956314087,0.0,0.9720757603645325,0.295796275138855,0.2190496027469635,0.0,0.8441174030303955,0.6292417645454407,0.4466402530670166,0.0,0.9834969639778137,0.30896952748298645,0.10996637493371964,0.0,0.9048921465873718,0.6033337116241455,0.47231611609458923,0.0,0.9827699065208435,0.2967163622379303,0.07914863526821136,0.0,0.9022801518440247,0.5822213292121887,0.45864835381507874,0.0,0.9836453199386597,0.304560124874115,0.07460667192935944,0.0,0.9024507999420166,0.5851125717163086,0.45102280378341675,0.0,0.9751166701316833,0.30839329957962036,0.08428684622049332,0.0,0.9082553386688232,0.5793512463569641,0.47864094376564026,0.0,0.9998974204063416,0.4594031572341919,0.46746692061424255,0.08716729283332825,0.9998173713684082,0.5822086930274963,0.614030122756958,0.0,0.9180777072906494,0.3142580986022949,0.573286771774292,0.0,0.8910875916481018,0.6403588652610779,0.709089457988739,0.27884477376937866,0.9634079337120056,0.3375491797924042,0.7102917432785034,0.0,0.9243626594543457,0.6532797813415527,0.7158873677253723,0.30187293887138367,0.774132490158081,0.362243115901947,0.7295969724655151,0.0,0.8244349956512451,0.6090536117553711,0.7560862302780151,0.16659605503082275,0.9522722959518433,0.2672819495201111,0.770558774471283,0.0,0.9224264621734619,high,high,high,high,high,high,high,high,high,high,high,high,high,high,high,high,high,high,high,high,high,high,high,high,high,high,high,high,high,high,high,high,high
54,1.8,0.5581517219543457,0.18958374857902527,0.0,0.9999180436134338,0.5740458369255066,0.17964163422584534,0.0,0.9998384118080139,0.5840619206428528,0.18045969307422638,0.0,0.9998289346694946,0.5927429795265198,0.1820741891860962,0.0,0.9999057650566101,0.5455941557884216,0.17820148169994354,0.0,0.9997917413711548,0.5360079407691956,0.1782534122467041,0.0,0.9997392296791077,0.528039276599884,0.17878460884094238,0.0,0.9997538328170776,0.5981518030166626,0.19291362166404724,0.0,0.9999223351478577,0.5109714269638062,0.1897335648536682,0.0,0.9994089603424072,0.5720614790916443,0.20644326508045197,0.0,0.9998705387115479,0.5384116172790527,0.20459584891796112,0.0,0.999731183052063,0.6620960831642151,0.2700623571872711,0.0,0.9999744296073914,0.43289217352867126,0.2573201060295105,0.004270433448255062,0.9990794658660889,0.7214475870132446,0.3718104958534241,0.0,0.958346962928772,0.2883397340774536,0.19423815608024597,0.0,0.8536720871925354,0.6258130669593811,0.4329637885093689,0.0,0.9754250049591064,0.3419128656387329,0.08331376314163208,0.0,0.9105071425437927,0.6008530259132385,0.4621114134788513,0.0,0.9753136038780212,0.3405839204788208,0.05124692991375923,0.0,0.9061874151229858,0.5795152187347412,0.45040106773376465,0.0,0.9763568043708801,0.35413986444473267,0.04854741320014,0.0,0.9055677652359009,0.5822334885597229,0.4418608248233795,0.0,0.9654436111450195,0.35619351267814636,0.05934225395321846,0.0,0.9103033542633057,0.5756710767745972,0.47668251395225525,0.0,0.9998994469642639,0.45337414741516113,0.4654273986816406,0.03630604222416878,0.9998262524604797,0.5846294164657593,0.6119507551193237,0.007147940807044506,0.9086112976074219,0.3617568016052246,0.6095496416091919,0.0,0.8901876211166382,0.6383164525032043,0.7086650729179382,0.32515984773635864,0.9561486840248108,0.3199639320373535,0.744203507900238,0.09690991789102554,0.927575945854187,0.6258408427238464,0.7140782475471497,0.34585699439048767,0.7468144297599792,0.33519765734672546,0.7613805532455444,0.10622496157884598,0.8158767819404602,0.6204657554626465,0.7566840648651123,0.21702757477760315,0.942772626876831,0.24440670013427734,0.8012884855270386,0.0,0.9234352707862854,high,high,high,high,high,high,high,high,high,high,high,high,high,high,high,high,high,high,high,high,high,high,high,high,high,high,high,high,high,high,high,high,high
55,1.8333333333333333,0.5560608506202698,0.1797604262828827,0.0,0.9998912215232849,0.571793258190155,0.1707208901643753,0.0,0.9997812509536743,0.5811507105827332,0.17279663681983948,0.0,0.9997642636299133,0.5909491181373596,0.17517410218715668,0.0,0.9998756647109985,0.5442538261413574,0.16783557832241058,0.0,0.999721884727478,0.5326893925666809,0.16783684492111206,0.0,0.9996522068977356,0.5236424207687378,0.1687861979007721,0.0,0.999685525894165,0.5962476134300232,0.1859624981880188,0.0,0.9998984336853027,0.5070254802703857,0.18019312620162964,0.0,0.9992298483848572,0.5666146874427795,0.19636407494544983,0.0,0.9998420476913452,0.5321382284164429,0.19400011003017426,0.0,0.9996828436851501,0.6596778631210327,0.26379287242889404,0.0,0.9999718070030212,0.4182058572769165,0.24741733074188232,0.0,0.9991158246994019,0.7211022973060608,0.36197200417518616,0.0,0.9516270756721497,0.2814946174621582,0.17793694138526917,0.0,0.8651325702667236,0.6247100830078125,0.42530298233032227,0.0,0.9699583649635315,0.3577367961406708,0.07968803495168686,0.0,0.9170107841491699,0.6004837155342102,0.45657292008399963,0.0,0.9695563912391663,0.36358168721199036,0.04786859452724457,0.0,0.9112724661827087,0.5786307454109192,0.4443631172180176,0.0,0.9706864953041077,0.37633025646209717,0.04671274870634079,0.0,0.9101037383079529,0.5812010169029236,0.4355727732181549,0.0,0.9585083723068237,0.3791923224925995,0.057961951941251755,0.0,0.9139606952667236,0.573509156703949,0.47145548462867737,0.0,0.9999006390571594,0.4498854875564575,0.46423617005348206,0.022165998816490173,0.9998345971107483,0.5814626216888428,0.6082776784896851,0.032986655831336975,0.9050002098083496,0.38683632016181946,0.6067361235618591,0.0,0.8919904828071594,0.5893756151199341,0.7082035541534424,0.38579878211021423,0.950614869594574,0.32268303632736206,0.7443466186523438,0.12554912269115448,0.9314154386520386,0.5724619626998901,0.7130776643753052,0.4096602499485016,0.7284616231918335,0.3387262523174286,0.7610548734664917,0.13295719027519226,0.8136764764785767,0.6148383021354675,0.7540074586868286,0.28270527720451355,0.9345078468322754,0.24735191464424133,0.8000304102897644,0.0,0.9252007007598877,high,high,high,high,high,high,high,high,high,high,high,high,high,high,high,high,high,high,high,high,high,high,high,high,high,high,high,high,high,high,high,high,high
56,1.8666666666666667,0.5485770106315613,0.17219065129756927,0.0,0.9998685121536255,0.5654664635658264,0.16423487663269043,0.0,0.9997358322143555,0.5741885900497437,0.1668848842382431,0.0,0.9997146129608154,0.5833236575126648,0.16957373917102814,0.0,0.999851644039154,0.5398409962654114,0.1599275916814804,0.0,0.9996641278266907,0.5272006392478943,0.15970197319984436,0.0,0.9995842576026917,0.517061173915863,0.16028884053230286,0.0,0.9996293187141418,0.5892443656921387,0.180465430021286,0.0,0.9998778700828552,0.5023460984230042,0.170893594622612,0.0,0.9990777373313904,0.5558720231056213,0.18903805315494537,0.0,0.9998149871826172,0.5214196443557739,0.18611642718315125,0.0,0.9996376037597656,0.652729868888855,0.2612287998199463,0.0,0.9999693036079407,0.40732842683792114,0.24235980212688446,0.0,0.9991461038589478,0.7135780453681946,0.35714226961135864,0.0,0.9491650462150574,0.28061503171920776,0.16918917000293732,0.0,0.8752832412719727,0.6267052292823792,0.4221109449863434,0.0,0.9690428972244263,0.368333101272583,0.07952612638473511,0.0,0.9229933023452759,0.6047042608261108,0.45376187562942505,0.0,0.9684655666351318,0.3786476254463196,0.05182473734021187,0.0,0.9161750078201294,0.5822437405586243,0.44224801659584045,0.0,0.9696892499923706,0.39136070013046265,0.05184532329440117,0.0,0.9146080017089844,0.58447265625,0.433502197265625,0.0,0.9575287103652954,0.3918801546096802,0.06267129629850388,0.0,0.91774582862854,0.5722037553787231,0.4703805446624756,0.0,0.9998966455459595,0.4456183910369873,0.46394428610801697,0.015834813937544823,0.9998365640640259,0.5779278874397278,0.6056735515594482,0.09612476825714111,0.8911502957344055,0.3918122947216034,0.6049702167510986,0.0,0.8868319988250732,0.5454521775245667,0.7064933180809021,0.43160226941108704,0.9389983415603638,0.3272933065891266,0.746279776096344,0.09462881088256836,0.932361364364624,0.5332952737808228,0.7123588919639587,0.4523637890815735,0.7042751908302307,0.3428249657154083,0.7641264796257019,0.12346270680427551,0.8054780960083008,0.5564976930618286,0.7539459466934204,0.3144461214542389,0.9211950898170471,0.2574882209300995,0.801619827747345,0.0,0.9241065382957458,high,high,high,high,high,high,high,high,high,high,high,high,high,high,high,high,high,high,high,high,high,high,high,high,high,high,high,high,high,high,high,high,high
57,1.9,0.5420876741409302,0.17058902978897095,0.0,0.9998514652252197,0.5600194931030273,0.16342242062091827,0.0,0.9997004866600037,0.5689704418182373,0.1658817082643509,0.0,0.9996737837791443,0.5785514712333679,0.1684962809085846,0.0,0.9998324513435364,0.5339834094047546,0.1593092679977417,0.0,0.9996223449707031,0.5210332870483398,0.1593444049358368,0.0,0.9995353817939758,0.5099340081214905,0.15996859967708588,0.0,0.9995921850204468,0.5862740874290466,0.17907288670539856,0.0,0.9998586773872375,0.4988534152507782,0.1702442765235901,0.0,0.9989629983901978,0.5492027997970581,0.18691416084766388,0.0,0.9997934103012085,0.5149502754211426,0.1844175159931183,0.0,0.999605119228363,0.6488853096961975,0.2606160044670105,0.0,0.999967098236084,0.4024699032306671,0.24077561497688293,0.0,0.9991851449012756,0.7082276940345764,0.35570028424263,0.0,0.9460364580154419,0.2806266248226166,0.16748002171516418,0.0,0.884912371635437,0.6282253861427307,0.42055997252464294,0.0,0.967879056930542,0.3704097270965576,0.07836145162582397,0.0,0.9288153648376465,0.6069542765617371,0.4523084759712219,0.0,0.9670799374580383,0.38414356112480164,0.052719730883836746,0.0,0.9211764931678772,0.5848668217658997,0.44083914160728455,0.0,0.968416154384613,0.3978211581707001,0.05325717478990555,0.0,0.9193251729011536,0.5869366526603699,0.43198809027671814,0.0,0.9561347365379333,0.3970372974872589,0.06406766921281815,0.0,0.9217349290847778,0.571279764175415,0.46941810846328735,0.0,0.9998944997787476,0.44387614727020264,0.46380478143692017,0.008446158841252327,0.999840497970581,0.5758517980575562,0.6039745807647705,0.098398357629776,0.8755748271942139,0.3919708728790283,0.6043074131011963,0.0,0.8816111087799072,0.5356818437576294,0.7054072618484497,0.4546532928943634,0.925140380859375,0.3278852105140686,0.7475138306617737,0.07325296103954315,0.9327414035797119,0.5241296291351318,0.7124108076095581,0.47743383049964905,0.677664577960968,0.3426876366138458,0.7662857174873352,0.0740920826792717,0.7950899004936218,0.5436360836029053,0.7520877718925476,0.33979278802871704,0.9061764478683472,0.2614796459674835,0.8021559715270996,0.0,0.9225447773933411,high,high,high,high,high,high,high,high,high,high,high,high,high,high,high,high,high,high,high,high,high,high,high,high,high,high,high,high,high,medium,high,high,high
58,1.9333333333333333,0.5307770371437073,0.17039784789085388,0.0,0.9998257160186768,0.5479793548583984,0.16338148713111877,0.0,0.9996508955955505,0.5565989017486572,0.1659550815820694,0.0,0.9996136426925659,0.5646607875823975,0.1685713529586792,0.0,0.9998036026954651,0.5227937698364258,0.15937192738056183,0.0,0.9995689988136292,0.509698212146759,0.15950147807598114,0.0,0.9994744062423706,0.4989013373851776,0.16019783914089203,0.0,0.9995490908622742,0.5753893256187439,0.17903944849967957,0.0,0.9998297095298767,0.4886794686317444,0.17024123668670654,0.0,0.9988335967063904,0.5366838574409485,0.18677695095539093,0.0,0.9997621178627014,0.5031901597976685,0.18476445972919464,0.0,0.9995603561401367,0.6415334939956665,0.2605265974998474,0.0,0.9999614357948303,0.39656296372413635,0.24040143191814423,0.0,0.9992179274559021,0.7044481039047241,0.355307400226593,0.0,0.9438880681991577,0.28045880794525146,0.16632802784442902,0.0,0.894791305065155,0.6288871169090271,0.4202919602394104,0.0,0.9654814600944519,0.36870959401130676,0.0834529772400856,0.0,0.9348307251930237,0.6063251495361328,0.4515870213508606,0.0,0.9641340374946594,0.3827661871910095,0.058161549270153046,0.0,0.9268739223480225,0.5859224796295166,0.44028979539871216,0.0,0.9655755162239075,0.39691564440727234,0.058458536863327026,0.0,0.924909770488739,0.58827805519104,0.43146592378616333,0.0,0.9531108736991882,0.3956893980503082,0.06897152960300446,0.0,0.9267309308052063,0.567611038684845,0.4693690240383148,0.0,0.9998959302902222,0.4413061738014221,0.463378369808197,0.011937667615711689,0.999848484992981,0.5647616982460022,0.6032954454421997,0.09418492764234543,0.8765478134155273,0.38627180457115173,0.6010808348655701,0.0,0.8862646222114563,0.5077406764030457,0.7047474980354309,0.45332497358322144,0.9250438809394836,0.3232642114162445,0.744202733039856,0.07134836167097092,0.9370908141136169,0.49236708879470825,0.7129799127578735,0.47613632678985596,0.6767286062240601,0.3407647907733917,0.764480471611023,0.07326550036668777,0.8002849817276001,0.5256775617599487,0.7525162696838379,0.3319689929485321,0.9053710699081421,0.25071561336517334,0.8015428781509399,0.0,0.9263859391212463,high,high,high,high,high,high,high,high,high,high,high,high,high,high,high,high,high,high,high,high,high,high,high,high,high,high,high,high,high,medium,high,high,high
59,1.9666666666666666,0.5196837782859802,0.1705438792705536,0.0,0.9998083114624023,0.5354573726654053,0.16279999911785126,0.0,0.9996261596679688,0.5445787310600281,0.16535374522209167,0.0,0.9995812773704529,0.5523415207862854,0.16788281500339508,0.0,0.9997901320457458,0.5084260702133179,0.15914903581142426,0.0,0.9995381236076355,0.49671757221221924,0.15947939455509186,0.0,0.9994329810142517,0.48573195934295654,0.1604633629322052,0.0,0.9995225667953491,0.5620801448822021,0.17814484238624573,0.0,0.9998127818107605,0.47575607895851135,0.1701546311378479,0.0,0.9987411499023438,0.5272525548934937,0.18701612949371338,0.0,0.9997401237487793,0.4944767951965332,0.18565091490745544,0.0,0.9995207786560059,0.633180558681488,0.2593114972114563,0.0,0.9999574422836304,0.39518940448760986,0.24131178855895996,0.0,0.9992493987083435,0.6981158256530762,0.35507503151893616,0.0,0.9399656653404236,0.2806210517883301,0.16632208228111267,0.0,0.9034414887428284,0.6272656917572021,0.42096295952796936,0.0,0.96249920129776,0.3612014055252075,0.0838361382484436,0.0,0.9396985173225403,0.6051806807518005,0.45177873969078064,0.0,0.9607425928115845,0.3791479766368866,0.06021727994084358,0.0,0.9309846758842468,0.58451247215271,0.4404762387275696,0.0,0.9622777104377747,0.3942922055721283,0.06004141643643379,0.0,0.9287511110305786,0.5872946977615356,0.43169936537742615,0.0,0.9493966102600098,0.39018407464027405,0.07091432064771652,0.0,0.9299103617668152,0.5537014603614807,0.4690653681755066,0.0,0.9998978972434998,0.42728325724601746,0.46319109201431274,0.01605805568397045,0.9998560547828674,0.5467177629470825,0.6027591228485107,0.09574597328901291,0.8733134269714355,0.3805280029773712,0.6031324863433838,0.0,0.8876233696937561,0.49377739429473877,0.7040733695030212,0.4474225342273712,0.9221463203430176,0.31514060497283936,0.7473330497741699,0.11204234510660172,0.9399060606956482,0.4769372344017029,0.7127721309661865,0.4702645242214203,0.6716552376747131,0.33450189232826233,0.7657705545425415,0.11606338620185852,0.8024529218673706,0.5190803408622742,0.7527430057525635,0.3482029139995575,0.9021835327148438,0.2333102524280548,0.7990909814834595,0.0,0.9287794232368469,high,high,high,high,high,high,high,high,high,high,high,high,high,high,high,high,high,high,high,high,high,high,high,high,high,high,high,high,high,medium,high,high,high
60,2.0,0.5018592476844788,0.1644328087568283,0.0,0.9997894763946533,0.5172171592712402,0.1551268845796585,0.0,0.9996032118797302,0.5269718766212463,0.15724782645702362,0.0,0.9995561838150024,0.5355271100997925,0.15949299931526184,0.0,0.9997840523719788,0.4884336292743683,0.1530744582414627,0.0,0.9994858503341675,0.4779703915119171,0.15407618880271912,0.0,0.9993448257446289,0.4675092399120331,0.15561199188232422,0.0,0.999450147151947,0.5423537492752075,0.17136318981647491,0.0,0.9998016953468323,0.4544662833213806,0.16689512133598328,0.0,0.9983794689178467,0.5145531296730042,0.18214187026023865,0.0,0.9997206330299377,0.4793214201927185,0.1810326874256134,0.0,0.9994388222694397,0.6173875331878662,0.2527257204055786,0.0,0.9999581575393677,0.3861856162548065,0.2385522872209549,0.0,0.9991641640663147,0.6662610173225403,0.34914520382881165,0.0,0.9394052028656006,0.2867659330368042,0.1588258445262909,0.0,0.8952614665031433,0.618393063545227,0.41971683502197266,0.0,0.9614454507827759,0.33293086290359497,0.07391423732042313,0.0,0.9119875431060791,0.5962722897529602,0.4505783021450043,0.0,0.9583612680435181,0.3412472605705261,0.057657014578580856,0.0,0.8964701294898987,0.580568790435791,0.4403432011604309,0.0,0.9600821733474731,0.349601686000824,0.057545922696590424,0.0,0.892270565032959,0.5820467472076416,0.43132489919662476,0.0,0.9468121528625488,0.3494262993335724,0.06481663882732391,0.0,0.895206093788147,0.5370028018951416,0.4673716425895691,0.0,0.9999049305915833,0.4083521068096161,0.4619258940219879,0.010736986063420773,0.9998648762702942,0.5304335951805115,0.5993210673332214,0.11015097051858902,0.8765690922737122,0.36292868852615356,0.6014000177383423,0.0,0.8878812789916992,0.4845663607120514,0.7039984464645386,0.407667875289917,0.9243118762969971,0.3045070767402649,0.7392038106918335,0.14954598248004913,0.9418256878852844,0.4667420983314514,0.7147925496101379,0.43005043268203735,0.6717451810836792,0.322604238986969,0.7557016611099243,0.1562432199716568,0.7974616885185242,0.5208547711372375,0.7530175447463989,0.32283177971839905,0.9039764404296875,0.2189323455095291,0.795699954032898,0.00028074835427105427,0.929903507232666,high,high,high,high,high,high,high,high,high,high,high,high,high,high,high,high,high,high,high,high,high,high,high,high,high,high,high,high,high,medium,high,high,high
61,2.033333333333333,0.4923756420612335,0.1568850874900818,0.0,0.9997935891151428,0.5063070058822632,0.14901100099086761,0.0,0.9996157288551331,0.5157687664031982,0.1509290188550949,0.0,0.9995713233947754,0.5245026350021362,0.15318071842193604,0.0,0.9997932314872742,0.4779900014400482,0.14738813042640686,0.0,0.9994940161705017,0.46748101711273193,0.1483234167098999,0.0,0.9993489980697632,0.456434428691864,0.15000410377979279,0.0,0.9994524121284485,0.5292328596115112,0.16678257286548615,0.0,0.9998077154159546,0.43727123737335205,0.16265107691287994,0.0,0.9983184933662415,0.5038626194000244,0.17450955510139465,0.0,0.9997276067733765,0.46894657611846924,0.1734229028224945,0.0,0.9994366765022278,0.6038219332695007,0.2500423491001129,0.0,0.9999591708183289,0.37236255407333374,0.23312802612781525,0.0,0.9991143345832825,0.6406533718109131,0.3484308421611786,0.0,0.9386389851570129,0.28663742542266846,0.14757557213306427,0.0,0.8893288373947144,0.6038020849227905,0.4180367887020111,0.0,0.9601611495018005,0.28579095005989075,0.058690935373306274,0.0,0.8866023421287537,0.5822826623916626,0.4480486512184143,0.0,0.9556347131729126,0.2732459306716919,0.042373623698949814,0.0,0.8656868934631348,0.5702216625213623,0.4396894872188568,0.0,0.9577829241752625,0.28106632828712463,0.04358750209212303,0.0,0.8609514832496643,0.5704764723777771,0.43054428696632385,0.0,0.9443374872207642,0.28581908345222473,0.0486060194671154,0.0,0.8670226335525513,0.5285636186599731,0.460270494222641,0.02055949531495571,0.999910295009613,0.398112028837204,0.4558877944946289,0.0,0.9998711943626404,0.5351241827011108,0.5920964479446411,0.08178234845399857,0.8812609314918518,0.35085439682006836,0.5976758003234863,0.0,0.890932559967041,0.4859485924243927,0.7024009823799133,0.40158241987228394,0.9253479838371277,0.29253119230270386,0.7334029674530029,0.13679039478302002,0.9435601234436035,0.46441689133644104,0.7119800448417664,0.4235139489173889,0.6686386466026306,0.3043835461139679,0.7495176196098328,0.15180575847625732,0.7878467440605164,0.5243921279907227,0.7490102052688599,0.2978728115558624,0.9053364396095276,0.22607135772705078,0.7917695045471191,0.0,0.9308246374130249,high,high,high,high,high,high,high,high,high,high,high,high,high,high,high,high,high,high,high,high,high,high,high,high,high,high,high,high,high,medium,high,high,high
62,2.066666666666667,0.47781333327293396,0.1551269143819809,0.0,0.9998098015785217,0.4916220009326935,0.14846614003181458,0.0,0.9996481537818909,0.5016112923622131,0.15096542239189148,0.0,0.999607503414154,0.5103722214698792,0.1535312831401825,0.0,0.9998105764389038,0.4643016457557678,0.14673902094364166,0.0,0.9995347857475281,0.4542844593524933,0.14803999662399292,0.0,0.9994012713432312,0.4436432719230652,0.1499120146036148,0.0,0.9994953274726868,0.514775276184082,0.16664691269397736,0.0,0.999823808670044,0.42632973194122314,0.16261151432991028,0.0,0.9984384775161743,0.4908536672592163,0.17306195199489594,0.0,0.999750018119812,0.455343633890152,0.17141732573509216,0.0,0.9994808435440063,0.589505136013031,0.25017404556274414,0.0,0.9999609589576721,0.359129935503006,0.23085054755210876,0.0,0.9991508722305298,0.6268841028213501,0.3466488718986511,0.0,0.9418081641197205,0.2759380340576172,0.1427672654390335,0.0,0.896467924118042,0.5908524394035339,0.41497859358787537,0.0,0.9623268246650696,0.2462748885154724,0.036929793655872345,0.0,0.8933685421943665,0.57200026512146,0.44390830397605896,0.0,0.9572235941886902,0.221519336104393,0.008547727018594742,0.0,0.8718402981758118,0.559509813785553,0.437415212392807,0.0,0.9594511985778809,0.22745808959007263,0.004530925769358873,0.0,0.8674606084823608,0.5586875677108765,0.4281221032142639,0.0,0.9465587735176086,0.23857714235782623,0.01681744121015072,0.0,0.8726748824119568,0.52024906873703,0.4546903669834137,0.06451809406280518,0.9999151229858398,0.3906732201576233,0.45163798332214355,0.0,0.9998779892921448,0.5638900995254517,0.5858926773071289,0.03172357752919197,0.8911892175674438,0.34817343950271606,0.5965789556503296,0.0,0.899601936340332,0.4989703297615051,0.6935101747512817,0.49639782309532166,0.9310293197631836,0.28444167971611023,0.7239952087402344,0.26712897419929504,0.9480578303337097,0.4647585153579712,0.6988406181335449,0.5327551364898682,0.6896954774856567,0.28572437167167664,0.7334762215614319,0.29986482858657837,0.7938747406005859,0.5301869511604309,0.7435394525527954,0.28596508502960205,0.9127550721168518,0.23038296401500702,0.7908052802085876,0.017243707552552223,0.9358511567115784,high,high,high,high,high,high,high,high,high,high,high,high,high,high,high,high,high,high,high,high,high,high,high,high,high,high,high,high,high,medium,high,high,high
63,2.1,0.4746575355529785,0.15611454844474792,0.0,0.9998200535774231,0.48833635449409485,0.1488669216632843,0.0,0.999671459197998,0.49736645817756653,0.15110938251018524,0.0,0.9996343851089478,0.5055056810379028,0.15324100852012634,0.0,0.9998228549957275,0.46075892448425293,0.14657363295555115,0.0,0.9995617270469666,0.44980213046073914,0.14790692925453186,0.0,0.9994376301765442,0.4381697475910187,0.1496700942516327,0.0,0.9995225071907043,0.5125349164009094,0.1654110699892044,0.0,0.9998353719711304,0.42480576038360596,0.16186970472335815,0.0,0.99850994348526,0.4848408102989197,0.17323830723762512,0.0,0.999765157699585,0.44978922605514526,0.17215847969055176,0.0,0.9995090961456299,0.5858596563339233,0.2484932243824005,0.0,0.9999619722366333,0.35321342945098877,0.22961194813251495,0.0,0.9991618394851685,0.6211853623390198,0.3457501232624054,0.0,0.9446634650230408,0.26939958333969116,0.13699528574943542,0.0,0.9018952250480652,0.5846461653709412,0.41347917914390564,0.0,0.9647131562232971,0.24037285149097443,0.03456805646419525,0.0,0.8989896774291992,0.5657013058662415,0.44189128279685974,0.0,0.9595418572425842,0.21379952132701874,0.005709403660148382,0.0,0.8772351741790771,0.5534031391143799,0.43608275055885315,0.0,0.9617800712585449,0.22085800766944885,0.001821190700866282,0.0,0.8732330203056335,0.5523570775985718,0.4265175461769104,0.0,0.9495806097984314,0.23317596316337585,0.013653583824634552,0.0,0.8777247071266174,0.5180881023406982,0.45452553033828735,0.0742659792304039,0.9999167919158936,0.3895556926727295,0.45023640990257263,0.0,0.999879777431488,0.5731521844863892,0.5850257873535156,0.03844095766544342,0.9000533223152161,0.34486129879951477,0.5958961248397827,0.0,0.9073554873466492,0.4996076822280884,0.6913965940475464,0.5309310555458069,0.9364244341850281,0.27950236201286316,0.7222098112106323,0.2992500066757202,0.952063262462616,0.4643414318561554,0.6969566941261292,0.5658713579177856,0.7094470858573914,0.278147429227829,0.7307338714599609,0.33275938034057617,0.7991053462028503,0.5327891111373901,0.743224561214447,0.28764426708221436,0.9196980595588684,0.23298363387584686,0.7892748117446899,0.03472428396344185,0.9402497410774231,high,high,high,high,high,high,high,high,high,high,high,high,high,high,high,high,high,high,high,high,high,high,high,high,high,high,high,high,high,high,high,high,high
64,2.1333333333333333,0.4661078453063965,0.15815067291259766,0.0,0.9998335242271423,0.47900450229644775,0.15039125084877014,0.0,0.9996988773345947,0.4874933063983917,0.15255917608737946,0.0,0.9996647834777832,0.49553972482681274,0.15469984710216522,0.0,0.9998376369476318,0.4536212384700775,0.14822448790073395,0.0,0.9995967745780945,0.4419061839580536,0.14937129616737366,0.0,0.9994826316833496,0.4290473461151123,0.1510293185710907,0.0,0.9995602369308472,0.5023996829986572,0.1671609878540039,0.0,0.9998490810394287,0.4149783253669739,0.1632167547941208,0.0,0.9986133575439453,0.47611096501350403,0.1750849038362503,0.0,0.9997830986976624,0.43948665261268616,0.17361503839492798,0.0,0.9995459318161011,0.56782066822052,0.2493066042661667,0.0,0.9999635815620422,0.3418981730937958,0.2302267998456955,0.0,0.9992098808288574,0.610881507396698,0.3465731739997864,0.0,0.9453793168067932,0.2556016743183136,0.13874901831150055,0.0,0.9084960222244263,0.574459433555603,0.4102539122104645,0.0,0.965471625328064,0.22043369710445404,0.03589433804154396,0.0,0.9041047096252441,0.5568323135375977,0.43872547149658203,0.0,0.9592317342758179,0.19606152176856995,0.00832008384168148,0.0,0.8816112875938416,0.544559895992279,0.4324219226837158,0.0,0.9615712761878967,0.20602096617221832,0.003960075322538614,0.0,0.8778247833251953,0.5429111123085022,0.4218986928462982,0.0,0.9496899843215942,0.21618583798408508,0.0144873708486557,0.0,0.88130122423172,0.5133649706840515,0.4548415541648865,0.09945143759250641,0.9999218583106995,0.38196590542793274,0.4507008492946625,0.0,0.9998866319656372,0.617026686668396,0.5745388269424438,0.0,0.9090655446052551,0.3454216718673706,0.6006320118904114,0.0,0.914836049079895,0.5032358169555664,0.6797518730163574,0.36541324853897095,0.9409952163696289,0.27502188086509705,0.7163345813751221,0.22351351380348206,0.955562949180603,0.4765351116657257,0.6885082721710205,0.41137728095054626,0.7293397784233093,0.26096004247665405,0.7231311202049255,0.24693121016025543,0.8011450171470642,0.5560749769210815,0.7407532334327698,0.17273421585559845,0.9257908463478088,0.26289814710617065,0.7776418924331665,0.010764100588858128,0.944111168384552,high,high,high,high,high,high,high,high,high,high,high,high,high,high,high,high,high,high,high,high,high,high,high,high,high,high,high,high,high,high,high,high,high
65,2.1666666666666665,0.442139208316803,0.1720258742570877,0.0,0.9998436570167542,0.4580601155757904,0.1646759957075119,0.0,0.999722421169281,0.46707865595817566,0.16584447026252747,0.0,0.9996908903121948,0.47610965371131897,0.1672961413860321,0.0,0.9998499751091003,0.4288666546344757,0.1629357635974884,0.0,0.9996262192726135,0.4185372292995453,0.16343620419502258,0.0,0.999521017074585,0.40791046619415283,0.16401886940002441,0.0,0.9995924830436707,0.48256585001945496,0.17962442338466644,0.0,0.9998611807823181,0.396268755197525,0.17470088601112366,0.0,0.9987040758132935,0.45593172311782837,0.1886254847049713,0.0,0.9997965693473816,0.41997507214546204,0.1869642287492752,0.0,0.9995742440223694,0.5432071685791016,0.2646551728248596,0.0,0.9999611377716064,0.3208453059196472,0.24189528822898865,0.0,0.9992292523384094,0.5886560678482056,0.3532117009162903,0.0,0.9406489729881287,0.23002588748931885,0.14623627066612244,0.0,0.9144564867019653,0.5602250099182129,0.415092796087265,0.0,0.9527027606964111,0.19921940565109253,0.029898863285779953,0.0,0.904151976108551,0.547204852104187,0.44217267632484436,0.0,0.9393353462219238,0.1834651678800583,0.0,0.0,0.8781382441520691,0.5347256064414978,0.43714842200279236,0.0,0.9427121877670288,0.18961931765079498,0.0,0.0,0.8742789626121521,0.5324409604072571,0.42753034830093384,0.0,0.9302988052368164,0.19894394278526306,0.006344007793813944,0.0,0.8760935664176941,0.49997931718826294,0.46182745695114136,0.11027044802904129,0.999923825263977,0.370584100484848,0.4687015116214752,0.0,0.9998903870582581,0.6592565178871155,0.5562518835067749,0.0,0.9179468750953674,0.3403937816619873,0.6174556016921997,0.0,0.9227154850959778,0.5140459537506104,0.6684069037437439,0.2446446567773819,0.9459156394004822,0.25375038385391235,0.7188137769699097,0.28958794474601746,0.959354817867279,0.4821411669254303,0.6794227957725525,0.3007183074951172,0.7517074942588806,0.2353523224592209,0.7248480319976807,0.33364415168762207,0.8092967867851257,0.5932946801185608,0.7289988398551941,0.0713566467165947,0.9320147633552551,0.2749451696872711,0.7747971415519714,0.06320476531982422,0.9483360648155212,high,high,high,high,high,high,high,high,high,high,high,high,high,high,high,high,high,high,high,high,high,high,high,high,high,high,high,high,high,high,high,high,high
66,2.2,0.43126899003982544,0.18003451824188232,0.0,0.9998450875282288,0.44320568442344666,0.1752089560031891,0.0,0.9997358322143555,0.45078960061073303,0.17738346755504608,0.0,0.9997057318687439,0.45794737339019775,0.17970313131809235,0.0,0.9998559355735779,0.4210432171821594,0.1725776493549347,0.0,0.9996424317359924,0.4091992676258087,0.17324116826057434,0.0,0.9995453953742981,0.3970656096935272,0.17426800727844238,0.0,0.9996140003204346,0.4654098451137543,0.19182978570461273,0.0,0.9998685121536255,0.38189637660980225,0.1859060674905777,0.0,0.9987684488296509,0.4395464062690735,0.19596607983112335,0.0,0.9998041987419128,0.40580862760543823,0.1939208209514618,0.0,0.9995940923690796,0.5301377177238464,0.2754271328449249,0.0,0.9999483227729797,0.3018049895763397,0.2546214461326599,0.0,0.9992256164550781,0.579841136932373,0.3624837100505829,0.0,0.9235172867774963,0.21028374135494232,0.1464475691318512,0.0,0.9207091927528381,0.5438875555992126,0.42455872893333435,0.0,0.9214529991149902,0.19905702769756317,0.03431440144777298,0.0,0.9073078036308289,0.5330542922019958,0.44885000586509705,0.0,0.9017729759216309,0.19096659123897552,0.0027718418277800083,0.0,0.8791939616203308,0.5187439322471619,0.4428652822971344,0.0,0.9066988229751587,0.1986997425556183,0.0,0.0,0.8752398490905762,0.5163269639015198,0.4344801902770996,0.0,0.8942437767982483,0.20442968606948853,0.010852145031094551,0.0,0.8750206828117371,0.4898379147052765,0.4726819396018982,0.1184924766421318,0.9999157190322876,0.36059632897377014,0.4840868413448334,0.0,0.9998831748962402,0.6673380732536316,0.545663595199585,0.0,0.9260636568069458,0.33324894309043884,0.6251007914543152,0.0,0.929610013961792,0.5298657417297363,0.6642710566520691,0.06865149736404419,0.95054030418396,0.2525493800640106,0.721459150314331,0.523065447807312,0.9625670909881592,0.48637211322784424,0.6778208613395691,0.1276191771030426,0.7726715207099915,0.2328435629606247,0.7271537184715271,0.5784197449684143,0.8142651915550232,0.6213933229446411,0.7230669260025024,0.0,0.9378072619438171,0.279960960149765,0.772849440574646,0.27673131227493286,0.9515092968940735,high,high,high,high,high,high,high,high,high,high,high,high,high,high,high,high,high,high,high,high,high,high,high,high,high,high,high,high,high,high,high,high,high
67,2.2333333333333334,0.4271382987499237,0.18675431609153748,0.0,0.9998428225517273,0.4395180940628052,0.1828094869852066,0.0,0.9997461438179016,0.4471299946308136,0.18561001121997833,0.0,0.9997164607048035,0.4563341438770294,0.18815302848815918,0.0,0.9998607039451599,0.41688138246536255,0.17943105101585388,0.0,0.9996545910835266,0.4069151282310486,0.18010473251342773,0.0,0.9995632767677307,0.39397984743118286,0.18151560425758362,0.0,0.9996306300163269,0.46167606115341187,0.19979825615882874,0.0,0.9998741745948792,0.37210726737976074,0.19407829642295837,0.0,0.9988093972206116,0.43330585956573486,0.20308713614940643,0.0,0.9998053312301636,0.40215280652046204,0.19974090158939362,0.0,0.9996031522750854,0.521088719367981,0.2795061469078064,0.0,0.9999365210533142,0.2876526415348053,0.2635459303855896,0.0,0.9992156624794006,0.5759317874908447,0.3698984384536743,0.0,0.9073249101638794,0.20915308594703674,0.15662714838981628,0.0,0.9252177476882935,0.5365917682647705,0.43015751242637634,0.0,0.894290030002594,0.2076120376586914,0.03955801576375961,0.0,0.9063052535057068,0.5262588262557983,0.4531214237213135,0.0,0.8675640225410461,0.19671183824539185,0.0047266618348658085,0.0,0.8749746680259705,0.5122244358062744,0.44618359208106995,0.0,0.8735557198524475,0.20726659893989563,0.0012213907903060317,0.0,0.8706769347190857,0.5099310278892517,0.4383370280265808,0.0,0.8615790009498596,0.21514306962490082,0.015384556725621223,0.0,0.8684260845184326,0.48319900035858154,0.4760172367095947,0.11312062293291092,0.9999167919158936,0.35266104340553284,0.48665323853492737,0.0,0.9998850226402283,0.66466224193573,0.5461047291755676,0.0,0.9333592057228088,0.3311363756656647,0.6247656345367432,0.0,0.9359450936317444,0.5359840989112854,0.6688462495803833,0.04692922160029411,0.95488041639328,0.25488361716270447,0.7219099998474121,0.4030293822288513,0.9657248854637146,0.4889593720436096,0.6810585260391235,0.10130046308040619,0.7917813062667847,0.24164308607578278,0.7273362874984741,0.4530097544193268,0.8224148750305176,0.6342599391937256,0.7255545258522034,0.0,0.9432107210159302,0.27936798334121704,0.7684522867202759,0.18480747938156128,0.955072820186615,high,high,high,high,high,high,high,high,high,high,high,high,high,high,high,high,high,high,high,high,high,high,high,high,high,high,high,high,high,high,high,high,high
68,2.2666666666666666,0.42248353362083435,0.1867283582687378,0.0,0.999846339225769,0.4364413022994995,0.182416170835495,0.0,0.9997581243515015,0.4466291666030884,0.18511340022087097,0.0,0.9997286200523376,0.45606690645217896,0.1879376620054245,0.0,0.9998663067817688,0.41290202736854553,0.1797703206539154,0.0,0.9996692538261414,0.40367424488067627,0.18060234189033508,0.0,0.9995819926261902,0.3917611837387085,0.1821315735578537,0.0,0.9996472597122192,0.46115031838417053,0.2007041871547699,0.0,0.9998786449432373,0.3675798773765564,0.19539956748485565,0.0,0.9988412857055664,0.43232429027557373,0.20346978306770325,0.0,0.9998073577880859,0.40044063329696655,0.2005947381258011,0.0,0.9996123313903809,0.5199003219604492,0.28024107217788696,0.0,0.9999357461929321,0.28364846110343933,0.26505711674690247,0.0,0.9992444515228271,0.5771973729133606,0.37014061212539673,0.0,0.9053807258605957,0.20687133073806763,0.15681572258472443,0.0,0.9300537705421448,0.5349865555763245,0.43313297629356384,0.0,0.8893476724624634,0.21839824318885803,0.03990400582551956,0.0,0.9108311533927917,0.5245606899261475,0.45636892318725586,0.0,0.8599609732627869,0.20976658165454865,0.009022830054163933,0.0,0.8789162635803223,0.5092810988426208,0.4487663209438324,0.0,0.8659508228302002,0.2193692922592163,0.00566094322130084,0.0,0.8744975328445435,0.5069904923439026,0.44049209356307983,0.0,0.853015661239624,0.22651265561580658,0.01776253990828991,0.0,0.8709104657173157,0.4852648377418518,0.4772081971168518,0.09671293944120407,0.9999186992645264,0.34860408306121826,0.4854637682437897,0.0,0.9998878240585327,0.6518653035163879,0.5529416799545288,0.0,0.9396584033966064,0.3272167444229126,0.6252642869949341,0.0,0.9408027529716492,0.5490071177482605,0.681463897228241,0.09907408803701401,0.9578920006752014,0.25459086894989014,0.7230032682418823,0.3418729901313782,0.9674471020698547,0.49702927470207214,0.7029615640640259,0.14337243139743805,0.8049197196960449,0.24340714514255524,0.7285174131393433,0.38412755727767944,0.8193250298500061,0.652769923210144,0.7422895431518555,0.0,0.9468696713447571,0.2790713310241699,0.7673310041427612,0.14957107603549957,0.9561828374862671,high,high,high,high,high,high,high,high,high,high,high,high,high,high,high,high,high,high,high,high,high,high,high,high,high,high,high,high,high,high,high,high,high
69,2.3,0.4240890443325043,0.18695029616355896,0.0,0.9998470544815063,0.4390646517276764,0.18218185007572174,0.0,0.9997663497924805,0.4488511085510254,0.18476562201976776,0.0,0.9997366666793823,0.4582217335700989,0.18748418986797333,0.0,0.9998697638511658,0.4125990867614746,0.18005332350730896,0.0,0.9996788501739502,0.4031944274902344,0.18120768666267395,0.0,0.999595046043396,0.3919413983821869,0.18295086920261383,0.0,0.9996594786643982,0.4610128700733185,0.20009072124958038,0.0,0.9998814463615417,0.3674831688404083,0.19623759388923645,0.0,0.9988613128662109,0.4379889965057373,0.20334546267986298,0.0,0.9998080730438232,0.40236401557922363,0.20123401284217834,0.0,0.9996185898780823,0.5200571417808533,0.28071147203445435,0.0,0.9999348521232605,0.2870457172393799,0.2670617997646332,0.0,0.9992708563804626,0.5786615014076233,0.3700528144836426,0.0,0.9047492146492004,0.20558395981788635,0.16418339312076569,0.0,0.9349989295005798,0.5369085073471069,0.43515604734420776,0.0,0.8863397836685181,0.22140784561634064,0.040742531418800354,0.0,0.9165621399879456,0.5265445113182068,0.4592891335487366,0.0,0.8544327020645142,0.2152092009782791,0.008089026436209679,0.0,0.8851397633552551,0.510661244392395,0.4515254497528076,0.0,0.8603118658065796,0.22392527759075165,0.004547932185232639,0.0,0.8807213306427002,0.5083699226379395,0.44294482469558716,0.0,0.8467862606048584,0.23069016635417938,0.016544746235013008,0.0,0.8761900663375854,0.4871390163898468,0.4773944020271301,0.0905381590127945,0.9999211430549622,0.3495117127895355,0.48497405648231506,0.0,0.999891459941864,0.6503216028213501,0.5566115379333496,0.0,0.9454309344291687,0.3251645267009735,0.6272341012954712,0.0,0.9453812837600708,0.5520169734954834,0.6919876337051392,0.11491622775793076,0.9608821868896484,0.2577533423900604,0.7229984998703003,0.3563959300518036,0.9693019390106201,0.5005524754524231,0.7154695987701416,0.1602567881345749,0.8180811405181885,0.246165469288826,0.7285937070846558,0.4005557596683502,0.8197844624519348,0.6570960879325867,0.7505232095718384,0.0,0.9504380822181702,0.2793183922767639,0.7672358751296997,0.17648114264011383,0.9576348066329956,high,high,high,high,high,high,high,high,high,high,high,high,high,high,high,high,high,high,high,high,high,high,high,high,high,high,high,high,high,high,high,high,high
70,2.3333333333333335,0.4202740490436554,0.1859680563211441,0.0,0.9998547434806824,0.43475058674812317,0.18108230829238892,0.0,0.99978107213974,0.4445499777793884,0.18386980891227722,0.0,0.9997528195381165,0.45370161533355713,0.186683788895607,0.0,0.9998776316642761,0.40871870517730713,0.17864015698432922,0.0,0.9996970295906067,0.3997170627117157,0.17972514033317566,0.0,0.9996180534362793,0.3891427218914032,0.18137915432453156,0.0,0.9996786713600159,0.4577876329421997,0.19857946038246155,0.0,0.9998883605003357,0.3662113547325134,0.19440779089927673,0.0,0.9989084601402283,0.43600818514823914,0.20241551101207733,0.0,0.9998179078102112,0.4005761444568634,0.20049452781677246,0.0,0.9996379017829895,0.5220613479614258,0.2792547047138214,0.0,0.9999377727508545,0.29018229246139526,0.26477256417274475,0.0,0.9992952942848206,0.5796422958374023,0.3693993389606476,0.0,0.9121409058570862,0.2028522491455078,0.16546761989593506,0.0,0.9401333928108215,0.5376976132392883,0.4380258023738861,0.0,0.8952145576477051,0.22517631947994232,0.04160820692777634,0.0,0.9223474264144897,0.5264347791671753,0.4636218547821045,0.0,0.8645728230476379,0.22125022113323212,0.010681616142392159,0.0,0.8912862539291382,0.5085209608078003,0.4553543031215668,0.0,0.8700358271598816,0.23322980105876923,0.007243539206683636,0.0,0.8869074583053589,0.5063965916633606,0.44621071219444275,0.0,0.8569238781929016,0.23380611836910248,0.019113700836896896,0.0,0.8817378282546997,0.48637568950653076,0.4780973792076111,0.08659182488918304,0.9999234676361084,0.3475864827632904,0.4840342104434967,0.0,0.9998929500579834,0.644731879234314,0.5715334415435791,0.0,0.9506334066390991,0.32310929894447327,0.6261811852455139,0.0,0.9492517113685608,0.5514848828315735,0.7184158563613892,0.14701324701309204,0.9638031125068665,0.25995877385139465,0.7233320474624634,0.38432109355926514,0.9706799387931824,0.5009938478469849,0.7367693185806274,0.1872701197862625,0.83015376329422,0.24718143045902252,0.7291056513786316,0.4265132546424866,0.8181973099708557,0.6477864384651184,0.7818206548690796,0.0,0.9539618492126465,0.2852584719657898,0.767422080039978,0.18544402718544006,0.9586707353591919,high,high,high,high,high,high,high,high,high,high,high,high,high,high,high,high,high,high,high,high,high,high,high,high,high,high,high,high,high,high,high,high,high
71,2.3666666666666667,0.4203854501247406,0.17203685641288757,0.0,0.9998519420623779,0.4357641339302063,0.16636432707309723,0.0,0.9997808337211609,0.44505247473716736,0.16796757280826569,0.0,0.9997485876083374,0.4543544352054596,0.16992363333702087,0.0,0.9998769164085388,0.40909114480018616,0.16601675748825073,0.0,0.9996929168701172,0.40009933710098267,0.16782763600349426,0.0,0.9996083378791809,0.3899509906768799,0.1699928343296051,0.0,0.9996737837791443,0.4589172303676605,0.18426257371902466,0.0,0.9998824000358582,0.37104183435440063,0.18273843824863434,0.0,0.9988316893577576,0.4367259442806244,0.18940262496471405,0.0,0.9998118281364441,0.4013237953186035,0.18925529718399048,0.0,0.999622642993927,0.5279875993728638,0.26995187997817993,0.0,0.9999359250068665,0.2922564744949341,0.2585846483707428,0.0,0.9992198348045349,0.5810207724571228,0.3614315688610077,0.0,0.9141336679458618,0.20253868401050568,0.15615063905715942,0.0,0.9425968527793884,0.5478302240371704,0.4334465563297272,0.0,0.8981335759162903,0.2176268845796585,0.03303598240017891,0.0,0.9234443306922913,0.5361243486404419,0.4627388119697571,0.0,0.867006778717041,0.21590545773506165,0.009726734831929207,0.0,0.8882912993431091,0.5101231336593628,0.45414668321609497,0.0,0.8724828958511353,0.223061665892601,0.005072163417935371,0.0,0.8837290406227112,0.5089725255966187,0.44394809007644653,0.0,0.8578394651412964,0.22561460733413696,0.014701798558235168,0.0,0.8773558139801025,0.487668514251709,0.477419376373291,0.08026756346225739,0.9999138116836548,0.35175958275794983,0.4837157726287842,0.0,0.9998738169670105,0.5865536332130432,0.6176203489303589,0.010238349437713623,0.9511218667030334,0.32134971022605896,0.6250839233398438,0.0,0.9391890168190002,0.5574102401733398,0.7664533853530884,0.35050976276397705,0.9641969203948975,0.2593056857585907,0.7232599258422852,0.597873330116272,0.9600745439529419,0.5227968692779541,0.7843722105026245,0.3672158122062683,0.8273870348930359,0.2476150244474411,0.7292171716690063,0.6462957262992859,0.7791849970817566,0.646701455116272,0.8213505744934082,0.02457365021109581,0.9540145397186279,0.28461387753486633,0.7675714492797852,0.39085638523101807,0.9437501430511475,high,high,high,high,high,high,high,high,high,high,high,high,high,high,high,high,high,high,high,high,high,high,high,high,high,high,high,high,high,high,high,high,high
72,2.4,0.4245319366455078,0.165171280503273,0.0,0.9998435378074646,0.4395250976085663,0.1585640013217926,0.0,0.9997742772102356,0.4487687051296234,0.159929096698761,0.0,0.9997385144233704,0.45820334553718567,0.16163642704486847,0.0,0.9998725056648254,0.41303330659866333,0.158216655254364,0.0,0.9996758699417114,0.40369322896003723,0.1597062051296234,0.0,0.9995813965797424,0.3934561014175415,0.1612773984670639,0.0,0.9996510148048401,0.46215808391571045,0.17524990439414978,0.0,0.9998746514320374,0.3748224973678589,0.17217575013637543,0.0,0.9986887574195862,0.439749538898468,0.1818748265504837,0.0,0.9997943639755249,0.4046275317668915,0.18119940161705017,0.0,0.9995772838592529,0.5314977169036865,0.2600599527359009,0.0,0.9999265670776367,0.2931058406829834,0.24807485938072205,0.0,0.9989416599273682,0.5870392322540283,0.3553858697414398,0.0,0.9122728109359741,0.1987922489643097,0.14327262341976166,0.0,0.9419739842414856,0.5541929602622986,0.43019241094589233,0.0,0.8921659588813782,0.19768022000789642,0.023692980408668518,0.0,0.9149518609046936,0.541010856628418,0.4621773362159729,0.0,0.8593260049819946,0.19583888351917267,0.0,0.0,0.8720840811729431,0.5116137862205505,0.4521840512752533,0.0,0.8654607534408569,0.20555391907691956,0.0,0.0,0.8676636815071106,0.5113278031349182,0.4414302408695221,0.0,0.8478116989135742,0.20961782336235046,0.0033727227710187435,0.0,0.8606786131858826,0.4889405071735382,0.47298988699913025,0.045913130044937134,0.9998818039894104,0.35420411825180054,0.4762924313545227,0.0,0.9998087286949158,0.5419225692749023,0.6206983327865601,0.0,0.9535881280899048,0.3219549059867859,0.6192204356193542,0.170216903090477,0.9284642934799194,0.5616093277931213,0.7731336951255798,0.305803120136261,0.9662739634513855,0.2652955949306488,0.7115211486816406,0.8745175004005432,0.9534741640090942,0.5384505987167358,0.7939767837524414,0.33517545461654663,0.8315408229827881,0.25718870759010315,0.7179297208786011,0.9325792193412781,0.7531672120094299,0.646466851234436,0.8279277682304382,0.0,0.9563249945640564,0.28409621119499207,0.7667993307113647,0.6776503920555115,0.9339186549186707,high,high,high,high,high,high,high,high,high,high,high,high,high,high,high,high,high,high,high,high,high,high,high,high,high,high,high,high,high,high,high,high,high
73,2.433333333333333,0.42656075954437256,0.1587667167186737,0.0,0.9998337030410767,0.4419679045677185,0.15200123190879822,0.0,0.9997646808624268,0.45110198855400085,0.15350721776485443,0.0,0.9997259378433228,0.4605596661567688,0.15532264113426208,0.0,0.9998658895492554,0.4154074490070343,0.15120677649974823,0.0,0.9996548891067505,0.4062403440475464,0.152459055185318,0.0,0.999552309513092,0.3958754539489746,0.15380725264549255,0.0,0.9996247887611389,0.4647510051727295,0.16875377297401428,0.0,0.9998647570610046,0.37730029225349426,0.1632286161184311,0.0,0.99853515625,0.4418708384037018,0.17512688040733337,0.0,0.9997734427452087,0.4068696200847626,0.1746055781841278,0.0,0.9995235800743103,0.5336606502532959,0.2513226866722107,0.0,0.999920129776001,0.2947600483894348,0.23973920941352844,0.0,0.9987716674804688,0.6028066873550415,0.34654176235198975,0.0,0.9135340452194214,0.19694434106349945,0.13825540244579315,0.0,0.9428426623344421,0.5660668015480042,0.42190733551979065,0.0,0.8919621109962463,0.18317881226539612,0.02131691388785839,0.0,0.914013683795929,0.5498501658439636,0.45922866463661194,0.0,0.8581395745277405,0.1786779761314392,0.0,0.0,0.8679877519607544,0.5195314884185791,0.4466626048088074,0.0,0.8644446730613708,0.19144664704799652,0.0,0.0,0.8634890913963318,0.5199258327484131,0.43534913659095764,0.0,0.845211386680603,0.19789935648441315,0.001116437604650855,0.0,0.8560013771057129,0.4934068024158478,0.4667576253414154,0.016376568004488945,0.9998747110366821,0.35566994547843933,0.46675601601600647,0.0,0.9997909069061279,0.5292739868164062,0.6162722706794739,0.0,0.9569295644760132,0.32439884543418884,0.6090646982192993,0.24374200403690338,0.9227969646453857,0.5600026249885559,0.7676301598548889,0.22113266587257385,0.9687657952308655,0.29236316680908203,0.6970168352127075,0.9640274047851562,0.9506765007972717,0.5397251844406128,0.7892838716506958,0.22723984718322754,0.8398056626319885,0.2993749678134918,0.705461323261261,1.0,0.7437129020690918,0.6432400345802307,0.8271080255508423,0.0,0.9592127203941345,0.2891310453414917,0.7580043077468872,0.7973295450210571,0.9290019273757935,high,high,high,high,high,high,high,high,high,high,high,high,high,high,high,high,high,high,high,high,high,high,high,high,high,high,high,high,high,high,high,high,high
74,2.466666666666667,0.426968514919281,0.15419040620326996,0.0,0.9997435808181763,0.4427908957004547,0.1472085416316986,0.0,0.9996556639671326,0.45130085945129395,0.14900782704353333,0.0,0.9996023178100586,0.4610397219657898,0.15100988745689392,0.0,0.9998066425323486,0.4157644808292389,0.1457887589931488,0.0,0.9994565844535828,0.40701180696487427,0.14683786034584045,0.0,0.9992960095405579,0.39644405245780945,0.14803341031074524,0.0,0.9994022250175476,0.4655000865459442,0.1643083691596985,0.0,0.99980229139328,0.38022947311401367,0.15725810825824738,0.0,0.9975235462188721,0.442637175321579,0.17001856863498688,0.0,0.999661922454834,0.40751948952674866,0.16920068860054016,0.0,0.9992453455924988,0.5404407382011414,0.24613860249519348,0.0,0.999903678894043,0.2959739565849304,0.23510165512561798,0.0,0.9982510209083557,0.6144917607307434,0.34164443612098694,0.0,0.9132649302482605,0.19863244891166687,0.13689681887626648,0.0,0.9372962117195129,0.5704559683799744,0.4179598391056061,0.0,0.8895694017410278,0.16542506217956543,0.01705339178442955,0.0,0.9010756015777588,0.5507028698921204,0.4571800231933594,0.0,0.8539210557937622,0.15257474780082703,0.0,0.0,0.8493768572807312,0.5204371213912964,0.44283613562583923,0.0,0.8607612252235413,0.1626438945531845,0.0,0.0,0.8453580141067505,0.5217215418815613,0.43169593811035156,0.0,0.8394232988357544,0.17128507792949677,0.0,0.0,0.8378512859344482,0.4969303011894226,0.4627705216407776,0.01705888845026493,0.9998569488525391,0.3567688465118408,0.459977924823761,0.0,0.9997445940971375,0.525583803653717,0.613239586353302,0.0,0.9582729935646057,0.3329770863056183,0.6041793823242188,0.16585397720336914,0.9104976654052734,0.558860182762146,0.7649602890014648,0.2561528980731964,0.9703466296195984,0.32619398832321167,0.697318971157074,0.8320692181587219,0.9447622299194336,0.5365143418312073,0.7852046489715576,0.26102957129478455,0.8422666192054749,0.33248037099838257,0.7044607400894165,0.8862226009368896,0.7247510552406311,0.6411339640617371,0.8252504467964172,0.0,0.96074378490448,0.32081419229507446,0.7569946646690369,0.6423823237419128,0.9201523065567017,high,high,high,high,high,high,high,high,high,high,high,high,high,high,high,high,high,high,high,high,high,high,high,high,high,high,high,high,high,high,high,high,high
75,2.5,0.42889276146888733,0.1519067883491516,0.0,0.9996564388275146,0.4443250298500061,0.14460867643356323,0.0,0.9995501041412354,0.4529249370098114,0.14631836116313934,0.0,0.9994826316833496,0.4622466266155243,0.14831754565238953,0.0,0.9997479915618896,0.41757968068122864,0.14363113045692444,0.0,0.9992689490318298,0.4084289073944092,0.14479492604732513,0.0,0.9990563988685608,0.397872656583786,0.14606311917304993,0.0,0.9991962313652039,0.46562764048576355,0.16215327382087708,0.0,0.9997397065162659,0.3807263970375061,0.15550802648067474,0.0,0.9965807795524597,0.4438663125038147,0.16760128736495972,0.0,0.9995448589324951,0.40873098373413086,0.1671721190214157,0.0,0.9989587664604187,0.5447604060173035,0.24548228085041046,0.0,0.9998852014541626,0.2983975410461426,0.23415939509868622,0.0,0.997749924659729,0.6190483570098877,0.34108856320381165,0.0,0.9119005799293518,0.1998158097267151,0.13669952750205994,0.0,0.9316994547843933,0.5717955827713013,0.4176180958747864,0.0,0.8847171664237976,0.160460963845253,0.015613687224686146,0.0,0.8878659009933472,0.5508521795272827,0.4571005702018738,0.0,0.8469693660736084,0.1463553011417389,0.0,0.0,0.8309944868087769,0.5209617018699646,0.4425484240055084,0.0,0.8543391823768616,0.1559043824672699,0.0,0.0,0.8271573185920715,0.5218411087989807,0.4312869906425476,0.0,0.8312292098999023,0.16516375541687012,0.0,0.0,0.8201627135276794,0.4987700879573822,0.46222442388534546,0.014290744438767433,0.9998456835746765,0.357430100440979,0.4594919681549072,0.0,0.9997162222862244,0.5243200659751892,0.612574577331543,0.0,0.9600683450698853,0.33692529797554016,0.6025052070617676,0.1770046204328537,0.9014914035797119,0.5583449006080627,0.7639999985694885,0.2554571330547333,0.9718775153160095,0.33276382088661194,0.6955171227455139,0.8498302698135376,0.9401694536209106,0.534578263759613,0.7841588258743286,0.2628212869167328,0.8453168869018555,0.3388495445251465,0.7012416124343872,0.9052607417106628,0.7105122804641724,0.6402283310890198,0.8253989219665527,0.0,0.962226927280426,0.3283740282058716,0.7564641237258911,0.6677061915397644,0.9130809307098389,high,high,high,high,high,high,high,high,high,high,high,high,high,high,high,high,high,high,high,high,high,high,high,high,high,high,high,high,high,high,high,high,high
76,2.533333333333333,0.4328874349594116,0.15148760378360748,0.0,0.9995280504226685,0.44739067554473877,0.14443941414356232,0.0,0.9993888735771179,0.456604927778244,0.14599491655826569,0.0,0.9993160367012024,0.4647974371910095,0.1477835327386856,0.0,0.9996636509895325,0.42314767837524414,0.14358589053153992,0.0,0.9989822506904602,0.4122316241264343,0.14456221461296082,0.0,0.9987055659294128,0.40068385004997253,0.14568379521369934,0.0,0.99888014793396,0.4686428904533386,0.16057588160037994,0.0,0.9996586441993713,0.38759443163871765,0.15494562685489655,0.0,0.9952928423881531,0.44624871015548706,0.16673210263252258,0.0,0.9993805289268494,0.4121513366699219,0.16644777357578278,0.0,0.9985637068748474,0.5503523349761963,0.24547474086284637,0.0,0.9998712539672852,0.30538323521614075,0.23069998621940613,0.0,0.9972615242004395,0.6236697435379028,0.3420666754245758,0.0,0.9137531518936157,0.20034083724021912,0.1355745941400528,0.0,0.9247261881828308,0.5716797709465027,0.4180328845977783,0.0,0.8855761289596558,0.15374039113521576,0.013590107671916485,0.0,0.8761095404624939,0.5494226813316345,0.4572271406650543,0.0,0.8478769063949585,0.1389811784029007,0.0,0.0,0.8174154162406921,0.5193595290184021,0.4426056444644928,0.0,0.8553202748298645,0.15057401359081268,0.0,0.0,0.8137928247451782,0.5204753279685974,0.4314230978488922,0.0,0.8316078186035156,0.15895622968673706,0.0,0.0,0.8076134920120239,0.5000206232070923,0.46258553862571716,0.007701453287154436,0.9998349547386169,0.3579005300998688,0.4595724046230316,0.0,0.9996893405914307,0.5268809199333191,0.611950695514679,0.0,0.9616041779518127,0.34132102131843567,0.602652370929718,0.12635530531406403,0.8967102766036987,0.558168888092041,0.7628520727157593,0.25632789731025696,0.9732249975204468,0.35494449734687805,0.6964402198791504,0.8416662216186523,0.9380040168762207,0.5335761904716492,0.7841456532478333,0.2645074129104614,0.8497254848480225,0.3655877411365509,0.7029647827148438,0.832247257232666,0.7040739059448242,0.6422691941261292,0.8235103487968445,0.0,0.9634883403778076,0.3390113115310669,0.7617031335830688,0.6192360520362854,0.9093682765960693,high,high,high,high,high,high,high,high,high,high,high,high,high,high,high,high,high,high,high,high,high,high,high,high,high,high,high,high,high,high,high,high,high
77,2.566666666666667,0.44789212942123413,0.15003779530525208,0.0,0.9994260668754578,0.46336275339126587,0.14267006516456604,0.0,0.9992825984954834,0.4709450602531433,0.14445212483406067,0.0,0.999213457107544,0.4795171022415161,0.14633964002132416,0.0,0.9996122121810913,0.43838775157928467,0.14118704199790955,0.0,0.9987801313400269,0.42894554138183594,0.14192748069763184,0.0,0.9984557032585144,0.41684460639953613,0.14290407299995422,0.0,0.9986478686332703,0.4818018674850464,0.1590341031551361,0.0,0.9996259212493896,0.4048474133014679,0.15231569111347198,0.0,0.9945865869522095,0.4590620696544647,0.16590116918087006,0.0,0.9993042945861816,0.4279291033744812,0.165104478597641,0.0,0.998378336429596,0.556351363658905,0.2455938160419464,0.0,0.9998651146888733,0.31613031029701233,0.23006471991539001,0.0,0.9968822002410889,0.6366428732872009,0.3432151973247528,0.0,0.9176195859909058,0.20049862563610077,0.1315651386976242,0.0,0.9191447496414185,0.5737939476966858,0.4177340865135193,0.0,0.8892168402671814,0.16235631704330444,0.0063642277382314205,0.0,0.8626641631126404,0.5494564771652222,0.4572071135044098,0.0,0.8523600101470947,0.15016478300094604,0.0,0.0,0.8032886981964111,0.519575834274292,0.44240766763687134,0.0,0.8595654964447021,0.16081570088863373,0.0,0.0,0.7996215224266052,0.5208656191825867,0.4312821924686432,0.0,0.8359208703041077,0.168803408741951,0.0,0.0,0.7951917052268982,0.5070573091506958,0.46339577436447144,0.0,0.99983149766922,0.3611980378627777,0.46030139923095703,0.011327838525176048,0.9996781349182129,0.534730076789856,0.6153607368469238,0.0,0.9645256400108337,0.3574756681919098,0.602712869644165,0.10810089856386185,0.9006715416908264,0.5576797723770142,0.7584396600723267,0.29050391912460327,0.9750785827636719,0.3775409162044525,0.6967684030532837,0.7711672186851501,0.9411543011665344,0.5344138145446777,0.7777539491653442,0.3138330578804016,0.8568110466003418,0.40252918004989624,0.7051106095314026,0.7611719965934753,0.7151647210121155,0.6412405371665955,0.8241398930549622,0.0038849886041134596,0.9656630158424377,0.34203261137008667,0.7675162553787231,0.5611854195594788,0.9134935140609741,high,high,high,high,high,high,high,high,high,high,high,high,high,high,high,high,high,high,high,high,high,high,high,high,high,high,high,high,high,high,high,high,high
78,2.6,0.46140027046203613,0.14863111078739166,0.0,0.9994091987609863,0.4746432304382324,0.14125962555408478,0.0,0.9992750287055969,0.481300950050354,0.14308370649814606,0.0,0.9992085695266724,0.49004441499710083,0.14498098194599152,0.0,0.9996085166931152,0.45028191804885864,0.1393326073884964,0.0,0.998762845993042,0.441659152507782,0.13984453678131104,0.0,0.998433530330658,0.42997562885284424,0.14069263637065887,0.0,0.9986301064491272,0.4919982850551605,0.15789248049259186,0.0,0.9996270537376404,0.4163331389427185,0.15047064423561096,0.0,0.9945757985115051,0.47080060839653015,0.1644243448972702,0.0,0.9993000030517578,0.44087451696395874,0.1635412722826004,0.0,0.9983757734298706,0.5626039505004883,0.24377915263175964,0.0,0.9998632073402405,0.325672447681427,0.23010222613811493,0.0,0.996782660484314,0.6417674422264099,0.3439555764198303,0.0,0.9216523766517639,0.2003512978553772,0.1321403980255127,0.0,0.9190409183502197,0.5733926892280579,0.41777557134628296,0.0,0.8933414816856384,0.17118863761425018,0.00799594260752201,0.0,0.861496090888977,0.5471441745758057,0.45720577239990234,0.0,0.8576719760894775,0.15980440378189087,0.0,0.0,0.8021914958953857,0.5177146196365356,0.4424070715904236,0.0,0.8644660115242004,0.17745313048362732,0.0,0.0,0.7984258532524109,0.5196328163146973,0.43134745955467224,0.0,0.8407207131385803,0.18577921390533447,0.0,0.0,0.7944383025169373,0.512898862361908,0.46506834030151367,0.0,0.9998243451118469,0.36369022727012634,0.4619625508785248,0.02867864817380905,0.9996667504310608,0.5351689457893372,0.6165766716003418,0.0,0.9673730731010437,0.3642555773258209,0.6053075194358826,0.14539380371570587,0.9059672951698303,0.5647428631782532,0.7555919885635376,0.3591997027397156,0.9767687320709229,0.3823343515396118,0.6977676749229431,0.7423588037490845,0.9443902373313904,0.547142505645752,0.7770458459854126,0.3949999213218689,0.8637637495994568,0.41090667247772217,0.7078732252120972,0.7812367677688599,0.7272564768791199,0.6374487280845642,0.8216458559036255,0.09033158421516418,0.9677063226699829,0.3448842465877533,0.7732244729995728,0.546230673789978,0.9177753925323486,high,high,high,high,high,high,high,high,high,high,high,high,high,high,high,high,high,high,high,high,high,high,high,high,high,high,high,high,high,high,high,high,high
79,2.6333333333333333,0.47558656334877014,0.14788790047168732,0.0,0.9994262456893921,0.48833900690078735,0.13908730447292328,0.0,0.999309241771698,0.49824342131614685,0.1406612992286682,0.0,0.9992468357086182,0.5089828968048096,0.14225813746452332,0.0,0.9996266961097717,0.46237361431121826,0.1372077763080597,0.0,0.9988153576850891,0.4522612988948822,0.13751660287380219,0.0,0.9984945058822632,0.4412125051021576,0.1383003294467926,0.0,0.9986838698387146,0.5078505277633667,0.1544971913099289,0.0,0.9996457099914551,0.4276690185070038,0.14844587445259094,0.0,0.994814932346344,0.48523813486099243,0.16363340616226196,0.0,0.9993201494216919,0.4515862464904785,0.1627086102962494,0.0,0.9984226822853088,0.5720977187156677,0.23963825404644012,0.0,0.9998669624328613,0.33897292613983154,0.22930392622947693,0.0,0.9967966675758362,0.642012357711792,0.34406113624572754,0.0,0.926061749458313,0.2005922943353653,0.1332542449235916,0.0,0.9189656972885132,0.571326732635498,0.41801899671554565,0.0,0.8991347551345825,0.20985858142375946,0.007641487754881382,0.0,0.8640075922012329,0.5426517724990845,0.4568445086479187,0.0,0.8651824593544006,0.20060519874095917,0.0,0.0,0.8056557178497314,0.515102744102478,0.4423595070838928,0.0,0.8713417053222656,0.2191695272922516,0.0,0.0,0.8016412258148193,0.517987072467804,0.4313875734806061,0.0,0.8476754426956177,0.22666051983833313,0.0,0.0,0.7978726625442505,0.5166932940483093,0.4654086232185364,0.0,0.9998257160186768,0.3670688271522522,0.462346613407135,0.06685340404510498,0.9996728301048279,0.5383465886116028,0.6171931624412537,0.0,0.9698452949523926,0.3616916239261627,0.6054643988609314,0.20358748733997345,0.9114792346954346,0.5708213448524475,0.7447469234466553,0.47334277629852295,0.9781721830368042,0.38024771213531494,0.6994081735610962,0.7942965030670166,0.9476785659790039,0.5567376613616943,0.7569507360458374,0.5192623138427734,0.869849443435669,0.40701374411582947,0.7091867923736572,0.8442252278327942,0.7427771687507629,0.6280312538146973,0.8199228048324585,0.25246623158454895,0.9693595170974731,0.3450717628002167,0.7749516367912292,0.631325900554657,0.9224045872688293,high,high,high,high,high,high,high,high,high,high,high,high,high,high,high,high,high,high,high,high,high,high,high,high,high,high,high,high,high,high,high,high,high
80,2.6666666666666665,0.48301392793655396,0.14101476967334747,0.0,0.9994669556617737,0.49624717235565186,0.13074663281440735,0.0,0.9993643164634705,0.5064605474472046,0.13237425684928894,0.0,0.9993076920509338,0.5182743668556213,0.13433268666267395,0.0,0.999656081199646,0.4686218798160553,0.12960614264011383,0.0,0.9989073872566223,0.4588618874549866,0.13023988902568817,0.0,0.9986094236373901,0.446821928024292,0.131610706448555,0.0,0.9987821578979492,0.5184329748153687,0.14742670953273773,0.0,0.9996742010116577,0.4347277879714966,0.14317135512828827,0.0,0.9952214360237122,0.4942132830619812,0.1580735743045807,0.0,0.9993667006492615,0.45916035771369934,0.15790623426437378,0.0,0.9985266923904419,0.5859319567680359,0.235194593667984,0.0,0.9998747110366821,0.35347530245780945,0.22839629650115967,0.0,0.9969141483306885,0.6558574438095093,0.3428373634815216,0.0,0.9314942955970764,0.20268471539020538,0.1339622437953949,0.0,0.9205597639083862,0.5715231895446777,0.41645240783691406,0.0,0.9070890545845032,0.24995827674865723,0.009133515879511833,0.0,0.8711267709732056,0.5426932573318481,0.45653748512268066,0.0,0.87569260597229,0.2468564808368683,0.0,0.0,0.8155962228775024,0.5136967301368713,0.4413251280784607,0.0,0.8811939358711243,0.26412904262542725,0.0,0.0,0.8112330436706543,0.5167489647865295,0.4298728108406067,0.0,0.8586037755012512,0.2702277898788452,0.0,0.0,0.8077023029327393,0.5264001488685608,0.4654542803764343,0.0,0.9998326897621155,0.3766024708747864,0.4623558521270752,0.1192822977900505,0.9996888041496277,0.5394378900527954,0.6183388829231262,0.0,0.9721357822418213,0.34574615955352783,0.6046448349952698,0.19777674973011017,0.9175581336021423,0.5756097435951233,0.7391384243965149,0.4788234233856201,0.9793351292610168,0.37871357798576355,0.6997399926185608,0.7804547548294067,0.9506093263626099,0.5684228539466858,0.7487660050392151,0.5297847986221313,0.8760600090026855,0.410845011472702,0.7087156176567078,0.8328360915184021,0.7604414224624634,0.6133196949958801,0.8191673159599304,0.2973715364933014,0.9707067012786865,0.3421165943145752,0.7748938798904419,0.6550595164299011,0.9268313050270081,high,high,high,high,high,high,high,high,high,high,high,high,high,high,high,high,high,high,high,high,high,high,high,high,high,high,high,high,high,high,high,high,high
81,2.7,0.48982858657836914,0.13745732605457306,0.0,0.9994941353797913,0.5011883974075317,0.12896975874900818,0.0,0.999403178691864,0.5098044276237488,0.13057060539722443,0.0,0.9993521571159363,0.5198197364807129,0.132461279630661,0.0,0.999676525592804,0.47421547770500183,0.12758034467697144,0.0,0.9989741444587708,0.46383804082870483,0.12842127680778503,0.0,0.9986957311630249,0.45046183466911316,0.13007035851478577,0.0,0.9988549947738647,0.5204315185546875,0.14596518874168396,0.0,0.9996954202651978,0.43624550104141235,0.1420835703611374,0.0,0.9955494403839111,0.5013606548309326,0.15432235598564148,0.0,0.9994028210639954,0.46627578139305115,0.15462259948253632,0.0,0.9986125826835632,0.5917422771453857,0.23376977443695068,0.0,0.9998812079429626,0.3554154932498932,0.22752904891967773,0.0,0.997050940990448,0.6593802571296692,0.342684805393219,0.0,0.9360520243644714,0.20422130823135376,0.13417784869670868,0.0,0.9229916334152222,0.5714378356933594,0.41649293899536133,0.0,0.9142721891403198,0.2592867314815521,0.00991370715200901,0.0,0.8803045153617859,0.5414479970932007,0.456242173910141,0.0,0.8854449391365051,0.2528441250324249,0.0,0.0,0.8287683725357056,0.5117315649986267,0.4408338963985443,0.0,0.8903964757919312,0.2706757187843323,0.0,0.0,0.8244533538818359,0.5153495073318481,0.42953377962112427,0.0,0.8689162731170654,0.2784470021724701,0.0,0.0,0.821088969707489,0.5296961069107056,0.4668492376804352,0.0,0.9998374581336975,0.38009169697761536,0.4625403881072998,0.11606638878583908,0.9997020363807678,0.5396847724914551,0.6184722185134888,0.0,0.9740939140319824,0.3385333716869354,0.604530930519104,0.17218917608261108,0.9229499101638794,0.5786585211753845,0.7363384962081909,0.5042608380317688,0.9803972244262695,0.37829315662384033,0.6996647119522095,0.7510140538215637,0.9534027576446533,0.5718293190002441,0.7454792261123657,0.5561861395835876,0.8813183903694153,0.41097521781921387,0.7071932554244995,0.8024319410324097,0.7763145565986633,0.6113277077674866,0.8181381225585938,0.31953760981559753,0.9719517827033997,0.34080031514167786,0.7744575142860413,0.6134188175201416,0.9309739470481873,high,high,high,high,high,high,high,high,high,high,high,high,high,high,high,high,high,high,high,high,high,high,high,high,high,high,high,high,high,high,high,high,high
82,2.7333333333333334,0.4956659972667694,0.13836705684661865,0.0,0.9995351433753967,0.5063916444778442,0.12973643839359283,0.0,0.9994543194770813,0.514974057674408,0.1312803328037262,0.0,0.9994089603424072,0.524696409702301,0.13304798305034637,0.0,0.9997044801712036,0.480119526386261,0.12813904881477356,0.0,0.9990602135658264,0.46973636746406555,0.12895144522190094,0.0,0.9988043904304504,0.45611459016799927,0.13047482073307037,0.0,0.998947262763977,0.5252351760864258,0.14579245448112488,0.0,0.9997221827507019,0.44141677021980286,0.14213430881500244,0.0,0.9959261417388916,0.5076978206634521,0.15492349863052368,0.0,0.9994511008262634,0.47337204217910767,0.1549077332019806,0.0,0.9987202286720276,0.5960061550140381,0.2331695556640625,0.0,0.9998906850814819,0.36367806792259216,0.2261955291032791,0.0,0.9971649646759033,0.6663358211517334,0.34283703565597534,0.0,0.9416748881340027,0.2099606692790985,0.13851776719093323,0.0,0.9250622987747192,0.5722865462303162,0.4161684513092041,0.0,0.9223353862762451,0.28975850343704224,0.020170390605926514,0.0,0.8833116888999939,0.5415831804275513,0.45572251081466675,0.0,0.8961467146873474,0.3072071075439453,0.0,0.0,0.8323785066604614,0.5115156173706055,0.43978017568588257,0.0,0.9006052017211914,0.3263833522796631,0.0,0.0,0.8272488713264465,0.5151078701019287,0.4286174178123474,0.0,0.8808788657188416,0.3229430615901947,0.006685188505798578,0.0,0.8245837688446045,0.5351454019546509,0.46605125069618225,0.0,0.9998454451560974,0.390411913394928,0.46143823862075806,0.1317894160747528,0.9997155666351318,0.5433213710784912,0.6196950674057007,0.0,0.9759502410888672,0.31423357129096985,0.6019467115402222,0.1596623808145523,0.9276865124702454,0.5788035988807678,0.7350207567214966,0.4523587226867676,0.98124760389328,0.3801226019859314,0.700104296207428,0.6874828338623047,0.9553917646408081,0.5784047245979309,0.7438759207725525,0.49003031849861145,0.8861430883407593,0.41811391711235046,0.7087177038192749,0.7350996136665344,0.7913615703582764,0.5894898176193237,0.8174185752868652,0.24400143325328827,0.9730409979820251,0.3328709602355957,0.7707188725471497,0.5853089094161987,0.9345751404762268,high,high,high,high,high,high,high,high,high,high,high,high,high,high,high,high,high,high,high,high,high,high,high,high,high,high,high,high,high,high,high,high,high
83,2.7666666666666666,0.49662408232688904,0.15534397959709167,0.0,0.9995759129524231,0.5146101713180542,0.1437729001045227,0.0,0.9995036721229553,0.5246655941009521,0.14689776301383972,0.0,0.9994633197784424,0.5366422533988953,0.1497184932231903,0.0,0.9997308850288391,0.4859575033187866,0.13812586665153503,0.0,0.999144971370697,0.47692111134529114,0.1372482031583786,0.0,0.9989129304885864,0.4653087556362152,0.13724885880947113,0.0,0.9990398287773132,0.5415493249893188,0.15943673253059387,0.0,0.9997473359107971,0.45547232031822205,0.1440507471561432,0.0,0.9963036775588989,0.5084145069122314,0.17479166388511658,0.0,0.9994950890541077,0.4738548994064331,0.17006896436214447,0.0,0.998822808265686,0.6008655428886414,0.23962780833244324,0.0,0.9998979568481445,0.37298014760017395,0.23062419891357422,0.0,0.9972898364067078,0.6839030385017395,0.35236912965774536,0.0,0.9470681548118591,0.22854982316493988,0.1634046584367752,0.01880554109811783,0.925891637802124,0.5772034525871277,0.4274863600730896,0.0,0.9298273324966431,0.3068144619464874,0.047471292316913605,0.017268752679228783,0.8898997902870178,0.5464444756507874,0.4601511061191559,0.0,0.9061638712882996,0.3468211591243744,0.03333062678575516,0.0,0.8418708443641663,0.5168049931526184,0.4466537833213806,0.0,0.9101821780204773,0.3672339618206024,0.03957532346248627,0.0,0.8366369009017944,0.5211261510848999,0.4363018870353699,0.0,0.8921866416931152,0.3589475452899933,0.044984057545661926,0.01257919892668724,0.8344300389289856,0.5408724546432495,0.47414302825927734,0.0,0.9998500943183899,0.4021652936935425,0.4655020833015442,0.15796715021133423,0.9997249245643616,0.545840322971344,0.6311787366867065,0.0,0.9775875806808472,0.26254838705062866,0.5848923921585083,0.0,0.93369060754776,0.591354250907898,0.7384143471717834,0.322918564081192,0.9824417233467102,0.3899279236793518,0.70038241147995,0.2976202070713043,0.9583152532577515,0.6072136163711548,0.7446561455726624,0.3655625283718109,0.8930394053459167,0.4445728361606598,0.7114811539649963,0.34323850274086,0.8091159462928772,0.5698678493499756,0.8158563375473022,0.1643415242433548,0.9746765494346619,0.31669318675994873,0.7714255452156067,0.20210124552249908,0.9393336772918701,high,high,high,high,high,high,high,high,high,high,high,high,high,high,high,high,high,high,high,high,high,high,high,high,high,high,high,high,high,high,high,high,high
84,2.8,0.5056726932525635,0.16874538362026215,0.0,0.9996156096458435,0.5219191312789917,0.1572340577840805,0.0,0.9995504021644592,0.5323421955108643,0.1596490889787674,0.0,0.9995143413543701,0.5442555546760559,0.16234885156154633,0.0,0.9997560381889343,0.49407386779785156,0.15288406610488892,0.0,0.9992259740829468,0.48479562997817993,0.15202471613883972,0.0,0.9990164637565613,0.4737970232963562,0.15205924212932587,0.0,0.9991299510002136,0.5470176339149475,0.1719135195016861,0.0,0.9997710585594177,0.46206727623939514,0.15923821926116943,0.0,0.996659517288208,0.5150688886642456,0.18739458918571472,0.0,0.999540388584137,0.48122698068618774,0.18378278613090515,0.0,0.9989287853240967,0.605900228023529,0.25269752740859985,0.0,0.9999057650566101,0.3831736743450165,0.24463364481925964,0.03917965292930603,0.9974608421325684,0.6853965520858765,0.36528047919273376,0.0,0.9519757032394409,0.24520795047283173,0.18452417850494385,0.06201880797743797,0.9287418723106384,0.582955539226532,0.44365406036376953,0.0,0.9366748332977295,0.29828494787216187,0.07149146497249603,0.030434226617217064,0.8990730047225952,0.5511041879653931,0.4718032479286194,0.0,0.9153262972831726,0.3155016303062439,0.05200619623064995,0.0,0.8550652265548706,0.5224219560623169,0.46080857515335083,0.0,0.9189532399177551,0.3303062319755554,0.054001349955797195,0.0,0.8501350283622742,0.525869607925415,0.45145663619041443,0.0,0.9026237726211548,0.32896697521209717,0.061361562460660934,0.021825410425662994,0.8482175469398499,0.5444057583808899,0.4829743802547455,0.0,0.999854564666748,0.4083014130592346,0.4710052013397217,0.15524348616600037,0.9997342228889465,0.5470213294029236,0.6350439786911011,0.0,0.9791237711906433,0.2368779480457306,0.5704959034919739,0.0,0.9393236041069031,0.5981671810150146,0.7414802312850952,0.21697455644607544,0.983592689037323,0.38876873254776,0.6977396011352539,0.1718093454837799,0.9610074758529663,0.61811363697052,0.7448656558990479,0.2503063976764679,0.8990153670310974,0.4450890123844147,0.7115200757980347,0.2110700011253357,0.8249320387840271,0.5629900693893433,0.8133072853088379,0.050469521433115005,0.9762190580368042,0.2861030399799347,0.7680818438529968,0.0826529785990715,0.9436700344085693,high,high,high,high,high,high,high,high,high,high,high,high,high,high,high,high,high,high,high,high,high,high,high,high,high,high,high,high,high,high,high,high,high
85,2.8333333333333335,0.5131567120552063,0.18034596741199493,0.0,0.999652624130249,0.5300642848014832,0.17021444439888,0.0,0.9995938539505005,0.541942834854126,0.17201471328735352,0.0,0.9995615482330322,0.5531054735183716,0.17435631155967712,0.0,0.999779462814331,0.49990615248680115,0.16690243780612946,0.0,0.9993010759353638,0.4902280271053314,0.16629303991794586,0.0,0.9991121292114258,0.4782481789588928,0.1663111448287964,0.0,0.999213695526123,0.5537795424461365,0.18475641310214996,0.0,0.9997931718826294,0.4651370644569397,0.1724383383989334,0.0,0.996985673904419,0.5226154923439026,0.19849221408367157,0.0,0.9995833039283752,0.4882517158985138,0.19387918710708618,0.0,0.9990289211273193,0.6060277819633484,0.2654965817928314,0.0,0.999913215637207,0.3902472257614136,0.25558581948280334,0.05461277440190315,0.9976338744163513,0.687562882900238,0.37825387716293335,0.0,0.9562472701072693,0.25435954332351685,0.19653676450252533,0.10586649924516678,0.9284535050392151,0.582784116268158,0.45537200570106506,0.0,0.9428043961524963,0.2867656648159027,0.08630585670471191,0.03798085078597069,0.9077632427215576,0.5520941019058228,0.4828142523765564,0.0,0.9235271215438843,0.2973319888114929,0.06004127860069275,0.0,0.8677935600280762,0.5234062671661377,0.47041183710098267,0.0,0.9268052577972412,0.30351099371910095,0.0580223873257637,0.0,0.8632667660713196,0.5262761116027832,0.46090245246887207,0.0,0.9119246602058411,0.3181566298007965,0.06916937232017517,0.023423001170158386,0.8615047931671143,0.5433570146560669,0.49012666940689087,0.0,0.9998566508293152,0.4089943468570709,0.47740381956100464,0.1535061001777649,0.9997389316558838,0.5536298751831055,0.6394017338752747,0.0,0.9801539778709412,0.2288064956665039,0.5657931566238403,0.0,0.9442967772483826,0.5996841192245483,0.744909405708313,0.2716682255268097,0.9843623638153076,0.38668662309646606,0.6944040060043335,0.13588523864746094,0.9632318019866943,0.6187878847122192,0.7479335069656372,0.30894607305526733,0.9024671912193298,0.4333854615688324,0.7102833986282349,0.1782401204109192,0.838711142539978,0.5618889331817627,0.8131626844406128,0.08179818093776703,0.977259635925293,0.27084001898765564,0.7646222114562988,0.027358900755643845,0.9473664164543152,high,high,high,high,high,high,high,high,high,high,high,high,high,high,high,high,high,high,high,high,high,high,high,high,high,high,high,high,high,high,high,high,high
86,2.8666666666666667,0.5173163414001465,0.18390510976314545,0.0,0.999683141708374,0.5334553718566895,0.1757919043302536,0.0,0.9996287822723389,0.5440515279769897,0.1776060163974762,0.0,0.9995998740196228,0.555126965045929,0.17980952560901642,0.0,0.9997981190681458,0.5050808191299438,0.17267557978630066,0.0,0.9993636012077332,0.49483633041381836,0.1725873500108719,0.0,0.999192476272583,0.4823516011238098,0.17283658683300018,0.0,0.999283492565155,0.5565974116325378,0.1914420872926712,0.0,0.9998107552528381,0.4701916575431824,0.18189039826393127,0.0,0.9972656965255737,0.5272747874259949,0.2010888308286667,0.0,0.9996187090873718,0.49255841970443726,0.19812355935573578,0.0,0.9991132020950317,0.6112984418869019,0.2733336389064789,0.0,0.9999198913574219,0.39527368545532227,0.26540255546569824,0.0765545517206192,0.9978083968162537,0.69788658618927,0.38122501969337463,0.0,0.9577648043632507,0.2576093077659607,0.1924656629562378,0.08454439789056778,0.9186159372329712,0.5914189219474792,0.4569563865661621,0.0,0.9474465847015381,0.2683658301830292,0.07999149709939957,0.0,0.9145639538764954,0.5592212080955505,0.4861588478088379,0.0,0.9301199316978455,0.2465844750404358,0.05452530458569527,0.0,0.8784594535827637,0.5330966711044312,0.4723489284515381,0.0,0.9331297874450684,0.24669040739536285,0.05126487463712692,0.0,0.8742412328720093,0.5365088582038879,0.463021844625473,0.0,0.9191322326660156,0.26131510734558105,0.060303352773189545,0.0,0.8727830648422241,0.5444109439849854,0.49562588334083557,0.0,0.9998588562011719,0.4094950258731842,0.48310789465904236,0.13941574096679688,0.9997463226318359,0.5617814660072327,0.6436691880226135,0.0,0.976490318775177,0.2281721532344818,0.5719806551933289,0.0,0.9451500177383423,0.602295458316803,0.7504489421844482,0.279940128326416,0.9820114374160767,0.3623681664466858,0.694758951663971,0.09133027493953705,0.9612736105918884,0.6185258626937866,0.7550645470619202,0.31714585423469543,0.8872880339622498,0.40726327896118164,0.7103807330131531,0.13003326952457428,0.8419251441955566,0.5661453008651733,0.8125921487808228,0.08944215625524521,0.9739139676094055,0.25592318177223206,0.7647287249565125,0.0,0.9461351037025452,high,high,high,high,high,high,high,high,high,high,high,high,high,high,high,high,high,high,high,high,high,high,high,high,high,high,high,high,high,high,high,high,high
87,2.9,0.516959547996521,0.1862456500530243,0.0,0.9997110962867737,0.5321976542472839,0.1782875657081604,0.0,0.9996607899665833,0.5425444841384888,0.18026408553123474,0.0,0.9996347427368164,0.5527187585830688,0.18217727541923523,0.0,0.999815046787262,0.5050104856491089,0.17493878304958344,0.0,0.9994206428527832,0.49421218037605286,0.1747553050518036,0.0,0.9992654919624329,0.4828338325023651,0.1750158816576004,0.0,0.9993471503257751,0.5553532838821411,0.1929294466972351,0.0,0.9998264908790588,0.4710055887699127,0.1839607208967209,0.0,0.9975185990333557,0.5275107026100159,0.20315439999103546,0.0,0.9996494650840759,0.49279195070266724,0.20090892910957336,0.0,0.9991870522499084,0.6134513020515442,0.27491557598114014,0.0,0.9999250173568726,0.3943418860435486,0.26753225922584534,0.06870591640472412,0.9979568123817444,0.7014018297195435,0.3821854293346405,0.0,0.9587799906730652,0.2565547227859497,0.19008487462997437,0.046373918652534485,0.9138572216033936,0.5983297824859619,0.4568243622779846,0.0,0.9512001276016235,0.2590191662311554,0.0771641880273819,0.0,0.9210636019706726,0.5669011473655701,0.48717743158340454,0.0,0.9355868101119995,0.23012523353099823,0.05156352370977402,0.0,0.8883303999900818,0.5396918654441833,0.47385144233703613,0.0,0.938366711139679,0.23022301495075226,0.04846096783876419,0.0,0.8843828439712524,0.5431594252586365,0.4646610617637634,0.0,0.9249672889709473,0.24279363453388214,0.056934110820293427,0.0,0.8831536769866943,0.5452508926391602,0.4982796609401703,0.0,0.999860405921936,0.4100259244441986,0.48547929525375366,0.1328439563512802,0.9997532963752747,0.567042887210846,0.6439112424850464,0.0,0.9746831059455872,0.22997701168060303,0.5746979117393494,0.0,0.9470870494842529,0.6037952303886414,0.7511277794837952,0.27705055475234985,0.9809115529060364,0.3537869453430176,0.6954050660133362,0.09346447885036469,0.9607568383216858,0.6186959743499756,0.7561157941818237,0.3132266700267792,0.8789805769920349,0.3991973102092743,0.7095122337341309,0.13222169876098633,0.847510576248169,0.5673772096633911,0.8125001788139343,0.09507133811712265,0.972050130367279,0.2541869580745697,0.7648778557777405,0.005292300600558519,0.9461443424224854,high,high,high,high,high,high,high,high,high,high,high,high,high,high,high,high,high,high,high,high,high,high,high,high,high,high,high,high,high,high,high,high,high
88,2.933333333333333,0.5199979543685913,0.18563607335090637,0.0,0.9997231364250183,0.5343242287635803,0.17660868167877197,0.0,0.9996686577796936,0.5441557765007019,0.1785888671875,0.0,0.9996441602706909,0.5536197423934937,0.18069696426391602,0.0,0.9998173117637634,0.5067104697227478,0.17388319969177246,0.0,0.9994468092918396,0.49471011757850647,0.17413963377475739,0.0,0.9993023872375488,0.483693391084671,0.17500166594982147,0.0,0.9993771910667419,0.5559072494506836,0.19235822558403015,0.0,0.999829113483429,0.4691033959388733,0.18482980132102966,0.0,0.9976818561553955,0.5327473878860474,0.20268556475639343,0.0,0.9996604919433594,0.49645301699638367,0.20091989636421204,0.0,0.9992222189903259,0.6147668361663818,0.27572187781333923,0.0,0.9999270439147949,0.39192238450050354,0.26638245582580566,0.02523806318640709,0.9980502724647522,0.7027159929275513,0.3800799250602722,0.0,0.9554105401039124,0.2528795003890991,0.18537932634353638,0.0,0.9084094166755676,0.6071280837059021,0.4550878405570984,0.0,0.9514014720916748,0.24752642214298248,0.07023398578166962,0.0,0.9258270263671875,0.5749467611312866,0.4856119751930237,0.0,0.9376209378242493,0.2088811695575714,0.04520232975482941,0.0,0.8961068391799927,0.5481474995613098,0.47290635108947754,0.0,0.9402762055397034,0.20923909544944763,0.042255256325006485,0.0,0.8922779560089111,0.5520288348197937,0.4639648497104645,0.0,0.9264572858810425,0.2235058844089508,0.05096288397908211,0.0,0.8912520408630371,0.5474860668182373,0.4966946244239807,0.0,0.9998616576194763,0.41017669439315796,0.4858751893043518,0.1308726668357849,0.9997615218162537,0.569337785243988,0.643628716468811,0.0,0.9720805287361145,0.23350229859352112,0.5819202065467834,0.0,0.9475364089012146,0.6046768426895142,0.7522388696670532,0.28174063563346863,0.9794719815254211,0.3209856152534485,0.7272433042526245,0.12366097420454025,0.9614443778991699,0.6190387606620789,0.7571307420730591,0.3142927289009094,0.8668582439422607,0.3584398031234741,0.7524789571762085,0.15307725965976715,0.8522173166275024,0.5681226849555969,0.811981201171875,0.10190373659133911,0.9692143797874451,0.22577537596225739,0.7859546542167664,0.014846469275653362,0.9466279745101929,high,high,high,high,high,high,high,high,high,high,high,high,high,high,high,high,high,high,high,high,high,high,high,high,high,high,high,high,high,high,high,high,high
89,2.966666666666667,0.5174031853675842,0.1836860477924347,0.0,0.9997400045394897,0.5320821404457092,0.17443907260894775,0.0,0.9996852278709412,0.5426324605941772,0.176071435213089,0.0,0.9996610879898071,0.5517235398292542,0.1781354397535324,0.0,0.9998259544372559,0.5038201212882996,0.17316779494285583,0.0,0.9994775652885437,0.492191344499588,0.1735295206308365,0.0,0.9993389844894409,0.48102542757987976,0.17457231879234314,0.0,0.9994097948074341,0.5542646050453186,0.19008579850196838,0.0,0.9998363852500916,0.46679338812828064,0.1842593252658844,0.0,0.997807502746582,0.529934287071228,0.19939032196998596,0.0,0.9996747374534607,0.49363213777542114,0.19827428460121155,0.0,0.9992566108703613,0.6139888167381287,0.2724664509296417,0.0,0.9999279975891113,0.3877248466014862,0.2647325396537781,0.0,0.9980853796005249,0.6984666585922241,0.3783687949180603,0.0,0.9474831223487854,0.2414412647485733,0.18493305146694183,0.0,0.9026992917060852,0.6049912571907043,0.4522895812988281,0.0,0.9402956962585449,0.24000808596611023,0.055780597031116486,0.0,0.9152191281318665,0.5734582543373108,0.4836239218711853,0.0,0.9268179535865784,0.21663667261600494,0.02241281047463417,0.0,0.8835886120796204,0.5485079288482666,0.47042304277420044,0.0,0.9298757910728455,0.22140853106975555,0.01758500561118126,0.0,0.8791868090629578,0.5526065230369568,0.461186945438385,0.0,0.9122032523155212,0.2317531853914261,0.029209185391664505,0.0,0.8796949982643127,0.5474502444267273,0.4960457384586334,0.0,0.9998587369918823,0.40913501381874084,0.48450326919555664,0.08682739734649658,0.9997662305831909,0.5694388151168823,0.6416406035423279,0.0,0.9682309031486511,0.25592419505119324,0.6232374310493469,0.0,0.9476720690727234,0.6057066917419434,0.7519001364707947,0.4919850528240204,0.9770179390907288,0.2616024315357208,0.7738350629806519,0.1539265513420105,0.9637210965156555,0.6162916421890259,0.7561852335929871,0.5325963497161865,0.84629887342453,0.28143182396888733,0.788294792175293,0.23613032698631287,0.8542605638504028,0.5725911259651184,0.8078402280807495,0.2790643870830536,0.9658942818641663,0.1669873744249344,0.8383271098136902,0.08254435658454895,0.9491275548934937,high,high,high,high,high,high,high,high,high,high,high,high,high,high,high,high,high,high,high,high,high,high,high,high,high,high,high,high,high,high,high,high,high
90,3.0,0.5158576965332031,0.18012835085391998,0.0,0.9997400641441345,0.5302056074142456,0.168740376830101,0.0,0.9996798634529114,0.5408452153205872,0.1711600422859192,0.0,0.9996514916419983,0.5502620935440063,0.17333874106407166,0.0,0.9998229146003723,0.5028946995735168,0.16531330347061157,0.0,0.9994704723358154,0.49117910861968994,0.16511420905590057,0.0,0.9993202090263367,0.48015010356903076,0.16561032831668854,0.0,0.9993942379951477,0.5533590912818909,0.18443703651428223,0.0,0.9998341798782349,0.4652475118637085,0.1762387901544571,0.0,0.9977733492851257,0.5280513167381287,0.19798925518989563,0.0,0.9996643662452698,0.49283960461616516,0.1947474181652069,0.0,0.9992324709892273,0.6140388250350952,0.2723032832145691,0.0,0.9999219179153442,0.3766748309135437,0.2561042904853821,0.0,0.9979271292686462,0.6961250901222229,0.37618404626846313,0.0,0.9395933151245117,0.22725771367549896,0.16982296109199524,0.0,0.8989498615264893,0.606002926826477,0.4432527422904968,0.0,0.9274705648422241,0.24127799272537231,0.033753905445337296,0.0,0.8925583362579346,0.5738937854766846,0.47825583815574646,0.0,0.91338711977005,0.2278866469860077,0.0,0.0,0.8550496101379395,0.5500962138175964,0.46408575773239136,0.0,0.9168529510498047,0.23029141128063202,0.0,0.0,0.849766731262207,0.555046021938324,0.45409950613975525,0.0,0.8957386016845703,0.2395651638507843,0.006461574230343103,0.0,0.8522511124610901,0.5470083951950073,0.4925772547721863,0.0,0.9998555779457092,0.40692538022994995,0.4835593104362488,0.02884221263229847,0.9997676610946655,0.568479597568512,0.6411119103431702,0.0895451009273529,0.9665252566337585,0.3011808693408966,0.6354049444198608,0.004335897043347359,0.9491885900497437,0.5974507331848145,0.7515695095062256,0.5643390417098999,0.976884126663208,0.25392016768455505,0.7777957320213318,0.23930901288986206,0.9664404988288879,0.5928674936294556,0.7561205625534058,0.5965744853019714,0.8391249179840088,0.26957446336746216,0.7930973768234253,0.27272337675094604,0.8583450317382812,0.5800995230674744,0.8078910708427429,0.34916064143180847,0.9652557373046875,0.15942682325839996,0.8503379821777344,0.020129041746258736,0.9523009657859802,high,high,high,high,high,high,high,high,high,high,high,high,high,high,high,high,high,high,high,high,high,high,high,high,high,high,high,high,high,high,high,high,high
91,3.033333333333333,0.5144392848014832,0.17361214756965637,0.0,0.9997438192367554,0.5295263528823853,0.16245746612548828,0.0,0.9996797442436218,0.5399566888809204,0.16529206931591034,0.0,0.9996501207351685,0.5491706728935242,0.1675429344177246,0.0,0.9998234510421753,0.5006941556930542,0.15740489959716797,0.0,0.9994707703590393,0.48828890919685364,0.15709611773490906,0.0,0.9993153810501099,0.47700923681259155,0.1573861837387085,0.0,0.999388575553894,0.55284184217453,0.17794135212898254,0.0,0.9998367428779602,0.45536184310913086,0.16846804320812225,0.0,0.9977792501449585,0.5276833176612854,0.19367429614067078,0.0,0.9996649026870728,0.488479346036911,0.18785010278224945,0.0,0.9992316961288452,0.6128650307655334,0.2683902680873871,0.0,0.9999198317527771,0.3608396351337433,0.24955102801322937,0.0,0.9978389143943787,0.6904211044311523,0.3689470887184143,0.0,0.9384233951568604,0.21660110354423523,0.15818209946155548,0.0,0.9002804160118103,0.6054072380065918,0.4398813247680664,0.0,0.924072265625,0.2508423328399658,0.022656450048089027,0.0,0.8815550804138184,0.5727526545524597,0.4757026731967926,0.0,0.9089929461479187,0.2502822279930115,0.0,0.0,0.839206874370575,0.5484631657600403,0.4604710042476654,0.0,0.9126732349395752,0.2588365375995636,0.0,0.0,0.833212673664093,0.5533644556999207,0.45044034719467163,0.0,0.8901351094245911,0.2653411328792572,0.0,0.0,0.8369142413139343,0.5428407788276672,0.4870181679725647,0.0,0.9998522400856018,0.4003828167915344,0.4828520715236664,0.019732147455215454,0.9997676014900208,0.5630010962486267,0.6391653418540955,0.07740023732185364,0.9663271307945251,0.32168978452682495,0.6377840638160706,0.011990662664175034,0.9510326385498047,0.5742828845977783,0.7513371109962463,0.5503283143043518,0.9768117666244507,0.25326982140541077,0.7813607454299927,0.25659313797950745,0.9689182043075562,0.5645087957382202,0.7560595273971558,0.5826692581176758,0.8340603113174438,0.2681041657924652,0.7955063581466675,0.2756262421607971,0.8626359701156616,0.5829996466636658,0.806287407875061,0.34468141198158264,0.964845597743988,0.16243791580200195,0.8546037673950195,0.01444587018340826,0.9552634954452515,high,high,high,high,high,high,high,high,high,high,high,high,high,high,high,high,high,high,high,high,high,high,high,high,high,high,high,high,high,high,high,high,high
92,3.066666666666667,0.5086724758148193,0.168504998087883,0.0,0.9997559785842896,0.526009202003479,0.15824465453624725,0.0,0.9996949434280396,0.5357139706611633,0.16080717742443085,0.0,0.999666690826416,0.5450857877731323,0.1631498485803604,0.0,0.9998316764831543,0.49566206336021423,0.1525217443704605,0.0,0.9994961023330688,0.4824340045452118,0.15145716071128845,0.0,0.9993466734886169,0.4708400368690491,0.15103986859321594,0.0,0.9994140863418579,0.5464532971382141,0.17450176179409027,0.0,0.9998459815979004,0.446378231048584,0.16164007782936096,0.0,0.9978958964347839,0.5205627083778381,0.18897280097007751,0.0,0.9996787309646606,0.4788326621055603,0.18293270468711853,0.0,0.999263346195221,0.6074676513671875,0.2622721791267395,0.0,0.9999207258224487,0.3463784158229828,0.24407872557640076,0.0,0.9978225827217102,0.6803039312362671,0.36157384514808655,0.0,0.9401757121086121,0.213751882314682,0.15005962550640106,0.0,0.902799665927887,0.6041570901870728,0.43496260046958923,0.0,0.9257892370223999,0.2604902386665344,0.01815834268927574,0.0,0.8768506646156311,0.5725905299186707,0.4698723256587982,0.0,0.9105244278907776,0.26480987668037415,0.0,0.0,0.831397533416748,0.5485864281654358,0.4567335247993469,0.0,0.914246141910553,0.27723610401153564,0.0,0.0,0.8249394297599792,0.5524351596832275,0.44686317443847656,0.0,0.8918401598930359,0.28326958417892456,0.0,0.0,0.8291856050491333,0.5377859473228455,0.4824293553829193,0.0,0.9998456239700317,0.39341431856155396,0.48044902086257935,0.024713704362511635,0.9997632503509521,0.5517817139625549,0.6347135901451111,0.0652385950088501,0.9664856195449829,0.3258684277534485,0.6326404809951782,0.010544626042246819,0.9526580572128296,0.5269504189491272,0.7443323731422424,0.5926426649093628,0.975565493106842,0.25524356961250305,0.7807623147964478,0.2585316598415375,0.9709363579750061,0.5218622088432312,0.7504515051841736,0.6326091885566711,0.8256062865257263,0.2705691158771515,0.7956404089927673,0.27463674545288086,0.8666613101959229,0.5314820408821106,0.7963823080062866,0.4051179587841034,0.9633338451385498,0.16466745734214783,0.8550726175308228,0.01667112298309803,0.9578089714050293,high,high,high,high,high,high,high,high,high,high,high,high,high,high,high,high,high,high,high,high,high,high,high,high,high,high,high,high,high,high,high,high,high
93,3.1,0.5026957988739014,0.16356506943702698,0.0,0.999770998954773,0.5217105150222778,0.15389083325862885,0.0,0.9997139573097229,0.5312328934669495,0.15662959218025208,0.0,0.999687671661377,0.5409711599349976,0.1593845784664154,0.0,0.9998419284820557,0.49188172817230225,0.14887341856956482,0.0,0.9995275735855103,0.47918373346328735,0.14825424551963806,0.0,0.999387264251709,0.46764877438545227,0.14806610345840454,0.0,0.9994484186172485,0.5425255298614502,0.17258355021476746,0.0,0.9998563528060913,0.4410014748573303,0.1591968685388565,0.0,0.9980309009552002,0.5143130421638489,0.18415193259716034,0.0,0.9996970295906067,0.4721771776676178,0.17754852771759033,0.0,0.9993060231208801,0.6069285273551941,0.2608242630958557,0.0,0.9999222159385681,0.34109580516815186,0.24216385185718536,0.0,0.9978525638580322,0.6764758825302124,0.36069855093955994,0.0,0.9434841871261597,0.2107093334197998,0.14706161618232727,0.0,0.9082422256469727,0.6037527918815613,0.43317851424217224,0.0,0.9295430779457092,0.2668507397174835,0.016129225492477417,0.0,0.8786284923553467,0.5720323920249939,0.4681012034416199,0.0,0.9145686626434326,0.27087512612342834,0.0,0.0,0.8311430215835571,0.5477826595306396,0.4552174210548401,0.0,0.9182125329971313,0.2869776487350464,0.0,0.0,0.8244386911392212,0.5516120791435242,0.4453586935997009,0.0,0.8965477347373962,0.2917555868625641,0.0,0.0,0.8287384510040283,0.535702645778656,0.4808211326599121,0.0,0.9998419284820557,0.38949233293533325,0.4795514643192291,0.023843886330723763,0.9997631907463074,0.548215925693512,0.632246196269989,0.05061359331011772,0.9680593609809875,0.3272606432437897,0.6304023861885071,0.017561158165335655,0.9555524587631226,0.5236363410949707,0.7400658130645752,0.6316674947738647,0.9759440422058105,0.25864940881729126,0.7782989740371704,0.27384015917778015,0.9732340574264526,0.5182030200958252,0.7462158799171448,0.6763075590133667,0.8260101675987244,0.2735777199268341,0.7939239740371704,0.28081685304641724,0.8736570477485657,0.522750198841095,0.7917920351028442,0.42608198523521423,0.9639544486999512,0.16730663180351257,0.8540328145027161,0.03556016460061073,0.960845410823822,high,high,high,high,high,high,high,high,high,high,high,high,high,high,high,high,high,high,high,high,high,high,high,high,high,high,high,high,high,high,high,high,high
94,3.1333333333333333,0.4946559965610504,0.1573302447795868,0.0,0.9997804164886475,0.5132619142532349,0.14864221215248108,0.0,0.9997279644012451,0.523970901966095,0.15159590542316437,0.0,0.9997029304504395,0.5333231687545776,0.15459051728248596,0.0,0.9998499155044556,0.4843543469905853,0.1445426344871521,0.0,0.9995496869087219,0.47153154015541077,0.14450129866600037,0.0,0.9994144439697266,0.4595469534397125,0.14491169154644012,0.0,0.9994708895683289,0.5364264845848083,0.16979721188545227,0.0,0.9998645782470703,0.43263205885887146,0.15793564915657043,0.0,0.9981231689453125,0.5065725445747375,0.17825853824615479,0.0,0.999712347984314,0.4642328917980194,0.17201456427574158,0.0,0.9993385672569275,0.6042337417602539,0.2598738670349121,0.0,0.9999233484268188,0.33983203768730164,0.23916253447532654,0.0,0.9978258013725281,0.6649864315986633,0.35926833748817444,0.0,0.9469332098960876,0.21204620599746704,0.13836339116096497,0.0,0.9125604033470154,0.6001355051994324,0.43240031599998474,0.0,0.9341355562210083,0.27608248591423035,0.013202463276684284,0.0,0.8775244355201721,0.5710769295692444,0.4667661786079407,0.0,0.9196717739105225,0.28095659613609314,0.0,0.0,0.8276419043540955,0.5472036600112915,0.4548195004463196,0.0,0.9231274127960205,0.296341210603714,0.0,0.0,0.8203269839286804,0.5508906841278076,0.4447948932647705,0.0,0.9026779532432556,0.2997356057167053,0.0,0.0,0.8250378370285034,0.5281844139099121,0.48093485832214355,0.0,0.9998435378074646,0.3805737793445587,0.4793877601623535,0.01686929538846016,0.9997668266296387,0.5371988415718079,0.6326051950454712,0.03964180499315262,0.9700145125389099,0.3216201066970825,0.6327799558639526,0.02536577358841896,0.958237886428833,0.4794295132160187,0.7402530312538147,0.6008540391921997,0.9764460921287537,0.25346261262893677,0.7808374762535095,0.28576937317848206,0.9751780033111572,0.4658747911453247,0.7466099858283997,0.6444807052612305,0.8284387588500977,0.2684297263622284,0.796478271484375,0.28234076499938965,0.8791314363479614,0.49360910058021545,0.7919948697090149,0.4118633568286896,0.9645629525184631,0.1575741171836853,0.8518186807632446,0.05726894363760948,0.9633474349975586,high,high,high,high,high,high,high,high,high,high,high,high,high,high,high,high,high,high,high,high,high,high,high,high,high,high,high,high,high,high,high,high,high
95,3.1666666666666665,0.47369876503944397,0.15577396750450134,0.0,0.9997385740280151,0.4928286671638489,0.14694233238697052,0.0,0.9996910691261292,0.5021640062332153,0.14960072934627533,0.0,0.9996653199195862,0.5132655501365662,0.15215888619422913,0.0,0.9998323321342468,0.46506693959236145,0.14278218150138855,0.0,0.999477744102478,0.4533179700374603,0.1429489254951477,0.0,0.9993158578872681,0.43819910287857056,0.14392003417015076,0.0,0.9993720054626465,0.5228592157363892,0.16638094186782837,0.0,0.9998527765274048,0.42059123516082764,0.15785034000873566,0.0,0.9978564381599426,0.4854302704334259,0.1749870479106903,0.0,0.999674916267395,0.44574353098869324,0.1699173003435135,0.0,0.9992252588272095,0.5967335104942322,0.25703445076942444,0.0,0.9999139308929443,0.33639901876449585,0.23671188950538635,0.0,0.9973156452178955,0.6500727534294128,0.35542041063308716,0.0,0.9479648470878601,0.22532784938812256,0.12989971041679382,0.0,0.9063341021537781,0.5949888229370117,0.42856502532958984,0.0,0.9363769292831421,0.26146650314331055,0.008507361635565758,0.0,0.8591415882110596,0.5660672783851624,0.4632262587547302,0.0,0.922417938709259,0.26826605200767517,0.0,0.0,0.8085379600524902,0.5453425049781799,0.4518960416316986,0.0,0.9258828163146973,0.2811187207698822,0.0,0.0,0.801176130771637,0.5486620664596558,0.4420490860939026,0.0,0.9062159061431885,0.28443199396133423,0.0,0.0,0.8080229759216309,0.5088220238685608,0.48106345534324646,0.0,0.9998284578323364,0.36425623297691345,0.4792613089084625,0.02392720989882946,0.9997400641441345,0.485341340303421,0.6326361894607544,0.09989319741725922,0.970817506313324,0.31480610370635986,0.6319972276687622,0.06731001287698746,0.9590052962303162,0.4300377666950226,0.7398279309272766,0.5877410173416138,0.9769884943962097,0.24443697929382324,0.779752254486084,0.3152264654636383,0.9766789674758911,0.4079809784889221,0.7468805313110352,0.6229256391525269,0.8316226005554199,0.262797087430954,0.7971550226211548,0.3156419098377228,0.8836814761161804,0.4719673693180084,0.7928479909896851,0.38617292046546936,0.9650157690048218,0.13501285016536713,0.8442499041557312,0.06411351263523102,0.9651666283607483,high,high,high,high,high,high,high,high,high,high,high,high,high,high,high,high,high,high,high,high,high,high,high,high,high,high,high,high,high,high,high,high,high
96,3.2,0.4637300670146942,0.15288536250591278,0.0,0.9996973872184753,0.4802984595298767,0.1438353955745697,0.0,0.9996540546417236,0.48847660422325134,0.1459333598613739,0.0,0.999628484249115,0.4980602562427521,0.1479412019252777,0.0,0.9998148679733276,0.45459455251693726,0.14008022844791412,0.0,0.999403178691864,0.442901611328125,0.14028169214725494,0.0,0.99921053647995,0.4273979663848877,0.14162445068359375,0.0,0.9992648363113403,0.5106509327888489,0.1604146808385849,0.0,0.9998407959938049,0.4110904335975647,0.15631210803985596,0.0,0.9975579380989075,0.47513893246650696,0.17039427161216736,0.0,0.9996316432952881,0.43539226055145264,0.16663174331188202,0.0,0.9990870356559753,0.5866937637329102,0.25201138854026794,0.0,0.9999052882194519,0.3310447037220001,0.23232129216194153,0.0,0.9966444373130798,0.6348354816436768,0.352761447429657,0.0,0.9478378891944885,0.22727036476135254,0.12298480421304703,0.0,0.8956285715103149,0.585806131362915,0.4250148832798004,0.0,0.9380896687507629,0.2410575896501541,0.0,0.0,0.8380876779556274,0.5561341047286987,0.4605761468410492,0.0,0.9247215390205383,0.23923145234584808,0.0,0.0,0.7880235314369202,0.5390914678573608,0.44957366585731506,0.0,0.9282516837120056,0.2497590184211731,0.0,0.0,0.780881941318512,0.5420927405357361,0.4391911029815674,0.0,0.9091190695762634,0.2564064860343933,0.0,0.0,0.7896349430084229,0.4966563880443573,0.4809718728065491,0.0,0.9998080134391785,0.353079617023468,0.4786830544471741,0.028748782351613045,0.9997003078460693,0.4608279764652252,0.6324397325515747,0.10582853108644485,0.9713717699050903,0.30171215534210205,0.63034588098526,0.11185618489980698,0.9584790468215942,0.41928452253341675,0.7395436763763428,0.5707326531410217,0.9774678945541382,0.23960496485233307,0.7754185199737549,0.3926307260990143,0.9776437282562256,0.3963494300842285,0.7474430203437805,0.6037516593933105,0.8345534801483154,0.2609851360321045,0.7923799753189087,0.4067264497280121,0.8858283162117004,0.4679049253463745,0.7931815981864929,0.36422446370124817,0.9654638171195984,0.1308063417673111,0.8408625721931458,0.16533273458480835,0.9662301540374756,high,high,high,high,high,high,high,high,high,high,high,high,high,high,high,high,high,high,high,high,high,high,high,high,high,high,high,high,high,high,high,high,high
97,3.2333333333333334,0.4571061432361603,0.1478513777256012,0.0,0.9996627569198608,0.4703797698020935,0.1383700668811798,0.0,0.9996145367622375,0.4783136546611786,0.140014186501503,0.0,0.9995917677879333,0.4860003590583801,0.14162875711917877,0.0,0.9997938871383667,0.44735246896743774,0.13540947437286377,0.0,0.9993306994438171,0.435043603181839,0.1358107328414917,0.0,0.9991232752799988,0.4193004071712494,0.13740025460720062,0.0,0.9991637468338013,0.49522271752357483,0.1547354757785797,0.0,0.9998285174369812,0.4007731080055237,0.15226374566555023,0.0,0.9973248243331909,0.4676911234855652,0.16470564901828766,0.0,0.9995958805084229,0.42816272377967834,0.1611843854188919,0.0,0.9989835619926453,0.5749812722206116,0.24623553454875946,0.0,0.9998946189880371,0.31962549686431885,0.22654607892036438,0.0,0.9960688948631287,0.609407901763916,0.34892594814300537,0.0,0.9491832256317139,0.22473928332328796,0.11363263428211212,0.0,0.8951766490936279,0.574791669845581,0.42073073983192444,0.0,0.940630316734314,0.21523258090019226,0.0,0.0,0.8323348760604858,0.5469611883163452,0.4554480016231537,0.0,0.927722156047821,0.20327702164649963,0.0,0.0,0.7827101945877075,0.53190678358078,0.4465622901916504,0.0,0.9313467741012573,0.21659840643405914,0.0,0.0,0.7760845422744751,0.5344247817993164,0.43574485182762146,0.0,0.9132198095321655,0.2259422093629837,0.0,0.0,0.7858577370643616,0.48618847131729126,0.4788060784339905,0.0,0.999792754650116,0.34246981143951416,0.47601479291915894,0.008129343390464783,0.9996694922447205,0.47422459721565247,0.6283541917800903,0.11019141227006912,0.9732407927513123,0.29302582144737244,0.6290514469146729,0.09022856503725052,0.9603856205940247,0.42895936965942383,0.7381755709648132,0.5554275512695312,0.9790116548538208,0.2283364236354828,0.7736371755599976,0.43594270944595337,0.9791894555091858,0.39558228850364685,0.7478083372116089,0.5888479948043823,0.8434141874313354,0.24910415709018707,0.7912558317184448,0.45883357524871826,0.8906989097595215,0.47915807366371155,0.7950785160064697,0.33165425062179565,0.9676201939582825,0.13916316628456116,0.8404554128646851,0.20800815522670746,0.9682357907295227,high,high,high,high,high,high,high,high,high,high,high,high,high,high,high,high,high,high,high,high,high,high,high,high,high,high,high,high,high,high,high,high,high
98,3.2666666666666666,0.4463461935520172,0.14234775304794312,0.0,0.999686598777771,0.4586260914802551,0.1333952248096466,0.0,0.9996422529220581,0.46704185009002686,0.13531115651130676,0.0,0.9996215105056763,0.4749927222728729,0.13714919984340668,0.0,0.9998083710670471,0.4350040853023529,0.13099411129951477,0.0,0.999378502368927,0.4213729798793793,0.13179661333560944,0.0,0.9991865158081055,0.4069563150405884,0.133560448884964,0.0,0.9992217421531677,0.4836653470993042,0.15197314321994781,0.0,0.9998408555984497,0.39045989513397217,0.14892886579036713,0.0,0.9975084662437439,0.4570600688457489,0.1597367227077484,0.0,0.9996241927146912,0.4177434742450714,0.1567600667476654,0.0,0.9990559220314026,0.5583897233009338,0.24379412829875946,0.0,0.9998978972434998,0.30673399567604065,0.22188854217529297,0.0,0.9962224364280701,0.5915426015853882,0.3477364480495453,0.0,0.9519835114479065,0.20192086696624756,0.11057132482528687,0.0,0.9015968441963196,0.5635046362876892,0.41687852144241333,0.0,0.9444912672042847,0.1899106353521347,0.0,0.0,0.8413490056991577,0.5395315885543823,0.44860678911209106,0.0,0.9320411086082458,0.16794873774051666,0.0,0.0,0.793053388595581,0.5239062905311584,0.4395967125892639,0.0,0.9355165958404541,0.18597789108753204,0.0,0.0,0.7867225408554077,0.5243298411369324,0.4290096163749695,0.0,0.9185860753059387,0.19731365144252777,0.0,0.0,0.7958667874336243,0.4776966869831085,0.47310978174209595,0.01901673711836338,0.9998018741607666,0.33468571305274963,0.468374639749527,0.0,0.9996824264526367,0.4837135672569275,0.6167168021202087,0.0,0.9757091999053955,0.28342515230178833,0.6250432729721069,0.0,0.9637067317962646,0.4475320279598236,0.7346161603927612,0.42019951343536377,0.9807392954826355,0.22588826715946198,0.7611293792724609,0.42477309703826904,0.9808827042579651,0.4130893647670746,0.7449439764022827,0.460662305355072,0.8545816540718079,0.24475136399269104,0.7735546231269836,0.4583357572555542,0.8964540362358093,0.4884212613105774,0.7955945134162903,0.19156396389007568,0.9701381921768188,0.14466166496276855,0.8307875394821167,0.20657965540885925,0.9704978466033936,high,high,high,high,high,high,high,high,high,high,high,high,high,high,high,high,high,high,high,high,high,high,high,high,high,high,high,high,high,high,high,high,high
99,3.3,0.44208455085754395,0.1403183788061142,0.0,0.9996935129165649,0.45542389154434204,0.1324770301580429,0.0,0.9996505379676819,0.4638793170452118,0.1344357430934906,0.0,0.9996313452720642,0.47176170349121094,0.13619311153888702,0.0,0.9998120665550232,0.43103280663490295,0.12973305583000183,0.0,0.9993927478790283,0.4182538390159607,0.13038349151611328,0.0,0.9992088079452515,0.40269267559051514,0.13180126249790192,0.0,0.9992402791976929,0.4818653166294098,0.15111009776592255,0.0,0.9998446702957153,0.3872157335281372,0.14714166522026062,0.0,0.9975675344467163,0.4532284736633301,0.15761889517307281,0.0,0.9996340274810791,0.41503822803497314,0.15417668223381042,0.0,0.9990871548652649,0.5515514612197876,0.24321715533733368,0.0,0.9998964667320251,0.30361297726631165,0.219491645693779,0.0,0.996285617351532,0.5775067210197449,0.3472917973995209,0.0,0.9534146189689636,0.19223257899284363,0.1094767302274704,0.0,0.9065754413604736,0.5502448081970215,0.4161318242549896,0.0,0.9470251798629761,0.18535640835762024,0.0,0.0,0.8477960228919983,0.5295185446739197,0.44670113921165466,0.0,0.934701681137085,0.16788627207279205,0.0,0.0,0.7999756932258606,0.513995885848999,0.4386436939239502,0.0,0.9381539821624756,0.18583056330680847,0.0,0.0,0.7939362525939941,0.513046145439148,0.42831021547317505,0.0,0.9220461845397949,0.1959371715784073,0.0,0.0,0.8023248910903931,0.47374412417411804,0.4701213240623474,0.023880688473582268,0.9998059272766113,0.33348357677459717,0.46522387862205505,0.0,0.9996882677078247,0.49105513095855713,0.6124561429023743,0.0,0.9778158664703369,0.2820834219455719,0.6239687204360962,0.0,0.9663133025169373,0.4523439109325409,0.732965350151062,0.4010530710220337,0.9820768237113953,0.2258034199476242,0.7574408650398254,0.4431501030921936,0.982207179069519,0.41742825508117676,0.7433862686157227,0.4440590441226959,0.862321674823761,0.241666778922081,0.768318772315979,0.48124873638153076,0.8996317982673645,0.49102479219436646,0.7960783243179321,0.16143757104873657,0.9720116853713989,0.14945626258850098,0.8262426257133484,0.21613305807113647,0.9721277356147766,high,high,high,high,high,high,high,high,high,high,high,high,high,high,high,high,high,high,high,high,high,high,high,high,high,high,high,high,high,high,high,high,high
100,3.3333333333333335,0.4342104494571686,0.13801588118076324,0.0,0.9996761083602905,0.44526490569114685,0.1317230612039566,0.0,0.9996282458305359,0.4536776542663574,0.13364337384700775,0.0,0.9996108412742615,0.46107351779937744,0.13543084263801575,0.0,0.9998002052307129,0.4224463701248169,0.12937939167022705,0.0,0.9993544816970825,0.4092715382575989,0.13010932505130768,0.0,0.9991682767868042,0.39414849877357483,0.1315363347530365,0.0,0.9992010593414307,0.4698660969734192,0.15103954076766968,0.0,0.9998391270637512,0.37838926911354065,0.14701789617538452,0.0,0.9974279999732971,0.44471630454063416,0.15485094487667084,0.0,0.9996353983879089,0.4068731963634491,0.1525813490152359,0.0,0.9990977048873901,0.5399913191795349,0.2438134253025055,0.0,0.9998961091041565,0.29401686787605286,0.21994845569133759,0.0,0.9963311553001404,0.5769026875495911,0.3467431664466858,0.0,0.9541389346122742,0.1725873351097107,0.11297295242547989,0.0,0.9106095433235168,0.5419928431510925,0.4139513373374939,0.0,0.9473230838775635,0.17828018963336945,0.0,0.0,0.848966121673584,0.5226684212684631,0.4439513087272644,0.0,0.933686375617981,0.16305473446846008,0.0,0.0,0.7989553809165955,0.506695032119751,0.43532055616378784,0.0,0.9373806118965149,0.17806857824325562,0.0,0.0,0.7930469512939453,0.505072295665741,0.4248616695404053,0.0,0.9215583205223083,0.18717122077941895,0.0,0.0,0.8001702427864075,0.47448280453681946,0.46688365936279297,0.04202960804104805,0.9998030066490173,0.33141469955444336,0.4644264280796051,0.0,0.9996839761734009,0.5278807878494263,0.6006914377212524,0.0,0.9797065854072571,0.2825920581817627,0.6219689846038818,0.0,0.9680107831954956,0.45424529910087585,0.7253865003585815,0.3839010000228882,0.9827110767364502,0.22862769663333893,0.7379688620567322,0.5620126128196716,0.9827131628990173,0.428209125995636,0.7359247207641602,0.4377262592315674,0.8658046722412109,0.23446862399578094,0.7453769445419312,0.6105709075927734,0.89322429895401,0.49339863657951355,0.7921479940414429,0.132444828748703,0.9727734923362732,0.18731985986232758,0.8082791566848755,0.30302631855010986,0.9718913435935974,high,high,high,high,high,high,high,high,high,high,high,high,high,high,high,high,high,high,high,high,high,high,high,high,high,high,high,high,high,high,high,high,high
101,3.3666666666666667,0.4111199975013733,0.14135828614234924,0.0,0.9996091723442078,0.422535240650177,0.13594308495521545,0.0,0.99954754114151,0.43052318692207336,0.13739606738090515,0.0,0.9995057582855225,0.43841320276260376,0.13895417749881744,0.0,0.999748170375824,0.3973334729671478,0.1341659426689148,0.0,0.9992713332176208,0.3845364451408386,0.1353628933429718,0.0,0.9990829229354858,0.3718966543674469,0.1369016468524933,0.0,0.9991620779037476,0.4440414011478424,0.15427987277507782,0.0,0.9997936487197876,0.35482561588287354,0.1514866054058075,0.0,0.9972414374351501,0.4225928485393524,0.1596994549036026,0.0,0.9995712041854858,0.3839810788631439,0.15837499499320984,0.0,0.999030590057373,0.5135623216629028,0.2500484585762024,0.011725261807441711,0.9998775124549866,0.265610009431839,0.22265681624412537,0.0,0.9965992569923401,0.5517341494560242,0.34786257147789,0.15822547674179077,0.916221559047699,0.13144011795520782,0.12420018762350082,0.0,0.9163259267807007,0.5092206001281738,0.4150352478027344,0.10435094684362411,0.8961268067359924,0.18156027793884277,0.0,0.0,0.8562068939208984,0.4917180836200714,0.4438972473144531,0.10325194150209427,0.877470076084137,0.1745196282863617,0.0,0.0,0.8051556348800659,0.47797340154647827,0.43588787317276,0.042160764336586,0.882044792175293,0.18852543830871582,0.0,0.0,0.7986346483230591,0.4765452444553375,0.4257754385471344,0.08361715078353882,0.8688997626304626,0.19608506560325623,0.0,0.0,0.803508996963501,0.46342921257019043,0.46662235260009766,0.0881807804107666,0.9998111128807068,0.32607200741767883,0.4656342566013336,0.0,0.9997039437294006,0.6014240980148315,0.5759532451629639,0.0,0.981201171875,0.2827189862728119,0.6259525418281555,0.0,0.9686791896820068,0.45990443229675293,0.7136214375495911,0.04144711047410965,0.981948733329773,0.21423746645450592,0.7193235158920288,0.33651527762413025,0.9821645021438599,0.43318048119544983,0.7250668406486511,0.0907587930560112,0.8678531050682068,0.1954614669084549,0.724151611328125,0.3950121998786926,0.8820297718048096,0.523722767829895,0.7903428673744202,0.0,0.9719113707542419,0.2121734768152237,0.785051167011261,0.15581950545310974,0.9701852202415466,high,high,high,high,high,high,high,high,high,high,high,high,high,high,high,high,high,high,high,high,high,high,high,high,high,high,high,high,high,high,high,high,high
102,3.4,0.3944617807865143,0.15570683777332306,0.0,0.9995651245117188,0.40634649991989136,0.14784786105155945,0.0,0.9994973540306091,0.41434425115585327,0.15067145228385925,0.0,0.9994354248046875,0.42241570353507996,0.15364745259284973,0.0,0.9997043609619141,0.3837755024433136,0.14500269293785095,0.0,0.9992398023605347,0.37199753522872925,0.14589335024356842,0.0,0.9990687370300293,0.35780665278434753,0.14764854311943054,0.0,0.9991769790649414,0.4333164691925049,0.16572579741477966,0.0,0.9997518062591553,0.34179696440696716,0.16049879789352417,0.0,0.9972753524780273,0.4040038287639618,0.1750699132680893,0.0,0.9995038509368896,0.3683241009712219,0.17241182923316956,0.0,0.9989972114562988,0.4916291832923889,0.2573853135108948,0.0,0.9998120665550232,0.2529158294200897,0.23230424523353577,0.0,0.9968672394752502,0.5308703184127808,0.35228702425956726,0.22661423683166504,0.8715413808822632,0.11238937079906464,0.1414186656475067,0.0,0.9233757853507996,0.49450743198394775,0.41774430871009827,0.26885005831718445,0.8325227499008179,0.18531504273414612,0.012479225173592567,0.0,0.8670784831047058,0.4812813997268677,0.4450577199459076,0.2883716821670532,0.8093912601470947,0.1955040991306305,0.0,0.0,0.8158519268035889,0.4680277407169342,0.4398593008518219,0.211271271109581,0.8142218589782715,0.21585966646671295,0.0,0.0,0.8089311122894287,0.4642600119113922,0.4295412600040436,0.24411240220069885,0.804230809211731,0.21770071983337402,0.0,0.0,0.8111677169799805,0.448775053024292,0.46672695875167847,0.1272740215063095,0.9998202919960022,0.312045693397522,0.47422605752944946,0.0,0.9997259974479675,0.6079816222190857,0.5605928301811218,0.0,0.9829084873199463,0.27605244517326355,0.6315792202949524,0.0,0.9705879092216492,0.47025570273399353,0.6985145807266235,0.05642005056142807,0.9821296334266663,0.2094569355249405,0.7208993434906006,0.48615509271621704,0.9823983907699585,0.43797722458839417,0.7163352966308594,0.11667028814554214,0.874500572681427,0.19454066455364227,0.7238660454750061,0.5556997656822205,0.8774538636207581,0.5758596658706665,0.7753249406814575,0.0,0.9722687005996704,0.21322079002857208,0.7819312810897827,0.2788636088371277,0.9695713520050049,high,high,high,high,high,high,high,high,high,high,high,high,high,high,high,high,high,high,high,high,high,high,high,high,high,high,high,high,high,high,high,high,high
103,3.433333333333333,0.3906955420970917,0.17062291502952576,0.0,0.999538242816925,0.4010709524154663,0.16321685910224915,0.0,0.9994499683380127,0.4087785482406616,0.165159210562706,0.0,0.9993706941604614,0.4184473752975464,0.16738495230674744,0.0,0.9996589422225952,0.3784700930118561,0.1608974188566208,0.0,0.9992138147354126,0.368147611618042,0.16131946444511414,0.0,0.9990620017051697,0.35489991307258606,0.1623021513223648,0.0,0.9991931915283203,0.4265526235103607,0.17644569277763367,0.0,0.9996821284294128,0.3320804536342621,0.17120860517024994,0.0,0.997269332408905,0.3977985084056854,0.1872273087501526,0.0,0.9993936419487,0.36679819226264954,0.18478065729141235,0.0,0.9989237785339355,0.48019397258758545,0.2637033760547638,0.0,0.9997668266296387,0.24096420407295227,0.24118287861347198,0.0,0.9971321225166321,0.5174278020858765,0.35988086462020874,0.14780208468437195,0.842239260673523,0.111339271068573,0.1636149138212204,0.0,0.930050790309906,0.48579880595207214,0.42676058411598206,0.09075049310922623,0.7805236577987671,0.189132958650589,0.04999690130352974,0.0,0.8781877756118774,0.47578850388526917,0.4531300663948059,0.09558607637882233,0.75312739610672,0.20776602625846863,0.025659063830971718,0.0,0.8286240100860596,0.46489381790161133,0.44890397787094116,0.030606256797909737,0.7581826448440552,0.22561414539813995,0.027673795819282532,0.0,0.8216592669487,0.45998382568359375,0.4394713044166565,0.06871990859508514,0.7514014840126038,0.22026577591896057,0.04011059179902077,0.0,0.8221889734268188,0.44139963388442993,0.47295504808425903,0.12193114310503006,0.9998306035995483,0.303220272064209,0.48294463753700256,0.0,0.9997476935386658,0.6001347303390503,0.560198962688446,0.0,0.9843947291374207,0.26697108149528503,0.6346675753593445,0.0,0.9724782705307007,0.4821895956993103,0.7005560994148254,0.042256370186805725,0.9825668931007385,0.20827051997184753,0.7248773574829102,0.4690031409263611,0.9827720522880554,0.440167099237442,0.7188109159469604,0.09077847748994827,0.8824214935302734,0.19583962857723236,0.7277445793151855,0.5290853977203369,0.8765396475791931,0.6248944401741028,0.7732294797897339,0.0,0.9729751348495483,0.219131201505661,0.782463550567627,0.24891693890094757,0.9693491458892822,high,high,high,high,high,high,high,high,high,high,high,high,high,high,high,high,high,high,high,high,high,high,high,high,high,high,high,high,high,high,high,high,high
104,3.466666666666667,0.3800595700740814,0.1761418730020523,0.0,0.999549925327301,0.3900962471961975,0.16762672364711761,0.0,0.9994559288024902,0.3987753093242645,0.16955217719078064,0.0,0.9993720054626465,0.4095311462879181,0.1719050109386444,0.0,0.9996591210365295,0.36590734124183655,0.1658637523651123,0.0,0.9992383122444153,0.3560166358947754,0.16664841771125793,0.0,0.9990975260734558,0.34236767888069153,0.16833114624023438,0.0,0.9992343783378601,0.4148199260234833,0.18246567249298096,0.0,0.9996682405471802,0.31700828671455383,0.1795162856578827,0.0,0.9973685145378113,0.3887702226638794,0.19333146512508392,0.0,0.9993801712989807,0.356474906206131,0.1900692582130432,0.0,0.9989377856254578,0.47091346979141235,0.2695815861225128,0.03699308633804321,0.9997650384902954,0.23457008600234985,0.25117039680480957,0.0,0.9973841309547424,0.5154145359992981,0.3632415235042572,0.114681176841259,0.8306280374526978,0.11505293101072311,0.17801395058631897,0.0,0.9362797141075134,0.48044928908348083,0.4267093241214752,0.0,0.7608281970024109,0.17623990774154663,0.07051749527454376,0.0,0.8892167806625366,0.4697437286376953,0.4526814818382263,0.0,0.730555534362793,0.19422602653503418,0.0513082817196846,0.0,0.8430730700492859,0.4564099907875061,0.44832339882850647,0.0,0.7362423539161682,0.21243596076965332,0.05394040420651436,0.0,0.8365281820297241,0.4514480233192444,0.4385016858577728,0.0,0.7306923866271973,0.20989710092544556,0.06287727504968643,0.0,0.8362851738929749,0.4387008547782898,0.47805681824684143,0.10181818157434464,0.9998410940170288,0.30024078488349915,0.48486652970314026,0.0,0.9997671246528625,0.5932571291923523,0.5687997341156006,0.0,0.9853964447975159,0.26498886942863464,0.6350783109664917,0.0,0.9732723832130432,0.48218604922294617,0.7199408411979675,0.03412574902176857,0.9827427864074707,0.2058575302362442,0.7271899580955505,0.38196244835853577,0.9823688268661499,0.44169479608535767,0.7419353723526001,0.06698735803365707,0.8883797526359558,0.19244033098220825,0.7317453026771545,0.4328500032424927,0.8720781207084656,0.6026741862297058,0.7937907576560974,0.0,0.9735928177833557,0.2222759872674942,0.7839382886886597,0.2370348572731018,0.9685922861099243,high,high,high,high,high,high,high,high,high,high,high,high,high,high,high,high,high,high,high,high,high,high,high,high,high,high,high,high,high,high,high,high,high
105,3.5,0.37215977907180786,0.17810294032096863,0.0,0.9995712041854858,0.38346654176712036,0.1694038361310959,0.0,0.9994771480560303,0.3942561745643616,0.17092499136924744,0.0,0.9993912577629089,0.4051469564437866,0.1731778234243393,0.0,0.9996700882911682,0.3592381477355957,0.16900880634784698,0.0,0.9992772340774536,0.34973257780075073,0.17029184103012085,0.0,0.9991452097892761,0.3377305269241333,0.17219412326812744,0.0,0.9992828965187073,0.4154956042766571,0.18632562458515167,0.0,0.9996672868728638,0.31292566657066345,0.18511788547039032,0.0,0.9974992871284485,0.3840300142765045,0.19701722264289856,0.0,0.9993835091590881,0.35301196575164795,0.19457313418388367,0.0,0.9989669919013977,0.4708934724330902,0.27169254422187805,0.02955329418182373,0.9997660517692566,0.2385300248861313,0.25771015882492065,0.0,0.997613787651062,0.5082297325134277,0.3644546866416931,0.06473912298679352,0.8063718676567078,0.11717479676008224,0.18335849046707153,0.0,0.9414864182472229,0.4807015657424927,0.4275931715965271,0.0,0.7266511917114258,0.16917306184768677,0.07580401748418808,0.0,0.8983627557754517,0.4687277376651764,0.45434126257896423,0.0,0.6964929699897766,0.18462403118610382,0.05227755382657051,0.0,0.8545571565628052,0.4565671384334564,0.4497784972190857,0.0,0.7025040984153748,0.20284315943717957,0.054320741444826126,0.0,0.8482341766357422,0.4522891044616699,0.44071000814437866,0.0,0.6979050636291504,0.20164218544960022,0.06378080695867538,0.0,0.8469844460487366,0.43810421228408813,0.47794491052627563,0.09161826968193054,0.999852180480957,0.30035895109176636,0.48405951261520386,0.0,0.9997862577438354,0.5922727584838867,0.5730520486831665,0.0,0.9860471487045288,0.26489555835723877,0.6343620419502258,0.0,0.9737180471420288,0.4824492633342743,0.7222264409065247,0.03853922337293625,0.9826720952987671,0.20183752477169037,0.7287123799324036,0.32864639163017273,0.9818136096000671,0.4432310461997986,0.7424347996711731,0.06937721371650696,0.8928156495094299,0.1857704371213913,0.733769416809082,0.3722819983959198,0.8650784492492676,0.5960385799407959,0.7933629155158997,0.0,0.9740187525749207,0.22287940979003906,0.7835848927497864,0.19924795627593994,0.9678047895431519,high,high,high,high,high,high,high,high,high,high,high,high,high,high,high,high,high,medium,high,high,high,medium,high,high,high,high,high,high,high,high,high,high,high
106,3.533333333333333,0.36644405126571655,0.1774771362543106,0.0,0.9996033310890198,0.37839165329933167,0.1690075844526291,0.0,0.9995129108428955,0.39018216729164124,0.17018258571624756,0.0,0.9994320273399353,0.401131272315979,0.17198151350021362,0.0,0.9996929168701172,0.35361596941947937,0.169136181473732,0.0,0.999327540397644,0.344044953584671,0.17048443853855133,0.0,0.9992042183876038,0.3325191140174866,0.17229227721691132,0.0,0.9993348121643066,0.41112932562828064,0.18584370613098145,0.0,0.9996866583824158,0.3102412521839142,0.18567872047424316,0.0,0.9976452589035034,0.3812777101993561,0.19534294307231903,0.0,0.9994219541549683,0.3473922610282898,0.19354577362537384,0.0,0.9990314841270447,0.4726948142051697,0.2732599377632141,0.0,0.9997814893722534,0.23891043663024902,0.2622203230857849,0.0,0.9978086352348328,0.5157138705253601,0.36551138758659363,0.02008148655295372,0.8134676218032837,0.12147356569766998,0.18620577454566956,0.0,0.9461408257484436,0.4791198670864105,0.43089476227760315,0.0,0.7413631081581116,0.1466260701417923,0.07810208946466446,0.0,0.9067836403846741,0.4653063118457794,0.45935359597206116,0.0,0.7098674774169922,0.1574835181236267,0.05739405006170273,0.0,0.865250289440155,0.4516720175743103,0.4542982578277588,0.0,0.7158938646316528,0.1714654117822647,0.05784204602241516,0.0,0.8592624068260193,0.44972720742225647,0.4439269006252289,0.0,0.7099931836128235,0.1711110919713974,0.06616917997598648,0.0,0.85738605260849,0.43740183115005493,0.48061028122901917,0.0865151584148407,0.9998595714569092,0.29824861884117126,0.48513659834861755,0.0,0.9997982978820801,0.5740678906440735,0.5834656953811646,0.0,0.9866119623184204,0.26407602429389954,0.634406328201294,0.0,0.9729719161987305,0.48265600204467773,0.7358641624450684,0.07694730162620544,0.982268750667572,0.19788560271263123,0.729211688041687,0.3661491870880127,0.9798174500465393,0.44424691796302795,0.7528802752494812,0.10939017683267593,0.8942858576774597,0.18367743492126465,0.7367309927940369,0.41101935505867004,0.8493392467498779,0.5892204642295837,0.8032231330871582,0.0,0.9739115834236145,0.22303755581378937,0.7842520475387573,0.24276021122932434,0.9648888111114502,high,high,high,high,high,high,high,high,high,high,high,high,high,high,high,high,high,high,high,high,high,high,high,high,high,high,high,high,high,high,high,high,high
107,3.566666666666667,0.36408814787864685,0.17560161650180817,0.0,0.9996019601821899,0.3773448169231415,0.16739104688167572,0.0,0.9994993209838867,0.3889789283275604,0.1688244491815567,0.0,0.9994154572486877,0.39913418889045715,0.1708867996931076,0.0,0.9996876120567322,0.35229387879371643,0.16684839129447937,0.0,0.9992948174476624,0.34188932180404663,0.16807016730308533,0.0,0.9991531372070312,0.33135098218917847,0.16993683576583862,0.0,0.9992914199829102,0.4093218147754669,0.18407198786735535,0.0,0.9996776580810547,0.3121964633464813,0.18302950263023376,0.0,0.9974375367164612,0.37712857127189636,0.19350793957710266,0.0,0.999411404132843,0.3437853455543518,0.19135993719100952,0.0,0.9989837408065796,0.4798569679260254,0.2728140652179718,0.0,0.9997908473014832,0.23780500888824463,0.25951582193374634,0.0,0.9977877140045166,0.5178765058517456,0.36488670110702515,0.0,0.8163435459136963,0.11050798743963242,0.17999306321144104,0.0,0.9453728795051575,0.4809126555919647,0.43145686388015747,0.0,0.7544435262680054,0.09208761155605316,0.06519043445587158,0.0,0.9081725478172302,0.468060165643692,0.46184468269348145,0.0,0.7241278290748596,0.08213639259338379,0.04006589204072952,0.0,0.8650091290473938,0.45675036311149597,0.45437002182006836,0.0,0.7305169105529785,0.08841746300458908,0.04123646765947342,0.0,0.859520435333252,0.4539998769760132,0.44397273659706116,0.0,0.7212226986885071,0.09389141201972961,0.05373271554708481,0.0,0.8568150997161865,0.4403626620769501,0.4820682108402252,0.05855338275432587,0.9998436570167542,0.29545682668685913,0.48485445976257324,0.0,0.9997691512107849,0.5234683752059937,0.6225714683532715,0.0,0.977260947227478,0.25818878412246704,0.6318858861923218,0.009263073094189167,0.9525392651557922,0.48923593759536743,0.7648134827613831,0.2758297622203827,0.9789367318153381,0.1968582421541214,0.7295212149620056,0.49960488080978394,0.9666948318481445,0.4637807309627533,0.7818909883499146,0.2879619300365448,0.8749546408653259,0.1875738948583603,0.7381599545478821,0.5395464301109314,0.8044010400772095,0.5863815546035767,0.8225889205932617,0.0,0.9700602889060974,0.22211793065071106,0.7855086922645569,0.30755066871643066,0.9485900402069092,high,high,high,high,high,high,high,high,high,high,high,high,high,high,high,high,high,high,high,high,high,high,high,high,high,high,high,high,high,high,high,high,high
108,3.6,0.3635770082473755,0.16938018798828125,0.0,0.9995824694633484,0.37800243496894836,0.16186974942684174,0.0,0.9994639158248901,0.38996022939682007,0.16411092877388,0.0,0.9993820190429688,0.4001774787902832,0.1661863774061203,0.0,0.999675452709198,0.35205796360969543,0.15992584824562073,0.0,0.9992027878761292,0.34206676483154297,0.16099822521209717,0.0,0.9990248680114746,0.3323134183883667,0.1625034213066101,0.0,0.9991663694381714,0.4094885587692261,0.1798085719347,0.0,0.9996712803840637,0.3144901990890503,0.1770629584789276,0.0,0.9969521760940552,0.377118855714798,0.18890880048274994,0.0,0.9994022250175476,0.3441402018070221,0.18515092134475708,0.0,0.998906135559082,0.48365190625190735,0.26733964681625366,0.0,0.99979567527771,0.2361198216676712,0.2577064633369446,0.0,0.9973242282867432,0.5270916223526001,0.36153069138526917,0.0,0.825210690498352,0.09545788168907166,0.1760348677635193,0.0,0.9416429996490479,0.48810163140296936,0.42953434586524963,0.0,0.7678433060646057,0.054040372371673584,0.06252289563417435,0.0,0.8891282677650452,0.47263991832733154,0.46088680624961853,0.0,0.7372540831565857,0.03366009518504143,0.03944787383079529,0.0,0.8378258943557739,0.45756858587265015,0.4523549973964691,0.0,0.7443404197692871,0.05002474784851074,0.027267223224043846,0.0,0.8340550661087036,0.45534247159957886,0.4424954056739807,0.0,0.7318390011787415,0.05930048227310181,0.036703504621982574,0.0,0.8319092988967896,0.4408048093318939,0.4806029200553894,0.04536084458231926,0.9997909069061279,0.2961187958717346,0.4796462059020996,0.0,0.9996499419212341,0.4845273196697235,0.6318147778511047,0.009051365777850151,0.9725824594497681,0.25930508971214294,0.6233338117599487,0.06299468874931335,0.937187671661377,0.491867333650589,0.7748619914054871,0.3541761636734009,0.9783320426940918,0.193777933716774,0.7301391363143921,0.6563915610313416,0.9588644504547119,0.47117847204208374,0.7932217121124268,0.3697260618209839,0.8663533926010132,0.1852392852306366,0.7385568022727966,0.7041676640510559,0.7687755227088928,0.5839509963989258,0.8289487957954407,0.0,0.9695091247558594,0.22107484936714172,0.78590989112854,0.4190346896648407,0.9387665390968323,high,high,high,high,high,high,high,high,high,high,high,high,high,high,high,high,high,high,high,high,high,high,high,high,high,high,high,high,high,high,high,high,high
109,3.6333333333333333,0.3651282787322998,0.16134198009967804,0.0,0.999577522277832,0.3811778128147125,0.15302228927612305,0.0,0.9994494318962097,0.39254942536354065,0.15572932362556458,0.0,0.9993760585784912,0.4030923545360565,0.15830308198928833,0.0,0.9996749758720398,0.35403886437416077,0.15104161202907562,0.0,0.9991410970687866,0.34412887692451477,0.15208688378334045,0.0,0.9989389181137085,0.3340243399143219,0.15354330837726593,0.0,0.999064028263092,0.4112396240234375,0.17147377133369446,0.0,0.9996770024299622,0.3165590167045593,0.167637437582016,0.0,0.9965640306472778,0.38023850321769714,0.18027077615261078,0.0,0.9993999004364014,0.34569495916366577,0.1753012239933014,0.0,0.9988305568695068,0.48603010177612305,0.2558630108833313,0.0,0.9998016953468323,0.2376416027545929,0.25226029753685,0.0,0.9966162443161011,0.5407176613807678,0.3546229600906372,0.0,0.8363783955574036,0.09035958349704742,0.17488694190979004,0.0,0.9358499646186829,0.494996041059494,0.42863744497299194,0.0,0.7833923697471619,0.04426026716828346,0.0476619154214859,0.0,0.8603848218917847,0.4779796898365021,0.46046367287635803,0.0,0.7531509399414062,0.021822171285748482,0.01758166030049324,0.0,0.8025068640708923,0.4588955044746399,0.45065703988075256,0.0,0.7605936527252197,0.03760364651679993,0.005024197977036238,0.0,0.8002339601516724,0.4562683403491974,0.44135504961013794,0.0,0.7462784051895142,0.05137630179524422,0.01649203523993492,0.0,0.8009843230247498,0.4411375820636749,0.47297853231430054,0.02340216375887394,0.9997595548629761,0.2974334955215454,0.4708220958709717,0.0,0.9995579123497009,0.46877261996269226,0.6247002482414246,0.0,0.9707919955253601,0.26019909977912903,0.6159226894378662,0.1363065540790558,0.9249874353408813,0.49205416440963745,0.7732800841331482,0.2917768359184265,0.9788809418678284,0.19595898687839508,0.7292116284370422,0.6953717470169067,0.9554527401924133,0.4719737470149994,0.7927764654159546,0.35146281123161316,0.8638970255851746,0.18737567961215973,0.7369148135185242,0.7389155626296997,0.7503086924552917,0.5830506682395935,0.8283443450927734,0.0,0.9702808260917664,0.22062496840953827,0.7864409685134888,0.4672601819038391,0.9346153736114502,high,high,high,high,high,high,high,high,high,high,high,high,high,high,high,high,high,high,high,high,high,high,high,high,high,high,high,high,high,high,high,high,high
110,3.6666666666666665,0.3689287304878235,0.1508021056652069,0.0,0.9995694756507874,0.38445422053337097,0.14379166066646576,0.0,0.9994322657585144,0.395521879196167,0.14652320742607117,0.0,0.9993650317192078,0.40592652559280396,0.14938434958457947,0.0,0.9996744990348816,0.3572649359703064,0.14146558940410614,0.0,0.99907386302948,0.3474077582359314,0.14293749630451202,0.0,0.9988320469856262,0.3368610143661499,0.14479078352451324,0.0,0.9989527463912964,0.414019912481308,0.16292300820350647,0.0,0.9996815323829651,0.31910020112991333,0.15881964564323425,0.0,0.9960593581199646,0.3834230303764343,0.16994813084602356,0.0,0.9994035363197327,0.34830743074417114,0.16718801856040955,0.0,0.9987668395042419,0.4903148114681244,0.2461625039577484,0.0,0.9998082518577576,0.23972700536251068,0.24348530173301697,0.0,0.9959813952445984,0.5565270185470581,0.3483697175979614,0.0,0.8473215699195862,0.08449851721525192,0.16931551694869995,0.0,0.9311713576316833,0.5102274417877197,0.4222676157951355,0.0,0.7965739369392395,0.036662355065345764,0.0351841077208519,0.0,0.8311415910720825,0.48701658844947815,0.45635056495666504,0.0,0.765117347240448,0.022682275623083115,0.0026838290505111217,0.0,0.7659519910812378,0.46315333247184753,0.44521117210388184,0.0,0.7728453278541565,0.03685746341943741,0.0,0.0,0.7646399140357971,0.46321767568588257,0.43539372086524963,0.0,0.7561174631118774,0.04825013503432274,0.003781617386266589,0.0,0.7676153779029846,0.44187164306640625,0.465186208486557,0.00029482480022124946,0.9997287392616272,0.2985233962535858,0.46242159605026245,0.0,0.9994621276855469,0.46157994866371155,0.6207077503204346,0.0,0.9683042764663696,0.26410070061683655,0.6067883968353271,0.2149038463830948,0.9051780700683594,0.4908585548400879,0.7716370224952698,0.2695971131324768,0.9788804650306702,0.21613365411758423,0.7200405597686768,0.8045130372047424,0.9476876854896545,0.4710204303264618,0.792448878288269,0.3222530484199524,0.859178900718689,0.22423100471496582,0.7265681028366089,0.8507397174835205,0.7271342873573303,0.5807237029075623,0.8261092305183411,0.0,0.9701498746871948,0.22047214210033417,0.783020555973053,0.5975221991539001,0.9251170754432678,high,high,high,high,high,high,high,high,high,high,high,high,high,high,high,high,high,high,high,high,high,high,high,high,high,high,high,high,high,high,high,high,high
111,3.7,0.37120288610458374,0.1484764814376831,0.0,0.9995673894882202,0.38643187284469604,0.14104506373405457,0.0,0.9994237422943115,0.3972730040550232,0.14380763471126556,0.0,0.9993625283241272,0.40746164321899414,0.14655081927776337,0.0,0.9996767640113831,0.3591609597206116,0.13877929747104645,0.0,0.9990282654762268,0.3493807017803192,0.14012518525123596,0.0,0.9987568259239197,0.3386262357234955,0.14192770421504974,0.0,0.9988718628883362,0.4157232940196991,0.16016103327274323,0.0,0.9996867179870605,0.32073119282722473,0.15564695000648499,0.0,0.995663583278656,0.3853400647640228,0.16703501343727112,0.0,0.9994053244590759,0.35022860765457153,0.16445811092853546,0.0,0.9987078309059143,0.4930136799812317,0.2432105839252472,0.0,0.9998136758804321,0.24122263491153717,0.23964528739452362,0.0,0.9954248070716858,0.56302809715271,0.3459032475948334,0.0,0.8565269708633423,0.0814385861158371,0.16623419523239136,0.0,0.9265630841255188,0.5153244733810425,0.42044633626937866,0.0,0.8074697852134705,0.03666289523243904,0.028469586744904518,0.0,0.8044164776802063,0.49032866954803467,0.4547751843929291,0.0,0.774758517742157,0.02476944588124752,0.0,0.0,0.7328245639801025,0.46486932039260864,0.44341278076171875,0.0,0.7829156517982483,0.036968111991882324,0.0,0.0,0.7326985597610474,0.466701477766037,0.43365129828453064,0.0,0.7637836337089539,0.04798838123679161,0.0,0.0,0.7374057769775391,0.44264987111091614,0.4630759656429291,0.0,0.9996876120567322,0.2994610667228699,0.4602043628692627,0.007629938889294863,0.9993459582328796,0.4587283134460449,0.6185868382453918,0.0,0.965529203414917,0.2681282162666321,0.604770302772522,0.25097909569740295,0.8830811977386475,0.4898391664028168,0.7709716558456421,0.2237495481967926,0.9786170125007629,0.22397519648075104,0.7178066968917847,0.8387017846107483,0.939410924911499,0.47035300731658936,0.7920306324958801,0.23378372192382812,0.8533799648284912,0.23384279012680054,0.7247952222824097,0.8846415877342224,0.7037423849105835,0.5794265866279602,0.8253549337387085,0.0,0.9698190093040466,0.22059054672718048,0.7815955877304077,0.6365455389022827,0.9154276847839355,high,high,high,high,high,high,high,high,high,high,high,high,high,high,high,high,high,high,high,high,high,high,high,high,high,high,high,high,high,high,high,high,high
112,3.7333333333333334,0.372006356716156,0.14546158909797668,0.0,0.9995459318161011,0.386711448431015,0.13825246691703796,0.0,0.999396800994873,0.39799943566322327,0.14114713668823242,0.0,0.999337375164032,0.40821748971939087,0.1438189446926117,0.0,0.9996690154075623,0.3605368435382843,0.13585743308067322,0.0,0.9989495873451233,0.3506332337856293,0.13711340725421906,0.0,0.9986318349838257,0.3396860659122467,0.1389431208372116,0.0,0.9987573623657227,0.4159465432167053,0.1578875184059143,0.0,0.9996789693832397,0.3216080963611603,0.15289616584777832,0.0,0.9950869083404541,0.38567957282066345,0.16386601328849792,0.0,0.9993751049041748,0.3509674370288849,0.1615487039089203,0.0,0.9985663294792175,0.49788355827331543,0.24064350128173828,0.0,0.9998142123222351,0.24154232442378998,0.23534496128559113,0.0,0.9949100613594055,0.5697201490402222,0.34371218085289,0.0,0.8600315451622009,0.08007292449474335,0.16032594442367554,0.0,0.9221468567848206,0.5181106328964233,0.4178376793861389,0.0,0.8106616735458374,0.05025544762611389,0.021531257778406143,0.0,0.7849516868591309,0.4920470714569092,0.45124396681785583,0.0,0.7759443521499634,0.040960922837257385,0.0,0.0,0.707558274269104,0.4661402106285095,0.4402065873146057,0.0,0.7845373749732971,0.05180373787879944,0.0,0.0,0.707589864730835,0.468929260969162,0.43077999353408813,0.0,0.7621687054634094,0.05979081615805626,0.0,0.0,0.7130117416381836,0.44451916217803955,0.46315914392471313,0.0,0.9996611475944519,0.2997778654098511,0.4602234959602356,0.011755162850022316,0.9992669224739075,0.46138736605644226,0.6169275045394897,0.0,0.9644206166267395,0.27544310688972473,0.6028956174850464,0.3135029375553131,0.8603293895721436,0.4876108467578888,0.7679258584976196,0.18155530095100403,0.9786013960838318,0.25763362646102905,0.7049457430839539,0.9743742346763611,0.9263639450073242,0.4690495431423187,0.7880024909973145,0.1850445568561554,0.8513508439064026,0.26870816946029663,0.7111674547195435,1.0,0.6793338656425476,0.5788046717643738,0.8237985372543335,0.0,0.9696556925773621,0.24643979966640472,0.7684103846549988,0.8319615721702576,0.9001748561859131,high,high,high,high,high,high,high,high,high,high,high,high,high,high,high,high,high,high,high,high,high,high,high,high,high,high,high,high,high,high,medium,high,high
113,3.7666666666666666,0.3835850954055786,0.1460561752319336,0.0,0.999532163143158,0.39952385425567627,0.13926753401756287,0.0,0.999396026134491,0.40897974371910095,0.142043799161911,0.0,0.999336838722229,0.4165504574775696,0.14467105269432068,0.0,0.9996736645698547,0.3747755289077759,0.13606083393096924,0.0,0.9989255666732788,0.36320674419403076,0.13675585389137268,0.0,0.9985746145248413,0.3522666394710541,0.1379622370004654,0.0,0.9987175464630127,0.42235657572746277,0.15889739990234375,0.0,0.9996819496154785,0.33611059188842773,0.1506763994693756,0.0,0.9948135614395142,0.39295485615730286,0.16500528156757355,0.0,0.9993574619293213,0.3589669167995453,0.1620754897594452,0.0,0.9984830617904663,0.50423663854599,0.24219569563865662,0.0,0.9998152852058411,0.24453428387641907,0.23439118266105652,0.0,0.9946202039718628,0.5760638117790222,0.34430116415023804,0.0,0.8607429265975952,0.08393797278404236,0.15879489481449127,0.0,0.9146427512168884,0.5194849371910095,0.4183242917060852,0.0,0.8085149526596069,0.0535782165825367,0.023546461015939713,0.0,0.7652965784072876,0.49248453974723816,0.45288902521133423,0.0,0.7722280025482178,0.049691975116729736,0.0,0.0,0.6829643845558167,0.4672357439994812,0.4405120313167572,0.0,0.7804715037345886,0.05645563825964928,0.0,0.0,0.6825646758079529,0.4692525267601013,0.43105512857437134,0.0,0.7529736757278442,0.06334396451711655,0.0,0.0,0.6875740885734558,0.450263649225235,0.4639626443386078,0.0,0.9996587038040161,0.3040843904018402,0.46265697479248047,0.042913444340229034,0.999254047870636,0.469826340675354,0.617669939994812,0.0,0.9640436768531799,0.29070091247558594,0.6051764488220215,0.3804773986339569,0.8415431380271912,0.489035964012146,0.7673255205154419,0.23271910846233368,0.9792308211326599,0.2931992709636688,0.6979895234107971,1.0,0.9185865521430969,0.4717438220977783,0.7889434099197388,0.23907648026943207,0.8551232218742371,0.3035042881965637,0.7059499025344849,1.0,0.6685857176780701,0.586864173412323,0.8227389454841614,0.0,0.9703694581985474,0.2618143856525421,0.7664468288421631,0.9365621209144592,0.8911919593811035,high,high,high,high,high,high,high,high,high,high,high,high,high,high,high,high,high,high,medium,high,medium,high,medium,high,high,high,high,high,high,high,medium,high,high
114,3.8,0.39702171087265015,0.146580770611763,0.0,0.9995443224906921,0.412415087223053,0.14007851481437683,0.0,0.9994199872016907,0.4202316999435425,0.14280828833580017,0.0,0.9993598461151123,0.42888522148132324,0.14546868205070496,0.0,0.999687910079956,0.38786694407463074,0.1366252601146698,0.0,0.9989636540412903,0.37815889716148376,0.13710086047649384,0.0,0.9986112117767334,0.36675310134887695,0.13808085024356842,0.0,0.9987612366676331,0.43487170338630676,0.15950337052345276,0.0,0.9996932148933411,0.35096636414527893,0.15046951174736023,0.0,0.99492347240448,0.40501585602760315,0.1656779646873474,0.0,0.9993674159049988,0.37138429284095764,0.1626681685447693,0.0,0.9985010027885437,0.5091482996940613,0.24328508973121643,0.0,0.9998205900192261,0.24915339052677155,0.2337193787097931,0.0,0.9947632551193237,0.582341194152832,0.34502726793289185,0.0,0.8631448745727539,0.08655794709920883,0.15793749690055847,0.0,0.9143214225769043,0.5213492512702942,0.4190470278263092,0.0,0.8085731267929077,0.10195820778608322,0.024609141051769257,0.0,0.7640499472618103,0.49309226870536804,0.4548972547054291,0.0,0.7705980539321899,0.10970275849103928,0.0,0.0,0.6764703989028931,0.4680218994617462,0.44085103273391724,0.0,0.7779987454414368,0.12518557906150818,0.0,0.0,0.674255907535553,0.46957746148109436,0.4311295449733734,0.0,0.747100830078125,0.12738196551799774,0.0,0.0,0.67820143699646,0.45720645785331726,0.46464642882347107,0.0,0.9996775984764099,0.30877119302749634,0.4640355110168457,0.04426886886358261,0.9992967844009399,0.4753429889678955,0.6176360845565796,0.0,0.9648783206939697,0.3009057939052582,0.6057285070419312,0.3436526954174042,0.8342553973197937,0.4915672838687897,0.7657403945922852,0.25887531042099,0.9798908829689026,0.3078528344631195,0.6968028545379639,0.9743595719337463,0.9158700108528137,0.4760996103286743,0.786868155002594,0.27069368958473206,0.8592928051948547,0.32196924090385437,0.705825924873352,1.0,0.667018711566925,0.5874113440513611,0.821887195110321,0.0,0.9710665345191956,0.26452162861824036,0.7663360834121704,0.840455174446106,0.8877019286155701,high,high,high,high,high,high,high,high,high,high,high,high,high,high,high,high,high,high,medium,high,medium,high,medium,high,high,high,high,high,high,high,medium,high,high
115,3.8333333333333335,0.41337665915489197,0.14730899035930634,0.0,0.9995707869529724,0.426601380109787,0.1405697911977768,0.0,0.9994574785232544,0.4363144338130951,0.14314143359661102,0.0,0.9994022846221924,0.4470997154712677,0.14573660492897034,0.0,0.9997087717056274,0.40180036425590515,0.13717496395111084,0.0,0.9990278482437134,0.3919977843761444,0.13759355247020721,0.0,0.9986945986747742,0.38175293803215027,0.13844560086727142,0.0,0.9988353848457336,0.4488292634487152,0.15937143564224243,0.0,0.9997137784957886,0.36375123262405396,0.1502809226512909,0.0,0.9952326416969299,0.42048999667167664,0.1663360297679901,0.0,0.9993995428085327,0.3890259563922882,0.16323167085647583,0.0,0.9985728859901428,0.5186826586723328,0.24273781478405,0.0,0.9998335242271423,0.2603747844696045,0.23357805609703064,0.0,0.9950595498085022,0.588228166103363,0.34553784132003784,0.0,0.8734278082847595,0.09674634039402008,0.1582259237766266,0.0,0.9173773527145386,0.5212610363960266,0.42076802253723145,0.0,0.8241732120513916,0.15078799426555634,0.03136514872312546,0.0,0.7771660089492798,0.4931977689266205,0.4557436406612396,0.0,0.788444459438324,0.1656186729669571,0.0021641943603754044,0.0,0.6911370158195496,0.4677846133708954,0.44101691246032715,0.0,0.795104444026947,0.18613648414611816,0.0015136745059862733,0.0,0.6877850294113159,0.46989601850509644,0.4313013553619385,0.0,0.7653700709342957,0.18505915999412537,0.01585150882601738,0.0,0.6907041668891907,0.4634779095649719,0.46554166078567505,0.0,0.9997000694274902,0.3142106831073761,0.46419888734817505,0.06289910525083542,0.9993461966514587,0.48242074251174927,0.6172246932983398,0.0,0.9671291708946228,0.3056500256061554,0.603887140750885,0.2904495596885681,0.8401896953582764,0.4956291913986206,0.7595037817955017,0.26547351479530334,0.9809520840644836,0.3133389949798584,0.6974858641624451,0.8752632737159729,0.9188523888587952,0.48180362582206726,0.7729225158691406,0.2860272228717804,0.8669446706771851,0.3306606411933899,0.7065585255622864,0.925022304058075,0.6812929511070251,0.5709516406059265,0.821496307849884,0.012377258390188217,0.9725372195243835,0.26554596424102783,0.7676976919174194,0.7399942278862,0.8921216130256653,high,high,high,high,high,high,high,high,high,high,high,high,high,high,high,high,high,high,medium,high,medium,high,medium,high,high,high,high,high,high,high,medium,high,high
116,3.8666666666666667,0.4251250922679901,0.1466970145702362,0.0,0.9995920658111572,0.43723005056381226,0.13919544219970703,0.0,0.9994868040084839,0.448601096868515,0.14179196953773499,0.0,0.9994354844093323,0.4593934416770935,0.1444980800151825,0.0,0.9997246861457825,0.4123086631298065,0.13569125533103943,0.0,0.9990805983543396,0.40161293745040894,0.13605231046676636,0.0,0.9987648725509644,0.39198681712150574,0.1369256228208542,0.0,0.9988988041877747,0.4598800539970398,0.158291757106781,0.0,0.9997277855873108,0.37376868724823,0.14929518103599548,0.0,0.995500385761261,0.43204277753829956,0.16661928594112396,0.0,0.9994213581085205,0.4004233479499817,0.16360178589820862,0.0,0.998630166053772,0.5248790979385376,0.23973922431468964,0.0,0.9998446702957153,0.2786690890789032,0.23198583722114563,0.0,0.9953683614730835,0.5957426428794861,0.34504950046539307,0.0,0.8826160430908203,0.12019872665405273,0.15983980894088745,0.0,0.9209614992141724,0.5237680673599243,0.4194734990596771,0.0,0.8392748236656189,0.17646795511245728,0.0421094074845314,0.0,0.7922160029411316,0.49378103017807007,0.4520789086818695,0.0,0.8062081933021545,0.20119325816631317,0.01921822316944599,0.0,0.7092763185501099,0.4678962826728821,0.4390590190887451,0.0,0.8122746348381042,0.22015777230262756,0.020604846999049187,0.0,0.7053892612457275,0.47161513566970825,0.42940741777420044,0.0,0.7842451930046082,0.21640075743198395,0.03168041259050369,0.0,0.7071771621704102,0.47425583004951477,0.46606093645095825,0.0,0.9997128248214722,0.32363754510879517,0.4647723138332367,0.05371653288602829,0.9993784427642822,0.48967307806015015,0.6157997846603394,0.0,0.9666604995727539,0.3030470609664917,0.6027184724807739,0.19186803698539734,0.8394578695297241,0.4955424964427948,0.7452234029769897,0.34701594710350037,0.9797550439834595,0.30701786279678345,0.6950840353965759,0.7348690629005432,0.9137753844261169,0.4816535413265228,0.7539893984794617,0.3758041262626648,0.8661422729492188,0.3237689137458801,0.7005504369735718,0.7834548950195312,0.6782267093658447,0.5399227142333984,0.8117135763168335,0.13618437945842743,0.9711920619010925,0.2712487280368805,0.7670378088951111,0.6328679323196411,0.8878014087677002,high,high,high,high,high,high,high,high,high,high,high,high,high,high,high,high,high,high,high,high,high,high,high,high,high,high,high,high,high,high,medium,high,high
117,3.9,0.4300220012664795,0.14699424803256989,0.0,0.9996174573898315,0.44196006655693054,0.13937489688396454,0.0,0.9995205998420715,0.45318403840065,0.14198513329029083,0.0,0.9994728565216064,0.4642956554889679,0.14473119378089905,0.0,0.9997429251670837,0.41626933217048645,0.1355539858341217,0.0,0.9991418719291687,0.4058862328529358,0.13582149147987366,0.0,0.9988458156585693,0.3961361050605774,0.13664811849594116,0.0,0.9989719390869141,0.46402299404144287,0.1583784520626068,0.0,0.9997444748878479,0.37865856289863586,0.1492873579263687,0.0,0.9958089590072632,0.43711981177330017,0.1669425070285797,0.0,0.9994515180587769,0.4043705463409424,0.16395093500614166,0.0,0.9987074732780457,0.5285117030143738,0.23933449387550354,0.0,0.9998556971549988,0.2845213711261749,0.2316424399614334,0.0,0.9956977367401123,0.5988080501556396,0.345501184463501,0.0,0.8905591368675232,0.12612374126911163,0.15989810228347778,0.0,0.9251403212547302,0.5254711508750916,0.41830167174339294,0.0,0.8531374335289001,0.18103885650634766,0.04606623202562332,0.0,0.8079935908317566,0.49515101313591003,0.4500129818916321,0.0,0.8226669430732727,0.2097652703523636,0.025427456945180893,0.0,0.7291005849838257,0.46802955865859985,0.4380408823490143,0.0,0.8281846642494202,0.2296292632818222,0.02695358730852604,0.0,0.7249354720115662,0.47252607345581055,0.4283197522163391,0.0,0.8018177151679993,0.22495228052139282,0.0372236892580986,0.0,0.7257544994354248,0.4792008399963379,0.46621185541152954,0.0,0.9997251033782959,0.3283531069755554,0.46480217576026917,0.052383895963430405,0.9994103312492371,0.49775683879852295,0.6136197447776794,0.0,0.965747058391571,0.3018195629119873,0.6014699339866638,0.1219782829284668,0.8402440547943115,0.4960145354270935,0.740692138671875,0.31070762872695923,0.9786832332611084,0.3066388964653015,0.693389356136322,0.621321439743042,0.9099109768867493,0.4838990867137909,0.7493309378623962,0.3350582718849182,0.8651732206344604,0.32469114661216736,0.6980153918266296,0.6664351224899292,0.6767733097076416,0.5320303440093994,0.8074042201042175,0.09355583041906357,0.9701049327850342,0.27514374256134033,0.7656658291816711,0.5194553136825562,0.8851491212844849,high,high,high,high,high,high,high,high,high,high,high,high,high,high,high,high,high,high,high,high,high,high,high,high,high,high,high,high,high,high,medium,high,high
118,3.933333333333333,0.4414188265800476,0.14978745579719543,0.0,0.9996480941772461,0.45538920164108276,0.14148184657096863,0.0,0.9995603561401367,0.46605759859085083,0.14371776580810547,0.0,0.9995177984237671,0.47547250986099243,0.14607734978199005,0.0,0.9997641444206238,0.429139107465744,0.13879205286502838,0.0,0.999213457107544,0.4182075560092926,0.1389981061220169,0.0,0.9989434480667114,0.40815189480781555,0.13983440399169922,0.0,0.9990565180778503,0.4749177396297455,0.158712238073349,0.0,0.9997656941413879,0.3939190208911896,0.15082041919231415,0.0,0.9961721897125244,0.4488391876220703,0.16844090819358826,0.0,0.9994937181472778,0.4177057445049286,0.16641589999198914,0.0,0.9988069534301758,0.5436769723892212,0.2395820915699005,0.0,0.99986732006073,0.31503966450691223,0.2307399958372116,0.07727134227752686,0.9960060119628906,0.6165615320205688,0.34568238258361816,0.0,0.9001339673995972,0.16983026266098022,0.1614636331796646,0.06620444357395172,0.9237964153289795,0.533439576625824,0.41676315665245056,0.0,0.8673084378242493,0.1738559603691101,0.052854984998703,0.0,0.8229108452796936,0.5014565587043762,0.44797125458717346,0.0,0.8397354483604431,0.1871192306280136,0.03302403539419174,0.0,0.7505607604980469,0.4724813997745514,0.4354179799556732,0.0,0.8447214365005493,0.204982191324234,0.0307198166847229,0.0,0.746504008769989,0.47780299186706543,0.42574238777160645,0.0,0.82062166929245,0.20424531400203705,0.04011102020740509,0.0,0.7473167777061462,0.48984992504119873,0.4634825587272644,0.0,0.9997382164001465,0.3483380973339081,0.46032339334487915,0.12631939351558685,0.9994453191757202,0.5075816512107849,0.6129283905029297,0.0,0.9661069512367249,0.242819681763649,0.5905892252922058,0.014295263215899467,0.8502234816551208,0.5157006978988647,0.706106960773468,0.3285432457923889,0.9767874479293823,0.31068527698516846,0.6923454999923706,0.46605995297431946,0.9134128093719482,0.5184131860733032,0.7124268412590027,0.3723680377006531,0.8597544431686401,0.3389391303062439,0.6998674869537354,0.5084867477416992,0.6962893009185791,0.5160895586013794,0.7742324471473694,0.1942821443080902,0.9680374264717102,0.26671159267425537,0.7584181427955627,0.37819603085517883,0.890343189239502,high,high,high,high,high,high,high,high,high,high,high,high,high,high,high,high,high,high,high,high,high,high,high,high,high,high,high,high,high,high,medium,high,high
119,3.966666666666667,0.4478936195373535,0.15678241848945618,0.0,0.9996767640113831,0.4649946093559265,0.1461172103881836,0.0,0.9995970129966736,0.47731658816337585,0.14870697259902954,0.0,0.9995584487915039,0.48667797446250916,0.15144023299217224,0.0,0.9997832179069519,0.4375682473182678,0.144179105758667,0.0,0.9992809295654297,0.42669278383255005,0.1443806290626526,0.0,0.9990349411964417,0.4179903566837311,0.14482736587524414,0.0,0.9991373419761658,0.49023357033729553,0.16354438662528992,0.0,0.9997836947441101,0.404946506023407,0.15485934913158417,0.0,0.9965081214904785,0.45626217126846313,0.17575740814208984,0.0,0.9995316863059998,0.42359215021133423,0.17290440201759338,0.0,0.9989003539085388,0.5552621483802795,0.2430392950773239,0.0,0.9998757243156433,0.3316980004310608,0.2329055368900299,0.03855828940868378,0.9962936043739319,0.6257503032684326,0.3481958508491516,0.0,0.9076383113861084,0.18709033727645874,0.16371342539787292,0.02440059371292591,0.9182121157646179,0.5420315861701965,0.4170168936252594,0.0,0.8790888786315918,0.1664990931749344,0.053548477590084076,0.0,0.8359677195549011,0.5086050033569336,0.44829845428466797,0.0,0.8539983034133911,0.17935138940811157,0.033054642379283905,0.0,0.7698667049407959,0.47959646582603455,0.4358147978782654,0.0,0.8585363626480103,0.18497028946876526,0.029342060908675194,0.0,0.7660523056983948,0.4849695563316345,0.4261372983455658,0.0,0.835823655128479,0.1922452449798584,0.038789309561252594,0.0,0.766747772693634,0.5009431838989258,0.46157675981521606,0.0,0.9997456073760986,0.36151501536369324,0.45731791853904724,0.152054101228714,0.9994764924049377,0.5094364881515503,0.6118379831314087,0.0,0.9656045436859131,0.21325859427452087,0.5780931711196899,0.0,0.8610666990280151,0.5336095094680786,0.703292727470398,0.3185630440711975,0.9742734432220459,0.31563565135002136,0.693623423576355,0.23839086294174194,0.9186462759971619,0.541333794593811,0.711298406124115,0.36501964926719666,0.8479541540145874,0.3532959222793579,0.7002999782562256,0.2731490135192871,0.7169354557991028,0.5096787214279175,0.768417239189148,0.16987891495227814,0.9647977948188782,0.24947772920131683,0.7571622133255005,0.1035928800702095,0.8968642354011536,high,high,high,high,high,high,high,high,high,high,high,high,high,high,high,high,high,high,high,high,high,high,high,high,high,high,high,high,high,high,high,high,high
120,4.0,0.4520370066165924,0.1679638922214508,0.0,0.9997034668922424,0.46878111362457275,0.1588386595249176,0.0,0.9996289610862732,0.47871577739715576,0.16040027141571045,0.0,0.9995948672294617,0.48894527554512024,0.1621585339307785,0.0,0.9997996091842651,0.44344791769981384,0.1562856286764145,0.0,0.9993423819541931,0.4345264136791229,0.1560581624507904,0.0,0.9991207122802734,0.4246860146522522,0.15606802701950073,0.0,0.9992123246192932,0.4926770031452179,0.17295539379119873,0.0,0.9998001456260681,0.41572684049606323,0.16538956761360168,0.0,0.9968286156654358,0.4614628255367279,0.18338888883590698,0.0,0.9995689988136292,0.4307974576950073,0.18127164244651794,0.0,0.9989936351776123,0.5595956444740295,0.25208431482315063,0.0,0.9998851418495178,0.33933109045028687,0.24010750651359558,0.10473927110433578,0.9966105818748474,0.631545901298523,0.35455650091171265,0.0,0.9142715334892273,0.19250358641147614,0.16771391034126282,0.06865212321281433,0.9098577499389648,0.5446968078613281,0.4245374798774719,0.0,0.8903064131736755,0.1638135462999344,0.05710270255804062,0.0,0.8507115840911865,0.5124319791793823,0.4546160101890564,0.0,0.8678106665611267,0.1461549699306488,0.03377395495772362,0.0,0.7913344502449036,0.4847206175327301,0.4418497681617737,0.0,0.8719384074211121,0.14750441908836365,0.029773995280265808,0.0,0.7878419756889343,0.49013736844062805,0.4328337609767914,0.0,0.851093053817749,0.15952041745185852,0.03854624927043915,0.0,0.7885458469390869,0.5022496581077576,0.4628116488456726,0.0,0.9997591376304626,0.365002304315567,0.458305299282074,0.14653199911117554,0.9995143413543701,0.5109390020370483,0.6158775687217712,0.0,0.9645712971687317,0.18939900398254395,0.5659270882606506,0.0,0.8701521754264832,0.5417635440826416,0.701397716999054,0.3031917214393616,0.9703200459480286,0.32244041562080383,0.6933742165565491,0.06404488533735275,0.9226325750350952,0.5527490973472595,0.706787645816803,0.3483571708202362,0.8338623642921448,0.36576971411705017,0.700815737247467,0.08953987061977386,0.7345670461654663,0.5083128809928894,0.7682272791862488,0.18527285754680634,0.9600356221199036,0.23815974593162537,0.7558845281600952,0.0,0.9016283750534058,high,high,high,high,high,high,high,high,high,high,high,high,high,high,high,high,high,high,high,high,high,high,high,high,high,high,high,high,high,high,high,high,high
121,4.033333333333333,0.4636416435241699,0.17854250967502594,0.0,0.9997127056121826,0.47887009382247925,0.169454425573349,0.0,0.9996370673179626,0.4885261654853821,0.17190107703208923,0.0,0.9996083378791809,0.49987733364105225,0.1745697259902954,0.0,0.9998006820678711,0.45423266291618347,0.16582536697387695,0.0,0.9993706941604614,0.4454208016395569,0.1651504635810852,0.0,0.9991711974143982,0.4366137683391571,0.1647699624300003,0.0,0.9992508292198181,0.5030672550201416,0.18566909432411194,0.0,0.9998040199279785,0.42583978176116943,0.1735076606273651,0.0,0.9970656037330627,0.4721660912036896,0.1956070363521576,0.0,0.9995800256729126,0.4402073621749878,0.19110527634620667,0.0,0.9990381598472595,0.564264714717865,0.2641693353652954,0.0,0.9998902082443237,0.34084567427635193,0.24980385601520538,0.0010636921506375074,0.9968175292015076,0.6365731358528137,0.3610321879386902,0.0,0.9188840389251709,0.19344842433929443,0.1713264435529709,0.0,0.8990157246589661,0.5543891787528992,0.43609610199928284,0.0,0.8996680378913879,0.1616627722978592,0.05632419511675835,0.0,0.8630849719047546,0.5191124677658081,0.4655357003211975,0.0,0.8795332908630371,0.1197223961353302,0.0334697961807251,0.0,0.8097649812698364,0.49270400404930115,0.4544209837913513,0.0,0.8833167552947998,0.12272360920906067,0.028737476095557213,0.0,0.8065486550331116,0.4986415505409241,0.4451051652431488,0.0,0.8637968897819519,0.14242435991764069,0.037203848361968994,0.0,0.8072275519371033,0.5051435232162476,0.4728110432624817,0.0,0.9997644424438477,0.3675170838832855,0.46387583017349243,0.13581134378910065,0.9995360374450684,0.5153006911277771,0.6197347044944763,0.0,0.9648882150650024,0.17953898012638092,0.561210036277771,0.0,0.8790850043296814,0.5432009100914001,0.7018986940383911,0.2468906044960022,0.9702976942062378,0.318565309047699,0.6885111927986145,0.11329393088817596,0.9271419048309326,0.552588701248169,0.7083274722099304,0.29083579778671265,0.8304938673973083,0.35617488622665405,0.7022325992584229,0.14410197734832764,0.75228351354599,0.5061076879501343,0.7693824172019958,0.1368670016527176,0.9594436287879944,0.21641132235527039,0.7479403018951416,0.019132649526000023,0.9069117307662964,high,high,high,high,high,high,high,high,high,high,high,high,high,high,high,high,high,high,high,high,high,high,high,high,high,high,high,high,high,high,high,high,high
122,4.066666666666666,0.4694218635559082,0.1876566857099533,0.0,0.9997258186340332,0.48630955815315247,0.17997965216636658,0.0,0.9996533989906311,0.49566400051116943,0.1823035031557083,0.0,0.9996284246444702,0.5066627264022827,0.18493221700191498,0.0,0.9998077750205994,0.46129828691482544,0.17451472580432892,0.0,0.9994074702262878,0.4526876211166382,0.17352408170700073,0.0,0.9992268085479736,0.44388657808303833,0.17313268780708313,0.0,0.9992977380752563,0.510517418384552,0.1960340440273285,0.0,0.9998124241828918,0.43184560537338257,0.1841452568769455,0.0,0.9972980618476868,0.47721830010414124,0.2058141678571701,0.0,0.9996007680892944,0.4442804157733917,0.2013823240995407,0.0,0.9990964531898499,0.566940426826477,0.2722947299480438,0.0,0.9998962879180908,0.3461231589317322,0.26044678688049316,0.0,0.9970491528511047,0.6392694115638733,0.37366726994514465,0.0,0.9249973893165588,0.19916589558124542,0.1820991337299347,0.0,0.895011305809021,0.5573194622993469,0.44912105798721313,0.0,0.9088295102119446,0.16571372747421265,0.06300589442253113,0.0,0.8753478527069092,0.5257672071456909,0.4774806499481201,0.0,0.8906888365745544,0.12140582501888275,0.03714580088853836,0.0,0.827262282371521,0.49967125058174133,0.4648445248603821,0.0,0.8941259980201721,0.12372589111328125,0.03216226398944855,0.0,0.8243224620819092,0.5036313533782959,0.4552686810493469,0.0,0.8760255575180054,0.14755888283252716,0.04062233865261078,0.0,0.8249120116233826,0.5061514973640442,0.48462334275245667,0.0,0.9997689127922058,0.3686126172542572,0.47228655219078064,0.13639892637729645,0.9995591640472412,0.5179522037506104,0.6239662766456604,0.0,0.9656569361686707,0.18284106254577637,0.561341404914856,0.0,0.8890174627304077,0.5413644313812256,0.7039374113082886,0.2834528684616089,0.9707778692245483,0.316846638917923,0.686177670955658,0.022565629333257675,0.9321006536483765,0.5500121116638184,0.7099071145057678,0.33214858174324036,0.8305832743644714,0.3486800491809845,0.7029981017112732,0.05508367344737053,0.770612895488739,0.506864607334137,0.7689706683158875,0.17155466973781586,0.9595867991447449,0.20915091037750244,0.7481504082679749,0.0,0.912959635257721,high,high,high,high,high,high,high,high,high,high,high,high,high,high,high,high,high,high,high,high,high,high,high,high,high,high,high,high,high,high,high,high,high
123,4.1,0.4680914282798767,0.1888553351163864,0.0,0.9997381567955017,0.4856090545654297,0.18094031512737274,0.0,0.9996677041053772,0.4945583641529083,0.1832764595746994,0.0,0.9996461272239685,0.5042280554771423,0.1855740249156952,0.0,0.9998137354850769,0.4610178768634796,0.1762029379606247,0.0,0.9994407296180725,0.45209795236587524,0.17581234872341156,0.0,0.9992778897285461,0.4419548809528351,0.17596827447414398,0.0,0.9993407726287842,0.5107238292694092,0.1974884569644928,0.0,0.9998201131820679,0.43304330110549927,0.18712560832500458,0.0,0.9975159764289856,0.477557510137558,0.20722322165966034,0.0,0.9996193647384644,0.443962424993515,0.2036508023738861,0.0,0.9991493225097656,0.5709208846092224,0.27538397908210754,0.0,0.9999014735221863,0.3479882478713989,0.2633649706840515,0.0,0.9972526431083679,0.6400720477104187,0.37825092673301697,0.0,0.9299517273902893,0.20104143023490906,0.18413716554641724,0.0,0.8917322754859924,0.5578107833862305,0.4524354934692383,0.0,0.9168990254402161,0.16764964163303375,0.06455056369304657,0.0,0.8860489130020142,0.5284987092018127,0.4809269905090332,0.0,0.9006134271621704,0.12698516249656677,0.03886376693844795,0.0,0.8427090048789978,0.5009806752204895,0.467719703912735,0.0,0.9037495255470276,0.12955380976200104,0.0339721143245697,0.0,0.8399892449378967,0.5040040016174316,0.458221971988678,0.0,0.8869578242301941,0.15292371809482574,0.04215679317712784,0.0,0.8405383825302124,0.5078051090240479,0.48897185921669006,0.0,0.9997759461402893,0.36962029337882996,0.47663170099258423,0.13049310445785522,0.9995824098587036,0.520083487033844,0.6256066560745239,0.0,0.9660704135894775,0.18353959918022156,0.562412440776825,0.0,0.8972918391227722,0.5416163206100464,0.7059295773506165,0.28375551104545593,0.9704389572143555,0.3147021532058716,0.6865423917770386,0.05190320685505867,0.9359306693077087,0.5496552586555481,0.7114744782447815,0.3299877345561981,0.8275322318077087,0.3466572165489197,0.7031142115592957,0.08207305520772934,0.7853490114212036,0.5084781646728516,0.7687056660652161,0.18514664471149445,0.958663821220398,0.20558634400367737,0.7490512132644653,0.0,0.9175607562065125,high,high,high,high,high,high,high,high,high,high,high,high,high,high,high,high,high,high,high,high,high,high,high,high,high,high,high,high,high,high,high,high,high
124,4.133333333333334,0.47158992290496826,0.19002008438110352,0.0,0.999755322933197,0.4882034659385681,0.18123501539230347,0.0,0.9996883869171143,0.4973352551460266,0.18323580920696259,0.0,0.9996684789657593,0.5063738226890564,0.18510952591896057,0.0,0.9998244047164917,0.4622560143470764,0.17784611880779266,0.0,0.9994800686836243,0.4518575370311737,0.1779644787311554,0.0,0.9993304014205933,0.44112497568130493,0.17858602106571198,0.0,0.9993876814842224,0.5138133764266968,0.19731727242469788,0.0,0.9998300075531006,0.4321230947971344,0.1904984563589096,0.0,0.9977180361747742,0.4850844144821167,0.20858390629291534,0.0,0.9996417164802551,0.44970840215682983,0.20532114803791046,0.0,0.9992040395736694,0.5752923488616943,0.27688390016555786,0.0,0.9999071955680847,0.35252586007118225,0.2667232155799866,0.0357876792550087,0.997443437576294,0.6447740793228149,0.3768638074398041,0.0,0.9344785213470459,0.20092692971229553,0.1957613229751587,0.0,0.8968217372894287,0.5675973296165466,0.45089951157569885,0.0,0.9235206842422485,0.20129083096981049,0.078517846763134,0.0,0.8942723870277405,0.5362011194229126,0.47872209548950195,0.0,0.9085913896560669,0.20289015769958496,0.04990854114294052,0.0,0.8539788126945496,0.5115979909896851,0.4671984612941742,0.0,0.9114699363708496,0.21732471883296967,0.04417313635349274,0.0,0.8510313034057617,0.5154885649681091,0.4583767354488373,0.0,0.895691454410553,0.22370781004428864,0.0557890310883522,0.0,0.8515774607658386,0.5104719996452332,0.490511417388916,0.0,0.9997876882553101,0.37148231267929077,0.4805728495121002,0.12917718291282654,0.9996110200881958,0.520516574382782,0.6270774006843567,0.0,0.9673176407814026,0.19102808833122253,0.5776660442352295,0.0,0.9055469036102295,0.542709469795227,0.7070309519767761,0.3190232217311859,0.9706439971923828,0.28352466225624084,0.7105650901794434,0.13803958892822266,0.9402265548706055,0.5506726503372192,0.7139407396316528,0.35697826743125916,0.8256146311759949,0.3219752907752991,0.728735625743866,0.16768942773342133,0.7991448044776917,0.5092145800590515,0.7708430886268616,0.22931870818138123,0.9582390189170837,0.18823789060115814,0.7757739424705505,0.0623697005212307,0.9225764870643616,high,high,high,high,high,high,high,high,high,high,high,high,high,high,high,high,high,high,high,high,high,high,high,high,high,high,high,high,high,high,high,high,high
125,4.166666666666667,0.4792223274707794,0.18693405389785767,0.0,0.9997739791870117,0.4913124442100525,0.17856423556804657,0.0,0.9997109174728394,0.5003864169120789,0.18057553470134735,0.0,0.9996928572654724,0.5087741613388062,0.1824183315038681,0.0,0.9998366236686707,0.46632567048072815,0.17539571225643158,0.0,0.9995202422142029,0.4556748569011688,0.17547883093357086,0.0,0.9993833303451538,0.4445192217826843,0.1761186122894287,0.0,0.999435305595398,0.514625072479248,0.19473522901535034,0.0,0.9998416304588318,0.43304532766342163,0.18743909895420074,0.0,0.9979104995727539,0.4924045205116272,0.2050432711839676,0.0,0.9996656775474548,0.45900648832321167,0.20234012603759766,0.0,0.9992610216140747,0.5779789090156555,0.2757667303085327,0.0,0.9999130368232727,0.3512152433395386,0.2674839198589325,0.003153772559016943,0.997630774974823,0.6431647539138794,0.37500008940696716,0.0,0.9380863904953003,0.19938889145851135,0.1943267434835434,0.0,0.9031088948249817,0.5683292150497437,0.44867315888404846,0.0,0.9293913841247559,0.23000004887580872,0.0754365399479866,0.0,0.9024277925491333,0.5378040075302124,0.47669726610183716,0.0,0.9156445860862732,0.24981307983398438,0.04920041188597679,0.0,0.8646723031997681,0.5146634578704834,0.465684175491333,0.0,0.9183225631713867,0.27148866653442383,0.046709250658750534,0.0,0.8616087436676025,0.519045352935791,0.45722389221191406,0.0,0.903328537940979,0.269694060087204,0.05744639039039612,0.0,0.8619500398635864,0.5139605402946472,0.48851194977760315,0.0,0.999794065952301,0.372731477022171,0.4812440872192383,0.11808020621538162,0.9996320009231567,0.5204159617424011,0.6263826489448547,0.0,0.967515766620636,0.20224598050117493,0.5996628999710083,0.0012922808527946472,0.9112672805786133,0.547503650188446,0.7082703709602356,0.3520655333995819,0.9704126119613647,0.2631538510322571,0.730103611946106,0.278774231672287,0.9438356161117554,0.5583276748657227,0.7163097858428955,0.3853139579296112,0.8226311206817627,0.2918730080127716,0.7440577149391174,0.29603081941604614,0.8091375231742859,0.509433388710022,0.7715656757354736,0.21864208579063416,0.9581149220466614,0.1749005764722824,0.7912310361862183,0.15119576454162598,0.9269986152648926,high,high,high,high,high,high,high,high,high,high,high,high,high,high,high,high,high,high,high,high,high,high,high,high,high,high,high,high,high,high,high,high,high
126,4.2,0.48109617829322815,0.18669800460338593,0.0,0.9997814297676086,0.4910474419593811,0.17840048670768738,0.0,0.9997122287750244,0.4996694028377533,0.17952542006969452,0.0,0.9996960759162903,0.5079647302627563,0.18087215721607208,0.0,0.9998367428779602,0.4678405225276947,0.17391113936901093,0.0,0.9995335936546326,0.4574749767780304,0.17379581928253174,0.0,0.9994062185287476,0.4467620849609375,0.1743806153535843,0.0,0.999455451965332,0.5125786662101746,0.1926097571849823,0.0,0.9998430013656616,0.4320048987865448,0.18621985614299774,0.0,0.9980311393737793,0.4927275776863098,0.20355327427387238,0.0,0.9996752738952637,0.46203792095184326,0.201461523771286,0.0,0.9992921352386475,0.5776457190513611,0.274455189704895,0.0,0.9999171495437622,0.34739258885383606,0.26507872343063354,0.0,0.9977938532829285,0.6410788297653198,0.3730880618095398,0.0,0.9407774806022644,0.20070281624794006,0.19201913475990295,0.0,0.9098530411720276,0.5720268487930298,0.4434468150138855,0.0,0.9343823194503784,0.2466631531715393,0.07357517629861832,0.0,0.9098864793777466,0.5398865342140198,0.47449159622192383,0.0,0.921683132648468,0.28049346804618835,0.0521356575191021,0.0,0.8743817210197449,0.5181205868721008,0.463468462228775,0.0,0.924251914024353,0.3044867217540741,0.053296130150556564,0.0,0.8712195158004761,0.5228679180145264,0.45485663414001465,0.0,0.9100757837295532,0.29729050397872925,0.0621166005730629,0.0,0.8713818192481995,0.5157883763313293,0.4861868917942047,0.0,0.9997972846031189,0.37263357639312744,0.4805581569671631,0.07302422821521759,0.999648928642273,0.5201894640922546,0.6226752996444702,0.0,0.9669442772865295,0.24592383205890656,0.6145308017730713,0.05232395604252815,0.9154753088951111,0.5477471947669983,0.7083901166915894,0.3535233736038208,0.9700422883033752,0.2544397711753845,0.7413169741630554,0.3014855682849884,0.9474278688430786,0.5564298033714294,0.7165571451187134,0.3821415305137634,0.817136287689209,0.2760124206542969,0.7545465230941772,0.3090676963329315,0.8161225318908691,0.5103933811187744,0.7710041403770447,0.2034192681312561,0.9580007195472717,0.1744164377450943,0.8022979497909546,0.16147153079509735,0.9313086867332458,high,high,high,high,high,high,high,high,high,high,high,high,high,high,high,high,high,high,high,high,high,high,high,high,high,high,high,high,high,high,high,high,high
127,4.233333333333333,0.47742050886154175,0.1815710961818695,0.0,0.9997941255569458,0.4885266125202179,0.17318938672542572,0.0,0.9997266530990601,0.497658908367157,0.17410649359226227,0.0,0.9997121095657349,0.5065428614616394,0.17530477046966553,0.0,0.9998446702957153,0.46501266956329346,0.16924205422401428,0.0,0.9995600581169128,0.4546170234680176,0.16918914020061493,0.0,0.9994413256645203,0.4438754618167877,0.16942748427391052,0.0,0.9994859099388123,0.5114625096321106,0.18550412356853485,0.0,0.9998512864112854,0.4295300245285034,0.18005290627479553,0.0,0.9981679916381836,0.48878616094589233,0.19967356324195862,0.0,0.9996898770332336,0.4573829770088196,0.19704493880271912,0.0,0.999326765537262,0.5774621963500977,0.26969534158706665,0.0,0.9999210834503174,0.34516483545303345,0.26255759596824646,0.0,0.9979120492935181,0.6406305432319641,0.36986321210861206,0.0,0.9435352683067322,0.20079255104064941,0.1874990165233612,0.0,0.9136747121810913,0.5711233615875244,0.4350821375846863,0.0,0.9391682744026184,0.242121160030365,0.07298411428928375,0.0,0.914249062538147,0.5390496850013733,0.46739286184310913,0.0,0.9274800419807434,0.2789716124534607,0.05155310034751892,0.0,0.8801494240760803,0.517609179019928,0.4545852243900299,0.0,0.9299080967903137,0.3028138279914856,0.05274038389325142,0.0,0.8766975998878479,0.5220080018043518,0.44546690583229065,0.0,0.9165031313896179,0.29183700680732727,0.0598803348839283,0.0,0.8769519925117493,0.5142353773117065,0.4823125898838043,0.0,0.9998010993003845,0.371537446975708,0.48005056381225586,0.06612661480903625,0.9996627569198608,0.520042359828949,0.6164116859436035,0.0,0.9668686985969543,0.2784441113471985,0.6178895831108093,0.08319319039583206,0.9195407032966614,0.5477109551429749,0.7074719667434692,0.34158143401145935,0.970223605632782,0.2559915781021118,0.7437852025032043,0.30269962549209595,0.9510956406593323,0.5552771687507629,0.7157144546508789,0.3790380358695984,0.8146526217460632,0.2762981057167053,0.759200930595398,0.31461742520332336,0.8251111507415771,0.509399950504303,0.7698293924331665,0.19760297238826752,0.9586917161941528,0.1734674870967865,0.8081254959106445,0.15857817232608795,0.9359835386276245,high,high,high,high,high,high,high,high,high,high,high,high,high,high,high,high,high,high,high,high,high,high,high,high,high,high,high,high,high,high,high,high,high
128,4.266666666666667,0.47508132457733154,0.17589184641838074,0.0,0.9997966885566711,0.4871533215045929,0.16611002385616302,0.0,0.9997244477272034,0.49671292304992676,0.1678781360387802,0.0,0.9997076392173767,0.5060471296310425,0.16962501406669617,0.0,0.999843180179596,0.46298184990882874,0.16217948496341705,0.0,0.99956214427948,0.45265311002731323,0.16203558444976807,0.0,0.999442458152771,0.44208669662475586,0.16232213377952576,0.0,0.9994885325431824,0.5107502937316895,0.17982527613639832,0.0,0.9998494982719421,0.4284823536872864,0.17199933528900146,0.0,0.9982020854949951,0.4864364564418793,0.19439230859279633,0.0,0.9996871948242188,0.45482394099235535,0.18930456042289734,0.0,0.9993260502815247,0.5759067535400391,0.2635538876056671,0.0,0.9999222159385681,0.3416247069835663,0.2511644661426544,0.0,0.9979966878890991,0.6392890214920044,0.36023852229118347,0.0,0.9456059336662292,0.20426763594150543,0.1723295897245407,0.0,0.9185885190963745,0.5720588564872742,0.42738062143325806,0.0,0.9426229596138,0.23637843132019043,0.06494517624378204,0.0,0.9183037877082825,0.5392341017723083,0.46000224351882935,0.0,0.9313363432884216,0.27494189143180847,0.049767859280109406,0.0,0.8846414685249329,0.5176844596862793,0.44597673416137695,0.0,0.9336220026016235,0.2954883277416229,0.05036674812436104,0.0,0.8807611465454102,0.5224780440330505,0.43631091713905334,0.0,0.9206050634384155,0.28268808126449585,0.0575869083404541,0.0,0.8808899521827698,0.5137997269630432,0.4761825203895569,0.0,0.9998088479042053,0.3709719777107239,0.4765537679195404,0.03996243327856064,0.9996810555458069,0.5190067887306213,0.6093777418136597,0.015720639377832413,0.9657759666442871,0.2932674288749695,0.6151477098464966,0.03829745948314667,0.922849714756012,0.5430347919464111,0.7065936923027039,0.35958248376846313,0.9691686630249023,0.25909000635147095,0.743633508682251,0.24906931817531586,0.9539668560028076,0.5382529497146606,0.7134374380111694,0.38608139753341675,0.8077202439308167,0.28006869554519653,0.7599762678146362,0.2612537443637848,0.8301563858985901,0.5125044584274292,0.7688666582107544,0.22102244198322296,0.9569715857505798,0.17743779718875885,0.8092629313468933,0.1041489839553833,0.9390701055526733,high,high,high,high,high,high,high,high,high,high,high,high,high,high,high,high,high,high,high,high,high,high,high,high,high,high,high,high,high,high,high,high,high
129,4.3,0.4735775291919708,0.17285621166229248,0.0,0.9997971057891846,0.48636308312416077,0.16270552575588226,0.0,0.9997190833091736,0.4962414503097534,0.1648470163345337,0.0,0.9996996521949768,0.5058619976043701,0.1668584644794464,0.0,0.9998399615287781,0.4615875780582428,0.15881407260894775,0.0,0.9995593428611755,0.451322078704834,0.15864410996437073,0.0,0.9994370937347412,0.44082289934158325,0.15895815193653107,0.0,0.9994856119155884,0.5104281902313232,0.1771896481513977,0.0,0.9998457431793213,0.4276386797428131,0.16838520765304565,0.0,0.9982137680053711,0.4849461019039154,0.19148793816566467,0.0,0.9996823668479919,0.4530610740184784,0.1855984926223755,0.0,0.9993202686309814,0.5748727321624756,0.2605624496936798,0.0,0.9999229907989502,0.3395649790763855,0.24688217043876648,0.0,0.9980708360671997,0.6383422017097473,0.35633617639541626,0.0,0.9471477270126343,0.20576262474060059,0.16784517467021942,0.0,0.9230347871780396,0.5729069113731384,0.42425069212913513,0.0,0.9455247521400452,0.2342379242181778,0.06116383150219917,0.0,0.9219221472740173,0.5396326184272766,0.45674189925193787,0.0,0.934569776058197,0.27326205372810364,0.04877983778715134,0.0,0.888547420501709,0.5181611180305481,0.4425153136253357,0.0,0.9367285966873169,0.2930031716823578,0.04917028918862343,0.0,0.8842365741729736,0.5232283473014832,0.43273791670799255,0.0,0.9240173101425171,0.27972516417503357,0.05620179697871208,0.0,0.8842669129371643,0.5135928392410278,0.47338661551475525,0.0,0.9998162984848022,0.37032949924468994,0.4746614396572113,0.029767412692308426,0.9996981620788574,0.5183672308921814,0.6070980429649353,0.027787642553448677,0.9645179510116577,0.29655998945236206,0.6144723892211914,0.027324268594384193,0.9256860017776489,0.5401897430419922,0.7066141963005066,0.3709488809108734,0.9680122137069702,0.26066625118255615,0.7440760135650635,0.24280793964862823,0.9564127326011658,0.5301188826560974,0.7130865454673767,0.39473554491996765,0.8005843162536621,0.28129345178604126,0.7604019641876221,0.25705939531326294,0.8336886763572693,0.515209972858429,0.768394410610199,0.2336801141500473,0.954994797706604,0.17934955656528473,0.8101640939712524,0.10030520707368851,0.9415013790130615,high,high,high,high,high,high,high,high,high,high,high,high,high,high,high,high,high,high,high,high,high,high,high,high,high,high,high,high,high,high,high,high,high
130,4.333333333333333,0.46997418999671936,0.1625239998102188,0.0,0.9997972249984741,0.4853588938713074,0.15378354489803314,0.0,0.9997174739837646,0.4950801730155945,0.15644973516464233,0.0,0.9996985197067261,0.5056089162826538,0.15934991836547852,0.0,0.9998400807380676,0.4600418508052826,0.15040233731269836,0.0,0.999554455280304,0.4499271810054779,0.1510535329580307,0.0,0.999430775642395,0.43872588872909546,0.15205858647823334,0.0,0.9994767308235168,0.5098168849945068,0.171915203332901,0.0,0.9998472929000854,0.42300355434417725,0.16364414989948273,0.0,0.9981847405433655,0.4841802716255188,0.18280985951423645,0.0,0.9996838569641113,0.44879695773124695,0.1774786412715912,0.0,0.999315083026886,0.5741683840751648,0.25825774669647217,0.0,0.9999219179153442,0.3377731144428253,0.23916617035865784,0.0,0.9980167150497437,0.6299013495445251,0.35621488094329834,0.0,0.948983907699585,0.20660139620304108,0.15106645226478577,0.0,0.9216509461402893,0.5677923560142517,0.4229968190193176,0.0,0.9478799104690552,0.2124025523662567,0.039947621524333954,0.0,0.9155806303024292,0.5389158725738525,0.4534605145454407,0.0,0.9371331334114075,0.20927728712558746,0.017595071345567703,0.0,0.8811370730400085,0.517594039440155,0.4403296113014221,0.0,0.939392626285553,0.21617718040943146,0.01586557924747467,0.0,0.8769045472145081,0.5221861600875854,0.4310359060764313,0.0,0.9268496036529541,0.22008109092712402,0.025216544046998024,0.0,0.8783649802207947,0.5047693252563477,0.4702685475349426,0.0,0.9998217225074768,0.36249232292175293,0.46788349747657776,0.013572949916124344,0.9997091293334961,0.5019570589065552,0.607174277305603,0.0972994938492775,0.9648570418357849,0.3037155270576477,0.6117380857467651,0.03413382172584534,0.9291027784347534,0.4741612672805786,0.7061418294906616,0.5123509168624878,0.9692632555961609,0.26213401556015015,0.7434097528457642,0.2549610435962677,0.9597111940383911,0.4582217037677765,0.7135130167007446,0.538834810256958,0.8051822781562805,0.28333616256713867,0.7593380212783813,0.27335089445114136,0.841045618057251,0.49647635221481323,0.763548731803894,0.31586572527885437,0.9566110372543335,0.18132957816123962,0.809319794178009,0.05118284374475479,0.9455194473266602,high,high,high,high,high,high,high,high,high,high,high,high,high,high,high,high,high,high,high,high,high,high,high,high,high,high,high,high,high,high,high,high,high
131,4.366666666666666,0.46548691391944885,0.16027666628360748,0.0,0.999785304069519,0.482134073972702,0.15153560042381287,0.0,0.9996991753578186,0.49266159534454346,0.15452566742897034,0.0,0.9996808171272278,0.5034048557281494,0.15762993693351746,0.0,0.9998310208320618,0.4552293121814728,0.14842268824577332,0.0,0.9995216727256775,0.4443148672580719,0.14903739094734192,0.0,0.9993924498558044,0.43355047702789307,0.15016356110572815,0.0,0.9994348883628845,0.5073038339614868,0.17058676481246948,0.0,0.9998418092727661,0.41473788022994995,0.16264401376247406,0.0,0.9980647563934326,0.4816897213459015,0.18040934205055237,0.0,0.9996713399887085,0.4437163472175598,0.1744198501110077,0.0,0.9992741942405701,0.5739645957946777,0.25623372197151184,0.0,0.99991774559021,0.3337191343307495,0.23635061085224152,0.0,0.9978795051574707,0.6230239272117615,0.35466504096984863,0.0,0.9509348273277283,0.20523768663406372,0.147306889295578,0.0,0.9216066002845764,0.5675206780433655,0.42000865936279297,0.0,0.9502643942832947,0.18539008498191833,0.03357278183102608,0.0,0.9111904501914978,0.5388185977935791,0.4494670033454895,0.0,0.9396297931671143,0.16410209238529205,0.005451549310237169,0.0,0.8764214515686035,0.5176822543144226,0.4370487630367279,0.0,0.9419772624969482,0.17536234855651855,0.0,0.0,0.8724399209022522,0.5214131474494934,0.42798298597335815,0.0,0.9297217726707458,0.18408499658107758,0.010789989493787289,0.0,0.8748184442520142,0.4951486885547638,0.4711824059486389,0.0,0.9998267292976379,0.3549332618713379,0.4681226313114166,0.0020328876562416553,0.999718427658081,0.48648422956466675,0.6073014140129089,0.12261699885129929,0.9667614698410034,0.30155977606773376,0.6125212907791138,0.037758976221084595,0.9340516924858093,0.43881794810295105,0.7066775560379028,0.5642107725143433,0.9713369011878967,0.26296621561050415,0.7430109977722168,0.33215299248695374,0.9630711078643799,0.4157137870788574,0.7138941884040833,0.5934053063392639,0.8150128126144409,0.2842223346233368,0.7583416700363159,0.3517215847969055,0.8501020073890686,0.48506656289100647,0.762984037399292,0.3631312847137451,0.9593377113342285,0.18260593712329865,0.807758629322052,0.05601014941930771,0.9497183561325073,high,high,high,high,high,high,high,high,high,high,high,high,high,high,high,high,high,high,high,high,high,high,high,high,high,high,high,high,high,high,high,high,high
132,4.4,0.46170875430107117,0.15745776891708374,0.0,0.9997782111167908,0.4772728681564331,0.14885739982128143,0.0,0.9996892213821411,0.48904991149902344,0.15209358930587769,0.0,0.9996707439422607,0.499353289604187,0.15535910427570343,0.0,0.9998262524604797,0.45028117299079895,0.14611367881298065,0.0,0.9995010495185852,0.4387497007846832,0.1468593180179596,0.0,0.9993671774864197,0.42815452814102173,0.1482398808002472,0.0,0.9994083642959595,0.5030656456947327,0.16826987266540527,0.0,0.9998393058776855,0.4077717363834381,0.1618615686893463,0.0,0.997967541217804,0.4786641299724579,0.17734156548976898,0.0,0.999664843082428,0.43946656584739685,0.1716395914554596,0.0,0.9992474317550659,0.57270348072052,0.254065603017807,0.0,0.9999129176139832,0.32942894101142883,0.23562021553516388,0.0,0.9977244138717651,0.618480384349823,0.3532363176345825,0.0,0.9530462622642517,0.20255765318870544,0.14421379566192627,0.0,0.9225270748138428,0.5663504004478455,0.4197235703468323,0.0,0.951977550983429,0.17571955919265747,0.025861438363790512,0.0,0.9053964018821716,0.5383815169334412,0.4492780566215515,0.0,0.940739631652832,0.153052419424057,0.0,0.0,0.8687165379524231,0.5172944068908691,0.4375459551811218,0.0,0.9432793259620667,0.16544657945632935,0.0,0.0,0.8649011254310608,0.5207609534263611,0.4285426735877991,0.0,0.9311130046844482,0.1751422882080078,0.0017356246244162321,0.0,0.867993175983429,0.4861370027065277,0.4715346395969391,0.007523357402533293,0.9998297095298767,0.3515418469905853,0.4673230051994324,0.0,0.9997249245643616,0.4755176901817322,0.6080237627029419,0.1632523089647293,0.9689663052558899,0.29922205209732056,0.6127614974975586,0.04626404866576195,0.9391389489173889,0.43266910314559937,0.7069737315177917,0.6512492895126343,0.9734519124031067,0.2625153660774231,0.7424154281616211,0.38967758417129517,0.9662699699401855,0.4084894359111786,0.7145702838897705,0.6845893263816833,0.8258571624755859,0.2832430303096771,0.7569766640663147,0.41283777356147766,0.8592281937599182,0.4846848249435425,0.7633129358291626,0.4405534863471985,0.962127685546875,0.18309372663497925,0.8063870668411255,0.1234598383307457,0.9537598490715027,high,high,high,high,high,high,high,high,high,high,high,high,high,high,high,high,high,high,high,high,high,high,high,high,high,high,high,high,high,high,high,high,high
133,4.433333333333334,0.45697513222694397,0.15611615777015686,0.0,0.9997704029083252,0.46959346532821655,0.14808814227581024,0.0,0.999679684638977,0.4820985198020935,0.15126767754554749,0.0,0.9996610283851624,0.492720365524292,0.15434829890727997,0.0,0.9998217225074768,0.44445064663887024,0.14502935111522675,0.0,0.9994837045669556,0.43371784687042236,0.14593589305877686,0.0,0.9993451833724976,0.4238286316394806,0.14744694530963898,0.0,0.9993858933448792,0.49732622504234314,0.1678956300020218,0.0,0.999836802482605,0.402973473072052,0.1616683304309845,0.0,0.9978975057601929,0.4719649851322174,0.17562465369701385,0.0,0.999659538269043,0.4345601499080658,0.1706714630126953,0.0,0.9992273449897766,0.565159797668457,0.2531447410583496,0.0,0.9999083280563354,0.32500097155570984,0.2356158196926117,0.0,0.9975873827934265,0.6101558804512024,0.35074159502983093,0.0,0.954293429851532,0.1957390308380127,0.14561593532562256,0.0,0.9241622686386108,0.5652360916137695,0.41685813665390015,0.0,0.9532911777496338,0.17296276986598969,0.0206962488591671,0.0,0.9027284383773804,0.53807133436203,0.4467361867427826,0.0,0.9414724111557007,0.15610271692276,0.0,0.0,0.8643855452537537,0.5177541971206665,0.4371780455112457,0.0,0.9442496299743652,0.1652572900056839,0.0,0.0,0.8606827259063721,0.5207793116569519,0.42796486616134644,0.0,0.9321601986885071,0.17430923879146576,0.0,0.0,0.8638712167739868,0.4784770905971527,0.4711608290672302,0.0064740716479718685,0.9998297691345215,0.34820789098739624,0.4660901129245758,0.0,0.9997255802154541,0.45748376846313477,0.6048204898834229,0.148468017578125,0.9707310199737549,0.2967757284641266,0.6117982268333435,0.05906731262803078,0.9429740905761719,0.42877304553985596,0.707168698310852,0.5912914872169495,0.975299596786499,0.26160022616386414,0.7409524917602539,0.4157804846763611,0.9689043164253235,0.4033922851085663,0.7173264622688293,0.6198189854621887,0.8343928456306458,0.2831967771053314,0.7554810643196106,0.4404175579547882,0.8653750419616699,0.4845598340034485,0.7635682821273804,0.37218764424324036,0.9645792245864868,0.18207398056983948,0.8055508732795715,0.18192636966705322,0.9570443630218506,high,high,high,high,high,high,high,high,high,high,high,high,high,high,high,high,high,high,high,high,high,high,high,high,high,high,high,high,high,high,high,high,high
134,4.466666666666667,0.4482983350753784,0.15518637001514435,0.0,0.9997100234031677,0.46005779504776,0.14759793877601624,0.0,0.9996114373207092,0.4697831869125366,0.15003618597984314,0.0,0.9995952248573303,0.48100462555885315,0.15265217423439026,0.0,0.9997898936271667,0.4362635314464569,0.144916832447052,0.0,0.9993524551391602,0.42688798904418945,0.14576897025108337,0.0,0.9991739392280579,0.41644287109375,0.14719882607460022,0.0,0.9992155432701111,0.4889101982116699,0.1665676087141037,0.0,0.9998179078102112,0.39799150824546814,0.16158989071846008,0.0,0.9974580407142639,0.4607245922088623,0.17465606331825256,0.0,0.9996175765991211,0.42550942301750183,0.17026560008525848,0.0,0.9991011023521423,0.5579806566238403,0.2516968846321106,0.0,0.9999015927314758,0.3190886676311493,0.23458869755268097,0.0,0.997146725654602,0.5993273258209229,0.3479716181755066,0.0,0.9546061754226685,0.18060021102428436,0.1442164182662964,0.0,0.9217948317527771,0.5623005628585815,0.4134361147880554,0.0,0.9546198844909668,0.17349053919315338,0.010447798296809196,0.0,0.8908510208129883,0.5378179550170898,0.444227397441864,0.0,0.9426993727684021,0.16107231378555298,0.0,0.0,0.8496601581573486,0.5174543857574463,0.43585139513015747,0.0,0.9455951452255249,0.16983120143413544,0.0,0.0,0.8459540605545044,0.5206588506698608,0.42628493905067444,0.0,0.9335048198699951,0.17722150683403015,0.0,0.0,0.8500164151191711,0.4739198386669159,0.4655613303184509,0.002258480992168188,0.9998228549957275,0.34448134899139404,0.4605925679206848,0.0,0.9997108578681946,0.4508689343929291,0.6019378900527954,0.13542798161506653,0.9719468951225281,0.2947942316532135,0.6092204451560974,0.057035405188798904,0.9459415078163147,0.42765018343925476,0.7066050171852112,0.5300377607345581,0.976924479007721,0.25752416253089905,0.7399929165840149,0.3812068998813629,0.9711843729019165,0.40079084038734436,0.7175893187522888,0.5589417219161987,0.8410806655883789,0.27780649065971375,0.754738450050354,0.40541064739227295,0.8700828552246094,0.4735749065876007,0.7631014585494995,0.3315396010875702,0.9667368531227112,0.18045316636562347,0.8019554018974304,0.16760995984077454,0.9599024653434753,high,high,high,high,high,high,high,high,high,high,high,high,high,high,high,high,high,high,high,high,high,high,high,high,high,high,high,high,high,high,high,high,high
135,4.5,0.4428819417953491,0.15554383397102356,0.0,0.999690055847168,0.4546363055706024,0.14707455039024353,0.0,0.9995895624160767,0.46404269337654114,0.14906424283981323,0.0,0.9995747804641724,0.4755091667175293,0.15116409957408905,0.0,0.9997793436050415,0.4305652678012848,0.14487037062644958,0.0,0.9993131756782532,0.4213714599609375,0.14569318294525146,0.0,0.9991227984428406,0.40910249948501587,0.1472092866897583,0.0,0.9991636872291565,0.484086275100708,0.1649949550628662,0.0,0.9998113512992859,0.3930060863494873,0.1616269201040268,0.0,0.9973105192184448,0.45527520775794983,0.1737622618675232,0.0,0.9996018409729004,0.4202307462692261,0.1704155057668686,0.0,0.9990570545196533,0.5548673272132874,0.24967582523822784,0.0,0.9998978972434998,0.31506937742233276,0.2333466112613678,0.0,0.9968950152397156,0.590966522693634,0.3469420373439789,0.0,0.9556734561920166,0.1741941273212433,0.14402510225772858,0.0,0.9205601811408997,0.5605066418647766,0.41263681650161743,0.0,0.9555949568748474,0.1752430498600006,0.009351549670100212,0.0,0.8812835812568665,0.5376587510108948,0.4438982605934143,0.0,0.943307638168335,0.16618095338344574,0.0,0.0,0.836757242679596,0.5176399946212769,0.43555670976638794,0.0,0.9463750123977661,0.17476996779441833,0.0,0.0,0.8330059051513672,0.5203304886817932,0.42584228515625,0.0,0.9343227744102478,0.18070968985557556,0.0,0.0,0.8377923369407654,0.4732050895690918,0.46248936653137207,0.0,0.9998103380203247,0.3425796627998352,0.4573231339454651,0.002148904837667942,0.9996902942657471,0.44733211398124695,0.6007378697395325,0.11768800020217896,0.9734392166137695,0.2934286296367645,0.6065613627433777,0.05437929183244705,0.9488891959190369,0.42868655920028687,0.7066439390182495,0.5147914290428162,0.9784335494041443,0.2560848295688629,0.7359446287155151,0.3765394389629364,0.9732244610786438,0.4058745503425598,0.7185980081558228,0.5409709215164185,0.8476554751396179,0.275785893201828,0.7534934878349304,0.39932331442832947,0.8741734027862549,0.476431667804718,0.7634352445602417,0.3003244698047638,0.968733012676239,0.1796879917383194,0.7989557981491089,0.16553665697574615,0.9624324440956116,high,high,high,high,high,high,high,high,high,high,high,high,high,high,high,high,high,high,high,high,high,high,high,high,high,high,high,high,high,high,high,high,high
136,4.533333333333333,0.4292876422405243,0.1555463969707489,0.0,0.9996955394744873,0.4388265013694763,0.14719656109809875,0.0,0.9996001124382019,0.4473176598548889,0.14901696145534515,0.0,0.9995819926261902,0.45611122250556946,0.15087014436721802,0.0,0.9997826218605042,0.4160026013851166,0.14503954350948334,0.0,0.9993364810943604,0.4048214256763458,0.14579764008522034,0.0,0.999154806137085,0.39192330837249756,0.14734245836734772,0.0,0.9992034435272217,0.4632239043712616,0.16452060639858246,0.0,0.9998107552528381,0.3748459219932556,0.16165360808372498,0.0,0.9974083304405212,0.4409133791923523,0.1732741892337799,0.0,0.9996100068092346,0.40579646825790405,0.1704227179288864,0.0,0.9990962743759155,0.5204141139984131,0.2499980479478836,0.0,0.9998962879180908,0.29795801639556885,0.2327224463224411,0.0,0.9971258044242859,0.5549311637878418,0.34460020065307617,0.0,0.9462607502937317,0.1530393660068512,0.14580044150352478,0.0,0.9267393946647644,0.5171352624893188,0.40873831510543823,0.0,0.946943998336792,0.17996753752231598,0.014776828698813915,0.0,0.8897109031677246,0.497979998588562,0.4364534020423889,0.0,0.9322022199630737,0.1930229216814041,0.0,0.0,0.8461223244667053,0.48226919770240784,0.42840901017189026,0.0,0.9357102513313293,0.2111341953277588,0.0,0.0,0.8420984745025635,0.4810319244861603,0.4193611145019531,0.0,0.922707736492157,0.2083674520254135,0.0,0.0,0.8453437089920044,0.4539277255535126,0.46198177337646484,0.06202734261751175,0.9998188614845276,0.3238166570663452,0.4582597613334656,0.0,0.9997096061706543,0.5099017024040222,0.583377480506897,0.0,0.9756137132644653,0.29065558314323425,0.6056095361709595,0.0,0.9522380828857422,0.43584775924682617,0.6945263147354126,0.3502331078052521,0.9792949557304382,0.23539654910564423,0.7098500728607178,0.4682411253452301,0.9741262793540955,0.40735623240470886,0.7055568099021912,0.39531463384628296,0.8549385666847229,0.2357499599456787,0.7161370515823364,0.5146765112876892,0.868399977684021,0.48285531997680664,0.7594037652015686,0.1664547324180603,0.9699629545211792,0.21580082178115845,0.7743083834648132,0.28423982858657837,0.9627715945243835,high,high,high,high,high,high,high,high,high,high,high,high,high,high,high,high,high,high,high,high,high,high,high,high,high,high,high,high,high,high,high,high,high
137,4.566666666666666,0.41492512822151184,0.15718205273151398,0.0,0.9996874928474426,0.4238522946834564,0.14867037534713745,0.0,0.9995870590209961,0.43247923254966736,0.1501721441745758,0.0,0.9995501637458801,0.4401041269302368,0.15158703923225403,0.0,0.9997638463973999,0.4011322557926178,0.14665937423706055,0.0,0.9993526339530945,0.3889409005641937,0.14731861650943756,0.0,0.9991852641105652,0.3764122724533081,0.14910030364990234,0.0,0.9992508888244629,0.4506334066390991,0.16488394141197205,0.0,0.9997749328613281,0.3631260395050049,0.1631694734096527,0.0,0.9975266456604004,0.4263249635696411,0.17499542236328125,0.0,0.9995746612548828,0.3920389711856842,0.173560231924057,0.0,0.999107837677002,0.5034775733947754,0.253156840801239,0.0,0.9998692274093628,0.2901076078414917,0.2333257496356964,0.0,0.9973868727684021,0.5248301029205322,0.34496039152145386,0.16466006636619568,0.8908481001853943,0.15161792933940887,0.1505202203989029,0.0,0.9325585961341858,0.5003479719161987,0.40666085481643677,0.17953406274318695,0.8755755424499512,0.18009963631629944,0.02229817397892475,0.0,0.8991158604621887,0.488699346780777,0.4336538314819336,0.19502970576286316,0.8592928647994995,0.2044920027256012,0.005595761816948652,0.0,0.8577814102172852,0.4755473732948303,0.4264959692955017,0.1316939890384674,0.8633333444595337,0.22422243654727936,0.003845134051516652,0.0,0.8537462949752808,0.47147709131240845,0.41654476523399353,0.15944835543632507,0.8530994653701782,0.21773625910282135,0.010443625040352345,0.0,0.8556427359580994,0.4517075717449188,0.4594354033470154,0.0955524742603302,0.9998291730880737,0.3211495876312256,0.4588656425476074,0.0,0.9997336864471436,0.54329514503479,0.5696550607681274,0.0,0.9768507480621338,0.2909993529319763,0.6065487265586853,0.0,0.9543547034263611,0.4395584166049957,0.6906620264053345,0.2241785079240799,0.978235125541687,0.22052118182182312,0.705435574054718,0.25630220770835876,0.9741061925888062,0.41233527660369873,0.7025138139724731,0.2637479603290558,0.8583666086196899,0.20587298274040222,0.7113199830055237,0.3028308153152466,0.8605545163154602,0.5139439702033997,0.752996027469635,0.06769102811813354,0.969062864780426,0.22728833556175232,0.7646993398666382,0.0876685231924057,0.9621122479438782,high,high,high,high,high,high,high,high,high,high,high,high,high,high,high,high,high,high,high,high,high,high,high,high,high,high,high,high,high,high,high,high,high
138,4.6,0.40136274695396423,0.16596630215644836,0.0,0.9996916651725769,0.4099382162094116,0.1566595435142517,0.0,0.9995935559272766,0.41730690002441406,0.1579347401857376,0.0,0.9995460510253906,0.42407408356666565,0.1590672731399536,0.0,0.9997595548629761,0.38985174894332886,0.15448689460754395,0.0,0.9993852972984314,0.3783479928970337,0.1553710252046585,0.0,0.9992332458496094,0.3652634024620056,0.15732410550117493,0.0,0.9993054866790771,0.4339074492454529,0.17094972729682922,0.0,0.9997580051422119,0.3505875766277313,0.1704692542552948,0.0,0.997683584690094,0.41090282797813416,0.18435610830783844,0.0,0.9995631575584412,0.3793566823005676,0.1837589591741562,0.0,0.999138593673706,0.48768967390060425,0.25940340757369995,0.06004602462053299,0.9998487830162048,0.2763203978538513,0.23878291249275208,0.0,0.9976258873939514,0.5102159380912781,0.34811681509017944,0.2954087555408478,0.8378744125366211,0.15499719977378845,0.15935078263282776,0.0,0.9375223517417908,0.4866084158420563,0.4095683693885803,0.33264076709747314,0.8113135695457458,0.1700373739004135,0.04947676509618759,0.0,0.9073836803436279,0.474364697933197,0.43463563919067383,0.3584112823009491,0.793005645275116,0.1871165633201599,0.02846333757042885,0.0,0.8681497573852539,0.46500417590141296,0.4321628212928772,0.2856791615486145,0.797793984413147,0.2060476690530777,0.026050886139273643,0.0,0.864164412021637,0.4613443613052368,0.42209434509277344,0.3094539940357208,0.7901883721351624,0.20309121906757355,0.033251889050006866,0.0,0.8647654056549072,0.4444732964038849,0.4601823389530182,0.12489020079374313,0.9998408555984497,0.3177202641963959,0.46209630370140076,0.0,0.9997568130493164,0.5688943862915039,0.5648751258850098,0.0,0.978210985660553,0.290221244096756,0.6101880073547363,0.0,0.9572353363037109,0.4631114602088928,0.6891912221908569,0.2903481721878052,0.9783596992492676,0.20152419805526733,0.7082637548446655,0.22096675634384155,0.9753496646881104,0.4230271577835083,0.7013977766036987,0.32858651876449585,0.8646965622901917,0.17824827134609222,0.7152023315429688,0.2631753385066986,0.8601755499839783,0.5408624410629272,0.7504728436470032,0.11983419209718704,0.9697888493537903,0.22619590163230896,0.7657591700553894,0.026201467961072922,0.9636711478233337,high,high,high,high,high,high,high,high,high,high,high,high,high,high,high,high,high,high,high,high,high,high,high,high,high,high,high,high,high,high,high,high,high
139,4.633333333333334,0.3920716941356659,0.17562058568000793,0.0,0.9997072219848633,0.40222248435020447,0.16750307381153107,0.0,0.9996136426925659,0.40871089696884155,0.16892750561237335,0.0,0.999564528465271,0.4159168303012848,0.17053376138210297,0.0,0.9997671842575073,0.3825632333755493,0.16528645157814026,0.0,0.9994266629219055,0.37284547090530396,0.16579186916351318,0.0,0.9992896318435669,0.35987064242362976,0.16717194020748138,0.0,0.9993610978126526,0.42622247338294983,0.18172402679920197,0.0,0.9997613430023193,0.3423362374305725,0.17944934964179993,0.0,0.9978549480438232,0.39934858679771423,0.19332019984722137,0.0,0.9995753765106201,0.37035658955574036,0.1921476572751999,0.0,0.9991894960403442,0.4750203788280487,0.26914623379707336,0.020133042708039284,0.9998325109481812,0.2667791247367859,0.2494855672121048,0.0,0.9978347420692444,0.4955730438232422,0.3567921221256256,0.2351914495229721,0.8032504916191101,0.15550558269023895,0.16915106773376465,0.0,0.9422668814659119,0.4756624102592468,0.4217328131198883,0.21242421865463257,0.7654372453689575,0.15337494015693665,0.06503504514694214,0.0,0.9144002199172974,0.465025931596756,0.44759640097618103,0.22478970885276794,0.7426597476005554,0.1557588428258896,0.04415033385157585,0.0,0.8767449855804443,0.45745718479156494,0.4456934928894043,0.1465032398700714,0.7486771941184998,0.17772510647773743,0.04309185966849327,0.0,0.8728820085525513,0.4528385102748871,0.43614834547042847,0.18526464700698853,0.743729829788208,0.1811324805021286,0.050156015902757645,0.0,0.8721385598182678,0.4372245669364929,0.4618203639984131,0.13562068343162537,0.999850332736969,0.3122277855873108,0.46836552023887634,0.0,0.999776303768158,0.5854117274284363,0.5594070553779602,0.0,0.9801192879676819,0.2873426079750061,0.6156435608863831,0.0,0.9607031345367432,0.5034551620483398,0.6902706027030945,0.1731543093919754,0.9793398976325989,0.20005004107952118,0.7102847695350647,0.23838676512241364,0.9769085645675659,0.45661604404449463,0.7020108699798584,0.21984250843524933,0.872951328754425,0.17844191193580627,0.7175196409225464,0.2836708426475525,0.8611937761306763,0.599571168422699,0.7483626008033752,0.0,0.9712737202644348,0.22493353486061096,0.7651263475418091,0.0267963670194149,0.9655144810676575,high,high,high,high,high,high,high,high,high,high,high,high,high,high,high,high,high,high,high,high,high,high,high,high,high,high,high,high,high,high,high,high,high
140,4.666666666666667,0.38176193833351135,0.1831604689359665,0.0,0.9997243285179138,0.39275604486465454,0.1747814118862152,0.0,0.999636709690094,0.4000231921672821,0.17605352401733398,0.0,0.999587893486023,0.40927785634994507,0.17780818045139313,0.0,0.9997788667678833,0.3708816170692444,0.1734985113143921,0.0,0.9994673132896423,0.36160650849342346,0.17431563138961792,0.0,0.9993426203727722,0.3484305739402771,0.17610140144824982,0.0,0.9994125962257385,0.4215536415576935,0.18941007554531097,0.0,0.9997698068618774,0.33178380131721497,0.18869858980178833,0.0,0.9980130791664124,0.3922865092754364,0.2007591724395752,0.0,0.9995911717414856,0.3617345094680786,0.19961348176002502,0.0,0.9992362856864929,0.47179755568504333,0.27768900990486145,0.05335462465882301,0.9998312592506409,0.2633298337459564,0.2580835223197937,0.0,0.9980310201644897,0.4965849220752716,0.372214674949646,0.20698563754558563,0.7606436014175415,0.158039391040802,0.1746455579996109,0.0,0.9452006220817566,0.4716106057167053,0.4395519196987152,0.1444118171930313,0.7143999934196472,0.13437113165855408,0.067882239818573,0.0,0.9192439913749695,0.4587385058403015,0.4655835032463074,0.15020474791526794,0.6909257769584656,0.1182686910033226,0.04690125584602356,0.0,0.882638692855835,0.4547879993915558,0.4636057913303375,0.07982194423675537,0.6976122856140137,0.13132993876934052,0.04451879858970642,0.0,0.8788790702819824,0.4514734447002411,0.4559394419193268,0.1197536438703537,0.6940724849700928,0.14162366092205048,0.05179647356271744,0.0,0.8767401576042175,0.4319687783718109,0.46544188261032104,0.12909281253814697,0.9998608231544495,0.3054429590702057,0.47365236282348633,0.0,0.9997950196266174,0.5893254280090332,0.5577380657196045,0.0,0.9815964698791504,0.28650322556495667,0.6200388073921204,0.0,0.96375972032547,0.519130289554596,0.6912158131599426,0.09930277615785599,0.9799600839614868,0.20100097358226776,0.7115087509155273,0.1556413620710373,0.9780445098876953,0.47188690304756165,0.7065995335578918,0.14147914946079254,0.8799176216125488,0.1777891367673874,0.7194696664810181,0.20171049237251282,0.8594149351119995,0.6263992786407471,0.7467648386955261,0.0,0.9725310206413269,0.22628477215766907,0.7631591558456421,0.0,0.966993510723114,high,high,high,high,high,high,high,high,high,high,high,high,high,high,high,high,high,medium,high,medium,high,medium,high,high,high,high,high,high,high,high,high,high,high
141,4.7,0.37986552715301514,0.18484026193618774,0.0,0.9997431039810181,0.39021942019462585,0.17683973908424377,0.0,0.9996605515480042,0.3992113769054413,0.17809675633907318,0.0,0.9996128678321838,0.41011762619018555,0.17984245717525482,0.0,0.9997912049293518,0.368725448846817,0.17594747245311737,0.0,0.999507486820221,0.3603080213069916,0.17690491676330566,0.0,0.9993945956230164,0.3487652838230133,0.17836317420005798,0.0,0.9994617104530334,0.420568585395813,0.1919473111629486,0.0,0.9997794032096863,0.3295590281486511,0.19131353497505188,0.0,0.998166561126709,0.39112725853919983,0.20284804701805115,0.0,0.9996111392974854,0.3619675636291504,0.20100316405296326,0.0,0.9992868304252625,0.47100576758384705,0.2792341113090515,0.0030840402469038963,0.9998310208320618,0.26351088285446167,0.259968638420105,0.0,0.998210608959198,0.49993202090263367,0.3737401068210602,0.13313749432563782,0.7329875826835632,0.16222651302814484,0.17809447646141052,0.0,0.9491642713546753,0.4725120961666107,0.44023481011390686,0.0214157085865736,0.6804478168487549,0.12996426224708557,0.07207167893648148,0.0,0.9256869554519653,0.4595361351966858,0.4667872488498688,0.0160552766174078,0.6541606187820435,0.10900901257991791,0.0500219389796257,0.0,0.8911747932434082,0.4540408253669739,0.463405042886734,0.0,0.6618105173110962,0.11992662400007248,0.046585503965616226,0.0,0.8876647353172302,0.4505980908870697,0.4552757740020752,0.0,0.6592801213264465,0.1318037509918213,0.054153937846422195,0.0,0.8847148418426514,0.4299725890159607,0.46800675988197327,0.13220477104187012,0.9998696446418762,0.3010801672935486,0.47601819038391113,0.0,0.9998114705085754,0.5903491377830505,0.5578161478042603,0.0,0.9830430150032043,0.28560298681259155,0.6209906935691833,0.0,0.9664948582649231,0.5260873436927795,0.6915885210037231,0.1057833880186081,0.9804716110229492,0.20077162981033325,0.7116110324859619,0.21306101977825165,0.9789429306983948,0.4809808135032654,0.7090492248535156,0.15012426674365997,0.8861873745918274,0.17867130041122437,0.7196401357650757,0.24641045928001404,0.8563393354415894,0.6449550986289978,0.7435914278030396,0.0,0.9735747575759888,0.22519198060035706,0.7624701857566833,0.024887794628739357,0.9679834246635437,high,high,high,high,high,high,high,high,high,high,high,high,high,high,high,medium,high,medium,high,medium,high,medium,high,high,high,high,high,high,high,high,high,high,high
142,4.733333333333333,0.3772842288017273,0.18691852688789368,0.0,0.999750018119812,0.38777491450309753,0.1793171912431717,0.0,0.999671459197998,0.3969724774360657,0.18072223663330078,0.0,0.9996260404586792,0.40813788771629333,0.18257342278957367,0.0,0.9997973442077637,0.3662981688976288,0.177977055311203,0.0,0.999524712562561,0.35779252648353577,0.17876127362251282,0.0,0.999420166015625,0.3469925820827484,0.1798684448003769,0.0,0.9994864463806152,0.41734641790390015,0.19592133164405823,0.0,0.9997893571853638,0.3278108537197113,0.1932281106710434,0.0,0.9982449412345886,0.3868241608142853,0.2055230587720871,0.0,0.999626874923706,0.357843279838562,0.20300331711769104,0.0,0.999319851398468,0.4730816185474396,0.2796713411808014,0.0,0.9998282790184021,0.2569202184677124,0.2612180709838867,0.0,0.9983020424842834,0.50285804271698,0.3731444478034973,0.0,0.741887629032135,0.14728429913520813,0.1761503517627716,0.0,0.952458381652832,0.4685916006565094,0.4370240271091461,0.0,0.6839544177055359,0.11440026760101318,0.06842795759439468,0.0,0.9293373823165894,0.45301976799964905,0.46421509981155396,0.0,0.6545018553733826,0.09027715027332306,0.036793045699596405,0.0,0.8953870534896851,0.4431370496749878,0.45983028411865234,0.0,0.6636308431625366,0.09711872041225433,0.03065413609147072,0.0,0.8924473524093628,0.4416802227497101,0.45166587829589844,0.0,0.6588489413261414,0.10786380618810654,0.04096919298171997,0.0,0.8887174725532532,0.42608001828193665,0.4711402356624603,0.11823968589305878,0.9998452067375183,0.2973257005214691,0.4775128960609436,0.0,0.9997894167900085,0.5775380730628967,0.5605288147926331,0.0,0.9843192100524902,0.28198185563087463,0.620074987411499,0.0,0.9683935642242432,0.5258949995040894,0.6990004777908325,0.17876556515693665,0.9811335802078247,0.20332679152488708,0.7119861841201782,0.4229697287082672,0.9794617295265198,0.48381102085113525,0.71943199634552,0.22291237115859985,0.8909767866134644,0.18220506608486176,0.7200231552124023,0.4711555540561676,0.8495988845825195,0.6342982053756714,0.7472991347312927,0.0,0.9746295809745789,0.2268812656402588,0.759902834892273,0.2108285129070282,0.9683458805084229,high,high,high,high,high,high,high,high,high,high,high,high,high,high,high,medium,high,medium,high,medium,high,medium,high,high,high,high,high,high,high,high,high,high,high
143,4.766666666666667,0.38079121708869934,0.18564388155937195,0.0,0.9997692108154297,0.39195311069488525,0.1774028241634369,0.0,0.9996965527534485,0.4018944203853607,0.17880134284496307,0.0,0.9996547102928162,0.4122106730937958,0.18061022460460663,0.0,0.999812662601471,0.3689636290073395,0.17645379900932312,0.0,0.9995614290237427,0.36044222116470337,0.1773829460144043,0.0,0.9994661211967468,0.3503384292125702,0.17850267887115479,0.0,0.9995279908180237,0.41959720849990845,0.19418025016784668,0.0,0.9998059868812561,0.33103951811790466,0.1915191113948822,0.0,0.9983795881271362,0.3921361565589905,0.20419204235076904,0.0,0.9996568560600281,0.3623642027378082,0.20160993933677673,0.0,0.9993754029273987,0.4762744605541229,0.2776426672935486,0.0,0.9998353719711304,0.258195698261261,0.26124030351638794,0.0,0.9984126687049866,0.5099141597747803,0.3721473515033722,0.0,0.7599503993988037,0.13388198614120483,0.17704670131206512,0.0,0.9562278389930725,0.4752529561519623,0.4360089898109436,0.0,0.7029619216918945,0.11600448936223984,0.06621458381414413,0.0,0.9343715906143188,0.458817720413208,0.4625071883201599,0.0,0.6700465679168701,0.09684492647647858,0.03475010022521019,0.0,0.9014354348182678,0.44857490062713623,0.4578607976436615,0.0,0.6800612807273865,0.10593613237142563,0.02976333163678646,0.0,0.8989413976669312,0.446901798248291,0.4508729875087738,0.0,0.6735436916351318,0.11521632969379425,0.03974132984876633,0.0,0.8947392702102661,0.42928996682167053,0.4715215265750885,0.10806237161159515,0.9998095631599426,0.2993070185184479,0.4767957329750061,0.0,0.9997537732124329,0.5739263892173767,0.5756934285163879,0.0,0.9854878187179565,0.2814759910106659,0.6172723174095154,0.03636715188622475,0.9691076874732971,0.5284349918365479,0.7101961970329285,0.25966888666152954,0.9817975759506226,0.20179492235183716,0.7119542360305786,0.6497668027877808,0.9796154499053955,0.48813027143478394,0.7300532460212708,0.3065648078918457,0.8949032425880432,0.17892305552959442,0.7203693985939026,0.6995696425437927,0.8408470153808594,0.6244954466819763,0.7645917534828186,0.018434802070260048,0.9757739305496216,0.22738882899284363,0.7597828507423401,0.4051227569580078,0.9683676362037659,high,high,high,high,high,high,high,high,high,high,high,high,high,high,high,high,high,medium,high,medium,high,medium,high,high,high,high,high,high,high,high,high,high,high
144,4.8,0.3840380907058716,0.18457823991775513,0.0,0.999786376953125,0.3956142067909241,0.17570707201957703,0.0,0.9997183680534363,0.40533173084259033,0.17684312164783478,0.0,0.9996788501739502,0.41537171602249146,0.17850343883037567,0.0,0.999825656414032,0.37245020270347595,0.17597301304340363,0.0,0.9995930790901184,0.36372026801109314,0.17725560069084167,0.0,0.9995046854019165,0.3533717393875122,0.17835626006126404,0.0,0.9995631575584412,0.4231288433074951,0.1932169795036316,0.0,0.9998188018798828,0.3346671760082245,0.18880167603492737,0.0,0.9984854459762573,0.3957495093345642,0.20260867476463318,0.0,0.9996811151504517,0.3650098145008087,0.20018954575061798,0.0,0.9994204044342041,0.479106605052948,0.27389004826545715,0.0,0.9998438954353333,0.25943467020988464,0.2601587772369385,0.0,0.9985133409500122,0.519952654838562,0.3707820773124695,0.0,0.7752515077590942,0.12315782904624939,0.17583048343658447,0.0,0.9592270851135254,0.4812236428260803,0.4350702166557312,0.0,0.7216843366622925,0.12234169989824295,0.05671848729252815,0.0,0.939020037651062,0.46731117367744446,0.461417019367218,0.0,0.6877027750015259,0.1092669814825058,0.024781551212072372,0.0,0.9068120121955872,0.45138296484947205,0.4566675126552582,0.0,0.698026716709137,0.11978665739297867,0.01938260905444622,0.0,0.9045424461364746,0.4505259096622467,0.45071926712989807,0.0,0.6890082955360413,0.1275290697813034,0.030670922249555588,0.0,0.8997767567634583,0.4303256571292877,0.47175851464271545,0.09232134371995926,0.9997901320457458,0.3011382222175598,0.4760766625404358,0.0,0.999733567237854,0.5415525436401367,0.5927825570106506,0.0,0.9847670793533325,0.2814422845840454,0.6105106472969055,0.1198500320315361,0.9637876152992249,0.5340684056282043,0.7213146090507507,0.45010867714881897,0.9815881252288818,0.2014492005109787,0.7107251882553101,0.7801981568336487,0.9761165380477905,0.5024595260620117,0.7415323853492737,0.4824233055114746,0.8936721086502075,0.18067431449890137,0.7196201682090759,0.8338038921356201,0.8171720504760742,0.6176255345344543,0.7732872366905212,0.13907988369464874,0.9757542610168457,0.2265428602695465,0.7600826025009155,0.5375419855117798,0.9629377722740173,high,high,high,high,high,high,high,high,high,high,high,high,high,high,high,high,high,medium,high,medium,high,medium,high,high,high,high,high,high,high,high,high,high,high
145,4.833333333333333,0.43490874767303467,0.18888233602046967,0.0,0.9998031854629517,0.4472702443599701,0.17916902899742126,0.0,0.9997407793998718,0.45688897371292114,0.18035846948623657,0.0,0.9997047185897827,0.464935839176178,0.1818414330482483,0.0,0.9998400211334229,0.42065808176994324,0.1787215620279312,0.0,0.9996243715286255,0.41066423058509827,0.179526686668396,0.0,0.9995422959327698,0.40016356110572815,0.1804664134979248,0.0,0.999596357345581,0.4652729332447052,0.1949225515127182,0.0,0.9998337626457214,0.38531893491744995,0.19202055037021637,0.0,0.9985855221748352,0.4466443359851837,0.20636573433876038,0.0,0.9997076392173767,0.41408294439315796,0.2041664570569992,0.0,0.9994661211967468,0.5312440395355225,0.27474814653396606,0.0,0.9998578429222107,0.30808502435684204,0.26335495710372925,0.0,0.9986194968223572,0.5761476159095764,0.3699979782104492,0.0,0.7947952151298523,0.19994279742240906,0.17691746354103088,0.0,0.9606008529663086,0.5457074046134949,0.4358838200569153,0.0,0.7476211786270142,0.19675153493881226,0.06497491896152496,0.0,0.9402984380722046,0.5219929218292236,0.46313315629959106,0.0,0.7158589959144592,0.19286787509918213,0.0422259122133255,0.0,0.9076822996139526,0.5081159472465515,0.45731019973754883,0.0,0.7253044247627258,0.19991286098957062,0.03919379040598869,0.0,0.9050602912902832,0.5105852484703064,0.4491998553276062,0.0,0.7164590954780579,0.20517279207706451,0.04847598448395729,0.0,0.9002670049667358,0.4856240451335907,0.4748407304286957,0.06310609728097916,0.9998053312301636,0.3449195921421051,0.47815245389938354,0.0,0.999748945236206,0.5821126699447632,0.5995779037475586,0.0,0.9858298897743225,0.3121640086174011,0.6118475198745728,0.0865347683429718,0.9626997709274292,0.5472996234893799,0.7345958948135376,0.19351160526275635,0.9817743301391602,0.25590306520462036,0.7001543045043945,0.7098568081855774,0.9725386500358582,0.5169716477394104,0.7509118318557739,0.22175318002700806,0.8946549296379089,0.24136611819267273,0.7051631212234497,0.7647292017936707,0.8028258085250854,0.6318121552467346,0.7870873212814331,0.0,0.9759210348129272,0.2622796297073364,0.7585128545761108,0.6018917560577393,0.9575725793838501,high,high,high,high,high,high,high,high,high,high,high,high,high,high,high,high,high,high,high,high,high,high,high,high,high,high,high,high,high,high,high,high,high
146,4.866666666666666,0.444222092628479,0.1871737539768219,0.0,0.9998146295547485,0.4557390809059143,0.17786648869514465,0.0,0.9997538328170776,0.4661213755607605,0.17918893694877625,0.0,0.9997183084487915,0.4762726128101349,0.1807960569858551,0.0,0.9998481869697571,0.432150274515152,0.17715950310230255,0.0,0.9996441006660461,0.4231489896774292,0.17792674899101257,0.0,0.9995649456977844,0.4145328998565674,0.17894145846366882,0.0,0.9996192455291748,0.4822772443294525,0.1936926692724228,0.0,0.999838650226593,0.4022388756275177,0.19062599539756775,0.0,0.9986275434494019,0.4554211497306824,0.20483417809009552,0.0,0.9997233748435974,0.4251611530780792,0.202554851770401,0.0,0.9994933605194092,0.5537784695625305,0.27400267124176025,0.0,0.9998682141304016,0.3246736228466034,0.26233237981796265,0.0,0.9987131357192993,0.6056904196739197,0.36976510286331177,0.0,0.8087034821510315,0.21028584241867065,0.17666181921958923,0.0,0.9620871543884277,0.5717434883117676,0.4351600706577301,0.0,0.7671785354614258,0.19569233059883118,0.06920361518859863,0.0,0.9441034197807312,0.5438394546508789,0.46240806579589844,0.0,0.7358931303024292,0.18610426783561707,0.04660828039050102,0.0,0.9122143387794495,0.5283335447311401,0.45647478103637695,0.0,0.7448083758354187,0.19375133514404297,0.04256283864378929,0.0,0.9097260236740112,0.5317545533180237,0.4474666118621826,0.0,0.7346773147583008,0.20022842288017273,0.05099676176905632,0.0,0.9046680927276611,0.5017386674880981,0.47717681527137756,0.036775894463062286,0.9998111724853516,0.358139306306839,0.47808924317359924,0.0,0.9997541904449463,0.5754414200782776,0.6183303594589233,0.0,0.9837834239006042,0.3167651891708374,0.6108601689338684,0.15729448199272156,0.9483478665351868,0.5504263639450073,0.7521084547042847,0.26550546288490295,0.9787758588790894,0.2614688277244568,0.6991146802902222,0.8391320705413818,0.955331563949585,0.5289127826690674,0.7657858729362488,0.2717859148979187,0.8815746307373047,0.2510145306587219,0.7057765126228333,0.8974910974502563,0.7622267603874207,0.6294477581977844,0.7989581823348999,0.021755632013082504,0.9721930623054504,0.26495760679244995,0.7563217878341675,0.7021811604499817,0.9359830021858215,high,high,high,high,high,high,high,high,high,high,high,high,high,high,high,high,high,high,high,high,high,high,high,high,high,high,high,high,high,high,high,high,high
147,4.9,0.4506509602069855,0.1863846480846405,0.0,0.9998249411582947,0.4618760049343109,0.17695769667625427,0.0,0.9997645616531372,0.46996575593948364,0.178325355052948,0.0,0.9997290968894958,0.4792042076587677,0.17999011278152466,0.0,0.9998548030853271,0.43825218081474304,0.1761377453804016,0.0,0.9996609687805176,0.43008071184158325,0.17694850265979767,0.0,0.9995846152305603,0.41947415471076965,0.17800840735435486,0.0,0.9996394515037537,0.48531097173690796,0.19291339814662933,0.0,0.9998419284820557,0.4082152843475342,0.1901668906211853,0.0,0.9986625909805298,0.4622974395751953,0.20430123805999756,0.0,0.9997363686561584,0.43224987387657166,0.20223554968833923,0.0,0.9995167255401611,0.557055652141571,0.2738039791584015,0.0,0.9998765587806702,0.33170273900032043,0.26176804304122925,0.0,0.9987902641296387,0.6140211224555969,0.36963045597076416,0.0,0.8210753202438354,0.21102085709571838,0.17640307545661926,0.0,0.963682234287262,0.5772808194160461,0.43450814485549927,0.0,0.7828975319862366,0.19491000473499298,0.06906598061323166,0.0,0.947525143623352,0.550105094909668,0.46258679032325745,0.0,0.7507912516593933,0.18388552963733673,0.04615384340286255,0.0,0.916038990020752,0.5326353311538696,0.4556387960910797,0.0,0.7592985033988953,0.19286461174488068,0.04206345975399017,0.0,0.9136359095573425,0.5364654660224915,0.4466549754142761,0.0,0.7475709319114685,0.1997624784708023,0.050590164959430695,0.0,0.9083844423294067,0.5087944865226746,0.4772208333015442,0.024585822597146034,0.9998169541358948,0.3646622598171234,0.4780309796333313,0.0,0.999761164188385,0.5715286135673523,0.6200059652328491,0.0,0.982652485370636,0.31724727153778076,0.6086203455924988,0.1573692262172699,0.9402018785476685,0.5520594120025635,0.7548895478248596,0.31780415773391724,0.9776204228401184,0.26371484994888306,0.698238730430603,0.8109567165374756,0.9472604990005493,0.5321328639984131,0.7687929272651672,0.33174166083335876,0.8742222785949707,0.2544941306114197,0.7055498361587524,0.8659132122993469,0.7358355522155762,0.6291316151618958,0.8009165525436401,0.02984258532524109,0.9704514741897583,0.2674601972103119,0.7536537051200867,0.6519474983215332,0.9247586131095886,high,high,high,high,high,high,high,high,high,high,high,high,high,high,high,high,high,high,high,high,high,high,high,high,high,high,high,high,high,high,high,high,high
148,4.933333333333334,0.46020007133483887,0.18084879219532013,0.0,0.9998354315757751,0.4710291028022766,0.17195214331150055,0.0,0.9997767210006714,0.47810637950897217,0.1735425889492035,0.0,0.9997424483299255,0.4874856173992157,0.17527785897254944,0.0,0.9998621940612793,0.4474044740200043,0.17050319910049438,0.0,0.9996792674064636,0.4392664134502411,0.1711929738521576,0.0,0.9996063113212585,0.4277486205101013,0.17234204709529877,0.0,0.9996593594551086,0.49049896001815796,0.18870045244693756,0.0,0.9998490810394287,0.41494378447532654,0.1832309365272522,0.0,0.9987181425094604,0.4698638617992401,0.19741886854171753,0.0,0.9997513890266418,0.4402216970920563,0.195598766207695,0.0,0.9995428323745728,0.5648590326309204,0.26693448424339294,0.0,0.9998840689659119,0.33499690890312195,0.2587313652038574,0.0,0.9988545179367065,0.6200879812240601,0.3650569021701813,0.0,0.830387532711029,0.20416933298110962,0.17216846346855164,0.0,0.9650802612304688,0.586957573890686,0.4298381805419922,0.0,0.7947793006896973,0.1891193985939026,0.05823325365781784,0.0,0.9508098363876343,0.5599117279052734,0.46006378531455994,0.0,0.7621186375617981,0.18117348849773407,0.030618812888860703,0.0,0.9202077388763428,0.5409249663352966,0.4514825940132141,0.0,0.7703797221183777,0.18924561142921448,0.02550613507628441,0.0,0.9178768992424011,0.5445329546928406,0.44235172867774963,0.0,0.7565562129020691,0.1952052265405655,0.03654589131474495,0.0,0.9124900698661804,0.5156174302101135,0.4739494323730469,0.008250284008681774,0.9998193979263306,0.3731980621814728,0.47064217925071716,0.0,0.999762773513794,0.5641727447509766,0.6174546480178833,0.0,0.9822385311126709,0.3280183970928192,0.602636456489563,0.22490590810775757,0.9318005442619324,0.5522407293319702,0.7573238611221313,0.299895316362381,0.9779901504516602,0.27605026960372925,0.6964529752731323,0.9185695052146912,0.9421048760414124,0.5316495895385742,0.7727354168891907,0.3098190128803253,0.8733735680580139,0.27534738183021545,0.7030097842216492,0.9770097732543945,0.7186211943626404,0.6275634169578552,0.8037769198417664,0.0,0.970647394657135,0.2642885744571686,0.7536374926567078,0.7720961570739746,0.9169967174530029,high,high,high,high,high,high,high,high,high,high,high,high,high,high,high,high,high,high,high,high,high,high,high,high,high,high,high,high,high,high,high,high,high
149,4.966666666666667,0.461673766374588,0.1740330457687378,0.0,0.9998389482498169,0.4745483696460724,0.1638786941766739,0.0,0.9997817277908325,0.48218125104904175,0.1652679741382599,0.0,0.9997492432594299,0.4912078380584717,0.16697204113006592,0.0,0.999866783618927,0.45062243938446045,0.1624220907688141,0.0,0.999680757522583,0.4417556822299957,0.16305527091026306,0.0,0.9996033906936646,0.4300084710121155,0.16442105174064636,0.0,0.9996569156646729,0.4962867796421051,0.17995107173919678,0.0,0.9998534917831421,0.4198973774909973,0.17550028860569,0.0,0.9986578226089478,0.4739392101764679,0.19034485518932343,0.0,0.9997536540031433,0.4433418810367584,0.18958020210266113,0.0,0.9995299577713013,0.5756745934486389,0.2568173110485077,0.0,0.9998885989189148,0.3406638503074646,0.2529166340827942,0.0,0.9987453818321228,0.6311240196228027,0.35281309485435486,0.0,0.8398151397705078,0.2012704610824585,0.1665039360523224,0.0,0.9621792435646057,0.5931462049484253,0.42013320326805115,0.0,0.8041943311691284,0.1853186935186386,0.05014905333518982,0.0,0.9427474141120911,0.5647851824760437,0.4508057236671448,0.0,0.7697692513465881,0.1777450144290924,0.022597607225179672,0.0,0.906314492225647,0.5468875765800476,0.44340842962265015,0.0,0.7777950167655945,0.1864250749349594,0.017343904823064804,0.0,0.9039353728294373,0.5514414310455322,0.43416252732276917,0.0,0.76094651222229,0.19256828725337982,0.0284158643335104,0.0,0.898750901222229,0.5201073884963989,0.46786102652549744,0.0,0.9998098015785217,0.37865114212036133,0.4632667005062103,0.04311233386397362,0.9997323155403137,0.551099419593811,0.6139430403709412,0.0,0.9827641248703003,0.34185314178466797,0.5965771675109863,0.3351154923439026,0.9240515828132629,0.5499065518379211,0.7559537887573242,0.146324023604393,0.9792143106460571,0.3130399286746979,0.6916877031326294,1.0,0.9403078556060791,0.5310165286064148,0.7726835608482361,0.156461700797081,0.8769012689590454,0.3221052289009094,0.7015599012374878,1.0,0.716020941734314,0.6250703930854797,0.8026959300041199,0.0,0.9720140695571899,0.27390071749687195,0.7480615377426147,0.8927375078201294,0.9146705865859985,high,high,high,high,high,high,high,high,high,high,high,high,high,high,high,high,high,high,high,high,high,high,high,high,high,high,high,high,high,high,high,high,high
150,5.0,0.4727240800857544,0.1670762598514557,0.0,0.9998348951339722,0.4862706959247589,0.15849950909614563,0.0,0.9997771978378296,0.4939572215080261,0.16019737720489502,0.0,0.9997448325157166,0.503046989440918,0.16209754347801208,0.0,0.9998663663864136,0.461889386177063,0.1557706743478775,0.0,0.9996659755706787,0.4531630277633667,0.1559261530637741,0.0,0.9995774626731873,0.4417457580566406,0.15684476494789124,0.0,0.9996368288993835,0.5077974200248718,0.17396032810211182,0.0,0.9998511672019958,0.433364599943161,0.16805274784564972,0.0,0.9984980821609497,0.48357442021369934,0.18365760147571564,0.0,0.9997462630271912,0.4522171914577484,0.18300610780715942,0.0,0.9994950890541077,0.5870243310928345,0.2485010176897049,0.0,0.99989253282547,0.3557669222354889,0.2471705973148346,0.0,0.9986313581466675,0.646167516708374,0.3434092104434967,0.0,0.8497282266616821,0.20262111723423004,0.16466467082500458,0.0,0.9593990445137024,0.5973243117332458,0.4140954911708832,0.0,0.8152616620063782,0.1972435563802719,0.043021660298109055,0.0,0.9284106492996216,0.5691218376159668,0.4434799253940582,0.0,0.7798696756362915,0.20275822281837463,0.016630347818136215,0.0,0.883033812046051,0.5520678758621216,0.43627840280532837,0.0,0.7876699566841125,0.21940647065639496,0.011204423382878304,0.0,0.8798203468322754,0.5567508935928345,0.42733708024024963,0.0,0.7687844634056091,0.22102883458137512,0.022178273648023605,0.0,0.8748354315757751,0.5294538140296936,0.4624409079551697,0.0,0.9998078346252441,0.391267865896225,0.45830878615379333,0.022022653371095657,0.9997180104255676,0.5420916080474854,0.6121228933334351,0.0,0.9817670583724976,0.374923437833786,0.5969089865684509,0.21013064682483673,0.9178314805030823,0.5475009679794312,0.7506703734397888,0.26412951946258545,0.9796574711799622,0.387166291475296,0.6911276578903198,0.8555974960327148,0.9363892674446106,0.5276903510093689,0.7677440643310547,0.27337485551834106,0.8761919736862183,0.4066891670227051,0.699050784111023,0.9136671423912048,0.7033037543296814,0.6250630021095276,0.7989075779914856,0.0,0.9723767042160034,0.3539629280567169,0.7495396733283997,0.7352754473686218,0.9099199771881104,high,high,high,high,high,high,high,high,high,high,high,high,high,high,high,high,high,high,high,high,high,high,high,high,high,high,high,high,high,high,high,high,high
151,5.033333333333333,0.48148486018180847,0.16058914363384247,0.0,0.9998314380645752,0.4966363310813904,0.1540881246328354,0.0,0.9997749924659729,0.5043239593505859,0.15630027651786804,0.0,0.9997438192367554,0.5129517316818237,0.15859749913215637,0.0,0.999867856502533,0.47217538952827454,0.15072929859161377,0.0,0.9996552467346191,0.46295058727264404,0.15082937479019165,0.0,0.999556303024292,0.4512172341346741,0.15177161991596222,0.0,0.9996193647384644,0.5180495381355286,0.17099614441394806,0.0,0.9998522996902466,0.44113993644714355,0.16328708827495575,0.0,0.9983864426612854,0.4927152097225189,0.1785576194524765,0.0,0.9997391104698181,0.4609695076942444,0.1765993982553482,0.0,0.9994621872901917,0.5937448143959045,0.2474965751171112,0.0,0.9998985528945923,0.36220231652259827,0.24396705627441406,0.0,0.998561680316925,0.6556611061096191,0.34450408816337585,0.0,0.8586074113845825,0.20707371830940247,0.16458702087402344,0.0,0.9520204067230225,0.6055743098258972,0.4105744957923889,0.0,0.8265571594238281,0.22413989901542664,0.04366832971572876,0.0,0.9115114808082581,0.5768671035766602,0.43920207023620605,0.0,0.7916726469993591,0.2399449199438095,0.0171246025711298,0.0,0.8600509166717529,0.5588037967681885,0.43047136068344116,0.0,0.7987726926803589,0.26168328523635864,0.012355085462331772,0.0,0.8553625345230103,0.5635172128677368,0.42135089635849,0.0,0.7787567377090454,0.2575293779373169,0.02285919524729252,0.0,0.8508597612380981,0.5386791229248047,0.4612879753112793,0.0,0.9998190402984619,0.4028889536857605,0.45919910073280334,0.04627697914838791,0.9997288584709167,0.5421762466430664,0.6109688878059387,0.0,0.9811382293701172,0.4077078402042389,0.5977734327316284,0.22563989460468292,0.9058460593223572,0.5467869639396667,0.7478703856468201,0.17553676664829254,0.9802489876747131,0.4157860279083252,0.6885930299758911,0.8176848292350769,0.9324449300765991,0.528137743473053,0.7648439407348633,0.18319791555404663,0.8787441849708557,0.43947499990463257,0.6985834836959839,0.8346278071403503,0.6991910934448242,0.6271260380744934,0.7969633340835571,0.0,0.9730314016342163,0.3654770851135254,0.7496535181999207,0.6454493403434753,0.9066470265388489,high,high,high,high,high,high,high,high,high,high,high,high,high,high,high,high,high,high,high,high,high,high,high,high,high,high,high,high,high,high,medium,high,high
152,5.066666666666666,0.4967009723186493,0.16186121106147766,0.0,0.9998382329940796,0.5092872381210327,0.1544334888458252,0.0,0.9997849464416504,0.5170480608940125,0.15644872188568115,0.0,0.9997559785842896,0.5262518525123596,0.15866413712501526,0.0,0.9998746514320374,0.48459604382514954,0.15115980803966522,0.0,0.9996684193611145,0.4755791127681732,0.15119916200637817,0.0,0.9995712041854858,0.46380284428596497,0.15198038518428802,0.0,0.9996318221092224,0.5284030437469482,0.17015595734119415,0.0,0.9998601078987122,0.4523347318172455,0.16200771927833557,0.0,0.9984405636787415,0.50544673204422,0.17955592274665833,0.0,0.9997473955154419,0.4745403230190277,0.17791005969047546,0.0,0.9994752407073975,0.5973469614982605,0.24840624630451202,0.0,0.9999056458473206,0.36803534626960754,0.24317917227745056,0.0,0.9986006617546082,0.6678643822669983,0.3435002565383911,0.0,0.8702394962310791,0.21538522839546204,0.16381452977657318,0.0,0.9517995715141296,0.6179935932159424,0.40818071365356445,0.0,0.8419216871261597,0.2619946002960205,0.04401284456253052,0.0,0.9144576787948608,0.588941216468811,0.4381672441959381,0.0,0.8094049692153931,0.3000234067440033,0.02043817564845085,0.0,0.8637423515319824,0.5688443779945374,0.4286147654056549,0.0,0.8158255219459534,0.3228345811367035,0.021991323679685593,0.0,0.858812153339386,0.5735365748405457,0.41883450746536255,0.0,0.7966808080673218,0.31296321749687195,0.030431369319558144,0.0,0.8539103269577026,0.5464934706687927,0.4619315266609192,0.0,0.999824047088623,0.4125383198261261,0.4592907428741455,0.06142536923289299,0.9997313022613525,0.5448428392410278,0.6098260879516602,0.0,0.979668915271759,0.41772347688674927,0.598195493221283,0.25086766481399536,0.8967717289924622,0.5495509505271912,0.743958592414856,0.2503356635570526,0.9796788096427917,0.42429500818252563,0.6867562532424927,0.7284365892410278,0.9281185865402222,0.5331289172172546,0.7580703496932983,0.2561515271663666,0.8791780471801758,0.446894109249115,0.6985094547271729,0.7509999871253967,0.6991943120956421,0.6262907981872559,0.7949883341789246,0.05319353565573692,0.9723762273788452,0.3701542019844055,0.7485970258712769,0.618048906326294,0.9036625027656555,high,high,high,high,high,high,high,high,high,high,high,high,high,high,high,high,high,high,high,high,high,high,high,high,high,high,high,high,high,high,medium,high,high
153,5.1,0.49833184480667114,0.162069171667099,0.0,0.9998500347137451,0.5109336376190186,0.1543097198009491,0.0,0.9998010396957397,0.5188321471214294,0.15635636448860168,0.0,0.9997744560241699,0.5271475315093994,0.15859375894069672,0.0,0.9998842477798462,0.4870152771472931,0.15118183195590973,0.0,0.9996925592422485,0.4770459532737732,0.15122294425964355,0.0,0.9996015429496765,0.46505457162857056,0.15208178758621216,0.0,0.9996576309204102,0.5309244990348816,0.17023628950119019,0.0,0.9998707175254822,0.4518473744392395,0.16188576817512512,0.0,0.9985479712486267,0.5080344080924988,0.17975200712680817,0.0,0.9997641444206238,0.4768217206001282,0.17837540805339813,0.0,0.9995088577270508,0.5980421304702759,0.24893054366111755,0.0,0.9999122619628906,0.36931508779525757,0.24226537346839905,0.0,0.9986703991889954,0.671019971370697,0.3440386950969696,0.0,0.8808913230895996,0.2186049073934555,0.1621522754430771,0.0,0.953906238079071,0.6202514171600342,0.4079280495643616,0.0,0.8557862043380737,0.26580193638801575,0.04435379430651665,0.0,0.9200382232666016,0.5922163128852844,0.4377509653568268,0.0,0.825498640537262,0.30652469396591187,0.024109242483973503,0.0,0.8715612888336182,0.5707929134368896,0.4272170066833496,0.0,0.8313378691673279,0.32715287804603577,0.028111889958381653,0.0,0.8667182922363281,0.5749912858009338,0.41747981309890747,0.0,0.8129851818084717,0.3179694712162018,0.03547939658164978,0.0,0.8616669774055481,0.5494322776794434,0.4621392786502838,0.0,0.9998267889022827,0.4162418246269226,0.46009987592697144,0.06706991791725159,0.9997328519821167,0.5475192070007324,0.6090744733810425,0.0,0.9795975685119629,0.4147040843963623,0.5981267690658569,0.26891177892684937,0.8931794166564941,0.551651656627655,0.7435166239738464,0.25699567794799805,0.979797899723053,0.42510876059532166,0.6880767345428467,0.790770411491394,0.9264326691627502,0.5352413654327393,0.755650520324707,0.26660865545272827,0.8813909292221069,0.4494948983192444,0.6992279887199402,0.8304001092910767,0.7023473381996155,0.6251554489135742,0.7948275804519653,0.04718174785375595,0.9726367592811584,0.3738771080970764,0.7491744756698608,0.6787281632423401,0.902839183807373,high,high,high,high,high,high,high,high,high,high,high,high,high,high,high,high,high,high,high,high,high,high,high,high,high,high,high,high,high,high,high,high,high
154,5.133333333333334,0.5098821520805359,0.16267728805541992,0.0,0.9998547434806824,0.5205976366996765,0.1546477973461151,0.0,0.9998083710670471,0.5283709764480591,0.15665100514888763,0.0,0.9997838139533997,0.5369994640350342,0.15884073078632355,0.0,0.9998890161514282,0.4968875050544739,0.15148994326591492,0.0,0.9997025728225708,0.48753219842910767,0.15154659748077393,0.0,0.9996134638786316,0.476270854473114,0.15234868228435516,0.0,0.9996673464775085,0.5390523076057434,0.16997748613357544,0.0,0.9998763799667358,0.46131032705307007,0.1619347631931305,0.0,0.9986017942428589,0.517188549041748,0.18036092817783356,0.0,0.9997712969779968,0.4874238669872284,0.17902737855911255,0.0,0.9995228052139282,0.6096317768096924,0.24913290143013,0.0,0.9999173283576965,0.3751942813396454,0.24274447560310364,0.0,0.9987143874168396,0.6761011481285095,0.3446873426437378,0.0,0.891096830368042,0.23283126950263977,0.16224424540996552,0.0,0.9560199975967407,0.6209704875946045,0.4088948369026184,0.0,0.8688886165618896,0.2820996344089508,0.04531068354845047,0.0,0.9256569147109985,0.5907769799232483,0.43866023421287537,0.0,0.8408862352371216,0.3249909281730652,0.03564868122339249,0.0,0.8796238303184509,0.5700631737709045,0.42843738198280334,0.0,0.8461938500404358,0.3430086672306061,0.04101505130529404,0.0,0.8749704957008362,0.5744175314903259,0.418795108795166,0.0,0.8288007378578186,0.33209583163261414,0.04459651559591293,0.0,0.8698316812515259,0.557094156742096,0.4623567461967468,0.0,0.9998276829719543,0.4211267828941345,0.4603624939918518,0.0709579586982727,0.9997333288192749,0.5549004077911377,0.6084836721420288,0.018055303022265434,0.9792234301567078,0.42109692096710205,0.5976991057395935,0.28217583894729614,0.8928223848342896,0.5569268465042114,0.732671856880188,0.4369705617427826,0.9797471165657043,0.42425453662872314,0.6889086961746216,0.7995780110359192,0.9275543093681335,0.5450599789619446,0.7424517273902893,0.4663020372390747,0.8821142315864563,0.45232343673706055,0.6997290849685669,0.8421359658241272,0.711064875125885,0.6103253960609436,0.7873377203941345,0.24320967495441437,0.972678005695343,0.37785249948501587,0.749458909034729,0.6818072199821472,0.9050923585891724,high,high,high,high,high,high,high,high,high,high,high,high,high,high,high,high,high,high,high,high,high,high,high,high,high,high,high,high,high,high,high,high,high
155,5.166666666666667,0.5164245367050171,0.16283097863197327,0.0,0.9998623728752136,0.5276697874069214,0.1545371562242508,0.0,0.9998194575309753,0.5357046127319336,0.15641802549362183,0.0,0.9997971653938293,0.5454027056694031,0.15860703587532043,0.0,0.9998956322669983,0.5027989149093628,0.15177947282791138,0.0,0.9997196793556213,0.4935398995876312,0.1519719511270523,0.0,0.9996358752250671,0.48145607113838196,0.15292367339134216,0.0,0.9996859431266785,0.5478981733322144,0.17007489502429962,0.0,0.9998841285705566,0.4678422212600708,0.16275052726268768,0.0,0.9986885190010071,0.5248189568519592,0.1806505024433136,0.0,0.999782919883728,0.49347984790802,0.17945797741413116,0.0,0.99954754114151,0.6153181195259094,0.2487231194972992,0.0,0.9999226331710815,0.3873772621154785,0.2430812418460846,0.0,0.9987752437591553,0.6822189092636108,0.3451769948005676,0.0,0.9000645875930786,0.25012409687042236,0.16414861381053925,0.0,0.9566185474395752,0.6219601035118103,0.40923237800598145,0.0,0.8808279633522034,0.2851029634475708,0.057204633951187134,0.0,0.9307941794395447,0.5906826853752136,0.43798407912254333,0.0,0.8550841808319092,0.3106420338153839,0.04372183606028557,0.0,0.8876626491546631,0.5706869959831238,0.42860135436058044,0.0,0.8599253296852112,0.3292730450630188,0.04776317998766899,0.0,0.883286714553833,0.5751522779464722,0.41917675733566284,0.0,0.8435541391372681,0.32448214292526245,0.05383880063891411,0.0,0.8781723380088806,0.563702404499054,0.4625166952610016,0.0,0.9998292922973633,0.4281002879142761,0.4608561098575592,0.08162954449653625,0.9997360706329346,0.5622177124023438,0.6083353161811829,0.0,0.9780344367027283,0.409615695476532,0.5975882411003113,0.2478618025779724,0.8905534148216248,0.5631045699119568,0.717990517616272,0.41283416748046875,0.9782761335372925,0.4206673800945282,0.6887398958206177,0.7335291504859924,0.9270082712173462,0.5539608597755432,0.7273072004318237,0.4464816153049469,0.8786112070083618,0.44992759823799133,0.6988730430603027,0.7726382613182068,0.7170297503471375,0.5969692468643188,0.7757551670074463,0.23272304236888885,0.9714974761009216,0.37580639123916626,0.7497335076332092,0.6233769059181213,0.9062453508377075,high,high,high,high,high,high,high,high,high,high,high,high,high,high,high,high,high,high,high,high,high,high,high,high,high,high,high,high,high,high,high,high,high
156,5.2,0.5300979018211365,0.167262464761734,0.0,0.999873161315918,0.5473077297210693,0.15772433578968048,0.0,0.9998340606689453,0.5578109622001648,0.16008467972278595,0.0,0.9998140931129456,0.5673852562904358,0.16278555989265442,0.0,0.9999039173126221,0.5216658115386963,0.15474621951580048,0.0,0.9997425079345703,0.5115391612052917,0.15477487444877625,0.0,0.9996664524078369,0.5024324059486389,0.15524303913116455,0.0,0.9997114539146423,0.5716946721076965,0.1739092767238617,0.0,0.9998936653137207,0.49198776483535767,0.16475673019886017,0.0,0.9988019466400146,0.537384569644928,0.18523335456848145,0.0,0.9997990727424622,0.506804347038269,0.18290534615516663,0.0,0.9995819330215454,0.6307496428489685,0.2517217993736267,0.0,0.9999279975891113,0.41438400745391846,0.24282698333263397,0.02221039868891239,0.9988545775413513,0.704070508480072,0.34824705123901367,0.0,0.9092727899551392,0.27538779377937317,0.17709963023662567,0.027397433295845985,0.9557445049285889,0.6285656094551086,0.41250401735305786,0.0,0.8924010396003723,0.29120540618896484,0.07278791069984436,0.0,0.936316192150116,0.5939931273460388,0.43949094414711,0.0,0.8691306114196777,0.30250751972198486,0.056386999785900116,0.0,0.8970285654067993,0.5738417506217957,0.43015918135643005,0.0,0.8735101222991943,0.31563594937324524,0.05710279941558838,0.0,0.892996609210968,0.579986035823822,0.42206940054893494,0.0,0.8585631251335144,0.3144262135028839,0.06396883726119995,0.0,0.8882942199707031,0.5741984248161316,0.4637609124183655,0.0,0.999837338924408,0.44360390305519104,0.4611126482486725,0.11675635725259781,0.9997497200965881,0.5660436749458313,0.6079518795013428,0.0,0.9784497618675232,0.36313408613204956,0.5898962616920471,0.030325984582304955,0.8974725604057312,0.5986283421516418,0.7058593034744263,0.3719784915447235,0.9772557020187378,0.4145875573158264,0.6878687143325806,0.45832493901252747,0.9304940700531006,0.601868748664856,0.7114946246147156,0.4072133004665375,0.8775632381439209,0.44434022903442383,0.6973940134048462,0.4981015920639038,0.7364755272865295,0.600121021270752,0.7668692469596863,0.23930741846561432,0.9708078503608704,0.36479049921035767,0.7463685274124146,0.3749209940433502,0.9114927053451538,high,high,high,high,high,high,high,high,high,high,high,high,high,high,high,high,high,high,high,high,high,high,high,high,high,high,high,high,high,high,high,high,high
157,5.233333333333333,0.5438051819801331,0.18421557545661926,0.0,0.9998838305473328,0.5609285831451416,0.17424924671649933,0.0,0.9998477697372437,0.5735956430435181,0.17591382563114166,0.0,0.9998300075531006,0.5828142166137695,0.17789120972156525,0.0,0.9999117851257324,0.5328153371810913,0.17174389958381653,0.0,0.9997643232345581,0.522516131401062,0.17116335034370422,0.0,0.9996954202651978,0.5135775804519653,0.1706988662481308,0.0,0.9997355341911316,0.5864826440811157,0.18798178434371948,0.0,0.9999024868011475,0.5024393200874329,0.17742297053337097,0.0,0.9989088773727417,0.5520035624504089,0.2006426602602005,0.0,0.9998139142990112,0.5211763381958008,0.19633527100086212,0.0,0.9996134042739868,0.639275848865509,0.2620776295661926,0.0,0.9999333620071411,0.4295891225337982,0.249484583735466,0.05902113765478134,0.9989198446273804,0.7247827053070068,0.35495346784591675,0.0,0.917427122592926,0.28621524572372437,0.19507943093776703,0.0010505585232749581,0.9538109302520752,0.6372324228286743,0.4218960702419281,0.0,0.9028131365776062,0.2986644506454468,0.09178171306848526,0.0,0.9410157203674316,0.6012197136878967,0.44999298453330994,0.0,0.8818163275718689,0.2977910339832306,0.06664320826530457,0.0,0.9053021669387817,0.5826446413993835,0.43832865357398987,0.0,0.8857830762863159,0.3089655637741089,0.06382348388433456,0.0,0.9015102386474609,0.5901656746864319,0.4301425516605377,0.0,0.8721709847450256,0.3122512996196747,0.07454422861337662,0.0,0.8973391056060791,0.5816853046417236,0.4666193425655365,0.0,0.9998438954353333,0.45290204882621765,0.4613155722618103,0.11469756066799164,0.9997592568397522,0.5694729089736938,0.6104066967964172,0.0,0.9782844185829163,0.3287018835544586,0.5759813785552979,0.0,0.903583824634552,0.6277547478675842,0.7056667804718018,0.2053213119506836,0.9768602252006531,0.41313353180885315,0.6881555914878845,0.21585805714130402,0.9340901970863342,0.6393104791641235,0.711737871170044,0.23524883389472961,0.8760859966278076,0.44536900520324707,0.697874128818512,0.2430744767189026,0.7546314001083374,0.605897068977356,0.7642173171043396,0.13428297638893127,0.9705612659454346,0.3620244860649109,0.744869589805603,0.1562780737876892,0.9166195392608643,high,high,high,high,high,high,high,high,high,high,high,high,high,high,high,high,high,high,high,high,high,high,high,high,high,high,high,high,high,high,high,high,high
158,5.266666666666667,0.5530003309249878,0.19758805632591248,0.0,0.9998924732208252,0.5680152773857117,0.1871097981929779,0.0,0.9998586177825928,0.5795018672943115,0.18907120823860168,0.0,0.9998429417610168,0.5902028679847717,0.19114145636558533,0.0,0.9999176263809204,0.5409584641456604,0.1839241087436676,0.0,0.9997826814651489,0.5317085981369019,0.18325306475162506,0.0,0.9997207522392273,0.52146977186203,0.18286843597888947,0.0,0.9997563362121582,0.5945914387702942,0.20048704743385315,0.0,0.9999098777770996,0.5122222304344177,0.1885223090648651,0.0,0.999007523059845,0.5615242719650269,0.21416327357292175,0.0,0.9998255372047424,0.5303215384483337,0.21116001904010773,0.0,0.9996405839920044,0.6471102833747864,0.27764058113098145,0.0,0.9999374747276306,0.4401693642139435,0.2632122039794922,0.020487964153289795,0.9989819526672363,0.7306890487670898,0.3696088194847107,0.0,0.9248874187469482,0.2933182120323181,0.20865671336650848,0.0,0.9520413875579834,0.6439172029495239,0.4403347074985504,0.0,0.9122188687324524,0.3137979209423065,0.09782440960407257,0.0,0.9463518261909485,0.6096073389053345,0.46699681878089905,0.0,0.8933342695236206,0.30005189776420593,0.06718866527080536,0.0,0.9141452312469482,0.589737594127655,0.45449942350387573,0.0,0.8969196677207947,0.3125145137310028,0.0636959969997406,0.0,0.9106771349906921,0.5968636274337769,0.4450284540653229,0.0,0.8845270276069641,0.3196678161621094,0.0745636373758316,0.0,0.9069051146507263,0.5849044919013977,0.47657012939453125,0.0,0.9998485445976257,0.45545610785484314,0.4661497473716736,0.10917942225933075,0.9997676610946655,0.5776293277740479,0.6156859993934631,0.0,0.9794034361839294,0.30469727516174316,0.5635283589363098,0.0,0.9115316867828369,0.6399644613265991,0.704184889793396,0.12921328842639923,0.9784505367279053,0.41033533215522766,0.6874841451644897,0.0190289169549942,0.939520001411438,0.652545690536499,0.7098830938339233,0.15135212242603302,0.883036732673645,0.44369345903396606,0.7002602815628052,0.04038344323635101,0.7761091589927673,0.6137998104095459,0.7612510323524475,0.04446122422814369,0.9725441336631775,0.34424254298210144,0.7419537305831909,0.0,0.9236422777175903,high,high,high,high,high,high,high,high,high,high,high,high,high,high,high,high,high,high,high,high,high,high,high,high,high,high,high,high,high,high,high,high,high
159,5.3,0.5557975769042969,0.202371746301651,0.0,0.9999001622200012,0.5693990588188171,0.19220444560050964,0.0,0.9998673796653748,0.5793946385383606,0.19394315779209137,0.0,0.9998536705970764,0.5890896320343018,0.1956859678030014,0.0,0.9999222159385681,0.5425925850868225,0.18885192275047302,0.0,0.9997981786727905,0.5325911641120911,0.1879272758960724,0.0,0.9997426271438599,0.522955060005188,0.1875809282064438,0.0,0.9997739195823669,0.5961687564849854,0.20428979396820068,0.0,0.9999157190322876,0.515209972858429,0.1919635534286499,0.0,0.999093234539032,0.5661588311195374,0.21848197281360626,0.0,0.9998350739479065,0.5347577333450317,0.2163347452878952,0.0,0.999663770198822,0.6498767733573914,0.2826879918575287,0.0,0.9999408721923828,0.4416387677192688,0.26599591970443726,0.010054201819002628,0.9990417957305908,0.7293424010276794,0.37361693382263184,0.0,0.9312834739685059,0.29427438974380493,0.21266832947731018,0.0,0.9524915218353271,0.644701361656189,0.4457322657108307,0.0,0.9206384420394897,0.31437599658966064,0.1010269969701767,0.0,0.9513759016990662,0.6110687255859375,0.4712131917476654,0.0,0.9036632776260376,0.2987876534461975,0.06985730677843094,0.0,0.9223465323448181,0.5906038284301758,0.4589790403842926,0.0,0.9069128036499023,0.3122362792491913,0.06575845181941986,0.0,0.9191903471946716,0.5973380208015442,0.4497810900211334,0.0,0.8956118822097778,0.3208509683609009,0.07670950144529343,0.0,0.9157854914665222,0.5863631963729858,0.4793991148471832,0.0,0.9998519420623779,0.4568389356136322,0.46835818886756897,0.10709819942712784,0.9997753500938416,0.5807419419288635,0.6177407503128052,0.0,0.9800679087638855,0.2983870804309845,0.5607261061668396,0.0,0.9185046553611755,0.6432569026947021,0.7038301229476929,0.10793437063694,0.979682207107544,0.4086334705352783,0.6876876950263977,0.03926682844758034,0.9445269703865051,0.6587479710578918,0.7093569040298462,0.12997980415821075,0.8878300189971924,0.4434721767902374,0.7038091421127319,0.059717100113630295,0.7953102588653564,0.617853581905365,0.7609206438064575,0.0053786542266607285,0.9740941524505615,0.33490127325057983,0.7416788339614868,0.0,0.9299880266189575,high,high,high,high,high,high,high,high,high,high,high,high,high,high,high,high,high,high,high,high,high,high,high,high,high,high,high,high,high,high,high,high,high
160,5.333333333333333,0.5650654435157776,0.2053472101688385,0.0,0.9999029636383057,0.5786242485046387,0.19677194952964783,0.0,0.9998690485954285,0.5876506567001343,0.19871464371681213,0.0,0.9998569488525391,0.5986343026161194,0.20102651417255402,0.0,0.9999222159385681,0.5516427159309387,0.19326648116111755,0.0,0.9998061656951904,0.5412077307701111,0.19257953763008118,0.0,0.9997560381889343,0.5303523540496826,0.19253243505954742,0.0,0.9997840523719788,0.6036844253540039,0.2114018201828003,0.0,0.9999181032180786,0.5191586017608643,0.1991821676492691,0.0,0.9991627931594849,0.5753742456436157,0.2223920375108719,0.0,0.9998385906219482,0.5432833433151245,0.2192668616771698,0.0,0.9996777176856995,0.6518593430519104,0.29218626022338867,0.0,0.9999426007270813,0.44627219438552856,0.27529972791671753,0.018946856260299683,0.9990873336791992,0.7310426235198975,0.38882601261138916,0.0,0.9363846778869629,0.2957044839859009,0.22345009446144104,0.0,0.9511189460754395,0.6449865698814392,0.45598235726356506,0.0,0.9277048110961914,0.3350796103477478,0.11133835464715958,0.0,0.9555776119232178,0.6106503009796143,0.48005908727645874,0.0,0.9125608801841736,0.3176141381263733,0.07662984728813171,0.0,0.92934250831604,0.5913225412368774,0.46794968843460083,0.0,0.915519118309021,0.33257365226745605,0.07328233122825623,0.0,0.9264138340950012,0.5969832539558411,0.45868563652038574,0.0,0.9050424098968506,0.3443162739276886,0.08727177232503891,0.0,0.9233156442642212,0.5872415900230408,0.4894738793373108,0.0,0.9998543858528137,0.4597020447254181,0.47576481103897095,0.1005735918879509,0.9997833371162415,0.5872878432273865,0.6273550987243652,0.0,0.9798997044563293,0.2927190065383911,0.5544347763061523,0.0,0.9246159791946411,0.6408417820930481,0.7040848731994629,0.1438407301902771,0.9802577495574951,0.40754395723342896,0.6841241717338562,0.0,0.9484525322914124,0.6516448259353638,0.7094301581382751,0.18260370194911957,0.8891051411628723,0.4378255605697632,0.7035040855407715,0.0,0.8112884163856506,0.6176351308822632,0.7590624094009399,0.16024674475193024,0.974461019039154,0.32015082240104675,0.737525224685669,0.0,0.9348048567771912,high,high,high,high,high,high,high,high,high,high,high,high,high,high,high,high,high,high,high,high,high,high,high,high,high,high,high,high,high,high,high,high,high
161,5.366666666666666,0.5676518678665161,0.20876038074493408,0.0,0.999906063079834,0.58118736743927,0.20037882030010223,0.0,0.9998718500137329,0.5900803804397583,0.20250558853149414,0.0,0.9998610615730286,0.5999795794487,0.2049802839756012,0.0,0.9999232888221741,0.5546756386756897,0.19712144136428833,0.0,0.9998137354850769,0.5436800718307495,0.1968238651752472,0.0,0.9997678995132446,0.5335001349449158,0.19703969359397888,0.0,0.999792754650116,0.6058218479156494,0.21712934970855713,0.0,0.9999207854270935,0.5207655429840088,0.20445606112480164,0.0,0.999221920967102,0.5785744786262512,0.22603709995746613,0.0,0.9998420476913452,0.5464610457420349,0.22277764976024628,0.0,0.9996894001960754,0.6500782370567322,0.2952916622161865,0.0,0.999944806098938,0.44522956013679504,0.28105899691581726,0.05012887716293335,0.9991185069084167,0.7295000553131104,0.3923228979110718,0.0,0.9411852359771729,0.2962586283683777,0.22967009246349335,0.0,0.9506922960281372,0.6450173854827881,0.46015310287475586,0.0,0.9339267611503601,0.3556023836135864,0.12300274521112442,0.0,0.9587106108665466,0.6143259406089783,0.4856877326965332,0.0,0.9203283190727234,0.35412174463272095,0.09272059053182602,0.0,0.9347258806228638,0.5933188199996948,0.4754716455936432,0.0,0.9230123162269592,0.36873382329940796,0.09162653237581253,0.0,0.9318552613258362,0.5970069766044617,0.465689480304718,0.0,0.9131905436515808,0.3764502704143524,0.10387487709522247,0.0,0.9290301203727722,0.5866196155548096,0.49506014585494995,0.0,0.9998592138290405,0.45891842246055603,0.4808220863342285,0.10161589831113815,0.9997926950454712,0.5891636610031128,0.6305286288261414,0.0,0.9800947904586792,0.2908746600151062,0.5553799271583557,0.0,0.930454432964325,0.6402679681777954,0.7053214311599731,0.1517263650894165,0.9806813597679138,0.3916105628013611,0.6842961311340332,0.0,0.9522666931152344,0.6514177322387695,0.7107993364334106,0.20947997272014618,0.8898307085037231,0.4279395639896393,0.705844521522522,0.0,0.8262493014335632,0.6175585389137268,0.759454607963562,0.17651277780532837,0.9745098948478699,0.3041303753852844,0.7381536364555359,0.0,0.9394227862358093,high,high,high,high,high,high,high,high,high,high,high,high,high,high,high,high,high,high,high,high,high,high,high,high,high,high,high,high,high,high,high,high,high
162,5.4,0.5660681128501892,0.20524339377880096,0.0,0.9999011754989624,0.5787668228149414,0.19596925377845764,0.0,0.9998592734336853,0.5882918238639832,0.19783397018909454,0.0,0.9998488426208496,0.5971901416778564,0.20006100833415985,0.0,0.9999163150787354,0.5527775883674622,0.19334803521633148,0.0,0.9998006820678711,0.5422370433807373,0.19318488240242004,0.0,0.9997531175613403,0.5332129001617432,0.19337506592273712,0.0,0.9997789263725281,0.6034119129180908,0.21179035305976868,0.0,0.9999145865440369,0.5193869471549988,0.20040671527385712,0.0,0.9992204308509827,0.5782178044319153,0.22192084789276123,0.0,0.9998317360877991,0.5473276376724243,0.2195260226726532,0.0,0.9996749758720398,0.6499776840209961,0.29042303562164307,0.0,0.9999468922615051,0.44387033581733704,0.276629775762558,0.019400347024202347,0.9991372227668762,0.7254261374473572,0.38637271523475647,0.0,0.9454350471496582,0.2953386902809143,0.22550442814826965,0.0,0.9524222612380981,0.6432064771652222,0.45403677225112915,0.0,0.9395520091056824,0.36384502053260803,0.1286999136209488,0.0,0.9599432945251465,0.6129730939865112,0.4800087809562683,0.0,0.927081286907196,0.4034509062767029,0.12019618600606918,0.0,0.936225414276123,0.5919055938720703,0.4697079062461853,0.0,0.9295259118080139,0.41339489817619324,0.12463154643774033,0.0,0.9330000281333923,0.5958846807479858,0.4602167010307312,0.0,0.9202199578285217,0.4023955762386322,0.1293523758649826,0.0,0.929983913898468,0.5850656032562256,0.4935081899166107,0.0,0.9998623132705688,0.45947393774986267,0.48210209608078003,0.08508389443159103,0.9997981786727905,0.5895386338233948,0.6282227039337158,0.0,0.9781251549720764,0.29715195298194885,0.5699210166931152,0.0,0.9313424825668335,0.6448649168014526,0.7062811255455017,0.21754424273967743,0.9792481064796448,0.34781455993652344,0.698556661605835,0.12610498070716858,0.9539011716842651,0.6598907709121704,0.7122083902359009,0.2473624050617218,0.8816344738006592,0.37628257274627686,0.7194243669509888,0.14749425649642944,0.83298259973526,0.6186023354530334,0.7587618827819824,0.1752985268831253,0.9726840853691101,0.2596663236618042,0.7519878149032593,0.05153341963887215,0.9417900443077087,high,high,high,high,high,high,high,high,high,high,high,high,high,high,high,high,high,high,high,high,high,high,high,high,high,high,high,high,high,high,high,high,high
163,5.433333333333334,0.5620799660682678,0.2014693319797516,0.0,0.9999064207077026,0.5760596990585327,0.19171835482120514,0.0,0.9998644590377808,0.5864826440811157,0.19451920688152313,0.0,0.9998550415039062,0.595770001411438,0.19719503819942474,0.0,0.999919593334198,0.5496425628662109,0.18763062357902527,0.0,0.9998082518577576,0.5400343537330627,0.18744906783103943,0.0,0.9997628927230835,0.5309393405914307,0.1875472515821457,0.0,0.9997865557670593,0.6029437184333801,0.20741549134254456,0.0,0.9999184608459473,0.5160095691680908,0.1964268982410431,0.0,0.9992605447769165,0.575006365776062,0.2204570472240448,0.0,0.9998394250869751,0.5420077443122864,0.2154223918914795,0.0,0.9996892213821411,0.6501851677894592,0.2897408604621887,0.0,0.9999504089355469,0.44063958525657654,0.2734982371330261,0.03279916197061539,0.9991835355758667,0.7219681739807129,0.38486000895500183,0.0,0.9482803344726562,0.2932732105255127,0.22061152756214142,0.0,0.95369553565979,0.6429702043533325,0.45060062408447266,0.0,0.9444844126701355,0.34918665885925293,0.11819472163915634,0.0,0.9622659087181091,0.612641453742981,0.47620129585266113,0.0,0.9331845641136169,0.3782181143760681,0.104389987885952,0.0,0.9400027394294739,0.591378927230835,0.4657227098941803,0.0,0.935430109500885,0.39035576581954956,0.10592931509017944,0.0,0.9368144273757935,0.595316469669342,0.45824360847473145,0.0,0.9265128374099731,0.38424795866012573,0.1121341809630394,0.0,0.9340242147445679,0.5833204984664917,0.48994874954223633,0.0,0.9998677372932434,0.4580059051513672,0.48156362771987915,0.08128204941749573,0.9998074173927307,0.5889078974723816,0.6222938895225525,0.0,0.9743137359619141,0.3015688359737396,0.5942447185516357,0.0041652703657746315,0.9319894909858704,0.6464887857437134,0.7068065404891968,0.2565251588821411,0.9771618843078613,0.3258007764816284,0.719742476940155,0.18869847059249878,0.9560073018074036,0.661115288734436,0.7128633260726929,0.28074517846107483,0.8691035509109497,0.345854789018631,0.7360106110572815,0.18025557696819305,0.8385348320007324,0.6193880438804626,0.7584120631217957,0.16095656156539917,0.9706332683563232,0.23964901268482208,0.7690595984458923,0.09719297289848328,0.9444193243980408,high,high,high,high,high,high,high,high,high,high,high,high,high,high,high,high,high,high,high,high,high,high,high,high,high,high,high,high,high,high,high,high,high
164,5.466666666666667,0.5589893460273743,0.19136622548103333,0.0,0.9998977780342102,0.5740668773651123,0.18116465210914612,0.0,0.9998480677604675,0.584507942199707,0.18378996849060059,0.0,0.9998357892036438,0.5946677923202515,0.1863149106502533,0.0,0.9999112486839294,0.5464872717857361,0.1761045604944229,0.0,0.9997818470001221,0.53670334815979,0.175596222281456,0.0,0.9997236728668213,0.5273587703704834,0.175421804189682,0.0,0.9997524619102478,0.6002992987632751,0.1966145634651184,0.0,0.9999127388000488,0.5153270959854126,0.1843736618757248,0.0,0.9991804957389832,0.5713871717453003,0.21052852272987366,0.0,0.9998255372047424,0.5389220118522644,0.20396152138710022,0.0,0.9996557831764221,0.6478337049484253,0.2801983058452606,0.0,0.9999510049819946,0.4403737485408783,0.2586226463317871,0.02780967205762863,0.999172031879425,0.7215250730514526,0.3764882981777191,0.0,0.9470521211624146,0.2906002700328827,0.20563408732414246,0.0,0.9512102007865906,0.6337440013885498,0.44238176941871643,0.0,0.944703221321106,0.3488011360168457,0.10688064992427826,0.0,0.9595075249671936,0.603732168674469,0.46828246116638184,0.0,0.9339043498039246,0.3673468828201294,0.09277954697608948,0.0,0.9362922310829163,0.5837973356246948,0.45713990926742554,0.0,0.9358718395233154,0.38720428943634033,0.0928095206618309,0.0,0.9324473142623901,0.5880624055862427,0.44990578293800354,0.0,0.9254736304283142,0.38170453906059265,0.09955167770385742,0.0,0.929791271686554,0.5779789686203003,0.48353201150894165,0.0,0.9998742938041687,0.45482203364372253,0.47705143690109253,0.07069500535726547,0.9998177886009216,0.5900835394859314,0.6157373189926147,0.0,0.9698794484138489,0.33408093452453613,0.6032840013504028,0.04532795026898384,0.9323449730873108,0.6430280804634094,0.7069257497787476,0.3211520314216614,0.9747772216796875,0.3130861222743988,0.7308923602104187,0.19573137164115906,0.9581562876701355,0.652728796005249,0.7129638195037842,0.3422408699989319,0.8537907004356384,0.32952430844306946,0.7472518682479858,0.20871999859809875,0.8430070877075195,0.6223239302635193,0.7584115266799927,0.20100881159305573,0.9667448401451111,0.22326108813285828,0.7782406806945801,0.10409977287054062,0.9464887976646423,high,high,high,high,high,high,high,high,high,high,high,high,high,high,high,high,high,high,high,high,high,high,high,high,high,high,high,high,high,high,high,high,high
165,5.5,0.5572076439857483,0.18725624680519104,0.0,0.9998902678489685,0.573032557964325,0.17713400721549988,0.0,0.9998337030410767,0.5834625959396362,0.17958596348762512,0.0,0.9998192191123962,0.5940837264060974,0.18203173577785492,0.0,0.9999040365219116,0.544638991355896,0.17199715971946716,0.0,0.999758780002594,0.5347090363502502,0.17135854065418243,0.0,0.9996895790100098,0.5252776741981506,0.17112654447555542,0.0,0.9997228384017944,0.5989369750022888,0.19236613810062408,0.0,0.999907910823822,0.5149402618408203,0.17994603514671326,0.0,0.9991132020950317,0.5694045424461365,0.2062685489654541,0.0,0.9998138546943665,0.5369394421577454,0.1995985507965088,0.0,0.9996277093887329,0.6463333368301392,0.2757197916507721,0.0,0.9999517798423767,0.4397774636745453,0.2535303831100464,0.028983309864997864,0.9991655349731445,0.7211809754371643,0.37213414907455444,0.0,0.9461257457733154,0.2889852225780487,0.19977915287017822,0.0,0.948920726776123,0.6288819909095764,0.43825745582580566,0.0,0.9453825950622559,0.3479495048522949,0.10134098678827286,0.0,0.9571386575698853,0.5993092060089111,0.46460312604904175,0.0,0.9350347518920898,0.35951265692710876,0.08692103624343872,0.0,0.9331116676330566,0.5793790221214294,0.45326441526412964,0.0,0.9367712140083313,0.3821588158607483,0.08658652007579803,0.0,0.9287232756614685,0.5836907625198364,0.4460180699825287,0.0,0.9251753687858582,0.3804113566875458,0.0936475619673729,0.0,0.926131010055542,0.5748577117919922,0.4802146553993225,0.0,0.9998797178268433,0.45284679532051086,0.47446197271347046,0.0666399672627449,0.9998264312744141,0.5907683968544006,0.6127172112464905,0.007879394106566906,0.965353786945343,0.3447338938713074,0.6044384241104126,0.04814811795949936,0.9323329925537109,0.6418482065200806,0.7068368196487427,0.330081045627594,0.972233772277832,0.3124155104160309,0.7321047186851501,0.19792477786540985,0.9598508477210999,0.6496689915657043,0.7126597166061401,0.3510054051876068,0.838192880153656,0.3287888765335083,0.748505175113678,0.22463756799697876,0.8460907340049744,0.6240634918212891,0.7579644918441772,0.20712551474571228,0.9628360271453857,0.22161328792572021,0.7796418070793152,0.10615446418523788,0.9481117725372314,high,high,high,high,high,high,high,high,high,high,high,high,high,high,high,high,high,high,high,high,high,high,high,high,high,high,high,high,high,high,high,high,high
166,5.533333333333333,0.5560075640678406,0.18109558522701263,0.0,0.9998490810394287,0.5717765092849731,0.17039713263511658,0.0,0.9997627139091492,0.5819918513298035,0.17260505259037018,0.0,0.9997345805168152,0.5924991965293884,0.17480534315109253,0.0,0.9998701214790344,0.5435808300971985,0.166025310754776,0.0,0.9996486306190491,0.5336858630180359,0.1653362661600113,0.0,0.9995228052139282,0.5243646502494812,0.16499044001102448,0.0,0.9995869398117065,0.5981348156929016,0.1847810298204422,0.0,0.9998816251754761,0.5143938660621643,0.1731143295764923,0.0,0.9987198710441589,0.5681185126304626,0.19907334446907043,0.0,0.9997698068618774,0.5353618860244751,0.19295522570610046,0.0,0.9995254278182983,0.6453374624252319,0.26815634965896606,0.0,0.9999504089355469,0.4276888072490692,0.2428661584854126,0.026600005105137825,0.9991011619567871,0.7140135765075684,0.36645275354385376,0.0,0.9388458132743835,0.28018251061439514,0.1857917457818985,0.0,0.9441496729850769,0.6255566477775574,0.4312519431114197,0.0,0.9400959014892578,0.3212493360042572,0.0868828073143959,0.0,0.9474883079528809,0.5962979793548584,0.4569825232028961,0.0,0.9292110204696655,0.31373855471611023,0.06540842354297638,0.0,0.9202839732170105,0.577361524105072,0.44664740562438965,0.0,0.9307630062103271,0.3344113230705261,0.06687833368778229,0.0,0.9146595597267151,0.5815967321395874,0.4382449686527252,0.0,0.9162974953651428,0.34173133969306946,0.07610611617565155,0.0,0.9115415811538696,0.5678802132606506,0.4759292006492615,0.0,0.9998849630355835,0.4418448507785797,0.47192278504371643,0.03611002489924431,0.9998337626457214,0.5897413492202759,0.6101535558700562,0.04795900359749794,0.9574074745178223,0.3561786711215973,0.60677170753479,0.016156386584043503,0.9288033246994019,0.6286600232124329,0.7063700556755066,0.36306583881378174,0.9670083522796631,0.31421929597854614,0.7324989438056946,0.19827963411808014,0.9593798518180847,0.6206940412521362,0.7125179171562195,0.3831564486026764,0.8120885491371155,0.3295193612575531,0.7484409809112549,0.21648100018501282,0.8380857110023499,0.6256222724914551,0.7559637427330017,0.2510215640068054,0.9541768431663513,0.22464199364185333,0.7826364040374756,0.09032449871301651,0.9461301565170288,high,high,high,high,high,high,high,high,high,high,high,high,high,high,high,high,high,high,high,high,high,high,high,high,high,high,high,high,high,high,high,high,high
167,5.566666666666666,0.5526348352432251,0.17240965366363525,0.0,0.9998354911804199,0.5688349604606628,0.16186484694480896,0.0,0.9997341632843018,0.5799006223678589,0.16350500285625458,0.0,0.9997006058692932,0.5883510112762451,0.16502539813518524,0.0,0.9998570084571838,0.5412400364875793,0.159051313996315,0.0,0.9996074438095093,0.5311580896377563,0.15846359729766846,0.0,0.9994588494300842,0.5220252871513367,0.15823569893836975,0.0,0.9995357394218445,0.5941216945648193,0.17594362795352936,0.0,0.9998713135719299,0.5089150071144104,0.1675032526254654,0.0,0.998563826084137,0.5651414394378662,0.1898217350244522,0.0,0.9997594952583313,0.5322865843772888,0.18435585498809814,0.0,0.9994982481002808,0.6432186961174011,0.2604893147945404,0.0,0.9999511241912842,0.4173186123371124,0.23404809832572937,0.012743467465043068,0.9990870952606201,0.7035932540893555,0.359602689743042,0.0,0.9340893626213074,0.27068838477134705,0.17871616780757904,0.0,0.9414175152778625,0.6245543956756592,0.4247611463069916,0.0,0.9377800822257996,0.2845214605331421,0.0734826847910881,0.0,0.9430367946624756,0.5945444703102112,0.44941139221191406,0.0,0.926362931728363,0.27369749546051025,0.045679524540901184,0.0,0.9142987728118896,0.5766332745552063,0.44041013717651367,0.0,0.9280070066452026,0.29253333806991577,0.04232064634561539,0.0,0.9080604314804077,0.5807362198829651,0.43124932050704956,0.0,0.91202312707901,0.2992823123931885,0.05386167764663696,0.0,0.904951810836792,0.5626830458641052,0.4642013609409332,0.0,0.999889075756073,0.4345300793647766,0.4611738622188568,0.020065302029252052,0.9998396039009094,0.5851868987083435,0.6030557751655579,0.06257344782352448,0.952364981174469,0.3711714744567871,0.6030540466308594,0.003350373823195696,0.9262681603431702,0.5921030640602112,0.7062360048294067,0.3457118570804596,0.9644662737846375,0.3168903887271881,0.7317585945129395,0.17888221144676208,0.9598934650421143,0.5803061723709106,0.7125867605209351,0.36328208446502686,0.7917660474777222,0.33021676540374756,0.7470172047615051,0.19143810868263245,0.8314720988273621,0.6158364415168762,0.7532916069030762,0.2211197465658188,0.9500014781951904,0.22935225069522858,0.7828313112258911,0.0521995984017849,0.9460271596908569,high,high,high,high,high,high,high,high,high,high,high,high,high,high,high,high,high,high,high,high,high,high,high,high,high,high,high,high,high,high,high,high,high
168,5.6,0.5426616668701172,0.1639038622379303,0.0,0.9998266696929932,0.5570988655090332,0.15461388230323792,0.0,0.9997199177742004,0.567207932472229,0.15660837292671204,0.0,0.9996863603591919,0.5775800943374634,0.15882565081119537,0.0,0.9998514652252197,0.5318496823310852,0.15144415199756622,0.0,0.9995805025100708,0.522885799407959,0.15093085169792175,0.0,0.9994199872016907,0.5121721029281616,0.15146365761756897,0.0,0.9994968771934509,0.5852983593940735,0.17144952714443207,0.0,0.9998692870140076,0.4969681203365326,0.16238507628440857,0.0,0.9984697699546814,0.5529967546463013,0.1828307807445526,0.0,0.9997522234916687,0.5197387933731079,0.17757168412208557,0.0,0.9994704723358154,0.6392874121665955,0.25494441390037537,0.0,0.9999504685401917,0.406394362449646,0.2310287207365036,0.0,0.9990075826644897,0.6921530961990356,0.35266226530075073,0.0,0.934077799320221,0.2532603144645691,0.16736295819282532,0.0,0.939909040927887,0.6160290837287903,0.420471727848053,0.0,0.9396109580993652,0.2737544775009155,0.05307062342762947,0.0,0.9393686056137085,0.5853323340415955,0.44437775015830994,0.0,0.9286529421806335,0.27518025040626526,0.025419974699616432,0.0,0.9101993441581726,0.5711252093315125,0.43628206849098206,0.0,0.9303445816040039,0.29397842288017273,0.023754943162202835,0.0,0.9034168124198914,0.5741668939590454,0.42754679918289185,0.0,0.9143878221511841,0.2974497377872467,0.034855592995882034,0.0,0.9009237885475159,0.5483224391937256,0.4603525698184967,0.0,0.9998905658721924,0.4188370108604431,0.4566330015659332,0.015515390783548355,0.9998394250869751,0.5545752644538879,0.5993207693099976,0.05777377635240555,0.9506202340126038,0.370972603559494,0.6007455587387085,0.01571633480489254,0.9253308773040771,0.517069935798645,0.7058470249176025,0.33447396755218506,0.9645601511001587,0.32046636939048767,0.7290881872177124,0.19006890058517456,0.9613194465637207,0.49860894680023193,0.7131611704826355,0.35197150707244873,0.7879977822303772,0.3353401720523834,0.7459408044815063,0.20365187525749207,0.8327548503875732,0.5424627065658569,0.753775954246521,0.20939454436302185,0.949867844581604,0.22945599257946014,0.7801356911659241,0.06353344768285751,0.9475371241569519,high,high,high,high,high,high,high,high,high,high,high,high,high,high,high,high,high,high,high,high,high,high,high,high,high,high,high,high,high,high,high,high,high
169,5.633333333333334,0.5289427638053894,0.16270777583122253,0.0,0.9997999668121338,0.5426750779151917,0.1544637382030487,0.0,0.9996727108955383,0.551636815071106,0.15667130053043365,0.0,0.9996341466903687,0.5609866976737976,0.15928128361701965,0.0,0.9998296499252319,0.517842173576355,0.15126308798789978,0.0,0.9995088577270508,0.5064976811408997,0.15117141604423523,0.0,0.9993195533752441,0.4965187907218933,0.1516856849193573,0.0,0.9994136691093445,0.5729494094848633,0.1721642166376114,0.0,0.9998501539230347,0.480695903301239,0.16334478557109833,0.0,0.9982019662857056,0.539548397064209,0.18096938729286194,0.0,0.9997261762619019,0.5030378699302673,0.1771722137928009,0.0,0.999403715133667,0.6329981684684753,0.2528110146522522,0.0,0.9999492764472961,0.3967461884021759,0.23301172256469727,0.0,0.9989649653434753,0.6825664639472961,0.3474840521812439,0.0,0.9328044056892395,0.24857833981513977,0.16683830320835114,0.0,0.9402586221694946,0.612622857093811,0.4149765074253082,0.0,0.9402334690093994,0.27481985092163086,0.05476585775613785,0.0,0.9382380247116089,0.5827056765556335,0.4399462342262268,0.0,0.9291619658470154,0.2819536030292511,0.03042459487915039,0.0,0.9082097411155701,0.5692971348762512,0.4335562586784363,0.0,0.930889368057251,0.30081480741500854,0.029568826779723167,0.0,0.9008654952049255,0.572431743144989,0.42451605200767517,0.0,0.9147754907608032,0.30357223749160767,0.038363613188266754,0.0,0.8983786106109619,0.5419390797615051,0.4581652283668518,0.0,0.9998926520347595,0.41259536147117615,0.4543280601501465,0.0140839247033,0.99984210729599,0.5296352505683899,0.596286416053772,0.05733523890376091,0.9494807720184326,0.36723849177360535,0.599330723285675,0.016503414139151573,0.9251753091812134,0.49301379919052124,0.706153154373169,0.33351895213127136,0.9649664163589478,0.3205143213272095,0.7277377843856812,0.17614296078681946,0.962885320186615,0.47247856855392456,0.7172175645828247,0.3383323848247528,0.7857511639595032,0.3364792466163635,0.7455467581748962,0.18428020179271698,0.8341361880302429,0.5291116237640381,0.7541263103485107,0.1752035766839981,0.9499648213386536,0.22921934723854065,0.7786335945129395,0.03467535972595215,0.9490765333175659,high,high,high,high,high,high,high,high,high,high,high,high,high,high,high,high,high,high,high,high,high,high,high,high,high,high,high,high,high,high,high,high,high
170,5.666666666666667,0.5148635506629944,0.16203182935714722,0.0,0.9997708201408386,0.5296690464019775,0.15259841084480286,0.0,0.9996366500854492,0.5395922660827637,0.15487265586853027,0.0,0.9995934367179871,0.549017608165741,0.15743955969810486,0.0,0.9998117685317993,0.5022830963134766,0.14947453141212463,0.0,0.9994519352912903,0.49225297570228577,0.14946846663951874,0.0,0.9992426037788391,0.4825429320335388,0.15028958022594452,0.0,0.9993539452552795,0.5627806186676025,0.16979750990867615,0.0,0.9998328685760498,0.46776339411735535,0.16200558841228485,0.0,0.998016357421875,0.5265107154846191,0.17915508151054382,0.0,0.9996939301490784,0.4897559583187103,0.17666319012641907,0.0,0.9993252158164978,0.6270332932472229,0.2509169280529022,0.0,0.9999455213546753,0.3893192708492279,0.2334272563457489,0.0,0.9989196062088013,0.6639581322669983,0.34637993574142456,0.0,0.929132878780365,0.24714915454387665,0.16645100712776184,0.0,0.9407562613487244,0.6056720018386841,0.41584092378616333,0.0,0.9392687082290649,0.27721256017684937,0.05771896243095398,0.0,0.9370216131210327,0.5783565640449524,0.44167476892471313,0.0,0.9281798601150513,0.28596779704093933,0.03516587242484093,0.0,0.9063876867294312,0.566338837146759,0.43504348397254944,0.0,0.929935872554779,0.3041938245296478,0.034382034093141556,0.0,0.89862459897995,0.5695599317550659,0.4260225296020508,0.0,0.9135103225708008,0.3068509101867676,0.04248412698507309,0.0,0.8959017395973206,0.5321682691574097,0.4604899287223816,0.0,0.9998964071273804,0.39996159076690674,0.4558607041835785,0.015267071314156055,0.999847948551178,0.5160328149795532,0.5941987037658691,0.08115145564079285,0.9498881697654724,0.36676761507987976,0.5990647077560425,0.04186959192156792,0.9268114566802979,0.48099368810653687,0.7059289216995239,0.33032768964767456,0.9662495851516724,0.3163556754589081,0.7265174388885498,0.1942104548215866,0.9646555185317993,0.45381346344947815,0.7187845706939697,0.3383732736110687,0.7914738655090332,0.3337080776691437,0.7441155314445496,0.19557136297225952,0.83917236328125,0.5271228551864624,0.7540853023529053,0.17722339928150177,0.9516388773918152,0.22520139813423157,0.7773572206497192,0.03808489814400673,0.9513704776763916,high,high,high,high,high,high,high,high,high,high,high,high,high,high,high,high,high,high,high,high,high,high,high,high,high,high,high,high,high,high,high,high,high
171,5.7,0.5094703435897827,0.16159233450889587,0.0,0.9997471570968628,0.5245485305786133,0.15286926925182343,0.0,0.999603271484375,0.5342614650726318,0.15542207658290863,0.0,0.9995545148849487,0.5430946946144104,0.15805819630622864,0.0,0.9997937679290771,0.49723973870277405,0.14911843836307526,0.0,0.9994046688079834,0.4869864881038666,0.1493293195962906,0.0,0.9991804361343384,0.47737574577331543,0.1504722535610199,0.0,0.9993067383766174,0.5559191703796387,0.17010751366615295,0.0,0.9998140931129456,0.4635438621044159,0.16217462718486786,0.0,0.997867226600647,0.5192352533340454,0.17846828699111938,0.0,0.9996683597564697,0.4838706851005554,0.17631012201309204,0.0,0.9992707371711731,0.62275230884552,0.24966903030872345,0.0,0.9999415278434753,0.3857598900794983,0.23469099402427673,0.0,0.9988816380500793,0.6617024540901184,0.34451824426651,0.0,0.9271129369735718,0.24562498927116394,0.16597725450992584,0.0,0.9418010711669922,0.6038848161697388,0.4159088730812073,0.0,0.9387851357460022,0.27753937244415283,0.059052325785160065,0.0,0.9375544786453247,0.5768426060676575,0.4419492781162262,0.0,0.9275457262992859,0.28900325298309326,0.037183307111263275,0.0,0.9065190553665161,0.5654022097587585,0.4351828992366791,0.0,0.9293447136878967,0.3064359128475189,0.03625570982694626,0.0,0.8986706733703613,0.5687992572784424,0.42643260955810547,0.0,0.9126678109169006,0.3074973523616791,0.04406756907701492,0.0,0.8956784605979919,0.5293194651603699,0.4618537425994873,0.0,0.999896228313446,0.3981896638870239,0.4569084048271179,0.01834714785218239,0.9998493194580078,0.5125200748443604,0.5948464274406433,0.08688333630561829,0.9487274885177612,0.3660016357898712,0.5998268127441406,0.05679216980934143,0.9261781573295593,0.4797538220882416,0.7060016989707947,0.3502333462238312,0.9662461876869202,0.31314849853515625,0.7259503602981567,0.2410733699798584,0.9652103781700134,0.459177702665329,0.71891188621521,0.36137261986732483,0.7901678681373596,0.3291531801223755,0.7432159185409546,0.2493295669555664,0.8387468457221985,0.5216483473777771,0.7536137104034424,0.19190159440040588,0.9513763785362244,0.22086535394191742,0.7768047451972961,0.09099236875772476,0.9519005417823792,high,high,high,high,high,high,high,high,high,high,high,high,high,high,high,high,high,high,high,high,high,high,high,high,high,high,high,high,high,high,high,high,high
172,5.733333333333333,0.5015245079994202,0.16025686264038086,0.0,0.9997342228889465,0.516022264957428,0.1513138711452484,0.0,0.9995794892311096,0.525740921497345,0.15402911603450775,0.0,0.9995234608650208,0.534970223903656,0.15683868527412415,0.0,0.999778687953949,0.4889183044433594,0.14766818284988403,0.0,0.999377965927124,0.479594886302948,0.14812026917934418,0.0,0.9991466403007507,0.46905216574668884,0.14943869411945343,0.0,0.9992862939834595,0.5468705892562866,0.1689547300338745,0.0,0.9997904300689697,0.45609763264656067,0.16083715856075287,0.0,0.9977558255195618,0.5116292238235474,0.17744140326976776,0.0,0.9996418356895447,0.4773266613483429,0.1753055602312088,0.0,0.9992227554321289,0.6123108863830566,0.24861136078834534,0.0,0.9999352097511292,0.3788162171840668,0.23416385054588318,0.0,0.9988576769828796,0.6506288051605225,0.342157781124115,0.0,0.9230384230613708,0.24538613855838776,0.1657567173242569,0.0,0.9436608552932739,0.5992976427078247,0.41499289870262146,0.0,0.9349320530891418,0.2790229916572571,0.0571342334151268,0.0,0.9387978911399841,0.5734893083572388,0.44192034006118774,0.0,0.9233428835868835,0.30588293075561523,0.03941402956843376,0.0,0.907050609588623,0.5625730156898499,0.4351692795753479,0.0,0.9254546165466309,0.3225071430206299,0.038914941251277924,0.0,0.899192750453949,0.565724790096283,0.42611178755760193,0.0,0.9081169962882996,0.3095940351486206,0.04641087353229523,0.0,0.8960983753204346,0.5217282772064209,0.46250781416893005,0.0,0.9998960494995117,0.3905976712703705,0.45741719007492065,0.015652736648917198,0.9998523592948914,0.5060893893241882,0.5930720567703247,0.10838854312896729,0.9459397196769714,0.3579174876213074,0.5994210839271545,0.06813579052686691,0.9240095019340515,0.4776795208454132,0.705650269985199,0.40653762221336365,0.9657511115074158,0.310824453830719,0.7220897674560547,0.335649311542511,0.96458500623703,0.4580264687538147,0.7185858488082886,0.4222468137741089,0.7881150841712952,0.328022837638855,0.7374187707901001,0.3544691801071167,0.8341590762138367,0.5209624767303467,0.7530871033668518,0.2334132343530655,0.9504762291908264,0.22459714114665985,0.7762517333030701,0.18791648745536804,0.9506620764732361,high,high,high,high,high,high,high,high,high,high,high,high,high,high,high,high,high,high,high,high,high,high,high,high,high,high,high,high,high,high,high,high,high
173,5.766666666666667,0.4877840578556061,0.1575617641210556,0.0,0.999741792678833,0.5028860569000244,0.14912590384483337,0.0,0.9995912313461304,0.5125496983528137,0.15229114890098572,0.0,0.9995365142822266,0.521590530872345,0.15541136264801025,0.0,0.9997848868370056,0.4750767946243286,0.14484815299510956,0.0,0.9993920922279358,0.4642100930213928,0.1449986696243286,0.0,0.9991674423217773,0.453685462474823,0.14583763480186462,0.0,0.9993030428886414,0.5250848531723022,0.1679549664258957,0.0,0.9997923374176025,0.43265897035598755,0.15811185538768768,0.0,0.9977354407310486,0.4980677366256714,0.17563632130622864,0.0,0.9996508955955505,0.46203720569610596,0.17260140180587769,0.0,0.9992387294769287,0.5869254469871521,0.24771718680858612,0.0,0.9999368190765381,0.3524790108203888,0.2323320358991623,0.0,0.9988553524017334,0.6211978197097778,0.3420342206954956,0.0,0.9231505393981934,0.23610733449459076,0.16210320591926575,0.0,0.9435598254203796,0.5852112174034119,0.413593590259552,0.0,0.937256395816803,0.2510363459587097,0.056901197880506516,0.0,0.9341634511947632,0.5611099004745483,0.4402853548526764,0.0,0.9252387285232544,0.2563627064228058,0.03874164819717407,0.0,0.8993076682090759,0.5482314229011536,0.4320911467075348,0.0,0.9275659322738647,0.26871979236602783,0.038736604154109955,0.0,0.8914581537246704,0.5490331649780273,0.4227091670036316,0.0,0.9104333519935608,0.2697826027870178,0.0466870442032814,0.0,0.8885923624038696,0.5047162771224976,0.45844268798828125,0.04686301574110985,0.9998981356620789,0.3771994411945343,0.4544611871242523,0.0,0.9998536705970764,0.5111695528030396,0.586879312992096,0.10772093385457993,0.9433233737945557,0.3435930609703064,0.5967169404029846,0.0,0.9227355122566223,0.4888530671596527,0.7021802663803101,0.39757484197616577,0.9655170440673828,0.27059274911880493,0.714815080165863,0.3053314983844757,0.9638839364051819,0.4642754793167114,0.7148801684379578,0.41208118200302124,0.786942183971405,0.27069979906082153,0.7250798940658569,0.31524789333343506,0.8181939125061035,0.5286598801612854,0.7514203786849976,0.19983331859111786,0.9512038230895996,0.22714875638484955,0.7750548124313354,0.07886944711208344,0.9496681094169617,high,high,high,high,high,high,high,high,high,high,high,high,high,high,high,high,high,high,high,high,high,high,high,high,high,high,high,high,high,high,high,high,high
174,5.8,0.47386643290519714,0.15910637378692627,0.0,0.9997653365135193,0.48825767636299133,0.15032663941383362,0.0,0.9996289610862732,0.4978604316711426,0.15347611904144287,0.0,0.9995790719985962,0.5071867108345032,0.15652528405189514,0.0,0.9998045563697815,0.4597216844558716,0.1455846130847931,0.0,0.9994479417800903,0.4498112201690674,0.14531993865966797,0.0,0.9992440342903137,0.43817710876464844,0.14612257480621338,0.0,0.9993668794631958,0.5128315091133118,0.16904869675636292,0.0,0.9998109340667725,0.4219663739204407,0.1584879457950592,0.0,0.9979329705238342,0.4849998950958252,0.17717619240283966,0.0,0.9996814727783203,0.4508649706840515,0.17373855412006378,0.0,0.9993056058883667,0.5693763494491577,0.2488493025302887,0.0,0.9999410510063171,0.34172335267066956,0.23314960300922394,0.0,0.9989389777183533,0.5998197197914124,0.34176355600357056,0.0,0.9250847697257996,0.22611883282661438,0.16423271596431732,0.0,0.9470334053039551,0.5722141265869141,0.4108329713344574,0.0,0.9407716989517212,0.2256152331829071,0.058101363480091095,0.0,0.9376746416091919,0.5542675256729126,0.4362885355949402,0.0,0.9287418127059937,0.2183317244052887,0.03734787553548813,0.0,0.9041152596473694,0.5398488640785217,0.4287714958190918,0.0,0.9311352968215942,0.2287476360797882,0.03599699214100838,0.0,0.8968154788017273,0.5386630892753601,0.419355571269989,0.0,0.9147672653198242,0.2338285595178604,0.04420304670929909,0.0,0.893703818321228,0.4949577748775482,0.45781612396240234,0.08980143070220947,0.999904215335846,0.3708118498325348,0.4539400637149811,0.0,0.9998621940612793,0.5716149210929871,0.5777401328086853,0.0,0.9469569325447083,0.3383868634700775,0.5945854187011719,0.0,0.9283666014671326,0.49983397126197815,0.6908391714096069,0.3801397979259491,0.9670231938362122,0.24405594170093536,0.7087374925613403,0.1917462944984436,0.9660807847976685,0.4720180630683899,0.6995546221733093,0.40058860182762146,0.7985397577285767,0.23276157677173615,0.7166818380355835,0.2238709181547165,0.8184145092964172,0.5342855453491211,0.7478826642036438,0.18984733521938324,0.9540785551071167,0.22730752825737,0.7716425657272339,0.0,0.9525138735771179,high,high,high,high,high,high,high,high,high,high,high,high,high,high,high,high,high,high,high,high,high,high,high,high,high,high,high,high,high,high,high,high,high
175,5.833333333333333,0.4548514485359192,0.1671028733253479,0.0,0.9997816681861877,0.4719812572002411,0.15811851620674133,0.0,0.999655544757843,0.482595831155777,0.16002266108989716,0.0,0.9996082782745361,0.4928585886955261,0.16212581098079681,0.0,0.9998170137405396,0.4420633018016815,0.15539151430130005,0.0,0.9994892477989197,0.43255436420440674,0.15549705922603607,0.0,0.9993030428886414,0.42110636830329895,0.1558907926082611,0.0,0.9994164109230042,0.5012215375900269,0.17305852472782135,0.0,0.9998229742050171,0.41089972853660583,0.16600920259952545,0.0,0.998084545135498,0.46734946966171265,0.18479497730731964,0.0,0.9997000098228455,0.43298789858818054,0.18353953957557678,0.0,0.9993528127670288,0.5518122911453247,0.25394758582115173,0.0,0.9999406337738037,0.33073094487190247,0.2352401316165924,0.0,0.9990120530128479,0.5848405361175537,0.3421054482460022,0.0,0.9151501655578613,0.21633896231651306,0.16435496509075165,0.0,0.9501293301582336,0.553572952747345,0.4120360314846039,0.0,0.9292595982551575,0.20685532689094543,0.05504721403121948,0.0,0.9412305951118469,0.5361392498016357,0.4376605451107025,0.0,0.913845419883728,0.17847894132137299,0.0350438728928566,0.0,0.9090735912322998,0.5220504999160767,0.42980918288230896,0.0,0.9169682860374451,0.18406300246715546,0.03360041603446007,0.0,0.9023302793502808,0.5208014845848083,0.42058342695236206,0.0,0.8997631669044495,0.19768764078617096,0.040215592831373215,0.0,0.8987689018249512,0.48855358362197876,0.45859861373901367,0.0871574804186821,0.9999094605445862,0.3606241047382355,0.45461806654930115,0.0,0.9998714923858643,0.6051117181777954,0.5712565779685974,0.0,0.9513022899627686,0.3304941952228546,0.5969724655151367,0.0,0.9344092011451721,0.5023248791694641,0.678572416305542,0.2603236436843872,0.968757688999176,0.21416433155536652,0.7094867825508118,0.15109048783779144,0.9687849879264832,0.4811331331729889,0.6883593797683716,0.2998697757720947,0.8098785281181335,0.20124365389347076,0.7192268967628479,0.18100234866142273,0.8231810927391052,0.5492079257965088,0.7437958121299744,0.07592497766017914,0.9568777680397034,0.22869972884655,0.7699322700500488,0.0,0.9559436440467834,high,high,high,high,high,high,high,high,high,high,high,high,high,high,high,high,high,high,high,high,high,high,high,high,high,high,high,high,high,high,high,high,high
176,5.866666666666666,0.44102907180786133,0.18259760737419128,0.0,0.9997929930686951,0.45803511142730713,0.17284759879112244,0.0,0.9996756911277771,0.46789413690567017,0.17446443438529968,0.0,0.9996276497840881,0.4773576557636261,0.17623451352119446,0.0,0.9998245239257812,0.42898887395858765,0.16945230960845947,0.0,0.9995248913764954,0.41996365785598755,0.16932693123817444,0.0,0.9993546605110168,0.40943363308906555,0.1696965992450714,0.0,0.9994617104530334,0.48629218339920044,0.1862768828868866,0.0,0.9998279213905334,0.397733211517334,0.17916537821292877,0.0,0.9982187747955322,0.4515307545661926,0.19864822924137115,0.0,0.9997014999389648,0.4176764190196991,0.1968230903148651,0.0,0.9993805885314941,0.5286865830421448,0.2642763555049896,0.04095957800745964,0.9999309778213501,0.3169875741004944,0.24724099040031433,0.0,0.9990876913070679,0.5682722330093384,0.34997352957725525,0.11919466406106949,0.8572059869766235,0.2077874094247818,0.18163779377937317,0.0,0.9528019428253174,0.5356341004371643,0.4195996820926666,0.042600635439157486,0.8647539615631104,0.20050926506519318,0.06162209436297417,0.0,0.9449575543403625,0.5207931399345398,0.4442894458770752,0.04374789819121361,0.8489872217178345,0.16992251574993134,0.0362217053771019,0.0,0.9143548011779785,0.5079888701438904,0.4381090998649597,0.0,0.8526216149330139,0.17840245366096497,0.03496268764138222,0.0,0.9079895615577698,0.5066911578178406,0.4294285178184509,0.024168340489268303,0.8369795083999634,0.19456085562705994,0.04187817499041557,0.0,0.9037153720855713,0.4797378480434418,0.4640325903892517,0.1034509539604187,0.9999141097068787,0.35572487115859985,0.46785005927085876,0.0,0.9998807907104492,0.6268017888069153,0.5651876330375671,0.0,0.9536387920379639,0.3204287588596344,0.6074631810188293,0.0,0.9384827613830566,0.5113362073898315,0.6763588786125183,0.17696334421634674,0.9684261083602905,0.19461968541145325,0.7141238451004028,0.10606689751148224,0.9704986810684204,0.4860207140445709,0.6875344514846802,0.2119997888803482,0.8171278834342957,0.179048091173172,0.7213778495788574,0.13327060639858246,0.821194589138031,0.5728862285614014,0.7385190725326538,0.024576343595981598,0.9578385949134827,0.2295200079679489,0.7692649960517883,0.0,0.9579562544822693,high,high,high,high,high,high,high,high,high,high,high,high,high,high,high,high,high,high,high,high,high,high,high,high,high,high,high,high,high,high,high,high,high
177,5.9,0.44182515144348145,0.1871742308139801,0.0,0.9998075366020203,0.45866280794143677,0.17722450196743011,0.0,0.9997000098228455,0.4701736867427826,0.17888113856315613,0.0,0.9996544122695923,0.47984281182289124,0.18061897158622742,0.0,0.9998359084129333,0.4303370714187622,0.17375174164772034,0.0,0.9995631575584412,0.420423686504364,0.17352436482906342,0.0,0.999409019947052,0.40885069966316223,0.17397147417068481,0.0,0.9995077848434448,0.483568012714386,0.19074352085590363,0.0,0.9998397827148438,0.3937453329563141,0.18303512036800385,0.0,0.9983676671981812,0.4509257972240448,0.2031564712524414,0.0,0.9997193813323975,0.417054146528244,0.1999787986278534,0.0,0.9994267821311951,0.527841329574585,0.26939719915390015,0.009798119775950909,0.9999258518218994,0.3157767951488495,0.250610888004303,0.0,0.9991565346717834,0.5655301213264465,0.3625938296318054,0.06419837474822998,0.8342156410217285,0.2058446705341339,0.18641358613967896,0.0,0.9561363458633423,0.5263859033584595,0.43092361092567444,4.389233254187275e-06,0.8311651945114136,0.20007985830307007,0.06258615851402283,0.0,0.9491592645645142,0.5141967535018921,0.4538780152797699,0.0,0.8108181953430176,0.16989687085151672,0.035936132073402405,0.0,0.9205005764961243,0.5009127259254456,0.44725456833839417,0.0,0.8155496716499329,0.17577239871025085,0.03465849906206131,0.0,0.914612889289856,0.4991927742958069,0.4386630058288574,0.0,0.8008801341056824,0.18982574343681335,0.04207725077867508,0.0,0.910062313079834,0.4791465401649475,0.4669075608253479,0.10223035514354706,0.9999164938926697,0.35215485095977783,0.4734150767326355,0.0,0.9998874068260193,0.6335828304290771,0.56352698802948,0.0,0.9578103423118591,0.3172954022884369,0.6102725863456726,0.0,0.9436587691307068,0.5211034417152405,0.6757267713546753,0.15959486365318298,0.9697643518447876,0.19719815254211426,0.7146384119987488,0.11069909483194351,0.972684383392334,0.4878128468990326,0.6863674521446228,0.20500364899635315,0.8270158767700195,0.18134789168834686,0.722495436668396,0.17321838438510895,0.8253832459449768,0.5804740190505981,0.737642228603363,0.0,0.9599907398223877,0.22977767884731293,0.7673108577728271,0.0,0.9606234431266785,high,high,high,high,high,high,high,high,high,high,high,high,high,high,high,high,high,high,high,high,high,high,high,high,high,high,high,high,high,high,high,high,high
178,5.933333333333334,0.43303439021110535,0.1937061995267868,0.0,0.999824047088623,0.44663476943969727,0.1842869222164154,0.0,0.9997263550758362,0.4566362500190735,0.18557336926460266,0.0,0.9996839761734009,0.4675336182117462,0.18699310719966888,0.0,0.9998489022254944,0.4218318462371826,0.18187299370765686,0.0,0.9996035695075989,0.4127839505672455,0.18175014853477478,0.0,0.9994650483131409,0.4012594521045685,0.1824035346508026,0.0,0.9995548129081726,0.4730091094970703,0.19855569303035736,0.0,0.9998522996902466,0.38571450114250183,0.19231337308883667,0.0,0.9985228776931763,0.44097501039505005,0.21016445755958557,0.0,0.9997416138648987,0.4102177917957306,0.2069139927625656,0.0,0.999478280544281,0.5216071009635925,0.27929526567459106,0.0,0.9999175667762756,0.3073142468929291,0.2612282633781433,0.0,0.9992334842681885,0.5561265349388123,0.37400129437446594,0.1068575531244278,0.7978371381759644,0.20260117948055267,0.19731467962265015,0.0,0.9600027799606323,0.5154346823692322,0.4430670142173767,0.055231284350156784,0.7834394574165344,0.1953108310699463,0.07307200878858566,0.0,0.9539551734924316,0.5093013048171997,0.46556639671325684,0.05687265843153,0.7625126838684082,0.17222675681114197,0.0421525314450264,0.0,0.9278264045715332,0.49676400423049927,0.45901769399642944,0.0,0.7685145735740662,0.1785494089126587,0.03921440616250038,0.0,0.9224823117256165,0.4933490455150604,0.45063304901123047,0.026887197047472,0.7558717131614685,0.19110704958438873,0.04930787533521652,0.0,0.9180492162704468,0.4742697477340698,0.4746677279472351,0.13747400045394897,0.9999200105667114,0.34343668818473816,0.4812852740287781,0.0,0.9998957514762878,0.6395387649536133,0.5612561702728271,0.0,0.9617655277252197,0.3097914159297943,0.6208052635192871,0.0,0.9487791657447815,0.5303245186805725,0.6738017797470093,0.18691757321357727,0.9715209603309631,0.19431112706661224,0.7188805341720581,0.23142153024673462,0.9747954607009888,0.4882166087627411,0.6863918900489807,0.23591011762619019,0.8396425247192383,0.17966972291469574,0.7256524562835693,0.2881307899951935,0.8318672776222229,0.5996015071868896,0.7343224287033081,0.012808442115783691,0.962643563747406,0.23028859496116638,0.7669492959976196,0.0,0.9632756114006042,high,high,high,high,high,high,high,high,high,high,high,high,high,high,high,high,high,high,high,high,high,high,high,high,high,high,high,high,high,high,high,high,high
179,5.966666666666667,0.42542096972465515,0.20093002915382385,0.0,0.9998371005058289,0.43541979789733887,0.1921079456806183,0.0,0.999747633934021,0.4436265826225281,0.1935615837574005,0.0,0.9997071623802185,0.45385077595710754,0.1952420175075531,0.0,0.9998587369918823,0.41367632150650024,0.1898215413093567,0.0,0.9996374249458313,0.40496012568473816,0.1901167929172516,0.0,0.9995125532150269,0.393377423286438,0.19113785028457642,0.0,0.9995949864387512,0.4580487906932831,0.2085658609867096,0.0,0.9998610615730286,0.37260785698890686,0.20315389335155487,0.0,0.9986532926559448,0.4329650104045868,0.21798117458820343,0.0,0.999758243560791,0.40264761447906494,0.21505451202392578,0.0,0.9995200634002686,0.5106502175331116,0.2881666421890259,0.0,0.9999134540557861,0.28759878873825073,0.278679758310318,0.0,0.9992997050285339,0.5502777099609375,0.3814093768596649,0.12998013198375702,0.7755491137504578,0.19622802734375,0.21653470396995544,0.0,0.9635111689567566,0.5077255964279175,0.44622334837913513,0.026462402194738388,0.7574195861816406,0.20266664028167725,0.10578415542840958,0.0,0.958151638507843,0.4999643862247467,0.46973752975463867,0.02133328653872013,0.7339090704917908,0.18895429372787476,0.07609859108924866,0.0,0.9341197609901428,0.4879051148891449,0.46322113275527954,0.0,0.7412909269332886,0.19729961454868317,0.07249943166971207,0.0,0.9292290806770325,0.485281765460968,0.4547045826911926,0.001359115238301456,0.7295306921005249,0.20710276067256927,0.08352074772119522,0.0,0.9247482419013977,0.4703831076622009,0.48282837867736816,0.14286772906780243,0.9999228715896606,0.3377611041069031,0.49015480279922485,0.0,0.999902606010437,0.6322622895240784,0.5650953650474548,0.0,0.964933454990387,0.30438336730003357,0.6278551816940308,0.0,0.9529704451560974,0.5397241711616516,0.6762836575508118,0.27379530668258667,0.9726526737213135,0.1928834319114685,0.7219612002372742,0.22886039316654205,0.9763335585594177,0.49303197860717773,0.6868986487388611,0.32531580328941345,0.849547266960144,0.17434760928153992,0.7276903986930847,0.2734760642051697,0.833785891532898,0.6070026755332947,0.738324761390686,0.11066556721925735,0.9644969701766968,0.2320908159017563,0.7666189074516296,0.0,0.9650633335113525,high,high,high,high,high,high,high,high,high,high,high,high,high,high,high,high,high,high,high,high,high,high,high,high,high,high,high,high,high,high,high,high,high
180,6.0,0.41824471950531006,0.204996258020401,0.0,0.9998372793197632,0.4282461702823639,0.193350687623024,0.0,0.9997462630271912,0.43859559297561646,0.19448938965797424,0.0,0.9997001886367798,0.44890615344047546,0.19599641859531403,0.0,0.9998507499694824,0.4051203429698944,0.19217678904533386,0.0,0.99964839220047,0.39637768268585205,0.19262836873531342,0.0,0.9995343685150146,0.38586655259132385,0.19374260306358337,0.0,0.9996174573898315,0.45317551493644714,0.20833401381969452,0.0,0.9998403787612915,0.3677467703819275,0.20430299639701843,0.0,0.9987061023712158,0.4283783733844757,0.22223901748657227,0.0,0.9997409582138062,0.39747175574302673,0.21920356154441833,0.0,0.9995241761207581,0.5100205540657043,0.28734850883483887,0.0,0.999897301197052,0.28854289650917053,0.2824355661869049,0.0,0.9993472695350647,0.5482511520385742,0.3799965977668762,0.004956768825650215,0.7645682692527771,0.19000503420829773,0.22484703361988068,0.0,0.9665985703468323,0.5113732814788818,0.44488295912742615,0.0,0.7363204956054688,0.20209577679634094,0.11871910095214844,0.0,0.961799681186676,0.50301194190979,0.46895575523376465,0.0,0.7101768255233765,0.19623546302318573,0.09978701919317245,0.0,0.9393256902694702,0.4892996549606323,0.46302133798599243,0.0,0.7182989716529846,0.20902422070503235,0.09927307069301605,0.0,0.934806227684021,0.48725154995918274,0.4539983868598938,0.0,0.7068685293197632,0.2110310047864914,0.10552344471216202,0.0,0.930213987827301,0.4695502519607544,0.4865023195743561,0.12117034196853638,0.9999158978462219,0.3374062776565552,0.4916636049747467,0.0,0.9999033212661743,0.6242548823356628,0.5743089318275452,0.0,0.966738224029541,0.29987940192222595,0.6268160343170166,0.0,0.9556686878204346,0.5395426154136658,0.6863384246826172,0.31811320781707764,0.9719815254211426,0.19510912895202637,0.7232664227485657,0.22723020613193512,0.9765399098396301,0.49366873502731323,0.6965759992599487,0.3594764769077301,0.8534147143363953,0.1789008229970932,0.7288985252380371,0.26701802015304565,0.8274964690208435,0.6023935675621033,0.7461370229721069,0.1626860350370407,0.9639430642127991,0.2341538816690445,0.7661819458007812,0.0,0.9645176529884338,high,high,high,high,high,high,high,high,high,high,high,high,high,high,high,high,high,high,high,high,high,high,high,high,high,high,high,high,high,high,high,high,high
181,6.033333333333333,0.41881462931632996,0.20129244029521942,0.0,0.999832272529602,0.4320896863937378,0.1903841346502304,0.0,0.9997320771217346,0.4420929253101349,0.19168934226036072,0.0,0.9996815323829651,0.45199936628341675,0.19332943856716156,0.0,0.9998393654823303,0.406705766916275,0.18885523080825806,0.0,0.9996370077133179,0.3977336883544922,0.18912962079048157,0.0,0.999527096748352,0.38786375522613525,0.18995480239391327,0.0,0.9996139407157898,0.45445895195007324,0.2055576592683792,0.0,0.9998222589492798,0.36713507771492004,0.20031185448169708,0.0,0.9986510276794434,0.42956775426864624,0.2187967300415039,0.0,0.9997194409370422,0.39753690361976624,0.2156270295381546,0.0,0.999504029750824,0.5124723315238953,0.28472715616226196,0.0,0.9998961687088013,0.2870776057243347,0.27930426597595215,0.0,0.9993491172790527,0.5579670667648315,0.3779376149177551,0.0,0.7771324515342712,0.18506179749965668,0.2313172072172165,0.0,0.9682185649871826,0.518085241317749,0.44350665807724,0.0,0.7510975003242493,0.1937246471643448,0.12254510819911957,0.0,0.9635485410690308,0.5066234469413757,0.46823564171791077,0.0,0.7235251665115356,0.20019696652889252,0.10453009605407715,0.0,0.9412136077880859,0.4942938983440399,0.4621822237968445,0.0,0.7315889000892639,0.21033817529678345,0.10473302751779556,0.0,0.9369373321533203,0.49282172322273254,0.452958881855011,0.0,0.7193430662155151,0.21047081053256989,0.11119996011257172,0.0,0.9318808317184448,0.47321298718452454,0.4853678345680237,0.09123405814170837,0.9999067187309265,0.338830828666687,0.49036771059036255,0.0,0.9998928308486938,0.6067126989364624,0.5861911177635193,0.0,0.9664102792739868,0.2987963557243347,0.6242343187332153,0.0,0.954744815826416,0.5386219620704651,0.6963676810264587,0.2545444667339325,0.9692578315734863,0.19453032314777374,0.7235882878303528,0.21323052048683167,0.9746606349945068,0.49534618854522705,0.7065721154212952,0.2815016508102417,0.8441892266273499,0.17959409952163696,0.7291067242622375,0.2435714453458786,0.8078659772872925,0.58756422996521,0.748682975769043,0.08232269436120987,0.9611355066299438,0.2337016463279724,0.7658990621566772,0.003210259135812521,0.9612850546836853,high,high,high,high,high,high,high,high,high,high,high,high,high,high,high,high,high,high,high,high,high,high,high,high,high,high,high,high,high,high,high,high,high
182,6.066666666666666,0.4228099286556244,0.19624102115631104,0.0,0.9998307824134827,0.4364284873008728,0.18700475990772247,0.0,0.9997232556343079,0.44639384746551514,0.18896307051181793,0.0,0.9996677041053772,0.4559602439403534,0.1911272555589676,0.0,0.9998327493667603,0.4102421998977661,0.18520602583885193,0.0,0.9996318817138672,0.40082547068595886,0.186113178730011,0.0,0.9995253682136536,0.39084598422050476,0.18720559775829315,0.0,0.999614953994751,0.4580560326576233,0.20226359367370605,0.0,0.9998096823692322,0.3698885142803192,0.1978759467601776,0.0,0.9986283779144287,0.4342849850654602,0.21486282348632812,0.0,0.9997153878211975,0.4005435109138489,0.2112220823764801,0.0,0.9995026588439941,0.5177487730979919,0.27963995933532715,0.0,0.9999006986618042,0.29340556263923645,0.2756618559360504,0.0,0.9993771910667419,0.5625841617584229,0.37031883001327515,0.0,0.7857811450958252,0.17908668518066406,0.23239517211914062,0.0,0.9699620604515076,0.5273378491401672,0.4403901994228363,0.0,0.7711575031280518,0.1875489056110382,0.11811105906963348,0.0,0.9665142297744751,0.509225606918335,0.46785789728164673,0.0,0.7455564737319946,0.1997988373041153,0.10065872967243195,0.0,0.9457616806030273,0.4962385296821594,0.4613513946533203,0.0,0.7532477974891663,0.20686405897140503,0.09989902377128601,0.0,0.9418447613716125,0.49751952290534973,0.4511569142341614,0.0,0.7406560182571411,0.20506522059440613,0.10587543249130249,0.0,0.9369195103645325,0.4741210639476776,0.4842808246612549,0.08593737334012985,0.9999001026153564,0.34139198064804077,0.4885290563106537,0.0,0.9998838305473328,0.5703734755516052,0.6005078554153442,0.05463206022977829,0.9493272304534912,0.30065473914146423,0.622577965259552,0.0,0.9422633647918701,0.5278661847114563,0.7097119092941284,0.33566439151763916,0.9633643627166748,0.19773100316524506,0.7232774496078491,0.22137846052646637,0.9668205976486206,0.49499762058258057,0.7195626497268677,0.3489750027656555,0.8281981348991394,0.1841505914926529,0.7291327118873596,0.24993489682674408,0.7753206491470337,0.5701838135719299,0.7569442391395569,0.12754948437213898,0.9566745758056641,0.2336222529411316,0.7659958600997925,0.034672364592552185,0.9528414011001587,high,high,high,high,high,high,high,high,high,high,high,high,high,high,high,high,high,high,high,high,high,high,high,high,high,high,high,high,high,high,high,high,high
183,6.1,0.4249669015407562,0.19340327382087708,0.0,0.9998311996459961,0.43844836950302124,0.18449851870536804,0.0,0.9997197389602661,0.44841161370277405,0.18685421347618103,0.0,0.999661386013031,0.45779064297676086,0.189127117395401,0.0,0.999829888343811,0.41208258271217346,0.18188312649726868,0.0,0.9996321797370911,0.40254712104797363,0.1827554851770401,0.0,0.9995297193527222,0.3926140367984772,0.18373291194438934,0.0,0.9996199607849121,0.45982643961906433,0.19949427247047424,0.0,0.9998041987419128,0.37145373225212097,0.19496987760066986,0.0,0.9986314177513123,0.4365333616733551,0.2124675214290619,0.0,0.999717116355896,0.40250155329704285,0.2089841663837433,0.0,0.9995094537734985,0.5202748775482178,0.2767493426799774,0.0,0.9999054074287415,0.2967674434185028,0.27363720536231995,0.0,0.9994066953659058,0.5659105777740479,0.3665328919887543,0.0,0.7932616472244263,0.17754778265953064,0.23212406039237976,0.0,0.9715473055839539,0.5347709655761719,0.43799203634262085,0.0,0.7896590828895569,0.18584999442100525,0.11817950010299683,0.0,0.9692084789276123,0.5124499201774597,0.4676421582698822,0.0,0.7659709453582764,0.19803474843502045,0.09964963793754578,0.0,0.9499550461769104,0.4984302818775177,0.4600047469139099,0.0,0.7732709646224976,0.20477716624736786,0.09862145781517029,0.0,0.946371853351593,0.5017240047454834,0.4492490291595459,0.0,0.7604435682296753,0.20361874997615814,0.10513012111186981,0.0,0.9415818452835083,0.47515204548835754,0.48355141282081604,0.08022628724575043,0.9998955130577087,0.3428567349910736,0.4874546527862549,0.0,0.999876856803894,0.5608223676681519,0.604333758354187,0.044745273888111115,0.9347122311592102,0.3015303611755371,0.6217079758644104,0.0,0.932476282119751,0.524000883102417,0.7142610549926758,0.33062395453453064,0.9577761888504028,0.19883733987808228,0.7232128977775574,0.2177075892686844,0.9600849151611328,0.4955602288246155,0.7239776849746704,0.34609255194664,0.8127143383026123,0.18525168299674988,0.7291914820671082,0.24465353786945343,0.7463245987892151,0.5641767382621765,0.7606082558631897,0.12933024764060974,0.9527094960212708,0.23341038823127747,0.7660046219825745,0.035771097987890244,0.9460818767547607,high,high,high,high,high,high,high,high,high,high,high,high,high,high,high,high,high,high,high,high,high,high,high,high,high,high,high,high,high,high,high,high,high
184,6.133333333333334,0.42656654119491577,0.1851472556591034,0.0,0.9998365640640259,0.4399944245815277,0.17514126002788544,0.0,0.9997215270996094,0.45057982206344604,0.1771223545074463,0.0,0.9996633529663086,0.4600144326686859,0.17897291481494904,0.0,0.9998292326927185,0.41199079155921936,0.172334223985672,0.0,0.9996380805969238,0.40242961049079895,0.17222268879413605,0.0,0.9995424151420593,0.3924978971481323,0.1720016896724701,0.0,0.9996286630630493,0.4629077613353729,0.1890428513288498,0.0,0.9998023509979248,0.37226155400276184,0.18301260471343994,0.0,0.9986604452133179,0.4385637044906616,0.20168998837471008,0.0,0.9997230768203735,0.4044838845729828,0.2000134289264679,0.0,0.999521791934967,0.5223774909973145,0.2654079794883728,0.0,0.9999101161956787,0.299010694026947,0.2657008469104767,0.0,0.9994262456893921,0.5679037570953369,0.3579332232475281,0.0,0.8058796525001526,0.17590245604515076,0.23120065033435822,0.0,0.9726666808128357,0.5490491986274719,0.43180203437805176,0.0,0.8081715106964111,0.18004614114761353,0.11785127967596054,0.0,0.9717949628829956,0.5275787115097046,0.46156033873558044,0.0,0.7865644693374634,0.186026930809021,0.0949527770280838,0.0,0.9540128707885742,0.5127105116844177,0.45289334654808044,0.0,0.7934021353721619,0.19141709804534912,0.09319736063480377,0.0,0.9507570862770081,0.5160795450210571,0.44271165132522583,0.0,0.7808846235275269,0.1942896693944931,0.10089363902807236,0.0,0.9462021589279175,0.48467808961868286,0.4767431318759918,0.06430814415216446,0.9998880624771118,0.35083577036857605,0.47955113649368286,0.0,0.9998659491539001,0.530852198600769,0.6045057773590088,0.11630474776029587,0.919296145439148,0.302492618560791,0.6143383383750916,0.0,0.9196819067001343,0.5183372497558594,0.7138680815696716,0.43243610858917236,0.9543430805206299,0.19941745698451996,0.7216317057609558,0.3268212676048279,0.9523588418960571,0.49481573700904846,0.7241336107254028,0.4480094015598297,0.7985559105873108,0.18670779466629028,0.7288269400596619,0.35868149995803833,0.7180764079093933,0.5571383833885193,0.7629460096359253,0.19474871456623077,0.949820339679718,0.23317298293113708,0.7663010358810425,0.13123947381973267,0.9369397759437561,high,high,high,high,high,high,high,high,high,high,high,high,high,high,high,high,high,high,high,high,high,high,high,high,high,high,high,high,high,high,high,high,high
185,6.166666666666667,0.4349918067455292,0.1678343117237091,0.0,0.9998497366905212,0.4463687539100647,0.15891370177268982,0.0,0.9997414350509644,0.45532310009002686,0.160354346036911,0.0,0.9996874332427979,0.46609488129615784,0.16191092133522034,0.0,0.9998403787612915,0.41969096660614014,0.15609823167324066,0.0,0.9996654391288757,0.40921831130981445,0.15574011206626892,0.0,0.9995788931846619,0.3980255126953125,0.15572327375411987,0.0,0.9996575117111206,0.4726579487323761,0.17279084026813507,0.0,0.9998147487640381,0.37918341159820557,0.16437986493110657,0.0,0.9987599849700928,0.4473944902420044,0.18365389108657837,0.0,0.9997425675392151,0.4161754250526428,0.1828855723142624,0.0,0.999557375907898,0.5304234623908997,0.24785658717155457,0.0,0.9999158382415771,0.3086321949958801,0.25072813034057617,0.0,0.999462902545929,0.5744653940200806,0.3373132050037384,0.0,0.8173484802246094,0.16319133341312408,0.2290716916322708,0.0,0.9740704894065857,0.5612514019012451,0.4132925868034363,0.0,0.8241898417472839,0.17059506475925446,0.11455138772726059,0.0,0.9743091464042664,0.538191556930542,0.44329866766929626,0.0,0.8042142391204834,0.16653408110141754,0.08795807510614395,0.0,0.9579854011535645,0.522684633731842,0.43666547536849976,0.0,0.8107860088348389,0.18107393383979797,0.0821978971362114,0.0,0.955036461353302,0.5263671875,0.42526188492774963,0.0,0.7983608841896057,0.18797282874584198,0.09393901377916336,0.0,0.9507272243499756,0.49215665459632874,0.4555514454841614,0.052631229162216187,0.9998731017112732,0.3633735775947571,0.45670753717422485,0.0,0.9998483061790466,0.49638229608535767,0.6011249423027039,0.12614117562770844,0.9039110541343689,0.33110183477401733,0.5969057679176331,0.014994708821177483,0.898986279964447,0.5106736421585083,0.7118366956710815,0.48076748847961426,0.9512051343917847,0.2678278088569641,0.7062471508979797,0.48634710907936096,0.9426063895225525,0.49176719784736633,0.7235499620437622,0.49841201305389404,0.7869641184806824,0.264485627412796,0.7139014601707458,0.5223643183708191,0.6880174875259399,0.5449552536010742,0.7615400552749634,0.2027638703584671,0.9479509592056274,0.28540512919425964,0.7562985420227051,0.25509870052337646,0.9260829091072083,high,high,high,high,high,high,high,high,high,high,high,high,high,high,high,high,high,high,high,high,high,high,high,high,high,high,high,high,high,high,medium,high,high
186,6.2,0.4403018057346344,0.15957707166671753,0.0,0.9998621344566345,0.4513553977012634,0.15152892470359802,0.0,0.9997609257698059,0.46082088351249695,0.15291474759578705,0.0,0.9997116923332214,0.47286829352378845,0.15464475750923157,0.0,0.9998514652252197,0.4252220690250397,0.1487116515636444,0.0,0.9996917843818665,0.414590060710907,0.14832744002342224,0.0,0.9996142387390137,0.4035276770591736,0.14846934378147125,0.0,0.9996848702430725,0.48263853788375854,0.16604597866535187,0.0,0.9998286962509155,0.3872159421443939,0.1571420133113861,0.0,0.9988616108894348,0.4529675841331482,0.1757013350725174,0.0,0.9997621774673462,0.4233151376247406,0.17470374703407288,0.0,0.9995921850204468,0.5410894155502319,0.2427935153245926,0.0,0.9999210238456726,0.31539613008499146,0.24270758032798767,0.0,0.9994980096817017,0.5825138092041016,0.3319461941719055,0.0,0.830181360244751,0.15291035175323486,0.2275732010602951,0.0,0.975250780582428,0.5659897923469543,0.4077463150024414,0.0,0.8397170305252075,0.17202500998973846,0.11378437280654907,0.0,0.9766696691513062,0.5436204075813293,0.4376857876777649,0.0,0.8216578364372253,0.1629551500082016,0.07550282776355743,0.0,0.9618266820907593,0.5271538496017456,0.4314599931240082,0.0,0.8278581500053406,0.18453960120677948,0.07011493295431137,0.0,0.9591589570045471,0.5299517512321472,0.42060598731040955,0.0,0.815985918045044,0.19243301451206207,0.08298929035663605,0.0,0.9551644921302795,0.4978845417499542,0.44905152916908264,0.042913615703582764,0.9998602271080017,0.3688815236091614,0.4482206702232361,0.0,0.9998324513435364,0.48726391792297363,0.5947595834732056,0.14569266140460968,0.8961168527603149,0.3520885109901428,0.5920381546020508,0.06967198103666306,0.8875596523284912,0.504263162612915,0.7105680108070374,0.5204763412475586,0.9514411091804504,0.2989659607410431,0.6993170976638794,0.5500698089599609,0.9394961595535278,0.4909413158893585,0.7230669260025024,0.5394032001495361,0.7849385142326355,0.2923702597618103,0.7064236402511597,0.5865029096603394,0.6746500134468079,0.5352655649185181,0.7606765031814575,0.23765484988689423,0.9488561153411865,0.32306548953056335,0.7522234916687012,0.3185460567474365,0.9221197962760925,high,high,high,high,high,high,high,high,high,high,high,high,high,high,high,high,high,high,high,high,high,high,high,high,high,high,high,high,high,high,medium,high,high
187,6.233333333333333,0.44879043102264404,0.15725363790988922,0.0,0.9998703598976135,0.45988574624061584,0.1487061083316803,0.0,0.9997711777687073,0.47163844108581543,0.1506872922182083,0.0,0.9997259974479675,0.48310109972953796,0.15284119546413422,0.0,0.9998568892478943,0.43424394726753235,0.14624464511871338,0.0,0.9997068643569946,0.4250650107860565,0.14617541432380676,0.0,0.9996371865272522,0.4143627882003784,0.14663457870483398,0.0,0.9997010827064514,0.4915594458580017,0.16439446806907654,0.0,0.9998368620872498,0.396672785282135,0.15701493620872498,0.0,0.9989290237426758,0.46010321378707886,0.17467346787452698,0.0,0.9997742772102356,0.4311385154724121,0.17237217724323273,0.0,0.9996146559715271,0.5490527153015137,0.24469582736492157,0.0,0.9999253749847412,0.31966111063957214,0.2372145652770996,0.0,0.9995213747024536,0.5899038314819336,0.33397534489631653,0.0,0.8420466184616089,0.14614461362361908,0.22635743021965027,0.0,0.9759925603866577,0.5663506984710693,0.40764689445495605,0.0,0.8541646003723145,0.17522257566452026,0.11214852333068848,0.0,0.978641152381897,0.5443935394287109,0.43571949005126953,0.0,0.837838888168335,0.16991162300109863,0.07580799609422684,0.0,0.9650754332542419,0.5295348167419434,0.43000301718711853,0.0,0.8436033129692078,0.1883038580417633,0.07056231796741486,0.0,0.9626443982124329,0.5320569276809692,0.42048439383506775,0.0,0.8323947787284851,0.19530650973320007,0.08377600461244583,0.0,0.9589239358901978,0.5017789602279663,0.4498156011104584,0.031036321073770523,0.9998490214347839,0.3753320872783661,0.44937562942504883,0.0,0.9998162388801575,0.49437442421913147,0.5876861810684204,0.1260334998369217,0.8881338238716125,0.3659088909626007,0.5895181894302368,0.045627422630786896,0.8776456117630005,0.5052567720413208,0.7080450654029846,0.45106807351112366,0.9499015808105469,0.32758164405822754,0.6957903504371643,0.4331821799278259,0.9357516765594482,0.4932226538658142,0.7190337181091309,0.47154760360717773,0.7787743806838989,0.3224266767501831,0.7039608955383301,0.4638567566871643,0.6651570200920105,0.529846727848053,0.7603641152381897,0.2113639861345291,0.9480986595153809,0.32894769310951233,0.7513372302055359,0.2374412715435028,0.918193519115448,high,high,high,high,high,high,high,high,high,high,high,high,high,high,high,high,high,high,high,high,high,high,high,high,high,high,high,high,high,high,medium,high,high
188,6.266666666666667,0.460050493478775,0.15948602557182312,0.0,0.9998770356178284,0.47357088327407837,0.15069857239723206,0.0,0.999777615070343,0.4852301776409149,0.1528157889842987,0.0,0.9997367858886719,0.4953942596912384,0.15483994781970978,0.0,0.9998599886894226,0.4459143280982971,0.14734740555286407,0.0,0.9997175931930542,0.43559184670448303,0.14712123572826385,0.0,0.9996563792228699,0.4260416328907013,0.1475137323141098,0.0,0.9997132420539856,0.5004671216011047,0.16585668921470642,0.0,0.9998437166213989,0.4053615927696228,0.15799978375434875,0.0,0.9989843368530273,0.47031423449516296,0.17752143740653992,0.0,0.9997831583023071,0.4388653635978699,0.17432372272014618,0.0,0.9996313452720642,0.5574086308479309,0.2474547177553177,0.0,0.9999293088912964,0.3239196240901947,0.23866216838359833,0.0,0.9995443224906921,0.5930420756340027,0.3367926776409149,0.0,0.8521341681480408,0.1455613225698471,0.2260810136795044,0.0,0.9766009449958801,0.5670191049575806,0.41080141067504883,0.0,0.8673692941665649,0.17633406817913055,0.11138226091861725,0.0,0.9804812669754028,0.5453207492828369,0.4385412335395813,0.0,0.8527363538742065,0.17161127924919128,0.07935961335897446,0.0,0.968152642250061,0.5312527418136597,0.43230143189430237,0.0,0.8581026792526245,0.1924019455909729,0.07580608129501343,0.0,0.9659369587898254,0.5340345501899719,0.4228804111480713,0.0,0.8476171493530273,0.1970471888780594,0.08872904628515244,0.0,0.9625003933906555,0.504442036151886,0.4533306062221527,0.03377148136496544,0.9998394250869751,0.37794506549835205,0.45341381430625916,0.0,0.9998021721839905,0.5014809966087341,0.5861085653305054,0.1281271129846573,0.8827419281005859,0.36835572123527527,0.5894056558609009,0.040418077260255814,0.8703230619430542,0.5059113502502441,0.7024837732315063,0.4665030539035797,0.9491925239562988,0.33956655859947205,0.695447564125061,0.42890802025794983,0.9346127510070801,0.4928062856197357,0.7140728235244751,0.4851527810096741,0.7787874937057495,0.33853909373283386,0.7040442228317261,0.45880380272865295,0.6653912663459778,0.5347118973731995,0.753095269203186,0.25352877378463745,0.9481430053710938,0.3288855254650116,0.7520238161087036,0.246196448802948,0.9168692827224731,high,high,high,high,high,high,high,high,high,high,high,high,high,high,high,high,high,high,high,high,high,high,high,high,high,high,high,high,high,high,medium,high,high
189,6.3,0.46423912048339844,0.1594010293483734,0.0,0.9998825192451477,0.47685661911964417,0.150874063372612,0.0,0.9997826218605042,0.48908835649490356,0.15323996543884277,0.0,0.9997457265853882,0.4989774823188782,0.15541094541549683,0.0,0.9998624324798584,0.4495256245136261,0.14703471958637238,0.0,0.9997260570526123,0.43986669182777405,0.14682985842227936,0.0,0.9996724128723145,0.42962536215782166,0.14733892679214478,0.0,0.999722957611084,0.5030937790870667,0.16633594036102295,0.0,0.9998496770858765,0.4081578552722931,0.15807989239692688,0.0,0.9990314245223999,0.4739963412284851,0.17797733843326569,0.0,0.9997913241386414,0.44210174679756165,0.17452029883861542,0.0,0.9996463060379028,0.5612818002700806,0.24881520867347717,0.0,0.9999328851699829,0.3269301950931549,0.23934240639209747,0.0,0.9995652437210083,0.595060408115387,0.33784592151641846,0.0,0.8609996438026428,0.14625921845436096,0.22567370533943176,0.0,0.9771839380264282,0.568325400352478,0.4122042655944824,0.0,0.8792870044708252,0.1773153692483902,0.11092881858348846,0.0,0.9821315407752991,0.5471864342689514,0.4397580027580261,0.0,0.8661829233169556,0.17213526368141174,0.08105040341615677,0.0,0.9709178805351257,0.5336034297943115,0.4333330988883972,0.0,0.871183454990387,0.19541920721530914,0.07803793251514435,0.0,0.9688971042633057,0.5362384915351868,0.42400413751602173,0.0,0.8613593578338623,0.19892951846122742,0.09053199738264084,0.0,0.9657173752784729,0.5064605474472046,0.4551020562648773,0.034813687205314636,0.9998335838317871,0.3796480894088745,0.45545539259910583,0.0,0.9997932314872742,0.5035982131958008,0.5854600667953491,0.13216759264469147,0.878163754940033,0.3680565655231476,0.5894113779067993,0.04019777104258537,0.8650832176208496,0.5063841938972473,0.7001376748085022,0.4673464000225067,0.9488109946250916,0.34181642532348633,0.6961258053779602,0.4244241416454315,0.9341238737106323,0.49268659949302673,0.7119654417037964,0.4854113757610321,0.7790650129318237,0.3411843180656433,0.7049401998519897,0.45408427715301514,0.6667060852050781,0.537020206451416,0.7500510811805725,0.2583383023738861,0.9485107660293579,0.32987627387046814,0.7524276971817017,0.24581030011177063,0.9165446758270264,high,high,high,high,high,high,high,high,high,high,high,high,high,high,high,high,high,high,high,high,high,high,high,high,high,high,high,high,high,high,medium,high,high
190,6.333333333333333,0.47079360485076904,0.16081783175468445,0.0,0.9998902678489685,0.48347052931785583,0.15208859741687775,0.0,0.9997954964637756,0.495283842086792,0.1543727070093155,0.0,0.9997622966766357,0.5042690634727478,0.15640132129192352,0.0,0.9998697638511658,0.4561203718185425,0.14809750020503998,0.0,0.9997432827949524,0.44605734944343567,0.14785565435886383,0.0,0.9996961951255798,0.4359648823738098,0.1483662873506546,0.0,0.999740719795227,0.5072396397590637,0.16692689061164856,0.0,0.9998598098754883,0.4123418629169464,0.15899357199668884,0.0,0.9991000890731812,0.4800865948200226,0.179317444562912,0.0,0.999803364276886,0.44725146889686584,0.17599357664585114,0.0,0.999666690826416,0.5647692084312439,0.24984312057495117,0.0,0.9999357461929321,0.3301483392715454,0.24041017889976501,0.0,0.9995806813240051,0.597053587436676,0.33921825885772705,0.0,0.8701549172401428,0.14968730509281158,0.22705450654029846,0.0,0.9778733253479004,0.5717747211456299,0.41307443380355835,0.0,0.8900813460350037,0.16585835814476013,0.11553504317998886,0.0,0.9836404919624329,0.5497573614120483,0.44072574377059937,0.0,0.8782692551612854,0.16811692714691162,0.09101372957229614,0.0,0.9734491109848022,0.5372122526168823,0.4341506063938141,0.0,0.8829485774040222,0.1850353479385376,0.08821101486682892,0.0,0.9716147184371948,0.5404294729232788,0.4245620667934418,0.0,0.8737611174583435,0.18929502367973328,0.09739071130752563,0.0,0.9686679840087891,0.5125388503074646,0.45617467164993286,0.04165878891944885,0.9998375177383423,0.3831195831298828,0.45663008093833923,0.0,0.9997969269752502,0.5089038610458374,0.5833349227905273,0.15857766568660736,0.8848595023155212,0.3645504117012024,0.5891450643539429,0.019994866102933884,0.8722501993179321,0.49063459038734436,0.6939048171043396,0.5043101906776428,0.9523911476135254,0.33586546778678894,0.696283221244812,0.4162430167198181,0.9387614130973816,0.4689667224884033,0.7067099809646606,0.5229032039642334,0.793854296207428,0.33633819222450256,0.7049039602279663,0.44654765725135803,0.6862197518348694,0.5382816791534424,0.742664635181427,0.2897428572177887,0.9521850347518921,0.3294353783130646,0.7530035376548767,0.2248649001121521,0.9220501184463501,high,high,high,high,high,high,high,high,high,high,high,high,high,high,high,high,high,high,high,high,high,high,high,high,high,high,high,high,high,high,medium,high,high
191,6.366666666666666,0.4871788024902344,0.16391028463840485,0.0,0.9998952150344849,0.5000879764556885,0.15433846414089203,0.0,0.9998050928115845,0.5099049210548401,0.1561311036348343,0.0,0.999774694442749,0.5190762281417847,0.15812695026397705,0.0,0.9998739361763,0.47150811553001404,0.15166345238685608,0.0,0.9997573494911194,0.46091222763061523,0.1513054519891739,0.0,0.9997165203094482,0.4496734142303467,0.15130451321601868,0.0,0.9997555017471313,0.5212027430534363,0.1681642234325409,0.0,0.9998663663864136,0.4289056062698364,0.16258136928081512,0.0,0.9991561770439148,0.49805331230163574,0.18070700764656067,0.0,0.9998091459274292,0.46304962038993835,0.17915156483650208,0.0,0.9996771812438965,0.5667150020599365,0.25308993458747864,0.0,0.9999284744262695,0.3517998456954956,0.2413744479417801,0.0,0.9995399713516235,0.5959466099739075,0.3431699573993683,0.0,0.8729317784309387,0.1933363825082779,0.2616831064224243,0.0,0.9746788144111633,0.5749146938323975,0.41924548149108887,0.0,0.8969575762748718,0.10164125263690948,0.17126551270484924,0.0,0.9832302927970886,0.5583248734474182,0.4465615749359131,0.0,0.8858776092529297,0.07040023803710938,0.1423911601305008,0.0,0.9736911058425903,0.5485431551933289,0.44179567694664,0.0,0.8908430933952332,0.08199743926525116,0.1308508813381195,0.0,0.972213864326477,0.5484803318977356,0.43078455328941345,0.0,0.881738543510437,0.09234398603439331,0.1404920071363449,0.0,0.9690310955047607,0.5197184681892395,0.4575924873352051,0.0783747211098671,0.9998368620872498,0.3969976603984833,0.4573877453804016,0.0,0.9997960329055786,0.5070226788520813,0.5837787985801697,0.36187946796417236,0.8930080533027649,0.3705041706562042,0.589769184589386,0.013807689771056175,0.8824136257171631,0.4662613272666931,0.69122713804245,0.7888196110725403,0.9565433263778687,0.33693093061447144,0.6955367922782898,0.4322134256362915,0.944210946559906,0.43996763229370117,0.7042965292930603,0.8128238916397095,0.8111380934715271,0.3403172791004181,0.704129695892334,0.4656274914741516,0.7098197937011719,0.5295833349227905,0.736585259437561,0.5374449491500854,0.9562929272651672,0.3291500210762024,0.7529348731040955,0.22290833294391632,0.9287163615226746,high,high,high,high,high,high,high,high,high,high,high,high,high,high,high,high,high,high,high,high,high,high,high,high,high,high,high,high,high,high,high,high,high
192,6.4,0.49499309062957764,0.16990628838539124,0.0,0.9998955130577087,0.5096697211265564,0.15928973257541656,0.0,0.9998108744621277,0.5194464921951294,0.1606520116329193,0.0,0.9997832775115967,0.5284610986709595,0.16236789524555206,0.0,0.9998774528503418,0.4792006313800812,0.1575566977262497,0.0,0.9997615218162537,0.46792078018188477,0.15728440880775452,0.0,0.9997236132621765,0.4569181203842163,0.15712276101112366,0.0,0.9997553825378418,0.5315614342689514,0.1722426414489746,0.0,0.9998729228973389,0.4379626512527466,0.16839595139026642,0.0,0.9991586208343506,0.5070326328277588,0.18513458967208862,0.0,0.9998100996017456,0.47146719694137573,0.1846323162317276,0.0,0.9996660947799683,0.5687138438224792,0.2588430345058441,0.0,0.999915599822998,0.3669055998325348,0.24230989813804626,0.0,0.9990546107292175,0.5914866328239441,0.3481217622756958,0.0,0.8776754140853882,0.22166848182678223,0.2738540768623352,0.0,0.9448165893554688,0.5790935754776001,0.42328348755836487,0.0,0.9007428884506226,0.08303585648536682,0.2226928472518921,0.0,0.9126516580581665,0.5666503310203552,0.45193177461624146,0.0,0.8883799314498901,0.03967238962650299,0.2077709436416626,0.0,0.9026132225990295,0.559421181678772,0.4489173889160156,0.0,0.8944715261459351,0.040004488080739975,0.20323260128498077,0.0,0.9042969942092896,0.557395875453949,0.43674859404563904,0.0,0.8846577405929565,0.053082432597875595,0.20441189408302307,0.0,0.9016535878181458,0.5248397588729858,0.4603528082370758,0.09461668878793716,0.9998137950897217,0.4080562889575958,0.4590209126472473,0.0,0.9997338056564331,0.5085539817810059,0.5838320255279541,0.4501245319843292,0.9003491997718811,0.37799012660980225,0.5904351472854614,0.06575976312160492,0.8898201584815979,0.4656262695789337,0.6918715238571167,0.9363948106765747,0.9602617025375366,0.33652764558792114,0.693598747253418,0.6386605501174927,0.9485002756118774,0.44057682156562805,0.7048662900924683,0.9648774266242981,0.8259616494178772,0.3393140435218811,0.7024866938591003,0.6833433508872986,0.7242812514305115,0.5313413143157959,0.7353500127792358,0.6542932987213135,0.9598104953765869,0.3322383761405945,0.751118540763855,0.3814395070075989,0.9335100054740906,high,high,high,high,high,high,high,high,high,high,high,high,high,high,high,high,high,high,high,high,high,high,high,high,high,high,high,high,high,high,high,high,high
193,6.433333333333334,0.5003423094749451,0.1759214997291565,0.0,0.9999011754989624,0.5166054368019104,0.1652740091085434,0.0,0.9998217821121216,0.5263314843177795,0.16695210337638855,0.0,0.9997970461845398,0.5356044173240662,0.16889868676662445,0.0,0.999883770942688,0.48699337244033813,0.16288024187088013,0.0,0.9997761249542236,0.4760512113571167,0.1623237431049347,0.0,0.9997429847717285,0.4654499888420105,0.16182397305965424,0.0,0.999769926071167,0.5390508770942688,0.17819422483444214,0.0,0.9998814463615417,0.44787269830703735,0.17226332426071167,0.0,0.9992138147354126,0.5128288269042969,0.19179001450538635,0.0,0.9998178482055664,0.4774519205093384,0.19001680612564087,0.0,0.9996796250343323,0.5736316442489624,0.2644435465335846,0.0,0.999905526638031,0.36991408467292786,0.24495336413383484,0.0,0.998946487903595,0.591730535030365,0.35454481840133667,0.0,0.8834171295166016,0.22358813881874084,0.2942977845668793,0.0,0.9330114126205444,0.5845130681991577,0.4295729100704193,0.0,0.904254674911499,0.08314450830221176,0.3014330267906189,0.0,0.8675112724304199,0.5756673812866211,0.45642560720443726,0.0,0.8910203576087952,0.03304421529173851,0.29360431432724,0.0,0.8567584753036499,0.5671737194061279,0.45496082305908203,0.0,0.8981245160102844,0.03233710303902626,0.28540679812431335,0.0,0.863473653793335,0.563868522644043,0.4436229169368744,0.0,0.8880357146263123,0.05691647157073021,0.2917986512184143,0.0,0.8615452647209167,0.5292168259620667,0.46239233016967773,0.09630940854549408,0.9997915625572205,0.4186478853225708,0.45991817116737366,0.0,0.9996844530105591,0.5095900893211365,0.5849337577819824,0.37449195981025696,0.9079643487930298,0.39499032497406006,0.5912949442863464,0.0,0.8984930515289307,0.4674171507358551,0.6922899484634399,0.8137767314910889,0.963767409324646,0.3420482575893402,0.6925877332687378,0.5424830317497253,0.9528703689575195,0.4422333240509033,0.7052373886108398,0.837705135345459,0.8407154083251953,0.3430051803588867,0.7011235356330872,0.5760533809661865,0.7427463531494141,0.5327021479606628,0.7349648475646973,0.5365076065063477,0.9633092284202576,0.33382081985473633,0.7494173049926758,0.2573550343513489,0.9389863610267639,high,high,high,high,high,high,high,high,high,high,high,high,high,high,high,high,high,high,high,high,high,high,high,high,high,high,high,high,high,high,high,high,high
194,6.466666666666667,0.5067335367202759,0.1798054277896881,0.0,0.9999095797538757,0.5235810875892639,0.16876405477523804,0.0,0.9998372793197632,0.5337448716163635,0.1702328771352768,0.0,0.9998144507408142,0.542605996131897,0.17209024727344513,0.0,0.9998932480812073,0.49350500106811523,0.16613535583019257,0.0,0.999796450138092,0.48279574513435364,0.16556087136268616,0.0,0.9997667670249939,0.4717145562171936,0.16519691050052643,0.0,0.9997907876968384,0.5478840470314026,0.18135681748390198,0.0,0.9998914003372192,0.45504552125930786,0.1750318855047226,0.0,0.9992846250534058,0.5194729566574097,0.19604960083961487,0.0,0.9998321533203125,0.483913391828537,0.19372513890266418,0.0,0.999706506729126,0.5732051134109497,0.2674420475959778,0.0,0.9999075531959534,0.3795434236526489,0.24526643753051758,0.0,0.9990179538726807,0.5923687219619751,0.35861602425575256,0.0,0.8755963444709778,0.25993475317955017,0.32196497917175293,0.0,0.9209689497947693,0.5860840082168579,0.4307081699371338,0.0,0.9005391597747803,0.14033475518226624,0.38669854402542114,0.0,0.8318153023719788,0.5770410299301147,0.45633465051651,0.0,0.8879262804985046,0.061896391212940216,0.39705586433410645,0.0,0.820219099521637,0.5672902464866638,0.4543360769748688,0.0,0.8966262340545654,0.0617331936955452,0.3982678949832916,0.0,0.8310862183570862,0.5645052790641785,0.443712055683136,0.0,0.8848888278007507,0.10609493404626846,0.395883172750473,0.0,0.8243833780288696,0.530296802520752,0.46329522132873535,0.12655185163021088,0.9998000860214233,0.42881280183792114,0.46000155806541443,0.0,0.9996963739395142,0.5099969506263733,0.586939811706543,0.43546444177627563,0.9075359106063843,0.4297003448009491,0.5917336940765381,0.0009751784382387996,0.9002394080162048,0.4527828097343445,0.692682683467865,0.8913401961326599,0.9656299948692322,0.363105446100235,0.6888510584831238,0.5141750574111938,0.9547080993652344,0.41821151971817017,0.7059580087661743,0.9163248538970947,0.8506060242652893,0.3523187041282654,0.6983611583709717,0.5507132411003113,0.7460230588912964,0.5327692031860352,0.7355397343635559,0.6146125197410583,0.9653887152671814,0.37048980593681335,0.7427687644958496,0.24955520033836365,0.9412708282470703,high,high,high,high,high,high,high,high,high,high,high,high,high,high,high,high,high,high,high,high,high,high,high,high,high,high,high,high,high,high,high,high,high
195,6.5,0.509712278842926,0.1815994679927826,0.0,0.9999180436134338,0.5271047353744507,0.17079326510429382,0.0,0.9998524785041809,0.5373206734657288,0.17228497564792633,0.0,0.9998315572738647,0.5462098121643066,0.17389743030071259,0.0,0.9999028444290161,0.4961794912815094,0.16732856631278992,0.0,0.9998160004615784,0.4845065176486969,0.1668655276298523,0.0,0.999789297580719,0.4743938148021698,0.1666063368320465,0.0,0.9998109340667725,0.5502923130989075,0.18273082375526428,0.0,0.9999010562896729,0.45469483733177185,0.17557615041732788,0.0,0.9993529915809631,0.5225887298583984,0.19819971919059753,0.0,0.999846875667572,0.4858078062534332,0.19522058963775635,0.0,0.9997334480285645,0.5719838738441467,0.26880747079849243,0.0,0.9999132752418518,0.384713739156723,0.24549134075641632,0.0,0.9991098046302795,0.5919350385665894,0.3594231903553009,0.060883279889822006,0.8630496263504028,0.2695065438747406,0.3168352246284485,0.0,0.9223865866661072,0.5853272080421448,0.43055787682533264,0.0,0.8985298275947571,0.15873950719833374,0.38180869817733765,0.0,0.8374650478363037,0.5755112767219543,0.4559497833251953,0.0,0.886909544467926,0.0943906232714653,0.39139172434806824,0.0,0.825516402721405,0.5659645795822144,0.4535147249698639,0.0,0.8964012861251831,0.08596470952033997,0.3882553279399872,0.0,0.8367505669593811,0.5638647079467773,0.4432458281517029,0.0,0.8836895227432251,0.13375917077064514,0.38590019941329956,0.0,0.8277204632759094,0.530299723148346,0.4633103013038635,0.1325363963842392,0.9998174905776978,0.4308629333972931,0.4601854383945465,0.0,0.9997234344482422,0.5106176137924194,0.5870862007141113,0.3536645770072937,0.9074980020523071,0.4385036528110504,0.5931998491287231,0.0,0.9036558270454407,0.45406293869018555,0.6928832530975342,0.7795857787132263,0.9670151472091675,0.36847448348999023,0.6887189149856567,0.38827764987945557,0.9566513895988464,0.4180165231227875,0.706952691078186,0.8198202252388,0.8594980239868164,0.3551326394081116,0.6982032060623169,0.4195080101490021,0.751218855381012,0.5331977605819702,0.7360591888427734,0.5080887675285339,0.9674240350723267,0.3779386878013611,0.7400072813034058,0.16176681220531464,0.9443010091781616,high,high,high,high,high,high,high,high,high,high,high,high,high,high,high,high,high,high,high,high,high,high,high,high,high,high,high,high,high,high,high,high,high
196,6.533333333333333,0.5134271383285522,0.18374750018119812,0.0,0.9999253749847412,0.5306117534637451,0.1732618659734726,0.0,0.9998655319213867,0.540954053401947,0.17487145960330963,0.0,0.9998458623886108,0.549924373626709,0.1764289140701294,0.0,0.9999107122421265,0.5006858110427856,0.16959437727928162,0.0,0.9998334646224976,0.48901069164276123,0.1690940409898758,0.0,0.9998095035552979,0.47873908281326294,0.1688033640384674,0.0,0.999829113483429,0.5553163886070251,0.18492934107780457,0.0,0.9999085068702698,0.4573867917060852,0.17670081555843353,0.0,0.9994149208068848,0.5261601805686951,0.20079255104064941,0.0,0.9998584985733032,0.4893459677696228,0.19706709682941437,0.0,0.9997574090957642,0.571650505065918,0.27155211567878723,0.03952917456626892,0.9999174475669861,0.3859539330005646,0.24989263713359833,0.0,0.9991963505744934,0.589201807975769,0.3602650761604309,0.11910945922136307,0.8153491616249084,0.3279069662094116,0.3527129292488098,0.0,0.921601414680481,0.5843321084976196,0.430123507976532,0.0,0.8608385324478149,0.26424747705459595,0.43665724992752075,0.0,0.8435966372489929,0.5736737847328186,0.4555515646934509,0.0,0.855771005153656,0.2256653606891632,0.4609651565551758,0.0,0.8302128314971924,0.5641619563102722,0.4531380534172058,0.0,0.8677843809127808,0.2384769469499588,0.45535826683044434,0.0,0.841884195804596,0.5629860758781433,0.44272685050964355,0.0,0.8524680733680725,0.24823135137557983,0.45454201102256775,0.0,0.8301905393600464,0.5308078527450562,0.4636431336402893,0.1468549370765686,0.9998325705528259,0.43499070405960083,0.462522029876709,0.0,0.9997483491897583,0.5201299786567688,0.5906944870948792,0.2278306782245636,0.888824462890625,0.4688345193862915,0.5933743119239807,0.0,0.8973374366760254,0.4579209089279175,0.6854870319366455,0.7409414649009705,0.9460217952728271,0.40465328097343445,0.682027280330658,0.2374701201915741,0.9454708099365234,0.42149215936660767,0.6967957615852356,0.7600794434547424,0.83732670545578,0.37416598200798035,0.6888807415962219,0.28254440426826477,0.724083423614502,0.5076225996017456,0.7329711318016052,0.5498723387718201,0.9555354118347168,0.41200384497642517,0.7379082441329956,0.09436125308275223,0.9353139400482178,high,high,high,high,high,high,high,high,high,high,high,high,high,high,high,high,high,high,high,high,high,high,high,high,high,high,high,high,high,high,high,high,high
197,6.566666666666666,0.5192691087722778,0.190377876162529,0.0,0.9999276995658875,0.535931408405304,0.17918704450130463,0.0,0.9998688101768494,0.5465458631515503,0.1807723343372345,0.0,0.9998425245285034,0.5552805662155151,0.18225014209747314,0.0,0.9999038577079773,0.5053202509880066,0.17538894712924957,0.0,0.9998459219932556,0.4949430227279663,0.17484578490257263,0.0,0.9998250007629395,0.48366156220436096,0.17477959394454956,0.0,0.9998437762260437,0.5627546310424805,0.19036468863487244,0.0,0.9998867511749268,0.4632328450679779,0.18264690041542053,0.0,0.9994654059410095,0.5328627824783325,0.20714609324932098,0.0,0.9998304843902588,0.4965061545372009,0.20293287932872772,0.0,0.9997624158859253,0.5642219185829163,0.2723425328731537,0.15283402800559998,0.9998816847801208,0.40999335050582886,0.25601333379745483,0.0,0.9992754459381104,0.5740637183189392,0.3610979914665222,0.20540904998779297,0.7357990145683289,0.42599770426750183,0.3638419508934021,0.0,0.9274807572364807,0.5837584733963013,0.4298734664916992,0.0,0.778547465801239,0.47336310148239136,0.4572676718235016,0.0,0.8579354882240295,0.5743592977523804,0.45375022292137146,0.0,0.7772982716560364,0.4587523937225342,0.4898626208305359,0.0,0.8449327945709229,0.5740564465522766,0.45207110047340393,0.0,0.7887000441551208,0.49131521582603455,0.4844438433647156,0.0,0.85550856590271,0.5738806128501892,0.4414895474910736,0.0,0.7740895748138428,0.49830734729766846,0.474255234003067,0.0,0.8431664705276489,0.5320132970809937,0.46498459577560425,0.1928560882806778,0.9998364448547363,0.4544459581375122,0.46935638785362244,0.0,0.999769389629364,0.5309011340141296,0.5905663371086121,0.3897857367992401,0.8057366013526917,0.4848038852214813,0.5977059602737427,0.0,0.8758283257484436,0.4951433539390564,0.6943385601043701,0.6711258888244629,0.8803439140319824,0.44675394892692566,0.7314552068710327,0.0,0.9324130415916443,0.46413227915763855,0.7119289636611938,0.6772894859313965,0.7883814573287964,0.4212316870689392,0.7450199723243713,0.0,0.701616644859314,0.5564640760421753,0.7336603403091431,0.5063751935958862,0.9063198566436768,0.5139374732971191,0.7794150114059448,0.0,0.9204273223876953,high,high,high,high,high,high,high,high,high,high,high,high,high,high,high,high,high,high,high,high,high,high,high,high,high,high,high,high,high,high,high,high,high
198,6.6,0.5228835344314575,0.19234658777713776,0.0,0.9999322295188904,0.5388926863670349,0.18165922164916992,0.0,0.9998775124549866,0.5491149425506592,0.18340708315372467,0.0,0.9998509883880615,0.557377815246582,0.18489426374435425,0.0,0.9999071359634399,0.5085448622703552,0.17822077870368958,0.0,0.999859094619751,0.4991185963153839,0.17772607505321503,0.0,0.9998405575752258,0.487861305475235,0.1777288019657135,0.0,0.9998579621315002,0.5640607476234436,0.19244350492954254,0.0,0.9998847842216492,0.4678441286087036,0.18506644666194916,0.0,0.9995139837265015,0.5355499982833862,0.20903825759887695,0.0,0.9998209476470947,0.5010121464729309,0.20492884516716003,0.0,0.9997720718383789,0.5591230988502502,0.2729644477367401,0.10101229697465897,0.9998663663864136,0.41956016421318054,0.26002463698387146,0.0,0.9993460774421692,0.5633399486541748,0.3624016046524048,0.16147737205028534,0.665895938873291,0.46733421087265015,0.3629026710987091,0.0,0.9321988224983215,0.579619824886322,0.43220415711402893,0.0,0.7082008719444275,0.5639694333076477,0.44586777687072754,0.0,0.8693575263023376,0.5778021216392517,0.46204906702041626,0.0,0.7131158709526062,0.5805925130844116,0.47439098358154297,0.0,0.8556845188140869,0.5744441151618958,0.45169878005981445,0.0,0.7243150472640991,0.5966460108757019,0.46984991431236267,0.0,0.8652499914169312,0.5757533311843872,0.4441140294075012,0.0,0.7094184160232544,0.5942016839981079,0.46107959747314453,0.0,0.8508456349372864,0.5375314354896545,0.46428436040878296,0.19166772067546844,0.9998407959938049,0.4599384665489197,0.46963557600975037,0.0,0.9997879266738892,0.5463277101516724,0.5830813050270081,0.4709330201148987,0.7344203591346741,0.5007280111312866,0.6011520624160767,0.0,0.8653928637504578,0.5303936004638672,0.6734492182731628,0.7896867394447327,0.8250272274017334,0.4574030935764313,0.7308087944984436,0.11323577165603638,0.9231879115104675,0.5150805711746216,0.7089795470237732,0.8086748719215393,0.7437853813171387,0.4340948760509491,0.7446709871292114,0.13355591893196106,0.6850775480270386,0.5652444362640381,0.7273768186569214,0.6661112308502197,0.8639230132102966,0.5296160578727722,0.7750833034515381,0.0,0.9089140295982361,high,high,high,high,high,high,high,high,high,high,high,high,high,medium,high,high,high,high,high,high,high,high,high,high,high,high,high,high,high,high,medium,high,high
199,6.633333333333334,0.5273063778877258,0.19349591434001923,0.0,0.99993896484375,0.5417839884757996,0.18253016471862793,0.0,0.9998896718025208,0.5515406131744385,0.1840669810771942,0.0,0.9998657703399658,0.5592513084411621,0.18554726243019104,0.0,0.9999163150787354,0.5119752883911133,0.17951536178588867,0.0,0.999873161315918,0.5018308758735657,0.17895320057868958,0.0,0.9998564720153809,0.4911251962184906,0.17878484725952148,0.0,0.9998721480369568,0.5653335452079773,0.193076491355896,0.0,0.9998960494995117,0.4701697528362274,0.18593569099903107,0.0,0.9995624423027039,0.5392066836357117,0.20984676480293274,0.0,0.9998379349708557,0.5058146119117737,0.20623087882995605,0.0,0.9997944235801697,0.5581636428833008,0.2741219997406006,0.04126385971903801,0.9998742341995239,0.4298132061958313,0.26183822751045227,0.0,0.9994111061096191,0.5617083311080933,0.3632048964500427,0.15085014700889587,0.6105284690856934,0.53509122133255,0.3666604161262512,0.0,0.9383878111839294,0.5972697734832764,0.432067334651947,0.0,0.6580419540405273,0.6543636322021484,0.4349333643913269,0.0,0.8818548917770386,0.6085171699523926,0.4607134461402893,0.0,0.6734381318092346,0.6749610304832458,0.45958882570266724,0.0,0.8691131472587585,0.6096501350402832,0.45118483901023865,0.0,0.6849830746650696,0.6842794418334961,0.45817452669143677,0.0,0.8777388334274292,0.6025451421737671,0.44368523359298706,0.0,0.6693245768547058,0.678815484046936,0.45008811354637146,0.0,0.8639472723007202,0.5402450561523438,0.45832300186157227,0.1905650645494461,0.9998534917831421,0.4548597037792206,0.46695321798324585,0.0,0.9998078346252441,0.6914327144622803,0.49385780096054077,0.09236370772123337,0.7232161164283752,0.5089555382728577,0.6020235419273376,0.0,0.8743681311607361,0.5543712973594666,0.6223395466804504,0.3379015326499939,0.7914022207260132,0.45886358618736267,0.7287036180496216,0.04856109619140625,0.9262935519218445,0.5400658845901489,0.6395173072814941,0.3575946092605591,0.7178463935852051,0.43379130959510803,0.7429726719856262,0.07641534507274628,0.6947777271270752,0.5898311138153076,0.6771385669708252,0.27042776346206665,0.8434328436851501,0.5256938338279724,0.7747653126716614,0.0,0.9121863842010498,high,high,high,high,high,high,high,high,high,high,high,high,high,medium,high,medium,high,medium,high,medium,high,medium,high,high,high,high,high,high,high,high,medium,high,high
200,6.666666666666667,0.5307496190071106,0.1929921805858612,0.0,0.9999434351921082,0.5443559288978577,0.18243928253650665,0.0,0.9998985528945923,0.5533667206764221,0.18360364437103271,0.0,0.9998753666877747,0.5614655613899231,0.1848318874835968,0.0,0.9999218583106995,0.51473468542099,0.17951105535030365,0.0,0.9998844861984253,0.5036913752555847,0.17888760566711426,0.0,0.9998694062232971,0.49299460649490356,0.1786901205778122,0.0,0.9998838305473328,0.5651391744613647,0.19207555055618286,0.0,0.9999002814292908,0.47240036725997925,0.1858191192150116,0.0,0.9996017813682556,0.5433629155158997,0.20883972942829132,0.0,0.9998306035995483,0.5100212097167969,0.205164834856987,0.0,0.9997966289520264,0.5572293400764465,0.2739575207233429,0.08898130059242249,0.9998656511306763,0.43635401129722595,0.26077383756637573,0.0,0.9994667172431946,0.5632542967796326,0.36175084114074707,0.12424768507480621,0.5536544919013977,0.5625735521316528,0.3506433963775635,0.0,0.9423535466194153,0.596051037311554,0.42459017038345337,0.0,0.5973971486091614,0.7241076231002808,0.40761691331863403,0.0,0.8904396295547485,0.5994611978530884,0.4498545229434967,0.0,0.6152837872505188,0.7539486289024353,0.4284879267215729,0.0,0.8770308494567871,0.6039279699325562,0.4497344493865967,0.0,0.625947117805481,0.7644844055175781,0.42351144552230835,0.0,0.8846979737281799,0.5933325290679932,0.4411284327507019,0.0,0.6105444431304932,0.7577040791511536,0.418404757976532,0.0,0.8677123188972473,0.5354214906692505,0.45680809020996094,0.1806773543357849,0.9998620748519897,0.4512080252170563,0.4635409414768219,0.0,0.9998235106468201,0.5679857730865479,0.5618598461151123,0.3502974212169647,0.6632339954376221,0.5180897116661072,0.6013232469558716,0.0,0.8637884855270386,0.5282456874847412,0.678834855556488,0.4994350075721741,0.7644157409667969,0.4511086046695709,0.7235272526741028,0.04041144251823425,0.9175639152526855,0.4992265999317169,0.6938682198524475,0.5394113659858704,0.6988975405693054,0.42821595072746277,0.7360555529594421,0.06173405796289444,0.6794915199279785,0.5700132250785828,0.7209911346435547,0.44689151644706726,0.8264829516410828,0.4986802935600281,0.7767347693443298,0.0,0.9044721722602844,high,high,high,high,high,high,high,high,high,high,high,high,high,medium,high,medium,high,medium,high,medium,high,medium,high,high,high,medium,high,high,high,medium,medium,high,high
201,6.7,0.5338521599769592,0.1933063566684723,0.0,0.9999479651451111,0.5477988123893738,0.18297705054283142,0.0,0.9999071955680847,0.5559119582176208,0.1839236468076706,0.0,0.9998852610588074,0.5638262629508972,0.1850896179676056,0.0,0.9999276995658875,0.5172698497772217,0.18001818656921387,0.0,0.9998950958251953,0.5062952637672424,0.17935852706432343,0.0,0.9998815059661865,0.4950825273990631,0.17910274863243103,0.0,0.9998946785926819,0.5651634335517883,0.19162675738334656,0.0,0.9999059438705444,0.47489407658576965,0.18613429367542267,0.0,0.9996386170387268,0.5460212230682373,0.20875337719917297,0.0,0.9998312592506409,0.513220489025116,0.20497813820838928,0.0,0.9998043179512024,0.5571284890174866,0.273335337638855,0.08875986933708191,0.9998614192008972,0.43809962272644043,0.2601753771305084,0.0,0.9995173215866089,0.5692510008811951,0.3614465594291687,0.12309995293617249,0.502819836139679,0.5657770037651062,0.3476927876472473,0.0,0.9461261034011841,0.6012913584709167,0.42078495025634766,0.0,0.5435218214988708,0.7255153059959412,0.4050706923007965,0.0,0.8987302780151367,0.5958459377288818,0.44662776589393616,0.0,0.5639247298240662,0.7553074359893799,0.4251863956451416,0.0,0.8849085569381714,0.595441460609436,0.4483833312988281,0.0,0.5739033818244934,0.7660267949104309,0.4194057583808899,0.0,0.8917218446731567,0.5944041609764099,0.4391173720359802,0.0,0.5586459636688232,0.7590705156326294,0.41453856229782104,0.0,0.8722373247146606,0.5327544212341309,0.45583611726760864,0.18055902421474457,0.9998700618743896,0.4497677981853485,0.4613475799560547,0.0,0.9998378157615662,0.5341803431510925,0.5788933038711548,0.3876154124736786,0.6116162538528442,0.5176641345024109,0.6007624268531799,0.0,0.8577100038528442,0.5212542414665222,0.6911803483963013,0.5907700657844543,0.7419995069503784,0.4505973756313324,0.7210763692855835,0.06468122452497482,0.9109001159667969,0.4834718406200409,0.7069039940834045,0.6064260601997375,0.6828653812408447,0.42690756916999817,0.7328897714614868,0.08786842226982117,0.6672163605690002,0.5689764618873596,0.7318264842033386,0.5234343409538269,0.8128764033317566,0.49542826414108276,0.7765781879425049,0.0,0.8985161781311035,high,high,high,high,high,high,high,high,high,high,high,high,high,medium,high,medium,high,medium,high,medium,high,medium,high,high,high,medium,high,high,high,medium,medium,high,high
202,6.733333333333333,0.5343419909477234,0.19265517592430115,0.0,0.9999471306800842,0.5488656163215637,0.18225160241127014,0.0,0.9999095797538757,0.5568612217903137,0.18328507244586945,0.0,0.9998850226402283,0.564578652381897,0.18457277119159698,0.0,0.9999268651008606,0.5183398127555847,0.17922452092170715,0.0,0.9999004006385803,0.5074654221534729,0.17860187590122223,0.0,0.9998875260353088,0.4963245391845703,0.1783296912908554,0.0,0.9999004602432251,0.565138578414917,0.1912415325641632,0.0,0.9999015927314758,0.4761303663253784,0.18580521643161774,0.0,0.9996578693389893,0.5469887852668762,0.2083226442337036,0.0,0.9997647404670715,0.5133183598518372,0.204914852976799,0.0,0.9997414350509644,0.5519353151321411,0.27076178789138794,0.129031702876091,0.9998392462730408,0.44113609194755554,0.2577764391899109,0.0,0.9995526075363159,0.568771481513977,0.35771435499191284,0.1521824300289154,0.4559294879436493,0.5949515104293823,0.3447437286376953,0.0,0.944513201713562,0.5757068991661072,0.4210081696510315,0.0,0.49149054288864136,0.7665342688560486,0.39033886790275574,0.0,0.8936408758163452,0.56986403465271,0.4470553398132324,0.0,0.511954128742218,0.8042556643486023,0.40709948539733887,0.0,0.8766657114028931,0.5748656988143921,0.4483458995819092,0.0,0.52093905210495,0.8077410459518433,0.4027641713619232,0.0,0.8820520639419556,0.5754272937774658,0.43919292092323303,0.0,0.5065862536430359,0.796875536441803,0.39841026067733765,0.0,0.8533178567886353,0.5261144042015076,0.45581895112991333,0.17588137090206146,0.9998764395713806,0.44770389795303345,0.45978492498397827,0.0,0.9998489618301392,0.5308218002319336,0.5841987133026123,0.3591997027397156,0.5655918121337891,0.5301015377044678,0.5956803560256958,0.0,0.8559805750846863,0.5064005255699158,0.693191409111023,0.5883176922798157,0.7200219035148621,0.4469614326953888,0.7157706022262573,0.0,0.9019845128059387,0.4720522463321686,0.708443284034729,0.6031320095062256,0.6623861193656921,0.42201492190361023,0.7267628908157349,0.0,0.6538200378417969,0.529778778553009,0.7451468110084534,0.5090278387069702,0.7944532036781311,0.48925402760505676,0.7754544019699097,0.0,0.8900172710418701,high,high,high,high,high,high,high,high,high,high,high,high,high,low,high,low,high,medium,high,medium,high,medium,high,high,high,medium,high,high,high,medium,medium,high,high
203,6.766666666666667,0.5314616560935974,0.18842437863349915,0.0,0.9999474883079529,0.5466173887252808,0.17800913751125336,0.0,0.9999132752418518,0.5557612776756287,0.17951655387878418,0.0,0.999886155128479,0.5635808110237122,0.181339293718338,0.0,0.9999282360076904,0.5157895684242249,0.17545819282531738,0.0,0.9999067187309265,0.5049402713775635,0.17473068833351135,0.0,0.9998944401741028,0.4938637912273407,0.1742675006389618,0.0,0.9999067783355713,0.564632773399353,0.18946149945259094,0.0,0.9999034404754639,0.4743683338165283,0.18070194125175476,0.0,0.9996779561042786,0.5440241098403931,0.2047746628522873,0.0,0.9997339248657227,0.5102263689041138,0.20177996158599854,0.0,0.9997028112411499,0.5522416830062866,0.2706602215766907,0.11357487738132477,0.9998103976249695,0.4388621747493744,0.24877646565437317,0.0,0.999579131603241,0.5743827819824219,0.3548685610294342,0.2353166788816452,0.41768842935562134,0.6027909517288208,0.3021549582481384,0.0,0.9478799700737,0.5761032700538635,0.42132091522216797,0.15082049369812012,0.4454352557659149,0.8058547973632812,0.32184743881225586,0.0,0.9008074998855591,0.5684420466423035,0.4464876055717468,0.14276404678821564,0.4657634198665619,0.8528084754943848,0.32507404685020447,0.0,0.8836085200309753,0.5727414488792419,0.44820666313171387,0.08902238309383392,0.4738849699497223,0.8606245517730713,0.321280300617218,0.0,0.8884325623512268,0.5726637244224548,0.43891119956970215,0.1320251226425171,0.4602181315422058,0.8504660129547119,0.3222326338291168,0.0,0.8568935990333557,0.526302695274353,0.4548625946044922,0.178955078125,0.9998805522918701,0.44800496101379395,0.456277072429657,0.0,0.9998567700386047,0.5303264856338501,0.586884617805481,0.3540034592151642,0.5271525382995605,0.552628219127655,0.5821024179458618,0.0,0.8644503951072693,0.4752087891101837,0.7089361548423767,0.5997134447097778,0.7143025994300842,0.4425252676010132,0.6871735453605652,0.0,0.8937733173370361,0.44637331366539,0.7269412875175476,0.6179171204566956,0.6638679504394531,0.41656556725502014,0.6918433904647827,0.0,0.6533427238464355,0.5123768448829651,0.7597819566726685,0.5291810631752014,0.7867875099182129,0.48532426357269287,0.7531002759933472,0.0,0.8854029178619385,high,high,high,high,high,high,high,high,high,high,high,high,high,low,high,low,high,low,high,low,high,low,high,high,high,medium,high,high,high,medium,medium,high,high
204,6.8,0.5297978520393372,0.18490996956825256,0.0,0.9999461770057678,0.5453886389732361,0.17428770661354065,0.0,0.9999150037765503,0.5551158785820007,0.17576080560684204,0.0,0.9998842477798462,0.5629355311393738,0.1774354875087738,0.0,0.999927818775177,0.514232873916626,0.17147240042686462,0.0,0.9999110102653503,0.5034691095352173,0.17069073021411896,0.0,0.9998989701271057,0.4923924207687378,0.17023849487304688,0.0,0.9999107122421265,0.5638161897659302,0.186092346906662,0.0,0.9999022483825684,0.4730280637741089,0.17719390988349915,0.0,0.9996880888938904,0.5424702763557434,0.20122794806957245,0.0,0.9996967911720276,0.5084797143936157,0.19844909012317657,0.0,0.9996535778045654,0.5589461922645569,0.2685714662075043,0.05224902182817459,0.9997758269309998,0.4370112121105194,0.24283364415168762,0.0,0.9995937943458557,0.5785612463951111,0.35324299335479736,0.1972370147705078,0.3827446401119232,0.5973094701766968,0.28599029779434204,0.0,0.948945164680481,0.5792909264564514,0.4214552938938141,0.00320393405854702,0.40347298979759216,0.8008942604064941,0.29200464487075806,0.0,0.9033359289169312,0.5697208642959595,0.4465533196926117,0.0,0.42355701327323914,0.8509268760681152,0.28883716464042664,0.0,0.8841956853866577,0.5732914209365845,0.4481719136238098,0.0,0.43101486563682556,0.8566654920578003,0.2838330864906311,0.0,0.8886799812316895,0.5730830430984497,0.43867722153663635,0.0,0.41799336671829224,0.8419514298439026,0.2868487238883972,0.0,0.8490164279937744,0.5266727209091187,0.45292869210243225,0.19058257341384888,0.9998775124549866,0.45024964213371277,0.4525603652000427,0.0,0.9998580813407898,0.5296218991279602,0.5861757397651672,0.34889915585517883,0.4865046739578247,0.5563786029815674,0.576672375202179,0.0,0.8681707978248596,0.4658243954181671,0.7191162705421448,0.6423619389533997,0.7030521035194397,0.440324991941452,0.6806782484054565,0.0,0.8756234049797058,0.43799710273742676,0.7370694875717163,0.6596899032592773,0.6619020700454712,0.4139177203178406,0.6867714524269104,0.0,0.6379467248916626,0.5198754668235779,0.7617183327674866,0.518037736415863,0.7731167674064636,0.4856858551502228,0.7406777143478394,0.0,0.8708253502845764,high,high,high,high,high,high,high,high,high,high,high,high,high,low,high,low,high,low,high,low,high,low,high,high,high,low,high,high,high,medium,medium,high,high
205,6.833333333333333,0.527967095375061,0.18130049109458923,0.0,0.9999433159828186,0.5444269776344299,0.17040379345417023,0.0,0.9999149441719055,0.5548794865608215,0.17161749303340912,0.0,0.9998794198036194,0.5621580481529236,0.17303992807865143,0.0,0.9999265074729919,0.512209415435791,0.1675623208284378,0.0,0.9999130964279175,0.5010195970535278,0.1669086217880249,0.0,0.9999004006385803,0.49117332696914673,0.16650664806365967,0.0,0.999912440776825,0.5631635785102844,0.1816108524799347,0.0,0.9998999238014221,0.47207072377204895,0.17403148114681244,0.0,0.999688446521759,0.5414162278175354,0.1977839469909668,0.0,0.9996480345726013,0.5080713629722595,0.19516903162002563,0.0,0.9995793700218201,0.5665037631988525,0.26425662636756897,0.007898199371993542,0.999746561050415,0.4350229501724243,0.23890988528728485,0.0,0.9996007680892944,0.5797740817070007,0.35337498784065247,0.15116091072559357,0.3513943552970886,0.5974445939064026,0.2748754322528839,0.0,0.9493231773376465,0.585381805896759,0.4217539429664612,0.012674660421907902,0.3658671975135803,0.8037842512130737,0.265511691570282,0.0,0.906384289264679,0.5730088353157043,0.4465901255607605,0.0,0.3855555057525635,0.8558686375617981,0.2596224546432495,0.0,0.8857559561729431,0.5744823217391968,0.44836339354515076,0.0,0.392355740070343,0.857111930847168,0.2548019289970398,0.0,0.889745831489563,0.574353814125061,0.4386840760707855,0.0,0.37995007634162903,0.8402410745620728,0.25818294286727905,0.0,0.843956470489502,0.5273170471191406,0.45276713371276855,0.18524648249149323,0.9998762011528015,0.452088326215744,0.4511380195617676,0.0,0.9998599886894226,0.5200437903404236,0.58696448802948,0.34520629048347473,0.4481687843799591,0.5554201602935791,0.5753318071365356,0.0,0.8684282898902893,0.4608028829097748,0.7198003530502319,0.6219288110733032,0.6880620121955872,0.4400203824043274,0.6822132468223572,0.0,0.8541957139968872,0.43191567063331604,0.7421962022781372,0.6371899247169495,0.6576128602027893,0.41198527812957764,0.6886523365974426,0.0,0.6201109886169434,0.5192083716392517,0.7620950937271118,0.4911035895347595,0.7576048970222473,0.48096492886543274,0.7457051277160645,0.0,0.8547957539558411,high,high,high,high,high,high,high,high,high,high,high,high,high,low,high,low,high,low,high,low,high,low,high,high,high,low,high,medium,high,medium,medium,high,high
206,6.866666666666666,0.5275370478630066,0.17940324544906616,0.0,0.9999473690986633,0.543218731880188,0.16857272386550903,0.0,0.9999215006828308,0.5543367266654968,0.16951657831668854,0.0,0.9998878836631775,0.5617838501930237,0.1707516759634018,0.0,0.999931812286377,0.5103986263275146,0.16614362597465515,0.0,0.9999202489852905,0.4992547035217285,0.1655643880367279,0.0,0.9999085068702698,0.48994264006614685,0.1651717871427536,0.0,0.999919593334198,0.5628116130828857,0.1794576346874237,0.0,0.9999072551727295,0.4716542065143585,0.17338919639587402,0.0,0.9997128248214722,0.5406468510627747,0.19539117813110352,0.0,0.999661386013031,0.5074798464775085,0.19354629516601562,0.0,0.9995895028114319,0.5720266699790955,0.25944384932518005,0.0673234760761261,0.9997413158416748,0.43393057584762573,0.23698759078979492,0.0,0.9996243715286255,0.5814694166183472,0.352969229221344,0.22094285488128662,0.32076382637023926,0.5629192590713501,0.2727053165435791,0.0,0.9525312781333923,0.5885626673698425,0.4218723177909851,0.17973117530345917,0.33186623454093933,0.752630889415741,0.25273698568344116,0.0,0.9116047620773315,0.5740464329719543,0.4467502236366272,0.17963920533657074,0.35125789046287537,0.8034605383872986,0.24505886435508728,0.0,0.8903605341911316,0.5751054286956787,0.4483722746372223,0.12694606184959412,0.3575007915496826,0.8106635808944702,0.2389010488986969,0.0,0.8935549855232239,0.5751192569732666,0.43899640440940857,0.16154137253761292,0.3459153175354004,0.7933315634727478,0.24220557510852814,0.0,0.8457162976264954,0.5341507196426392,0.45286256074905396,0.18206803500652313,0.9998776316642761,0.45604175329208374,0.4513651728630066,0.0,0.9998655319213867,0.512620747089386,0.5881539583206177,0.32411259412765503,0.4158664047718048,0.5499443411827087,0.5784151554107666,0.0,0.8637220859527588,0.46355968713760376,0.7158663272857666,0.5309296250343323,0.6728928685188293,0.43906906247138977,0.6827679872512817,0.0,0.8408916592597961,0.43357086181640625,0.7378063201904297,0.5404081344604492,0.654168963432312,0.4122372567653656,0.6899807453155518,0.0,0.6081743836402893,0.5224378108978271,0.7572652697563171,0.417253702878952,0.7468371987342834,0.4801035225391388,0.7637624144554138,0.0,0.8446450233459473,high,high,high,high,high,high,high,high,high,high,high,high,high,low,high,low,high,low,high,low,high,low,high,high,high,low,high,medium,high,medium,medium,high,high
207,6.9,0.5256385803222656,0.17854401469230652,0.0,0.9999509453773499,0.5418574213981628,0.1677982658147812,0.0,0.999927282333374,0.5531931519508362,0.16867762804031372,0.0,0.9998952746391296,0.5615975260734558,0.17024561762809753,0.0,0.9999364018440247,0.5088218450546265,0.165529265999794,0.0,0.999926745891571,0.49801141023635864,0.16493010520935059,0.0,0.9999158978462219,0.48895126581192017,0.16443471610546112,0.0,0.9999261498451233,0.5624350309371948,0.1794789731502533,0.0,0.9999133944511414,0.4714236259460449,0.17280639708042145,0.0,0.999735414981842,0.5401265621185303,0.19445016980171204,0.0,0.9996734857559204,0.5056304335594177,0.19246700406074524,0.0,0.9996025562286377,0.5738983154296875,0.25913211703300476,0.08323827385902405,0.9997308254241943,0.43273693323135376,0.2357758730649948,0.0,0.9996502995491028,0.5797703862190247,0.3527674973011017,0.2613588273525238,0.29216066002845764,0.546903669834137,0.27408096194267273,0.0,0.9559876918792725,0.5892491340637207,0.42196255922317505,0.2574560046195984,0.3009296655654907,0.7304603457450867,0.25576648116111755,0.0,0.9179220199584961,0.5752865076065063,0.44686365127563477,0.26481303572654724,0.3199247419834137,0.7877881526947021,0.24661028385162354,0.0,0.8967921137809753,0.5766738653182983,0.44845420122146606,0.20841923356056213,0.3256882429122925,0.7893526554107666,0.23951292037963867,0.0,0.8993918299674988,0.5763474106788635,0.4392462372779846,0.2388876974582672,0.3149360716342926,0.7699946761131287,0.24400179088115692,0.0,0.8514522910118103,0.5368331074714661,0.45296216011047363,0.18083108961582184,0.9998762607574463,0.4564380347728729,0.4509862959384918,0.0,0.9998700618743896,0.5078354477882385,0.5886526107788086,0.3276347815990448,0.3859364092350006,0.5476037263870239,0.5798163414001465,0.0,0.8600074648857117,0.46512994170188904,0.7133404016494751,0.5519694089889526,0.6615529656410217,0.43928611278533936,0.6839873790740967,0.0,0.8292316794395447,0.4354724884033203,0.7354413270950317,0.5627109408378601,0.653229296207428,0.4144289195537567,0.6930428743362427,0.0,0.5976806879043579,0.5286293625831604,0.7547938227653503,0.43140900135040283,0.7392275929450989,0.47982439398765564,0.768893837928772,0.0,0.8357412219047546,high,high,high,high,high,high,high,high,high,high,high,high,high,low,high,low,high,low,high,low,high,low,high,high,high,low,high,medium,high,medium,medium,high,high
208,6.933333333333334,0.5252837538719177,0.17864392697811127,0.0,0.9999542832374573,0.541583240032196,0.16753160953521729,0.0,0.9999324679374695,0.5525941848754883,0.16870051622390747,0.0,0.9999020099639893,0.5609978437423706,0.17043602466583252,0.0,0.9999405145645142,0.5085039138793945,0.16533933579921722,0.0,0.9999324679374695,0.4975912272930145,0.16482987999916077,0.0,0.9999224543571472,0.48874977231025696,0.16444997489452362,0.0,0.9999318718910217,0.5623595118522644,0.17981021106243134,0.0,0.9999194741249084,0.47106504440307617,0.1728346049785614,0.0,0.999755322933197,0.5398291349411011,0.1946147084236145,0.0,0.9996923208236694,0.5054833889007568,0.19265326857566833,0.0,0.9996230602264404,0.5730189085006714,0.259765625,0.12188296765089035,0.9997382760047913,0.43197211623191833,0.23516413569450378,0.0,0.9996758699417114,0.5819740891456604,0.3507215678691864,0.23440702259540558,0.26931697130203247,0.5185185670852661,0.2766943871974945,0.0,0.9582133293151855,0.5894683599472046,0.4220291078090668,0.1299041509628296,0.2753806710243225,0.709368109703064,0.25650086998939514,0.0,0.9214279055595398,0.5783724188804626,0.44695931673049927,0.11609754711389542,0.2951018214225769,0.7606040835380554,0.24585020542144775,0.0,0.8998495936393738,0.579328179359436,0.44856318831443787,0.06324264407157898,0.3006367087364197,0.7646002173423767,0.23930218815803528,0.0,0.9017258882522583,0.578212559223175,0.43935060501098633,0.1091332733631134,0.2901642620563507,0.7654038071632385,0.24606749415397644,0.0,0.8517030477523804,0.5415537357330322,0.45489102602005005,0.1824110448360443,0.9998732805252075,0.4596141278743744,0.4529144763946533,0.0,0.999872624874115,0.5020747184753418,0.593671441078186,0.3810793459415436,0.35521137714385986,0.54297935962677,0.5893982648849487,0.0,0.8539950847625732,0.4669390320777893,0.7133913040161133,0.5861663222312927,0.6338005661964417,0.4397878050804138,0.717205822467804,0.0,0.8200947642326355,0.4380687177181244,0.735073447227478,0.5883211493492126,0.6383578181266785,0.4167824685573578,0.729149341583252,0.0,0.5836654901504517,0.5463148951530457,0.7534981966018677,0.4572466015815735,0.7171176075935364,0.47876155376434326,0.791117787361145,0.0,0.8255784511566162,high,high,high,high,high,high,high,high,high,high,high,high,high,low,high,low,high,low,high,low,high,low,high,high,high,low,high,medium,high,medium,medium,high,high
209,6.966666666666667,0.5249307155609131,0.1789795160293579,0.0,0.999949038028717,0.541138768196106,0.1676037758588791,0.0,0.9999266266822815,0.5520600080490112,0.16897356510162354,0.0,0.9998946785926819,0.5610834360122681,0.17064955830574036,0.0,0.9999372959136963,0.5082606673240662,0.1660693883895874,0.0,0.9999258518218994,0.4975052773952484,0.16601455211639404,0.0,0.9999136328697205,0.4886063039302826,0.16604892909526825,0.0,0.999923050403595,0.5646806955337524,0.17984803020954132,0.0,0.9999156594276428,0.4706416130065918,0.1751495897769928,0.0,0.9997133016586304,0.5400943756103516,0.19543971121311188,0.0,0.9996877312660217,0.5053253769874573,0.19382120668888092,0.0,0.9995846748352051,0.5801147818565369,0.2601490020751953,0.10535832494497299,0.9997562766075134,0.43197906017303467,0.23626740276813507,0.0,0.9996480941772461,0.6190555095672607,0.3516390025615692,0.1491546779870987,0.29163527488708496,0.5246701240539551,0.2759595811367035,0.0,0.9072646498680115,0.6071133017539978,0.4282293915748596,0.0,0.294819712638855,0.6489428877830505,0.2651945948600769,0.0,0.8560648560523987,0.5974445939064026,0.45460325479507446,0.0,0.3152066171169281,0.6514430642127991,0.266513854265213,0.0,0.8366973400115967,0.5905424952507019,0.45568642020225525,0.0,0.32165637612342834,0.644727349281311,0.2625378668308258,0.0,0.8376076817512512,0.5871796011924744,0.44648680090904236,0.0,0.3056637942790985,0.6463625431060791,0.26459333300590515,0.0,0.7879051566123962,0.5531952977180481,0.46529918909072876,0.17197459936141968,0.9998744130134583,0.46662333607673645,0.46424350142478943,0.0,0.9998708963394165,0.5062354207038879,0.6077660918235779,0.46601980924606323,0.32567477226257324,0.5016313195228577,0.6230931878089905,0.0,0.8523847460746765,0.4671732187271118,0.7145746350288391,0.7997739911079407,0.5889177322387695,0.446755051612854,0.7885527014732361,0.0,0.8247005939483643,0.4394427537918091,0.7368456125259399,0.8197780847549438,0.5909109711647034,0.4272574484348297,0.8065446019172668,0.0,0.5739033222198486,0.5257595777511597,0.7610515356063843,0.6617066860198975,0.6708933711051941,0.4830043315887451,0.8441165089607239,0.0,0.8239909410476685,high,high,high,high,high,high,high,high,high,high,high,high,high,low,high,low,high,low,high,low,high,low,high,high,high,low,high,medium,high,medium,medium,medium,high
210,7.0,0.5248804092407227,0.1790337711572647,0.0,0.9999402165412903,0.540960967540741,0.16796070337295532,0.0,0.9999170899391174,0.5519733428955078,0.1692991405725479,0.0,0.9998831748962402,0.5616064667701721,0.17095893621444702,0.0,0.9999310970306396,0.5080744624137878,0.16616341471672058,0.0,0.9999160766601562,0.4974152743816376,0.16637066006660461,0.0,0.9999029040336609,0.4884816110134125,0.1668294072151184,0.0,0.999912440776825,0.5650799870491028,0.18006069958209991,0.0,0.9999093413352966,0.4703900218009949,0.17568756639957428,0.0,0.9996688961982727,0.5407019257545471,0.19577202200889587,0.0,0.9996728897094727,0.5052903294563293,0.19446228444576263,0.0,0.9995359778404236,0.5792580842971802,0.2602837383747101,0.1783183217048645,0.9997716546058655,0.43183788657188416,0.237181156873703,0.0,0.9996311068534851,0.6166467666625977,0.34998345375061035,0.2026483714580536,0.3069426715373993,0.538020133972168,0.2758408486843109,0.0,0.8626877665519714,0.6117807626724243,0.43100446462631226,0.0,0.31311869621276855,0.6139171123504639,0.2693940997123718,0.0,0.8026816248893738,0.605486273765564,0.4571080207824707,0.0,0.33616265654563904,0.6140478849411011,0.2723391652107239,0.0,0.7876570820808411,0.5993403792381287,0.4577808976173401,0.0,0.3437601625919342,0.608788788318634,0.2685540020465851,0.0,0.7876951098442078,0.5949532985687256,0.44836822152137756,0.0,0.32349100708961487,0.6085752844810486,0.26964253187179565,0.0,0.7371898889541626,0.5575806498527527,0.4719770550727844,0.17032043635845184,0.9998775124549866,0.4691407084465027,0.4708399772644043,0.0,0.999872088432312,0.5133908987045288,0.6138904690742493,0.4863850772380829,0.3038886487483978,0.49475768208503723,0.6323667168617249,0.0,0.853660523891449,0.4676497280597687,0.713802695274353,0.8307472467422485,0.555082380771637,0.45081138610839844,0.7984362244606018,0.0,0.8312187194824219,0.4405168294906616,0.735129177570343,0.8522051572799683,0.552903413772583,0.43430817127227783,0.8165637254714966,0.0,0.5690017938613892,0.5135714411735535,0.7647429704666138,0.7021220326423645,0.6391777992248535,0.48614534735679626,0.8576127290725708,0.0,0.8263670206069946,high,high,high,high,high,high,high,high,high,high,high,high,high,low,high,low,high,low,high,low,high,low,high,high,high,low,high,medium,high,medium,medium,medium,high
211,7.033333333333333,0.5250676870346069,0.17927353084087372,0.0,0.9999343156814575,0.5410731434822083,0.1680605560541153,0.0,0.9999120831489563,0.5519180297851562,0.16940036416053772,0.0,0.9998779296875,0.5618023872375488,0.1709904819726944,0.0,0.9999278783798218,0.5081909894943237,0.1662215292453766,0.0,0.999911367893219,0.4971785247325897,0.16636058688163757,0.0,0.9998987913131714,0.48811742663383484,0.1668372005224228,0.0,0.9999078512191772,0.5648781061172485,0.17984367907047272,0.0,0.9999070167541504,0.47012859582901,0.17536529898643494,0.0,0.9996541142463684,0.5415154695510864,0.19589166343212128,0.0,0.9996653199195862,0.5054400563240051,0.1945405900478363,0.0,0.999509871006012,0.5782603621482849,0.2604629397392273,0.19946429133415222,0.9997850656509399,0.43223077058792114,0.23725274205207825,0.0,0.9996294379234314,0.6119488477706909,0.35117417573928833,0.23606610298156738,0.31064823269844055,0.5539433360099792,0.2760624885559082,0.0,0.8264462947845459,0.610626757144928,0.435128778219223,0.0,0.32112205028533936,0.6141166687011719,0.2699384093284607,0.0,0.7597336769104004,0.6063159108161926,0.45985788106918335,0.0,0.3477746844291687,0.6163021922111511,0.27420952916145325,0.0,0.7498142123222351,0.6034530401229858,0.46053966879844666,0.0,0.35656583309173584,0.6121271252632141,0.270704448223114,0.0,0.7491893768310547,0.5991240739822388,0.45132923126220703,0.0,0.33347707986831665,0.609636664390564,0.27088314294815063,0.0,0.6961018443107605,0.5582945346832275,0.4752875864505768,0.17761732637882233,0.9998822808265686,0.46922242641448975,0.4730830788612366,0.0,0.9998767971992493,0.5165128707885742,0.6219670176506042,0.5181280374526978,0.2865822911262512,0.48878175020217896,0.6376249194145203,0.0,0.8602715730667114,0.4681369662284851,0.7142747044563293,0.9167343378067017,0.5254751443862915,0.4531141519546509,0.7996225357055664,0.0,0.8415278196334839,0.44127601385116577,0.7341915369033813,0.9440622925758362,0.5216810703277588,0.4386962056159973,0.8171291351318359,0.0,0.5762884616851807,0.5123888254165649,0.7637698650360107,0.8100615739822388,0.6134486198425293,0.4879412055015564,0.8621573448181152,0.0,0.8345500230789185,high,high,high,high,high,high,high,high,high,high,high,high,high,low,high,low,high,low,high,low,high,low,medium,high,high,low,high,medium,high,medium,medium,medium,high
212,7.066666666666666,0.525231659412384,0.17832055687904358,0.0,0.999919593334198,0.5412672162055969,0.16626664996147156,0.0,0.9998968243598938,0.5519847869873047,0.16758869588375092,0.0,0.9998584985733032,0.5621859431266785,0.16890855133533478,0.0,0.9999173283576965,0.5081126689910889,0.16432233154773712,0.0,0.9998946189880371,0.4970053434371948,0.16434386372566223,0.0,0.9998795390129089,0.48788440227508545,0.16490474343299866,0.0,0.999889612197876,0.5647181868553162,0.1769908368587494,0.0,0.999894380569458,0.46992412209510803,0.17295178771018982,0.0,0.9995802640914917,0.5422537326812744,0.1949593722820282,0.0,0.9996118545532227,0.5054445266723633,0.19364218413829803,0.0,0.9993873238563538,0.5758718252182007,0.25800421833992004,0.1892649084329605,0.9997920393943787,0.4324359595775604,0.23591375350952148,0.0,0.9995975494384766,0.6196337342262268,0.3362509608268738,0.2153439223766327,0.3013818562030792,0.5529763698577881,0.2771989107131958,0.0,0.7898005247116089,0.6121988892555237,0.4343315660953522,0.0,0.31249159574508667,0.6136243939399719,0.2723570764064789,0.0,0.7106202244758606,0.6103931665420532,0.45908308029174805,0.0,0.3425345718860626,0.6178005337715149,0.2759224772453308,0.0,0.704537570476532,0.6040827631950378,0.45957469940185547,0.0,0.35146382451057434,0.6128511428833008,0.27202141284942627,0.0,0.7031939029693604,0.5997418165206909,0.45031148195266724,0.0,0.3264388144016266,0.6091179251670837,0.273036926984787,0.0,0.649695098400116,0.5561324954032898,0.47339677810668945,0.17734770476818085,0.9998798370361328,0.4700930714607239,0.472017765045166,0.0,0.9998709559440613,0.5136399865150452,0.6197324395179749,0.4821220934391022,0.2647969424724579,0.48436275124549866,0.6380425691604614,0.0,0.8488650918006897,0.46824365854263306,0.7177692651748657,0.8001595139503479,0.49346739053726196,0.45241737365722656,0.8007095456123352,0.0,0.8419029712677002,0.44194549322128296,0.7357321977615356,0.8241495490074158,0.491054505109787,0.4365927278995514,0.814468502998352,0.0,0.5666130781173706,0.5126798748970032,0.7638448476791382,0.6759252548217773,0.5853264927864075,0.48728644847869873,0.8643134832382202,0.0,0.8319069743156433,high,high,high,high,high,high,high,high,high,high,high,high,high,low,high,low,high,low,high,low,high,low,medium,high,high,low,high,low,high,low,medium,medium,high
213,7.1,0.5252495408058167,0.17754100263118744,0.0,0.9999099969863892,0.5412435531616211,0.1653333604335785,0.0,0.9998877644538879,0.5519644618034363,0.16635531187057495,0.0,0.9998475313186646,0.5622835159301758,0.16784219443798065,0.0,0.9999122023582458,0.507999062538147,0.16339519619941711,0.0,0.9998825192451477,0.49689194560050964,0.16318067908287048,0.0,0.9998640418052673,0.48761045932769775,0.16322621703147888,0.0,0.999875545501709,0.5645815134048462,0.1760207563638687,0.0,0.9998857378959656,0.4696400463581085,0.17150114476680756,0.0,0.9995065927505493,0.5427097678184509,0.19415733218193054,0.0,0.9995748400688171,0.5052863359451294,0.1931547224521637,0.0,0.9992884993553162,0.5742097496986389,0.2584361433982849,0.1828451305627823,0.9998034834861755,0.4325493574142456,0.23634687066078186,0.0,0.9995701313018799,0.6175726652145386,0.3390222191810608,0.20751598477363586,0.30157992243766785,0.5817321538925171,0.27721449732780457,0.0,0.7513684630393982,0.6115788221359253,0.43421584367752075,0.0,0.3198011517524719,0.6117811799049377,0.2692651152610779,0.0,0.6647974252700806,0.6114423274993896,0.459606796503067,0.0,0.35129088163375854,0.6159082651138306,0.2714175581932068,0.0,0.6613373160362244,0.6041339039802551,0.46011924743652344,0.0,0.36056649684906006,0.6066510677337646,0.2682311534881592,0.0,0.6593189835548401,0.5991976857185364,0.4506295621395111,0.0,0.3328583538532257,0.605812132358551,0.2701627016067505,0.0,0.6071282625198364,0.5557228922843933,0.4734418988227844,0.17476274073123932,0.999880850315094,0.4708310067653656,0.4727078974246979,0.0,0.9998682141304016,0.508127748966217,0.6165127158164978,0.4835227429866791,0.24379079043865204,0.48424679040908813,0.63848876953125,0.0,0.8311229348182678,0.468240350484848,0.7181157469749451,0.764844536781311,0.45919132232666016,0.4514223635196686,0.8019598126411438,0.0,0.8360496163368225,0.4422530233860016,0.7361076474189758,0.7882289290428162,0.4573858380317688,0.4353410601615906,0.8177350163459778,0.0,0.5473816394805908,0.5165930986404419,0.762624979019165,0.6455773115158081,0.5530065298080444,0.48704811930656433,0.8668249249458313,0.0,0.8228902220726013,high,high,high,high,high,high,high,high,high,high,high,high,high,low,high,low,medium,low,medium,low,medium,low,medium,high,high,low,high,low,high,low,medium,medium,high
214,7.133333333333334,0.5261840224266052,0.17342320084571838,0.0,0.9999149441719055,0.54197096824646,0.16079296171665192,0.0,0.9998944997787476,0.5522003769874573,0.16163578629493713,0.0,0.9998574256896973,0.5624494552612305,0.16283589601516724,0.0,0.9999181628227234,0.5082293748855591,0.15852844715118408,0.0,0.9998883605003357,0.49677127599716187,0.15818479657173157,0.0,0.9998701810836792,0.4873771369457245,0.1581418812274933,0.0,0.9998804926872253,0.5639986395835876,0.17104867100715637,0.0,0.9998931288719177,0.4694868326187134,0.16641196608543396,0.0,0.9995213150978088,0.5436165928840637,0.1898985207080841,0.0,0.9995986819267273,0.5053994655609131,0.18934684991836548,0.0,0.9993138909339905,0.5674296617507935,0.2524532079696655,0.17950183153152466,0.9998199343681335,0.4324735105037689,0.2330200970172882,0.0,0.9995529651641846,0.6187470555305481,0.33839115500450134,0.18403638899326324,0.3297998607158661,0.5899341106414795,0.27654722332954407,0.0,0.7184950113296509,0.6145911812782288,0.4323042333126068,0.0,0.3628902733325958,0.6057373285293579,0.2691078782081604,0.0,0.6243089437484741,0.6151692867279053,0.45952534675598145,0.0,0.3915775716304779,0.6094984412193298,0.2711208462715149,0.0,0.6229641437530518,0.6068340539932251,0.45999106764793396,0.0,0.4008772373199463,0.6019884347915649,0.26771610975265503,0.0,0.6205787658691406,0.6009162068367004,0.450535386800766,0.0,0.37055423855781555,0.5998907685279846,0.2695702910423279,0.0,0.5702592730522156,0.5545090436935425,0.4725412428379059,0.17987827956676483,0.9998818635940552,0.471578985452652,0.47185570001602173,0.0,0.9998623728752136,0.5088624358177185,0.614922285079956,0.5644629001617432,0.22887282073497772,0.4799147844314575,0.6400623917579651,0.0,0.8307541012763977,0.468394935131073,0.7190594673156738,0.897327184677124,0.4354031980037689,0.45084521174430847,0.8001729249954224,0.0,0.8374412655830383,0.44239968061447144,0.737288236618042,0.9185819029808044,0.4327610731124878,0.43499311804771423,0.815942645072937,0.0,0.5404155254364014,0.5180976390838623,0.7640231251716614,0.7986646294593811,0.5338572859764099,0.488147109746933,0.8648055791854858,0.0,0.8221156597137451,high,high,high,high,high,high,high,high,high,high,high,high,high,low,high,low,medium,low,medium,low,medium,low,medium,high,high,low,high,low,high,low,medium,medium,high
215,7.166666666666667,0.5263016819953918,0.16472592949867249,0.0,0.999903678894043,0.5419408082962036,0.15123188495635986,0.0,0.9998834133148193,0.5521751642227173,0.15244914591312408,0.0,0.999844491481781,0.5625618100166321,0.15368713438510895,0.0,0.9999110698699951,0.50815749168396,0.14886608719825745,0.0,0.9998753666877747,0.49649345874786377,0.1487835794687271,0.0,0.9998553395271301,0.4868886172771454,0.14928457140922546,0.0,0.9998672604560852,0.5639089345932007,0.16233988106250763,0.0016975323669612408,0.9998830556869507,0.4689214825630188,0.15757949650287628,0.0,0.9994592666625977,0.5440531969070435,0.1814289391040802,0.0,0.9995589256286621,0.5056686997413635,0.18045900762081146,0.0,0.9992287158966064,0.5674046277999878,0.24677440524101257,0.18397869169712067,0.9998282790184021,0.43136295676231384,0.22429046034812927,0.0,0.9995276927947998,0.6169519424438477,0.3358844518661499,0.18435794115066528,0.3292168974876404,0.5867564082145691,0.27366599440574646,0.0,0.6839689016342163,0.6141494512557983,0.43032199144363403,0.0,0.36878353357315063,0.6058593988418579,0.2698834538459778,0.0,0.5922445058822632,0.6133569478988647,0.4580962061882019,0.0,0.39980828762054443,0.6114489436149597,0.2717367112636566,0.0,0.5944681763648987,0.6056598424911499,0.458063542842865,0.0,0.4096074104309082,0.6053647994995117,0.2686058282852173,0.0,0.5917035937309265,0.6008040308952332,0.4483984410762787,0.0,0.3767491579055786,0.6030346155166626,0.27004292607307434,0.0,0.5411779284477234,0.5560536980628967,0.4687903821468353,0.16759173572063446,0.9998804330825806,0.47086161375045776,0.4688355028629303,0.0,0.9998572468757629,0.5112016201019287,0.6138454079627991,0.5379583835601807,0.2151714414358139,0.47324368357658386,0.6366864442825317,0.0,0.8129104375839233,0.47007060050964355,0.7174341678619385,0.8259485960006714,0.40886491537094116,0.4508742392063141,0.796551525592804,0.0,0.8298768401145935,0.4449300169944763,0.7367616891860962,0.8428041338920593,0.40530121326446533,0.43605273962020874,0.8133734464645386,0.0,0.5204780697822571,0.5187774896621704,0.7632848024368286,0.7097128629684448,0.5079828500747681,0.48811519145965576,0.8605413436889648,0.0,0.8106112480163574,high,high,high,high,high,high,high,high,high,high,high,high,high,low,medium,low,medium,low,medium,low,medium,low,medium,high,high,low,high,low,high,low,medium,medium,high
216,7.2,0.5268012881278992,0.15946564078330994,0.0,0.9998955726623535,0.5424184203147888,0.1463543027639389,0.0,0.9998753070831299,0.5524753332138062,0.14754214882850647,0.0,0.9998349547386169,0.562978982925415,0.14873625338077545,0.0,0.9999054670333862,0.5080989599227905,0.14337235689163208,0.0,0.99986732006073,0.496386855840683,0.1431233137845993,0.0,0.9998469352722168,0.4864969849586487,0.14351357519626617,0.0,0.9998598098754883,0.5637341141700745,0.1578313112258911,0.027970049530267715,0.999875009059906,0.4681311845779419,0.15226468443870544,0.0,0.9994207620620728,0.5445756912231445,0.17688053846359253,0.0,0.9995337724685669,0.5056812167167664,0.17521445453166962,0.0,0.9991777539253235,0.5670812129974365,0.24448268115520477,0.20207040011882782,0.9998363852500916,0.4296638071537018,0.2211536467075348,0.0,0.9995208978652954,0.6159508228302002,0.3335445821285248,0.19573521614074707,0.32547494769096375,0.5795243382453918,0.27223140001296997,0.0,0.6553241014480591,0.6138902306556702,0.4277673363685608,0.0,0.37091994285583496,0.6018627882003784,0.267122358083725,0.0,0.570953905582428,0.6124044060707092,0.45617589354515076,0.0,0.40406063199043274,0.6094409823417664,0.26841434836387634,0.0,0.5763402581214905,0.6052606701850891,0.45619097352027893,0.0,0.4143621325492859,0.6034571528434753,0.26524829864501953,0.0,0.572998583316803,0.6010282635688782,0.4464273452758789,0.0,0.3792138993740082,0.6003299951553345,0.26649874448776245,0.0,0.5204588174819946,0.5573627352714539,0.46554023027420044,0.16355930268764496,0.9998811483383179,0.4704027473926544,0.46667566895484924,0.0,0.9998564124107361,0.5125222206115723,0.6131867170333862,0.4991014301776886,0.20405864715576172,0.4699612855911255,0.6371139287948608,0.0,0.7998244166374207,0.47036826610565186,0.7114065885543823,0.8214737176895142,0.38907840847969055,0.450556218624115,0.7952800393104553,0.0,0.826594352722168,0.4469588100910187,0.7325515151023865,0.8423445224761963,0.3844825029373169,0.43677330017089844,0.8116469383239746,0.0,0.5074867606163025,0.5220632553100586,0.7591404318809509,0.7072665095329285,0.4910803437232971,0.4881908893585205,0.8587708473205566,0.0,0.8051022887229919,high,high,high,high,high,high,high,high,high,high,high,high,high,low,medium,low,medium,low,medium,low,medium,low,medium,high,high,low,high,low,high,low,medium,low,high
217,7.233333333333333,0.5268083214759827,0.15658295154571533,0.0,0.9998853206634521,0.5424453020095825,0.14346465468406677,0.0,0.9998651742935181,0.5524493455886841,0.14461354911327362,0.0,0.9998236298561096,0.5629558563232422,0.1458587795495987,0.0,0.9998990893363953,0.5079111456871033,0.14000460505485535,0.0,0.9998568296432495,0.4958769977092743,0.13963301479816437,0.0,0.999836266040802,0.48569729924201965,0.1400110125541687,0.0,0.9998504519462585,0.5635444521903992,0.1550849974155426,0.040199872106313705,0.9998670816421509,0.4669914245605469,0.14905326068401337,0.0,0.99937504529953,0.5447039008140564,0.17432798445224762,0.0,0.9995135068893433,0.5056483745574951,0.17249718308448792,0.0,0.9991347789764404,0.5671479105949402,0.2442736178636551,0.20818619430065155,0.999844491481781,0.4270084798336029,0.21949884295463562,0.0,0.9995163083076477,0.6155662536621094,0.33331915736198425,0.2099795937538147,0.3280423879623413,0.5756503939628601,0.27124103903770447,0.0,0.6306251287460327,0.6161066889762878,0.42555397748947144,0.0,0.37979283928871155,0.6023717522621155,0.2653593420982361,0.0,0.5511226654052734,0.613545835018158,0.45488041639328003,0.0,0.414384663105011,0.6100574731826782,0.2668306529521942,0.0,0.5594145655632019,0.6061690449714661,0.4552237391471863,0.0,0.4254535436630249,0.604075014591217,0.26385459303855896,0.0,0.555701494216919,0.6022120118141174,0.4451530873775482,0.0,0.38807860016822815,0.6003871560096741,0.2649869918823242,0.0,0.5014920234680176,0.5579070448875427,0.4637393355369568,0.15941952168941498,0.999882161617279,0.4694770872592926,0.4654378890991211,0.0,0.9998552799224854,0.5137755274772644,0.6131301522254944,0.4658679962158203,0.19525663554668427,0.4680914282798767,0.6373293399810791,0.0,0.7844415903091431,0.4704034924507141,0.7088139653205872,0.8131121397018433,0.3701542615890503,0.4503163993358612,0.7944304347038269,0.0,0.8212515115737915,0.4472070336341858,0.7298465967178345,0.8364669680595398,0.36464348435401917,0.4367518424987793,0.8107274770736694,0.0,0.4922279715538025,0.5245442986488342,0.7583674788475037,0.6964133977890015,0.4756115674972534,0.4881855845451355,0.8580394983291626,0.0,0.7981685996055603,high,high,high,high,high,high,high,high,high,high,high,high,high,low,medium,low,medium,low,medium,low,medium,low,medium,high,high,low,high,low,high,low,low,low,high
218,7.266666666666667,0.5264357924461365,0.1537548154592514,0.0,0.9998791217803955,0.5420490503311157,0.14003267884254456,0.0,0.9998593330383301,0.5521275401115417,0.14137449860572815,0.0,0.9998176693916321,0.5624653697013855,0.14250603318214417,0.0,0.9998956322669983,0.5063414573669434,0.1369882971048355,0.0,0.9998506307601929,0.49422723054885864,0.13680054247379303,0.0,0.9998301863670349,0.4837886393070221,0.137455016374588,0.0,0.9998452663421631,0.5628296136856079,0.15209636092185974,0.03773651644587517,0.9998627305030823,0.4650341868400574,0.14688877761363983,0.0,0.9993495941162109,0.5446633696556091,0.17134231328964233,0.0,0.9995014667510986,0.5049880743026733,0.16988308727741241,0.0,0.9991094470024109,0.5678331255912781,0.24311010539531708,0.20499283075332642,0.9998518824577332,0.4239737093448639,0.2178691178560257,0.0,0.9995165467262268,0.615204393863678,0.33273762464523315,0.20935270190238953,0.3339293897151947,0.5744940638542175,0.2699211835861206,0.0,0.6112520098686218,0.6168552041053772,0.42482513189315796,0.0,0.3911212980747223,0.6019964218139648,0.2651176154613495,0.0,0.5342586040496826,0.6136468052864075,0.4546045660972595,0.0,0.4268389940261841,0.6104888319969177,0.26753827929496765,0.0,0.544684886932373,0.6063762903213501,0.4550882875919342,0.0,0.4387158155441284,0.6040204763412476,0.2646220624446869,0.0,0.5407446026802063,0.6027093529701233,0.4448281228542328,0.0,0.39953184127807617,0.5994591116905212,0.26549094915390015,0.0,0.4855065941810608,0.5596761107444763,0.4624050557613373,0.15689918398857117,0.9998822808265686,0.46824127435684204,0.4646023213863373,0.0,0.9998542070388794,0.5145239233970642,0.612875759601593,0.46366065740585327,0.18742813169956207,0.4676666259765625,0.6378850936889648,0.0,0.7767483592033386,0.470597505569458,0.707047164440155,0.8520268797874451,0.35208746790885925,0.4501997232437134,0.7952204346656799,0.0,0.8191874027252197,0.44785571098327637,0.7280016541481018,0.8792325258255005,0.34585821628570557,0.43652305006980896,0.8119948506355286,0.0,0.4808270037174225,0.5240407586097717,0.7575591802597046,0.7436478734016418,0.46029433608055115,0.48811057209968567,0.8580722808837891,0.0,0.7946175932884216,high,high,high,high,high,high,high,high,high,high,high,high,high,low,medium,low,medium,low,medium,low,medium,low,low,high,high,low,high,low,high,low,low,low,high
219,7.3,0.5262296795845032,0.1534404158592224,0.0,0.9998725652694702,0.5418124198913574,0.13942980766296387,0.0,0.9998530149459839,0.5519503951072693,0.14034131169319153,0.0,0.9998108148574829,0.5621964931488037,0.14127807319164276,0.0,0.9998921155929565,0.5050828456878662,0.1368342936038971,0.0,0.9998436570167542,0.49307891726493835,0.13649272918701172,0.0,0.9998226761817932,0.4824395775794983,0.13687986135482788,0.0,0.9998389482498169,0.5615754723548889,0.1508631706237793,0.013894093222916126,0.9998568892478943,0.4637914299964905,0.146202951669693,0.0,0.999312162399292,0.5446426272392273,0.17078395187854767,0.0,0.9994885325431824,0.5044897198677063,0.1691669225692749,0.0,0.9990785121917725,0.5677782893180847,0.24120822548866272,0.20014788210391998,0.9998593926429749,0.4220861792564392,0.21760821342468262,0.0,0.9995124936103821,0.61497563123703,0.3324797749519348,0.2056090235710144,0.3416532576084137,0.5739908218383789,0.27019256353378296,0.0,0.5992931127548218,0.6173370480537415,0.4239240288734436,0.0,0.4081946313381195,0.5966458916664124,0.26464393734931946,0.0,0.5255853533744812,0.6144856214523315,0.4543009400367737,0.0,0.4431622326374054,0.6078253984451294,0.26678070425987244,0.0,0.5360425710678101,0.6067131757736206,0.45491814613342285,0.0,0.4555394947528839,0.6004418730735779,0.26395153999328613,0.0,0.5315965414047241,0.6030040979385376,0.44444212317466736,0.0,0.41460129618644714,0.5964405536651611,0.26466867327690125,0.0,0.4747276306152344,0.5594646334648132,0.4614199697971344,0.15680168569087982,0.9998839497566223,0.4673900604248047,0.4642149806022644,0.0,0.9998545050621033,0.5146737694740295,0.6125730276107788,0.4792766273021698,0.17829731106758118,0.46731409430503845,0.6383289694786072,0.0,0.7640107870101929,0.4706695079803467,0.705944299697876,0.8439451456069946,0.3369065523147583,0.44972386956214905,0.795608401298523,0.0,0.8160372376441956,0.44841694831848145,0.7265709638595581,0.8672104477882385,0.3300378620624542,0.43626415729522705,0.811599612236023,0.0,0.47013452649116516,0.5275118350982666,0.7551078796386719,0.7303980588912964,0.4481319785118103,0.4881034791469574,0.8584687113761902,0.0,0.7904357314109802,high,high,high,high,high,high,high,high,high,high,high,high,high,low,medium,low,medium,low,medium,low,medium,low,low,high,high,low,high,low,high,low,low,low,high
220,7.333333333333333,0.524045467376709,0.1530773937702179,0.0,0.9998718500137329,0.5398638844490051,0.1390582025051117,0.0,0.9998525381088257,0.5508893132209778,0.13986073434352875,0.0,0.9998109936714172,0.5606573224067688,0.14062581956386566,0.0,0.9998921751976013,0.5018422603607178,0.13687941431999207,0.0,0.9998434782028198,0.4903142750263214,0.13652195036411285,0.0,0.9998230338096619,0.4797261953353882,0.13675855100154877,0.0,0.9998397827148438,0.5600001215934753,0.15015432238578796,0.0,0.9998558163642883,0.46152177453041077,0.14582055807113647,0.0,0.9993093013763428,0.5438636541366577,0.17027181386947632,0.0,0.9994941353797913,0.5022276043891907,0.16878275573253632,0.0,0.9990886449813843,0.5682598352432251,0.2404923439025879,0.17389224469661713,0.9998669028282166,0.4195523262023926,0.21722181141376495,0.0,0.9995209574699402,0.6161265969276428,0.3330954611301422,0.17695209383964539,0.34947699308395386,0.5693578720092773,0.2703125476837158,0.0,0.5883537530899048,0.617296576499939,0.4239795207977295,0.0,0.4234957695007324,0.5941916704177856,0.2656796872615814,0.0,0.51943439245224,0.614879310131073,0.45403894782066345,0.0,0.4583585262298584,0.6066123843193054,0.26777082681655884,0.0,0.5293605923652649,0.6071808338165283,0.454253613948822,0.0,0.4712909460067749,0.5987274050712585,0.26479342579841614,0.0,0.5245984196662903,0.6032928824424744,0.44403690099716187,0.0,0.4284457266330719,0.595223069190979,0.2655467391014099,0.0,0.4658435583114624,0.5596519708633423,0.4613592028617859,0.1562061905860901,0.9998850226402283,0.46731406450271606,0.46421369910240173,0.0,0.999855637550354,0.5184234976768494,0.6130102276802063,0.47903022170066833,0.17143970727920532,0.4681917726993561,0.6390737295150757,0.0,0.7540192008018494,0.47110989689826965,0.705286979675293,0.8893255591392517,0.32106754183769226,0.44954580068588257,0.7950437068939209,0.0,0.8104408979415894,0.4490094780921936,0.7254819273948669,0.9178029298782349,0.3134115934371948,0.4365500509738922,0.8109620809555054,0.0,0.4571762681007385,0.5261706709861755,0.7550641894340515,0.7724193930625916,0.4337703585624695,0.4883928894996643,0.8586164712905884,0.0,0.7835163474082947,high,high,high,high,high,high,high,high,high,high,high,high,high,low,medium,low,medium,low,medium,low,medium,low,low,high,high,low,high,low,high,low,low,low,high
221,7.366666666666666,0.5190520286560059,0.14926734566688538,0.0,0.9998726844787598,0.5349721908569336,0.1349593847990036,0.0,0.9998543858528137,0.5481371879577637,0.1360243260860443,0.0,0.9998140931129456,0.5575467348098755,0.13701412081718445,0.0,0.9998935461044312,0.4966033101081848,0.13322758674621582,0.0,0.9998461008071899,0.4855499267578125,0.13336466252803802,0.0,0.9998269081115723,0.47495609521865845,0.13388483226299286,0.0,0.9998441934585571,0.5594062805175781,0.14643758535385132,0.0,0.9998572468757629,0.4572840929031372,0.1429547369480133,0.0,0.9993281364440918,0.5409318804740906,0.1666453778743744,0.0,0.9994986653327942,0.4963896572589874,0.165851891040802,0.0,0.9991044998168945,0.5690023899078369,0.23954108357429504,0.18257562816143036,0.9998711347579956,0.4153185188770294,0.21691226959228516,0.0,0.9995390772819519,0.6109137535095215,0.3345179855823517,0.20621193945407867,0.34337958693504333,0.522715151309967,0.28060001134872437,0.0,0.5897622108459473,0.6170055270195007,0.4242152273654938,0.0,0.42197269201278687,0.5908000469207764,0.26531097292900085,0.0,0.5236591696739197,0.6145414710044861,0.4540071487426758,0.0,0.45874249935150146,0.6040869355201721,0.26739078760147095,0.0,0.5329246520996094,0.6075196266174316,0.45422011613845825,0.0,0.47225478291511536,0.5956800580024719,0.26357901096343994,0.0,0.5276545882225037,0.603730320930481,0.44405627250671387,0.0,0.4289093017578125,0.5921792984008789,0.2647247910499573,0.0,0.4670165777206421,0.5596743822097778,0.4617668092250824,0.15162883698940277,0.999886155128479,0.4663274586200714,0.46435636281967163,0.0,0.9998589158058167,0.521830141544342,0.6172816157341003,0.4055878818035126,0.16878238320350647,0.4691210389137268,0.6417127251625061,0.0,0.7487172484397888,0.47119441628456116,0.7053073644638062,0.885258138179779,0.3053816556930542,0.44945305585861206,0.7958077192306519,0.0,0.8076234459877014,0.4489920735359192,0.7253175377845764,0.8935032486915588,0.29738491773605347,0.4366868734359741,0.8108221292495728,0.0,0.44714152812957764,0.5221849679946899,0.7556847333908081,0.7447604537010193,0.41977599263191223,0.4883630573749542,0.8585173487663269,0.0,0.7797176837921143,high,high,high,high,high,high,high,high,high,high,high,high,high,low,medium,low,medium,low,medium,low,medium,low,low,high,high,low,high,low,high,low,low,low,high
222,7.4,0.5168658494949341,0.14677616953849792,0.0,0.9998705983161926,0.5324737429618835,0.1322094053030014,0.0,0.9998524785041809,0.5463399887084961,0.13333597779273987,0.0,0.9998125433921814,0.5555645227432251,0.13444356620311737,0.0,0.9998921155929565,0.49393343925476074,0.1308121383190155,0.0,0.9998451471328735,0.4829142391681671,0.13113078474998474,0.0,0.9998270869255066,0.472206711769104,0.13179932534694672,0.0,0.9998453855514526,0.5584719777107239,0.14360274374485016,0.0,0.9998554587364197,0.4539933502674103,0.1411675363779068,0.0,0.9993345141410828,0.5387964844703674,0.16439583897590637,0.0,0.9995000958442688,0.49354439973831177,0.16382494568824768,0.0,0.9991148710250854,0.5712299942970276,0.23712417483329773,0.1742197424173355,0.9998757839202881,0.40972602367401123,0.21682386100292206,0.0,0.9995583891868591,0.6109209060668945,0.3346228301525116,0.20270247757434845,0.3417094051837921,0.5033747553825378,0.2868691682815552,0.0,0.5934450030326843,0.6169191002845764,0.42419061064720154,0.0,0.42493289709091187,0.5846226811408997,0.26529914140701294,0.0,0.5331924557685852,0.6151933670043945,0.4536471962928772,0.0,0.4624251425266266,0.6014772653579712,0.26746314764022827,0.0,0.5411413311958313,0.6089426279067993,0.4540281295776367,0.0,0.4764249622821808,0.5922853350639343,0.2632696330547333,0.0,0.5352162718772888,0.6050332188606262,0.44385355710983276,0.0,0.4323950707912445,0.5882634520530701,0.26442843675613403,0.0,0.47210952639579773,0.5597246289253235,0.4618377685546875,0.14638055860996246,0.999889075756073,0.46485278010368347,0.4644957184791565,0.0,0.9998642206192017,0.5237321853637695,0.6186044216156006,0.3981478810310364,0.16725651919841766,0.4696118235588074,0.6437040567398071,0.0,0.7459940314292908,0.47125622630119324,0.7035142183303833,0.8578948378562927,0.2920547127723694,0.4493495523929596,0.7959340810775757,0.0,0.8065627813339233,0.4489641487598419,0.720776379108429,0.8755778074264526,0.2832697033882141,0.4366554617881775,0.8104022741317749,0.0,0.4389718174934387,0.5209246873855591,0.7554990649223328,0.7455793619155884,0.4082074463367462,0.48835432529449463,0.8587501645088196,0.0,0.7776745557785034,high,high,high,high,high,high,high,high,high,high,high,high,high,low,medium,low,medium,low,medium,low,medium,low,low,high,high,low,high,low,high,low,low,low,high
223,7.433333333333334,0.5150445699691772,0.14476901292800903,0.0,0.9998769164085388,0.5304105281829834,0.13053618371486664,0.0,0.9998599290847778,0.544517993927002,0.1318274587392807,0.0,0.9998223185539246,0.5533791184425354,0.13307532668113708,0.0,0.9998972415924072,0.49245867133140564,0.12918971478939056,0.0,0.999853789806366,0.48129674792289734,0.12952955067157745,0.0,0.9998375177383423,0.4704701006412506,0.1302172690629959,0.0,0.9998548626899719,0.5568328499794006,0.14241017401218414,0.0,0.9998629093170166,0.45122018456459045,0.14006997644901276,0.0,0.9993762969970703,0.5359259843826294,0.16279911994934082,0.0,0.9995282888412476,0.4912196695804596,0.1620628535747528,0.0,0.9991695284843445,0.5712964534759521,0.23560623824596405,0.16142064332962036,0.9998815655708313,0.4057861268520355,0.2163955271244049,0.0,0.9995819330215454,0.6106903553009033,0.3354131877422333,0.20153877139091492,0.3425600826740265,0.5021315813064575,0.28749173879623413,0.0,0.5964874029159546,0.6167576909065247,0.42429500818252563,0.0,0.4265933930873871,0.5800207257270813,0.2645024359226227,0.0,0.5400686860084534,0.615315854549408,0.45363712310791016,0.0,0.4654275178909302,0.598355233669281,0.26713693141937256,0.0,0.5468674898147583,0.609163224697113,0.4540013372898102,0.0,0.4801100790500641,0.5894716382026672,0.26291462779045105,0.0,0.5406948328018188,0.605122447013855,0.4438524842262268,0.0,0.43576568365097046,0.5851503014564514,0.26395195722579956,0.0,0.47501349449157715,0.5603697896003723,0.4618101716041565,0.1473379284143448,0.9998923540115356,0.46469244360923767,0.4645546078681946,0.0,0.9998705387115479,0.5270174741744995,0.6192384362220764,0.4091288149356842,0.1728634387254715,0.4696785807609558,0.645159900188446,0.0,0.7523027658462524,0.4727732241153717,0.7013095617294312,0.9657919406890869,0.2809482216835022,0.4492779076099396,0.7964199781417847,0.01789786107838154,0.8095104694366455,0.449214905500412,0.7176774740219116,1.0,0.2727739214897156,0.4366636574268341,0.8103215098381042,0.03309089317917824,0.4372451603412628,0.5207685232162476,0.7534615993499756,0.8815082907676697,0.3982834815979004,0.48857325315475464,0.8590232729911804,0.0,0.7789971828460693,high,high,high,high,high,high,high,high,high,high,high,high,high,low,medium,low,medium,low,medium,low,medium,low,low,high,high,low,high,low,high,low,low,low,high
224,7.466666666666667,0.513388454914093,0.14339855313301086,0.0,0.9998663067817688,0.5286020040512085,0.12908145785331726,0.0,0.9998475313186646,0.5429638624191284,0.13030776381492615,0.0,0.9998071193695068,0.5517343282699585,0.13166165351867676,0.0,0.9998881220817566,0.4912237823009491,0.1280396431684494,0.0,0.9998438954353333,0.48005884885787964,0.12826251983642578,0.0,0.9998282194137573,0.4692813754081726,0.12872324883937836,0.0,0.9998495578765869,0.5559098720550537,0.14120230078697205,0.0,0.9998500943183899,0.45007696747779846,0.13839760422706604,0.0,0.9993569850921631,0.5342568755149841,0.16131427884101868,0.0,0.9995052218437195,0.4893219470977783,0.16078513860702515,0.0,0.9991482496261597,0.5745997428894043,0.2359352856874466,0.16178448498249054,0.9998836517333984,0.40219026803970337,0.2162102460861206,0.0,0.9996012449264526,0.6076098084449768,0.33763551712036133,0.2024519145488739,0.3299463391304016,0.48918434977531433,0.2880537211894989,0.0,0.6001486778259277,0.6166686415672302,0.4248901903629303,0.0,0.4135909080505371,0.5788315534591675,0.2631637454032898,0.0,0.5489498376846313,0.6153965592384338,0.45378565788269043,0.0,0.4533538520336151,0.5971456170082092,0.265892893075943,0.0,0.5535903573036194,0.61008620262146,0.4544190764427185,0.0,0.46807003021240234,0.5885371565818787,0.26172879338264465,0.0,0.5463634133338928,0.6061133146286011,0.4443943500518799,0.0,0.4242185056209564,0.5840386152267456,0.2630240321159363,0.0,0.47856172919273376,0.5647833347320557,0.46175646781921387,0.13710308074951172,0.9998970627784729,0.4646071493625641,0.46455177664756775,0.0,0.9998780488967896,0.5291261672973633,0.6197586059570312,0.35898181796073914,0.16976140439510345,0.4698527753353119,0.6454529762268066,0.0,0.7439271807670593,0.47403302788734436,0.7009767293930054,0.8136833310127258,0.2674281895160675,0.44930732250213623,0.7960704565048218,0.0014902199618518353,0.805595874786377,0.45070967078208923,0.7159554958343506,0.8501237034797668,0.25758227705955505,0.4370833933353424,0.8100503087043762,0.013387746177613735,0.4249129891395569,0.5193845629692078,0.753480851650238,0.7449794411659241,0.3845960199832916,0.488553911447525,0.8587877154350281,0.0,0.7735649347305298,high,high,high,high,high,high,high,high,high,high,high,high,high,low,medium,low,medium,low,medium,low,medium,low,low,high,high,low,high,low,high,low,low,low,high
225,7.5,0.5122069120407104,0.14312002062797546,0.0,0.9998512268066406,0.5274065136909485,0.12862086296081543,0.0,0.999830961227417,0.5417736768722534,0.12988805770874023,0.0,0.9997862577438354,0.550475537776947,0.13130061328411102,0.0,0.9998759627342224,0.49023860692977905,0.12753891944885254,0.0,0.9998302459716797,0.4790680706501007,0.12770849466323853,0.0,0.9998146891593933,0.4682987630367279,0.12808704376220703,0.0,0.9998412132263184,0.5547499060630798,0.14071908593177795,0.0,0.999832034111023,0.4491528868675232,0.13750317692756653,0.0,0.9993243217468262,0.5331801772117615,0.1611286699771881,0.0,0.9994644522666931,0.4880456328392029,0.16033653914928436,0.0,0.99909907579422,0.5747034549713135,0.23523183166980743,0.16200502216815948,0.9998837113380432,0.4005909860134125,0.21620826423168182,0.0,0.9996156692504883,0.603657603263855,0.3380551338195801,0.2053821086883545,0.3142395317554474,0.49263525009155273,0.2886107563972473,0.0,0.6045023798942566,0.6166262030601501,0.42525187134742737,0.0,0.39720577001571655,0.5786628127098083,0.26144638657569885,0.0,0.5595343708992004,0.6153581142425537,0.45394739508628845,0.0,0.43789738416671753,0.5969468951225281,0.2645784914493561,0.0,0.5626354813575745,0.6100825667381287,0.45496082305908203,0.0,0.45239803194999695,0.5879359245300293,0.2591101825237274,0.0,0.5543897747993469,0.6063565015792847,0.44504308700561523,0.0,0.4095090627670288,0.5834451913833618,0.26140066981315613,0.0,0.4847516715526581,0.5671709179878235,0.4616113603115082,0.13197502493858337,0.9999004602432251,0.46451759338378906,0.4645370841026306,0.0,0.9998838901519775,0.5301749110221863,0.6197451949119568,0.35095930099487305,0.16471099853515625,0.4700026512145996,0.6455320715904236,0.0,0.7321711182594299,0.47497880458831787,0.7011602520942688,0.7309919595718384,0.25500473380088806,0.44940534234046936,0.7958897352218628,0.0,0.8008332848548889,0.45249244570732117,0.7159255743026733,0.7584842443466187,0.24404561519622803,0.43799102306365967,0.8099697828292847,0.0,0.4138511121273041,0.5185702443122864,0.7538048028945923,0.6551486849784851,0.37240681052207947,0.4885210692882538,0.8587597012519836,0.0,0.7679839730262756,high,high,high,high,high,high,high,high,high,high,high,high,high,low,medium,low,medium,low,medium,low,medium,low,low,high,high,low,high,low,high,low,low,low,high
226,7.533333333333333,0.5116546154022217,0.1394411027431488,0.0,0.9998410940170288,0.5264052748680115,0.12578655779361725,0.0,0.9998188018798828,0.5406792759895325,0.12675336003303528,0.0,0.9997711777687073,0.5491752028465271,0.12784887850284576,0.0,0.999866783618927,0.48972412943840027,0.12510208785533905,0.0,0.9998208284378052,0.4784819185733795,0.12544311583042145,0.0,0.9998060464859009,0.4675348997116089,0.1258878856897354,0.0,0.9998359084129333,0.5536954402923584,0.1374129354953766,0.003441111883148551,0.9998216032981873,0.44712966680526733,0.1362648755311966,0.0,0.9993081092834473,0.5329087376594543,0.15784573554992676,0.0,0.9994516968727112,0.48768964409828186,0.15706101059913635,0.0,0.9990907311439514,0.5777339339256287,0.2351330816745758,0.16714899241924286,0.9998852610588074,0.3974648714065552,0.21526816487312317,0.0,0.9996311068534851,0.6037070155143738,0.33891168236732483,0.2133198231458664,0.30447447299957275,0.4844818413257599,0.288469135761261,0.0,0.6067517995834351,0.6162512302398682,0.4255642294883728,0.0,0.38362058997154236,0.5772004723548889,0.2598787546157837,0.0,0.5622382760047913,0.6153246760368347,0.4544777274131775,0.0,0.4245080351829529,0.594941258430481,0.263263076543808,0.0,0.5640735030174255,0.6101370453834534,0.455714613199234,0.0,0.43925851583480835,0.585995078086853,0.25808900594711304,0.0,0.555120050907135,0.6063922643661499,0.4457339644432068,0.0,0.39725223183631897,0.5817942023277283,0.26001912355422974,0.0,0.4835086464881897,0.568472146987915,0.46085724234580994,0.13178522884845734,0.9999023675918579,0.4638897776603699,0.46413883566856384,0.0,0.9998884201049805,0.530808687210083,0.6194796562194824,0.351198673248291,0.16086642444133759,0.47015097737312317,0.6456252336502075,0.0,0.7211564779281616,0.4783124327659607,0.7001112103462219,0.7602367997169495,0.2415730208158493,0.4494073987007141,0.7955784797668457,0.0005903751589357853,0.7952455878257751,0.4554484784603119,0.714380145072937,0.7806636095046997,0.22937875986099243,0.43805983662605286,0.8097344636917114,0.01188619900494814,0.399458110332489,0.5183488726615906,0.7522894740104675,0.6710619330406189,0.35829150676727295,0.48833683133125305,0.8585137128829956,0.0,0.7617148756980896,high,high,high,high,high,high,high,high,high,high,high,high,high,low,medium,low,medium,low,medium,low,medium,low,low,high,high,low,high,low,high,low,low,low,high
227,7.566666666666666,0.5116952061653137,0.13657522201538086,0.0,0.9998282790184021,0.5265007615089417,0.12378130108118057,0.0,0.9998029470443726,0.5403462052345276,0.12462502717971802,0.0,0.999752402305603,0.5488069653511047,0.12557652592658997,0.0,0.9998562932014465,0.48987531661987305,0.12300857156515121,0.0,0.9998067021369934,0.4785393178462982,0.12340950965881348,0.0,0.9997920989990234,0.46749112010002136,0.12389955669641495,0.0,0.9998263716697693,0.553130030632019,0.13494375348091125,0.0,0.999809741973877,0.4465511739253998,0.1343407779932022,0.0,0.9992713332176208,0.5328030586242676,0.15496061742305756,0.0,0.9994375109672546,0.48778292536735535,0.15397651493549347,0.0,0.999073326587677,0.5807909369468689,0.23398646712303162,0.1523735225200653,0.9998893141746521,0.3948926329612732,0.2143591344356537,0.0,0.9996446967124939,0.6092178821563721,0.33955633640289307,0.19867822527885437,0.30234503746032715,0.47838351130485535,0.2890721559524536,0.0,0.6071494221687317,0.6163746118545532,0.4263134002685547,0.0,0.3803439140319824,0.576640248298645,0.25844377279281616,0.0,0.5647151470184326,0.6157894730567932,0.4548754096031189,0.0,0.42061319947242737,0.5934993028640747,0.261953204870224,0.0,0.5651415586471558,0.610995888710022,0.4561544358730316,0.0,0.43553265929222107,0.5834706425666809,0.2552330195903778,0.0,0.5554091334342957,0.6070511341094971,0.4464266300201416,0.0,0.3933183550834656,0.5803453326225281,0.2584086060523987,0.0,0.4819994568824768,0.5694434642791748,0.46078038215637207,0.1302204430103302,0.999906063079834,0.46296533942222595,0.46406611800193787,0.0,0.9998934864997864,0.5336499810218811,0.619306743144989,0.34245502948760986,0.15775756537914276,0.4706695079803467,0.6454479694366455,0.0,0.710422933101654,0.4804029166698456,0.7000177502632141,0.7679686546325684,0.23004181683063507,0.44973573088645935,0.7953802347183228,0.007794666104018688,0.7881671190261841,0.45721787214279175,0.7145487070083618,0.7964820861816406,0.2165183126926422,0.43805772066116333,0.8096583485603333,0.01987748220562935,0.3852364718914032,0.5183922052383423,0.7532035112380981,0.6759426593780518,0.34658947587013245,0.4904158413410187,0.8586994409561157,0.0,0.7543361783027649,high,high,high,high,high,high,high,high,high,high,high,high,high,low,medium,low,medium,low,medium,low,medium,low,low,high,high,low,high,low,high,low,low,low,high
