frame,timestamp,NOSE_x,NOSE_y,NOSE_z,NOSE_visibility,LEFT_EYE_INNER_x,LEFT_EYE_INNER_y,LEFT_EYE_INNER_z,LEFT_EYE_INNER_visibility,LEFT_EYE_x,LEFT_EYE_y,LEFT_EYE_z,LEFT_EYE_visibility,LEFT_EYE_OUTER_x,LEFT_EYE_OUTER_y,LEFT_EYE_OUTER_z,LEFT_EYE_OUTER_visibility,RIGHT_EYE_INNER_x,RIGHT_EYE_INNER_y,RIGHT_EYE_INNER_z,RIGHT_EYE_INNER_visibility,RIGHT_EYE_x,RIGHT_EYE_y,RIGHT_EYE_z,RIGHT_EYE_visibility,RIGHT_EYE_OUTER_x,RIGHT_EYE_OUTER_y,RIGHT_EYE_OUTER_z,RIGHT_EYE_OUTER_visibility,LEFT_EAR_x,LEFT_EAR_y,LEFT_EAR_z,LEFT_EAR_visibility,RIGHT_EAR_x,RIGHT_EAR_y,RIGHT_EAR_z,RIGHT_EAR_visibility,MOUTH_LEFT_x,MOUTH_LEFT_y,MOUTH_LEFT_z,MOUTH_LEFT_visibility,MOUTH_RIGHT_x,MOUTH_RIGHT_y,MOUTH_RIGHT_z,MOUTH_RIGHT_visibility,LEFT_SHOULDER_x,LEFT_SHOULDER_y,LEFT_SHOULDER_z,LEFT_SHOULDER_visibility,RIGHT_SHOULDER_x,RIGHT_SHOULDER_y,RIGHT_SHOULDER_z,RIGHT_SHOULDER_visibility,LEFT_ELBOW_x,LEFT_ELBOW_y,LEFT_ELBOW_z,LEFT_ELBOW_visibility,RIGHT_ELBOW_x,RIGHT_ELBOW_y,RIGHT_ELBOW_z,RIGHT_ELBOW_visibility,LEFT_WRIST_x,LEFT_WRIST_y,LEFT_WRIST_z,LEFT_WRIST_visibility,RIGHT_WRIST_x,RIGHT_WRIST_y,RIGHT_WRIST_z,RIGHT_WRIST_visibility,LEFT_PINKY_x,LEFT_PINKY_y,LEFT_PINKY_z,LEFT_PINKY_visibility,RIGHT_PINKY_x,RIGHT_PINKY_y,RIGHT_PINKY_z,RIGHT_PINKY_visibility,LEFT_INDEX_x,LEFT_INDEX_y,LEFT_INDEX_z,LEFT_INDEX_visibility,RIGHT_INDEX_x,RIGHT_INDEX_y,RIGHT_INDEX_z,RIGHT_INDEX_visibility,LEFT_THUMB_x,LEFT_THUMB_y,LEFT_THUMB_z,LEFT_THUMB_visibility,RIGHT_THUMB_x,RIGHT_THUMB_y,RIGHT_THUMB_z,RIGHT_THUMB_visibility,LEFT_HIP_x,LEFT_HIP_y,LEFT_HIP_z,LEFT_HIP_visibility,RIGHT_HIP_x,RIGHT_HIP_y,RIGHT_HIP_z,RIGHT_HIP_visibility,LEFT_KNEE_x,LEFT_KNEE_y,LEFT_KNEE_z,LEFT_KNEE_visibility,RIGHT_KNEE_x,RIGHT_KNEE_y,RIGHT_KNEE_z,RIGHT_KNEE_visibility,LEFT_ANKLE_x,LEFT_ANKLE_y,LEFT_ANKLE_z,LEFT_ANKLE_visibility,RIGHT_ANKLE_x,RIGHT_ANKLE_y,RIGHT_ANKLE_z,RIGHT_ANKLE_visibility,LEFT_HEEL_x,LEFT_HEEL_y,LEFT_HEEL_z,LEFT_HEEL_visibility,RIGHT_HEEL_x,RIGHT_HEEL_y,RIGHT_HEEL_z,RIGHT_HEEL_visibility,LEFT_FOOT_INDEX_x,LEFT_FOOT_INDEX_y,LEFT_FOOT_INDEX_z,LEFT_FOOT_INDEX_visibility,RIGHT_FOOT_INDEX_x,RIGHT_FOOT_INDEX_y,RIGHT_FOOT_INDEX_z,RIGHT_FOOT_INDEX_visibility
0,0.0,0.36408525705337524,0.32680782675743103,-0.35034412145614624,0.9999561309814453,0.3799711763858795,0.31573286652565,-0.3180672824382782,0.9998562335968018,0.3869980573654175,0.3166409134864807,-0.31868019700050354,0.9998387098312378,0.39618441462516785,0.3180270493030548,-0.318576455116272,0.9998914003372192,0.35340631008148193,0.3157155513763428,-0.3238013684749603,0.9998986721038818,0.34472155570983887,0.316067636013031,-0.32445859909057617,0.9999121427536011,0.33829158544540405,0.31651219725608826,-0.32469797134399414,0.9999241828918457,0.40375980734825134,0.3267800807952881,-0.13413560390472412,0.9998689889907837,0.326181560754776,0.3223631978034973,-0.16218851506710052,0.9997202754020691,0.37943726778030396,0.3403575122356415,-0.2775149643421173,0.9999315738677979,0.3497040867805481,0.3381948471069336,-0.28925058245658875,0.9999258518218994,0.4608663320541382,0.3990762233734131,-0.0010961442021653056,0.999991774559021,0.2549946904182434,0.40373843908309937,-0.08374131470918655,0.9999587535858154,0.5476503372192383,0.46098747849464417,0.06401795148849487,0.9672565460205078,0.22733591496944427,0.48934346437454224,-0.11236211657524109,0.9294652342796326,0.61876380443573,0.5189494490623474,-0.13181960582733154,0.9854364991188049,0.2802448868751526,0.5351982116699219,-0.3254748582839966,0.9486837387084961,0.6425939202308655,0.5387623906135559,-0.1756618767976761,0.9768780469894409,0.2952721416950226,0.5579734444618225,-0.3916141390800476,0.9289537072181702,0.6366532444953918,0.5399923324584961,-0.23762018978595734,0.9801197648048401,0.3035825490951538,0.5514767169952393,-0.4304940402507782,0.9363070726394653,0.6231738328933716,0.5349391102790833,-0.15896111726760864,0.9738186001777649,0.30370116233825684,0.5433670282363892,-0.34748056530952454,0.9119347929954529,0.4354272484779358,0.5761580467224121,0.04274294897913933,0.9999713897705078,0.3156571686267853,0.5796118378639221,-0.04328100010752678,0.9999481439590454,0.4474838674068451,0.7056677341461182,0.08142181485891342,0.847291886806488,0.27015161514282227,0.6975553035736084,-0.1139286458492279,0.8601487278938293,0.45691508054733276,0.811092734336853,0.36137673258781433,0.8834424614906311,0.22072720527648926,0.7897070646286011,0.2682790756225586,0.8143695592880249,0.4406760334968567,0.8296578526496887,0.3756451904773712,0.4936158359050751,0.21618495881557465,0.7973294258117676,0.298911988735199,0.2749232351779938,0.483343243598938,0.8503090143203735,0.15526174008846283,0.8810954093933105,0.22802461683750153,0.8401809930801392,0.10519341379404068,0.7867462635040283
1,0.03333333333333333,0.36163508892059326,0.32680341601371765,-0.33299046754837036,0.999954342842102,0.3775777220726013,0.31620386242866516,-0.3022647798061371,0.9998475909233093,0.3854621350765228,0.31741341948509216,-0.30287033319473267,0.9998301863670349,0.39504730701446533,0.31877726316452026,-0.30279260873794556,0.9998851418495178,0.35164782404899597,0.31572529673576355,-0.3082647919654846,0.9998944401741028,0.3423571288585663,0.3160732388496399,-0.3089219629764557,0.9999091625213623,0.3356720507144928,0.31651121377944946,-0.309172660112381,0.999921441078186,0.4030076861381531,0.32677939534187317,-0.1321074217557907,0.9998635053634644,0.3241182863712311,0.3224112093448639,-0.16077490150928497,0.999718427658081,0.37672004103660583,0.34036359190940857,-0.26716235280036926,0.9999309182167053,0.346923828125,0.33828940987586975,-0.2791304588317871,0.9999262094497681,0.45835793018341064,0.3996449410915375,-0.011746855452656746,0.9999918341636658,0.2518206834793091,0.40371769666671753,-0.08584852516651154,0.99996018409729,0.5476512312889099,0.4609738886356354,0.05072995647788048,0.9691758155822754,0.22586600482463837,0.48932725191116333,-0.10602298378944397,0.9344125390052795,0.623354434967041,0.5177609920501709,-0.12550246715545654,0.9864188432693481,0.27112898230552673,0.5475601553916931,-0.28547942638397217,0.9528518319129944,0.655042290687561,0.5375640392303467,-0.16152097284793854,0.9783101081848145,0.2736645042896271,0.5714914202690125,-0.3400469422340393,0.9344298243522644,0.6501449942588806,0.5391110777854919,-0.22492286562919617,0.9813747406005859,0.28432920575141907,0.5684850811958313,-0.38795360922813416,0.9412620663642883,0.636867880821228,0.5345210433006287,-0.15280483663082123,0.9755054116249084,0.28950169682502747,0.5606111884117126,-0.31032294034957886,0.9187433123588562,0.431944876909256,0.5747313499450684,0.03936837613582611,0.9999719858169556,0.31326454877853394,0.5781953930854797,-0.03992385417222977,0.9999493956565857,0.44678860902786255,0.7018405199050903,0.07455922663211823,0.8517953753471375,0.26936182379722595,0.6945312023162842,-0.14147219061851501,0.8666322827339172,0.4569208323955536,0.8078794479370117,0.318288654088974,0.8877831697463989,0.21961233019828796,0.7884068489074707,0.18571878969669342,0.8220905661582947,0.4404970407485962,0.8255053758621216,0.3290060758590698,0.5025724172592163,0.2147560566663742,0.7957016825675964,0.2115243673324585,0.2866402864456177,0.48392075300216675,0.8435674905776978,0.1261894702911377,0.8856616616249084,0.22681263089179993,0.8393832445144653,0.03532743081450462,0.7961670756340027
2,0.06666666666666667,0.3569725453853607,0.32668977975845337,-0.44096407294273376,0.9999568462371826,0.37441498041152954,0.31622636318206787,-0.40361282229423523,0.9998547434806824,0.3814597725868225,0.31752777099609375,-0.4042282998561859,0.9998384714126587,0.39088714122772217,0.31890571117401123,-0.4041310250759125,0.9998897314071655,0.3475115895271301,0.3155684173107147,-0.41190987825393677,0.9999004602432251,0.3381980359554291,0.3158261179924011,-0.41256511211395264,0.999914824962616,0.33176150918006897,0.3161434531211853,-0.41281619668006897,0.9999262094497681,0.3998979926109314,0.3267741799354553,-0.20060163736343384,0.9998700022697449,0.31992241740226746,0.3220188021659851,-0.24034063518047333,0.9997379779815674,0.37059053778648376,0.3403359353542328,-0.3625665009021759,0.9999350905418396,0.3414979577064514,0.3382207453250885,-0.3776503801345825,0.9999313354492188,0.45212656259536743,0.400327205657959,-0.05460859835147858,0.9999920129776001,0.24360504746437073,0.4029657244682312,-0.1540515124797821,0.9999630451202393,0.547652542591095,0.46078458428382874,0.013188152574002743,0.971447765827179,0.21663911640644073,0.48892679810523987,-0.15612295269966125,0.9403652548789978,0.6311113834381104,0.5142537355422974,-0.1788603961467743,0.9875028133392334,0.24281010031700134,0.5597110390663147,-0.35529154539108276,0.9573757648468018,0.6659960150718689,0.5327115654945374,-0.2182988077402115,0.9799430966377258,0.2342745065689087,0.5852428674697876,-0.4184635579586029,0.9405859112739563,0.6624957323074341,0.5348221063613892,-0.29131942987442017,0.9828016757965088,0.24793432652950287,0.584060788154602,-0.4784783720970154,0.9467988014221191,0.6478067636489868,0.5308912396430969,-0.2110864371061325,0.9774019122123718,0.25627246499061584,0.575524091720581,-0.38566258549690247,0.9263771176338196,0.4232080578804016,0.5730860233306885,0.04025905206799507,0.999972939491272,0.303713321685791,0.5769764184951782,-0.04082448035478592,0.9999517798423767,0.4445761442184448,0.6967489123344421,0.0732390359044075,0.8626031279563904,0.26799777150154114,0.690058708190918,-0.1555931568145752,0.876858651638031,0.45685505867004395,0.8058972358703613,0.3434908390045166,0.8965291976928711,0.2195683866739273,0.7867617607116699,0.20948249101638794,0.8350558876991272,0.4402431845664978,0.8234585523605347,0.35678812861442566,0.5318045616149902,0.2147742658853531,0.794333815574646,0.23414206504821777,0.3148852586746216,0.4842586815357208,0.8403501510620117,0.1317591816186905,0.8946917057037354,0.22682933509349823,0.8371477127075195,0.05404767021536827,0.8111668825149536
3,0.1,0.35260844230651855,0.3262265622615814,-0.40564700961112976,0.9999572038650513,0.3704931139945984,0.31603923439979553,-0.3712081015110016,0.9998522400856018,0.37682148814201355,0.3174172043800354,-0.37182262539863586,0.9998363852500916,0.3851637542247772,0.31880685687065125,-0.3717208504676819,0.9998868703842163,0.3431796133518219,0.31495732069015503,-0.3781365752220154,0.999901294708252,0.33404943346977234,0.31507253646850586,-0.3787931799888611,0.9999163150787354,0.32750892639160156,0.3151111602783203,-0.37903785705566406,0.999927282333374,0.3947675824165344,0.3265799880027771,-0.17959854006767273,0.9998681545257568,0.3152022957801819,0.3205561339855194,-0.21655118465423584,0.9997467994689941,0.36457952857017517,0.340016633272171,-0.3307883143424988,0.9999356865882874,0.33582833409309387,0.33787664771080017,-0.344733327627182,0.999933660030365,0.4436247944831848,0.40046554803848267,-0.04110347107052803,0.9999920129776001,0.23402731120586395,0.4012855887413025,-0.13873407244682312,0.9999653697013855,0.5441228151321411,0.4595486521720886,0.024783769622445107,0.9734840393066406,0.2052461802959442,0.4872516989707947,-0.14617694914340973,0.9456355571746826,0.6311955451965332,0.5110623240470886,-0.13065049052238464,0.9884989261627197,0.2132643312215805,0.5648876428604126,-0.2989225387573242,0.9614373445510864,0.6668922305107117,0.5276542901992798,-0.15748374164104462,0.9814193248748779,0.20191428065299988,0.5903483033180237,-0.34834402799606323,0.9461116194725037,0.6642430424690247,0.52946937084198,-0.23182281851768494,0.9840987324714661,0.21385183930397034,0.5906883478164673,-0.41514959931373596,0.9517735838890076,0.6490373611450195,0.5255846977233887,-0.1635342687368393,0.9791485071182251,0.2237793356180191,0.5824285745620728,-0.3312629163265228,0.9332561492919922,0.41240614652633667,0.572234034538269,0.04072626307606697,0.9999735355377197,0.29145708680152893,0.5756957530975342,-0.04132017865777016,0.9999535083770752,0.4408237040042877,0.6949155330657959,0.07360873371362686,0.8700917363166809,0.2631717026233673,0.6881241798400879,-0.15236742794513702,0.8842915892601013,0.45633524656295776,0.8039002418518066,0.34032753109931946,0.902555525302887,0.21947447955608368,0.7868326902389526,0.18950201570987701,0.8452089428901672,0.44019344449043274,0.8203463554382324,0.35275858640670776,0.5501448512077332,0.21478353440761566,0.7943631410598755,0.21454499661922455,0.33388206362724304,0.4842626750469208,0.840018630027771,0.13454444706439972,0.9013934135437012,0.22683420777320862,0.8366870880126953,0.0207840409129858,0.8233540654182434
4,0.13333333333333333,0.3505418002605438,0.32497638463974,-0.45766428112983704,0.9999599456787109,0.367536336183548,0.3153773546218872,-0.41466760635375977,0.9998607635498047,0.3737477660179138,0.31676381826400757,-0.4152933657169342,0.9998461008071899,0.38248375058174133,0.31818920373916626,-0.41521120071411133,0.9998932480812073,0.34136930108070374,0.3135925233364105,-0.429091215133667,0.9999076724052429,0.33165180683135986,0.3133854269981384,-0.42975273728370667,0.9999218583106995,0.3248308598995209,0.3131331503391266,-0.4299841523170471,0.9999319911003113,0.3907959461212158,0.3260153830051422,-0.18561534583568573,0.9998759031295776,0.3108181655406952,0.31847041845321655,-0.2531531751155853,0.9997637271881104,0.36128056049346924,0.33902624249458313,-0.3681628704071045,0.9999397993087769,0.3315107822418213,0.33690938353538513,-0.39196890592575073,0.9999383687973022,0.4330700635910034,0.40046149492263794,-0.03759372606873512,0.9999924302101135,0.22447219491004944,0.3991973400115967,-0.15378816425800323,0.9999678134918213,0.5276706218719482,0.4544926583766937,0.11351214349269867,0.9753663539886475,0.19331324100494385,0.48416343331336975,-0.1415630280971527,0.94986492395401,0.626585841178894,0.5096055269241333,-0.009799269028007984,0.9894595742225647,0.18715082108974457,0.5637640357017517,-0.30310672521591187,0.9649019241333008,0.6660711169242859,0.5249154567718506,-0.03167055919766426,0.9828559160232544,0.17655189335346222,0.5889531373977661,-0.3573457598686218,0.9507151246070862,0.6610799431800842,0.526405394077301,-0.11455708742141724,0.9853577017784119,0.18262028694152832,0.5895148515701294,-0.4192107319831848,0.9559423327445984,0.6462873816490173,0.523133397102356,-0.044581856578588486,0.9808250665664673,0.19274941086769104,0.5808574557304382,-0.33311736583709717,0.939024031162262,0.4041493833065033,0.5718653202056885,0.04978283867239952,0.99997478723526,0.28208819031715393,0.57465660572052,-0.050424061715602875,0.9999560117721558,0.4366072416305542,0.6935436725616455,0.08254507929086685,0.8791711330413818,0.252902090549469,0.6882960200309753,-0.18382589519023895,0.8928929567337036,0.4546135663986206,0.8032900094985962,0.40020331740379333,0.9094375967979431,0.21939347684383392,0.7946215271949768,0.1849415898323059,0.85724276304245,0.4384636878967285,0.8196592330932617,0.4165283739566803,0.5729207396507263,0.2174394130706787,0.8033534288406372,0.21152344346046448,0.36100566387176514,0.484252005815506,0.8402379751205444,0.17737950384616852,0.9087802171707153,0.22574304044246674,0.8441616892814636,-0.02072681300342083,0.8369232416152954
5,0.16666666666666666,0.348525732755661,0.3240983784198761,-0.5503124594688416,0.9999627470970154,0.3642241060733795,0.314642071723938,-0.5046175122261047,0.9998705983161926,0.3708926737308502,0.31595683097839355,-0.5052997469902039,0.9998570680618286,0.38019171357154846,0.317400723695755,-0.5052481889724731,0.9999006390571594,0.33919796347618103,0.31236591935157776,-0.5200157761573792,0.9999145269393921,0.3289375603199005,0.31193962693214417,-0.5206963419914246,0.9999276399612427,0.3216206133365631,0.31154492497444153,-0.5209802389144897,0.9999368786811829,0.3870253264904022,0.3249053955078125,-0.2506616413593292,0.9998853206634521,0.30688026547431946,0.31678396463394165,-0.32510167360305786,0.9997812509536743,0.3590475618839264,0.3380129337310791,-0.45132434368133545,0.9999441504478455,0.3284600079059601,0.3360370695590973,-0.47660374641418457,0.9999431371688843,0.4245792329311371,0.40006861090660095,-0.05978770926594734,0.9999927282333374,0.21552252769470215,0.3974859118461609,-0.18941734731197357,0.9999697804450989,0.5097876787185669,0.45160025358200073,0.1477757841348648,0.9768796563148499,0.17634642124176025,0.4820585250854492,-0.15738177299499512,0.9535214900970459,0.6001737117767334,0.5090555548667908,0.10277693718671799,0.9902656078338623,0.1558503657579422,0.562290370464325,-0.318374365568161,0.9678005576133728,0.6339245438575745,0.5242912173271179,0.09226562827825546,0.9840245246887207,0.145673006772995,0.587008535861969,-0.37047436833381653,0.954418957233429,0.6336971521377563,0.5258339643478394,0.007310337387025356,0.9863841533660889,0.15101948380470276,0.5877557396888733,-0.44187596440315247,0.9593276977539062,0.6182593703269958,0.5225292444229126,0.07009048759937286,0.9821920394897461,0.16036909818649292,0.5791480541229248,-0.3518986105918884,0.9437510967254639,0.3972924053668976,0.5718172788619995,0.049452755600214005,0.9999759793281555,0.2750837206840515,0.5742723941802979,-0.05008092522621155,0.9999582171440125,0.4336467683315277,0.6922904253005981,0.07737503945827484,0.8892863392829895,0.24487555027008057,0.6885590553283691,-0.16864074766635895,0.9009178876876831,0.4518747627735138,0.802344024181366,0.4423326849937439,0.9170567989349365,0.21956390142440796,0.7940798997879028,0.32781895995140076,0.8685567378997803,0.4352324903011322,0.8181043863296509,0.46398401260375977,0.6002435684204102,0.22139494121074677,0.8028417825698853,0.3675599694252014,0.39257803559303284,0.4841749966144562,0.839362621307373,0.21286867558956146,0.9164628982543945,0.22385737299919128,0.8436918258666992,0.13549618422985077,0.8495070934295654
6,0.2,0.34841710329055786,0.3234315514564514,-0.562222957611084,0.9999657869338989,0.3624805510044098,0.31408658623695374,-0.5163491368293762,0.9998815059661865,0.3713732957839966,0.315510094165802,-0.5170617699623108,0.9998691082000732,0.3797959089279175,0.317080020904541,-0.517000138759613,0.9999089241027832,0.3375331461429596,0.31175497174263,-0.5338085889816284,0.9999218583106995,0.3281717300415039,0.3114340305328369,-0.5345124006271362,0.9999338388442993,0.31965774297714233,0.3112247884273529,-0.5348281264305115,0.9999421834945679,0.38537007570266724,0.32394835352897644,-0.2585078477859497,0.9998953342437744,0.30483701825141907,0.31642743945121765,-0.3423072099685669,0.9998000264167786,0.3590455651283264,0.3373551070690155,-0.46095263957977295,0.9999486207962036,0.3289388418197632,0.33572468161582947,-0.48899322748184204,0.9999478459358215,0.4181336760520935,0.3993619978427887,-0.05583875626325607,0.9999930262565613,0.21110108494758606,0.39613282680511475,-0.19590599834918976,0.9999715685844421,0.4892211854457855,0.4522491991519928,0.22240883111953735,0.9773814082145691,0.16003179550170898,0.47859621047973633,-0.1563822478055954,0.9566125273704529,0.5687342882156372,0.5095493197441101,0.2735743224620819,0.9908744096755981,0.1267966330051422,0.5598161816596985,-0.2498488575220108,0.9703730344772339,0.594179630279541,0.5254801511764526,0.2796787619590759,0.9848593473434448,0.11879608035087585,0.5843334197998047,-0.2927374839782715,0.9577130079269409,0.5944666266441345,0.5269026160240173,0.19410623610019684,0.9871289134025574,0.12313212454319,0.5838460326194763,-0.36008864641189575,0.9623410105705261,0.5809810161590576,0.5232223272323608,0.2432306706905365,0.9832044243812561,0.13355204463005066,0.5753697156906128,-0.28060030937194824,0.9479460120201111,0.3916129767894745,0.5718809366226196,0.05111772567033768,0.9999770522117615,0.2688659727573395,0.5743358135223389,-0.05171330273151398,0.99996018409729,0.43003371357917786,0.6912053227424622,0.09117969870567322,0.8982594609260559,0.24013769626617432,0.6888595223426819,-0.12553583085536957,0.9075550436973572,0.44073423743247986,0.8019006848335266,0.4436194896697998,0.9242647886276245,0.21953845024108887,0.7938817739486694,0.3813354969024658,0.8788265585899353,0.41823089122772217,0.8186625242233276,0.46255049109458923,0.6299435496330261,0.22188474237918854,0.8022323846817017,0.4208848178386688,0.4241590201854706,0.4855344891548157,0.8393648862838745,0.21365833282470703,0.9237871766090393,0.2219478338956833,0.8423725366592407,0.19736340641975403,0.8610913157463074
7,0.23333333333333334,0.3530557453632355,0.323466032743454,-0.5404604077339172,0.9999688863754272,0.3637385964393616,0.31420016288757324,-0.49272677302360535,0.99989253282547,0.371713250875473,0.31576281785964966,-0.4934096932411194,0.9998812675476074,0.3799099922180176,0.31723299622535706,-0.4933488667011261,0.9999173283576965,0.33848822116851807,0.3116114139556885,-0.514373779296875,0.9999291896820068,0.3293863832950592,0.31113383173942566,-0.51507568359375,0.999940037727356,0.31976670026779175,0.3107430040836334,-0.5153713226318359,0.9999476075172424,0.3837374746799469,0.3238148093223572,-0.23243524134159088,0.9999052286148071,0.3054388165473938,0.31594574451446533,-0.33171045780181885,0.9998189210891724,0.36040961742401123,0.33683112263679504,-0.4364236295223236,0.9999532103538513,0.3301871716976166,0.33562546968460083,-0.46980583667755127,0.9999526143074036,0.4113173484802246,0.39764752984046936,-0.03398323431611061,0.9999932646751404,0.20825716853141785,0.39494091272354126,-0.1923460215330124,0.999973714351654,0.4662344753742218,0.45284610986709595,0.2733140289783478,0.9767806529998779,0.14825543761253357,0.47624093294143677,-0.14174756407737732,0.9602746367454529,0.5254871845245361,0.5100252032279968,0.3339041471481323,0.9911023378372192,0.10680314898490906,0.5562376976013184,-0.2099231779575348,0.973004162311554,0.5460481643676758,0.5267460942268372,0.34085240960121155,0.9850736260414124,0.09242989122867584,0.5795215368270874,-0.24760982394218445,0.9612746238708496,0.5489875078201294,0.5276187062263489,0.26008713245391846,0.987334132194519,0.0960172638297081,0.5819916129112244,-0.31030285358428955,0.9655394554138184,0.538926899433136,0.5237940549850464,0.3052302598953247,0.9835830330848694,0.10823970288038254,0.5744121074676514,-0.2375120371580124,0.9523335099220276,0.38696959614753723,0.5725721716880798,0.05857134982943535,0.9999784231185913,0.26474618911743164,0.5746724009513855,-0.059139806777238846,0.9999628067016602,0.42543020844459534,0.6900521516799927,-0.048530906438827515,0.9079267978668213,0.23706546425819397,0.6919502019882202,-0.11869535595178604,0.9155303239822388,0.41799965500831604,0.8015077710151672,0.3193572461605072,0.9313029646873474,0.21950188279151917,0.7935241460800171,0.3762241005897522,0.8896862864494324,0.3911149799823761,0.8190973997116089,0.34269461035728455,0.663066029548645,0.2218020111322403,0.8029278516769409,0.41534245014190674,0.46547383069992065,0.47744718194007874,0.8397313356399536,0.10025591403245926,0.930927574634552,0.22126157581806183,0.8422964215278625,0.1892620325088501,0.8732911944389343
8,0.26666666666666666,0.3613433837890625,0.3234950602054596,-0.5372247099876404,0.9999709725379944,0.36803287267684937,0.3142719864845276,-0.4601271450519562,0.999900758266449,0.3763453960418701,0.31576836109161377,-0.4606383442878723,0.9998900890350342,0.3819381296634674,0.31720536947250366,-0.4605694115161896,0.9999229311943054,0.3448731005191803,0.3116680085659027,-0.4907386004924774,0.9999352097511292,0.33476436138153076,0.31120628118515015,-0.49118611216545105,0.9999452233314514,0.3243946433067322,0.310799241065979,-0.4912915825843811,0.9999521970748901,0.38286319375038147,0.3231664299964905,-0.17149542272090912,0.9999121427536011,0.30629128217697144,0.3160524368286133,-0.2968919277191162,0.9998353123664856,0.36502015590667725,0.33680883049964905,-0.3932039141654968,0.9999545216560364,0.33866938948631287,0.3356362581253052,-0.4542503356933594,0.9999554753303528,0.4065347909927368,0.39805132150650024,0.02957276441156864,0.9999906420707703,0.21056245267391205,0.39321762323379517,-0.17677424848079681,0.9999756217002869,0.40510398149490356,0.47479885816574097,0.30375754833221436,0.9197688102722168,0.14102023839950562,0.47559675574302673,-0.09250959753990173,0.9625192284584045,0.4701090455055237,0.5177394151687622,0.3840583860874176,0.9484435319900513,0.08375414460897446,0.549270749092102,-0.11900392174720764,0.9747968316078186,0.48791614174842834,0.5328668355941772,0.40093880891799927,0.9403339624404907,0.0685378834605217,0.5729244351387024,-0.1415393352508545,0.9635247588157654,0.5025227665901184,0.5280786156654358,0.32543236017227173,0.9464023113250732,0.07115768641233444,0.5767512321472168,-0.2002619355916977,0.9675606489181519,0.4886043667793274,0.5245578289031982,0.356669157743454,0.9422299265861511,0.08085475862026215,0.5697324275970459,-0.14341428875923157,0.955080509185791,0.38457149267196655,0.5737318992614746,0.0625833123922348,0.9999794960021973,0.2626175284385681,0.576249897480011,-0.06312244385480881,0.9999657273292542,0.4213629364967346,0.6893446445465088,-0.11891286820173264,0.9157296419143677,0.23209019005298615,0.6979341506958008,-0.1371946483850479,0.9218155741691589,0.3820359408855438,0.8017643690109253,0.18712493777275085,0.9368747472763062,0.21922416985034943,0.8015607595443726,0.25249192118644714,0.8992305994033813,0.3481541872024536,0.819573700428009,0.20556312799453735,0.691714882850647,0.22171247005462646,0.8190282583236694,0.2817094027996063,0.5034419298171997,0.45180049538612366,0.8418391942977905,-0.008790809661149979,0.9368577599525452,0.21618586778640747,0.8538702130317688,0.05498381331562996,0.8840337991714478
9,0.3,0.37303870916366577,0.3239048719406128,-0.532216489315033,0.9999731779098511,0.3764151632785797,0.3142847418785095,-0.43079063296318054,0.9999092817306519,0.3820812702178955,0.31576845049858093,-0.4311804175376892,0.9998994469642639,0.38632866740226746,0.31708067655563354,-0.43103620409965515,0.9999292492866516,0.3548484146595001,0.3116845488548279,-0.4690636098384857,0.9999408721923828,0.34428146481513977,0.3112706243991852,-0.46963438391685486,0.9999500513076782,0.3334704339504242,0.3108874261379242,-0.4698839783668518,0.9999564290046692,0.3834333121776581,0.3226909935474396,-0.12549231946468353,0.9999193549156189,0.3079446256160736,0.316159188747406,-0.2854675352573395,0.9998500943183899,0.3750793933868408,0.3371763229370117,-0.3589125871658325,0.9999570250511169,0.3497246205806732,0.3358677327632904,-0.44494420289993286,0.9999583959579468,0.39998558163642883,0.3980761170387268,0.07964906841516495,0.9999895095825195,0.21341755986213684,0.3918524384498596,-0.18045927584171295,0.9999769926071167,0.37394222617149353,0.4808993935585022,0.29444897174835205,0.8855032324790955,0.13815657794475555,0.4745568633079529,-0.1597306728363037,0.9651050567626953,0.43009716272354126,0.5331465005874634,-0.07072649151086807,0.9339295625686646,0.0624392069876194,0.5429378747940063,-0.28119274973869324,0.9761398434638977,0.44602012634277344,0.5517786145210266,-0.11922979354858398,0.9257326126098633,0.0397433340549469,0.5659507513046265,-0.3305244743824005,0.9651091694831848,0.4557928740978241,0.5465192794799805,-0.19342643022537231,0.9336128234863281,0.04164022579789162,0.5698084235191345,-0.39851611852645874,0.9689564108848572,0.44564250111579895,0.5399818420410156,-0.1087256520986557,0.9274618625640869,0.05329941585659981,0.5640438199043274,-0.31181061267852783,0.9570162296295166,0.3715308606624603,0.5758540034294128,0.0810728520154953,0.9999806880950928,0.25782838463783264,0.5779079794883728,-0.08163672685623169,0.999968409538269,0.4121236205101013,0.6886299848556519,-0.14272083342075348,0.9232587814331055,0.23085172474384308,0.7053607702255249,-0.1109887957572937,0.9280725717544556,0.3476272225379944,0.8030627965927124,0.15313011407852173,0.9422764182090759,0.21841417253017426,0.8068754076957703,0.28237056732177734,0.9080209732055664,0.30793237686157227,0.8202075958251953,0.16963821649551392,0.7187753319740295,0.2212151437997818,0.8228247761726379,0.31108614802360535,0.5397095084190369,0.4052850604057312,0.850051760673523,-0.07153893262147903,0.942470908164978,0.21903975307941437,0.8575766682624817,0.06943915784358978,0.8937524557113647
10,0.3333333333333333,0.38215285539627075,0.32596009969711304,-0.49082136154174805,0.9999588131904602,0.38355275988578796,0.31531569361686707,-0.40327224135398865,0.9998832941055298,0.3886537253856659,0.31642580032348633,-0.4036860466003418,0.9998629093170166,0.39320605993270874,0.31744810938835144,-0.4035378396511078,0.9998981356620789,0.3629693388938904,0.31254881620407104,-0.4625132977962494,0.9999315738677979,0.3540675640106201,0.31193074584007263,-0.46322280168533325,0.9999430775642395,0.34267354011535645,0.31151172518730164,-0.4637587368488312,0.9999534487724304,0.38392841815948486,0.3227633833885193,-0.10846374183893204,0.9998875856399536,0.3121792674064636,0.31747496128082275,-0.28455671668052673,0.9998459219932556,0.38268521428108215,0.33938509225845337,-0.33891212940216064,0.9999070167541504,0.35843631625175476,0.3376767635345459,-0.4311734139919281,0.9999319314956665,0.39642924070358276,0.3992239534854889,0.10136247426271439,0.9999483823776245,0.2161533534526825,0.3915490508079529,-0.19434545934200287,0.9999704360961914,0.35723453760147095,0.48228365182876587,0.29288989305496216,0.8001704812049866,0.13175363838672638,0.4730193018913269,-0.18777266144752502,0.9581462740898132,0.37267574667930603,0.5404755473136902,0.1945849061012268,0.842658519744873,0.037093039602041245,0.5391905903816223,-0.27943339943885803,0.9614631533622742,0.3785673677921295,0.5669745206832886,0.18173779547214508,0.8361627459526062,0.006951518356800079,0.5586122274398804,-0.3241206109523773,0.9434486627578735,0.3845595121383667,0.5556726455688477,0.11528931558132172,0.8435712456703186,0.004755605477839708,0.5618545413017273,-0.3782065510749817,0.9485097527503967,0.382330060005188,0.5475348234176636,0.16491831839084625,0.8381314277648926,0.020383017137646675,0.5583543181419373,-0.30698448419570923,0.9327635765075684,0.3653879463672638,0.5780255794525146,0.08979205787181854,0.9999770522117615,0.2560153901576996,0.5780096054077148,-0.0903993472456932,0.9999678134918213,0.4000297486782074,0.6891867518424988,-0.17120026051998138,0.9277599453926086,0.23285886645317078,0.7057963013648987,-0.0890522450208664,0.9230673313140869,0.3067862391471863,0.8092939257621765,0.16335059702396393,0.9436383247375488,0.218812495470047,0.8059045672416687,0.38378021121025085,0.9090021252632141,0.2708633244037628,0.8231043815612793,0.1860581785440445,0.7333841919898987,0.2211548089981079,0.820532500743866,0.423525869846344,0.545560896396637,0.3461545705795288,0.8587697744369507,-0.04303246736526489,0.9436619877815247,0.2248896062374115,0.8549029231071472,0.1995047628879547,0.8907475471496582
11,0.36666666666666664,0.38937950134277344,0.3291933238506317,-0.4844858944416046,0.9999571442604065,0.3901437222957611,0.3177051842212677,-0.419265478849411,0.9998838305473328,0.3957759141921997,0.31844770908355713,-0.41972240805625916,0.9998645186424255,0.39968156814575195,0.3189982771873474,-0.4195513129234314,0.9998969435691833,0.37086865305900574,0.31588563323020935,-0.46715548634529114,0.999933123588562,0.36078742146492004,0.31535786390304565,-0.46788784861564636,0.9999449849128723,0.35096481442451477,0.31503385305404663,-0.46830278635025024,0.9999549984931946,0.3867247998714447,0.3245355486869812,-0.1290951371192932,0.9998902082443237,0.31798437237739563,0.32136374711990356,-0.31994742155075073,0.9998553395271301,0.38985344767570496,0.3427197337150574,-0.3537481725215912,0.9998923540115356,0.36633703112602234,0.34150809049606323,-0.4262829124927521,0.999922513961792,0.39478299021720886,0.4033340513706207,0.0739554762840271,0.9998818039894104,0.22713536024093628,0.3918290138244629,-0.22372741997241974,0.9999393820762634,0.36901354789733887,0.48522359132766724,0.2400788813829422,0.73023921251297,0.1264764666557312,0.4720223546028137,-0.2523820996284485,0.9511545896530151,0.4282444417476654,0.537705659866333,0.14879342913627625,0.765728771686554,0.01802355796098709,0.5317636132240295,-0.3623790442943573,0.928096354007721,0.4430742561817169,0.5484124422073364,0.13169580698013306,0.7630694508552551,-0.013573462143540382,0.5473928451538086,-0.4047704041004181,0.9049615859985352,0.451254665851593,0.5377479791641235,0.05883224681019783,0.7718814611434937,-0.0241972878575325,0.5477713346481323,-0.45745155215263367,0.9139258861541748,0.44388481974601746,0.5321716666221619,0.12159959971904755,0.7675678730010986,-0.0045418147929012775,0.5456652641296387,-0.3874756395816803,0.8985776305198669,0.35875993967056274,0.5822826623916626,0.0866566076874733,0.9999484419822693,0.2535111606121063,0.5789793133735657,-0.08721435815095901,0.9999451041221619,0.38470762968063354,0.6983148455619812,-0.0971551239490509,0.9326232075691223,0.23402737081050873,0.7045329809188843,-0.09139946103096008,0.9248092770576477,0.28508004546165466,0.8134756088256836,0.18455399572849274,0.9478327631950378,0.2192237675189972,0.8067299723625183,0.3656529188156128,0.915014922618866,0.25049495697021484,0.825637698173523,0.19883622229099274,0.7541279792785645,0.2145988643169403,0.820991039276123,0.4035471975803375,0.5748862028121948,0.31202688813209534,0.8619704246520996,-0.05031893029808998,0.9479326009750366,0.2345559298992157,0.8534111976623535,0.18160834908485413,0.8973197340965271
12,0.4,0.3971392810344696,0.33253559470176697,-0.4773608446121216,0.9999603629112244,0.39668628573417664,0.3204832375049591,-0.4182014763355255,0.9998936057090759,0.4013269543647766,0.3207154870033264,-0.41869786381721497,0.9998762607574463,0.405584454536438,0.3211248517036438,-0.41853824257850647,0.9999054074287415,0.3790837526321411,0.31942951679229736,-0.46243369579315186,0.9999387860298157,0.3711623251438141,0.3191021680831909,-0.46319469809532166,0.9999498128890991,0.3605870008468628,0.31887897849082947,-0.46360957622528076,0.9999587535858154,0.38900989294052124,0.3279806077480316,-0.1302075982093811,0.9999002814292908,0.3264869153499603,0.3250507712364197,-0.33247771859169006,0.999868631362915,0.3969675600528717,0.3465876281261444,-0.35399797558784485,0.9998978972434998,0.37589356303215027,0.3445732891559601,-0.4217539131641388,0.9999259114265442,0.39595603942871094,0.4092422425746918,0.1061856597661972,0.9998652935028076,0.23833836615085602,0.3920688033103943,-0.2517961859703064,0.999919593334198,0.3883403241634369,0.48591405153274536,0.42929911613464355,0.7062302231788635,0.12954583764076233,0.46740394830703735,-0.2934461832046509,0.952257513999939,0.4977514147758484,0.49888911843299866,0.5584536194801331,0.7563042044639587,0.01626903936266899,0.5211504101753235,-0.37446585297584534,0.919100284576416,0.5241161584854126,0.5047664642333984,0.5930725336074829,0.7540614008903503,-0.018880218267440796,0.5300600528717041,-0.40869173407554626,0.892221987247467,0.5353865623474121,0.49787965416908264,0.5076232552528381,0.7678346037864685,-0.030170978978276253,0.5296367406845093,-0.4530607759952545,0.9038805365562439,0.521640956401825,0.496650755405426,0.524978756904602,0.766369104385376,-0.006523152347654104,0.5295063257217407,-0.3962077796459198,0.8901643753051758,0.35367631912231445,0.587109386920929,0.10491016507148743,0.9999260306358337,0.25267818570137024,0.5807364583015442,-0.10533009469509125,0.9999182820320129,0.3683854341506958,0.7084592580795288,0.06833448261022568,0.9379787445068359,0.2346051037311554,0.7057357430458069,-0.06509855389595032,0.9298058152198792,0.27383923530578613,0.8136714100837708,0.36872631311416626,0.9522951245307922,0.21129167079925537,0.8064908981323242,0.4425451159477234,0.9221280217170715,0.24198280274868011,0.826370120048523,0.38722291588783264,0.7760583758354187,0.19509203732013702,0.8201683163642883,0.48699888586997986,0.6099291443824768,0.3109961748123169,0.8625785708427429,0.16274678707122803,0.9525446891784668,0.22821882367134094,0.847747802734375,0.28661078214645386,0.905855119228363
13,0.43333333333333335,0.4028409719467163,0.338098406791687,-0.3855985105037689,0.9999635815620422,0.40172645449638367,0.32621321082115173,-0.32969170808792114,0.9999029040336609,0.4061340391635895,0.3263147175312042,-0.33027344942092896,0.9998872876167297,0.4109398424625397,0.32665592432022095,-0.3300665318965912,0.9999135732650757,0.3852900564670563,0.3252912759780884,-0.3823203146457672,0.9999441504478455,0.37875428795814514,0.324887752532959,-0.38309410214424133,0.999954342842102,0.3704048991203308,0.3245052099227905,-0.3834674060344696,0.999962329864502,0.39126303791999817,0.33287641406059265,-0.04929704591631889,0.999909520149231,0.33434608578681946,0.3298112154006958,-0.30098673701286316,0.999880850315094,0.4025041460990906,0.35133811831474304,-0.2718145251274109,0.9999045729637146,0.38358014822006226,0.34903544187545776,-0.3459438681602478,0.999930202960968,0.3966342806816101,0.4126814305782318,0.19880414009094238,0.9998553395271301,0.2474977970123291,0.39260774850845337,-0.23887093365192413,0.9999112486839294,0.39090102910995483,0.48956403136253357,0.4744000732898712,0.6612647175788879,0.12848646938800812,0.4624166488647461,-0.3097923994064331,0.9531059861183167,0.5146054029464722,0.49873796105384827,0.5099916458129883,0.7284639477729797,0.009048782289028168,0.5101404786109924,-0.40062764286994934,0.9059543609619141,0.5430008172988892,0.5062838196754456,0.5314315557479858,0.7309470772743225,-0.025576848536729813,0.5140065550804138,-0.4379112720489502,0.8761451840400696,0.5508720278739929,0.5018486976623535,0.4510810077190399,0.7502939105033875,-0.03869151696562767,0.5175126194953918,-0.47749772667884827,0.8907079696655273,0.5376001000404358,0.5001762509346008,0.47545382380485535,0.7512696981430054,-0.014509408734738827,0.5181629657745361,-0.42065659165382385,0.8776105642318726,0.3524467647075653,0.5881674289703369,0.1327202320098877,0.9999043941497803,0.25498154759407043,0.5818169713020325,-0.1331455409526825,0.9998973608016968,0.35631662607192993,0.713819146156311,0.12169097363948822,0.9393499493598938,0.23895594477653503,0.7100846171379089,-0.07524757087230682,0.9335592985153198,0.2655269205570221,0.8187386393547058,0.42232921719551086,0.954586923122406,0.2005237638950348,0.8031573295593262,0.38838666677474976,0.9276539087295532,0.23241503536701202,0.830562949180603,0.44112613797187805,0.7938335537910461,0.181070938706398,0.8188127279281616,0.42715051770210266,0.6384446024894714,0.31319281458854675,0.8624250292778015,0.23272116482257843,0.9558240175247192,0.22478415071964264,0.8458650708198547,0.22052152454853058,0.9127508997917175
14,0.4666666666666667,0.40591591596603394,0.3425520658493042,-0.41735097765922546,0.9999664425849915,0.4055945575237274,0.3311566114425659,-0.3375334143638611,0.9999114274978638,0.4100755453109741,0.33135026693344116,-0.33833327889442444,0.9998974204063416,0.41533011198043823,0.3317529261112213,-0.3379566967487335,0.9999211430549622,0.38954657316207886,0.3302171230316162,-0.4227750897407532,0.9999489784240723,0.38279932737350464,0.3297414481639862,-0.4236069619655609,0.9999582767486572,0.3749779462814331,0.3292832374572754,-0.42418810725212097,0.9999653100967407,0.39515525102615356,0.3372693657875061,-0.0889255627989769,0.9999181032180786,0.3389802575111389,0.3343472480773926,-0.3322996497154236,0.9998916983604431,0.4059075117111206,0.35534411668777466,-0.2809959948062897,0.9999103546142578,0.38709884881973267,0.35313910245895386,-0.3878832459449768,0.9999330043792725,0.39717763662338257,0.4171604514122009,0.16845807433128357,0.9998534321784973,0.25411853194236755,0.39430510997772217,-0.29389482736587524,0.9998760223388672,0.387259840965271,0.4867483675479889,0.5973409414291382,0.6329724788665771,0.13176828622817993,0.4534436762332916,-0.4212093651294708,0.9520251154899597,0.5109061598777771,0.497124046087265,0.8538981676101685,0.7243117094039917,0.006216182839125395,0.4862580895423889,-0.5341618657112122,0.8822398781776428,0.5425621867179871,0.5043321251869202,0.9172951579093933,0.7285674214363098,-0.027817092835903168,0.4884856641292572,-0.5758496522903442,0.847287654876709,0.5484495162963867,0.5016270875930786,0.8281263709068298,0.7511398196220398,-0.041725147515535355,0.48905253410339355,-0.6023982763290405,0.8656555414199829,0.5370677709579468,0.49949488043785095,0.8234122395515442,0.7543491721153259,-0.019666489213705063,0.48992496728897095,-0.5502627491950989,0.8546748757362366,0.3507322072982788,0.5923293828964233,0.14120396971702576,0.9998959898948669,0.25653550028800964,0.5853741765022278,-0.14158855378627777,0.9998697638511658,0.3623378872871399,0.7169686555862427,0.06422947347164154,0.9448580741882324,0.26256197690963745,0.7129439115524292,-0.25035563111305237,0.9388982653617859,0.261429101228714,0.8282029032707214,0.37090685963630676,0.9588703513145447,0.1841908097267151,0.7689684629440308,0.45988622307777405,0.931898832321167,0.22759607434272766,0.8391935229301453,0.3916633129119873,0.8134549260139465,0.15791566669940948,0.7685109972953796,0.5347577929496765,0.6643469333648682,0.3081429898738861,0.8755990266799927,0.19317300617694855,0.9599773287773132,0.2032865732908249,0.8241836428642273,0.4388373792171478,0.9185900092124939
15,0.5,0.4089699983596802,0.3434171676635742,-0.398886501789093,0.9999697208404541,0.4083285331726074,0.33171534538269043,-0.3358590304851532,0.999920129776001,0.4123932421207428,0.3318818509578705,-0.3364575207233429,0.9999075531959534,0.4173911213874817,0.3322107493877411,-0.33621490001678467,0.999928891658783,0.39258986711502075,0.33073920011520386,-0.3970699608325958,0.9999539852142334,0.38601139187812805,0.33032476902008057,-0.39783549308776855,0.9999623894691467,0.37772059440612793,0.32992079854011536,-0.39834240078926086,0.9999687075614929,0.3975498676300049,0.33812788128852844,-0.05058105289936066,0.9999262094497681,0.3412712514400482,0.33517348766326904,-0.3275201916694641,0.9999024271965027,0.40866467356681824,0.3560393154621124,-0.27973493933677673,0.9999187588691711,0.3897227942943573,0.3540971279144287,-0.3636263906955719,0.9999392032623291,0.398428738117218,0.41712579131126404,0.23270884156227112,0.9998596906661987,0.25912484526634216,0.3951825499534607,-0.2970515489578247,0.9998764395713806,0.36844226717948914,0.48540711402893066,0.7038383483886719,0.584470272064209,0.13409018516540527,0.43839558959007263,-0.46322187781333923,0.9547030925750732,0.4072536826133728,0.5020948052406311,1.005840539932251,0.6827452778816223,-0.0013349495129659772,0.4643929898738861,-0.6019764542579651,0.8756271600723267,0.4182242453098297,0.5072685480117798,1.0762242078781128,0.6950334310531616,-0.03592555969953537,0.46476489305496216,-0.6525143384933472,0.838874876499176,0.4282252788543701,0.5053371787071228,0.9969147443771362,0.7205486297607422,-0.05254063755273819,0.46756237745285034,-0.6696504354476929,0.8590314388275146,0.4261636435985565,0.49992603063583374,0.9818281531333923,0.7259966731071472,-0.030540019273757935,0.4693624973297119,-0.61395263671875,0.8481014966964722,0.34892550110816956,0.5926356911659241,0.1746746003627777,0.9998918175697327,0.2564568817615509,0.5853617191314697,-0.1750011146068573,0.9998598098754883,0.36510297656059265,0.7163581848144531,0.043516855686903,0.9498677849769592,0.3069605231285095,0.7121742367744446,-0.40216347575187683,0.9447323083877563,0.2505806088447571,0.8350086212158203,0.32986900210380554,0.9627310633659363,0.16735075414180756,0.745298445224762,0.26791927218437195,0.9371857047080994,0.21011558175086975,0.85002201795578,0.3498156666755676,0.831447184085846,0.13746561110019684,0.7359912395477295,0.3457047641277313,0.6918887495994568,0.30057090520858765,0.8833333849906921,0.158486470580101,0.9637690782546997,0.17872369289398193,0.8056513667106628,0.29900163412094116,0.9255472421646118
16,0.5333333333333333,0.4100632965564728,0.34205538034439087,-0.46913811564445496,0.9999727010726929,0.4097682237625122,0.3302515149116516,-0.40484556555747986,0.9999280571937561,0.41385260224342346,0.3304983973503113,-0.40549904108047485,0.999916672706604,0.418059378862381,0.33096104860305786,-0.40534019470214844,0.9999359250068665,0.39324358105659485,0.3292545974254608,-0.4639870226383209,0.9999585151672363,0.3856137990951538,0.32887715101242065,-0.46475619077682495,0.9999660849571228,0.37626615166664124,0.32849112153053284,-0.46525299549102783,0.9999717473983765,0.40088099241256714,0.33699846267700195,-0.05726642534136772,0.9999335408210754,0.3437291979789734,0.3337271511554718,-0.3590666949748993,0.9999120235443115,0.40956035256385803,0.3547612726688385,-0.343170702457428,0.9999264478683472,0.3898494839668274,0.35300788283348083,-0.4266009032726288,0.9999447464942932,0.3979364037513733,0.4156184792518616,0.19603468477725983,0.999869704246521,0.267740935087204,0.39159178733825684,-0.3584184944629669,0.9998750686645508,0.37865787744522095,0.482433944940567,0.6833322048187256,0.5777406692504883,0.1389327049255371,0.42077475786209106,-0.640170693397522,0.9584287405014038,0.465527206659317,0.4918851852416992,1.031901240348816,0.6943870186805725,0.012904834933578968,0.4331892430782318,-0.9069275856018066,0.8788199424743652,0.4939309358596802,0.4960717558860779,1.1157695055007935,0.7044108510017395,-0.024480774998664856,0.4325663149356842,-0.9758092164993286,0.8410948514938354,0.5118074417114258,0.5007474422454834,1.026202917098999,0.7310637831687927,-0.03678025305271149,0.43424686789512634,-0.9925264716148376,0.8616870641708374,0.5044339895248413,0.4918656349182129,1.0044654607772827,0.7377974987030029,-0.012338116765022278,0.43648678064346313,-0.9240488409996033,0.8514015674591064,0.3395021855831146,0.5918999314308167,0.18691906332969666,0.999894380569458,0.2564027011394501,0.5825026631355286,-0.18723049759864807,0.9998579025268555,0.35240063071250916,0.7141990065574646,0.12942378222942352,0.9538446664810181,0.32688650488853455,0.7032356262207031,-0.5320410132408142,0.950162947177887,0.2537819743156433,0.8386274576187134,0.3975871205329895,0.9661815166473389,0.1574660688638687,0.7301331758499146,0.013028139248490334,0.9428070783615112,0.21135306358337402,0.8553029298782349,0.4144607186317444,0.8478786945343018,0.12635380029678345,0.7192704081535339,0.07358209043741226,0.7207465767860413,0.3224136531352997,0.8823865652084351,0.27486640214920044,0.9671839475631714,0.15325738489627838,0.801191508769989,0.020046571269631386,0.9325367212295532
17,0.5666666666666667,0.41174718737602234,0.3374360203742981,-0.3383577764034271,0.9999738931655884,0.4120721220970154,0.3241513669490814,-0.27338287234306335,0.9999327659606934,0.4162004292011261,0.3240737318992615,-0.2739729881286621,0.9999216198921204,0.4201902151107788,0.32387059926986694,-0.27376893162727356,0.9999398589134216,0.39593157172203064,0.3236582279205322,-0.32866114377975464,0.9999610185623169,0.3875280022621155,0.32283133268356323,-0.32932937145233154,0.9999679923057556,0.37816837430000305,0.32233020663261414,-0.3297090232372284,0.9999727606773376,0.4043266177177429,0.3285861015319824,0.0415186733007431,0.9999386668205261,0.34740060567855835,0.32589688897132874,-0.21773196756839752,0.999916136264801,0.41174665093421936,0.3492409586906433,-0.21698489785194397,0.9999215006828308,0.39140352606773376,0.34828343987464905,-0.294948548078537,0.9999334812164307,0.39462268352508545,0.40447211265563965,0.300688773393631,0.9998573660850525,0.2820287048816681,0.3785167932510376,-0.30751562118530273,0.9998458027839661,0.3592090308666229,0.480164110660553,0.551915168762207,0.5277114510536194,0.1616850644350052,0.4026537537574768,-0.6300352215766907,0.9598956108093262,0.32620739936828613,0.5454868078231812,0.694487988948822,0.6339892148971558,0.022970637306571007,0.4030458927154541,-1.049752950668335,0.8753612637519836,0.32125234603881836,0.563997209072113,0.6820794939994812,0.6464067697525024,-0.007708224933594465,0.3995628356933594,-1.1602702140808105,0.8397679328918457,0.32938486337661743,0.5668976902961731,0.6324455738067627,0.6719363331794739,-0.017852943390607834,0.3963410556316376,-1.1693025827407837,0.8604423999786377,0.33126702904701233,0.5582836866378784,0.674265444278717,0.6773602962493896,0.003855839604511857,0.3995358645915985,-1.0675784349441528,0.845255434513092,0.3318038582801819,0.5801225304603577,0.1936931014060974,0.9998956918716431,0.2575420141220093,0.571895956993103,-0.19392536580562592,0.9998592734336853,0.33653950691223145,0.7028577923774719,0.14642831683158875,0.9521228671073914,0.3314947783946991,0.6819497346878052,-0.6569254398345947,0.9548819661140442,0.2510582506656647,0.8373813629150391,0.30057790875434875,0.9687366485595703,0.15863291919231415,0.7203527688980103,-0.31435713171958923,0.9473145008087158,0.20725522935390472,0.855113685131073,0.29509586095809937,0.8617597222328186,0.1232944205403328,0.7147493958473206,-0.27898967266082764,0.7435715794563293,0.33170637488365173,0.8784953355789185,0.11913349479436874,0.9697373509407043,0.15994180738925934,0.7882903218269348,-0.4007164537906647,0.9382948279380798
18,0.6,0.41566556692123413,0.3249210715293884,-0.26734283566474915,0.9999759793281555,0.41494086384773254,0.3116040825843811,-0.2156829833984375,0.999938428401947,0.41884690523147583,0.311749666929245,-0.21625660359859467,0.9999277591705322,0.42270275950431824,0.31195396184921265,-0.2160213738679886,0.9999444484710693,0.4006783068180084,0.310301274061203,-0.267751544713974,0.9999644756317139,0.39245396852493286,0.30956950783729553,-0.26840490102767944,0.9999708533287048,0.3834618926048279,0.3094204068183899,-0.268733948469162,0.9999751448631287,0.40494218468666077,0.31690821051597595,0.04813389852643013,0.9999436736106873,0.3511577248573303,0.3145928382873535,-0.19367097318172455,0.9999235272407532,0.4137142598628998,0.33742237091064453,-0.16338838636875153,0.9999237060546875,0.3943431079387665,0.33676570653915405,-0.23665915429592133,0.9999356269836426,0.39146915078163147,0.38835495710372925,0.2847777307033539,0.9998586177825928,0.2864353060722351,0.36677297949790955,-0.28569117188453674,0.9998599290847778,0.35209670662879944,0.4661431312561035,0.5352979302406311,0.4770561158657074,0.18882524967193604,0.3828842043876648,-0.6910901665687561,0.9637300968170166,0.3228573203086853,0.5395269989967346,0.6361874341964722,0.5728936195373535,0.07334282249212265,0.37513041496276855,-1.1708077192306519,0.8877061605453491,0.31705859303474426,0.5615619421005249,0.6597013473510742,0.5852001905441284,0.035535428673028946,0.37145212292671204,-1.290093183517456,0.8556182384490967,0.3218231797218323,0.5660837888717651,0.591507077217102,0.6084381341934204,0.04093374311923981,0.36854904890060425,-1.2939705848693848,0.874241292476654,0.3225540220737457,0.5574443936347961,0.6113359928131104,0.6132997870445251,0.05921116843819618,0.37248748540878296,-1.1879942417144775,0.860389769077301,0.32258331775665283,0.5637498497962952,0.18315987288951874,0.9999050498008728,0.25757765769958496,0.556287407875061,-0.18332752585411072,0.9998726844787598,0.3345230519771576,0.6841445565223694,0.12877120077610016,0.9473452568054199,0.3461567461490631,0.6562402248382568,-0.5380974411964417,0.9591236710548401,0.25815549492836,0.83552086353302,0.20502693951129913,0.9706531167030334,0.1636580228805542,0.716930627822876,-0.33844947814941406,0.9519585371017456,0.21515661478042603,0.8516871333122253,0.1954048126935959,0.8743739724159241,0.1242484599351883,0.7168524265289307,-0.31887444853782654,0.7665621042251587,0.3363499343395233,0.8714278936386108,0.04304458945989609,0.9721580147743225,0.16047435998916626,0.7838512063026428,-0.432847797870636,0.9440765976905823
19,0.6333333333333333,0.41832831501960754,0.3152294456958771,-0.3134349584579468,0.9999766945838928,0.4175218939781189,0.30234819650650024,-0.26508739590644836,0.9999406933784485,0.42169487476348877,0.3027551770210266,-0.2657019793987274,0.9999292492866516,0.4259148836135864,0.30320149660110474,-0.2655245363712311,0.9999451041221619,0.4029540717601776,0.3010112941265106,-0.3175171911716461,0.9999663829803467,0.3945818245410919,0.300471693277359,-0.3181772530078888,0.9999725222587585,0.3856695294380188,0.30051934719085693,-0.31853142380714417,0.9999762177467346,0.4079369902610779,0.3081432580947876,-0.0036026316229254007,0.9999459981918335,0.35378924012184143,0.3061242699623108,-0.19867044687271118,0.9999274015426636,0.41596242785453796,0.3285755515098572,-0.21003320813179016,0.9999160766601562,0.39730241894721985,0.3272630572319031,-0.28358182311058044,0.9999289512634277,0.39077529311180115,0.376475989818573,0.23861469328403473,0.9998571872711182,0.2926264703273773,0.35635408759117126,-0.33155757188796997,0.9998712539672852,0.35683542490005493,0.4509213864803314,0.5163154006004333,0.43213117122650146,0.21233439445495605,0.36898788809776306,-0.8190438747406006,0.9670217633247375,0.35936757922172546,0.5275611877441406,0.6058503985404968,0.5190353393554688,0.14440834522247314,0.36077046394348145,-1.3282856941223145,0.8986978530883789,0.36022013425827026,0.5584520697593689,0.6344247460365295,0.5318113565444946,0.10967648029327393,0.35272854566574097,-1.4539414644241333,0.8697558641433716,0.3667709231376648,0.5549930334091187,0.5633207559585571,0.5532085299491882,0.12157725542783737,0.34705737233161926,-1.451770305633545,0.8865446448326111,0.3666554391384125,0.5437291264533997,0.5798465609550476,0.5574570894241333,0.1429884284734726,0.35431942343711853,-1.343954086303711,0.8737589120864868,0.3165495693683624,0.549920916557312,0.1775757521390915,0.9999129176139832,0.2565675377845764,0.5414522290229797,-0.17772968113422394,0.9998842477798462,0.3277639150619507,0.6704755425453186,0.13975416123867035,0.9403294920921326,0.35144180059432983,0.643912672996521,-0.47517305612564087,0.9627716541290283,0.26417508721351624,0.8212082982063293,0.17532142996788025,0.9725475907325745,0.16778936982154846,0.7176202535629272,-0.3600214719772339,0.9563094973564148,0.2245161235332489,0.8456493616104126,0.16124318540096283,0.8857780694961548,0.13128668069839478,0.7189861536026001,-0.35172751545906067,0.7878081798553467,0.33717307448387146,0.8601222038269043,0.0006700094090774655,0.9743945002555847,0.18644866347312927,0.784068763256073,-0.4820229709148407,0.9493573307991028
20,0.6666666666666666,0.41880446672439575,0.3077661395072937,-0.3948717415332794,0.999978244304657,0.4190318286418915,0.29515719413757324,-0.35035088658332825,0.9999452233314514,0.4232221841812134,0.295589804649353,-0.35102227330207825,0.9999340176582336,0.42739930748939514,0.29614943265914917,-0.35088837146759033,0.9999486804008484,0.40214064717292786,0.29352042078971863,-0.40680232644081116,0.9999691843986511,0.3931889832019806,0.29341238737106323,-0.4074099361896515,0.99997478723526,0.3837323784828186,0.2938235402107239,-0.40780431032180786,0.9999780654907227,0.4112476408481598,0.3000389337539673,-0.08952812850475311,0.9999497532844543,0.35291391611099243,0.30070409178733826,-0.34028106927871704,0.9999327063560486,0.41804182529449463,0.3208673894405365,-0.290016770362854,0.9999136328697205,0.3966995179653168,0.3210912048816681,-0.3690904974937439,0.9999266266822815,0.38719189167022705,0.3678622841835022,0.17511136829853058,0.9998562335968018,0.30871570110321045,0.3504253625869751,-0.4189605414867401,0.9998803734779358,0.35172635316848755,0.43533143401145935,0.5030553340911865,0.3898031413555145,0.25405508279800415,0.3625876307487488,-0.952905535697937,0.9693881869316101,0.327373206615448,0.5124720931053162,0.7385639548301697,0.46796566247940063,0.2042076736688614,0.34772518277168274,-1.4853014945983887,0.9082233905792236,0.32099997997283936,0.5384255647659302,0.7958598732948303,0.48000380396842957,0.18105517327785492,0.3381153643131256,-1.6180081367492676,0.8820498585700989,0.32893145084381104,0.5372317433357239,0.7284339070320129,0.49936217069625854,0.19407539069652557,0.3305619955062866,-1.6066499948501587,0.8972128033638,0.33168062567710876,0.5277371406555176,0.7209206223487854,0.5031228065490723,0.2063339203596115,0.33614781498908997,-1.4977104663848877,0.8848081827163696,0.3070977032184601,0.5400649309158325,0.17995157837867737,0.9999188780784607,0.25677254796028137,0.533635139465332,-0.1801234930753708,0.9998937845230103,0.31325045228004456,0.6619448065757751,0.1861414760351181,0.913581132888794,0.36397188901901245,0.632872462272644,-0.4277621805667877,0.9650273323059082,0.2640858590602875,0.804774284362793,0.19469241797924042,0.9729485511779785,0.18462516367435455,0.7205419540405273,-0.35764244198799133,0.9598647356033325,0.22955778241157532,0.8278589248657227,0.179411843419075,0.8952970504760742,0.13324688374996185,0.7240429520606995,-0.3566521406173706,0.8064752221107483,0.3294180631637573,0.8338764309883118,0.01762673817574978,0.9757499098777771,0.21755340695381165,0.7831783294677734,-0.4969794452190399,0.9538411498069763
21,0.7,0.41700008511543274,0.3030797243118286,-0.4097312092781067,0.9999801516532898,0.418740451335907,0.2909066379070282,-0.3619205057621002,0.9999502897262573,0.4235769510269165,0.2913397550582886,-0.3625586926937103,0.9999399185180664,0.42792582511901855,0.2918691039085388,-0.3624253571033478,0.9999532699584961,0.4003539979457855,0.2903386950492859,-0.4175398647785187,0.9999720454216003,0.39150315523147583,0.29088202118873596,-0.4181251525878906,0.9999771118164062,0.38212281465530396,0.2917768359184265,-0.41843828558921814,0.9999800324440002,0.41460826992988586,0.2961908280849457,-0.09903400391340256,0.9999542832374573,0.3518717586994171,0.2979167103767395,-0.3504733741283417,0.9999383687973022,0.4187781810760498,0.3159291744232178,-0.3049389123916626,0.9999169111251831,0.39512088894844055,0.3167797923088074,-0.3821714222431183,0.9999279975891113,0.38656705617904663,0.3641943335533142,0.16339534521102905,0.9998621344566345,0.3178524076938629,0.3502413332462311,-0.44054272770881653,0.9998876452445984,0.35434338450431824,0.4387385845184326,0.4261561632156372,0.3517071306705475,0.28202128410339355,0.3581623136997223,-0.9685355424880981,0.9695743918418884,0.3367413282394409,0.5079247355461121,0.6088061928749084,0.4219086766242981,0.26516345143318176,0.34182924032211304,-1.4342708587646484,0.9126943349838257,0.3256051540374756,0.5378493070602417,0.667450487613678,0.4332830309867859,0.2473887950181961,0.3325411081314087,-1.5590393543243408,0.8888635635375977,0.33302053809165955,0.5369134545326233,0.6175060868263245,0.4508076012134552,0.2543236017227173,0.3271103501319885,-1.5384340286254883,0.9026886820793152,0.3349124491214752,0.5278799533843994,0.5951493978500366,0.4542108476161957,0.26416048407554626,0.3312101662158966,-1.4408608675003052,0.8867730498313904,0.3022199273109436,0.5351622104644775,0.1874411404132843,0.9999247789382935,0.25815507769584656,0.5296180248260498,-0.18767498433589935,0.999902606010437,0.3037189543247223,0.6569242477416992,0.14806324243545532,0.8627689480781555,0.38163718581199646,0.6251558661460876,-0.4169476330280304,0.9638150334358215,0.25125983357429504,0.7952925562858582,0.041282568126916885,0.9691596031188965,0.21481077373027802,0.7224494814872742,-0.5012329816818237,0.9621661305427551,0.21664723753929138,0.8179373741149902,0.013916966505348682,0.9019150137901306,0.15994027256965637,0.7296858429908752,-0.5156652331352234,0.8210561275482178,0.3155994415283203,0.8192378282546997,-0.1508769690990448,0.9752939939498901,0.24484743177890778,0.7832827568054199,-0.6705101728439331,0.9574329257011414
22,0.7333333333333333,0.415769100189209,0.30345794558525085,-0.4318295419216156,0.9999821186065674,0.4178159832954407,0.2923436760902405,-0.3728969097137451,0.9999551773071289,0.423014760017395,0.2928573191165924,-0.3735160529613495,0.9999458193778992,0.4273179769515991,0.29323580861091614,-0.37338680028915405,0.9999578595161438,0.3996117413043976,0.2913626730442047,-0.43252241611480713,0.99997478723526,0.39090970158576965,0.2913794219493866,-0.43310242891311646,0.9999793767929077,0.3817000091075897,0.2916293740272522,-0.43337690830230713,0.9999819993972778,0.4153243601322174,0.2978609502315521,-0.08686953037977219,0.9999587535858154,0.3511747121810913,0.2979181408882141,-0.34224075078964233,0.999944269657135,0.4176062345504761,0.31678932905197144,-0.31195181608200073,0.999923825263977,0.3940868377685547,0.31684747338294983,-0.39422807097435,0.9999333620071411,0.3848996162414551,0.3643459677696228,0.21330538392066956,0.9998701810836792,0.3082362711429596,0.35031214356422424,-0.4266778230667114,0.9998922348022461,0.3491600751876831,0.4439774453639984,0.48772740364074707,0.319579154253006,0.30464106798171997,0.3544006645679474,-0.9734960794448853,0.969963788986206,0.34264567494392395,0.5122161507606506,0.6392107009887695,0.3826310336589813,0.3246152400970459,0.3423278331756592,-1.4445149898529053,0.9140491485595703,0.34269478917121887,0.5391457080841064,0.6844180822372437,0.39407724142074585,0.3158085346221924,0.34113749861717224,-1.576481580734253,0.8909186124801636,0.3495788276195526,0.5390450358390808,0.6198599338531494,0.41026681661605835,0.32634755969047546,0.3353803753852844,-1.5446327924728394,0.9032310247421265,0.3494121730327606,0.5292125344276428,0.6196476817131042,0.4132905602455139,0.32965219020843506,0.3355153501033783,-1.4465572834014893,0.8806838989257812,0.30293336510658264,0.5340244174003601,0.20425675809383392,0.99992835521698,0.2607124447822571,0.5316141843795776,-0.20449356734752655,0.999908447265625,0.2886143922805786,0.6588495969772339,0.24140985310077667,0.8429412841796875,0.3951183259487152,0.6278609037399292,-0.3462924659252167,0.9643270373344421,0.2236812561750412,0.7909243106842041,0.0898972824215889,0.9678218960762024,0.24442435801029205,0.7251939177513123,-0.3173997700214386,0.9638581275939941,0.17693905532360077,0.818527340888977,0.12764528393745422,0.9085161089897156,0.1956346482038498,0.7421733140945435,-0.31942781805992126,0.8323918581008911,0.294886976480484,0.8121844530105591,-0.04864164814352989,0.9754334688186646,0.2891284227371216,0.7872608304023743,-0.48480305075645447,0.9600242376327515
23,0.7666666666666667,0.41516926884651184,0.3056263327598572,-0.37976473569869995,0.9999838471412659,0.4178242087364197,0.2942770719528198,-0.3213537335395813,0.9999595880508423,0.4231855273246765,0.2945637106895447,-0.32192695140838623,0.9999511241912842,0.4273805320262909,0.2948145270347595,-0.321806401014328,0.9999619722366333,0.39880773425102234,0.29362207651138306,-0.3834787905216217,0.9999772906303406,0.38992902636528015,0.29352086782455444,-0.3840540051460266,0.9999814033508301,0.38070881366729736,0.29368048906326294,-0.38429129123687744,0.9999837279319763,0.4171368479728699,0.3000999093055725,-0.030542215332388878,0.9999627470970154,0.35190701484680176,0.2995114028453827,-0.3124019503593445,0.9999495148658752,0.41788601875305176,0.318881630897522,-0.2626887261867523,0.9999298453330994,0.3939317464828491,0.3189537823200226,-0.34768131375312805,0.999937891960144,0.38566720485687256,0.3701740503311157,0.2607659101486206,0.9998741745948792,0.30825015902519226,0.35462334752082825,-0.4072464108467102,0.9998960494995117,0.3520514667034149,0.4466615319252014,0.5143498778343201,0.290615051984787,0.34021228551864624,0.36236947774887085,-0.9438151717185974,0.9707973599433899,0.35112011432647705,0.5133302211761475,0.6272395253181458,0.34666556119918823,0.3562261760234833,0.3566233813762665,-1.3927923440933228,0.9120193123817444,0.35070329904556274,0.5391483902931213,0.670643150806427,0.3580584228038788,0.3630911409854889,0.3540351092815399,-1.524420142173767,0.888012707233429,0.3584498465061188,0.5389713048934937,0.5998691916465759,0.37296679615974426,0.3686211407184601,0.34815776348114014,-1.4913859367370605,0.8987336754798889,0.3564293384552002,0.536766767501831,0.6052090525627136,0.3756602704524994,0.3671029508113861,0.350591242313385,-1.3938359022140503,0.8675416707992554,0.30605700612068176,0.5385285019874573,0.2133583128452301,0.9999315142631531,0.2640361785888672,0.5359346866607666,-0.21356290578842163,0.9999144077301025,0.28093376755714417,0.6648799777030945,0.21012327075004578,0.816024661064148,0.4078158140182495,0.632837176322937,-0.32463735342025757,0.96383136510849,0.20982196927070618,0.7952790856361389,0.1593838334083557,0.9580015540122986,0.2699229419231415,0.7533615827560425,-0.33341094851493835,0.9642541408538818,0.16675613820552826,0.819839358329773,0.1607043743133545,0.9094560146331787,0.23296396434307098,0.7690934538841248,-0.34094250202178955,0.8393459916114807,0.30102255940437317,0.8236597180366516,-0.011095341295003891,0.9706380367279053,0.3459685742855072,0.8055906295776367,-0.5204911828041077,0.9611511826515198
24,0.8,0.4149032533168793,0.3072177767753601,-0.3829492926597595,0.9999854564666748,0.41925951838493347,0.29556766152381897,-0.326071560382843,0.999963641166687,0.42459625005722046,0.2959623634815216,-0.3266596496105194,0.9999560117721558,0.4290086627006531,0.29634207487106323,-0.3265254497528076,0.9999657869338989,0.39903008937835693,0.2940966784954071,-0.3842180073261261,0.999979555606842,0.38966622948646545,0.2939707338809967,-0.3848057687282562,0.9999832510948181,0.38031741976737976,0.2942982017993927,-0.38507962226867676,0.9999853372573853,0.4187198579311371,0.30031558871269226,-0.039561446756124496,0.9999664425849915,0.3527560830116272,0.30036306381225586,-0.31488898396492004,0.9999545216560364,0.41748571395874023,0.32081684470176697,-0.2680208086967468,0.9999366402626038,0.39383557438850403,0.3193959593772888,-0.34891319274902344,0.9999438524246216,0.38480517268180847,0.37217432260513306,0.264650821685791,0.9998813271522522,0.3181391656398773,0.3566245436668396,-0.4325706958770752,0.9999045133590698,0.3545442223548889,0.44830122590065,0.5767438411712646,0.2697666883468628,0.3621552288532257,0.3718793988227844,-0.9525911808013916,0.9734911918640137,0.35841280221939087,0.5129069089889526,0.7445008754730225,0.3218328058719635,0.43738001585006714,0.3714410662651062,-1.3645319938659668,0.9203431010246277,0.3556007444858551,0.5369119644165039,0.7903534173965454,0.3373948335647583,0.4507547914981842,0.36659687757492065,-1.4933339357376099,0.898456871509552,0.36359909176826477,0.5309129953384399,0.7212967872619629,0.35234498977661133,0.447250097990036,0.3625967800617218,-1.4513211250305176,0.9080618619918823,0.3621618449687958,0.5293066501617432,0.7227978110313416,0.355226993560791,0.442534863948822,0.3653993010520935,-1.3599860668182373,0.8790889382362366,0.2990371584892273,0.54253089427948,0.2183675915002823,0.9999357461929321,0.2731668949127197,0.5364020466804504,-0.21868771314620972,0.9999211430549622,0.27389371395111084,0.6719900965690613,0.21553897857666016,0.8269330263137817,0.4247603416442871,0.6391528844833374,-0.23376569151878357,0.9667162299156189,0.19646209478378296,0.8017894625663757,0.17858098447322845,0.960620641708374,0.30266618728637695,0.7718256115913391,-0.321553111076355,0.9673033952713013,0.15448647737503052,0.8288841247558594,0.16953261196613312,0.9173087477684021,0.25951674580574036,0.7889313697814941,-0.26545006036758423,0.8533935546875,0.27876847982406616,0.833845317363739,-0.0055840653367340565,0.9725461602210999,0.39159414172172546,0.8223022222518921,-0.4445403516292572,0.9644389748573303
25,0.8333333333333334,0.41753628849983215,0.31903788447380066,-0.3778868317604065,0.9999868869781494,0.423127144575119,0.3082180619239807,-0.3218013346195221,0.9999672770500183,0.4296058714389801,0.30855661630630493,-0.32232746481895447,0.9999604225158691,0.43506672978401184,0.3087388873100281,-0.32219198346138,0.9999691843986511,0.40013834834098816,0.30649426579475403,-0.3811712861061096,0.9999815821647644,0.3902971148490906,0.306117445230484,-0.38181203603744507,0.9999849200248718,0.38082513213157654,0.3062596619129181,-0.3821013867855072,0.9999868273735046,0.42840173840522766,0.31298643350601196,-0.03108462505042553,0.9999697804450989,0.3555063307285309,0.31171345710754395,-0.3107772171497345,0.9999590516090393,0.42272859811782837,0.3312801718711853,-0.26022467017173767,0.9999428987503052,0.3953789472579956,0.3309546411037445,-0.3424074947834015,0.9999493956565857,0.36950671672821045,0.3763524293899536,0.31270289421081543,0.9998875856399536,0.32651665806770325,0.36593663692474365,-0.41897469758987427,0.9999136924743652,0.32539817690849304,0.4444883465766907,0.7164433002471924,0.24925900995731354,0.3634067177772522,0.38271889090538025,-0.8897454142570496,0.976102352142334,0.33645039796829224,0.5073004961013794,1.0012836456298828,0.3058977723121643,0.48071426153182983,0.4039818346500397,-1.2627261877059937,0.9282813668251038,0.33817633986473083,0.5246745347976685,1.0666066408157349,0.33093002438545227,0.5050605535507202,0.403064101934433,-1.3812435865402222,0.9085634350776672,0.34756383299827576,0.5224846601486206,1.0005762577056885,0.3464917540550232,0.509520947933197,0.39776748418807983,-1.352792501449585,0.9172043800354004,0.3472830057144165,0.5193485617637634,0.984614372253418,0.3489914834499359,0.5001517534255981,0.4007987082004547,-1.2604626417160034,0.8910622596740723,0.29110872745513916,0.551681399345398,0.2312905192375183,0.9999358654022217,0.28386157751083374,0.5527174472808838,-0.23170828819274902,0.9999263882637024,0.2722799479961395,0.6834216117858887,0.21441461145877838,0.8353257775306702,0.4275404214859009,0.6474334597587585,-0.2917543053627014,0.9697262048721313,0.1965501308441162,0.8216922879219055,0.15695738792419434,0.9627259373664856,0.3431025743484497,0.7940049171447754,-0.3524036705493927,0.9702935218811035,0.15873804688453674,0.8444855809211731,0.1416657716035843,0.9246385097503662,0.2952340543270111,0.8133234977722168,-0.3537706434726715,0.8673595190048218,0.2771680951118469,0.8530964851379395,0.02916453592479229,0.9742345213890076,0.44486862421035767,0.8329492807388306,-0.46534088253974915,0.9676586389541626
26,0.8666666666666667,0.4229981005191803,0.33270829916000366,-0.34697389602661133,0.9999881982803345,0.4288397431373596,0.3211762607097626,-0.2889440655708313,0.999970555305481,0.4356204867362976,0.3216017782688141,-0.2894009053707123,0.9999643564224243,0.4417222738265991,0.32194784283638,-0.2891886830329895,0.9999722838401794,0.4042036235332489,0.31907689571380615,-0.34927594661712646,0.9999834299087524,0.3945154845714569,0.3186228573322296,-0.3499346971511841,0.9999864101409912,0.38506072759628296,0.31857866048812866,-0.3501514494419098,0.9999881386756897,0.435355544090271,0.32613879442214966,0.008651497773826122,0.9999728202819824,0.362231582403183,0.32251593470573425,-0.26789602637290955,0.9999631643295288,0.42826011776924133,0.3449949324131012,-0.225479394197464,0.9999486207962036,0.40306976437568665,0.34460458159446716,-0.3081733286380768,0.9999544620513916,0.3626224994659424,0.3893284201622009,0.35866186022758484,0.9998937845230103,0.3389815092086792,0.37865594029426575,-0.3930247724056244,0.9999220371246338,0.31407397985458374,0.4475233554840088,0.7101497054100037,0.2340487241744995,0.390487939119339,0.4136624336242676,-0.8289587497711182,0.9784701466560364,0.3383713960647583,0.5097308158874512,0.8993001580238342,0.30479657649993896,0.528968870639801,0.44333094358444214,-1.1176140308380127,0.9354351162910461,0.3429012894630432,0.5258356928825378,0.9481653571128845,0.34164437651634216,0.5582349896430969,0.44282597303390503,-1.231371521949768,0.9176738262176514,0.35324448347091675,0.5226506590843201,0.8798653483390808,0.3575652539730072,0.558928906917572,0.4395253658294678,-1.1767467260360718,0.9254468083381653,0.35248488187789917,0.5203678011894226,0.8780604600906372,0.3584015667438507,0.5485313534736633,0.44201818108558655,-1.1019766330718994,0.9018688201904297,0.2804217040538788,0.5626751780509949,0.2256075143814087,0.9999377727508545,0.2993210554122925,0.5644646883010864,-0.22611954808235168,0.9999316334724426,0.27523544430732727,0.6900235414505005,0.17163848876953125,0.8502442836761475,0.43195441365242004,0.6644543409347534,-0.15644726157188416,0.9725527167320251,0.1925867646932602,0.8274463415145874,0.04898611828684807,0.9658054709434509,0.3942353427410126,0.805311381816864,-0.12250320613384247,0.97310471534729,0.14746639132499695,0.8514739274978638,0.029353592544794083,0.9317327737808228,0.3594798147678375,0.8257412910461426,-0.12059462815523148,0.8802978992462158,0.26577824354171753,0.8605149388313293,-0.05456344410777092,0.9763617515563965,0.5000138878822327,0.8355690836906433,-0.19407439231872559,0.9706605076789856
27,0.9,0.43011805415153503,0.3419690728187561,-0.2769668996334076,0.99998939037323,0.43658629059791565,0.3301432430744171,-0.22114020586013794,0.999973475933075,0.44399622082710266,0.33049771189689636,-0.2215707153081894,0.9999679327011108,0.45079925656318665,0.33088430762290955,-0.2213514894247055,0.9999750852584839,0.41190850734710693,0.32874026894569397,-0.2818889915943146,0.9999850988388062,0.40146157145500183,0.3283241391181946,-0.2825445234775543,0.999987781047821,0.3922950327396393,0.3281732499599457,-0.2827194631099701,0.9999893307685852,0.44509345293045044,0.33471113443374634,0.05518481880426407,0.9999755620956421,0.36996617913246155,0.33255526423454285,-0.2209148406982422,0.9999668598175049,0.435485303401947,0.35486888885498047,-0.16271641850471497,0.99995356798172,0.4102691113948822,0.35426729917526245,-0.24608932435512543,0.9999588131904602,0.3630923926830292,0.40247875452041626,0.3729989230632782,0.999885618686676,0.34631088376045227,0.3904072940349579,-0.3440263569355011,0.999926745891571,0.3191090524196625,0.46920618414878845,0.6680611968040466,0.21314750611782074,0.43951287865638733,0.44055867195129395,-0.6615856885910034,0.9802367687225342,0.3450082540512085,0.5246756672859192,0.819612443447113,0.2777412235736847,0.5694370865821838,0.47506117820739746,-0.7812619805335999,0.9398545622825623,0.34972986578941345,0.5385002493858337,0.867016077041626,0.3133053183555603,0.6031846404075623,0.48144620656967163,-0.86034095287323,0.9227171540260315,0.3586916923522949,0.5380605459213257,0.8063434958457947,0.32768794894218445,0.6011960506439209,0.4793432652950287,-0.8135550022125244,0.9292899370193481,0.3571365773677826,0.5343867540359497,0.8001768589019775,0.3283901512622833,0.5893247723579407,0.47872194647789,-0.764920711517334,0.9050505757331848,0.28347405791282654,0.573342502117157,0.22399230301380157,0.9999394416809082,0.31268540024757385,0.5752226114273071,-0.22452327609062195,0.9999356865882874,0.2773107588291168,0.697950005531311,0.20311316847801208,0.8599401116371155,0.4378646910190582,0.6789773106575012,-0.15908895432949066,0.974805474281311,0.1899472177028656,0.8292815089225769,0.10628297924995422,0.9665606021881104,0.42535439133644104,0.8197029232978821,-0.15379983186721802,0.9754478931427002,0.14352458715438843,0.8541508913040161,0.09062511473894119,0.936967134475708,0.3917572796344757,0.8429136276245117,-0.15214958786964417,0.8916553854942322,0.25760602951049805,0.861052393913269,0.03469555824995041,0.9761733412742615,0.5326786637306213,0.8427060842514038,-0.2120574712753296,0.9729461073875427
28,0.9333333333333333,0.4392291307449341,0.34621888399124146,-0.31142765283584595,0.9999904632568359,0.4481564462184906,0.33491742610931396,-0.2538119852542877,0.9999761581420898,0.45596814155578613,0.335525780916214,-0.25426197052001953,0.9999711513519287,0.46134859323501587,0.33599135279655457,-0.25403133034706116,0.9999775886535645,0.4211057126522064,0.3332194685935974,-0.3143795132637024,0.9999865889549255,0.4113330543041229,0.3327815532684326,-0.31500381231307983,0.9999890327453613,0.4009750485420227,0.332695335149765,-0.3151557445526123,0.9999904036521912,0.45372503995895386,0.3404538333415985,0.035466667264699936,0.9999780058860779,0.37785080075263977,0.338119238615036,-0.24017484486103058,0.9999701976776123,0.44583800435066223,0.3593842089176178,-0.19304947555065155,0.9999581575393677,0.42039382457733154,0.35865694284439087,-0.27606838941574097,0.9999628663063049,0.36016783118247986,0.40939584374427795,0.3524468243122101,0.9998891949653625,0.35995128750801086,0.4011473059654236,-0.3492426872253418,0.999931812286377,0.3087533116340637,0.49732279777526855,0.5294652581214905,0.19556885957717896,0.4610843360424042,0.46119967103004456,-0.633870005607605,0.9817349910736084,0.3469012677669525,0.5554400682449341,0.4682510495185852,0.25587090849876404,0.5788661241531372,0.49516159296035767,-0.7093197703361511,0.943850576877594,0.3531527519226074,0.5724688768386841,0.4799036681652069,0.2924622595310211,0.6082632541656494,0.5023391246795654,-0.7880815863609314,0.9275325536727905,0.3613252341747284,0.574833333492279,0.4179385304450989,0.30566543340682983,0.6125544905662537,0.5021690726280212,-0.7497352361679077,0.9331521391868591,0.35789552330970764,0.5696146488189697,0.4419771432876587,0.30572959780693054,0.600167989730835,0.5010820031166077,-0.6956990361213684,0.9088693857192993,0.2878296673297882,0.5800257921218872,0.2231840193271637,0.9999411106109619,0.32440468668937683,0.5812556743621826,-0.22373366355895996,0.9999392032623291,0.28187716007232666,0.7030431628227234,0.15931105613708496,0.8704623579978943,0.44693315029144287,0.6898400783538818,-0.13209637999534607,0.9767728447914124,0.1882830113172531,0.8327624201774597,0.012869758531451225,0.968029260635376,0.4607566297054291,0.8290403485298157,-0.12103184312582016,0.9775370955467224,0.14230215549468994,0.8553631901741028,-0.0078022838570177555,0.9422907829284668,0.4300757646560669,0.8522170782089233,-0.1207779049873352,0.9019617438316345,0.2458331435918808,0.8687478303909302,-0.07348337769508362,0.9768165349960327,0.5603340268135071,0.8476248979568481,-0.1801183670759201,0.9749733209609985
29,0.9666666666666667,0.4510115683078766,0.34744611382484436,-0.3265874981880188,0.9999914169311523,0.4594789147377014,0.3355153799057007,-0.26918211579322815,0.9999785423278809,0.4667198657989502,0.33591336011886597,-0.2697009742259979,0.9999740123748779,0.47157156467437744,0.3362744450569153,-0.26951655745506287,0.9999798536300659,0.43243375420570374,0.33399367332458496,-0.3278214633464813,0.9999879598617554,0.423522412776947,0.333730548620224,-0.32844027876853943,0.9999901056289673,0.4139656126499176,0.3335557281970978,-0.3286597430706024,0.9999913573265076,0.46241259574890137,0.3410753905773163,0.0267520472407341,0.9999802112579346,0.38938289880752563,0.3389480710029602,-0.2467791736125946,0.9999731779098511,0.45663660764694214,0.35979390144348145,-0.20895296335220337,0.9999622702598572,0.43263083696365356,0.35916170477867126,-0.28988778591156006,0.9999665021896362,0.35230275988578796,0.40654081106185913,0.331750750541687,0.9998918175697327,0.371329128742218,0.4079037308692932,-0.3510872423648834,0.9999371767044067,0.29808133840560913,0.4845430254936218,0.5414214730262756,0.17893561720848083,0.47116902470588684,0.47234901785850525,-0.6009155511856079,0.9832817316055298,0.291095495223999,0.5350198149681091,0.5889757871627808,0.23529952764511108,0.6040281653404236,0.5141523480415344,-0.6758057475090027,0.9482679963111877,0.284862756729126,0.5462794899940491,0.6297112703323364,0.2721046507358551,0.6315799951553345,0.523016095161438,-0.752740740776062,0.9328978061676025,0.2930576503276825,0.5415813326835632,0.4969744384288788,0.28379201889038086,0.6397266983985901,0.5238324403762817,-0.7135293483734131,0.9377189874649048,0.29881149530410767,0.5369248390197754,0.5366407632827759,0.28249266743659973,0.6242396831512451,0.5193657279014587,-0.6604589819908142,0.9137550592422485,0.3005649745464325,0.5817312598228455,0.2223959118127823,0.9999412298202515,0.33924391865730286,0.583213210105896,-0.22320325672626495,0.9999420046806335,0.2926705479621887,0.7040851712226868,0.22231720387935638,0.8743646144866943,0.45463111996650696,0.6937798857688904,-0.03539351746439934,0.9780737161636353,0.1933673918247223,0.831703782081604,0.13815730810165405,0.9665567874908447,0.48059430718421936,0.8267353177070618,0.05959057807922363,0.9792031645774841,0.1493677943944931,0.8533793687820435,0.12621329724788666,0.9454250931739807,0.4522241950035095,0.8523975610733032,0.07025034725666046,0.911165714263916,0.2489035427570343,0.8637698888778687,0.09668571501970291,0.9749846458435059,0.5760319828987122,0.8441451787948608,0.03615937381982803,0.9763447642326355
30,1.0,0.46266067028045654,0.34790879487991333,-0.3548595905303955,0.9999922513961792,0.4696235656738281,0.33601701259613037,-0.2976715862751007,0.9999806880950928,0.475972056388855,0.3362841308116913,-0.29805997014045715,0.999976634979248,0.48121756315231323,0.3365200161933899,-0.2978053092956543,0.9999818801879883,0.4428514242172241,0.33462852239608765,-0.35797953605651855,0.9999891519546509,0.433159202337265,0.33469516038894653,-0.35861557722091675,0.9999911189079285,0.42311447858810425,0.335014671087265,-0.3587319254875183,0.9999922513961792,0.46982696652412415,0.34137317538261414,-0.005363981705158949,0.9999821782112122,0.39743050932884216,0.34073832631111145,-0.27842599153518677,0.999975860118866,0.4676096737384796,0.36067017912864685,-0.2341180443763733,0.9999659657478333,0.4423052966594696,0.3604481816291809,-0.3162168562412262,0.9999697804450989,0.37405121326446533,0.40554147958755493,0.32527533173561096,0.9998781085014343,0.38245201110839844,0.40831804275512695,-0.3704743981361389,0.9999415874481201,0.30435407161712646,0.48076730966567993,0.4731268584728241,0.1625998467206955,0.4855108857154846,0.48601779341697693,-0.5924927592277527,0.984683632850647,0.3014516532421112,0.5289641618728638,0.4660507142543793,0.2137576937675476,0.618567168712616,0.5217465758323669,-0.6252965927124023,0.95293790102005,0.29998624324798584,0.538267195224762,0.48168322443962097,0.24923525750637054,0.6537145376205444,0.5360711216926575,-0.6954240798950195,0.9388060569763184,0.3004269599914551,0.5335683822631836,0.43298181891441345,0.25960347056388855,0.6589933037757874,0.5338909029960632,-0.661659836769104,0.9430399537086487,0.3111397325992584,0.5294009447097778,0.4467076063156128,0.2581470012664795,0.6523352861404419,0.5308572053909302,-0.610600471496582,0.9205332398414612,0.32210996747016907,0.5840134024620056,0.21927674114704132,0.9999402165412903,0.3475298285484314,0.5861590504646301,-0.21995458006858826,0.9999445676803589,0.31569167971611023,0.704064667224884,0.21831709146499634,0.8830232620239258,0.4619952440261841,0.6937257051467896,-0.031504370272159576,0.9793477654457092,0.19726420938968658,0.830077052116394,0.10765454918146133,0.9678694605827332,0.49254336953163147,0.8208365440368652,0.050193119794130325,0.9807121753692627,0.15244445204734802,0.8524420857429504,0.09085426479578018,0.949773907661438,0.4647931754589081,0.8460865020751953,0.0585595928132534,0.9194424152374268,0.2578820586204529,0.8618532419204712,0.06082940101623535,0.9753192663192749,0.5785526037216187,0.8447151184082031,0.029521195217967033,0.9774777889251709
31,1.0333333333333334,0.47296133637428284,0.3475431799888611,-0.43915367126464844,0.9999930262565613,0.4800361692905426,0.33525195717811584,-0.37787216901779175,0.9999825954437256,0.48675018548965454,0.33555978536605835,-0.37825557589530945,0.9999789595603943,0.4927513003349304,0.33590251207351685,-0.3780328631401062,0.9999836683273315,0.453359991312027,0.3344513177871704,-0.44016239047050476,0.9999902248382568,0.4434315264225006,0.33477991819381714,-0.4407976269721985,0.9999920129776001,0.43339842557907104,0.33531448245048523,-0.4408915340900421,0.9999930262565613,0.4810333549976349,0.3414355516433716,-0.07057999074459076,0.9999839663505554,0.40793561935424805,0.3406912386417389,-0.35110512375831604,0.9999783039093018,0.47805243730545044,0.3612344563007355,-0.3125568926334381,0.9999693632125854,0.45219293236732483,0.3602278232574463,-0.3972277045249939,0.9999728202819824,0.37494879961013794,0.4060734808444977,0.3131833076477051,0.9998866319656372,0.3904059827327728,0.40931493043899536,-0.4255041778087616,0.999946117401123,0.4019196927547455,0.478161484003067,0.5473679304122925,0.16425691545009613,0.49726375937461853,0.49108538031578064,-0.5957491993904114,0.9860115647315979,0.5029369592666626,0.5028877854347229,0.6567127704620361,0.24649764597415924,0.6447097063064575,0.530806839466095,-0.5518926978111267,0.9572120904922485,0.5339593291282654,0.504934549331665,0.7022784352302551,0.28668469190597534,0.6751061677932739,0.5419594049453735,-0.6085642576217651,0.9441137909889221,0.5364785194396973,0.5033342242240906,0.6451044082641602,0.29672783613204956,0.6820318102836609,0.5421985387802124,-0.5764234066009521,0.9478304982185364,0.5293975472450256,0.5033302903175354,0.6364149451255798,0.2939909100532532,0.6710689067840576,0.5378379225730896,-0.5366849899291992,0.9268668293952942,0.33960017561912537,0.5842314958572388,0.22534340620040894,0.999939501285553,0.36507073044776917,0.5886620283126831,-0.22601021826267242,0.9999448657035828,0.34097006916999817,0.7044866681098938,0.2713531255722046,0.8930112719535828,0.4741111695766449,0.6972575187683105,-0.037633709609508514,0.9810324311256409,0.1995287984609604,0.8293660879135132,0.20674262940883636,0.9698004126548767,0.5006806254386902,0.8244675397872925,0.0822744071483612,0.9823234677314758,0.15427029132843018,0.8509601354598999,0.19637222588062286,0.9539963006973267,0.47025519609451294,0.8509281873703003,0.0952955037355423,0.9270861148834229,0.26068881154060364,0.8604801893234253,0.18417875468730927,0.9764499068260193,0.5821161270141602,0.8452706336975098,0.08762739598751068,0.9791150093078613
32,1.0666666666666667,0.4804145395755768,0.34588417410850525,-0.5036433935165405,0.9999937415122986,0.4888438880443573,0.33442097902297974,-0.4419592618942261,0.9999843239784241,0.49623411893844604,0.33460909128189087,-0.4423679709434509,0.9999810457229614,0.5028260946273804,0.3348473906517029,-0.44214531779289246,0.9999852776527405,0.46151623129844666,0.33377009630203247,-0.5027936100959778,0.9999911785125732,0.45217663049697876,0.3340594172477722,-0.503443717956543,0.9999927878379822,0.44303011894226074,0.3348448872566223,-0.5036068558692932,0.9999937415122986,0.49409157037734985,0.339951753616333,-0.12734448909759521,0.9999855756759644,0.41750937700271606,0.34060028195381165,-0.4028358459472656,0.9999804496765137,0.48761993646621704,0.35962653160095215,-0.3756192922592163,0.999972403049469,0.4609778821468353,0.35887330770492554,-0.45870721340179443,0.9999755024909973,0.4240141212940216,0.40637969970703125,0.24537180364131927,0.9998918771743774,0.4009700417518616,0.41019025444984436,-0.4779823422431946,0.9999496936798096,0.43274980783462524,0.48312705755233765,0.48159679770469666,0.16624754667282104,0.5015921592712402,0.49416476488113403,-0.6307585835456848,0.9869862794876099,0.5379847884178162,0.49993687868118286,0.5245514512062073,0.2663096785545349,0.6470896601676941,0.5304344892501831,-0.6139565110206604,0.9607362747192383,0.5649055242538452,0.5010383725166321,0.5557035803794861,0.31380322575569153,0.6827855706214905,0.538681149482727,-0.67890864610672,0.9484562873840332,0.5678085684776306,0.4992527961730957,0.4986506700515747,0.3236698806285858,0.6885438561439514,0.5388959646224976,-0.6510896682739258,0.951702356338501,0.5604761838912964,0.5000429153442383,0.5029355883598328,0.3203308582305908,0.67669677734375,0.5374276638031006,-0.6015244126319885,0.9318562746047974,0.37354210019111633,0.5863998532295227,0.23613056540489197,0.9999406933784485,0.3776305615901947,0.5903325080871582,-0.23658286035060883,0.9999474287033081,0.37705162167549133,0.7048429250717163,0.3978619873523712,0.9008926153182983,0.4895448386669159,0.698104202747345,-0.2000907063484192,0.9828023910522461,0.22752942144870758,0.8155622482299805,0.45686712861061096,0.9712919592857361,0.4967237114906311,0.8296538591384888,-0.07980053126811981,0.9839763641357422,0.18620125949382782,0.8242427110671997,0.45840972661972046,0.957514762878418,0.4622820019721985,0.8541271090507507,-0.06290727108716965,0.9341127872467041,0.2666378319263458,0.848870575428009,0.44492730498313904,0.9772291779518127,0.5895572900772095,0.8506983518600464,-0.04190632700920105,0.9809764623641968
33,1.1,0.48890677094459534,0.345927894115448,-0.5019997358322144,0.9999942183494568,0.4970150291919708,0.3348674178123474,-0.4427317678928375,0.9999857544898987,0.504393458366394,0.33514779806137085,-0.4431230425834656,0.9999827742576599,0.5103066563606262,0.33536383509635925,-0.44289958477020264,0.9999865889549255,0.4696669280529022,0.33396783471107483,-0.4983437955379486,0.9999920129776001,0.46113207936286926,0.33416491746902466,-0.49902716279029846,0.9999934434890747,0.4517768323421478,0.33476629853248596,-0.49929454922676086,0.9999943375587463,0.5017640590667725,0.3404080271720886,-0.13057702779769897,0.9999867677688599,0.4247640073299408,0.34087246656417847,-0.38164737820625305,0.9999822378158569,0.49637386202812195,0.3593076765537262,-0.37589362263679504,0.9999706745147705,0.4701745808124542,0.3586970865726471,-0.4514870047569275,0.9999748468399048,0.4493916928768158,0.4076356291770935,0.21312357485294342,0.9998311996459961,0.40729114413261414,0.41202765703201294,-0.4463694393634796,0.9999402761459351,0.4529128968715668,0.4860513210296631,0.3143075406551361,0.1541215032339096,0.5169283747673035,0.49548619985580444,-0.5739904046058655,0.985240638256073,0.5260740518569946,0.5004431009292603,0.14071455597877502,0.24685582518577576,0.6679338216781616,0.5238751173019409,-0.5793947577476501,0.9606596231460571,0.5479929447174072,0.4984585642814636,0.12745487689971924,0.29658210277557373,0.7045660614967346,0.5301347374916077,-0.6518715023994446,0.9483729004859924,0.5590768456459045,0.49561747908592224,0.07525225728750229,0.3061627447605133,0.7110341787338257,0.5280419588088989,-0.632820188999176,0.9511442184448242,0.548565685749054,0.4960339665412903,0.1148974597454071,0.30215585231781006,0.6992568969726562,0.5272337794303894,-0.5710169076919556,0.9296437501907349,0.41129249334335327,0.5862234234809875,0.22385269403457642,0.9999377727508545,0.3814104199409485,0.5884664058685303,-0.22403346002101898,0.9999476671218872,0.45967918634414673,0.7044866681098938,0.21238166093826294,0.9016833901405334,0.5007851719856262,0.6944901943206787,-0.39980748295783997,0.9839975833892822,0.2781674861907959,0.7897073030471802,0.3465792238712311,0.970690131187439,0.4894951283931732,0.83146733045578,-0.25037896633148193,0.9851768612861633,0.22993780672550201,0.7937184572219849,0.3126004636287689,0.9567224383354187,0.4443173408508301,0.851950466632843,-0.23367464542388916,0.9392639994621277,0.2892833352088928,0.8438401222229004,0.19158384203910828,0.9763571619987488,0.5798882246017456,0.8512102961540222,-0.3422926962375641,0.9822825789451599
34,1.1333333333333333,0.49355998635292053,0.3458403944969177,-0.4688311815261841,0.9999946355819702,0.4998156726360321,0.33464282751083374,-0.4160183072090149,0.9999870657920837,0.5082700252532959,0.33488547801971436,-0.4165087938308716,0.9999843239784241,0.5151256322860718,0.3351738452911377,-0.41630715131759644,0.999987781047821,0.47487232089042664,0.334180623292923,-0.46910905838012695,0.9999927282333374,0.46545371413230896,0.33439335227012634,-0.4697636365890503,0.9999940395355225,0.4556924104690552,0.3349122107028961,-0.4700045585632324,0.9999948740005493,0.508472204208374,0.3400343060493469,-0.13009342551231384,0.9999879002571106,0.4296475350856781,0.3408653438091278,-0.36508262157440186,0.9999837875366211,0.5021923780441284,0.35874491930007935,-0.350593239068985,0.9999703764915466,0.4759646952152252,0.3588631749153137,-0.4228181540966034,0.9999745488166809,0.4622036814689636,0.40773940086364746,0.20184555649757385,0.9998173117637634,0.41328510642051697,0.4137354791164398,-0.43283408880233765,0.9999409317970276,0.4533514976501465,0.4912482798099518,0.31160229444503784,0.13962380588054657,0.5293225049972534,0.4946156442165375,-0.547531008720398,0.983978271484375,0.4946832060813904,0.5310402512550354,0.14981934428215027,0.2232699692249298,0.6791039705276489,0.5139987468719482,-0.5403003096580505,0.9611982703208923,0.5076277852058411,0.5429177284240723,0.13734865188598633,0.26939520239830017,0.7222368717193604,0.5172505974769592,-0.6106299161911011,0.9489943385124207,0.5152057409286499,0.5380426645278931,0.09010376036167145,0.27796900272369385,0.7276972532272339,0.5145115256309509,-0.585921585559845,0.9511626362800598,0.5091127753257751,0.533096969127655,0.12731143832206726,0.2741161286830902,0.7144305109977722,0.5142658948898315,-0.529205858707428,0.9277849197387695,0.4319109618663788,0.5884424448013306,0.21975041925907135,0.9999405741691589,0.4022589325904846,0.590351939201355,-0.2198762446641922,0.9999514222145081,0.5022090673446655,0.7033227682113647,0.3138399124145508,0.8742856383323669,0.5304575562477112,0.6955748796463013,-0.350493848323822,0.9835895299911499,0.3230302929878235,0.7789356708526611,0.46655842661857605,0.9450594186782837,0.4954506754875183,0.8300613164901733,-0.11366648226976395,0.9855962991714478,0.2717631757259369,0.7809355854988098,0.4754883944988251,0.9419047832489014,0.4557250440120697,0.850054919719696,-0.0936136245727539,0.9425828456878662,0.3413811922073364,0.8411264419555664,0.42203813791275024,0.9603201746940613,0.5901271104812622,0.8514708280563354,-0.2053428441286087,0.9827052354812622
35,1.1666666666666667,0.498494416475296,0.3455885350704193,-0.4521896243095398,0.9999949932098389,0.5037961602210999,0.3340069353580475,-0.3977776765823364,0.9999882578849792,0.5118071436882019,0.3342131972312927,-0.3982633352279663,0.9999856948852539,0.5193777084350586,0.33453604578971863,-0.3980649709701538,0.999988853931427,0.4801352322101593,0.33372750878334045,-0.45207130908966064,0.9999933838844299,0.4700038433074951,0.334003210067749,-0.45272475481033325,0.9999945759773254,0.4607495069503784,0.3345922827720642,-0.4529513418674469,0.9999953508377075,0.5152217149734497,0.3393873870372772,-0.12650078535079956,0.9999889135360718,0.435392290353775,0.3407381772994995,-0.35574403405189514,0.9999851584434509,0.508149266242981,0.3583720922470093,-0.33401772379875183,0.9999707341194153,0.48199746012687683,0.35900574922561646,-0.40797093510627747,0.9999748468399048,0.47784125804901123,0.40769830346107483,0.18017643690109253,0.9998138546943665,0.4149594306945801,0.41399312019348145,-0.4261142611503601,0.999941349029541,0.5015348196029663,0.488607794046402,0.20772972702980042,0.12783046066761017,0.5452110767364502,0.491924911737442,-0.5323723554611206,0.9828873872756958,0.537996768951416,0.49937567114830017,-0.04928435757756233,0.20461109280586243,0.7006030678749084,0.5100263357162476,-0.5278686881065369,0.961223304271698,0.5470277070999146,0.5067998766899109,-0.08344163000583649,0.25098156929016113,0.7409675717353821,0.5030072331428528,-0.5985649824142456,0.949509859085083,0.5498958230018616,0.4963318407535553,-0.11870428919792175,0.2586054503917694,0.7454861998558044,0.49618059396743774,-0.5765408277511597,0.9511135220527649,0.5455569624900818,0.4939015507698059,-0.07054349780082703,0.2537772059440613,0.7339547872543335,0.4998931288719177,-0.5188140273094177,0.925938069820404,0.45475906133651733,0.589468240737915,0.20878972113132477,0.9999444484710693,0.4192925691604614,0.5917634963989258,-0.2089274525642395,0.9999552965164185,0.5319280028343201,0.7010508179664612,0.29710105061531067,0.8493966460227966,0.5414953231811523,0.6993447542190552,-0.2608480155467987,0.9838579893112183,0.37652528285980225,0.7759580612182617,0.4705750048160553,0.9179924726486206,0.5000109076499939,0.8315061330795288,-0.07875213027000427,0.9861592650413513,0.32271063327789307,0.7786805629730225,0.48341697454452515,0.9264678359031677,0.4628450572490692,0.8515284657478333,-0.06320422142744064,0.9455421566963196,0.4167007505893707,0.8345813751220703,0.42961257696151733,0.9449442625045776,0.5916637778282166,0.8520315885543823,-0.18427938222885132,0.9832525253295898
36,1.2,0.5014523267745972,0.34517228603363037,-0.45638757944107056,0.9999948143959045,0.5066307187080383,0.3335462212562561,-0.40768736600875854,0.999988853931427,0.5142918825149536,0.33378419280052185,-0.408181369304657,0.9999862313270569,0.5214598178863525,0.33413487672805786,-0.4080173969268799,0.9999893307685852,0.48298782110214233,0.33320093154907227,-0.4537481963634491,0.9999936819076538,0.4734805226325989,0.33351558446884155,-0.4543537199497223,0.9999948143959045,0.4637560248374939,0.3341546952724457,-0.45454058051109314,0.9999955892562866,0.5187773108482361,0.3389570415019989,-0.14183399081230164,0.9999892711639404,0.4402424395084381,0.3404916226863861,-0.35135939717292786,0.9999858736991882,0.5129324793815613,0.358029305934906,-0.345848023891449,0.9999677538871765,0.4861014783382416,0.3587357699871063,-0.40833431482315063,0.9999731183052063,0.49919068813323975,0.40860557556152344,0.12489431351423264,0.9998067021369934,0.41496384143829346,0.41537922620773315,-0.4187116026878357,0.9999420642852783,0.5244373679161072,0.4914741516113281,-0.019301846623420715,0.11966560035943985,0.5428229570388794,0.4924890995025635,-0.5381968021392822,0.9828867316246033,0.5419082045555115,0.48935556411743164,-0.4734267294406891,0.19144205749034882,0.7091251611709595,0.4835111200809479,-0.5755118727684021,0.9635488986968994,0.5490633249282837,0.4945809245109558,-0.5506404042243958,0.24263867735862732,0.7489378452301025,0.4759117662906647,-0.6549959778785706,0.9526849985122681,0.538819432258606,0.4792602062225342,-0.5754207372665405,0.24938476085662842,0.7510235905647278,0.4674738943576813,-0.6334784030914307,0.953976035118103,0.5370978713035583,0.48069924116134644,-0.4962354898452759,0.24143673479557037,0.7404495477676392,0.4694303572177887,-0.5674282908439636,0.9289720058441162,0.48884117603302,0.5910314917564392,0.19073763489723206,0.9999484419822693,0.42817816138267517,0.5933034420013428,-0.19097760319709778,0.9999591112136841,0.5839598178863525,0.6977466940879822,0.07517780363559723,0.8357442617416382,0.5593109130859375,0.6981662511825562,-0.26049089431762695,0.9835963845252991,0.44792014360427856,0.7817161679267883,0.3728385865688324,0.8768306374549866,0.507953405380249,0.8309763669967651,-0.0819215327501297,0.9857779145240784,0.3868029713630676,0.7826370000839233,0.3937266767024994,0.9026320576667786,0.47793349623680115,0.8510950207710266,-0.06507256627082825,0.9444276094436646,0.46848034858703613,0.833868682384491,0.33193057775497437,0.9192329049110413,0.5863983035087585,0.8525903820991516,-0.1893826574087143,0.982516348361969
37,1.2333333333333334,0.5065640211105347,0.3449084162712097,-0.468270480632782,0.999995231628418,0.5113903284072876,0.3332124352455139,-0.4286920726299286,0.9999898672103882,0.5188359022140503,0.3333459496498108,-0.4292125999927521,0.9999874234199524,0.525155782699585,0.3335326313972473,-0.42907872796058655,0.9999902844429016,0.48746180534362793,0.333119660615921,-0.4693208932876587,0.9999942779541016,0.47809186577796936,0.3332931101322174,-0.46997010707855225,0.9999952912330627,0.4680096209049225,0.3337829113006592,-0.4701496958732605,0.9999960064888,0.5211546421051025,0.33812037110328674,-0.18655185401439667,0.9999901652336121,0.444810152053833,0.33999350666999817,-0.3665839731693268,0.9999871253967285,0.5180648565292358,0.35798007249832153,-0.36633381247520447,0.9999696016311646,0.4910121560096741,0.3583747148513794,-0.42175135016441345,0.99997478723526,0.5144606828689575,0.4083974361419678,0.09593192487955093,0.9998192191123962,0.4164404571056366,0.41463905572891235,-0.41711124777793884,0.999945878982544,0.5554018616676331,0.4933391511440277,0.07266312092542648,0.1116168275475502,0.544642984867096,0.4880005717277527,-0.5463903546333313,0.9830986857414246,0.6772908568382263,0.4692439138889313,-0.22599750757217407,0.1795625388622284,0.7102030515670776,0.45294228196144104,-0.614624559879303,0.9660610556602478,0.7108736038208008,0.46018552780151367,-0.2664179503917694,0.23381274938583374,0.7484980821609497,0.44217896461486816,-0.6924008131027222,0.9560062289237976,0.7235996723175049,0.4485642910003662,-0.3091537356376648,0.2400454431772232,0.7478479146957397,0.4345570206642151,-0.6664305329322815,0.9570426940917969,0.7121425271034241,0.45430880784988403,-0.2518501579761505,0.23094676434993744,0.7374693155288696,0.43853870034217834,-0.6065450310707092,0.9329246282577515,0.5079348683357239,0.5898076891899109,0.177574023604393,0.9999518990516663,0.4414576590061188,0.5935664176940918,-0.1777786910533905,0.999962568283081,0.627422571182251,0.6897240877151489,0.12669837474822998,0.8079830408096313,0.5541384220123291,0.7073858380317688,-0.24406680464744568,0.9830577969551086,0.4949992597103119,0.7787290811538696,0.4050590395927429,0.8199775218963623,0.5064348578453064,0.8358686566352844,-0.06844665110111237,0.9848374128341675,0.4487335979938507,0.7826588749885559,0.430611789226532,0.8730016946792603,0.4761607348918915,0.8553134202957153,-0.05026067793369293,0.9437474012374878,0.5348193049430847,0.8223432302474976,0.3861829936504364,0.8829649090766907,0.5847145318984985,0.8561518788337708,-0.1759607046842575,0.981347382068634
38,1.2666666666666666,0.5119032859802246,0.34344354271888733,-0.4601916968822479,0.9999943971633911,0.5158535838127136,0.3313254415988922,-0.41451171040534973,0.9999895691871643,0.5234702825546265,0.3311842381954193,-0.4150291383266449,0.9999867081642151,0.5290930271148682,0.33100196719169617,-0.4148896038532257,0.9999898672103882,0.4917965829372406,0.3317403793334961,-0.4685617685317993,0.999994158744812,0.483309268951416,0.3320207893848419,-0.46931007504463196,0.9999951124191284,0.4732629954814911,0.33270788192749023,-0.46943625807762146,0.9999960064888,0.525763988494873,0.334320604801178,-0.1810498833656311,0.9999895095825195,0.45164498686790466,0.33925265073776245,-0.3429393470287323,0.9999868273735046,0.5230532884597778,0.35549256205558777,-0.3549438714981079,0.9999623894691467,0.49646157026290894,0.35770517587661743,-0.4197348356246948,0.999970018863678,0.529322624206543,0.4080897271633148,0.05899237096309662,0.9998195767402649,0.4163419008255005,0.41361871361732483,-0.3703188896179199,0.9999476075172424,0.5546761751174927,0.49417394399642944,0.016369767487049103,0.10413147509098053,0.5446980595588684,0.48745909333229065,-0.49602508544921875,0.9836484789848328,0.5897915959358215,0.4743928015232086,-0.2649732530117035,0.16477473080158234,0.7023640275001526,0.43275007605552673,-0.5946869254112244,0.9689781069755554,0.6005014777183533,0.4679201543331146,-0.3104585111141205,0.2173978090286255,0.7421073913574219,0.42168474197387695,-0.6730563044548035,0.9597958922386169,0.6071507930755615,0.47230225801467896,-0.3377906084060669,0.22279740869998932,0.7351004481315613,0.41194456815719604,-0.6523794531822205,0.9606826901435852,0.601806104183197,0.4751605987548828,-0.2824140191078186,0.21362215280532837,0.7241880893707275,0.4154970645904541,-0.5894923210144043,0.938101053237915,0.5228605270385742,0.5889560580253601,0.1557036191225052,0.999955415725708,0.4492374062538147,0.5925132036209106,-0.1558550000190735,0.9999657273292542,0.6510797739028931,0.6841868758201599,0.10219955444335938,0.8072582483291626,0.5500192046165466,0.7090359330177307,-0.2571633458137512,0.9837199449539185,0.5660112500190735,0.7826216816902161,0.3623082935810089,0.8163060545921326,0.5008435249328613,0.8347052335739136,-0.09614934772253036,0.985031247138977,0.5357584953308105,0.7915477752685547,0.37603938579559326,0.8674047589302063,0.4668143391609192,0.8548296093940735,-0.07911542057991028,0.9416983723640442,0.6364506483078003,0.8253316879272461,0.3335997760295868,0.8816260695457458,0.5751273036003113,0.865287184715271,-0.23114807903766632,0.9815047383308411
39,1.3,0.5170781016349792,0.3394770622253418,-0.3592863380908966,0.9999925494194031,0.5221010446548462,0.32751455903053284,-0.3218159079551697,0.9999879002571106,0.5302680134773254,0.32724887132644653,-0.32233020663261414,0.9999834895133972,0.5353046655654907,0.32710084319114685,-0.3222118318080902,0.9999877214431763,0.4966185390949249,0.32819947600364685,-0.35079216957092285,0.9999934434890747,0.4887697398662567,0.3286530673503876,-0.35137078166007996,0.9999944567680359,0.47828054428100586,0.3294154405593872,-0.35158565640449524,0.999995768070221,0.5343011021614075,0.33055105805397034,-0.1222820058465004,0.9999863505363464,0.45786920189857483,0.33543530106544495,-0.23281951248645782,0.9999856352806091,0.5291628241539001,0.35144907236099243,-0.27231740951538086,0.9999473094940186,0.501146674156189,0.3547082543373108,-0.31165817379951477,0.9999610185623169,0.5478082895278931,0.4064001142978668,0.1042497530579567,0.9998080134391785,0.41468241810798645,0.41277146339416504,-0.2811479866504669,0.9999503493309021,0.5467581748962402,0.4935911297798157,0.11495833098888397,0.09616176038980484,0.5408650636672974,0.4726353585720062,-0.4138650596141815,0.9849516153335571,0.5859999060630798,0.5185406804084778,-0.08098601549863815,0.14978519082069397,0.6865084767341614,0.41478246450424194,-0.49571582674980164,0.9719746708869934,0.5442221164703369,0.532760739326477,-0.1095426008105278,0.19859881699085236,0.7188226580619812,0.39954066276550293,-0.5667248964309692,0.9636330604553223,0.5475752949714661,0.5236431360244751,-0.13923302292823792,0.2033543437719345,0.7125400304794312,0.39089328050613403,-0.5432352423667908,0.964411199092865,0.551709771156311,0.5180331468582153,-0.096229687333107,0.19483508169651031,0.7026132345199585,0.39557987451553345,-0.48856356739997864,0.9437697529792786,0.5435327291488647,0.5851388573646545,0.13921140134334564,0.9999578595161438,0.45905277132987976,0.5920701026916504,-0.13943345844745636,0.999968409538269,0.6693400144577026,0.6792093515396118,-0.03457772359251976,0.8094766736030579,0.5445719957351685,0.7099887728691101,-0.20515090227127075,0.9824674129486084,0.6077600121498108,0.7850644588470459,0.1984276920557022,0.8104976415634155,0.4978572130203247,0.8347421884536743,-0.04602155089378357,0.9828420877456665,0.5766895413398743,0.8039627075195312,0.21482913196086884,0.8595755100250244,0.4693816304206848,0.8535317182540894,-0.032712094485759735,0.9269976019859314,0.6950104832649231,0.8284021615982056,0.09861358255147934,0.8789286613464355,0.573578417301178,0.8648549914360046,-0.21573975682258606,0.9789694547653198
40,1.3333333333333333,0.5210797786712646,0.33362138271331787,-0.3453771471977234,0.9999842643737793,0.5271103382110596,0.3217586278915405,-0.30837222933769226,0.9999779462814331,0.5358054041862488,0.3220599293708801,-0.30891960859298706,0.9999672174453735,0.5413339138031006,0.32250696420669556,-0.3088360130786896,0.9999773502349854,0.5007298588752747,0.3222794532775879,-0.33106109499931335,0.9999879598617554,0.4933881163597107,0.3229551613330841,-0.3316178321838379,0.9999892711639404,0.48269355297088623,0.32397300004959106,-0.331881582736969,0.9999929666519165,0.5423703789710999,0.32667165994644165,-0.11119736731052399,0.999971866607666,0.4626293182373047,0.3308880031108856,-0.2024863362312317,0.9999747276306152,0.534123420715332,0.34592247009277344,-0.26207390427589417,0.9998949766159058,0.5045468807220459,0.3487298786640167,-0.29400891065597534,0.9999229907989502,0.5678898096084595,0.4008530080318451,0.07589364796876907,0.999789297580719,0.41278746724128723,0.41109737753868103,-0.22846999764442444,0.999947726726532,0.5560545325279236,0.4952239394187927,0.09449820965528488,0.08931440860033035,0.5330202579498291,0.4636618494987488,-0.34986555576324463,0.985772967338562,0.5639543533325195,0.5376782417297363,-0.06527715176343918,0.13626837730407715,0.6847718358039856,0.4011210501194,-0.4184580445289612,0.974518895149231,0.5306254625320435,0.5555325150489807,-0.08843884617090225,0.1813591718673706,0.6980441212654114,0.3817400336265564,-0.4793510437011719,0.9667772650718689,0.5343828201293945,0.5451602339744568,-0.11638332903385162,0.18559212982654572,0.6793570518493652,0.37422460317611694,-0.4574156105518341,0.9674275517463684,0.539258599281311,0.5383001565933228,-0.0779465064406395,0.17773693799972534,0.6746313571929932,0.38075870275497437,-0.4119405448436737,0.9481436014175415,0.5638512372970581,0.5813705325126648,0.10734738409519196,0.9999580979347229,0.4652189612388611,0.5897029042243958,-0.1076548770070076,0.9999695420265198,0.6781644225120544,0.678425669670105,-0.06100081279873848,0.8063803911209106,0.539048969745636,0.7079681158065796,-0.11670250445604324,0.9737863540649414,0.6541942954063416,0.7861490845680237,0.1805911660194397,0.8025829792022705,0.5064326524734497,0.8270425796508789,0.13912513852119446,0.9695603847503662,0.6195167899131775,0.8065218925476074,0.1973951756954193,0.8413801789283752,0.48131975531578064,0.843845546245575,0.1622893512248993,0.8809688091278076,0.7316263914108276,0.8289092779159546,0.07402268797159195,0.8711640238761902,0.5711179971694946,0.8641821146011353,0.018269376829266548,0.9640331864356995
41,1.3666666666666667,0.5234887003898621,0.32871606945991516,-0.22611305117607117,0.9999252557754517,0.5295413732528687,0.3161088824272156,-0.19707725942134857,0.999896764755249,0.539488673210144,0.31638941168785095,-0.1976529061794281,0.9998403191566467,0.5459430813789368,0.31694307923316956,-0.19759714603424072,0.9999004006385803,0.5036348700523376,0.31716281175613403,-0.21396954357624054,0.9999450445175171,0.495840460062027,0.31780344247817993,-0.21456196904182434,0.9999476075172424,0.4855276346206665,0.31877782940864563,-0.21486878395080566,0.9999699592590332,0.5475913286209106,0.3220330774784088,-0.03269854560494423,0.9998851418495178,0.46678033471107483,0.3264598846435547,-0.10223474353551865,0.9999047517776489,0.5384869575500488,0.34111329913139343,-0.15748365223407745,0.99967360496521,0.5086472630500793,0.34275710582733154,-0.18157297372817993,0.9997397065162659,0.5900261998176575,0.39426830410957336,0.08066505193710327,0.9997743368148804,0.41097238659858704,0.4046216905117035,-0.11351306736469269,0.9999381303787231,0.5755313634872437,0.4863716661930084,0.04810718446969986,0.0826597511768341,0.5127207636833191,0.45286446809768677,-0.277336984872818,0.9833737015724182,0.5479918718338013,0.5298218727111816,-0.12191827595233917,0.12367012351751328,0.6074962019920349,0.38137087225914,-0.39318960905075073,0.9756177067756653,0.5277595520019531,0.5479632616043091,-0.14884619414806366,0.1652206927537918,0.6201250553131104,0.36381927132606506,-0.4478631019592285,0.9680565595626831,0.5293548703193665,0.5382072329521179,-0.16742506623268127,0.16903278231620789,0.6090909242630005,0.3561353385448456,-0.4273454546928406,0.9684106707572937,0.5344486236572266,0.5314921140670776,-0.13081258535385132,0.16180427372455597,0.603845477104187,0.36293211579322815,-0.3883140981197357,0.9486875534057617,0.5843872427940369,0.575079083442688,0.06108207628130913,0.9999590516090393,0.4750281572341919,0.5845924615859985,-0.06145445629954338,0.999970555305481,0.6781600117683411,0.680509090423584,0.0033384289126843214,0.7687886953353882,0.5405159592628479,0.7065778970718384,-0.07479585707187653,0.9398357272148132,0.6657899022102356,0.7872920632362366,0.18780171871185303,0.7777154445648193,0.5092266798019409,0.819490909576416,0.11998947709798813,0.9373329877853394,0.6344650983810425,0.8075135350227356,0.1981583535671234,0.7985823750495911,0.4928695261478424,0.8343648910522461,0.13765959441661835,0.8174290657043457,0.7326311469078064,0.8300790786743164,0.08730941265821457,0.8478498458862305,0.530514121055603,0.8616619110107422,0.025319350883364677,0.9323537945747375
42,1.4,0.5298320651054382,0.3215682804584503,-0.12416616082191467,0.9992146492004395,0.5336401462554932,0.31126323342323303,-0.09577669203281403,0.9990096092224121,0.5425772666931152,0.31163474917411804,-0.09639669209718704,0.9985466599464417,0.5487440228462219,0.3119107782840729,-0.09638971835374832,0.9992539286613464,0.5099596381187439,0.31164056062698364,-0.10874366760253906,0.9992905855178833,0.5021700263023376,0.31232699751853943,-0.10936661064624786,0.9992477297782898,0.49222615361213684,0.31351202726364136,-0.10972009599208832,0.9995754957199097,0.5501649379730225,0.31777286529541016,0.06018992140889168,0.999255895614624,0.4738105833530426,0.3210104703903198,0.005221328232437372,0.9984729290008545,0.5403075814247131,0.33454906940460205,-0.05978694558143616,0.998067319393158,0.5129807591438293,0.3356166481971741,-0.07960309088230133,0.9977120161056519,0.6101956963539124,0.3888416290283203,0.11267759650945663,0.9997355937957764,0.41107839345932007,0.3986341059207916,-0.0019038069294765592,0.9998445510864258,0.6017704606056213,0.4640011787414551,0.11338670551776886,0.07633702456951141,0.47174161672592163,0.44853878021240234,-0.19416287541389465,0.9471120238304138,0.5756537318229675,0.5257810354232788,0.09043525904417038,0.1119435504078865,0.5318795442581177,0.3703296184539795,-0.3535563349723816,0.9331061244010925,0.5684916377067566,0.5444033741950989,0.08133883029222488,0.14981253445148468,0.5470473766326904,0.3526863157749176,-0.4031562805175781,0.9262910485267639,0.566455602645874,0.536979615688324,0.058486249297857285,0.15325136482715607,0.5302450656890869,0.34261876344680786,-0.3913383185863495,0.9240867495536804,0.5653696656227112,0.5293359756469727,0.08297603577375412,0.14673830568790436,0.5268243551254272,0.34806716442108154,-0.35476139187812805,0.8964837789535522,0.5991277694702148,0.5698593854904175,0.05098426714539528,0.9999603629112244,0.4840058982372284,0.5773283839225769,-0.05140744894742966,0.9999706149101257,0.6827676892280579,0.6851247549057007,0.0011616453994065523,0.7296881079673767,0.5385347604751587,0.7061781287193298,-0.05600281432271004,0.898393988609314,0.6690769195556641,0.7888842821121216,0.18540823459625244,0.756866455078125,0.5163033604621887,0.8139914274215698,0.13695096969604492,0.9088487029075623,0.641390860080719,0.8074453473091125,0.19484789669513702,0.7519847750663757,0.5046424269676208,0.8273167610168457,0.1537659466266632,0.7577533721923828,0.7368403077125549,0.830405056476593,0.057387128472328186,0.8227507472038269,0.5342486500740051,0.8606590032577515,0.01997264102101326,0.8983144164085388
43,1.4333333333333333,0.528472363948822,0.31955665349960327,-0.14692577719688416,0.9988566637039185,0.5368678569793701,0.30715668201446533,-0.1214088723063469,0.9984930157661438,0.5452256798744202,0.307086706161499,-0.12202953547239304,0.9976929426193237,0.5528061985969543,0.30710500478744507,-0.1220288947224617,0.9988126754760742,0.5121232867240906,0.3079614043235779,-0.12878002226352692,0.9990021586418152,0.5024536848068237,0.30866777896881104,-0.12943020462989807,0.9989465475082397,0.49368444085121155,0.309596985578537,-0.12979494035243988,0.9994232654571533,0.5578941106796265,0.3120485544204712,0.030970534309744835,0.9988108277320862,0.48004263639450073,0.3166688084602356,0.0002908034948632121,0.9979186654090881,0.5412397384643555,0.33071810007095337,-0.0836653783917427,0.9973418116569519,0.5129899382591248,0.33207565546035767,-0.09621001034975052,0.9969832301139832,0.623799204826355,0.38134700059890747,0.11201461404561996,0.999692976474762,0.41284018754959106,0.3927943706512451,0.01685263216495514,0.9998155236244202,0.6396340131759644,0.45450863242149353,0.1382548063993454,0.07166729122400284,0.44567471742630005,0.44942569732666016,-0.1818346232175827,0.9389035105705261,0.5933569669723511,0.5062516331672668,0.14028231799602509,0.10197103768587112,0.46349504590034485,0.35867947340011597,-0.40940505266189575,0.9358969330787659,0.5791513919830322,0.5307515263557434,0.1380680650472641,0.13675138354301453,0.45377954840660095,0.33676421642303467,-0.4670371115207672,0.9291709661483765,0.573917031288147,0.5266364812850952,0.11478915810585022,0.13983851671218872,0.44335877895355225,0.33319875597953796,-0.4579850435256958,0.9268179535865784,0.5740864872932434,0.5199853181838989,0.13392771780490875,0.13395166397094727,0.45119255781173706,0.3404492437839508,-0.4135604500770569,0.8987178206443787,0.6136273145675659,0.5662037134170532,0.0318668894469738,0.9999597072601318,0.489973247051239,0.5732767581939697,-0.032297294586896896,0.9999703168869019,0.6822765469551086,0.6913524270057678,0.010413219220936298,0.6903044581413269,0.5363466739654541,0.70436030626297,-0.03951575979590416,0.8616246581077576,0.6725953221321106,0.789763331413269,0.20468200743198395,0.7330395579338074,0.5322872996330261,0.811229407787323,0.12192251533269882,0.886363685131073,0.6472283005714417,0.8074772953987122,0.21530985832214355,0.7072435021400452,0.5300447344779968,0.8238307237625122,0.13557960093021393,0.7094470262527466,0.7335185408592224,0.8310161828994751,0.09026946127414703,0.7953165769577026,0.5469081401824951,0.8597335815429688,0.001663269940763712,0.8718574047088623
44,1.4666666666666666,0.5290781855583191,0.3147178292274475,-0.19292370975017548,0.9988480806350708,0.5389596819877625,0.3023674786090851,-0.15776334702968597,0.9984064698219299,0.5471057295799255,0.3024442791938782,-0.1583557426929474,0.9975471496582031,0.554689347743988,0.30259886384010315,-0.15828964114189148,0.9987277984619141,0.5117449164390564,0.30368196964263916,-0.16331736743450165,0.9989721179008484,0.5023648738861084,0.30478256940841675,-0.1639459878206253,0.9989237189292908,0.49339452385902405,0.30588942766189575,-0.16431522369384766,0.9994112253189087,0.5585820078849792,0.30759313702583313,0.023745065554976463,0.9986911416053772,0.4771665930747986,0.3127776086330414,0.004462641663849354,0.9978247880935669,0.5431320071220398,0.32646194100379944,-0.11959926784038544,0.9972619414329529,0.513264000415802,0.32872793078422546,-0.13013654947280884,0.9969365000724792,0.6336628198623657,0.3755110204219818,0.1142236515879631,0.9996646046638489,0.42261555790901184,0.3915610611438751,0.04696481674909592,0.9997996687889099,0.6941249370574951,0.4363119602203369,0.2650088667869568,0.07038231194019318,0.39238396286964417,0.4407728314399719,-0.1773347705602646,0.9359235763549805,0.6207563281059265,0.49171727895736694,0.31478995084762573,0.0949258804321289,0.3918445110321045,0.34861162304878235,-0.45861637592315674,0.9403818249702454,0.6047784686088562,0.5116416811943054,0.3237892687320709,0.12750400602817535,0.3802759349346161,0.3274765610694885,-0.5222004055976868,0.933733344078064,0.5968069434165955,0.5082806348800659,0.2950209975242615,0.13033756613731384,0.3804609179496765,0.3232394754886627,-0.5041868686676025,0.9313600063323975,0.6001589298248291,0.50153648853302,0.3088536262512207,0.12488627433776855,0.39019933342933655,0.3305167555809021,-0.4574362337589264,0.9046165943145752,0.625214159488678,0.5626771450042725,0.028354085981845856,0.9999577403068542,0.4986041486263275,0.5704275965690613,-0.028728535398840904,0.9999691247940063,0.6848875880241394,0.6921111941337585,-0.005732064135372639,0.6652044653892517,0.5367412567138672,0.6997250318527222,-0.08841563761234283,0.8343972563743591,0.6781609654426575,0.7900317311286926,0.21794387698173523,0.7308230400085449,0.5602394342422485,0.8083151578903198,0.08157652616500854,0.8774982690811157,0.6535835266113281,0.807487964630127,0.22877541184425354,0.67928546667099,0.5757821798324585,0.8198271989822388,0.09549622982740402,0.68063884973526,0.7298544049263,0.831584632396698,0.07317054271697998,0.7857005596160889,0.5713399648666382,0.8554137945175171,-0.043967947363853455,0.8589447736740112
45,1.5,0.5286560654640198,0.3136219084262848,-0.23892518877983093,0.9988832473754883,0.5376314520835876,0.3013041615486145,-0.20036356151103973,0.9983733892440796,0.5473216772079468,0.3010891079902649,-0.20091283321380615,0.9975265264511108,0.556190013885498,0.3012104630470276,-0.20082630217075348,0.9986990690231323,0.5116168260574341,0.30303364992141724,-0.21664538979530334,0.9989596605300903,0.502773642539978,0.3040005564689636,-0.2172825038433075,0.9989280700683594,0.4943534731864929,0.305000364780426,-0.21763238310813904,0.9994074702262878,0.5610422492027283,0.3061062693595886,0.021144326776266098,0.998671293258667,0.4828144609928131,0.3107258975505829,-0.024012835696339607,0.9977768063545227,0.5448347330093384,0.32526081800460815,-0.15536706149578094,0.9973339438438416,0.5165956020355225,0.3264431357383728,-0.177463561296463,0.9970238208770752,0.6387924551963806,0.37266021966934204,0.09319647401571274,0.9996480345726013,0.4351416230201721,0.3864680230617523,0.0743454098701477,0.9997776746749878,0.7275135517120361,0.4287354350090027,0.2572464942932129,0.08707968890666962,0.36581772565841675,0.4332374930381775,-0.1063561886548996,0.9296900629997253,0.650266706943512,0.4852754473686218,0.29282182455062866,0.09654280543327332,0.3451387286186218,0.3462749421596527,-0.43671146035194397,0.9431442618370056,0.6312272548675537,0.5042310953140259,0.29364123940467834,0.12846191227436066,0.3278823494911194,0.3271602690219879,-0.5117077231407166,0.9367626309394836,0.6228189468383789,0.5003454685211182,0.2623841464519501,0.13134875893592834,0.3264770805835724,0.32132023572921753,-0.5035473108291626,0.9343356490135193,0.6274949908256531,0.4937838613986969,0.286184698343277,0.1256805956363678,0.3383636474609375,0.328676700592041,-0.4449034333229065,0.9088559150695801,0.6298314332962036,0.562000572681427,0.0088594825938344,0.9999547004699707,0.5053743720054626,0.5686652660369873,-0.00917856115847826,0.9999669790267944,0.6842681765556335,0.6919922232627869,-0.005605265032500029,0.6758773326873779,0.5398784875869751,0.6986228227615356,-0.05546608567237854,0.8303373456001282,0.6881468296051025,0.7905637621879578,0.33547142148017883,0.7454741597175598,0.5872040390968323,0.8093371391296387,0.17992626130580902,0.8825286626815796,0.666871964931488,0.8065037727355957,0.3582010865211487,0.677521288394928,0.6119391322135925,0.819930911064148,0.1950504034757614,0.6808353662490845,0.7329727411270142,0.8334255218505859,0.1610690802335739,0.7914022207260132,0.578243613243103,0.8545096516609192,-0.013598345220088959,0.860737144947052
46,1.5333333333333334,0.5282827019691467,0.31137678027153015,-0.20474666357040405,0.9989668726921082,0.538442850112915,0.2995547950267792,-0.1723794937133789,0.998462438583374,0.5485975742340088,0.2996470630168915,-0.1729014366865158,0.9976704716682434,0.5589801669120789,0.29971176385879517,-0.17276683449745178,0.9987697005271912,0.5106822848320007,0.300891250371933,-0.16583141684532166,0.9990207552909851,0.5028334856033325,0.30183058977127075,-0.16647161543369293,0.9989945888519287,0.49492332339286804,0.3026413917541504,-0.16676965355873108,0.9994425773620605,0.5663386583328247,0.3054964244365692,0.007554416079074144,0.9987328052520752,0.4827738404273987,0.3096007704734802,0.03892204910516739,0.9978898763656616,0.5475743412971497,0.32295408844947815,-0.1335562765598297,0.9975373148918152,0.5164620876312256,0.3248010277748108,-0.1283923089504242,0.997255802154541,0.6387864947319031,0.3712303638458252,0.09894649684429169,0.9996612668037415,0.44457894563674927,0.3856225609779358,0.14439335465431213,0.9997785091400146,0.7474584579467773,0.4265668988227844,0.22478468716144562,0.10856889933347702,0.34677278995513916,0.42989620566368103,0.029981393367052078,0.9204140305519104,0.6630454659461975,0.4851977229118347,0.2099582403898239,0.10139928758144379,0.3136424720287323,0.34535473585128784,-0.2375802844762802,0.9451558589935303,0.643804669380188,0.5038744211196899,0.2126287817955017,0.13425128161907196,0.2979467809200287,0.32566314935684204,-0.30254337191581726,0.9390885829925537,0.6333408355712891,0.5001205205917358,0.16762585937976837,0.13693703711032867,0.2981560528278351,0.32144469022750854,-0.30042219161987305,0.9365252256393433,0.6383716464042664,0.4940090775489807,0.19334477186203003,0.13058505952358246,0.30908313393592834,0.3285199701786041,-0.24789339303970337,0.9124479293823242,0.6364110112190247,0.562907338142395,-0.002069666516035795,0.9999555349349976,0.5120173692703247,0.5689479112625122,0.0016643726266920567,0.9999678730964661,0.6847820281982422,0.6940644979476929,-0.01347095612436533,0.678342878818512,0.5492157340049744,0.6984783411026001,-0.043934416025877,0.822562038898468,0.7027766704559326,0.790524959564209,0.35283362865448,0.749606728553772,0.6123167872428894,0.810421347618103,0.19444787502288818,0.8824962973594666,0.6887543797492981,0.8029817342758179,0.3790994882583618,0.660071611404419,0.6354303956031799,0.8206886053085327,0.21108832955360413,0.6671525835990906,0.7324021458625793,0.8360170125961304,0.2011823207139969,0.788205087184906,0.6355928182601929,0.8575268983840942,0.010032613761723042,0.856462299823761
47,1.5666666666666667,0.526679277420044,0.3127595782279968,-0.22685682773590088,0.9990595579147339,0.5369502305984497,0.3009287714958191,-0.18594224750995636,0.9985867738723755,0.547788143157959,0.3006640076637268,-0.18649278581142426,0.9978677034378052,0.5573381781578064,0.30048471689224243,-0.18649397790431976,0.9988691210746765,0.5096816420555115,0.30208662152290344,-0.20373791456222534,0.9991008043289185,0.5010895729064941,0.3028166592121124,-0.20436923205852509,0.9990799427032471,0.49306797981262207,0.30335479974746704,-0.20467036962509155,0.9994874596595764,0.5690889954566956,0.3056665062904358,-0.03040185570716858,0.9988375306129456,0.4823365807533264,0.3098808526992798,-2.4405606382060796e-05,0.9980614185333252,0.5454379916191101,0.3240959644317627,-0.1421939581632614,0.997759997844696,0.5144226551055908,0.3262920677661896,-0.16557277739048004,0.9975053668022156,0.6408429145812988,0.37206676602363586,0.060656819492578506,0.9996830821037292,0.44943830370903015,0.38732796907424927,0.11835148930549622,0.9997835159301758,0.7604882121086121,0.42882290482521057,0.1721659153699875,0.1471143662929535,0.3354071378707886,0.429254949092865,0.021189289167523384,0.9095983505249023,0.671553909778595,0.48893770575523376,0.16728876531124115,0.12604452669620514,0.29871803522109985,0.34844285249710083,-0.23371832072734833,0.9475592970848083,0.6501821875572205,0.5062644481658936,0.15435758233070374,0.1651151478290558,0.2816769778728485,0.3300972878932953,-0.29863062500953674,0.9422959685325623,0.6382554173469543,0.5020744800567627,0.13614889979362488,0.1684996485710144,0.2886480391025543,0.3259093165397644,-0.29268574714660645,0.9397247433662415,0.6436949968338013,0.49638429284095764,0.1705314815044403,0.1602872610092163,0.30131036043167114,0.3327782452106476,-0.24247631430625916,0.9175831079483032,0.642323911190033,0.5638022422790527,-0.006736269220709801,0.9999564290046692,0.518158495426178,0.569150447845459,0.006341756787151098,0.9999685287475586,0.6877508163452148,0.7012532353401184,-0.009101944044232368,0.6948123574256897,0.5634500980377197,0.700899600982666,0.02013132907450199,0.8230859041213989,0.7122124433517456,0.7908080220222473,0.41316452622413635,0.764012336730957,0.6312692761421204,0.810531735420227,0.323612779378891,0.8872631788253784,0.7036306858062744,0.801243007183075,0.44596391916275024,0.6604317426681519,0.6509506106376648,0.8190761804580688,0.3469827175140381,0.6669186353683472,0.7322767376899719,0.838132381439209,0.2599760591983795,0.797845184803009,0.6530070900917053,0.8575647473335266,0.1406278759241104,0.8599221110343933
48,1.6,0.5244033336639404,0.3142530024051666,-0.24053514003753662,0.9991502165794373,0.5356377363204956,0.30229490995407104,-0.19435803592205048,0.9987210035324097,0.5464187860488892,0.3019726574420929,-0.1948987990617752,0.9980723261833191,0.5553877353668213,0.30179446935653687,-0.1947886198759079,0.9989770650863647,0.5086912512779236,0.30344006419181824,-0.2148866057395935,0.9991852641105652,0.4999004304409027,0.3041577935218811,-0.21551460027694702,0.9991664290428162,0.4919927418231964,0.3045755624771118,-0.2157856822013855,0.9995344281196594,0.5677215456962585,0.30723029375076294,-0.08176130056381226,0.9989486932754517,0.4822380840778351,0.31110018491744995,-0.015981784090399742,0.9982382655143738,0.5441514849662781,0.32589101791381836,-0.17064575850963593,0.9979768991470337,0.5131920576095581,0.32769304513931274,-0.17748399078845978,0.9977452158927917,0.6382991075515747,0.3741537630558014,-0.007485431618988514,0.9997106194496155,0.45410165190696716,0.3883783221244812,0.11024875938892365,0.9997891187667847,0.7661504149436951,0.431483656167984,0.052822742611169815,0.20900700986385345,0.3333958387374878,0.42981424927711487,0.047688618302345276,0.9007714986801147,0.6810875535011292,0.49079591035842896,-0.0033950740471482277,0.18374279141426086,0.30674490332603455,0.35118967294692993,-0.15332411229610443,0.9485846757888794,0.6590264439582825,0.5077504515647888,-0.022530879825353622,0.22423213720321655,0.29109805822372437,0.33374646306037903,-0.2044564187526703,0.9439147114753723,0.6456877589225769,0.5031347274780273,-0.0356583371758461,0.22779330611228943,0.2999240756034851,0.33036455512046814,-0.20258380472660065,0.9412661194801331,0.6509295701980591,0.49701911211013794,-0.003240841906517744,0.21713943779468536,0.3118862509727478,0.33679714798927307,-0.1629999428987503,0.9209831357002258,0.6411256790161133,0.5642400979995728,-0.023578887805342674,0.9999575018882751,0.5225939154624939,0.5714417695999146,0.02317579835653305,0.9999686479568481,0.690679669380188,0.7012690305709839,0.0004015218000859022,0.7092923521995544,0.5767476558685303,0.7030584216117859,0.047734424471855164,0.822837769985199,0.7240378260612488,0.7909303903579712,0.36241158843040466,0.7795675992965698,0.648023247718811,0.8103629946708679,0.28917214274406433,0.89117032289505,0.7178046107292175,0.7998179197311401,0.3859240710735321,0.6664786338806152,0.6647578477859497,0.8176277875900269,0.3069218695163727,0.6703054904937744,0.736728847026825,0.8393831253051758,0.22483831644058228,0.8096740245819092,0.6697174310684204,0.8602837324142456,0.12561699748039246,0.8642655611038208
49,1.6333333333333333,0.5148558616638184,0.31453171372413635,-0.24182210862636566,0.9992324709892273,0.5298677682876587,0.30304068326950073,-0.2141883820295334,0.9988442063331604,0.5409319400787354,0.302894651889801,-0.21469646692276,0.9982587695121765,0.5510046482086182,0.30280405282974243,-0.2145165503025055,0.9990755915641785,0.5058793425559998,0.3035171329975128,-0.21715709567070007,0.9992634057998657,0.49803483486175537,0.30450814962387085,-0.2178032100200653,0.9992462992668152,0.4904531240463257,0.30530744791030884,-0.21807435154914856,0.9995786547660828,0.5647074580192566,0.3075932562351227,-0.09795520454645157,0.9990502595901489,0.48172205686569214,0.31121742725372314,0.010507346130907536,0.9984053373336792,0.5360703468322754,0.3265892565250397,-0.19286169111728668,0.998173713684082,0.5087395310401917,0.32798293232917786,-0.1792028397321701,0.9979642033576965,0.6319593787193298,0.37460464239120483,-0.03231072425842285,0.9997339248657227,0.46251505613327026,0.3942488729953766,0.1765342652797699,0.9997994899749756,0.7625529766082764,0.4350410997867584,0.07177464663982391,0.26207026839256287,0.3409198820590973,0.43194466829299927,0.1525786966085434,0.8930287957191467,0.6786770820617676,0.49702924489974976,0.12167765200138092,0.20082883536815643,0.3291400372982025,0.3572378158569336,-0.03495198115706444,0.9484015107154846,0.6549845337867737,0.5079898238182068,0.12027816474437714,0.23940043151378632,0.31744810938835144,0.3405631482601166,-0.08075276762247086,0.9436336159706116,0.6440302133560181,0.5054963827133179,0.1123424842953682,0.24219924211502075,0.3298549950122833,0.337151437997818,-0.07543753832578659,0.9406787753105164,0.6500623822212219,0.5025259256362915,0.12874655425548553,0.2301677167415619,0.33884233236312866,0.343139111995697,-0.04301219433546066,0.9213677048683167,0.6399133801460266,0.571344256401062,-0.06376680731773376,0.9999593496322632,0.5279673933982849,0.5788066387176514,0.06341557204723358,0.9999701380729675,0.6903247237205505,0.7072159647941589,-0.05070127546787262,0.730087161064148,0.5808166265487671,0.7094962000846863,0.11190057545900345,0.823634147644043,0.7358897924423218,0.7911072969436646,0.3435271978378296,0.7956457734107971,0.6624719500541687,0.8104985952377319,0.350186288356781,0.8966220021247864,0.7371928691864014,0.7962982058525085,0.3648100197315216,0.6791207790374756,0.6777302026748657,0.8190449476242065,0.3676222562789917,0.6832585334777832,0.7441580295562744,0.8395055532455444,0.21584981679916382,0.8223952651023865,0.6689427495002747,0.8615967631340027,0.18784227967262268,0.8714714050292969
50,1.6666666666666667,0.5004085302352905,0.32171469926834106,-0.32222825288772583,0.999308168888092,0.5165793299674988,0.30932334065437317,-0.3029768466949463,0.9989582896232605,0.52769535779953,0.3085344731807709,-0.30356264114379883,0.9984312057495117,0.5379765629768372,0.3081572651863098,-0.3034135699272156,0.9991668462753296,0.4935958981513977,0.3118308186531067,-0.26718878746032715,0.9993358254432678,0.48814278841018677,0.31262463331222534,-0.26785141229629517,0.9993204474449158,0.48291489481925964,0.3130268454551697,-0.26811763644218445,0.9996199011802673,0.5618380904197693,0.3142087459564209,-0.182159423828125,0.999144434928894,0.48043593764305115,0.3194063901901245,-0.014517574571073055,0.9985623955726624,0.5234614610671997,0.3345775902271271,-0.2728346288204193,0.9983546137809753,0.4966277778148651,0.33567526936531067,-0.22633245587348938,0.9981656670570374,0.6256447434425354,0.3813006281852722,-0.12525741755962372,0.9997575879096985,0.46725621819496155,0.40521302819252014,0.1926610916852951,0.9998148679733276,0.757621705532074,0.4357578754425049,-0.010954862460494041,0.3248419761657715,0.35190021991729736,0.4337379038333893,0.3077932596206665,0.885566234588623,0.6755553483963013,0.5079148411750793,0.14234408736228943,0.21719397604465485,0.34807080030441284,0.3615826666355133,0.2597508728504181,0.948495090007782,0.6522725224494934,0.5166928768157959,0.1449955254793167,0.2526072859764099,0.345443993806839,0.34495535492897034,0.2370322048664093,0.9440302848815918,0.6431441307067871,0.5147267580032349,0.13642562925815582,0.2548629641532898,0.35562455654144287,0.3412584662437439,0.24275167286396027,0.9409601092338562,0.649007260799408,0.5125529766082764,0.14894971251487732,0.24179962277412415,0.3613055646419525,0.34705114364624023,0.25533631443977356,0.9225867390632629,0.6387813687324524,0.5818225145339966,-0.10841502249240875,0.9999616146087646,0.532515823841095,0.5888193845748901,0.10811206698417664,0.9999721050262451,0.6832422614097595,0.7125928401947021,-0.16499969363212585,0.7546513676643372,0.5824034214019775,0.7191458344459534,0.18564575910568237,0.8351433277130127,0.737585723400116,0.7739876508712769,0.3761087656021118,0.8108071088790894,0.6665470004081726,0.8121150732040405,0.42285484075546265,0.9052131175994873,0.7396551370620728,0.7682989239692688,0.4277844727039337,0.697951078414917,0.6817712783813477,0.8202980756759644,0.4417518079280853,0.7090168595314026,0.761970579624176,0.8241497874259949,0.33538389205932617,0.8352559208869934,0.6630357503890991,0.8621358871459961,0.29767072200775146,0.8823119401931763
51,1.7,0.48036596179008484,0.3314917981624603,-0.35203033685684204,0.9993755221366882,0.4944669008255005,0.31818240880966187,-0.3439303934574127,0.9990600943565369,0.5052874088287354,0.3176058828830719,-0.34451913833618164,0.9985853433609009,0.5144674181938171,0.3173280358314514,-0.34444114565849304,0.9992483854293823,0.4792860746383667,0.32011789083480835,-0.2945300340652466,0.9993998408317566,0.4750087261199951,0.3208695948123932,-0.295198529958725,0.9993857741355896,0.4711710512638092,0.3213602602481842,-0.295449823141098,0.9996560215950012,0.5491440892219543,0.32229506969451904,-0.26222607493400574,0.9992287755012512,0.4796487092971802,0.32735055685043335,-0.026450201869010925,0.9987009763717651,0.5010556578636169,0.34534507989883423,-0.3154633939266205,0.9985162019729614,0.4819643199443817,0.344778835773468,-0.2534884810447693,0.9983448386192322,0.6220790147781372,0.3901420831680298,-0.24755513668060303,0.9997788667678833,0.476640909910202,0.4111725687980652,0.19576193392276764,0.9998281002044678,0.752885103225708,0.4414147436618805,-0.20437531173229218,0.38444650173187256,0.36125463247299194,0.43500861525535583,0.32837915420532227,0.8739203810691833,0.6796073317527771,0.5143646001815796,-0.06837237626314163,0.23631662130355835,0.3573675751686096,0.36457186937332153,0.28030067682266235,0.9471356868743896,0.6553097367286682,0.5224219560623169,-0.07617589831352234,0.26513174176216125,0.36327221989631653,0.34550240635871887,0.264593243598938,0.9421655535697937,0.6465780138969421,0.5190432071685791,-0.07650334388017654,0.2654535174369812,0.3716985881328583,0.34150636196136475,0.26406362652778625,0.9389188885688782,0.6524925827980042,0.516818642616272,-0.05976226553320885,0.2493034303188324,0.3764580488204956,0.34731826186180115,0.2728378176689148,0.9207465052604675,0.6389693021774292,0.5883042812347412,-0.14916527271270752,0.9999632239341736,0.5394217371940613,0.5943812131881714,0.14880886673927307,0.9999737739562988,0.6433031558990479,0.7201151251792908,-0.2476952224969864,0.7737997174263,0.5792847275733948,0.72368985414505,0.16476574540138245,0.8403608798980713,0.7439863681793213,0.7482380867004395,0.35752159357070923,0.8076915740966797,0.6662963628768921,0.8144943118095398,0.35786786675453186,0.9096617102622986,0.7619518041610718,0.7285312414169312,0.40517184138298035,0.6970680952072144,0.6884343028068542,0.8262181282043457,0.374719500541687,0.7286175489425659,0.7790042161941528,0.8091275095939636,0.38454726338386536,0.8323253989219666,0.6567023992538452,0.8644668459892273,0.2880418002605438,0.8889715671539307
52,1.7333333333333334,0.4674857258796692,0.33388715982437134,-0.40590015053749084,0.9994357228279114,0.4827754497528076,0.3203890025615692,-0.403743714094162,0.9991512894630432,0.49013832211494446,0.3201958239078522,-0.4043596386909485,0.998723566532135,0.500089704990387,0.31996724009513855,-0.40431708097457886,0.9993213415145874,0.46807533502578735,0.3217930197715759,-0.34630876779556274,0.9994571208953857,0.46564722061157227,0.32216018438339233,-0.3469729423522949,0.999444305896759,0.4631402790546417,0.32244035601615906,-0.3472326993942261,0.9996883273124695,0.5365381836891174,0.3255680203437805,-0.33742964267730713,0.9993045330047607,0.47915929555892944,0.32889217138290405,-0.06725303083658218,0.9988253116607666,0.4873411953449249,0.3475859463214874,-0.37366077303886414,0.9986602663993835,0.47079166769981384,0.34629711508750916,-0.3020267188549042,0.9985040426254272,0.6111131310462952,0.3909747004508972,-0.34184399247169495,0.9997965693473816,0.4842299520969391,0.41209864616394043,0.20626942813396454,0.9998395442962646,0.7464553713798523,0.44305482506752014,-0.282029390335083,0.4359203279018402,0.3989511728286743,0.43939247727394104,0.4190578758716583,0.8491069078445435,0.67415851354599,0.5190380215644836,-0.08386414498090744,0.24429962038993835,0.3664957284927368,0.3669588565826416,0.4223839342594147,0.9479281306266785,0.6490123271942139,0.5283263921737671,-0.08604602515697479,0.266226589679718,0.371512770652771,0.3458506762981415,0.42152905464172363,0.9433404803276062,0.6410425901412964,0.5229026675224304,-0.08203648030757904,0.264816015958786,0.37869104743003845,0.341926246881485,0.4097406566143036,0.9402199387550354,0.6477959752082825,0.5200008153915405,-0.07142185419797897,0.24636301398277283,0.3836190402507782,0.3475247621536255,0.4116567075252533,0.9222558736801147,0.6365900039672852,0.5876843929290771,-0.1819819062948227,0.9999643564224243,0.5450937151908875,0.5937567353248596,0.18174558877944946,0.999975323677063,0.6081233620643616,0.7189837694168091,-0.25252968072891235,0.7893226742744446,0.577333390712738,0.7221266031265259,0.16932019591331482,0.8442346453666687,0.7418164014816284,0.7301511764526367,0.3823492228984833,0.7932333946228027,0.6654066443443298,0.8167018890380859,0.3553588092327118,0.9132288694381714,0.763958215713501,0.7120943665504456,0.44912710785865784,0.6918654441833496,0.6963217258453369,0.8297430872917175,0.37195342779159546,0.7471463680267334,0.7763466835021973,0.7952284216880798,0.47574084997177124,0.8210349082946777,0.6509217023849487,0.8694555163383484,0.30509239435195923,0.8944841623306274
53,1.7666666666666666,0.4586744010448456,0.33387935161590576,-0.45709988474845886,0.9994910359382629,0.4727434813976288,0.3211115002632141,-0.45730939507484436,0.9992347359657288,0.48142582178115845,0.32058268785476685,-0.457873672246933,0.9988497495651245,0.4895388185977936,0.3201868236064911,-0.4577725827693939,0.9993880391120911,0.45973435044288635,0.32225751876831055,-0.39771464467048645,0.9995097517967224,0.45819079875946045,0.3224979639053345,-0.3983387053012848,0.9994980096817017,0.4562804400920868,0.3226548135280609,-0.3985593914985657,0.9997180104255676,0.5285031199455261,0.3250662088394165,-0.39207518100738525,0.999373197555542,0.4790944755077362,0.3281887173652649,-0.11548338085412979,0.998938798904419,0.4780295193195343,0.34713780879974365,-0.42494651675224304,0.9987914562225342,0.46388787031173706,0.34600597620010376,-0.3504745364189148,0.9986485242843628,0.5968372225761414,0.3904595971107483,-0.40671923756599426,0.9998141527175903,0.49130773544311523,0.41029852628707886,0.1963369995355606,0.999847412109375,0.7377544045448303,0.4395669102668762,-0.46909812092781067,0.487690806388855,0.42770132422447205,0.4383920133113861,0.5186875462532043,0.8071169257164001,0.6840022802352905,0.5172098875045776,-0.45892083644866943,0.28938379883766174,0.3674553334712982,0.3748437464237213,0.6096409559249878,0.9489074945449829,0.6590403914451599,0.5233444571495056,-0.49315404891967773,0.30477476119995117,0.3669772744178772,0.35444027185440063,0.6226497888565063,0.9452852010726929,0.650105357170105,0.5172970294952393,-0.49032795429229736,0.3019757866859436,0.3755532503128052,0.3499336242675781,0.584502637386322,0.9425141215324402,0.6572577357292175,0.5164820551872253,-0.45169496536254883,0.27696311473846436,0.3806881308555603,0.355040967464447,0.5902477502822876,0.9252203106880188,0.6331620812416077,0.5863282084465027,-0.19866015017032623,0.9999606609344482,0.5500921607017517,0.5921375155448914,0.19833114743232727,0.9999735355377197,0.573133111000061,0.7108641862869263,-0.24266956746578217,0.8039758801460266,0.5761147737503052,0.7198900580406189,0.19665470719337463,0.8436661958694458,0.7346227169036865,0.7215396165847778,0.21803820133209229,0.8013073801994324,0.6660159826278687,0.8172184228897095,0.3712179362773895,0.9152511954307556,0.7620882391929626,0.7055488228797913,0.26537519693374634,0.7067582011222839,0.6997408270835876,0.8298233151435852,0.3862217366695404,0.7639524936676025,0.7682722210884094,0.7891412973403931,0.2919510006904602,0.8299293518066406,0.6492464542388916,0.8687335848808289,0.33438530564308167,0.8994928002357483
54,1.8,0.44569042325019836,0.33140096068382263,-0.4865993559360504,0.9995415210723877,0.45885521173477173,0.31808292865753174,-0.48620373010635376,0.9993106722831726,0.4658058285713196,0.3171244263648987,-0.486741840839386,0.9989641904830933,0.4746266305446625,0.31599730253219604,-0.4866170585155487,0.9994487762451172,0.44606783986091614,0.3189633786678314,-0.4299216866493225,0.9995580315589905,0.4445416331291199,0.31888270378112793,-0.43049541115760803,0.9995472431182861,0.44291365146636963,0.3185681998729706,-0.43067410588264465,0.9997453689575195,0.5108490586280823,0.3181317448616028,-0.40845829248428345,0.9994354248046875,0.4700924754142761,0.32154178619384766,-0.14635887742042542,0.9990421533584595,0.4681726098060608,0.34469833970069885,-0.4485895037651062,0.9989104866981506,0.4520101249217987,0.3436054587364197,-0.3780994713306427,0.998779296875,0.5793174505233765,0.381947785615921,-0.4284154176712036,0.9998314380645752,0.4975348114967346,0.39801448583602905,0.18518036603927612,0.9998493194580078,0.7342143654823303,0.4299430251121521,-0.5596606731414795,0.5359458327293396,0.47165924310684204,0.43561893701553345,0.523827850818634,0.7395471930503845,0.6773199439048767,0.505440354347229,-0.680042564868927,0.35094931721687317,0.36530616879463196,0.39114251732826233,0.6530165076255798,0.9440621137619019,0.6532968282699585,0.5147193670272827,-0.7326416969299316,0.36290237307548523,0.3497384488582611,0.37779897451400757,0.6783387660980225,0.9429330229759216,0.6452745199203491,0.5078657269477844,-0.7259947061538696,0.36006999015808105,0.3499925136566162,0.373365581035614,0.6206398606300354,0.9407535791397095,0.6510673761367798,0.5055422782897949,-0.6737925410270691,0.33166834712028503,0.3588070273399353,0.37749457359313965,0.6269313097000122,0.9233553409576416,0.6310984492301941,0.5731335878372192,-0.20090141892433167,0.9999563097953796,0.5603768825531006,0.5805080533027649,0.20043182373046875,0.9999687671661377,0.5439087152481079,0.6926273107528687,-0.24627423286437988,0.8138177990913391,0.5796240568161011,0.7125275731086731,0.22647863626480103,0.8157920837402344,0.7258806824684143,0.7123463749885559,0.06224695220589638,0.8091832399368286,0.6663053035736084,0.8165495991706848,0.3619782030582428,0.9085129499435425,0.7559350728988647,0.6981672048568726,0.09122688323259354,0.7222388982772827,0.703328013420105,0.8281453847885132,0.37271639704704285,0.7725057005882263,0.7601826786994934,0.7854987978935242,0.07539936155080795,0.8400416970252991,0.6471567749977112,0.8680354952812195,0.3271856904029846,0.8993669748306274
55,1.8333333333333333,0.42909353971481323,0.32129549980163574,-0.45501717925071716,0.9995868802070618,0.44010502099990845,0.30719512701034546,-0.46164390444755554,0.9993788599967957,0.4480910003185272,0.3059518039226532,-0.46215566992759705,0.9990670084953308,0.455546498298645,0.3048240840435028,-0.4620436728000641,0.9995033144950867,0.43165549635887146,0.3075207769870758,-0.4030747413635254,0.999601423740387,0.43110191822052,0.3070165514945984,-0.4036731719970703,0.999591588973999,0.4301855266094208,0.3062838315963745,-0.40386852622032166,0.9997700452804565,0.49383512139320374,0.3043249845504761,-0.41004320979118347,0.9994913935661316,0.45915549993515015,0.30736926198005676,-0.13491015136241913,0.9991356730461121,0.4522518217563629,0.333441823720932,-0.42429131269454956,0.9990180134773254,0.43886858224868774,0.3332630395889282,-0.35081958770751953,0.9988982677459717,0.5603476762771606,0.36697903275489807,-0.443562775850296,0.9998475313186646,0.49491360783576965,0.3755059540271759,0.20613136887550354,0.9998594522476196,0.7232511043548584,0.41512173414230347,-0.5910309553146362,0.5796364545822144,0.48825734853744507,0.43047571182250977,0.5336138010025024,0.6784651279449463,0.6763648986816406,0.48775917291641235,-0.7137356400489807,0.402286559343338,0.3681596517562866,0.4143528938293457,0.6007989048957825,0.9394506216049194,0.642867386341095,0.49682968854904175,-0.7710069417953491,0.40904098749160767,0.3434407711029053,0.4079953730106354,0.619243860244751,0.9406387805938721,0.6372617483139038,0.4879336953163147,-0.7643503546714783,0.40618062019348145,0.33890604972839355,0.4038805067539215,0.5538716316223145,0.9390387535095215,0.6474749445915222,0.48580417037010193,-0.708033561706543,0.3726080656051636,0.3511285185813904,0.407703697681427,0.5706481337547302,0.9213731288909912,0.6162068843841553,0.5526376366615295,-0.21978119015693665,0.999955415725708,0.567193329334259,0.5575426816940308,0.2193583846092224,0.9999678134918213,0.5177533626556396,0.672430694103241,-0.27208974957466125,0.8224450349807739,0.5841860771179199,0.6950293779373169,0.17430329322814941,0.7984119653701782,0.7177019119262695,0.7094389796257019,0.010106701403856277,0.815409779548645,0.6696348190307617,0.8151958584785461,0.2563056945800781,0.90303635597229,0.7439404129981995,0.6997755765914917,0.03522714972496033,0.7332661747932434,0.7047080397605896,0.826403796672821,0.2578192949295044,0.7806195020675659,0.7117301225662231,0.7836251854896545,0.005266872234642506,0.8477383852005005,0.6464628577232361,0.8675270080566406,0.22723598778247833,0.8995040655136108
56,1.8666666666666667,0.42021119594573975,0.3099876046180725,-0.4703359305858612,0.999627947807312,0.4297856092453003,0.29548659920692444,-0.474147766828537,0.999440610408783,0.4368838369846344,0.2938309907913208,-0.47463056445121765,0.9991599321365356,0.44485756754875183,0.2922252118587494,-0.47459083795547485,0.9995526671409607,0.4203345775604248,0.29681816697120667,-0.41246363520622253,0.9996408820152283,0.4193859398365021,0.29669803380966187,-0.41304275393486023,0.9996320009231567,0.4180251955986023,0.2963615357875824,-0.4132242798805237,0.9997926354408264,0.48273032903671265,0.2915812134742737,-0.39292657375335693,0.9995419979095459,0.44162315130233765,0.29707103967666626,-0.11894603073596954,0.9992203712463379,0.4458823800086975,0.32043397426605225,-0.4296684265136719,0.9991152882575989,0.43092232942581177,0.32241007685661316,-0.3525308072566986,0.9990062713623047,0.5452077388763428,0.35389649868011475,-0.44253456592559814,0.9998623728752136,0.4899013638496399,0.35950538516044617,0.2660757601261139,0.999867856502533,0.7056882977485657,0.4010562300682068,-0.5783814191818237,0.620607316493988,0.494109183549881,0.4260951578617096,0.4573950469493866,0.6169449687004089,0.667255163192749,0.4707314372062683,-0.6914846897125244,0.45249998569488525,0.37839627265930176,0.43567466735839844,0.4037112891674042,0.9122769832611084,0.634145200252533,0.4817728102207184,-0.7569176554679871,0.4538484215736389,0.3518831133842468,0.43666523694992065,0.4068792164325714,0.9222726821899414,0.629224419593811,0.4710133969783783,-0.7537588477134705,0.45147955417633057,0.34908920526504517,0.4341171681880951,0.299111545085907,0.9220945239067078,0.6391518712043762,0.46868643164634705,-0.6869070529937744,0.4147253930568695,0.3602350354194641,0.4347449839115143,0.4885670840740204,0.9017407894134521,0.6024808883666992,0.5380423665046692,-0.24846142530441284,0.9999552965164185,0.5694130659103394,0.5398460030555725,0.24807307124137878,0.9999666810035706,0.485562264919281,0.6561787724494934,-0.3560802936553955,0.834380030632019,0.5872861742973328,0.6763290762901306,0.15465785562992096,0.7692525386810303,0.693411111831665,0.7160955667495728,-0.0918625220656395,0.8211767673492432,0.6685370206832886,0.8093070983886719,0.18764325976371765,0.8909002542495728,0.7373045086860657,0.7123821973800659,-0.06997720152139664,0.7422817945480347,0.7052401900291443,0.8187952041625977,0.18363510072231293,0.7827436327934265,0.6840044260025024,0.7912012934684753,-0.12201419472694397,0.853856086730957,0.6454735994338989,0.8674271702766418,0.104946069419384,0.8949153423309326
57,1.9,0.40895846486091614,0.3014525771141052,-0.4404298663139343,0.9996645450592041,0.41665539145469666,0.2871779501438141,-0.441294401884079,0.9994957447052002,0.42269015312194824,0.2859261929988861,-0.44190114736557007,0.9992431998252869,0.4298703968524933,0.2845862805843353,-0.4416664242744446,0.9995968341827393,0.4084632992744446,0.28864532709121704,-0.381340354681015,0.9996758699417114,0.4075913429260254,0.2886129915714264,-0.3818519115447998,0.9996677041053772,0.4062984883785248,0.2885136902332306,-0.3819054365158081,0.9998122453689575,0.46875572204589844,0.2832757830619812,-0.3446839153766632,0.9995874166488647,0.4280547797679901,0.28877073526382446,-0.0794050395488739,0.9992941617965698,0.4337744414806366,0.3115234971046448,-0.4059019386768341,0.9992014765739441,0.4198973476886749,0.3143187463283539,-0.31157997250556946,0.9990993142127991,0.5329568386077881,0.3448105752468109,-0.40606656670570374,0.9998758435249329,0.48701828718185425,0.35104480385780334,0.2772313356399536,0.9998657703399658,0.6852507591247559,0.39015936851501465,-0.54845130443573,0.6579917073249817,0.5070202946662903,0.42649537324905396,0.40516990423202515,0.5560929179191589,0.6551611423492432,0.45771583914756775,-0.6365868449211121,0.5000132322311401,0.4219646751880646,0.4567371904850006,0.2539362907409668,0.8290212750434875,0.6245688199996948,0.46676987409591675,-0.6959978938102722,0.4971214830875397,0.3960922658443451,0.4643227458000183,0.2445952594280243,0.8448966145515442,0.6196032166481018,0.4577770233154297,-0.6907962560653687,0.4952784478664398,0.3872130513191223,0.460185706615448,0.15483494102954865,0.845640242099762,0.6285334229469299,0.45598071813583374,-0.6316540837287903,0.45724233984947205,0.4014630615711212,0.4594602584838867,0.22694696485996246,0.8265721201896667,0.5904022455215454,0.5284851789474487,-0.23957538604736328,0.9999575018882751,0.5674173831939697,0.5291287899017334,0.23928150534629822,0.9999663829803467,0.46580368280410767,0.6463946104049683,-0.316192090511322,0.8482242822647095,0.5858922600746155,0.662645161151886,0.12943974137306213,0.7481064200401306,0.6578698754310608,0.7252403497695923,-0.11487237364053726,0.8353480100631714,0.6742739677429199,0.8028156161308289,0.09269677102565765,0.8875733017921448,0.7127063274383545,0.7193414568901062,-0.10022973269224167,0.7615076303482056,0.7160612344741821,0.8097296953201294,0.0835450142621994,0.791523814201355,0.6403116583824158,0.7934818863868713,-0.15783198177814484,0.865543007850647,0.6451495289802551,0.8611266016960144,0.0025449241511523724,0.8965838551521301
58,1.9333333333333333,0.39729759097099304,0.2981160283088684,-0.34659162163734436,0.9996969699859619,0.40639880299568176,0.28363627195358276,-0.35728392004966736,0.9995450377464294,0.4131242036819458,0.28230610489845276,-0.35779479146003723,0.9993178248405457,0.4209902882575989,0.2807185649871826,-0.3578453063964844,0.9996364116668701,0.3964458405971527,0.2854613959789276,-0.29465752840042114,0.9997067451477051,0.3951530456542969,0.28553587198257446,-0.29527798295021057,0.9996991753578186,0.3935306966304779,0.2854515314102173,-0.2954584062099457,0.9998291730880737,0.45795223116874695,0.27945834398269653,-0.3078290820121765,0.9996282458305359,0.41468870639801025,0.28591880202293396,-0.019408084452152252,0.9993570446968079,0.42386528849601746,0.3070315420627594,-0.31725937128067017,0.9992769360542297,0.4080096483230591,0.30996057391166687,-0.23669497668743134,0.9991757273674011,0.5136870741844177,0.33837056159973145,-0.35417869687080383,0.999888002872467,0.48535847663879395,0.34416258335113525,0.3039793074131012,0.9998489022254944,0.6660940647125244,0.3830491304397583,-0.42073971033096313,0.6919284462928772,0.5579538345336914,0.41104450821876526,0.3835827708244324,0.5007244348526001,0.6435876488685608,0.4507392942905426,-0.34466752409935,0.5287544131278992,0.5479180812835693,0.4604063928127289,0.18471792340278625,0.7464474439620972,0.6202112436294556,0.46289053559303284,-0.3761754035949707,0.5133495330810547,0.5367199778556824,0.47463932633399963,0.16417990624904633,0.7612439393997192,0.6135326623916626,0.4553244113922119,-0.37148067355155945,0.5119651556015015,0.5248314738273621,0.4727462828159332,0.10850730538368225,0.7619239091873169,0.6197353005409241,0.4521046578884125,-0.3355952501296997,0.47177964448928833,0.5288421511650085,0.46783018112182617,0.15251535177230835,0.7448326945304871,0.5757663249969482,0.5259270668029785,-0.23499196767807007,0.9999609589576721,0.564012348651886,0.52683424949646,0.23477020859718323,0.9999679327011108,0.4630739986896515,0.644300103187561,-0.29537487030029297,0.8630794882774353,0.5932987928390503,0.6628428101539612,0.13631118834018707,0.7577837705612183,0.6293787360191345,0.7297224402427673,-0.0983312577009201,0.8513635993003845,0.681964635848999,0.7938120365142822,0.0920640304684639,0.8967266082763672,0.6742412447929382,0.7408425807952881,-0.08388330042362213,0.7838648557662964,0.7216257452964783,0.7988556623458862,0.07987932860851288,0.8095179796218872,0.5857147574424744,0.7942500114440918,-0.14947791397571564,0.8784807920455933,0.6323145627975464,0.8450088500976562,-0.01052207313477993,0.905393123626709
59,1.9666666666666666,0.38661307096481323,0.2986912727355957,-0.3209228217601776,0.999726414680481,0.3954733610153198,0.28411251306533813,-0.3334214389324188,0.9995896816253662,0.4026103913784027,0.2827399671077728,-0.3338734209537506,0.9993851780891418,0.41051873564720154,0.2811301052570343,-0.33390143513679504,0.9996721148490906,0.38368961215019226,0.2862708866596222,-0.27281123399734497,0.9997350573539734,0.38176897168159485,0.28639480471611023,-0.2734663188457489,0.9997280240058899,0.37965404987335205,0.2863391637802124,-0.2736639380455017,0.9998449683189392,0.4479368329048157,0.279906690120697,-0.2948961555957794,0.9996649622917175,0.40045860409736633,0.28772440552711487,-0.01219501718878746,0.9994155764579773,0.4130541980266571,0.30751466751098633,-0.29290395975112915,0.9993435740470886,0.39722171425819397,0.31081512570381165,-0.2176898717880249,0.9992427825927734,0.4966413378715515,0.33746013045310974,-0.34127724170684814,0.9998987913131714,0.4845162630081177,0.3387744724750519,0.2926020324230194,0.9998322129249573,0.64634108543396,0.3829368054866791,-0.37727266550064087,0.7219529747962952,0.5668082237243652,0.40508031845092773,0.37796542048454285,0.45095887780189514,0.6310707330703735,0.44825053215026855,-0.14557506144046783,0.5397053956985474,0.5543680191040039,0.45524412393569946,0.20124705135822296,0.672226071357727,0.6184543967247009,0.46118420362472534,-0.1528623402118683,0.5120859146118164,0.5454515814781189,0.467351496219635,0.18571366369724274,0.6862008571624756,0.610834538936615,0.4533761441707611,-0.15499304234981537,0.5114121437072754,0.5331776142120361,0.4664739668369293,0.13865375518798828,0.6868302226066589,0.6129164099693298,0.45000791549682617,-0.13631048798561096,0.4719313681125641,0.5364187359809875,0.4620596766471863,0.17212413251399994,0.6715501546859741,0.5616542100906372,0.526064395904541,-0.23141957819461823,0.9999634623527527,0.565800666809082,0.5248876810073853,0.23117893934249878,0.9999678730964661,0.4539062976837158,0.6431756019592285,-0.2900579869747162,0.8760039210319519,0.5967975854873657,0.659881591796875,0.12407608330249786,0.7583432793617249,0.5932522416114807,0.7500075101852417,-0.23329424858093262,0.865750789642334,0.6814460158348083,0.787911057472229,0.020682258531451225,0.9043777585029602,0.6375159621238708,0.7607278227806091,-0.23424392938613892,0.8041619062423706,0.7144026756286621,0.7950726747512817,0.004672131966799498,0.8252002596855164,0.5081167221069336,0.8067938685417175,-0.3268199861049652,0.8901146054267883,0.616923987865448,0.8382940292358398,-0.08574166148900986,0.9129672050476074
60,2.0,0.37516817450523376,0.30179309844970703,-0.27439868450164795,0.999752938747406,0.3827439546585083,0.2874297499656677,-0.29140394926071167,0.9996299147605896,0.389196515083313,0.2861035466194153,-0.29179269075393677,0.9994457364082336,0.3963601887226105,0.2846516966819763,-0.2917781174182892,0.9997041821479797,0.3726862072944641,0.28942131996154785,-0.2313993275165558,0.9997607469558716,0.3714643716812134,0.289561927318573,-0.23206143081188202,0.9997543096542358,0.3697083294391632,0.2895604372024536,-0.2322472184896469,0.9998595714569092,0.43416476249694824,0.283481627702713,-0.26606911420822144,0.9996978640556335,0.3922920525074005,0.2906966507434845,0.009417768567800522,0.9994699358940125,0.39916422963142395,0.31121161580085754,-0.2510405480861664,0.9994014501571655,0.3860110342502594,0.31351596117019653,-0.17706772685050964,0.999301016330719,0.48000404238700867,0.34115174412727356,-0.33721038699150085,0.9999077320098877,0.48391562700271606,0.34366685152053833,0.2935771048069,0.9998064041137695,0.6257522106170654,0.3878379762172699,-0.3143371045589447,0.7475457191467285,0.5671035051345825,0.40945538878440857,0.3464048504829407,0.4062223732471466,0.6142776012420654,0.45144152641296387,-0.09520889818668365,0.5317279696464539,0.5584282875061035,0.45692309737205505,0.11431777477264404,0.6057495474815369,0.6101111769676208,0.46127113699913025,-0.09701138734817505,0.4975873827934265,0.5490196943283081,0.46603232622146606,0.0935865193605423,0.6194744110107422,0.6030535101890564,0.4543527066707611,-0.10342629998922348,0.4972517788410187,0.5342573523521423,0.46644511818885803,0.05269498750567436,0.6200377345085144,0.6025391221046448,0.4506126940250397,-0.08735296875238419,0.4589505195617676,0.5372450351715088,0.46363329887390137,0.08623401075601578,0.6062970161437988,0.5489335656166077,0.5293357372283936,-0.2242901474237442,0.9999634027481079,0.5691774487495422,0.5259239077568054,0.22406719624996185,0.9999642968177795,0.4464474022388458,0.6470459699630737,-0.2724277675151825,0.8870211839675903,0.5984709858894348,0.6580492258071899,0.10847919434309006,0.746848464012146,0.5565388202667236,0.7703875303268433,-0.2587764859199524,0.8782768845558167,0.6793701648712158,0.7865781188011169,-0.011707829311490059,0.9077755808830261,0.6015999913215637,0.7873569130897522,-0.26526638865470886,0.8219675421714783,0.7161218523979187,0.8001777529716492,-0.02953147329390049,0.8373711705207825,0.43970799446105957,0.8218590617179871,-0.3607882261276245,0.9001938104629517,0.6172751784324646,0.8390598297119141,-0.11416847258806229,0.9176720976829529
61,2.033333333333333,0.3652600944042206,0.3067677617073059,-0.28391823172569275,0.9997771978378296,0.37182196974754333,0.2920624911785126,-0.29731911420822144,0.9996665120124817,0.3778243958950043,0.29061460494995117,-0.2977118492126465,0.9995007514953613,0.38409385085105896,0.2891075015068054,-0.29766276478767395,0.9997334480285645,0.36173439025878906,0.2932276725769043,-0.23691949248313904,0.9997842907905579,0.3601864278316498,0.2929686903953552,-0.23758812248706818,0.9997784495353699,0.3580095171928406,0.29250457882881165,-0.23778483271598816,0.999873161315918,0.4210365414619446,0.2844494879245758,-0.2572159767150879,0.9997277855873108,0.3824601173400879,0.29122936725616455,0.01899576373398304,0.9995208382606506,0.3901320695877075,0.3159128427505493,-0.2553592324256897,0.9994568824768066,0.374447762966156,0.31759506464004517,-0.1807584911584854,0.9993612170219421,0.46615371108055115,0.34502819180488586,-0.32801005244255066,0.9999158978462219,0.4757090210914612,0.34881630539894104,0.3180854320526123,0.9997814297676086,0.6049304008483887,0.39319488406181335,-0.3013113737106323,0.7716991305351257,0.5532667636871338,0.4201231598854065,0.3576538860797882,0.3662358820438385,0.6031183004379272,0.45634087920188904,-0.10161692649126053,0.5534412860870361,0.5415112376213074,0.47283482551574707,0.14293159544467926,0.5464719533920288,0.6057923436164856,0.46178609132766724,-0.10682324320077896,0.5136833190917969,0.5349107384681702,0.4849124550819397,0.12651482224464417,0.5606423020362854,0.5993291139602661,0.4636213779449463,-0.11515582352876663,0.5135895609855652,0.5280584692955017,0.48421940207481384,0.08428622037172318,0.5611112713813782,0.5964431762695312,0.45732802152633667,-0.09416811913251877,0.4762311279773712,0.5290894508361816,0.48127374053001404,0.11534684151411057,0.5488477349281311,0.5425208806991577,0.5334323644638062,-0.23015949130058289,0.9999639987945557,0.5702086687088013,0.5304683446884155,0.2299472987651825,0.9999618530273438,0.44619712233543396,0.6512271165847778,-0.27781057357788086,0.8980678915977478,0.6073855757713318,0.66060870885849,0.12075982987880707,0.7566214799880981,0.500359833240509,0.7896214723587036,-0.2984078824520111,0.8903208374977112,0.6910991072654724,0.7900556921958923,0.0481833778321743,0.9151861667633057,0.535849928855896,0.8107031583786011,-0.30832967162132263,0.8394582271575928,0.7330732345581055,0.8016249537467957,0.0346364751458168,0.8518890738487244,0.37980538606643677,0.8332379460334778,-0.4346519112586975,0.9100284576416016,0.6200874447822571,0.8404304385185242,-0.058690883219242096,0.9246689677238464
62,2.066666666666667,0.3547235131263733,0.32123446464538574,-0.2543806731700897,0.9997988939285278,0.3632710874080658,0.3061785101890564,-0.2719377279281616,0.9996994137763977,0.36952513456344604,0.3048595190048218,-0.27235811948776245,0.9995502233505249,0.37634581327438354,0.3036852478981018,-0.27227848768234253,0.9997597336769104,0.35359957814216614,0.3070138394832611,-0.2092454433441162,0.9998053908348083,0.35214200615882874,0.3064535856246948,-0.20989929139614105,0.9998000264167786,0.3501569628715515,0.30580103397369385,-0.2100699096918106,0.9998852610588074,0.41302090883255005,0.30031272768974304,-0.24784573912620544,0.9997547268867493,0.3757081627845764,0.3069998621940613,0.03485097736120224,0.9995662569999695,0.37933892011642456,0.33098748326301575,-0.231975719332695,0.9995054602622986,0.36703288555145264,0.33278074860572815,-0.15465126931667328,0.9994118213653564,0.4519912600517273,0.3556411862373352,-0.32750529050827026,0.9999232888221741,0.46542829275131226,0.35020455718040466,0.32799848914146423,0.9997463226318359,0.5818536281585693,0.4025086462497711,-0.3162751793861389,0.7931944131851196,0.5451084971427917,0.42515939474105835,0.38137105107307434,0.3299763798713684,0.5915522575378418,0.45979443192481995,-0.12835295498371124,0.5668643712997437,0.5432270765304565,0.47474995255470276,0.18253596127033234,0.49263110756874084,0.5985488295555115,0.4711216986179352,-0.13276958465576172,0.5211983323097229,0.5653819441795349,0.4842795729637146,0.17362143099308014,0.5066031813621521,0.5931503176689148,0.47490811347961426,-0.13826704025268555,0.5215328335762024,0.5334237217903137,0.484025239944458,0.13066139817237854,0.5070212483406067,0.588038980960846,0.46922287344932556,-0.11982115358114243,0.48561713099479675,0.5333184003829956,0.48225146532058716,0.15335915982723236,0.4960939884185791,0.5353266000747681,0.541214108467102,-0.23254194855690002,0.9999628663063049,0.5699488520622253,0.5307443737983704,0.23237448930740356,0.9999563694000244,0.44524234533309937,0.654822826385498,-0.13746467232704163,0.9076527953147888,0.6132937073707581,0.6647852659225464,0.15056189894676208,0.7586670517921448,0.45588356256484985,0.8076885342597961,-0.17399229109287262,0.9010663032531738,0.7014977931976318,0.7927007675170898,0.0827910453081131,0.9203672409057617,0.48342224955558777,0.8355518579483032,-0.1535988450050354,0.8550475239753723,0.7446837425231934,0.8119124174118042,0.07264944911003113,0.8641176223754883,0.3285179138183594,0.8380731344223022,-0.2476537972688675,0.9187057614326477,0.627697229385376,0.8420314788818359,-0.016814274713397026,0.929709792137146
63,2.1,0.3449050188064575,0.335432767868042,-0.2732284665107727,0.9998188614845276,0.3533017337322235,0.3209197223186493,-0.2863011956214905,0.9997293949127197,0.3602640926837921,0.31980574131011963,-0.2867703139781952,0.9995951056480408,0.36754387617111206,0.3187398314476013,-0.2864020764827728,0.9997836947441101,0.34251347184181213,0.32222646474838257,-0.22937938570976257,0.9998247623443604,0.34124118089675903,0.3219183385372162,-0.23016095161437988,0.9998198747634888,0.3395739495754242,0.32154715061187744,-0.2305765300989151,0.9998965263366699,0.4029473662376404,0.31573495268821716,-0.28066492080688477,0.999779224395752,0.3675684332847595,0.3222833275794983,0.011545124463737011,0.9996087551116943,0.37018364667892456,0.34636181592941284,-0.23407836258411407,0.9995536804199219,0.35736769437789917,0.3472123444080353,-0.1828114241361618,0.9994666576385498,0.4456402361392975,0.3704240322113037,-0.3688885271549225,0.9999306797981262,0.4593607485294342,0.366708368062973,0.3161194920539856,0.999712347984314,0.5582715272903442,0.41797399520874023,-0.517518162727356,0.813614010810852,0.5431843400001526,0.44531407952308655,0.38232162594795227,0.29731905460357666,0.593271017074585,0.48031124472618103,-0.593016505241394,0.6095721125602722,0.5335230231285095,0.4958084225654602,0.20451419055461884,0.44443872570991516,0.6011686325073242,0.4962448477745056,-0.6514393091201782,0.5681294798851013,0.5471477508544922,0.5070350170135498,0.19358113408088684,0.4586062729358673,0.5950763821601868,0.4985945224761963,-0.6511394381523132,0.5684462785720825,0.5278049111366272,0.5074581503868103,0.14321742951869965,0.45899736881256104,0.5922056436538696,0.4929119646549225,-0.5887361168861389,0.5356292724609375,0.5292927622795105,0.5048255920410156,0.17327477037906647,0.4493446350097656,0.5293664932250977,0.5563428997993469,-0.23136255145072937,0.9999640583992004,0.569872260093689,0.5498836636543274,0.23119975626468658,0.9999527335166931,0.4318717420101166,0.6713467836380005,0.005947894416749477,0.9161995649337769,0.6164743900299072,0.6764835715293884,0.18683603405952454,0.7738207578659058,0.41215142607688904,0.8151143789291382,0.11293800175189972,0.9107510447502136,0.7114698886871338,0.8009278178215027,0.17780844867229462,0.926887571811676,0.43253424763679504,0.8446453213691711,0.11402721703052521,0.8691675066947937,0.7577110528945923,0.8257805705070496,0.1713382601737976,0.8766230940818787,0.289587140083313,0.8460496068000793,-0.0030518793500959873,0.9266011118888855,0.6310284733772278,0.8426783680915833,0.08745946735143661,0.9357060790061951
64,2.1333333333333333,0.3363017737865448,0.34884196519851685,-0.2741166651248932,0.9998369216918945,0.3424413502216339,0.3345579504966736,-0.2890129089355469,0.999756395816803,0.3503084182739258,0.3330919146537781,-0.2894584536552429,0.9996355772018433,0.35738369822502136,0.3320372998714447,-0.2892693281173706,0.9998052716255188,0.33303871750831604,0.3356022834777832,-0.22852179408073425,0.9998422265052795,0.3319518268108368,0.3353038430213928,-0.22912423312664032,0.9998378157615662,0.33043891191482544,0.33500248193740845,-0.22924934327602386,0.9999067783355713,0.3941475749015808,0.32912975549697876,-0.26757270097732544,0.9998012781143188,0.3576689064502716,0.33651798963546753,0.017482470721006393,0.9996474385261536,0.3598726987838745,0.3599904775619507,-0.24497362971305847,0.9995973706245422,0.3478224575519562,0.3605007529258728,-0.17428135871887207,0.9995173811912537,0.43719011545181274,0.3850601017475128,-0.3531823754310608,0.9999372959136963,0.45526647567749023,0.3850916624069214,0.3147642910480499,0.9997009634971619,0.5456193089485168,0.4342166483402252,-0.5423030257225037,0.8319289088249207,0.5382469892501831,0.4594310224056244,0.3552209138870239,0.26811686158180237,0.5803318023681641,0.48739904165267944,-0.6623884439468384,0.6476054191589355,0.5488542318344116,0.5065575242042542,0.15166005492210388,0.401472806930542,0.5940914750099182,0.4973086714744568,-0.7270694375038147,0.6100136041641235,0.566279411315918,0.5159233212471008,0.13082605600357056,0.4164234399795532,0.5910859704017639,0.49686843156814575,-0.7226118445396423,0.6103278398513794,0.5484122037887573,0.5118712782859802,0.08763772249221802,0.4167422652244568,0.5841996073722839,0.4932253360748291,-0.6582990288734436,0.5801959037780762,0.5434882044792175,0.5088540315628052,0.12376903742551804,0.40816015005111694,0.5191054344177246,0.5742798447608948,-0.23106324672698975,0.9999665021896362,0.5688784122467041,0.5687822103500366,0.2308797985315323,0.9999542236328125,0.4055527448654175,0.6830465793609619,-0.05463843792676926,0.9243616461753845,0.6178908348083496,0.690449595451355,0.19891266524791718,0.7922765016555786,0.36600548028945923,0.8304967880249023,0.02644217573106289,0.9196107387542725,0.7251129746437073,0.8108439445495605,0.21671070158481598,0.9337042570114136,0.38271209597587585,0.8594661951065063,0.02889113686978817,0.8821212649345398,0.7737031579017639,0.8351642489433289,0.2127162516117096,0.8885751962661743,0.253293514251709,0.8583406209945679,-0.010879085399210453,0.9338650703430176,0.6362480521202087,0.8427897691726685,0.13105395436286926,0.9417302012443542
65,2.1666666666666665,0.32529863715171814,0.3578011095523834,-0.16477447748184204,0.9998531937599182,0.3302403688430786,0.34258943796157837,-0.17701737582683563,0.9997807145118713,0.33702483773231506,0.3413865268230438,-0.17734573781490326,0.999671995639801,0.3441086709499359,0.34042859077453613,-0.17718157172203064,0.9998247027397156,0.3227440416812897,0.34312430024147034,-0.11427095532417297,0.9998579621315002,0.3220234215259552,0.34268414974212646,-0.11480644345283508,0.9998540282249451,0.3207990527153015,0.3423519432544708,-0.11477735638618469,0.9999160766601562,0.38259294629096985,0.3399047255516052,-0.15567539632320404,0.999821126461029,0.3477816581726074,0.34484946727752686,0.1291925609111786,0.9996826648712158,0.345752090215683,0.36816462874412537,-0.14459384977817535,0.9996374845504761,0.336733877658844,0.3691765069961548,-0.06696254760026932,0.9995653033256531,0.4122357666492462,0.39752811193466187,-0.2644052803516388,0.999943196773529,0.4627944827079773,0.3987498879432678,0.37998801469802856,0.9997223615646362,0.5230650305747986,0.4413584768772125,-0.5253747701644897,0.8481971621513367,0.5749709010124207,0.46375808119773865,0.4131065905094147,0.24557381868362427,0.5522559285163879,0.4845699667930603,-0.7197695374488831,0.6810075044631958,0.6157035231590271,0.5172371864318848,0.20391832292079926,0.38943642377853394,0.5699186325073242,0.4920327663421631,-0.7922019362449646,0.6468778848648071,0.625594437122345,0.5317710638046265,0.17108586430549622,0.4207054376602173,0.5679468512535095,0.4962198734283447,-0.7843356728553772,0.6471911668777466,0.6167361736297607,0.5293601751327515,0.1254330426454544,0.419962614774704,0.5654695630073547,0.4903044104576111,-0.7156906127929688,0.6190347671508789,0.6118332147598267,0.5262361168861389,0.176116481423378,0.4084225594997406,0.4981176555156708,0.5825239419937134,-0.23229622840881348,0.9999685287475586,0.5651125311851501,0.5740320086479187,0.2320012003183365,0.9999567270278931,0.38086822628974915,0.692278265953064,-0.1112508699297905,0.9317157864570618,0.6169489026069641,0.6912740468978882,0.13914614915847778,0.8078344464302063,0.34670525789260864,0.8405089378356934,-0.1308240443468094,0.9275930523872375,0.7295432090759277,0.8120080828666687,0.11922790855169296,0.9391858577728271,0.3652297258377075,0.8681744337081909,-0.14339062571525574,0.8937981128692627,0.7798843383789062,0.8383980989456177,0.11018473654985428,0.8989777565002441,0.23548035323619843,0.8638302087783813,-0.27895376086235046,0.9404046535491943,0.6370226144790649,0.8432778120040894,0.025463173165917397,0.9466856122016907
66,2.2,0.3116101622581482,0.36240097880363464,-0.18574562668800354,0.999867856502533,0.3175355792045593,0.34782135486602783,-0.20426248013973236,0.9998025894165039,0.323621541261673,0.34652578830718994,-0.2045556753873825,0.9997047781944275,0.33078885078430176,0.3451755940914154,-0.20443062484264374,0.9998421669006348,0.3115670680999756,0.348139226436615,-0.13806088268756866,0.9998721480369568,0.3110312223434448,0.3475377559661865,-0.13868115842342377,0.999868631362915,0.3099474310874939,0.34687983989715576,-0.13875553011894226,0.9999244213104248,0.37043869495391846,0.34348100423812866,-0.1938638538122177,0.9998389482498169,0.33832117915153503,0.34782153367996216,0.10187821090221405,0.9997143149375916,0.33264023065567017,0.3719533085823059,-0.17010903358459473,0.9996733665466309,0.32286933064460754,0.37291640043258667,-0.08783923834562302,0.9996082782745361,0.4021971821784973,0.40279993414878845,-0.26902467012405396,0.9999481439590454,0.46026811003685,0.3996622562408447,0.3584378957748413,0.999747633934021,0.5247803330421448,0.4551216959953308,-0.46303948760032654,0.8627066016197205,0.5760783553123474,0.4656088352203369,0.4155001640319824,0.23626217246055603,0.5645297169685364,0.4962882995605469,-0.4646792411804199,0.6937108635902405,0.6430706977844238,0.5210226774215698,0.20025047659873962,0.41566288471221924,0.5796740055084229,0.5045328736305237,-0.5029850602149963,0.6594747304916382,0.6545566320419312,0.5358113050460815,0.15985582768917084,0.4540363848209381,0.5764355063438416,0.5064841508865356,-0.5053667426109314,0.6596534252166748,0.6492162346839905,0.5375336408615112,0.12041982263326645,0.4524118900299072,0.5742685794830322,0.5051376819610596,-0.4607151448726654,0.6311841607093811,0.643481969833374,0.5334979295730591,0.17390812933444977,0.43671709299087524,0.4763898551464081,0.5907340049743652,-0.23919372260570526,0.9999702572822571,0.5389062166213989,0.5822767019271851,0.2388853132724762,0.9999598860740662,0.35449400544166565,0.7002142071723938,-0.10912225395441055,0.9384467005729675,0.5909306406974792,0.6935232877731323,0.1919112354516983,0.8252848386764526,0.33780527114868164,0.8457013368606567,-0.0018457449041306973,0.9347814321517944,0.7301211953163147,0.8124611973762512,0.24096734821796417,0.9448939561843872,0.35981860756874084,0.8720098733901978,0.0019087160471826792,0.9042746424674988,0.7782442569732666,0.8367069363594055,0.24088644981384277,0.9087437987327576,0.2254483997821808,0.8668186068534851,-0.08953908085823059,0.9462674260139465,0.6372182369232178,0.8436765670776367,0.1772957593202591,0.9516186118125916
67,2.2333333333333334,0.3011094629764557,0.3611432909965515,-0.20437787473201752,0.9998809695243835,0.30663278698921204,0.3468495011329651,-0.22161081433296204,0.9998222589492798,0.3127175271511078,0.34577521681785583,-0.22186993062496185,0.9997342228889465,0.3204963207244873,0.34470266103744507,-0.22173911333084106,0.9998578429222107,0.3012130856513977,0.347297728061676,-0.15811100602149963,0.9998849034309387,0.3007078170776367,0.34704676270484924,-0.15878735482692719,0.9998817443847656,0.2997194826602936,0.34675854444503784,-0.15891751646995544,0.9999319314956665,0.3588431477546692,0.3438762128353119,-0.20272351801395416,0.9998549222946167,0.3287530243396759,0.3479301333427429,0.08183661103248596,0.9997427463531494,0.3212661147117615,0.3713826835155487,-0.1836603432893753,0.9997051954269409,0.3110859990119934,0.37170299887657166,-0.10549653321504593,0.9996465444564819,0.386277973651886,0.40598297119140625,-0.25470811128616333,0.9999510049819946,0.45271995663642883,0.39801034331321716,0.339627742767334,0.9997705817222595,0.514541506767273,0.47280389070510864,-0.3202688694000244,0.8743209838867188,0.566356897354126,0.4610111117362976,0.4012134075164795,0.23627935349941254,0.5031760931015015,0.49428266286849976,-0.19539882242679596,0.6887866854667664,0.6294354796409607,0.5171713829040527,0.1920609176158905,0.4541527330875397,0.5107476115226746,0.5058639645576477,-0.21075041592121124,0.6549270749092102,0.6473925709724426,0.5330309867858887,0.15197311341762543,0.4944796562194824,0.5117587447166443,0.501264750957489,-0.21243984997272491,0.6548448204994202,0.6391918659210205,0.5338320136070251,0.11902052909135818,0.4923504590988159,0.5195498466491699,0.49982118606567383,-0.18661439418792725,0.6260432004928589,0.6310878992080688,0.5295870900154114,0.1696351319551468,0.4739041328430176,0.45069625973701477,0.5930336713790894,-0.23508483171463013,0.9999702572822571,0.5126075744628906,0.5845435857772827,0.2347911149263382,0.9999622702598572,0.32753127813339233,0.7046777606010437,-0.10342766344547272,0.9442763328552246,0.5468568205833435,0.6950579285621643,0.17967265844345093,0.8400389552116394,0.33895567059516907,0.8463702201843262,0.06802540272474289,0.9410707354545593,0.7266966104507446,0.8103092312812805,0.20701459050178528,0.9495260119438171,0.36284297704696655,0.8729046583175659,0.0807061716914177,0.9132925271987915,0.7755693793296814,0.8306843638420105,0.20536039769649506,0.9171051383018494,0.2260848432779312,0.8698242902755737,0.022107401862740517,0.951175332069397,0.637852668762207,0.8438617587089539,0.1458670049905777,0.9553986191749573
68,2.2666666666666666,0.2932347059249878,0.357787549495697,-0.2488126903772354,0.9998924136161804,0.3015475869178772,0.34373730421066284,-0.2651410400867462,0.9998398423194885,0.3095216453075409,0.3427495062351227,-0.26545271277427673,0.9997605681419373,0.31763386726379395,0.34180039167404175,-0.26524174213409424,0.9998719096183777,0.29203522205352783,0.3447180390357971,-0.2021389603614807,0.9998961091041565,0.29011157155036926,0.34462934732437134,-0.2027120143175125,0.999893069267273,0.28718480467796326,0.3444879651069641,-0.2028731256723404,0.9999381899833679,0.355654776096344,0.3420656621456146,-0.2509952187538147,0.9998692274093628,0.3127196431159973,0.3473221957683563,0.028210105374455452,0.9997667074203491,0.31473633646965027,0.36887162923812866,-0.23273016512393951,0.9997313022613525,0.3002433776855469,0.36933258175849915,-0.1560829132795334,0.9996731877326965,0.3797667622566223,0.40585455298423767,-0.30181506276130676,0.9999518990516663,0.43108800053596497,0.3961504101753235,0.286652147769928,0.9996767640113831,0.5083312392234802,0.47380462288856506,-0.4696804881095886,0.8848944902420044,0.5288311243057251,0.44861921668052673,0.5491653084754944,0.214106947183609,0.5839420557022095,0.5257256031036377,-0.5004035830497742,0.7144508361816406,0.6052367687225342,0.4897884428501129,0.7398912906646729,0.41976118087768555,0.6109616756439209,0.5381152629852295,-0.5239080786705017,0.6826614737510681,0.6114727258682251,0.49662989377975464,0.7771018743515015,0.4645535945892334,0.6033416986465454,0.5417338609695435,-0.5395691394805908,0.6828389167785645,0.6020999550819397,0.49738794565200806,0.74004727602005,0.4619296193122864,0.5930705666542053,0.5401908159255981,-0.5002731084823608,0.6550478935241699,0.5978228449821472,0.5000383853912354,0.7260977625846863,0.4447780251502991,0.4347308278083801,0.5925738215446472,-0.22111564874649048,0.999964714050293,0.48432186245918274,0.5844112634658813,0.22065472602844238,0.9999499917030334,0.31034621596336365,0.7010557651519775,-0.08460668474435806,0.9451478719711304,0.4905986785888672,0.6972817182540894,0.1122618243098259,0.8381783366203308,0.3363577127456665,0.8469198346138,-0.0251483041793108,0.9463775157928467,0.6807740330696106,0.7946970462799072,0.10579915344715118,0.94755619764328,0.36278825998306274,0.8750726580619812,-0.027928508818149567,0.9206213355064392,0.7389460802078247,0.7962233424186707,0.1045307144522667,0.9193600416183472,0.21950526535511017,0.8783202171325684,-0.10083777457475662,0.9551734924316406,0.6389235258102417,0.8456786870956421,0.0782056674361229,0.9529328346252441
69,2.3,0.2871224582195282,0.35453295707702637,-0.3286196291446686,0.9999023079872131,0.2997111976146698,0.34054896235466003,-0.34100109338760376,0.9998554587364197,0.30874571204185486,0.3397431969642639,-0.34136006236076355,0.9997840523719788,0.31792110204696655,0.33921006321907043,-0.3411690890789032,0.9998843669891357,0.28703296184539795,0.34167367219924927,-0.2784992754459381,0.9999059438705444,0.2846650183200836,0.34176939725875854,-0.2790587842464447,0.9999028444290161,0.28196433186531067,0.3417690396308899,-0.2792256772518158,0.9999433755874634,0.3541300296783447,0.3420920968055725,-0.30321812629699707,0.9998818039894104,0.30385369062423706,0.34581175446510315,-0.02260180376470089,0.9997867941856384,0.30951154232025146,0.36578992009162903,-0.3030226230621338,0.9997523427009583,0.292330801486969,0.3662194013595581,-0.22634030878543854,0.999691367149353,0.3757476508617401,0.40454405546188354,-0.34795135259628296,0.9999514818191528,0.4124413728713989,0.39765021204948425,0.2639787495136261,0.9995567798614502,0.49134373664855957,0.473010778427124,-0.5328089594841003,0.8941112160682678,0.5006881952285767,0.4475783407688141,0.6033797860145569,0.1940990835428238,0.5788924098014832,0.5490027070045471,-0.6295963525772095,0.7375190258026123,0.5739959478378296,0.4866149425506592,0.8165923953056335,0.39122289419174194,0.6095250248908997,0.5506023168563843,-0.6707605719566345,0.7074066996574402,0.6085681319236755,0.49084043502807617,0.8548028469085693,0.4392487108707428,0.6014270782470703,0.5559172034263611,-0.6859226822853088,0.7078577876091003,0.5937052369117737,0.4903636574745178,0.8071345090866089,0.4368322491645813,0.592206597328186,0.5519150495529175,-0.6312631964683533,0.6803650259971619,0.5928272008895874,0.4937551021575928,0.7992626428604126,0.4198463261127472,0.4249313771724701,0.5910103917121887,-0.22011208534240723,0.999951958656311,0.45123884081840515,0.5853825807571411,0.2196233719587326,0.9999218583106995,0.2989928424358368,0.7010939121246338,-0.10982994735240936,0.9405830502510071,0.42519721388816833,0.7002765536308289,0.1147175282239914,0.8089578747749329,0.33141645789146423,0.8460373878479004,-0.10419200360774994,0.9503695368766785,0.6151799559593201,0.7785037755966187,0.19291183352470398,0.9155027270317078,0.36663195490837097,0.8752402067184448,-0.10620114207267761,0.9259350299835205,0.6672697067260742,0.7700545191764832,0.20409761369228363,0.9016099572181702,0.21182823181152344,0.8824218511581421,-0.21460632979869843,0.9578402042388916,0.6240742802619934,0.8455768823623657,0.17597724497318268,0.9261922240257263
70,2.3333333333333335,0.2858787775039673,0.3524319529533386,-0.3566030263900757,0.9999118447303772,0.30332422256469727,0.33838242292404175,-0.3579309582710266,0.9998697638511658,0.3133706748485565,0.3375698924064636,-0.35830605030059814,0.9998055100440979,0.3228910267353058,0.3370826244354248,-0.3581750690937042,0.9998958110809326,0.2848757207393646,0.3395424783229828,-0.29872360825538635,0.9999151229858398,0.28077927231788635,0.33962389826774597,-0.29923832416534424,0.9999123215675354,0.2773888409137726,0.339600145816803,-0.29934996366500854,0.9999486207962036,0.3546665906906128,0.3414437174797058,-0.28568246960639954,0.9998935461044312,0.2934187650680542,0.3441888391971588,-0.01424700953066349,0.9998065829277039,0.3090248703956604,0.3635684847831726,-0.3160313069820404,0.9997752904891968,0.2871056795120239,0.36408731341362,-0.24311591684818268,0.9997166991233826,0.3787665069103241,0.4035804271697998,-0.35820576548576355,0.9999557733535767,0.3747849464416504,0.4031406044960022,0.2916153073310852,0.9994333386421204,0.4986995756626129,0.471661239862442,-0.5380287766456604,0.9046061635017395,0.4388800263404846,0.48220816254615784,0.39915844798088074,0.17561382055282593,0.55130934715271,0.5436464548110962,-0.67680424451828,0.7634048461914062,0.4604508578777313,0.5529505610466003,0.22260870039463043,0.3538064658641815,0.5844736099243164,0.5639330148696899,-0.7455330491065979,0.736062228679657,0.465563029050827,0.5706890821456909,0.20309773087501526,0.398293673992157,0.5718271136283875,0.5683586001396179,-0.7548275589942932,0.7365009188652039,0.45323994755744934,0.5706892609596252,0.14902035892009735,0.39615103602409363,0.5587859749794006,0.563213050365448,-0.6790622472763062,0.7115146517753601,0.4543727934360504,0.5653160810470581,0.19028669595718384,0.381475567817688,0.4129619896411896,0.5904380083084106,-0.2369360774755478,0.9999544024467468,0.41442516446113586,0.5874782800674438,0.23652970790863037,0.9999188184738159,0.28394410014152527,0.7033912539482117,-0.27125492691993713,0.9463388919830322,0.36206287145614624,0.7025620937347412,0.15754587948322296,0.8227430582046509,0.3359827995300293,0.8483331799507141,-0.2127772718667984,0.9552200436592102,0.557751476764679,0.7701603174209595,0.3383733928203583,0.9215168952941895,0.3722962737083435,0.8735027313232422,-0.21445545554161072,0.9328213334083557,0.6045116186141968,0.7656656503677368,0.35429754853248596,0.9095583558082581,0.21677428483963013,0.8816314935684204,-0.3647575080394745,0.9618703722953796,0.539863646030426,0.8423528671264648,0.30127987265586853,0.9311115741729736
71,2.3666666666666667,0.28744012117385864,0.3513242304325104,-0.3785220682621002,0.9999204874038696,0.30489253997802734,0.33715829253196716,-0.37423694133758545,0.9998826384544373,0.31477585434913635,0.3363620936870575,-0.3746488690376282,0.9998248219490051,0.32531285285949707,0.3360379934310913,-0.37458738684654236,0.9999061226844788,0.2844463288784027,0.33835461735725403,-0.32184621691703796,0.9999234080314636,0.2791757881641388,0.33852845430374146,-0.3223332166671753,0.9999207854270935,0.27409109473228455,0.3386790156364441,-0.32243868708610535,0.9999533891677856,0.3564644157886505,0.3416441082954407,-0.279094934463501,0.9999040961265564,0.28804534673690796,0.3434378206729889,-0.036475442349910736,0.999824047088623,0.3099651634693146,0.36230677366256714,-0.3317127227783203,0.9997963905334473,0.28702446818351746,0.3628796637058258,-0.26785796880722046,0.9997406005859375,0.3763746917247772,0.4017798900604248,-0.3473736345767975,0.9999597668647766,0.353015273809433,0.40560728311538696,0.26876431703567505,0.9993295073509216,0.5018908381462097,0.4665589928627014,-0.5002598166465759,0.9140623807907104,0.4356619119644165,0.48038291931152344,0.3143393099308014,0.1589961051940918,0.5228967666625977,0.5441099405288696,-0.5771945714950562,0.7866279482841492,0.4684221148490906,0.5437716245651245,0.1285228729248047,0.32107552886009216,0.5412865877151489,0.5685694813728333,-0.6357720494270325,0.7615533471107483,0.4728231132030487,0.5633021593093872,0.10494280606508255,0.3635951578617096,0.5265027284622192,0.5727633833885193,-0.6426886916160583,0.7619568109512329,0.46487608551979065,0.565998911857605,0.05682508274912834,0.3616694509983063,0.5173792243003845,0.5665002465248108,-0.5762683749198914,0.7389796376228333,0.47322043776512146,0.5596420168876648,0.10009996592998505,0.3486693501472473,0.40138155221939087,0.5905026793479919,-0.22833187878131866,0.9999530911445618,0.38926225900650024,0.589482843875885,0.22794564068317413,0.999895453453064,0.27182459831237793,0.7032690644264221,-0.30151423811912537,0.9507575631141663,0.30834436416625977,0.7011750936508179,0.1575438231229782,0.7789509892463684,0.3379180133342743,0.8485406041145325,-0.21888481080532074,0.9590943455696106,0.49369287490844727,0.770495593547821,0.33045023679733276,0.8898748755455017,0.3721499443054199,0.8707174062728882,-0.2172117829322815,0.937700092792511,0.5446500182151794,0.769181489944458,0.343638151884079,0.8920623660087585,0.22627173364162445,0.8837590217590332,-0.3502994179725647,0.9649459719657898,0.4593561291694641,0.8369635343551636,0.2947324812412262,0.9101216197013855
72,2.4,0.28861570358276367,0.3484519124031067,-0.5153709650039673,0.9999271631240845,0.3079140782356262,0.3361344039440155,-0.5148030519485474,0.9998931884765625,0.3177952170372009,0.3361975848674774,-0.5152521133422852,0.9998409152030945,0.3278323709964752,0.33558279275894165,-0.515282154083252,0.9999145865440369,0.28587374091148376,0.3371942639350891,-0.46024665236473083,0.9999299645423889,0.27983927726745605,0.3378547430038452,-0.46081018447875977,0.9999271631240845,0.2749099135398865,0.3382593095302582,-0.46105414628982544,0.999956488609314,0.3563729524612427,0.3401679992675781,-0.41947442293167114,0.9999128580093384,0.28385087847709656,0.3425076901912689,-0.17372143268585205,0.9998335838317871,0.31149646639823914,0.36211517453193665,-0.4693179726600647,0.9998096227645874,0.2838940918445587,0.36190831661224365,-0.4026181995868683,0.9997487664222717,0.37505146861076355,0.4023032784461975,-0.47194287180900574,0.9999611377716064,0.34090733528137207,0.40566444396972656,0.1671334207057953,0.9992943406105042,0.5113400220870972,0.4687824249267578,-0.503892183303833,0.9185472130775452,0.4193820059299469,0.47343602776527405,0.20181642472743988,0.14367614686489105,0.4339662194252014,0.5333818197250366,-0.4265862703323364,0.7504363059997559,0.40011483430862427,0.545753002166748,-0.060844432562589645,0.29026275873184204,0.410958468914032,0.5541015267372131,-0.45622867345809937,0.7178967595100403,0.3966604769229889,0.5639575719833374,-0.09126848727464676,0.32984989881515503,0.39932483434677124,0.5554856657981873,-0.44745245575904846,0.7179975509643555,0.3814384937286377,0.5624548196792603,-0.14050152897834778,0.32807159423828125,0.4136342704296112,0.5507808327674866,-0.4128577709197998,0.692328155040741,0.3865136504173279,0.5569407343864441,-0.09151942282915115,0.31644925475120544,0.38602307438850403,0.5904375314712524,-0.235032320022583,0.9999470114707947,0.3691263794898987,0.587940514087677,0.23466743528842926,0.9998829364776611,0.2638179361820221,0.7043807506561279,-0.3252500891685486,0.9516341686248779,0.2793816924095154,0.6952534914016724,0.1733293980360031,0.7350075244903564,0.3219321668148041,0.8448783159255981,-0.16911573708057404,0.960506796836853,0.40735846757888794,0.776237428188324,0.3692082166671753,0.8633978366851807,0.35609978437423706,0.867024302482605,-0.16141857206821442,0.9362669587135315,0.4561871290206909,0.7792972922325134,0.3840532600879669,0.8746630549430847,0.22117559611797333,0.883722186088562,-0.2954288125038147,0.9641755223274231,0.3621693551540375,0.8365033864974976,0.31055617332458496,0.8840512633323669
73,2.433333333333333,0.2933347821235657,0.3419240713119507,-0.5201175212860107,0.9999337196350098,0.3110977113246918,0.3303458094596863,-0.5150078535079956,0.9999032020568848,0.3209473788738251,0.33062297105789185,-0.51545250415802,0.9998560547828674,0.3306012749671936,0.3308834433555603,-0.5153985023498535,0.9999226331710815,0.2885251045227051,0.3311636745929718,-0.46501362323760986,0.9999363422393799,0.28241151571273804,0.33201366662979126,-0.4655340313911438,0.9999335408210754,0.27662667632102966,0.33278605341911316,-0.46570342779159546,0.9999598860740662,0.3579683005809784,0.3388216197490692,-0.4002412259578705,0.9999210834503174,0.2799052596092224,0.33980685472488403,-0.17481109499931335,0.9998452067375183,0.316079705953598,0.35793498158454895,-0.467462956905365,0.9998251795768738,0.28662335872650146,0.3578745722770691,-0.40703651309013367,0.9997643232345581,0.3817322254180908,0.4011479318141937,-0.4461043179035187,0.9999639391899109,0.32373470067977905,0.4053906798362732,0.1613938957452774,0.9992853403091431,0.5292365550994873,0.46977338194847107,-0.5111347436904907,0.9243357181549072,0.3814835846424103,0.4710662364959717,0.2024092823266983,0.12962563335895538,0.4465474784374237,0.5330356359481812,-0.488919198513031,0.7403095960617065,0.35512107610702515,0.5311382412910461,-0.06930054724216461,0.2622590959072113,0.4244074523448944,0.5474264025688171,-0.5238951444625854,0.7011857628822327,0.3583621084690094,0.546354353427887,-0.10663719475269318,0.29940617084503174,0.41042396426200867,0.5263177156448364,-0.5088066458702087,0.701054573059082,0.3421292304992676,0.5477428436279297,-0.15276068449020386,0.29778382182121277,0.41733869910240173,0.5242207646369934,-0.4735880196094513,0.6696797609329224,0.3427855670452118,0.5432134866714478,-0.09942810237407684,0.2872869074344635,0.38602012395858765,0.5906987190246582,-0.23465293645858765,0.9999436736106873,0.3381001055240631,0.5882118344306946,0.23418687283992767,0.9998717308044434,0.276967853307724,0.709514856338501,-0.2664491534233093,0.9494429230690002,0.22566960752010345,0.6936570405960083,0.12805266678333282,0.6922134160995483,0.32443472743034363,0.8460696339607239,-0.09737448394298553,0.9611960053443909,0.3501567542552948,0.7839434742927551,0.3151106834411621,0.8317812085151672,0.35327717661857605,0.8676990270614624,-0.08336726576089859,0.9341675639152527,0.39203983545303345,0.7939257025718689,0.3288992941379547,0.854288637638092,0.21604809165000916,0.881790041923523,-0.2889391779899597,0.9636601805686951,0.2809525430202484,0.8363080024719238,0.2455720454454422,0.8593465685844421
74,2.466666666666667,0.2949978709220886,0.3354773223400116,-0.6010791659355164,0.999940037727356,0.3129464387893677,0.3237321972846985,-0.5885708928108215,0.9999125599861145,0.3227909803390503,0.323992520570755,-0.5890716314315796,0.9998701214790344,0.33222949504852295,0.32466718554496765,-0.5889841914176941,0.9999301433563232,0.2889993190765381,0.3245950937271118,-0.539758563041687,0.9999423623085022,0.28321436047554016,0.3250897228717804,-0.5402304530143738,0.9999397397041321,0.27773869037628174,0.3257782757282257,-0.5403464436531067,0.9999633431434631,0.3584293723106384,0.3339352011680603,-0.43106842041015625,0.9999287724494934,0.2791849672794342,0.33286967873573303,-0.20944906771183014,0.9998576045036316,0.3177609443664551,0.3512975573539734,-0.5325965881347656,0.9998412728309631,0.28811410069465637,0.3505043387413025,-0.4731127917766571,0.9997833967208862,0.3831789791584015,0.40061840415000916,-0.46260422468185425,0.9999671578407288,0.3095622658729553,0.40396571159362793,0.14383459091186523,0.9992936849594116,0.545210063457489,0.4674457013607025,-0.6252784132957458,0.9309578537940979,0.3696037828922272,0.4689658284187317,0.1258530467748642,0.11707840859889984,0.47914716601371765,0.5236639976501465,-0.8016360998153687,0.7556700110435486,0.35770848393440247,0.5255928635597229,-0.24532267451286316,0.23703333735466003,0.4562840759754181,0.5286461710929871,-0.8843132257461548,0.7167307734489441,0.35658153891563416,0.5392152070999146,-0.3086451590061188,0.27208632230758667,0.44653618335723877,0.5179206132888794,-0.8825753927230835,0.7171602845191956,0.3364722430706024,0.5455163717269897,-0.35770002007484436,0.2707042396068573,0.4544712007045746,0.5153205990791321,-0.7990818619728088,0.6816854476928711,0.34591659903526306,0.538142740726471,-0.28000426292419434,0.261054664850235,0.386174738407135,0.5895472764968872,-0.23330794274806976,0.9999446868896484,0.31697916984558105,0.5869513750076294,0.23284515738487244,0.9998687505722046,0.29204103350639343,0.7107585072517395,-0.2808549106121063,0.9526447653770447,0.20572759211063385,0.6936437487602234,0.1730610579252243,0.6697469353675842,0.3272479176521301,0.8445741534233093,-0.06658710539340973,0.9642387628555298,0.2701823115348816,0.7984030246734619,0.49416011571884155,0.8275111317634583,0.3545827567577362,0.8655979037284851,-0.05388316139578819,0.9374002814292908,0.2956988513469696,0.8168851733207703,0.5177133679389954,0.8514456152915955,0.22298961877822876,0.8794795870780945,-0.2814546227455139,0.9663683772087097,0.17660270631313324,0.8344113230705261,0.3670130968093872,0.858811616897583
75,2.5,0.297028511762619,0.32773903012275696,-0.5920491218566895,0.9999394416809082,0.31370073556900024,0.3176243305206299,-0.5709946751594543,0.9999129772186279,0.3235803246498108,0.31865888833999634,-0.5715335607528687,0.9998743534088135,0.33231979608535767,0.31976643204689026,-0.5714660286903381,0.9999315142631531,0.29107382893562317,0.31747716665267944,-0.5347943902015686,0.9999392032623291,0.28458958864212036,0.3179493844509125,-0.5353502631187439,0.9999347925186157,0.2793646454811096,0.31839719414711,-0.5355404019355774,0.9999551773071289,0.3588395118713379,0.32831960916519165,-0.39064234495162964,0.9999312162399292,0.27865472435951233,0.32423555850982666,-0.21889273822307587,0.999812126159668,0.3186478316783905,0.3443865180015564,-0.514019787311554,0.9998412728309631,0.2895139455795288,0.3424203395843506,-0.4704682230949402,0.9997567534446716,0.38850897550582886,0.3960975110530853,-0.39174219965934753,0.9999690651893616,0.2861824035644531,0.4030943512916565,0.10139118880033493,0.9992610812187195,0.5499352216720581,0.4627462923526764,-0.5446267127990723,0.9329149127006531,0.3423002064228058,0.4677930772304535,0.15159519016742706,0.105734683573246,0.48979276418685913,0.518413245677948,-0.7265121340751648,0.7424848079681396,0.34357750415802,0.524361252784729,-0.1084374412894249,0.21378996968269348,0.48268792033195496,0.5277203321456909,-0.8068951368331909,0.7037819623947144,0.3457637429237366,0.5392342805862427,-0.15917548537254333,0.24606794118881226,0.47366902232170105,0.5152397155761719,-0.817289412021637,0.7060735821723938,0.3285149335861206,0.5387986302375793,-0.21436718106269836,0.24485698342323303,0.477588951587677,0.5117906332015991,-0.7309214472770691,0.6643913388252258,0.330827921628952,0.5333051085472107,-0.14125075936317444,0.23617300391197205,0.3808729946613312,0.5874495506286621,-0.1869664043188095,0.9999476075172424,0.2905047535896301,0.5847015976905823,0.18670468032360077,0.9998749494552612,0.2993786334991455,0.7132754325866699,-0.23714688420295715,0.9522692561149597,0.20297321677207947,0.6980160474777222,0.07344217598438263,0.6759039163589478,0.32964158058166504,0.8444526791572571,0.10712271928787231,0.9650025367736816,0.23346222937107086,0.8112735748291016,0.3726353049278259,0.8358821272850037,0.35130903124809265,0.8592603802680969,0.1275048553943634,0.9299619793891907,0.25623148679733276,0.8322558403015137,0.38909170031547546,0.8503450751304626,0.23112381994724274,0.8779932260513306,-0.1148042157292366,0.9661373496055603,0.14763519167900085,0.8423153162002563,0.21345672011375427,0.8640219569206238
76,2.533333333333333,0.2974971830844879,0.3203884959220886,-0.5156283974647522,0.9999412894248962,0.3147799074649811,0.310905784368515,-0.49580293893814087,0.9999152421951294,0.3266810178756714,0.31238308548927307,-0.49658969044685364,0.9998796582221985,0.3343307077884674,0.3137567937374115,-0.49654853343963623,0.9999340176582336,0.2927820384502411,0.30978935956954956,-0.4619836211204529,0.9999390244483948,0.28676578402519226,0.3103195130825043,-0.4625411927700043,0.9999336004257202,0.28088849782943726,0.3109557032585144,-0.46262744069099426,0.9999522566795349,0.36014148592948914,0.3219180703163147,-0.23787850141525269,0.9999348521232605,0.2779552638530731,0.3175002634525299,-0.18181267380714417,0.9998009204864502,0.31971096992492676,0.3367951512336731,-0.4279956519603729,0.999851644039154,0.2917766869068146,0.33477410674095154,-0.3987208604812622,0.9997673034667969,0.406432569026947,0.39340507984161377,-0.18953841924667358,0.9999713897705078,0.25966134667396545,0.40219178795814514,0.13502642512321472,0.9992993474006653,0.5575133562088013,0.46007126569747925,-0.3316231071949005,0.9382145404815674,0.2764762341976166,0.47984543442726135,0.17557084560394287,0.10411534458398819,0.4988233745098114,0.5047920346260071,-0.6609508395195007,0.7642587423324585,0.257745623588562,0.5543996095657349,-0.09139502793550491,0.20013414323329926,0.48200955986976624,0.5146359205245972,-0.7514063715934753,0.7282006740570068,0.2460387945175171,0.5801849961280823,-0.15311884880065918,0.2333947718143463,0.4627220630645752,0.5061277151107788,-0.7651283144950867,0.7306012511253357,0.2428421676158905,0.5816096663475037,-0.21312890946865082,0.23272892832756042,0.4659248888492584,0.5018230676651001,-0.6688229441642761,0.6901387572288513,0.24802041053771973,0.5726715326309204,-0.12555494904518127,0.2250194400548935,0.37329575419425964,0.5843394994735718,-0.12632113695144653,0.9999512434005737,0.26984310150146484,0.5816100835800171,0.12595604360103607,0.9998831748962402,0.308727502822876,0.7133452892303467,-0.16352778673171997,0.9537844657897949,0.2015935331583023,0.7050344347953796,0.037558164447546005,0.6952100396156311,0.33161360025405884,0.8390495181083679,0.20619167387485504,0.9659619331359863,0.22088584303855896,0.8069871664047241,0.45635083317756653,0.8423502445220947,0.3428216576576233,0.8536744117736816,0.23004788160324097,0.9210149049758911,0.24577106535434723,0.8228532075881958,0.49203330278396606,0.8438699841499329,0.2711009979248047,0.87712562084198,-0.022182704880833626,0.9659289717674255,0.15520061552524567,0.8482066988945007,0.30423668026924133,0.8661687970161438
77,2.566666666666667,0.29972290992736816,0.31317758560180664,-0.43647944927215576,0.9999455809593201,0.3179994523525238,0.30334869027137756,-0.3898918032646179,0.9999201893806458,0.3290245831012726,0.304830938577652,-0.39042821526527405,0.9998874664306641,0.33716389536857605,0.3060590624809265,-0.39030173420906067,0.9999376535415649,0.29377731680870056,0.302895188331604,-0.3856002390384674,0.9999428391456604,0.28808340430259705,0.3036326766014099,-0.3861939311027527,0.999937891960144,0.282392293214798,0.3046071231365204,-0.386414498090744,0.9999551177024841,0.36088234186172485,0.3138292133808136,-0.16161733865737915,0.9999387264251709,0.27847054600715637,0.31132709980010986,-0.13027332723140717,0.999815046787262,0.32057756185531616,0.32843875885009766,-0.3390704393386841,0.9998647570610046,0.2929512560367584,0.3268597722053528,-0.3392593264579773,0.9997881650924683,0.41618314385414124,0.3908475637435913,-0.08760561048984528,0.9999733567237854,0.24056509137153625,0.395059734582901,0.11689674854278564,0.9993653893470764,0.5553046464920044,0.4534175395965576,-0.20455065369606018,0.9434872269630432,0.2278088629245758,0.4760963022708893,0.209922656416893,0.18261903524398804,0.5029805302619934,0.4948311448097229,-0.6357730627059937,0.7870349287986755,0.19535700976848602,0.5470742583274841,-0.007527409587055445,0.27823659777641296,0.4902063012123108,0.505398154258728,-0.6946415305137634,0.7543158531188965,0.17927215993404388,0.569072961807251,-0.06212647631764412,0.30789291858673096,0.46530261635780334,0.499250590801239,-0.7120676040649414,0.7565847039222717,0.17558202147483826,0.5703381896018982,-0.12758833169937134,0.30747249722480774,0.4630288779735565,0.4959014356136322,-0.6301597356796265,0.7195790410041809,0.18687492609024048,0.5629781484603882,-0.040601395070552826,0.2999727725982666,0.3732924461364746,0.5767784118652344,-0.08739148080348969,0.9999528527259827,0.26075485348701477,0.5745328664779663,0.0869666039943695,0.9998905658721924,0.33092668652534485,0.7116902470588684,-0.09516198933124542,0.9537432193756104,0.20343153178691864,0.7037256360054016,0.016608532518148422,0.7169885635375977,0.3331487774848938,0.8357263803482056,0.2447318583726883,0.9654287099838257,0.21703730523586273,0.8058660626411438,0.4364152252674103,0.8482958078384399,0.339246928691864,0.8488186597824097,0.2652989625930786,0.9061129689216614,0.24173137545585632,0.8185595273971558,0.4711461365222931,0.8339152932167053,0.27512913942337036,0.8765726089477539,0.018158333376049995,0.9647640585899353,0.17402905225753784,0.8522466421127319,0.28781628608703613,0.8695114254951477
78,2.6,0.31166818737983704,0.3112993538379669,-0.44626617431640625,0.9999372959136963,0.3267243802547455,0.30184850096702576,-0.3991491496562958,0.9998846054077148,0.3382319509983063,0.30278271436691284,-0.3996356129646301,0.999840259552002,0.34556055068969727,0.30355751514434814,-0.3995274007320404,0.9999030232429504,0.2999986410140991,0.3006661534309387,-0.40520045161247253,0.9999302625656128,0.2906668484210968,0.30101749300956726,-0.4059200584888458,0.9999280571937561,0.28266802430152893,0.3012813925743103,-0.40629008412361145,0.9999498724937439,0.3611525595188141,0.3095792233943939,-0.19049327075481415,0.9999046921730042,0.2805301249027252,0.30637603998184204,-0.17349161207675934,0.9998033046722412,0.32834377884864807,0.32545289397239685,-0.3508732318878174,0.9998635649681091,0.29593420028686523,0.3252362310886383,-0.3582856357097626,0.9997973442077637,0.42161238193511963,0.3884834349155426,-0.06906767189502716,0.9999717473983765,0.22241736948490143,0.38744884729385376,0.007545112166553736,0.9994257092475891,0.5444101691246033,0.4498637616634369,-0.051469650119543076,0.9337096214294434,0.18607625365257263,0.4742499887943268,0.11821907758712769,0.2532168924808502,0.45663490891456604,0.48693689703941345,-0.26128968596458435,0.7627999782562256,0.14467006921768188,0.5409688353538513,-0.03424258157610893,0.3466477692127228,0.42935994267463684,0.49714332818984985,-0.3156978189945221,0.7316996455192566,0.12633299827575684,0.5613685846328735,-0.08735024929046631,0.3722561001777649,0.41838568449020386,0.4915972352027893,-0.3484271764755249,0.7354223132133484,0.1217019259929657,0.5620387196540833,-0.1501053124666214,0.37210503220558167,0.42377570271492004,0.48750191926956177,-0.27518945932388306,0.6960049271583557,0.13431915640830994,0.5557191371917725,-0.06371017545461655,0.36399316787719727,0.3738915026187897,0.5745295286178589,-0.04716775193810463,0.9999557137489319,0.2504502534866333,0.5714341402053833,0.046638451516628265,0.9999001622200012,0.3462916612625122,0.7134135961532593,-0.054857268929481506,0.9535018801689148,0.20761044323444366,0.7028933763504028,-0.029439670965075493,0.7375878095626831,0.3284226357936859,0.8324496150016785,0.28806272149086,0.965154230594635,0.21443180739879608,0.8075451850891113,0.385781466960907,0.8590235114097595,0.32599884271621704,0.843022346496582,0.3088919222354889,0.8907573223114014,0.2360045313835144,0.8201018571853638,0.45495346188545227,0.829886794090271,0.2827868163585663,0.8762580752372742,0.0808531865477562,0.9631229043006897,0.1711968183517456,0.8555133938789368,0.18235185742378235,0.8766307830810547
79,2.6333333333333333,0.3232198655605316,0.3089328706264496,-0.44474202394485474,0.9999357461929321,0.337108314037323,0.29759758710861206,-0.3953111469745636,0.9998734593391418,0.3465941250324249,0.2981065511703491,-0.3958432078361511,0.9998242855072021,0.35571131110191345,0.2990809977054596,-0.3957332968711853,0.9998883008956909,0.31043490767478943,0.2973322570323944,-0.4018992483615875,0.999929666519165,0.2993217408657074,0.2976848781108856,-0.40263769030570984,0.9999287724494934,0.29093387722969055,0.2982182800769806,-0.4030255973339081,0.9999510049819946,0.3634641468524933,0.3057020306587219,-0.1611609160900116,0.9998911619186401,0.28293630480766296,0.304538756608963,-0.17823649942874908,0.9998132586479187,0.33839672803878784,0.3236123025417328,-0.3432942032814026,0.9998666644096375,0.3048778474330902,0.3225650191307068,-0.3538297116756439,0.9998116493225098,0.42709389328956604,0.38717567920684814,-0.0004774343688040972,0.9999677538871765,0.21362732350826263,0.38227716088294983,-0.006616455968469381,0.999481201171875,0.5121592879295349,0.44715628027915955,0.16427746415138245,0.8839355707168579,0.1590404361486435,0.4666009843349457,0.15762034058570862,0.3154146075248718,0.4581651985645294,0.47287479043006897,0.12577368319034576,0.7188379764556885,0.10341739654541016,0.5368538498878479,0.11434165388345718,0.4087054431438446,0.4357714056968689,0.4804365634918213,0.10897182673215866,0.6944077610969543,0.08361323922872543,0.5589162707328796,0.08401601016521454,0.43062734603881836,0.4272848665714264,0.47500181198120117,0.061854422092437744,0.6998451948165894,0.08186115324497223,0.5572018623352051,0.023546762764453888,0.43077585101127625,0.42986607551574707,0.4722774624824524,0.10982415825128555,0.6607103943824768,0.09379874169826508,0.5517803430557251,0.09084965288639069,0.42208391427993774,0.37461191415786743,0.5748618245124817,-0.016962727531790733,0.9999586343765259,0.24191413819789886,0.5706833600997925,0.016500243917107582,0.9999092221260071,0.35148632526397705,0.7174025774002075,0.0018642055802047253,0.95096355676651,0.20878128707408905,0.7053360939025879,-0.018658289685845375,0.7548744678497314,0.3255074918270111,0.8287825584411621,0.42134854197502136,0.960823118686676,0.20875723659992218,0.8099897503852844,0.4013760983943939,0.866582453250885,0.3152923285961151,0.8368086814880371,0.45141369104385376,0.8623708486557007,0.22717973589897156,0.8221611976623535,0.4418994188308716,0.8137709498405457,0.2968009412288666,0.8755302429199219,0.24810945987701416,0.9572827219963074,0.18131650984287262,0.8588754534721375,0.22656746208667755,0.8800755143165588
80,2.6666666666666665,0.33913230895996094,0.30845874547958374,-0.4369807839393616,0.999904215335846,0.353015273809433,0.2972058951854706,-0.3866621255874634,0.9997599720954895,0.36057785153388977,0.29804256558418274,-0.3872082233428955,0.9996745586395264,0.36867550015449524,0.2990904748439789,-0.38708359003067017,0.9997740387916565,0.3232499063014984,0.29614752531051636,-0.3993918001651764,0.9998854994773865,0.3126644492149353,0.2965394854545593,-0.4000887870788574,0.9998909831047058,0.3045397102832794,0.2970278859138489,-0.4004289507865906,0.9999284744262695,0.36911967396736145,0.304740846157074,-0.13862350583076477,0.9997501373291016,0.2854693830013275,0.3030458390712738,-0.17458288371562958,0.9997605085372925,0.3514470160007477,0.3226567804813385,-0.3317564129829407,0.9998176097869873,0.318368136882782,0.32193079590797424,-0.34955713152885437,0.999790608882904,0.42804744839668274,0.3861061632633209,-0.018903469666838646,0.9999513626098633,0.21374505758285522,0.3790892958641052,-0.020193029195070267,0.9995242357254028,0.48476940393447876,0.448029100894928,-0.13322751224040985,0.8371778726577759,0.13692758977413177,0.46011513471603394,0.051570456475019455,0.3688986301422119,0.44498303532600403,0.46361222863197327,-0.5785910487174988,0.6838829517364502,0.0717347040772438,0.5262924432754517,-0.07811318337917328,0.4607508182525635,0.4306522309780121,0.47075754404067993,-0.6773836612701416,0.6711646318435669,0.04909386485815048,0.5502875447273254,-0.13161100447177887,0.4793444275856018,0.4214093089103699,0.46061596274375916,-0.7149388790130615,0.6789410710334778,0.04904898628592491,0.5516823530197144,-0.20010988414287567,0.48013776540756226,0.42118677496910095,0.45789438486099243,-0.6061676740646362,0.6366699934005737,0.06160910800099373,0.5455441474914551,-0.10958176851272583,0.47029367089271545,0.3749135434627533,0.5739233493804932,-0.009433498606085777,0.9999598264694214,0.23889179527759552,0.5697723627090454,0.008915280923247337,0.9999164938926697,0.357738196849823,0.7166082859039307,0.023667167872190475,0.9468072652816772,0.21133823692798615,0.7075983881950378,-0.02672875113785267,0.7708213925361633,0.3214481770992279,0.8280514478683472,0.4004673957824707,0.9588395953178406,0.2009977102279663,0.8174436688423157,0.3864935040473938,0.8744648694992065,0.3025673031806946,0.8385894894599915,0.42363065481185913,0.8445408344268799,0.2148904800415039,0.8320204615592957,0.4148179888725281,0.8018120527267456,0.3164309561252594,0.8746194839477539,0.200929656624794,0.9539008736610413,0.16949152946472168,0.8637090921401978,0.1891980767250061,0.8831908106803894
81,2.7,0.3541908264160156,0.3099355399608612,-0.4691336452960968,0.9998263716697693,0.36286261677742004,0.2988254427909851,-0.4227142632007599,0.9995253682136536,0.37223827838897705,0.29953640699386597,-0.42330312728881836,0.9993470311164856,0.3793807923793793,0.30014732480049133,-0.4231625497341156,0.9995245337486267,0.3365219831466675,0.2977943420410156,-0.4414859414100647,0.9998050928115845,0.3267814517021179,0.2979326844215393,-0.4423004686832428,0.9998294711112976,0.31599849462509155,0.29822617769241333,-0.44274604320526123,0.9998977780342102,0.3756004869937897,0.3052350878715515,-0.18016038835048676,0.9994606971740723,0.29266929626464844,0.3047366440296173,-0.23489275574684143,0.9996863007545471,0.3666686713695526,0.3229096531867981,-0.35721269249916077,0.9996564984321594,0.33474114537239075,0.3231864869594574,-0.38775303959846497,0.9997227787971497,0.42840826511383057,0.3863791525363922,-0.027079638093709946,0.9998638033866882,0.2172369807958603,0.3780069649219513,-0.07353872060775757,0.9995567798614502,0.42532509565353394,0.4587474763393402,0.031577788293361664,0.7580833435058594,0.12295496463775635,0.45767179131507874,0.038024935871362686,0.4022732079029083,0.3594502806663513,0.5127843618392944,-0.13969925045967102,0.6168034076690674,0.03776027262210846,0.5229986310005188,-0.043081510812044144,0.4837418496608734,0.3467717170715332,0.527730405330658,-0.18223194777965546,0.606209933757782,0.007773407734930515,0.5424188375473022,-0.0842767208814621,0.4977095425128937,0.35119131207466125,0.5212261080741882,-0.23302660882472992,0.6135384440422058,0.007150362711399794,0.5457573533058167,-0.15024934709072113,0.5020772814750671,0.35099780559539795,0.5141891241073608,-0.16250094771385193,0.5752875208854675,0.023699074983596802,0.5416102409362793,-0.07225247472524643,0.48882800340652466,0.3727022707462311,0.574251651763916,0.01965216174721718,0.9999449849128723,0.24038077890872955,0.5698122978210449,-0.020211847499012947,0.9999169707298279,0.35907796025276184,0.7176785469055176,0.03982310742139816,0.9317725300788879,0.21089281141757965,0.710816502571106,-0.07887400686740875,0.7775210738182068,0.3105370104312897,0.8294375538825989,0.41572439670562744,0.9499608874320984,0.19036248326301575,0.8309535980224609,0.26485151052474976,0.8787722587585449,0.28146329522132874,0.8414293527603149,0.4381362199783325,0.8162059783935547,0.19624891877174377,0.8479192852973938,0.28757938742637634,0.7730728387832642,0.3305334448814392,0.8745673894882202,0.1929928958415985,0.9450856447219849,0.1727564036846161,0.8751994967460632,0.015514860861003399,0.8827793598175049
82,2.7333333333333334,0.3748553693294525,0.31204208731651306,-0.46254730224609375,0.9997860789299011,0.3783952593803406,0.3008427619934082,-0.4162014424800873,0.9994305968284607,0.3846977651119232,0.3014410138130188,-0.4168296754360199,0.9992337226867676,0.39158928394317627,0.3019288182258606,-0.4166983366012573,0.9994261264801025,0.3553493320941925,0.3000032305717468,-0.43285131454467773,0.9997615218162537,0.345894992351532,0.30022987723350525,-0.4336300194263458,0.999798595905304,0.3346559405326843,0.3005727231502533,-0.43404701352119446,0.9998780488967896,0.38151854276657104,0.3072696328163147,-0.16362716257572174,0.9993678331375122,0.306754469871521,0.3068099617958069,-0.2559892535209656,0.9996374845504761,0.38233283162117004,0.32525020837783813,-0.35331884026527405,0.9995077848434448,0.35584792494773865,0.32531657814979553,-0.3839612305164337,0.9996404647827148,0.4262506663799286,0.38803809881210327,0.00746917212381959,0.9997916221618652,0.22708988189697266,0.37784695625305176,-0.1310473084449768,0.9995781183242798,0.3710920512676239,0.4642595648765564,0.17059887945652008,0.6873582601547241,0.12582674622535706,0.4516114592552185,-0.08362182229757309,0.4414915442466736,0.3345833122730255,0.531689465045929,0.13704046607017517,0.5568805932998657,0.023480620235204697,0.514616072177887,-0.16641663014888763,0.5016277432441711,0.3264881670475006,0.5494015216827393,0.1259683221578598,0.5482323169708252,-0.009969611652195454,0.5293146967887878,-0.20020300149917603,0.5100739002227783,0.33451348543167114,0.545728325843811,0.0699627473950386,0.5552361607551575,-0.012622109614312649,0.5311798453330994,-0.2600095868110657,0.5180995464324951,0.3340286910533905,0.5378303527832031,0.11522139608860016,0.5207864046096802,0.004648407455533743,0.5297475457191467,-0.1927691400051117,0.5033987760543823,0.3663250803947449,0.574489951133728,0.05671689286828041,0.9999247789382935,0.24182115495204926,0.5701812505722046,-0.057251282036304474,0.999911367893219,0.3605642020702362,0.7114808559417725,0.009053249843418598,0.9314448833465576,0.21516288816928864,0.710281491279602,-0.10127677023410797,0.792121171951294,0.29982584714889526,0.8251115679740906,0.32988056540489197,0.9505634307861328,0.18114160001277924,0.8285952806472778,0.21023614704608917,0.8877665996551514,0.2692616879940033,0.838127613067627,0.3484634757041931,0.8177784085273743,0.1844392567873001,0.8432105779647827,0.23136325180530548,0.7679590582847595,0.34486380219459534,0.8703304529190063,0.11796637624502182,0.9461140632629395,0.1799294799566269,0.8754220008850098,-0.030706236138939857,0.8895498514175415
83,2.7666666666666666,0.3904379904270172,0.3124050796031952,-0.4502689838409424,0.9997877478599548,0.3906365633010864,0.30122172832489014,-0.39469417929649353,0.9994397759437561,0.3962767720222473,0.3017219603061676,-0.39526134729385376,0.9992482662200928,0.40093794465065,0.30207598209381104,-0.3950658440589905,0.999430239200592,0.37173980474472046,0.3005850911140442,-0.4253753125667572,0.9997655153274536,0.361040323972702,0.3008013665676117,-0.4261212944984436,0.9998043775558472,0.35119354724884033,0.3012843132019043,-0.42650049924850464,0.999881386756897,0.3865286409854889,0.30737823247909546,-0.12567541003227234,0.9993671178817749,0.3194381892681122,0.3081349730491638,-0.2603887915611267,0.9996487498283386,0.39483770728111267,0.32543283700942993,-0.3350139558315277,0.9994879961013794,0.3693470358848572,0.32580849528312683,-0.37735870480537415,0.9996370077133179,0.4200504720211029,0.3927533030509949,0.07117131352424622,0.9997352361679077,0.23523537814617157,0.379042387008667,-0.1598498523235321,0.9996078014373779,0.3642514944076538,0.46945828199386597,0.21679377555847168,0.6229032278060913,0.1296606957912445,0.44879060983657837,-0.1430666148662567,0.4873808026313782,0.3374525308609009,0.5358833074569702,0.10431554913520813,0.5032861232757568,0.01454849261790514,0.5087197422981262,-0.25306522846221924,0.5339842438697815,0.3315016031265259,0.5532212257385254,0.08253597468137741,0.49668559432029724,-0.022658318281173706,0.5169421434402466,-0.29661086201667786,0.5371446013450623,0.33944040536880493,0.5495441555976868,0.0221017524600029,0.5035118460655212,-0.026690196245908737,0.5184873938560486,-0.35336068272590637,0.5468605756759644,0.3388737142086029,0.5416625142097473,0.0775548666715622,0.4724872410297394,-0.007550893351435661,0.5196608304977417,-0.27872323989868164,0.530432403087616,0.36167508363723755,0.5745922327041626,0.08060331642627716,0.999917209148407,0.24652622640132904,0.5705457329750061,-0.08115077018737793,0.9999127388000488,0.3591781258583069,0.7059859037399292,-0.004528815392404795,0.9337010383605957,0.2170284539461136,0.7096983194351196,-0.09469817578792572,0.8082702159881592,0.2879910171031952,0.8216089010238647,0.3007391393184662,0.9530952572822571,0.16784442961215973,0.8245126605033875,0.24376288056373596,0.8971551060676575,0.2561401128768921,0.8337222337722778,0.3175572156906128,0.8264269828796387,0.1632896214723587,0.8384038209915161,0.26747509837150574,0.772255539894104,0.338584840297699,0.8677871823310852,0.09220287203788757,0.9493550062179565,0.17207874357700348,0.8718627691268921,0.001641265582293272,0.8977500200271606
84,2.8,0.40300458669662476,0.31986984610557556,-0.440505713224411,0.9998058676719666,0.4016708731651306,0.30750638246536255,-0.37933486700057983,0.9994879364967346,0.4053322970867157,0.30770066380500793,-0.379913866519928,0.9993151426315308,0.409410685300827,0.3079569935798645,-0.3796743154525757,0.9994791746139526,0.3842231333255768,0.3061714768409729,-0.4232775866985321,0.9997850656509399,0.37568292021751404,0.3061855435371399,-0.4240373969078064,0.9998214244842529,0.36536818742752075,0.30682533979415894,-0.4244091510772705,0.9998908638954163,0.39214807748794556,0.31480512022972107,-0.08842048048973083,0.9994228482246399,0.33313167095184326,0.3148565888404846,-0.29666459560394287,0.9996786117553711,0.40357449650764465,0.3328016996383667,-0.32048705220222473,0.9995205402374268,0.3801259398460388,0.3324214816093445,-0.3805772066116333,0.9996597170829773,0.41143539547920227,0.4017225205898285,0.15045617520809174,0.9997167587280273,0.2407972812652588,0.37921959161758423,-0.25183525681495667,0.9996265769004822,0.3831339180469513,0.4810178279876709,0.2911584973335266,0.5843554735183716,0.13036084175109863,0.44950923323631287,-0.3402636647224426,0.5353550910949707,0.49784958362579346,0.5105668306350708,0.13466595113277435,0.4861937463283539,0.009504319168627262,0.5070882439613342,-0.48991966247558594,0.5652654767036438,0.5254069566726685,0.5140699148178101,0.1199534609913826,0.48576295375823975,-0.02712448127567768,0.5114920735359192,-0.5388928055763245,0.5621978640556335,0.5290265679359436,0.5247310400009155,0.046401504427194595,0.49835073947906494,-0.03383464366197586,0.5138612985610962,-0.5896152257919312,0.5743075609207153,0.5172646045684814,0.5225225687026978,0.09799393266439438,0.47230640053749084,-0.011822286993265152,0.5160455703735352,-0.515531063079834,0.5587788224220276,0.3566252291202545,0.5777617692947388,0.12724123895168304,0.9999113082885742,0.2542484998703003,0.5728508234024048,-0.12777739763259888,0.9999098777770996,0.3575264513492584,0.7056962251663208,0.12779121100902557,0.9381193518638611,0.2298906147480011,0.7063294649124146,-0.1443418264389038,0.826221227645874,0.27589544653892517,0.8191131353378296,0.38742417097091675,0.9572979807853699,0.15158358216285706,0.8035238981246948,0.26528382301330566,0.9068771600723267,0.240663081407547,0.832942008972168,0.3991159200668335,0.84209144115448,0.12475208938121796,0.8092511296272278,0.2854468822479248,0.7900254130363464,0.3367648720741272,0.8673540353775024,0.14849987626075745,0.9540702104568481,0.18461185693740845,0.8585736155509949,0.059355586767196655,0.9072922468185425
85,2.8333333333333335,0.4143272936344147,0.32963481545448303,-0.4673141837120056,0.9998235106468201,0.41049855947494507,0.31827279925346375,-0.3986507058143616,0.9995349645614624,0.41492533683776855,0.31851840019226074,-0.3992912173271179,0.9993792772293091,0.4193202555179596,0.3188193142414093,-0.39898940920829773,0.9995269775390625,0.3962734341621399,0.3169209063053131,-0.46323105692863464,0.9998041987419128,0.38660162687301636,0.3165873885154724,-0.463967889547348,0.9998376965522766,0.3761858344078064,0.3164186477661133,-0.464309424161911,0.9998999238014221,0.39856386184692383,0.32610902190208435,-0.1063457727432251,0.999476969242096,0.3420482575893402,0.32338210940361023,-0.3560139536857605,0.9997068643569946,0.4150170087814331,0.3420533239841461,-0.33418866991996765,0.9995530843734741,0.3930492103099823,0.34104400873184204,-0.4244544208049774,0.9996806979179382,0.40122494101524353,0.4095102846622467,0.1465863138437271,0.9996926784515381,0.2476552575826645,0.3848419487476349,-0.32792356610298157,0.9996248483657837,0.4065552055835724,0.48538970947265625,0.20905068516731262,0.5378672480583191,0.1322859525680542,0.4505571722984314,-0.48447656631469727,0.5752755999565125,0.5084855556488037,0.5037246942520142,-0.031033622100949287,0.45825546979904175,0.0006660884246230125,0.5040417313575745,-0.6618019342422485,0.5673716068267822,0.5273266434669495,0.5148507356643677,-0.06097925454378128,0.46647343039512634,-0.03257177770137787,0.5065430402755737,-0.7171609401702881,0.5598124265670776,0.5369626879692078,0.515177845954895,-0.12193743139505386,0.4835015535354614,-0.041428808122873306,0.5094475746154785,-0.7629908323287964,0.5765160322189331,0.5262187719345093,0.5146439671516418,-0.06363141536712646,0.4607427716255188,-0.02000395581126213,0.5113319158554077,-0.6864598393440247,0.5618982315063477,0.35223567485809326,0.581559419631958,0.1573801338672638,0.9998993873596191,0.2553655505180359,0.5776075124740601,-0.15785901248455048,0.9998999834060669,0.3560101091861725,0.7058654427528381,0.22858212888240814,0.940660834312439,0.2831254005432129,0.7062304615974426,-0.26827067136764526,0.8428294062614441,0.2602996826171875,0.8201156854629517,0.4619520902633667,0.9610510468482971,0.1394311636686325,0.7840675115585327,0.115174800157547,0.9157102108001709,0.22247017920017242,0.8345138430595398,0.47123920917510986,0.8567909598350525,0.10028181970119476,0.7800575494766235,0.1486356258392334,0.8075244426727295,0.34265264868736267,0.8674561381340027,0.24943922460079193,0.9583249688148499,0.15155597031116486,0.8466895818710327,-0.05309731513261795,0.9160492420196533
86,2.8666666666666667,0.42102134227752686,0.3389454483985901,-0.45191505551338196,0.9998406767845154,0.41718974709510803,0.3280978500843048,-0.3834020793437958,0.9995802044868469,0.41989609599113464,0.32828575372695923,-0.38404181599617004,0.99944007396698,0.42307770252227783,0.3284180462360382,-0.3838222920894623,0.9995730519294739,0.4043760895729065,0.3272857069969177,-0.45026957988739014,0.9998231530189514,0.39802247285842896,0.3271915912628174,-0.45099931955337524,0.9998534917831421,0.38967350125312805,0.3268590569496155,-0.4513618052005768,0.9999093413352966,0.4011182188987732,0.3352333605289459,-0.08638960868120193,0.999528706073761,0.3516017198562622,0.3319643437862396,-0.3853491544723511,0.9997350573539734,0.41963985562324524,0.3514491617679596,-0.3238395154476166,0.9995927810668945,0.40341880917549133,0.35026827454566956,-0.4144182503223419,0.9997079968452454,0.39390936493873596,0.4136194586753845,0.20774616301059723,0.9997016787528992,0.2638537883758545,0.3910577893257141,-0.4175623953342438,0.9996318817138672,0.39183104038238525,0.48481497168540955,0.5446059107780457,0.5153944492340088,0.1370915174484253,0.45051345229148865,-0.6563616991043091,0.6167894005775452,0.512970507144928,0.49611568450927734,0.6708868741989136,0.45924440026283264,0.0017347884131595492,0.4956105649471283,-0.8330881595611572,0.5851960778236389,0.5302504897117615,0.507938027381897,0.7188038229942322,0.470881849527359,-0.03145310655236244,0.4973324239253998,-0.8887020349502563,0.5693615674972534,0.5480512976646423,0.4984601140022278,0.6412127017974854,0.4926634430885315,-0.042218927294015884,0.5008436441421509,-0.9143756628036499,0.5897642970085144,0.5328623652458191,0.4967378079891205,0.6403219699859619,0.4770880937576294,-0.02046225406229496,0.5021301507949829,-0.8501263856887817,0.5773413181304932,0.34938472509384155,0.5860301852226257,0.20710623264312744,0.9998988509178162,0.26450496912002563,0.5833061933517456,-0.20754559338092804,0.9998971819877625,0.3566160500049591,0.7091068029403687,0.2954255938529968,0.9441015720367432,0.32519516348838806,0.7094662189483643,-0.4023996889591217,0.8584648370742798,0.26753678917884827,0.8206833004951477,0.5213657021522522,0.9646568894386292,0.1372012346982956,0.7675062417984009,-0.07988572120666504,0.9240473508834839,0.22879189252853394,0.8369635343551636,0.5313642024993896,0.8707079887390137,0.09300025552511215,0.7596980333328247,-0.04589354619383812,0.8262197971343994,0.34986233711242676,0.867565929889679,0.3732137084007263,0.9622904658317566,0.11560556292533875,0.8351871371269226,-0.17036376893520355,0.9243528842926025
87,2.9,0.4246428906917572,0.3427182734012604,-0.42616161704063416,0.9998557567596436,0.42167752981185913,0.3318319022655487,-0.3574602007865906,0.9996207356452942,0.42467859387397766,0.33180320262908936,-0.35803160071372986,0.9994943737983704,0.4285319149494171,0.3318236470222473,-0.35778146982192993,0.9996142387390137,0.40763023495674133,0.3312609791755676,-0.4357767403125763,0.9998400807380676,0.4011368751525879,0.3311076760292053,-0.4363977611064911,0.9998674988746643,0.393492728471756,0.3307199478149414,-0.43672558665275574,0.9999176263809204,0.405722975730896,0.3380306661128998,-0.040264472365379333,0.9995747804641724,0.3563055992126465,0.33548247814178467,-0.3421960771083832,0.999760091304779,0.42343300580978394,0.35513386130332947,-0.2982315123081207,0.9996263980865479,0.40765079855918884,0.3540809452533722,-0.41031473875045776,0.9997308254241943,0.38460421562194824,0.4126337170600891,0.24689248204231262,0.9997018575668335,0.2791573703289032,0.3929874002933502,-0.37451061606407166,0.9996431469917297,0.35435807704925537,0.4894047677516937,0.38259005546569824,0.4680585563182831,0.14870426058769226,0.44521021842956543,-0.591754138469696,0.6529774069786072,0.36279234290122986,0.5718196630477905,0.24521441757678986,0.4179591238498688,0.014918597415089607,0.4807196259498596,-0.7554072141647339,0.5926156044006348,0.3725481331348419,0.5925966501235962,0.244340181350708,0.4323911666870117,-0.020874524489045143,0.4847377836704254,-0.8248068690299988,0.5727630853652954,0.38077524304389954,0.589837372303009,0.17886237800121307,0.45332834124565125,-0.03184615075588226,0.4860023856163025,-0.8444125652313232,0.5953556895256042,0.37517228722572327,0.5814861059188843,0.2151934802532196,0.4395657479763031,-0.010348288342356682,0.4875946640968323,-0.7689415812492371,0.5802879929542542,0.34453117847442627,0.5908209085464478,0.22391198575496674,0.9999039173126221,0.2687482535839081,0.5878521800041199,-0.22414718568325043,0.9999032020568848,0.35786157846450806,0.7091619968414307,0.3619477152824402,0.9466968178749084,0.34960606694221497,0.7093580961227417,-0.7027857303619385,0.8726091384887695,0.2703980505466461,0.8212882280349731,0.6148134469985962,0.9680427312850952,0.13789090514183044,0.7489926815032959,-0.4549398124217987,0.9316207766532898,0.23294328153133392,0.8372812271118164,0.6246906518936157,0.8832978010177612,0.09258981049060822,0.7367528080940247,-0.42776060104370117,0.8433462977409363,0.3551466166973114,0.8660736083984375,0.4663746654987335,0.9659284353256226,0.10947204381227493,0.8218091726303101,-0.568244993686676,0.9318920373916626
88,2.933333333333333,0.43009135127067566,0.342598021030426,-0.33895450830459595,0.9998699426651001,0.4265539348125458,0.3303437829017639,-0.27730175852775574,0.9996579885482788,0.42926275730133057,0.3301822543144226,-0.27788516879081726,0.9995441436767578,0.43271908164024353,0.3301389813423157,-0.27772456407546997,0.999652087688446,0.4147954285144806,0.3297744691371918,-0.3496522605419159,0.9998558163642883,0.40791991353034973,0.32949239015579224,-0.3503531217575073,0.9998806118965149,0.4011783301830292,0.32915422320365906,-0.35072851181030273,0.9999256134033203,0.40616685152053833,0.3358442187309265,0.005450001917779446,0.9996169209480286,0.36448943614959717,0.3335137665271759,-0.31562405824661255,0.9997836351394653,0.42616385221481323,0.3551406264305115,-0.2284536361694336,0.9996617436408997,0.41374751925468445,0.35354170203208923,-0.3301178216934204,0.9997560977935791,0.380948543548584,0.41052454710006714,0.28292301297187805,0.9997238516807556,0.2939804792404175,0.3924320340156555,-0.3757806420326233,0.9996750354766846,0.37105080485343933,0.48776406049728394,0.6349311470985413,0.45333340764045715,0.1627618968486786,0.43114954233169556,-0.679068386554718,0.6875573992729187,0.4447585344314575,0.5227233171463013,0.7936146259307861,0.4433775246143341,0.03795156627893448,0.4557296633720398,-0.9654000997543335,0.6329149007797241,0.4675195813179016,0.5673582553863525,0.8502692580223083,0.45742830634117126,0.005667560733854771,0.45788097381591797,-1.0431692600250244,0.614672064781189,0.488821804523468,0.5675705671310425,0.7660326361656189,0.4803009331226349,-0.0015505364863201976,0.4555136263370514,-1.0620787143707275,0.6351277232170105,0.4816838204860687,0.570672333240509,0.7620500922203064,0.47042515873908997,0.01735709235072136,0.45682018995285034,-0.9823248982429504,0.6213184595108032,0.3420298397541046,0.589424729347229,0.21814776957035065,0.9999114871025085,0.2762429118156433,0.5862439870834351,-0.2184208184480667,0.9999111294746399,0.3575107455253601,0.7089837789535522,0.25513967871665955,0.9499133229255676,0.3631410002708435,0.6958991289138794,-0.6076198816299438,0.885320782661438,0.26282867789268494,0.8254905939102173,0.5809876918792725,0.9709309935569763,0.14930613338947296,0.7321884036064148,-0.35338112711906433,0.9383566379547119,0.2199927419424057,0.8457939028739929,0.5277012586593628,0.8946171402931213,0.10538490861654282,0.7238284349441528,-0.3245018720626831,0.8584878444671631,0.3521110415458679,0.8660601377487183,0.30450016260147095,0.9691332578659058,0.12331981956958771,0.8044055104255676,-0.4133521318435669,0.9386186003684998
89,2.966666666666667,0.43681055307388306,0.34017878770828247,-0.3394105136394501,0.9998827576637268,0.4322143495082855,0.32822927832603455,-0.2798183560371399,0.9996918439865112,0.43420055508613586,0.32836705446243286,-0.28043726086616516,0.9995893239974976,0.43692079186439514,0.32877784967422485,-0.28027310967445374,0.9996865391731262,0.42110952734947205,0.3275589644908905,-0.34618470072746277,0.9998700618743896,0.4139325022697449,0.327361524105072,-0.34682953357696533,0.9998924136161804,0.4066009819507599,0.32712867856025696,-0.34712955355644226,0.9999328851699829,0.4094749093055725,0.33568552136421204,0.010926962830126286,0.99965500831604,0.3708539307117462,0.3331278860569,-0.30387285351753235,0.9998049139976501,0.43029657006263733,0.3528347611427307,-0.2261863350868225,0.999694287776947,0.4187665283679962,0.35149702429771423,-0.3189416825771332,0.9997792840003967,0.37799543142318726,0.4005957543849945,0.28072991967201233,0.9997474551200867,0.30453526973724365,0.38357704877853394,-0.36422449350357056,0.9997054934501648,0.3640059530735016,0.4868060052394867,0.4611097574234009,0.4256913661956787,0.19463621079921722,0.4124460816383362,-0.7749294638633728,0.7186601758003235,0.37165603041648865,0.5592707991600037,0.38293805718421936,0.447645902633667,0.10305611044168472,0.42693424224853516,-1.2176696062088013,0.6694088578224182,0.3876931369304657,0.5868053436279297,0.3865213990211487,0.4680269658565521,0.08449772000312805,0.42436808347702026,-1.3401851654052734,0.6529169082641602,0.3928835690021515,0.5830243825912476,0.3082728981971741,0.4918488562107086,0.08465947955846786,0.4176892340183258,-1.343230128288269,0.6713610291481018,0.39013704657554626,0.5791122317314148,0.34827449917793274,0.48133182525634766,0.09456011652946472,0.4196227192878723,-1.2329329252243042,0.6586558222770691,0.3313141167163849,0.5774356126785278,0.21227134764194489,0.9999189972877502,0.27824538946151733,0.5733801126480103,-0.2124401330947876,0.9999187588691711,0.35771921277046204,0.6942300796508789,0.2339717447757721,0.9504336714744568,0.37701889872550964,0.6752296686172485,-0.594986081123352,0.8967210054397583,0.25876322388648987,0.8248976469039917,0.391997367143631,0.9733033180236816,0.16040955483913422,0.7231871485710144,-0.37584227323532104,0.9443104863166809,0.21114268898963928,0.8440814018249512,0.37093019485473633,0.9045767188072205,0.119038425385952,0.7172147035598755,-0.35232311487197876,0.8715563416481018,0.35053133964538574,0.8622286915779114,0.30020421743392944,0.971895158290863,0.13566350936889648,0.7896853089332581,-0.4372093081474304,0.9445960521697998
90,3.0,0.4385194480419159,0.33287572860717773,-0.27076205611228943,0.9998937249183655,0.43615013360977173,0.31976062059402466,-0.21899564564228058,0.9997212886810303,0.4384936988353729,0.3195882737636566,-0.21962837874889374,0.9996284246444702,0.44115567207336426,0.3193683326244354,-0.21948298811912537,0.9997162818908691,0.4242473244667053,0.31892627477645874,-0.2843267619609833,0.9998824000358582,0.4169456958770752,0.3180498480796814,-0.28491270542144775,0.9999026656150818,0.40982410311698914,0.31722360849380493,-0.2852192223072052,0.9999390244483948,0.41045117378234863,0.3221009373664856,0.0453466959297657,0.9996885061264038,0.37443384528160095,0.31969401240348816,-0.26492470502853394,0.9998230338096619,0.4318907558917999,0.3446115553379059,-0.16585679352283478,0.9997202157974243,0.41973623633384705,0.34334689378738403,-0.25693604350090027,0.9997973442077637,0.37851205468177795,0.38606762886047363,0.3004045784473419,0.9997648596763611,0.3161865770816803,0.36472412943840027,-0.3597755432128906,0.9997332692146301,0.3604649007320404,0.47840961813926697,0.5003253817558289,0.38671305775642395,0.238449364900589,0.3941510021686554,-0.8583143353462219,0.7465904355049133,0.3568609356880188,0.5503920316696167,0.5021066665649414,0.4107680320739746,0.20329566299915314,0.4006529748439789,-1.3674099445343018,0.7023037075996399,0.36176905035972595,0.5731275677680969,0.51631098985672,0.43308278918266296,0.1828080266714096,0.40145739912986755,-1.505803108215332,0.6874165534973145,0.3718348741531372,0.5714340806007385,0.44512465596199036,0.45549091696739197,0.19924254715442657,0.3950110077857971,-1.494386076927185,0.7040324211120605,0.36778348684310913,0.5655080676078796,0.474113792181015,0.44496941566467285,0.21016888320446014,0.3951243758201599,-1.3788068294525146,0.6923108100891113,0.3263852000236511,0.559754490852356,0.21579688787460327,0.9999253153800964,0.2851997911930084,0.5562347173690796,-0.21586881577968597,0.9999256730079651,0.33632293343544006,0.6796835064888,0.29715439677238464,0.9419360160827637,0.3961525857448578,0.6518642902374268,-0.4786500632762909,0.9068885445594788,0.26273274421691895,0.8139211535453796,0.39290255308151245,0.974817156791687,0.1811303049325943,0.7181174159049988,-0.38234758377075195,0.949645459651947,0.2173898071050644,0.8352953791618347,0.37658822536468506,0.9132333397865295,0.13024653494358063,0.7156773209571838,-0.37535127997398376,0.8831319212913513,0.3550519347190857,0.8546518087387085,0.26210418343544006,0.9741400480270386,0.1919693797826767,0.78023362159729,-0.505526602268219,0.9499526023864746
91,3.033333333333333,0.4427512586116791,0.32225850224494934,-0.22806133329868317,0.9999033808708191,0.4414514899253845,0.3086644411087036,-0.18152305483818054,0.9997474551200867,0.44416558742523193,0.30855053663253784,-0.18207761645317078,0.9996629953384399,0.4465457499027252,0.3083711266517639,-0.1819114089012146,0.9997425079345703,0.4282974600791931,0.3071835935115814,-0.2472374588251114,0.9998933672904968,0.42088350653648376,0.3063688576221466,-0.24781833589076996,0.9999117851257324,0.41356369853019714,0.3057655394077301,-0.24806156754493713,0.9999443888664246,0.4140850603580475,0.31051671504974365,0.060629528015851974,0.9997180104255676,0.37744712829589844,0.3087000846862793,-0.24404843151569366,0.9998385906219482,0.4359544515609741,0.33420759439468384,-0.12972961366176605,0.9997326135635376,0.42370104789733887,0.33308568596839905,-0.2202145755290985,0.999804675579071,0.3792558014392853,0.3725733458995819,0.29373419284820557,0.9997652769088745,0.3312312364578247,0.3533276915550232,-0.35869330167770386,0.9997541904449463,0.34870925545692444,0.4543082118034363,0.4172458350658417,0.34866321086883545,0.27302247285842896,0.3811524212360382,-0.8479483723640442,0.7700745463371277,0.364181786775589,0.506078839302063,0.3647524416446686,0.37046197056770325,0.2777227759361267,0.38601154088974,-1.2463949918746948,0.7254598140716553,0.3700183928012848,0.5210503935813904,0.36754417419433594,0.39165300130844116,0.27113771438598633,0.38894179463386536,-1.364750623703003,0.7123826742172241,0.3762706220149994,0.5181545615196228,0.3058152496814728,0.4119603633880615,0.2852611243724823,0.3846781849861145,-1.339160442352295,0.7274478673934937,0.3745245635509491,0.5117498636245728,0.33750680088996887,0.40246739983558655,0.29145368933677673,0.3849962651729584,-1.248592495918274,0.7108151316642761,0.3220203220844269,0.5448387861251831,0.20202475786209106,0.9999312162399292,0.29601049423217773,0.541420578956604,-0.2021757811307907,0.9999318718910217,0.3258456885814667,0.6638843417167664,0.20398063957691193,0.9268355965614319,0.40967780351638794,0.636300265789032,-0.40839439630508423,0.9151533842086792,0.2652498185634613,0.805258572101593,0.11797244846820831,0.9753724932670593,0.21566414833068848,0.7199227213859558,-0.3161282539367676,0.953923761844635,0.22115693986415863,0.8245118856430054,0.09667883813381195,0.9200772643089294,0.1625182330608368,0.7207176685333252,-0.31258270144462585,0.8916089534759521,0.35385453701019287,0.843128502368927,-0.029478438198566437,0.9755941033363342,0.23608854413032532,0.7847109436988831,-0.4056307077407837,0.9543539881706238
92,3.066666666666667,0.4479123055934906,0.31341084837913513,-0.1710169017314911,0.9999122619628906,0.44802576303482056,0.300028532743454,-0.1241852194070816,0.9997715950012207,0.45130759477615356,0.3000151515007019,-0.12471044063568115,0.9996951818466187,0.4537247121334076,0.29983726143836975,-0.12456994503736496,0.9997671246528625,0.43262022733688354,0.29834720492362976,-0.18570317327976227,0.9999033808708191,0.4246976673603058,0.2976726293563843,-0.1862577199935913,0.9999200105667114,0.4168204963207245,0.2972739338874817,-0.1864270567893982,0.9999492168426514,0.4260117709636688,0.3020375370979309,0.11366016417741776,0.9997453093528748,0.38233116269111633,0.30003175139427185,-0.16873200237751007,0.9998522400856018,0.44184714555740356,0.3258656859397888,-0.07385776937007904,0.9997420310974121,0.42756038904190063,0.3249734044075012,-0.1583186835050583,0.9998061656951904,0.3781592845916748,0.36203187704086304,0.34275734424591064,0.9997700452804565,0.33688393235206604,0.3485247492790222,-0.3241782784461975,0.9997656941413879,0.344015896320343,0.43364962935447693,0.43869680166244507,0.3143463432788849,0.31425198912620544,0.37990543246269226,-0.7107881903648376,0.7884929776191711,0.3648001253604889,0.4899340271949768,0.373670756816864,0.33405601978302,0.3337203860282898,0.37961477041244507,-0.9947106242179871,0.720080554485321,0.3719199597835541,0.5052377581596375,0.37757763266563416,0.35399940609931946,0.34548595547676086,0.3803025484085083,-1.086093544960022,0.7098855376243591,0.376397967338562,0.5027251243591309,0.33173230290412903,0.3723601996898651,0.35125070810317993,0.3725437819957733,-1.0734819173812866,0.7232101559638977,0.3742982745170593,0.49640464782714844,0.3525639772415161,0.36379313468933105,0.34875205159187317,0.37282079458236694,-0.9958763122558594,0.694705605506897,0.3194597363471985,0.535592257976532,0.2009175419807434,0.9999362826347351,0.30451634526252747,0.5334921479225159,-0.2011709213256836,0.9999366998672485,0.3199326694011688,0.6555507779121399,0.16653858125209808,0.9064993858337402,0.42721810936927795,0.6243770122528076,-0.40440863370895386,0.9226505160331726,0.2592982053756714,0.7997205257415771,0.04915490001440048,0.9755969643592834,0.24439500272274017,0.7174431085586548,-0.4164767861366272,0.9580666422843933,0.21707876026630402,0.8183262944221497,0.024376574903726578,0.9259315729141235,0.18812936544418335,0.7237680554389954,-0.42191267013549805,0.9002024531364441,0.3448726534843445,0.8299789428710938,-0.10133048892021179,0.9768760800361633,0.2663162350654602,0.7791921496391296,-0.5111092329025269,0.9585765600204468
93,3.1,0.4534277617931366,0.3095584511756897,-0.15821829438209534,0.9999184012413025,0.45380833745002747,0.2968134582042694,-0.11502685397863388,0.9997903108596802,0.45662519335746765,0.29661262035369873,-0.11556670814752579,0.9997195601463318,0.4588940143585205,0.2962379455566406,-0.11551839113235474,0.9997864365577698,0.4395597577095032,0.2953156530857086,-0.17777733504772186,0.9999111294746399,0.4322741627693176,0.2942933738231659,-0.17844781279563904,0.9999263286590576,0.42475593090057373,0.2935086488723755,-0.17872945964336395,0.9999527335166931,0.4322362542152405,0.29789915680885315,0.10295376181602478,0.9997671246528625,0.39048638939857483,0.29537761211395264,-0.1820676177740097,0.9998610019683838,0.4483029544353485,0.32036763429641724,-0.06831414252519608,0.999724268913269,0.4334275424480438,0.32050788402557373,-0.15414568781852722,0.9997923970222473,0.3789465129375458,0.3555872440338135,0.3346024751663208,0.9997628331184387,0.3370323181152344,0.3433170020580292,-0.3144052028656006,0.9997826218605042,0.353816956281662,0.4117467999458313,0.5749219059944153,0.2838272750377655,0.33829280734062195,0.37555596232414246,-0.6873582005500793,0.8086118698120117,0.3653583824634552,0.41753530502319336,0.6999605298042297,0.30301639437675476,0.4075358510017395,0.3801918625831604,-0.9306378960609436,0.744596540927887,0.37830445170402527,0.4204612672328949,0.7386232018470764,0.32326024770736694,0.4280971884727478,0.3773333430290222,-1.0246446132659912,0.7339786887168884,0.37979328632354736,0.4034035801887512,0.6973022222518921,0.3400522470474243,0.4287687838077545,0.3708506226539612,-0.9848831295967102,0.745841383934021,0.3779217302799225,0.4043270945549011,0.686077892780304,0.3324790596961975,0.42316195368766785,0.37234222888946533,-0.9672749638557434,0.7155168652534485,0.31995609402656555,0.5325925350189209,0.20032690465450287,0.9999392628669739,0.31203970313072205,0.5316967964172363,-0.20063918828964233,0.9999406933784485,0.3116002678871155,0.6551598310470581,0.21878419816493988,0.8520359992980957,0.437820166349411,0.6202294826507568,-0.38002121448516846,0.92589271068573,0.24619513750076294,0.7865794897079468,0.15869472920894623,0.9578414559364319,0.27142104506492615,0.7270448207855225,-0.44014978408813477,0.9595606923103333,0.20293939113616943,0.8103300929069519,0.14235305786132812,0.9219915270805359,0.2239321768283844,0.7300888299942017,-0.4475729167461395,0.9035837054252625,0.32398727536201477,0.8123824000358582,0.04444797709584236,0.9679940938949585,0.32160454988479614,0.7871361970901489,-0.5217729806900024,0.9605823755264282
94,3.1333333333333333,0.4599485695362091,0.3090417683124542,-0.19896277785301208,0.9999262094497681,0.4601922631263733,0.29588502645492554,-0.15263167023658752,0.9998108148574829,0.46235737204551697,0.29553312063217163,-0.15316179394721985,0.9997468590736389,0.46485447883605957,0.2951098382472992,-0.15308469533920288,0.9998072385787964,0.4479902982711792,0.2950475513935089,-0.21527400612831116,0.9999197721481323,0.4403028190135956,0.29448866844177246,-0.21593117713928223,0.9999334812164307,0.4326521158218384,0.294005811214447,-0.21621890366077423,0.999957263469696,0.44306567311286926,0.2980910837650299,0.08238127827644348,0.9997898936271667,0.3991413116455078,0.29545190930366516,-0.2022940069437027,0.9998741745948792,0.45576509833335876,0.3206482529640198,-0.1022624671459198,0.9997450113296509,0.4403374195098877,0.3196483552455902,-0.18822839856147766,0.999808132648468,0.3810710608959198,0.3552226424217224,0.3512093126773834,0.9997733235359192,0.3483146131038666,0.34447556734085083,-0.34594547748565674,0.9998023509979248,0.3534601330757141,0.4260389804840088,0.6715896725654602,0.25695425271987915,0.35943692922592163,0.38065284490585327,-0.7907661199569702,0.8275560140609741,0.3719528317451477,0.46147751808166504,0.8787375688552856,0.2754180431365967,0.4456627368927002,0.3954942524433136,-1.1074821949005127,0.7697242498397827,0.38442835211753845,0.4613763391971588,0.9361833333969116,0.2952723503112793,0.47400033473968506,0.39144763350486755,-1.2116007804870605,0.7598218321800232,0.39022690057754517,0.4602644443511963,0.8756080865859985,0.31059330701828003,0.48063257336616516,0.3845677971839905,-1.1670520305633545,0.770455002784729,0.3878159523010254,0.40800318121910095,0.8614285588264465,0.30385443568229675,0.4716162383556366,0.38651883602142334,-1.0997744798660278,0.7420392632484436,0.31568199396133423,0.531859278678894,0.22042807936668396,0.9999411702156067,0.32035398483276367,0.5330259799957275,-0.2207675725221634,0.9999444484710693,0.3097076714038849,0.6601943969726562,0.2532823979854584,0.8259281516075134,0.44816920161247253,0.622954785823822,-0.37332648038864136,0.9319283962249756,0.23367898166179657,0.7908605337142944,0.21177969872951508,0.9525105357170105,0.3025433123111725,0.7380133271217346,-0.45516976714134216,0.962457001209259,0.19169510900974274,0.8132327198982239,0.19952386617660522,0.9249300956726074,0.26161131262779236,0.7525428533554077,-0.4656331241130829,0.9098155498504639,0.31753915548324585,0.817537784576416,0.058468353003263474,0.9660468101501465,0.3768826425075531,0.7877776026725769,-0.5774841904640198,0.9634833335876465
95,3.1666666666666665,0.46683362126350403,0.3115560710430145,-0.27357611060142517,0.9999335408210754,0.46752607822418213,0.2986236810684204,-0.22720080614089966,0.9998296499252319,0.4697819650173187,0.2982807755470276,-0.22770802676677704,0.9997720718383789,0.47258660197257996,0.2978396713733673,-0.22759132087230682,0.9998264312744141,0.4554270803928375,0.2978241741657257,-0.2959880232810974,0.9999277591705322,0.44739288091659546,0.2972809970378876,-0.2966725826263428,0.9999400973320007,0.43892642855644226,0.29684358835220337,-0.296966016292572,0.9999614953994751,0.4521688222885132,0.3013649880886078,0.026698393747210503,0.9998108148574829,0.40562957525253296,0.29878705739974976,-0.2795504033565521,0.999886691570282,0.46201497316360474,0.3235251009464264,-0.1651734858751297,0.9997687935829163,0.44702601432800293,0.32254934310913086,-0.2599145770072937,0.9998263120651245,0.3810245096683502,0.35756751894950867,0.3139921724796295,0.9997836947441101,0.3638830780982971,0.34986013174057007,-0.404837965965271,0.9998212456703186,0.34101659059524536,0.421915203332901,0.6944460272789001,0.23481228947639465,0.3778945505619049,0.3852446973323822,-0.8384230136871338,0.8447040319442749,0.36917197704315186,0.47364529967308044,0.9912420511245728,0.25115886330604553,0.49669700860977173,0.4064543843269348,-1.1650937795639038,0.7927057147026062,0.3786974549293518,0.4835239350795746,1.061745524406433,0.27330318093299866,0.5244485139846802,0.4055989384651184,-1.2671841382980347,0.7837797999382019,0.38801702857017517,0.4816460609436035,1.0022774934768677,0.2878120541572571,0.5304046869277954,0.3992425501346588,-1.2233119010925293,0.7933487296104431,0.3862493336200714,0.464130699634552,0.9775856137275696,0.2818191349506378,0.5221430659294128,0.40054816007614136,-1.1545344591140747,0.7677016258239746,0.3146943151950836,0.5337762236595154,0.2264280915260315,0.9999415874481201,0.32921287417411804,0.5362014174461365,-0.226898655295372,0.9999474883079529,0.30373260378837585,0.6639521718025208,0.23962903022766113,0.8359463810920715,0.4503842294216156,0.6294467449188232,-0.33892589807510376,0.9385419487953186,0.22898618876934052,0.793226420879364,0.18443965911865234,0.956554651260376,0.33979201316833496,0.7529422640800476,-0.3787263333797455,0.966101884841919,0.1933678686618805,0.8107544779777527,0.16906243562698364,0.9320427775382996,0.2925686538219452,0.7710762023925781,-0.3821864128112793,0.9185177087783813,0.29708588123321533,0.8234552145004272,0.07075857371091843,0.9690261483192444,0.4201841950416565,0.8030209541320801,-0.48944932222366333,0.9669920206069946
96,3.2,0.4752037823200226,0.3158092796802521,-0.2533740699291229,0.9999401569366455,0.4748121500015259,0.3010040819644928,-0.2068958431482315,0.9998466372489929,0.4763246178627014,0.30018171668052673,-0.20740720629692078,0.9997948408126831,0.47834205627441406,0.2993938624858856,-0.20727866888046265,0.9998437166213989,0.4657799303531647,0.30053597688674927,-0.2724904716014862,0.99993497133255,0.45850232243537903,0.29947638511657715,-0.27313774824142456,0.9999460577964783,0.4499472379684448,0.2983728051185608,-0.2733429968357086,0.9999653100967407,0.4556085467338562,0.3032093048095703,0.039046257734298706,0.9998297095298767,0.413947731256485,0.29987233877182007,-0.27044230699539185,0.9998979568481445,0.46953555941581726,0.32648715376853943,-0.14892393350601196,0.9997907876968384,0.4561624228954315,0.3251403868198395,-0.23793476819992065,0.9998429417610168,0.37550413608551025,0.36217811703681946,0.3225300908088684,0.9997931718826294,0.3747330605983734,0.3502280116081238,-0.3692592680454254,0.9998384118080139,0.31742700934410095,0.42737460136413574,0.6474422216415405,0.21936286985874176,0.4010004997253418,0.38738197088241577,-0.7718993425369263,0.8601661324501038,0.3461328148841858,0.4779873490333557,0.8748496770858765,0.23081494867801666,0.5312286615371704,0.4262871742248535,-1.0698984861373901,0.8134095072746277,0.3546145260334015,0.4914107918739319,0.928739070892334,0.2573995888233185,0.5640886425971985,0.4267679750919342,-1.1672980785369873,0.8053727149963379,0.36419108510017395,0.4876980781555176,0.8699086308479309,0.27144357562065125,0.5692617893218994,0.4197043478488922,-1.126694679260254,0.8139844536781311,0.3632228374481201,0.4693002700805664,0.8587275147438049,0.26574280858039856,0.5587164163589478,0.42119231820106506,-1.0597878694534302,0.7908682227134705,0.30931350588798523,0.5367125272750854,0.21877038478851318,0.999937891960144,0.33576762676239014,0.5379481911659241,-0.21931292116641998,0.9999483823776245,0.2897147238254547,0.6667532920837402,0.19952763617038727,0.8472383618354797,0.45662227272987366,0.6352044939994812,-0.28179919719696045,0.9444588422775269,0.21997219324111938,0.795315146446228,0.05112829804420471,0.9601718187332153,0.3790249228477478,0.7732272744178772,-0.3669601380825043,0.9693834781646729,0.1864040344953537,0.8117471933364868,0.027312880381941795,0.9384928345680237,0.32531675696372986,0.7923634648323059,-0.37558767199516296,0.9264599084854126,0.28384271264076233,0.8278490900993347,-0.048093635588884354,0.9717036485671997,0.47007858753204346,0.8216589093208313,-0.46593767404556274,0.9701484441757202
97,3.2333333333333334,0.4815845191478729,0.3291662037372589,-0.14928968250751495,0.999946117401123,0.4803965389728546,0.3153504729270935,-0.09645434468984604,0.9998619556427002,0.48123136162757874,0.31487220525741577,-0.09687918424606323,0.9998153448104858,0.4825388193130493,0.3144582211971283,-0.09671086072921753,0.9998593330383301,0.472942978143692,0.3143244981765747,-0.16461743414402008,0.9999414682388306,0.46739527583122253,0.31339138746261597,-0.1652773767709732,0.9999514818191528,0.459009051322937,0.31222087144851685,-0.1654362827539444,0.9999687671661377,0.46159225702285767,0.31713831424713135,0.1582673043012619,0.9998467564582825,0.42113202810287476,0.3125789165496826,-0.15397217869758606,0.9999081492424011,0.4749787151813507,0.33932337164878845,-0.04293002188205719,0.9998115301132202,0.46335479617118835,0.3380312919616699,-0.13603289425373077,0.9998584985733032,0.37321174144744873,0.3714977204799652,0.4358696937561035,0.999806821346283,0.3870266377925873,0.36320072412490845,-0.2893434762954712,0.9998540282249451,0.30111274123191833,0.4312942922115326,0.7490557432174683,0.2029612809419632,0.4362664520740509,0.41556015610694885,-0.6611751914024353,0.8740962743759155,0.3403787910938263,0.49653735756874084,0.9269459247589111,0.21393626928329468,0.5693552494049072,0.4581587314605713,-0.8676021099090576,0.8319587111473083,0.3400464653968811,0.5078309178352356,0.9761322736740112,0.24200499057769775,0.5967097282409668,0.46463268995285034,-0.9570730328559875,0.8246549963951111,0.35654792189598083,0.5067079663276672,0.9167153239250183,0.2548756003379822,0.6003534197807312,0.4609008729457855,-0.9103310704231262,0.832390546798706,0.35132908821105957,0.5099012851715088,0.9087069034576416,0.24913334846496582,0.5906631350517273,0.4614359438419342,-0.8519853353500366,0.8113196492195129,0.3078545033931732,0.539167582988739,0.21841008961200714,0.9999403357505798,0.3463806211948395,0.5391660928726196,-0.2189904749393463,0.9999517798423767,0.2885114550590515,0.6689642667770386,0.12824872136116028,0.8595619797706604,0.4680996835231781,0.6395514607429504,-0.28006240725517273,0.9497540593147278,0.20656248927116394,0.7995892763137817,-0.03769337758421898,0.9627009630203247,0.4273293912410736,0.7931967973709106,-0.35816845297813416,0.9722301959991455,0.16276772320270538,0.8234144449234009,-0.061353329569101334,0.9438899159431458,0.38494694232940674,0.815592885017395,-0.3658634126186371,0.9334229826927185,0.275605171918869,0.8309340476989746,-0.11851724982261658,0.9734167456626892,0.5379606485366821,0.8313080072402954,-0.4465300738811493,0.9728025794029236
98,3.2666666666666666,0.49215033650398254,0.33903709053993225,-0.2014109492301941,0.9999514818191528,0.48990216851234436,0.32593008875846863,-0.15040385723114014,0.9998757243156433,0.49112409353256226,0.3255295753479004,-0.1508825272321701,0.9998337626457214,0.49265649914741516,0.32510077953338623,-0.15072312951087952,0.9998733997344971,0.4802987277507782,0.3252425789833069,-0.21358871459960938,0.9999473094940186,0.4750695824623108,0.3248012661933899,-0.21424251794815063,0.9999563097953796,0.4675571322441101,0.3240002691745758,-0.2144671529531479,0.999971866607666,0.4691036343574524,0.3278404474258423,0.10676313191652298,0.9998620748519897,0.4301261603832245,0.32503262162208557,-0.1727493554353714,0.9999173283576965,0.48512187600135803,0.3513380289077759,-0.09647229313850403,0.9998298287391663,0.4718566834926605,0.3501170873641968,-0.1831825077533722,0.9998722672462463,0.3725138306617737,0.3881039023399353,0.389729380607605,0.9998096823692322,0.4008084535598755,0.3769043982028961,-0.3254905343055725,0.9998674392700195,0.29530826210975647,0.44683924317359924,0.7082598805427551,0.19026528298854828,0.46671706438064575,0.439553827047348,-0.6392084956169128,0.8866523504257202,0.33078810572624207,0.5053517818450928,0.8553882837295532,0.2111009657382965,0.6001535654067993,0.4875594973564148,-0.7916516065597534,0.8487111330032349,0.33148613572120667,0.516431450843811,0.8991883993148804,0.24475334584712982,0.6345036625862122,0.4938865602016449,-0.8803864121437073,0.8420944809913635,0.344873309135437,0.5148453116416931,0.8324307799339294,0.2570025324821472,0.6428165435791016,0.4897543787956238,-0.8419121503829956,0.8490488529205322,0.3433972895145416,0.5137800574302673,0.8336522579193115,0.24955886602401733,0.6316444277763367,0.4898378252983093,-0.777649462223053,0.8299273252487183,0.3094397187232971,0.5578579902648926,0.21798807382583618,0.999940812587738,0.3455057442188263,0.557831883430481,-0.21849772334098816,0.9999536871910095,0.29206976294517517,0.685498833656311,0.08393594622612,0.871886134147644,0.4748649299144745,0.6465035080909729,-0.2807846963405609,0.9544890522956848,0.19968344271183014,0.8053267598152161,-0.09768019616603851,0.9650817513465881,0.47270652651786804,0.7992177605628967,-0.32419657707214355,0.9747670292854309,0.15647217631340027,0.8279463648796082,-0.1227339655160904,0.9483424425125122,0.4310908019542694,0.8237695693969727,-0.3316030502319336,0.9396510720252991,0.26380544900894165,0.8341090083122253,-0.20735424757003784,0.9749212861061096,0.5642221570014954,0.8373986482620239,-0.3995152413845062,0.9751349091529846
99,3.3,0.49903300404548645,0.3481643497943878,-0.21122707426548004,0.9999563097953796,0.49841800332069397,0.3354322910308838,-0.15921655297279358,0.9998881220817566,0.5004757642745972,0.3350679278373718,-0.15967495739459991,0.9998503923416138,0.5024341344833374,0.3347216844558716,-0.15948490798473358,0.9998860359191895,0.48548346757888794,0.33469268679618835,-0.22414031624794006,0.9999525547027588,0.47945788502693176,0.334398478269577,-0.2248033881187439,0.9999606609344482,0.4709441661834717,0.3336871266365051,-0.22502218186855316,0.9999746680259705,0.4788702726364136,0.33789610862731934,0.09863463789224625,0.9998758435249329,0.4359948933124542,0.33521538972854614,-0.1917281299829483,0.9999255537986755,0.4932996928691864,0.3608967959880829,-0.10416371375322342,0.999846339225769,0.4792782962322235,0.35940784215927124,-0.19290217757225037,0.9998846650123596,0.37307408452033997,0.4005691111087799,0.37998661398887634,0.9998103976249695,0.4149063229560852,0.39173731207847595,-0.31302130222320557,0.9998796582221985,0.29840195178985596,0.4591802656650543,0.6548207998275757,0.17508064210414886,0.49888378381729126,0.4587274193763733,-0.5326471328735352,0.897955060005188,0.32956504821777344,0.5175234079360962,0.7673371434211731,0.19859322905540466,0.6327337026596069,0.5177590847015381,-0.6082972288131714,0.8637923002243042,0.33198192715644836,0.5316616892814636,0.8127740025520325,0.23413772881031036,0.6651979684829712,0.5272992253303528,-0.6860532164573669,0.8577925562858582,0.343736469745636,0.5296544432640076,0.7489672303199768,0.24519918859004974,0.6730343103408813,0.523378312587738,-0.6519173383712769,0.8640426993370056,0.3431380093097687,0.5245844125747681,0.7464839220046997,0.23639899492263794,0.6634548902511597,0.5223066806793213,-0.5940482020378113,0.8466747403144836,0.3191782236099243,0.5689305663108826,0.21194688975811005,0.999941349029541,0.3644343912601471,0.5696086883544922,-0.2126598358154297,0.9999558925628662,0.2954329252243042,0.696526288986206,0.0576326809823513,0.880975067615509,0.48989298939704895,0.668850302696228,-0.1732102632522583,0.9583014249801636,0.198346346616745,0.813385009765625,-0.077546127140522,0.9662472605705261,0.493926465511322,0.8126803636550903,-0.1297542303800583,0.9769225716590881,0.15431766211986542,0.835863471031189,-0.09703309834003448,0.9519962072372437,0.4627212882041931,0.8379346132278442,-0.12580622732639313,0.9452667832374573,0.25922510027885437,0.8450538516044617,-0.17765985429286957,0.975405752658844,0.5838801264762878,0.8392691612243652,-0.19258268177509308,0.9769100546836853
100,3.3333333333333335,0.507411539554596,0.3530844748020172,-0.31048062443733215,0.9999606609344482,0.5066331624984741,0.34056833386421204,-0.2572597861289978,0.9998992681503296,0.5089293718338013,0.34059441089630127,-0.25772714614868164,0.9998653531074524,0.5115938782691956,0.340645968914032,-0.2574806809425354,0.9998974204063416,0.49243536591529846,0.33984875679016113,-0.3235422670841217,0.9999573230743408,0.48626577854156494,0.33970120549201965,-0.32421159744262695,0.9999645948410034,0.4772825539112091,0.3394121825695038,-0.3244432210922241,0.9999772310256958,0.48874926567077637,0.34438031911849976,0.011687355116009712,0.9998882412910461,0.4422779977321625,0.34238219261169434,-0.28502994775772095,0.9999330043792725,0.5032898783683777,0.36561495065689087,-0.19720929861068726,0.9998611807823181,0.4891710877418518,0.36511296033859253,-0.2869855761528015,0.9998958706855774,0.3862136900424957,0.4070395529270172,0.33509695529937744,0.9997884631156921,0.42670369148254395,0.4055302143096924,-0.38629502058029175,0.9998902678489685,0.30836188793182373,0.47139590978622437,0.5829654335975647,0.15882068872451782,0.5255839824676514,0.4758557677268982,-0.5822678208351135,0.9081208109855652,0.3383256793022156,0.5267221331596375,0.6212367415428162,0.18076352775096893,0.6543740034103394,0.5406363010406494,-0.6356245875358582,0.8773607611656189,0.34081339836120605,0.5421326160430908,0.6439229846000671,0.21476194262504578,0.6888592839241028,0.5508977174758911,-0.7155824303627014,0.8718976378440857,0.3483985364437103,0.5372774600982666,0.5851870179176331,0.22469152510166168,0.6961984634399414,0.545849084854126,-0.6815624237060547,0.8775097727775574,0.34781143069267273,0.5336083173751831,0.5994860529899597,0.21628183126449585,0.6859055161476135,0.5444625020027161,-0.6208670139312744,0.8616706728935242,0.34157660603523254,0.5815061330795288,0.20991191267967224,0.999938428401947,0.38548681139945984,0.5846177339553833,-0.21053184568881989,0.9999571442604065,0.3039035499095917,0.7030446529388428,0.16824555397033691,0.8863996267318726,0.5067912340164185,0.6855219602584839,0.042661961168050766,0.9603089094161987,0.1980535238981247,0.8156899213790894,0.11518730223178864,0.965911328792572,0.5182932615280151,0.8199464678764343,0.2501179277896881,0.9783172607421875,0.1548186093568802,0.8362752199172974,0.10571814328432083,0.9545839428901672,0.4883883595466614,0.8426553010940552,0.2697603106498718,0.9499189257621765,0.26450785994529724,0.8463377952575684,0.028248857706785202,0.9739536046981812,0.6045218706130981,0.8395556211471558,0.20848551392555237,0.9769837260246277
101,3.3666666666666667,0.5129702091217041,0.35491177439689636,-0.36890077590942383,0.9999645948410034,0.5143710374832153,0.3410775363445282,-0.31671586632728577,0.9999093413352966,0.5180155634880066,0.34100615978240967,-0.3171641528606415,0.9998788237571716,0.5215441584587097,0.3409150242805481,-0.3169175088405609,0.9999076724052429,0.4982416331768036,0.3402685821056366,-0.3782525062561035,0.9999616146087646,0.4909019470214844,0.3397660255432129,-0.3788957893848419,0.9999681115150452,0.48020192980766296,0.33926481008529663,-0.3791101276874542,0.9999794960021973,0.4991486072540283,0.34590137004852295,-0.04542110860347748,0.9998993873596191,0.4448295533657074,0.34410548210144043,-0.322428822517395,0.9999396800994873,0.5111557245254517,0.36663952469825745,-0.2541748285293579,0.9998748898506165,0.4943026602268219,0.36592748761177063,-0.33810779452323914,0.9999061822891235,0.4010598957538605,0.4075530469417572,0.2794709801673889,0.9997841119766235,0.4371878206729889,0.4073602259159088,-0.39747220277786255,0.9999001026153564,0.32272762060165405,0.47988271713256836,0.4994933307170868,0.14511743187904358,0.539923906326294,0.48757606744766235,-0.5501595139503479,0.917262852191925,0.36047104001045227,0.5371254682540894,0.5023051500320435,0.16670961678028107,0.6625276207923889,0.5512230396270752,-0.551106333732605,0.8895531296730042,0.3680439293384552,0.5544905066490173,0.5172600150108337,0.2005021870136261,0.696128785610199,0.5653597116470337,-0.623172402381897,0.8845499753952026,0.37527284026145935,0.5513612031936646,0.46182000637054443,0.20929089188575745,0.7051113843917847,0.5584354400634766,-0.5912314057350159,0.8895800709724426,0.3734744191169739,0.5450296998023987,0.4810744822025299,0.2010003924369812,0.6954206228256226,0.5559403300285339,-0.5359955430030823,0.8750748634338379,0.3718937337398529,0.5853503942489624,0.2085435837507248,0.9999308586120605,0.41362544894218445,0.5876098275184631,-0.2091187834739685,0.9999570846557617,0.33757320046424866,0.7014487385749817,0.29953619837760925,0.8883819580078125,0.5137652158737183,0.6892932653427124,0.0688125342130661,0.9627631902694702,0.20389540493488312,0.8151090741157532,0.36015650629997253,0.9639564156532288,0.517302930355072,0.822069525718689,0.260433167219162,0.9796985983848572,0.16158418357372284,0.8352861404418945,0.36097878217697144,0.9565119743347168,0.4874976575374603,0.8484889268875122,0.27799415588378906,0.9540238976478577,0.26767653226852417,0.8417614698410034,0.3091277480125427,0.971380352973938,0.6072878241539001,0.8404483795166016,0.21828193962574005,0.9772855043411255
102,3.4,0.5180458426475525,0.3531441390514374,-0.3950299024581909,0.9999681115150452,0.5202960968017578,0.33991536498069763,-0.33705753087997437,0.9999184012413025,0.5256370306015015,0.33992159366607666,-0.3374921381473541,0.999890923500061,0.5294792056083679,0.3399007022380829,-0.337266743183136,0.9999169111251831,0.5008659958839417,0.3392438590526581,-0.39904510974884033,0.9999654293060303,0.49086955189704895,0.3388533890247345,-0.39969825744628906,0.999971330165863,0.48061731457710266,0.33867841958999634,-0.39988434314727783,0.9999815225601196,0.5109471082687378,0.3454282879829407,-0.04380334913730621,0.9999094605445862,0.4502304494380951,0.34483182430267334,-0.32267236709594727,0.9999457001686096,0.5197593569755554,0.36612817645072937,-0.27361029386520386,0.9998873472213745,0.4998520612716675,0.3651811182498932,-0.3578800559043884,0.9999155402183533,0.4146080017089844,0.4073011875152588,0.28845059871673584,0.9997901320457458,0.4459822475910187,0.4097011685371399,-0.39847004413604736,0.9999092221260071,0.34349364042282104,0.4806063771247864,0.5320563316345215,0.13184452056884766,0.5542142987251282,0.49489277601242065,-0.5453290939331055,0.9254710078239441,0.37746983766555786,0.5352603197097778,0.582385778427124,0.1537778228521347,0.6737573742866516,0.5538779497146606,-0.5169658660888672,0.9004852175712585,0.38473308086395264,0.5509003400802612,0.6074674129486084,0.18769095838069916,0.7071322798728943,0.5669881701469421,-0.5766785740852356,0.895846426486969,0.3955678343772888,0.5475443601608276,0.5523319840431213,0.19543439149856567,0.7137314081192017,0.5596376657485962,-0.5501708388328552,0.90034419298172,0.39310726523399353,0.541826605796814,0.5626495480537415,0.18737298250198364,0.7040204405784607,0.5568135380744934,-0.5026062726974487,0.8869480490684509,0.3952065408229828,0.5879446268081665,0.2119101583957672,0.9999287724494934,0.42983296513557434,0.5889160633087158,-0.21258646249771118,0.9999580383300781,0.37895846366882324,0.7019832730293274,0.25020259618759155,0.8926903605461121,0.528924822807312,0.6918907761573792,0.02206803485751152,0.9648033380508423,0.222380593419075,0.8071085810661316,0.22536906599998474,0.9632930755615234,0.5164344310760498,0.822218120098114,0.15083833038806915,0.9808103442192078,0.18240101635456085,0.8234620094299316,0.2160097360610962,0.9588108062744141,0.47982871532440186,0.8495294451713562,0.16395387053489685,0.9574394226074219,0.26788949966430664,0.8414260149002075,0.15727217495441437,0.9704881906509399,0.6166369915008545,0.8429137468338013,0.12643027305603027,0.9776551723480225
103,3.433333333333333,0.519442617893219,0.3502957224845886,-0.40107136964797974,0.999971330165863,0.524092972278595,0.33798620104789734,-0.3410641849040985,0.9999265670776367,0.5312281250953674,0.338082879781723,-0.3414931893348694,0.9999018311500549,0.5358114242553711,0.3379940390586853,-0.3412522077560425,0.9999251961708069,0.5011231899261475,0.33754926919937134,-0.40314239263534546,0.9999688863754272,0.49127617478370667,0.33744847774505615,-0.40377774834632874,0.9999741911888123,0.4814223051071167,0.3375607132911682,-0.40394681692123413,0.9999833703041077,0.5224053859710693,0.34332162141799927,-0.03996427729725838,0.999918520450592,0.4560641944408417,0.34391340613365173,-0.3189791142940521,0.9999511241912842,0.5254241228103638,0.3631959557533264,-0.2778851389884949,0.999898374080658,0.5022304058074951,0.36242833733558655,-0.36207541823387146,0.999923825263977,0.42691418528556824,0.40783318877220154,0.2888490557670593,0.9997824430465698,0.45521989464759827,0.41041287779808044,-0.3956192135810852,0.9999155402183533,0.3684588670730591,0.4843015670776367,0.49421700835227966,0.11973106861114502,0.5521466732025146,0.4935573935508728,-0.544283926486969,0.9326106309890747,0.4002295732498169,0.5403282046318054,0.46542757749557495,0.14113618433475494,0.6784912347793579,0.542609453201294,-0.511970579624176,0.9098148941993713,0.4075464606285095,0.5542463064193726,0.4806952476501465,0.1745336502790451,0.7091701030731201,0.5519149303436279,-0.5705281496047974,0.9051209688186646,0.41979536414146423,0.5519391298294067,0.4296160340309143,0.18142476677894592,0.7145443558692932,0.54625403881073,-0.5442273616790771,0.9090409278869629,0.41341540217399597,0.5465835332870483,0.4450143277645111,0.1737131029367447,0.705634355545044,0.5451184511184692,-0.49801212549209595,0.8957062363624573,0.41259825229644775,0.5841576457023621,0.21406623721122742,0.9999276399612427,0.4412006735801697,0.5853906869888306,-0.21472564339637756,0.9999585151672363,0.4364251494407654,0.6999157667160034,0.23321187496185303,0.8955492973327637,0.5388058423995972,0.6916863918304443,-0.03309694305062294,0.9660494327545166,0.26611655950546265,0.785603404045105,0.20491771399974823,0.9618011713027954,0.5153684616088867,0.8191415667533875,0.08627534657716751,0.9818189144134521,0.2167239487171173,0.7860459685325623,0.2051042914390564,0.9596079587936401,0.4773072600364685,0.8442190885543823,0.09797986596822739,0.9600958228111267,0.27664056420326233,0.8401832580566406,0.11135143786668777,0.9688035249710083,0.6121993064880371,0.8413504362106323,0.03554792329668999,0.9779451489448547
104,3.466666666666667,0.5231529474258423,0.3490692675113678,-0.39987874031066895,0.9999741911888123,0.5276538133621216,0.33715465664863586,-0.3472387194633484,0.9999338984489441,0.5352895259857178,0.3369377553462982,-0.34769633412361145,0.9999116063117981,0.5406654477119446,0.3366459608078003,-0.34745439887046814,0.9999326467514038,0.5040299892425537,0.3374103903770447,-0.40365681052207947,0.9999719858169556,0.49443235993385315,0.3375717103481293,-0.4042779207229614,0.9999767541885376,0.4852057993412018,0.33793675899505615,-0.4044352173805237,0.9999850392341614,0.5281198024749756,0.34197768568992615,-0.07033809274435043,0.9999266266822815,0.46275657415390015,0.3443528413772583,-0.3237634301185608,0.9999560117721558,0.5320531725883484,0.36162227392196655,-0.2856161594390869,0.9999079704284668,0.5080091953277588,0.3612162470817566,-0.3623625338077545,0.9999310374259949,0.45538684725761414,0.4070974290370941,0.2506367862224579,0.9997813105583191,0.4620729088783264,0.41120368242263794,-0.39918455481529236,0.9999213218688965,0.4121870696544647,0.491107702255249,0.4092453420162201,0.10862380266189575,0.548128068447113,0.4919455647468567,-0.5268133282661438,0.9385102987289429,0.4375990927219391,0.5584861636161804,0.3392599821090698,0.12846910953521729,0.6824651956558228,0.5283029079437256,-0.4892304837703705,0.9176105260848999,0.44786542654037476,0.5748409032821655,0.3477480709552765,0.16025890409946442,0.7155944108963013,0.5354999303817749,-0.5479449033737183,0.9126881957054138,0.4622499644756317,0.5643151998519897,0.2999434471130371,0.16636596620082855,0.7192628383636475,0.5300110578536987,-0.521220862865448,0.9160273671150208,0.4540451169013977,0.5672946572303772,0.31934455037117004,0.15925529599189758,0.7099083662033081,0.528936505317688,-0.47589051723480225,0.902114748954773,0.43560469150543213,0.5851113200187683,0.21749280393123627,0.9999307990074158,0.4503823518753052,0.5874470472335815,-0.21800749003887177,0.9999610781669617,0.4946122467517853,0.6987111568450928,0.33224931359291077,0.8906956911087036,0.564856231212616,0.6897703409194946,-0.0758896917104721,0.968367338180542,0.31854888796806335,0.7703842520713806,0.3966561257839203,0.9557524919509888,0.5153825283050537,0.8172200322151184,0.024937566369771957,0.9830576181411743,0.2736802101135254,0.7701998949050903,0.3999359607696533,0.9576341509819031,0.47669854760169983,0.8413693308830261,0.03489970788359642,0.9624795913696289,0.3407137393951416,0.8310227394104004,0.3661442995071411,0.9646552205085754,0.6180217862129211,0.8407001495361328,-0.03349968418478966,0.9791339039802551
105,3.5,0.5255581736564636,0.3482603430747986,-0.4342215657234192,0.9999767541885376,0.5322170853614807,0.3368402421474457,-0.3829871416091919,0.9999404549598694,0.5395087003707886,0.33669108152389526,-0.3834768831729889,0.9999204277992249,0.5459446310997009,0.3365039527416229,-0.383242130279541,0.9999393224716187,0.5067415237426758,0.3369683623313904,-0.4353419840335846,0.99997478723526,0.497314453125,0.33721864223480225,-0.43596115708351135,0.9999790787696838,0.4889817535877228,0.3376716375350952,-0.43616926670074463,0.9999865293502808,0.5393106937408447,0.34137246012687683,-0.10619837790727615,0.9999338984489441,0.4660090506076813,0.3437686264514923,-0.34073173999786377,0.9999603033065796,0.5347221493721008,0.36067861318588257,-0.3209357261657715,0.9999157190322876,0.5085778832435608,0.360799103975296,-0.3919740915298462,0.9999366402626038,0.4915788769721985,0.40854430198669434,0.2190706878900528,0.9997815489768982,0.45745325088500977,0.4120987057685852,-0.4149427115917206,0.9999261498451233,0.4724915027618408,0.5044108629226685,0.31945693492889404,0.0982082411646843,0.5504187941551208,0.49231576919555664,-0.5379109978675842,0.9427319169044495,0.49141037464141846,0.5704408884048462,0.14694581925868988,0.11624070256948471,0.68779456615448,0.5150243639945984,-0.5087303519248962,0.922265887260437,0.4936480224132538,0.5940839052200317,0.13846392929553986,0.14572153985500336,0.7211124897003174,0.5125827193260193,-0.5713757276535034,0.9159854650497437,0.5026900172233582,0.5823602080345154,0.09302395582199097,0.15117104351520538,0.7231528162956238,0.5049861669540405,-0.5433943271636963,0.9183017611503601,0.4959203600883484,0.5832573771476746,0.1256316900253296,0.14465434849262238,0.71458500623703,0.5064926743507385,-0.49532899260520935,0.9007168412208557,0.47722113132476807,0.5866371393203735,0.21647001802921295,0.9999354481697083,0.4549487233161926,0.5882530212402344,-0.21693682670593262,0.99996417760849,0.5435555577278137,0.6918076872825623,0.34080392122268677,0.85543292760849,0.5721887946128845,0.6888188123703003,-0.16214902698993683,0.9700465798377991,0.380545049905777,0.7650874257087708,0.4642505347728729,0.9314336180686951,0.5196141004562378,0.816808819770813,-0.09020719677209854,0.9839819669723511,0.330819696187973,0.7684804201126099,0.4722081124782562,0.9454396963119507,0.4801781177520752,0.8403962254524231,-0.08169596642255783,0.9638866782188416,0.41057735681533813,0.8248119354248047,0.4249120354652405,0.9509760141372681,0.6212453246116638,0.8404937982559204,-0.18406657874584198,0.9801284074783325
106,3.533333333333333,0.5309562683105469,0.3478001058101654,-0.48847660422325134,0.9999789595603943,0.5358472466468811,0.33670538663864136,-0.4433905780315399,0.9999462962150574,0.5442321300506592,0.33633360266685486,-0.44393390417099,0.9999282360076904,0.5507570505142212,0.33593133091926575,-0.44372066855430603,0.9999452829360962,0.5116721987724304,0.336134135723114,-0.49045997858047485,0.9999772310256958,0.5032942295074463,0.33626070618629456,-0.491048127412796,0.9999811053276062,0.4945371747016907,0.3366522490978241,-0.4912909269332886,0.9999878406524658,0.5474573969841003,0.34112995862960815,-0.1840832531452179,0.9999403357505798,0.4740123748779297,0.3426247239112854,-0.39350759983062744,0.9999639987945557,0.5420717597007751,0.3602599501609802,-0.38088756799697876,0.9999209046363831,0.5160993933677673,0.360107958316803,-0.4448457360267639,0.9999397397041321,0.5132591724395752,0.40749096870422363,0.1322339028120041,0.9997851252555847,0.459126353263855,0.4119337201118469,-0.44983381032943726,0.9999296069145203,0.49460282921791077,0.5017057657241821,0.20018836855888367,0.0889451876282692,0.5635666251182556,0.4937140941619873,-0.5489113926887512,0.9464465379714966,0.5028994083404541,0.5732117891311646,-0.007573555689305067,0.10520455241203308,0.6996205449104309,0.48269397020339966,-0.5336577296257019,0.9274858236312866,0.503686249256134,0.5942996740341187,-0.02652226760983467,0.13250714540481567,0.73211669921875,0.4772721827030182,-0.6019933819770813,0.920448899269104,0.5101418495178223,0.5876287817955017,-0.06879110634326935,0.1373465359210968,0.7309249043464661,0.46978384256362915,-0.5762626528739929,0.9220988750457764,0.5075775980949402,0.5813485980033875,-0.027998216450214386,0.13132795691490173,0.7214624881744385,0.47137197852134705,-0.52231764793396,0.9018232226371765,0.49714282155036926,0.58549565076828,0.21121039986610413,0.9999385476112366,0.4680189788341522,0.5892826318740845,-0.21142949163913727,0.9999663829803467,0.5761033296585083,0.6862370371818542,0.38142865896224976,0.7974268198013306,0.5892554521560669,0.6875050663948059,-0.19157227873802185,0.9706365466117859,0.4643630087375641,0.7729892730712891,0.6206627488136292,0.8789249658584595,0.52659010887146,0.8142082095146179,-0.08538459986448288,0.9830929040908813,0.40865737199783325,0.7775541543960571,0.6398348212242126,0.912543773651123,0.5000558495521545,0.8369935154914856,-0.057777583599090576,0.960375189781189,0.5124870538711548,0.8144229650497437,0.6156192421913147,0.9145478010177612,0.6163315176963806,0.8402565717697144,-0.15528365969657898,0.9790483713150024
107,3.566666666666667,0.5354915261268616,0.34689074754714966,-0.48099809885025024,0.9999808073043823,0.5419102311134338,0.3359893262386322,-0.4420263469219208,0.9999514222145081,0.5495890974998474,0.33571070432662964,-0.4425903260707855,0.9999350309371948,0.5574869513511658,0.3357083201408386,-0.44240158796310425,0.9999504685401917,0.5171475410461426,0.335785448551178,-0.48223403096199036,0.9999793171882629,0.5077725052833557,0.33601900935173035,-0.48280051350593567,0.9999828338623047,0.4992541968822479,0.3364785313606262,-0.48302802443504333,0.9999889135360718,0.5571549534797668,0.34044545888900757,-0.20879395306110382,0.999945878982544,0.4815308451652527,0.3419192433357239,-0.38743162155151367,0.9999669790267944,0.5470246076583862,0.36002451181411743,-0.38322994112968445,0.9999247193336487,0.5210173726081848,0.3598223626613617,-0.438315749168396,0.9999417662620544,0.5442838072776794,0.4067065715789795,0.07365148514509201,0.9997974634170532,0.45652398467063904,0.4103975296020508,-0.43827521800994873,0.9999341368675232,0.5301442742347717,0.49699121713638306,0.12713074684143066,0.08177916705608368,0.5678396224975586,0.4900790750980377,-0.5529314875602722,0.9506685137748718,0.5217699408531189,0.5747919082641602,-0.075992651283741,0.09614066034555435,0.6957481503486633,0.4568248689174652,-0.548864483833313,0.9337716698646545,0.5199571251869202,0.5980604290962219,-0.09919954091310501,0.12201198190450668,0.7301324605941772,0.4467194676399231,-0.6086084842681885,0.9267120361328125,0.522333025932312,0.5915573239326477,-0.14004577696323395,0.12627364695072174,0.723014235496521,0.4381771981716156,-0.5900133848190308,0.9280241131782532,0.5206723213195801,0.5832563638687134,-0.09521752595901489,0.12049637734889984,0.7121692299842834,0.44091376662254333,-0.5276802182197571,0.9074742197990417,0.5177134275436401,0.5842181444168091,0.18888869881629944,0.9999392032623291,0.4741077721118927,0.5884081721305847,-0.18901227414608002,0.9999670386314392,0.6097195744514465,0.6787886023521423,0.3758917450904846,0.7332563996315002,0.5837764739990234,0.6888593435287476,-0.19642779231071472,0.9640190601348877,0.5293960571289062,0.777982771396637,0.4553672671318054,0.8112558126449585,0.5247287154197693,0.8153611421585083,-0.06953676044940948,0.9712699055671692,0.4996509850025177,0.7920064330101013,0.46483540534973145,0.856661319732666,0.49456557631492615,0.8382450938224792,-0.05192754417657852,0.9324615597724915,0.5903181433677673,0.8172451257705688,0.39953067898750305,0.8608601093292236,0.6099631786346436,0.8415605425834656,-0.15952129662036896,0.9677014350891113
108,3.6,0.5449157953262329,0.34440645575523376,-0.4369664788246155,0.9999804496765137,0.5526554584503174,0.3339959979057312,-0.3953411877155304,0.9999538660049438,0.5595483779907227,0.333883136510849,-0.3958663046360016,0.9999377131462097,0.5670760869979858,0.33409327268600464,-0.3956960439682007,0.9999526143074036,0.5270105004310608,0.333783358335495,-0.44012752175331116,0.9999799132347107,0.5176782011985779,0.33395394682884216,-0.4407462179660797,0.9999833106994629,0.5090780258178711,0.3345491886138916,-0.4409647285938263,0.9999891519546509,0.5674086809158325,0.338104784488678,-0.1661762297153473,0.9999480247497559,0.49245721101760864,0.33903101086616516,-0.33472517132759094,0.9999668598175049,0.555785059928894,0.3568223714828491,-0.33835452795028687,0.999911367893219,0.5303954482078552,0.35795000195503235,-0.3994906544685364,0.9999304413795471,0.5693022012710571,0.40603718161582947,0.08143384009599686,0.9997920989990234,0.45268741250038147,0.4088691771030426,-0.3667786419391632,0.9999364614486694,0.5605802536010742,0.49282926321029663,0.08683258295059204,0.07780247926712036,0.5697069764137268,0.4887838363647461,-0.5137158036231995,0.9549969434738159,0.5444527864456177,0.5517476201057434,-0.13849833607673645,0.08892985433340073,0.6967790722846985,0.4307034909725189,-0.5617748498916626,0.9401440620422363,0.5358644127845764,0.5749253034591675,-0.1724853664636612,0.11409581452608109,0.7253787517547607,0.41740256547927856,-0.6538258194923401,0.9336192011833191,0.535523533821106,0.5633568167686462,-0.20484231412410736,0.11781037598848343,0.714605450630188,0.4076128900051117,-0.6397603154182434,0.9347631931304932,0.5362854599952698,0.5533879995346069,-0.15539056062698364,0.11212794482707977,0.7070214152336121,0.41240373253822327,-0.5609597563743591,0.9156103730201721,0.5358050465583801,0.5835172533988953,0.16247744858264923,0.9999408721923828,0.47821587324142456,0.5874582529067993,-0.16261860728263855,0.9999681115150452,0.6496114730834961,0.6688898205757141,0.09488118439912796,0.7108323574066162,0.5668705105781555,0.6946357488632202,-0.19341608881950378,0.9629620909690857,0.5930992960929871,0.7856591939926147,0.23202018439769745,0.7847516536712646,0.5225639343261719,0.816381573677063,-0.08923901617527008,0.9682815074920654,0.5575764775276184,0.8083218336105347,0.23763474822044373,0.8340682983398438,0.48829057812690735,0.8384690284729004,-0.08060489594936371,0.9179026484489441,0.6689984798431396,0.8196576833724976,0.1084824949502945,0.8446233868598938,0.6087478399276733,0.8458195924758911,-0.24126063287258148,0.9639911651611328
109,3.6333333333333333,0.5500574111938477,0.3394293189048767,-0.3699825704097748,0.999972403049469,0.5577821731567383,0.3287694752216339,-0.3386457860469818,0.9999472498893738,0.5670483708381653,0.3294927775859833,-0.3392604887485504,0.9999257326126099,0.5732461214065552,0.33041539788246155,-0.33918774127960205,0.9999455809593201,0.5327532887458801,0.3280171751976013,-0.35908207297325134,0.9999746084213257,0.5247591137886047,0.32814928889274597,-0.35962408781051636,0.9999779462814331,0.5149286389350891,0.3286833167076111,-0.3599148094654083,0.9999858736991882,0.5774529576301575,0.3351345658302307,-0.13081131875514984,0.9999375343322754,0.498765230178833,0.3341772258281708,-0.23977968096733093,0.9999522566795349,0.5621961951255798,0.35150307416915894,-0.2944452464580536,0.9998472332954407,0.5334703326225281,0.3524323105812073,-0.3211654722690582,0.9998722076416016,0.5919549465179443,0.40506863594055176,0.08257390558719635,0.9997730851173401,0.44973883032798767,0.40572747588157654,-0.27468714118003845,0.9999303221702576,0.5590093731880188,0.49067965149879456,0.1252921223640442,0.07255783677101135,0.5601452589035034,0.4733836054801941,-0.4399172067642212,0.9582257270812988,0.554760217666626,0.554782509803772,-0.01921142265200615,0.08137738704681396,0.6820926070213318,0.4078894257545471,-0.5361217856407166,0.9454026818275452,0.5450658798217773,0.5734920501708984,-0.03845389187335968,0.10494809597730637,0.70762038230896,0.39005693793296814,-0.6078536510467529,0.9389987587928772,0.5486658215522766,0.5695406198501587,-0.07211743295192719,0.10821089148521423,0.7003558874130249,0.3829191327095032,-0.5840653777122498,0.9398730397224426,0.5471624135971069,0.5597500801086426,-0.03412298485636711,0.10291864722967148,0.6926231384277344,0.3890056312084198,-0.5304778814315796,0.9209241271018982,0.5637766718864441,0.5831165313720703,0.1267511397600174,0.9999431371688843,0.4829828441143036,0.5866438150405884,-0.1269994080066681,0.9999692440032959,0.6617558598518372,0.6732875108718872,0.06822951138019562,0.6896921396255493,0.5590651631355286,0.7053974270820618,-0.07017342746257782,0.9524623155593872,0.6532160043716431,0.7863792181015015,0.2577839195728302,0.7641276717185974,0.5175135731697083,0.8157432675361633,0.10698577761650085,0.9567131400108337,0.6145886778831482,0.8076986074447632,0.265596866607666,0.8097179532051086,0.48692649602890015,0.8380330801010132,0.12062948197126389,0.8781945705413818,0.730060338973999,0.8205664753913879,0.1505022644996643,0.8284463286399841,0.5786261558532715,0.8467798233032227,-0.03721253573894501,0.9496650099754333
110,3.6666666666666665,0.553716778755188,0.33337828516960144,-0.24862852692604065,0.9999563694000244,0.5618791580200195,0.32325810194015503,-0.21839436888694763,0.999931812286377,0.5712950229644775,0.32384976744651794,-0.2189820557832718,0.9999006986618042,0.5785537362098694,0.32474350929260254,-0.21889406442642212,0.9999315738677979,0.5381876230239868,0.3229394257068634,-0.2364800125360489,0.9999635815620422,0.5283288955688477,0.32322564721107483,-0.237039253115654,0.9999661445617676,0.519753634929657,0.3237683176994324,-0.23729519546031952,0.9999790191650391,0.5838097333908081,0.32956662774086,-0.05002312734723091,0.9999210834503174,0.502984344959259,0.32967662811279297,-0.1263529509305954,0.9999288320541382,0.566155731678009,0.3458457589149475,-0.17895521223545074,0.9997926354408264,0.5379744172096252,0.34580400586128235,-0.20446541905403137,0.9998189210891724,0.6112287044525146,0.4009900689125061,0.09071806073188782,0.9997718334197998,0.4478365480899811,0.3992648422718048,-0.16122838854789734,0.999927282333374,0.5682185888290405,0.4815024435520172,0.05168234929442406,0.06802864372730255,0.5597295761108398,0.45070701837539673,-0.3386600613594055,0.9602339863777161,0.5567246079444885,0.5514617562294006,-0.1434629261493683,0.07459691166877747,0.6675071120262146,0.3845798373222351,-0.4462171792984009,0.9494910836219788,0.5493361353874207,0.573290228843689,-0.17404833436012268,0.09702813625335693,0.6816848516464233,0.36888420581817627,-0.5065906643867493,0.9430963397026062,0.5506888628005981,0.5661834478378296,-0.19672518968582153,0.09989827126264572,0.6671602725982666,0.36116737127304077,-0.4819404184818268,0.9436033368110657,0.549403965473175,0.5550895929336548,-0.15502893924713135,0.09491368383169174,0.6605323553085327,0.36790555715560913,-0.4402828514575958,0.9242395162582397,0.5811548233032227,0.5822630524635315,0.09252166002988815,0.999946653842926,0.4878108501434326,0.5860608220100403,-0.09288988262414932,0.9999710321426392,0.6735829710960388,0.6787611842155457,0.06025224179029465,0.670733630657196,0.5560406446456909,0.7092181444168091,-0.0378783643245697,0.9391934275627136,0.6674688458442688,0.7858171463012695,0.28218990564346313,0.7400655746459961,0.5197514295578003,0.8149908781051636,0.1725872904062271,0.9412399530410767,0.6336315870285034,0.804438591003418,0.30917832255363464,0.7751924395561218,0.4974694848060608,0.8348022699356079,0.1916494369506836,0.8282503485679626,0.7368656396865845,0.8213825225830078,0.19668954610824585,0.8093380331993103,0.5778235793113708,0.8467099070549011,0.07198430597782135,0.9320942759513855
111,3.7,0.5562273859977722,0.32733654975891113,-0.2115367203950882,0.999792218208313,0.5670291185379028,0.31706517934799194,-0.1861065775156021,0.9997484087944031,0.5748857855796814,0.3178541660308838,-0.18671497702598572,0.9996336698532104,0.5828436613082886,0.31863847374916077,-0.1866454929113388,0.9997772574424744,0.5406048893928528,0.3156691789627075,-0.19640421867370605,0.9998336434364319,0.5306022763252258,0.3156856894493103,-0.19700385630130768,0.9998376369476318,0.5227908492088318,0.31606292724609375,-0.1973053365945816,0.9999074339866638,0.5876408219337463,0.32350319623947144,-0.02969597652554512,0.9997637271881104,0.5077784657478333,0.32220321893692017,-0.071672722697258,0.9996955990791321,0.5705597996711731,0.34017041325569153,-0.14584168791770935,0.9993869066238403,0.5401325225830078,0.33920758962631226,-0.16184541583061218,0.9994031190872192,0.6344630122184753,0.39529183506965637,0.08004434406757355,0.9997420907020569,0.4471556842327118,0.39175933599472046,-0.0888788178563118,0.9999071359634399,0.5710645914077759,0.46657437086105347,0.027807626873254776,0.06396670639514923,0.5282057523727417,0.44596177339553833,-0.26484763622283936,0.9583816528320312,0.5480228066444397,0.5258888602256775,-0.16360069811344147,0.06846106797456741,0.6122585535049438,0.365960031747818,-0.4214889407157898,0.9512982368469238,0.5381895303726196,0.5462120771408081,-0.19742603600025177,0.08977705985307693,0.6260879635810852,0.34669622778892517,-0.4826366901397705,0.9449482560157776,0.5402947068214417,0.5378023386001587,-0.21718181669712067,0.0923376977443695,0.6167134642601013,0.3420892357826233,-0.4670715630054474,0.9450696110725403,0.5398188233375549,0.529441237449646,-0.17370310425758362,0.0876161977648735,0.6092983484268188,0.3489409387111664,-0.4207029938697815,0.9240959286689758,0.5929996371269226,0.5794787406921387,0.07066373527050018,0.9999492168426514,0.4884278178215027,0.5826260447502136,-0.07107008993625641,0.9999719262123108,0.6774343848228455,0.6790971755981445,0.0108375558629632,0.6508556008338928,0.5536366701126099,0.7052890658378601,-0.032201871275901794,0.9168369174003601,0.6671935319900513,0.7857678532600403,0.24001428484916687,0.719094455242157,0.5342610478401184,0.8075411915779114,0.1901669204235077,0.9177058339118958,0.6351827383041382,0.8031672239303589,0.2581997215747833,0.738146185874939,0.5189085006713867,0.8247321248054504,0.2106744349002838,0.7729354500770569,0.7239998579025269,0.8215829730033875,0.13571549952030182,0.7925028204917908,0.5996960401535034,0.8456385731697083,0.08148408681154251,0.9077726602554321
112,3.7333333333333334,0.5596767663955688,0.32110875844955444,-0.14117811620235443,0.9990644454956055,0.5703095197677612,0.31131333112716675,-0.12027226388454437,0.998935878276825,0.5782781839370728,0.31193429231643677,-0.12089097499847412,0.9984700083732605,0.5843788385391235,0.31252866983413696,-0.12086711823940277,0.9991841912269592,0.544610321521759,0.31052926182746887,-0.1291031837463379,0.9992462992668152,0.5358384251594543,0.3107687830924988,-0.12972372770309448,0.9992387294769287,0.5269268751144409,0.3112027049064636,-0.13007797300815582,0.9995847940444946,0.587694525718689,0.3183221220970154,0.015241601504385471,0.9992623925209045,0.5106745958328247,0.3166933059692383,-0.02092153951525688,0.9986597895622253,0.5713224411010742,0.3341529071331024,-0.08264341950416565,0.99842768907547,0.5423337817192078,0.3334413170814514,-0.09717298299074173,0.9982700943946838,0.643241822719574,0.3860021233558655,0.10453175753355026,0.9997098445892334,0.44615110754966736,0.3851166367530823,-0.026295742020010948,0.9998584389686584,0.6276773810386658,0.4589119851589203,0.1382843255996704,0.06081549450755119,0.47451433539390564,0.43590059876441956,-0.21720534563064575,0.9446444511413574,0.5611575841903687,0.508182942867279,0.008203301578760147,0.06291433423757553,0.547743558883667,0.35805052518844604,-0.4038147032260895,0.9386081695556641,0.5420982241630554,0.5338870882987976,-0.008383061736822128,0.08299993723630905,0.5639700293540955,0.33931300044059753,-0.46152013540267944,0.931921660900116,0.5372536778450012,0.5172300338745117,-0.07555339485406876,0.08532292395830154,0.5508682131767273,0.3334222435951233,-0.4450531303882599,0.9307214021682739,0.539483368396759,0.5140531063079834,-0.021060392260551453,0.0809120163321495,0.5452439785003662,0.33867210149765015,-0.4039742648601532,0.9030556082725525,0.6052438616752625,0.5688087344169617,0.05634671822190285,0.9999508857727051,0.4909546673297882,0.5737820267677307,-0.0567106232047081,0.9999719262123108,0.6764504909515381,0.6811547875404358,0.03347345069050789,0.6369823813438416,0.547972559928894,0.7026225328445435,-0.03668387606739998,0.8984420299530029,0.6725250482559204,0.7856394648551941,0.2596891522407532,0.7156777381896973,0.5498462915420532,0.8050594329833984,0.15041077136993408,0.9080324172973633,0.6436567306518555,0.8010579347610474,0.27048835158348083,0.7090416550636292,0.5449877381324768,0.8200963139533997,0.16689403355121613,0.7322784662246704,0.726145327091217,0.8238234519958496,0.14799313247203827,0.7861692309379578,0.5968564748764038,0.8452838063240051,0.020373718813061714,0.8956677317619324
113,3.7666666666666666,0.5553880333900452,0.32030385732650757,-0.14538128674030304,0.9989539384841919,0.5678593516349792,0.30827438831329346,-0.12272249907255173,0.9987479448318481,0.576390266418457,0.30875343084335327,-0.12331987917423248,0.9982042908668518,0.5849183797836304,0.30922845005989075,-0.12329166382551193,0.9990497827529907,0.540718138217926,0.3083760440349579,-0.12825897336006165,0.9991028904914856,0.5313519239425659,0.3085583448410034,-0.1289229542016983,0.9990887641906738,0.5235025882720947,0.3086017966270447,-0.12927405536174774,0.9995005130767822,0.5892528295516968,0.313216894865036,0.01835421472787857,0.9991303086280823,0.5092969536781311,0.31400808691978455,-0.0034752199426293373,0.9982958436012268,0.5695164799690247,0.3320031464099884,-0.08477967232465744,0.998184084892273,0.5381565093994141,0.33214297890663147,-0.09524338692426682,0.9979491829872131,0.6475979089736938,0.37757980823516846,0.11527954041957855,0.9997078776359558,0.44852063059806824,0.3809870183467865,0.016462726518511772,0.9998335242271423,0.6803261637687683,0.4386288523674011,0.23193785548210144,0.06685072183609009,0.4223368763923645,0.42209067940711975,-0.15542711317539215,0.9351183176040649,0.6149085760116577,0.49121609330177307,0.2854762673377991,0.060255080461502075,0.4922214150428772,0.3471837639808655,-0.34080031514167786,0.9259801506996155,0.5989241003990173,0.5077623128890991,0.2944698631763458,0.07913072407245636,0.5013935565948486,0.3271706998348236,-0.39218202233314514,0.9161140322685242,0.5932608842849731,0.5021790266036987,0.2692645490169525,0.08116558939218521,0.5010378956794739,0.32474157214164734,-0.37197381258010864,0.9127150177955627,0.5960756540298462,0.49727192521095276,0.28072696924209595,0.07727152854204178,0.5028966069221497,0.33206647634506226,-0.33948761224746704,0.8808174729347229,0.6148005723953247,0.562879204750061,0.042671263217926025,0.9999530911445618,0.4929485321044922,0.5696084499359131,-0.04304056614637375,0.9999723434448242,0.6746078729629517,0.6814783215522766,0.058969270437955856,0.6431578397750854,0.5458276271820068,0.7025083303451538,0.007304196711629629,0.8834027647972107,0.6819093823432922,0.785136342048645,0.26803404092788696,0.7244409322738647,0.568393349647522,0.8038032650947571,0.18125730752944946,0.901086151599884,0.6574264168739319,0.79918372631073,0.27716898918151855,0.6966084241867065,0.5739052891731262,0.8164450526237488,0.1947915256023407,0.7054862380027771,0.7253645062446594,0.825238823890686,0.14619313180446625,0.7878088355064392,0.6081594824790955,0.844890296459198,0.036986347287893295,0.8857812881469727
114,3.8,0.5532681941986084,0.31512823700904846,-0.19951127469539642,0.9989999532699585,0.5650879740715027,0.30294495820999146,-0.1709376722574234,0.9987622499465942,0.5746057033538818,0.30344730615615845,-0.17148421704769135,0.9982212781906128,0.5831806063652039,0.3037357032299042,-0.17139482498168945,0.999047040939331,0.5382400751113892,0.303535521030426,-0.1734185516834259,0.9991242289543152,0.5297963619232178,0.3041703999042511,-0.17408950626850128,0.9991163611412048,0.5212250351905823,0.30455881357192993,-0.1744365245103836,0.9995137453079224,0.5902953147888184,0.30917131900787354,-0.003997209016233683,0.9991093277931213,0.5092337131500244,0.3104657530784607,-0.004271878860890865,0.9983204007148743,0.5698904991149902,0.3260354995727539,-0.12959063053131104,0.9982267618179321,0.5381081700325012,0.3266814649105072,-0.1360654979944229,0.9980208277702332,0.6513572931289673,0.3713504374027252,0.11113199591636658,0.9997000098228455,0.4555046558380127,0.378510981798172,0.05277645215392113,0.9998303651809692,0.7074007391929626,0.4340354800224304,0.2241833508014679,0.08261088281869888,0.37657907605171204,0.42024293541908264,-0.15455152094364166,0.9365766048431396,0.6289961934089661,0.49125805497169495,0.21000155806541443,0.06497058272361755,0.4434543251991272,0.34257370233535767,-0.4256913363933563,0.9317989349365234,0.6130591630935669,0.5082200169563293,0.2065892070531845,0.0846732035279274,0.4477078318595886,0.3221486806869507,-0.48038727045059204,0.9223014116287231,0.6074294447898865,0.5037692189216614,0.17824402451515198,0.08639581501483917,0.4533593952655792,0.3192099928855896,-0.4595690071582794,0.9189048409461975,0.6109581589698792,0.498417466878891,0.20186103880405426,0.08198580890893936,0.45744195580482483,0.32692331075668335,-0.4202868938446045,0.8887772560119629,0.6225099563598633,0.5560673475265503,0.02008809894323349,0.9999537467956543,0.4981922209262848,0.5623450875282288,-0.02048308402299881,0.9999725222587585,0.6743077039718628,0.6814578771591187,0.012694417499005795,0.6607363224029541,0.5452553033828735,0.6967778205871582,-0.015745418146252632,0.8777223229408264,0.6882295608520508,0.7833596467971802,0.2702673673629761,0.7397868633270264,0.5777038335800171,0.8017287254333496,0.17984288930892944,0.9012731909751892,0.6645479202270508,0.7964381575584412,0.2811601161956787,0.6929722428321838,0.59296053647995,0.8104696273803711,0.19409115612506866,0.6967546343803406,0.7175596356391907,0.826238751411438,0.13353513181209564,0.7950958609580994,0.6037338376045227,0.8448689579963684,0.027006030082702637,0.8835543990135193
115,3.8333333333333335,0.5514970421791077,0.3138810396194458,-0.20966927707195282,0.9990456104278564,0.5629088878631592,0.30237188935279846,-0.1823115050792694,0.998769998550415,0.5721024870872498,0.30252957344055176,-0.1828407496213913,0.9982336759567261,0.5809487700462341,0.3025420606136322,-0.1827431321144104,0.9990341067314148,0.5372408032417297,0.302259624004364,-0.1812339574098587,0.9991459846496582,0.5283049941062927,0.30250120162963867,-0.1819232702255249,0.9991465210914612,0.5198617577552795,0.3025793433189392,-0.18228775262832642,0.9995281100273132,0.5903798937797546,0.3071998655796051,-0.014598799869418144,0.9990881681442261,0.5089320540428162,0.3081197738647461,-0.007539527956396341,0.998372495174408,0.5673723816871643,0.3252194821834564,-0.14067110419273376,0.9982800483703613,0.5363526940345764,0.32587748765945435,-0.14258591830730438,0.9981114864349365,0.6515304446220398,0.36727824807167053,0.09005556255578995,0.9996946454048157,0.45854711532592773,0.37724390625953674,0.06992574036121368,0.9998316764831543,0.7209485173225403,0.4326457977294922,0.2087164968252182,0.09993652999401093,0.3598490357398987,0.4188608229160309,-0.10800349712371826,0.937237024307251,0.6380302906036377,0.4914315342903137,0.19749712944030762,0.07088083028793335,0.4038984477519989,0.3442328870296478,-0.4044380187988281,0.9375723600387573,0.6200428009033203,0.5078691244125366,0.19388335943222046,0.09225760400295258,0.40458250045776367,0.3240354061126709,-0.47311192750930786,0.9287596344947815,0.6135755181312561,0.5043250322341919,0.16697584092617035,0.0938568189740181,0.41699451208114624,0.31890153884887695,-0.45512306690216064,0.9255329966545105,0.6180433630943298,0.49855837225914,0.19118435680866241,0.08915738761425018,0.42253512144088745,0.3267914354801178,-0.4061519503593445,0.8976409435272217,0.6279788613319397,0.5557444095611572,-0.00030121306190267205,0.9999541640281677,0.5035527944564819,0.5637105703353882,-0.00010280051355948672,0.9999728202819824,0.6756930947303772,0.6815242767333984,0.004559737630188465,0.6816102862358093,0.5449663400650024,0.6967733502388,0.004789212718605995,0.874796450138092,0.7039015293121338,0.7816627621650696,0.26538801193237305,0.7571718096733093,0.5920023918151855,0.799775242805481,0.22152559459209442,0.9022659063339233,0.6861239671707153,0.7930833101272583,0.27943748235702515,0.6951959729194641,0.6162928938865662,0.8069254159927368,0.23836025595664978,0.6950856447219849,0.7234805822372437,0.8274998664855957,0.12537822127342224,0.8052828311920166,0.602091372013092,0.8469606637954712,0.08140818774700165,0.8834508657455444
116,3.8666666666666667,0.5506988763809204,0.31222718954086304,-0.18713217973709106,0.9990929365158081,0.5618871450424194,0.3002724051475525,-0.15963467955589294,0.9987868666648865,0.5704037547111511,0.30033236742019653,-0.16013957560062408,0.9982579350471497,0.5792523622512817,0.30026325583457947,-0.16002243757247925,0.9990325570106506,0.5361161231994629,0.3003482520580292,-0.1552405208349228,0.9991729855537415,0.5270273685455322,0.3004796504974365,-0.15594694018363953,0.9991790056228638,0.5188830494880676,0.30051201581954956,-0.15630203485488892,0.9995445013046265,0.5890267491340637,0.30545756220817566,-0.00034220493398606777,0.999066174030304,0.507785975933075,0.3062099516391754,0.022529402747750282,0.9984219670295715,0.5654775500297546,0.32410484552383423,-0.12116115540266037,0.9983444809913635,0.5351560115814209,0.3239346444606781,-0.1185600683093071,0.998207151889801,0.6480217576026917,0.36794137954711914,0.09648846834897995,0.9996891617774963,0.46177148818969727,0.3783656656742096,0.10782156884670258,0.9998301267623901,0.7349382042884827,0.43127012252807617,0.1954096108675003,0.11461436748504639,0.3542312681674957,0.4223341941833496,-0.05063683167099953,0.935178279876709,0.6567232012748718,0.4933687150478363,0.1772083044052124,0.0747838243842125,0.37338829040527344,0.35131537914276123,-0.33933454751968384,0.9420578479766846,0.6356297135353088,0.5082894563674927,0.17001157999038696,0.09754639118909836,0.3785492777824402,0.33252209424972534,-0.4059945046901703,0.9338372349739075,0.6273066401481628,0.5052324533462524,0.15025851130485535,0.09899577498435974,0.38817575573921204,0.32637515664100647,-0.3936474621295929,0.9306724071502686,0.6335407495498657,0.5002149343490601,0.17751389741897583,0.09422781318426132,0.391708642244339,0.33283036947250366,-0.34421220421791077,0.9045068621635437,0.6313379406929016,0.5567312836647034,-0.011394142173230648,0.9999553561210632,0.5096079707145691,0.5653777122497559,0.010944484733045101,0.9999735951423645,0.6813706755638123,0.6832351684570312,-0.008335965685546398,0.7005658149719238,0.5493592619895935,0.699613094329834,0.017582543194293976,0.8725512027740479,0.7142181396484375,0.7820461988449097,0.2419784814119339,0.7730580568313599,0.6042724847793579,0.7998644113540649,0.2071390002965927,0.905162513256073,0.7012917399406433,0.7929733395576477,0.2564484477043152,0.6942918300628662,0.6282823085784912,0.8097912073135376,0.22091422975063324,0.6964801549911499,0.7288955450057983,0.8290568590164185,0.09947380423545837,0.8143382668495178,0.6016287207603455,0.8537570238113403,0.06632746756076813,0.8854150772094727
117,3.9,0.5479618310928345,0.3125164806842804,-0.20490120351314545,0.9991637468338013,0.5617237687110901,0.3003545105457306,-0.17600895464420319,0.9988646507263184,0.569528341293335,0.30037355422973633,-0.17652326822280884,0.9983682036399841,0.5790258646011353,0.30051517486572266,-0.17640729248523712,0.9990895986557007,0.5351789593696594,0.3002839684486389,-0.16831743717193604,0.9992314577102661,0.5267671346664429,0.30032259225845337,-0.16898444294929504,0.9992375373840332,0.5181851387023926,0.30037814378738403,-0.16929617524147034,0.9995763897895813,0.5859858989715576,0.306974858045578,-0.008248753845691681,0.9991056323051453,0.5062233805656433,0.306038498878479,0.04013187438249588,0.9985138773918152,0.5633687973022461,0.32451915740966797,-0.1356634497642517,0.9984599351882935,0.5332181453704834,0.32417064905166626,-0.12884560227394104,0.9983423352241516,0.63811194896698,0.3682210147380829,0.06773725897073746,0.9997029304504395,0.4667596220970154,0.37970399856567383,0.16777591407299042,0.999833881855011,0.7428196668624878,0.43146029114723206,0.14199474453926086,0.13723160326480865,0.36233678460121155,0.42716842889785767,0.052745163440704346,0.92715984582901,0.6723896265029907,0.4958363473415375,0.08236544579267502,0.08476180583238602,0.35959795117378235,0.36355119943618774,-0.264450341463089,0.9461192488670349,0.6484058499336243,0.5091220140457153,0.06227324157953262,0.10867483913898468,0.355383038520813,0.3463071286678314,-0.3332612216472626,0.9385524392127991,0.6401301622390747,0.5057827234268188,0.042778950184583664,0.10990117490291595,0.3650553822517395,0.3399859070777893,-0.33282288908958435,0.9355530142784119,0.646207869052887,0.50190269947052,0.07943824678659439,0.10393967479467392,0.37122371792793274,0.34666526317596436,-0.2755161225795746,0.9109987616539001,0.627707839012146,0.5584611296653748,-0.03932615742087364,0.9999564290046692,0.5132063627243042,0.5655331015586853,0.03883283585309982,0.9999741315841675,0.6830101609230042,0.6907476186752319,-0.04145297035574913,0.7112686634063721,0.5565643906593323,0.706261932849884,0.06298981606960297,0.8561109900474548,0.717265248298645,0.7822433710098267,0.26070114970207214,0.7777857780456543,0.6151122450828552,0.7997342348098755,0.35187745094299316,0.8957898020744324,0.7082143425941467,0.7914754152297974,0.2897133529186249,0.6783939599990845,0.6370982527732849,0.8055899739265442,0.3772253692150116,0.6795080900192261,0.7228015661239624,0.8324955105781555,0.10837329179048538,0.8125865459442139,0.6155792474746704,0.8537731170654297,0.23272880911827087,0.874158501625061
118,3.933333333333333,0.5368021726608276,0.31354475021362305,-0.19829443097114563,0.9992377758026123,0.5530370473861694,0.3012852370738983,-0.17256811261177063,0.9989621043205261,0.5625641942024231,0.3012007176876068,-0.17307297885417938,0.9985070824623108,0.5729570388793945,0.30148059129714966,-0.17293360829353333,0.9991655349731445,0.528347373008728,0.3016652762889862,-0.15452268719673157,0.9992992281913757,0.5203024744987488,0.3019586205482483,-0.1551961749792099,0.9993044137954712,0.5120308995246887,0.3022218942642212,-0.15547826886177063,0.9996134638786316,0.5836755037307739,0.30835527181625366,-0.011402974836528301,0.9991742372512817,0.5054694414138794,0.3079114258289337,0.0652770921587944,0.9986366629600525,0.5545610785484314,0.32572638988494873,-0.13526085019111633,0.9985894560813904,0.5258311629295349,0.32546859979629517,-0.11577014625072479,0.9984855055809021,0.6307092308998108,0.3703027069568634,0.027931205928325653,0.9997182488441467,0.4767388701438904,0.38186389207839966,0.21694940328598022,0.9998374581336975,0.7437800765037537,0.43480247259140015,0.09300306439399719,0.16727255284786224,0.3830936551094055,0.43061280250549316,0.18377433717250824,0.9096916317939758,0.671244204044342,0.49897509813308716,0.056836601346731186,0.0936380997300148,0.3515278100967407,0.3742397427558899,-0.07458564639091492,0.9485273957252502,0.6462437510490417,0.5109537839889526,0.039268847554922104,0.11684346199035645,0.34473004937171936,0.35276558995246887,-0.12980452179908752,0.941769540309906,0.6386411786079407,0.5079404711723328,0.020065581426024437,0.11748327314853668,0.35458627343177795,0.3455427587032318,-0.14234879612922668,0.9389612078666687,0.6438250541687012,0.5047107934951782,0.05418110266327858,0.11095937341451645,0.36149919033050537,0.35495924949645996,-0.09029539674520493,0.9154286980628967,0.6271706819534302,0.5592659711837769,-0.0679956004023552,0.9999585151672363,0.5182656645774841,0.5660994052886963,0.06757715344429016,0.9999752640724182,0.6807463765144348,0.6948220729827881,-0.06999911367893219,0.7288171052932739,0.5617213249206543,0.7087879180908203,0.09078657627105713,0.8462203145027161,0.7171245217323303,0.7824009656906128,0.2605403661727905,0.7859929800033569,0.6318050622940063,0.7987168431282043,0.36096692085266113,0.8904179334640503,0.7132731676101685,0.7905794382095337,0.28945183753967285,0.6704390048980713,0.6557658910751343,0.8025565147399902,0.38505905866622925,0.6725386381149292,0.7180498838424683,0.8338742256164551,0.1263079047203064,0.8156821727752686,0.6279760003089905,0.8529067039489746,0.25290873646736145,0.8699156045913696
119,3.966666666666667,0.5214671492576599,0.3142642378807068,-0.2324342578649521,0.999311089515686,0.538300096988678,0.30163848400115967,-0.21997129917144775,0.9990620017051697,0.5493207573890686,0.30144205689430237,-0.22049689292907715,0.9986509680747986,0.5588831305503845,0.3018041253089905,-0.22031722962856293,0.9992450475692749,0.514087438583374,0.3033038079738617,-0.1552944928407669,0.9993667006492615,0.5078490972518921,0.30354323983192444,-0.1560317426919937,0.999371349811554,0.5021736025810242,0.3033958673477173,-0.15600299835205078,0.9996503591537476,0.5780857801437378,0.3084287643432617,-0.10361212491989136,0.999252438545227,0.503334105014801,0.3083117604255676,0.03438528999686241,0.9987655282020569,0.5421308279037476,0.32651692628860474,-0.18535850942134857,0.9987217783927917,0.5124664306640625,0.32605600357055664,-0.12701916694641113,0.9986281394958496,0.6223072409629822,0.3715294599533081,-0.09775204211473465,0.9997395873069763,0.49264034628868103,0.3876016438007355,0.24491295218467712,0.9998425841331482,0.7347809076309204,0.43669214844703674,-0.049879416823387146,0.23386234045028687,0.41221821308135986,0.45270222425460815,0.350877970457077,0.8590775728225708,0.6776860356330872,0.5007534623146057,-0.046228259801864624,0.13064758479595184,0.3582670986652374,0.40663260221481323,0.1929773986339569,0.9482976794242859,0.6538666486740112,0.5133160352706909,-0.06384949386119843,0.14982686936855316,0.3446751832962036,0.38860732316970825,0.16161282360553741,0.9439276456832886,0.6450780034065247,0.5096993446350098,-0.08150939643383026,0.14980080723762512,0.35007932782173157,0.38263195753097534,0.12795034050941467,0.9415064454078674,0.6500478386878967,0.5065078139305115,-0.04742363840341568,0.14216485619544983,0.3572172522544861,0.38801729679107666,0.17038141191005707,0.9190342426300049,0.6219236850738525,0.5636467933654785,-0.11599831283092499,0.9999599456787109,0.5242385268211365,0.5708096027374268,0.11569423973560333,0.9999755024909973,0.6721426844596863,0.695439875125885,-0.07811001688241959,0.7506453990936279,0.5680186748504639,0.7074027061462402,0.14774484932422638,0.840366005897522,0.7234422564506531,0.7810912728309631,0.25475671887397766,0.8003676533699036,0.6443612575531006,0.7969867587089539,0.3448786735534668,0.8913949131965637,0.7266648411750793,0.7860822081565857,0.28499335050582886,0.6854356527328491,0.6727328896522522,0.8019324541091919,0.36145710945129395,0.6857618689537048,0.7197712659835815,0.8338717222213745,0.13328197598457336,0.826660692691803,0.6347755193710327,0.8522089123725891,0.24117033183574677,0.8736016154289246
120,4.0,0.5031861662864685,0.3245600461959839,-0.29211902618408203,0.9993776082992554,0.520517110824585,0.3117585778236389,-0.27990350127220154,0.9991528987884521,0.5299803018569946,0.3116975426673889,-0.28046494722366333,0.9987821578979492,0.5386053919792175,0.31204867362976074,-0.28031599521636963,0.9993176460266113,0.49878454208374023,0.31306758522987366,-0.23304346203804016,0.9994279146194458,0.492410272359848,0.3134966194629669,-0.23371562361717224,0.9994320273399353,0.48708346486091614,0.31348538398742676,-0.23383405804634094,0.9996837377548218,0.5659507513046265,0.31849148869514465,-0.165487602353096,0.9993242025375366,0.4955022633075714,0.31866973638534546,0.00728102121502161,0.9988822340965271,0.5219639539718628,0.33562952280044556,-0.24422365427017212,0.9988420605659485,0.4977176785469055,0.3365991413593292,-0.19120553135871887,0.9987565279006958,0.6063651442527771,0.37653154134750366,-0.17104662954807281,0.9997607469558716,0.498991996049881,0.3946421444416046,0.2288658320903778,0.9998433589935303,0.7265624403953552,0.4375074803829193,-0.1754959672689438,0.30578547716140747,0.464599609375,0.4769970774650574,0.3304798901081085,0.7952043414115906,0.6798238158226013,0.503372311592102,-0.19730708003044128,0.1875326782464981,0.37004441022872925,0.4380587041378021,0.17318114638328552,0.9439404606819153,0.6549056768417358,0.5150015354156494,-0.2226092666387558,0.20008493959903717,0.34814944863319397,0.42385807633399963,0.1458481103181839,0.9436160922050476,0.6454710364341736,0.5110229253768921,-0.2369389683008194,0.1995154172182083,0.34745198488235474,0.4155481457710266,0.10450582206249237,0.941667914390564,0.6507271528244019,0.5070945620536804,-0.198833167552948,0.19052080810070038,0.356274276971817,0.42113471031188965,0.14706800878047943,0.9196459650993347,0.6155745387077332,0.5772007703781128,-0.13858594000339508,0.9999620914459229,0.5274266600608826,0.5843356847763062,0.13822707533836365,0.9999761581420898,0.6673859357833862,0.7042130827903748,-0.13936945796012878,0.7734394073486328,0.5689241290092468,0.7133438587188721,0.19546163082122803,0.8372215032577515,0.7195139527320862,0.7753323912620544,0.22125118970870972,0.815026581287384,0.6528685092926025,0.7970322370529175,0.34738463163375854,0.8945024609565735,0.7278233170509338,0.7708896398544312,0.25587570667266846,0.7052035331726074,0.686547577381134,0.8034393191337585,0.3601242005825043,0.7048537135124207,0.7267355918884277,0.833549976348877,0.16728386282920837,0.8385891318321228,0.6290082335472107,0.8523266911506653,0.281486451625824,0.8795597553253174
121,4.033333333333333,0.48309847712516785,0.3359487056732178,-0.3857337236404419,0.9994391798973083,0.501927375793457,0.323148638010025,-0.3775286078453064,0.9992367029190063,0.5097627639770508,0.32285767793655396,-0.3781227469444275,0.9989028573036194,0.5205565690994263,0.322712242603302,-0.3780639171600342,0.9993849992752075,0.48303303122520447,0.32388535141944885,-0.3289654552936554,0.9994843602180481,0.47942453622817993,0.32407906651496887,-0.3295711278915405,0.9994880557060242,0.4754643440246582,0.32399606704711914,-0.3297284245491028,0.999714732170105,0.5522216558456421,0.32839664816856384,-0.27204781770706177,0.9993907809257507,0.48846614360809326,0.3286669850349426,-0.04632110148668289,0.9989906549453735,0.501952588558197,0.3473007082939148,-0.340326726436615,0.9989549517631531,0.4822447597980499,0.3486455976963043,-0.2807149291038513,0.9988770484924316,0.5798147320747375,0.38768890500068665,-0.2959079444408417,0.9997831583023071,0.5062817335128784,0.400010347366333,0.2215326726436615,0.9998530745506287,0.721495509147644,0.4450773298740387,-0.339597225189209,0.3735519349575043,0.5000267624855042,0.4858153760433197,0.3081448972225189,0.7304264903068542,0.6780176758766174,0.5108218193054199,-0.3521125316619873,0.24917931854724884,0.38338378071784973,0.46362394094467163,0.08271827548742294,0.9389680027961731,0.6542877554893494,0.5170781016349792,-0.3892727792263031,0.25192928314208984,0.3557394742965698,0.45400649309158325,0.05094531551003456,0.942277729511261,0.6481208205223083,0.5124077796936035,-0.39779117703437805,0.25105413794517517,0.3505687415599823,0.44904476404190063,0.00012107793736504391,0.9410331845283508,0.6539511680603027,0.5106149911880493,-0.3522029519081116,0.2386704534292221,0.36184975504875183,0.45299607515335083,0.050887711346149445,0.9186714291572571,0.6127537488937378,0.5849004983901978,-0.1777821034193039,0.9999634623527527,0.5444386601448059,0.5886233448982239,0.17731384932994843,0.9999764561653137,0.6061819791793823,0.7077623605728149,-0.253508597612381,0.7907362580299377,0.5749415159225464,0.7114265561103821,0.21357421576976776,0.8099363446235657,0.7144357562065125,0.7569372057914734,0.17715977132320404,0.8043599128723145,0.6604077816009521,0.799209475517273,0.3103099763393402,0.8848680257797241,0.7374548316001892,0.7369076013565063,0.22132915258407593,0.7071009278297424,0.6922014355659485,0.8123406171798706,0.3201807737350464,0.7155861258506775,0.7234280705451965,0.8187558054924011,0.2235749065876007,0.8315625786781311,0.6272950768470764,0.8519827723503113,0.270629346370697,0.8763712048530579
122,4.066666666666666,0.46493569016456604,0.3439372181892395,-0.4351525604724884,0.9994951486587524,0.4826641380786896,0.33027660846710205,-0.4301608204841614,0.9993128776550293,0.4908243715763092,0.33006003499031067,-0.43075132369995117,0.9990124106407166,0.5009133219718933,0.3300992250442505,-0.4307187795639038,0.9994463324546814,0.46739691495895386,0.3310084939002991,-0.3782232105731964,0.9995357990264893,0.46481144428253174,0.3310811519622803,-0.37878069281578064,0.9995391368865967,0.46208009123802185,0.3309671878814697,-0.3789580166339874,0.9997431635856628,0.5345562696456909,0.33666202425956726,-0.33220356702804565,0.9994515180587769,0.4783119559288025,0.33608368039131165,-0.0907910168170929,0.9990909695625305,0.48569899797439575,0.35549965500831604,-0.3922193646430969,0.9990588426589966,0.4662592113018036,0.3559270203113556,-0.327675998210907,0.9989883899688721,0.5704293251037598,0.39880552887916565,-0.3590324819087982,0.9998042583465576,0.506889283657074,0.4053911566734314,0.20712316036224365,0.9998637437820435,0.714605450630188,0.45049843192100525,-0.3911740481853485,0.4358372986316681,0.5247544050216675,0.49031370878219604,0.25618916749954224,0.6695546507835388,0.6790158748626709,0.5178333520889282,-0.3548775017261505,0.31648844480514526,0.39483749866485596,0.48662346601486206,-0.024738162755966187,0.9350599646568298,0.6551975607872009,0.5234267711639404,-0.3880615532398224,0.313220351934433,0.3724325895309448,0.48166975378990173,-0.0650944709777832,0.9417887926101685,0.6493750810623169,0.5165427923202515,-0.3964419960975647,0.31236445903778076,0.366415411233902,0.47675997018814087,-0.10931424051523209,0.9411476254463196,0.6547518968582153,0.5156517624855042,-0.35367730259895325,0.2982816994190216,0.37872594594955444,0.47904831171035767,-0.055350638926029205,0.9186761975288391,0.6092672944068909,0.589518666267395,-0.20017941296100616,0.9999650716781616,0.5560633540153503,0.5899224877357483,0.19976896047592163,0.9999768733978271,0.5531753301620483,0.7070692181587219,-0.28216421604156494,0.8102444410324097,0.572036862373352,0.7105075120925903,0.2545241713523865,0.791496753692627,0.7086648941040039,0.7387824058532715,0.12298323214054108,0.8145276308059692,0.6614357233047485,0.8006525039672852,0.3362530767917633,0.88427734375,0.7362099289894104,0.7186838984489441,0.16569797694683075,0.727263331413269,0.6956256628036499,0.8170000314712524,0.3414525091648102,0.7344182133674622,0.7206308841705322,0.8042182922363281,0.2070917934179306,0.8414130806922913,0.62491774559021,0.852055549621582,0.3218745291233063,0.8805757164955139
123,4.1,0.44793781638145447,0.3488449454307556,-0.44388309121131897,0.9995453953742981,0.46287989616394043,0.3343272805213928,-0.44763150811195374,0.9993812441825867,0.4724788963794708,0.3336089253425598,-0.4481770694255829,0.9991108179092407,0.480968177318573,0.33297306299209595,-0.44812050461769104,0.9995013475418091,0.4506685137748718,0.33520931005477905,-0.38999417424201965,0.9995818734169006,0.44879090785980225,0.33517318964004517,-0.390525221824646,0.9995848536491394,0.4466511905193329,0.33493876457214355,-0.39069297909736633,0.9997685551643372,0.5114753842353821,0.33752113580703735,-0.378709077835083,0.9995059967041016,0.4636352062225342,0.33911246061325073,-0.11177513003349304,0.9991805553436279,0.4683108925819397,0.3598918318748474,-0.4102131724357605,0.9991514682769775,0.4512403607368469,0.359519898891449,-0.3379756808280945,0.9990870356559753,0.5509241819381714,0.4011054039001465,-0.4140256643295288,0.9998229742050171,0.5054904222488403,0.40719956159591675,0.19570545852184296,0.9998719692230225,0.7098931074142456,0.45030340552330017,-0.509826123714447,0.4917312562465668,0.5365259051322937,0.488513320684433,0.31496188044548035,0.610917329788208,0.6788520812988281,0.5175515413284302,-0.515359103679657,0.37369173765182495,0.4081823527812958,0.4994286894798279,0.12124481052160263,0.9292498230934143,0.653471052646637,0.5236872434616089,-0.5574588179588318,0.3641001880168915,0.3837569057941437,0.5004169344902039,0.09945691376924515,0.9392869472503662,0.6462163329124451,0.5170949101448059,-0.5588082671165466,0.3631097078323364,0.38068121671676636,0.4968623220920563,0.03616949915885925,0.9393637180328369,0.6526132225990295,0.5164370536804199,-0.5124847888946533,0.34517550468444824,0.3900189697742462,0.49709200859069824,0.08477091789245605,0.9163663387298584,0.603862464427948,0.5891177654266357,-0.2116704285144806,0.9999653100967407,0.5679280757904053,0.590340256690979,0.21125219762325287,0.9999762177467346,0.5252219438552856,0.6986345052719116,-0.2485249638557434,0.826806366443634,0.561042308807373,0.7098371386528015,0.25720715522766113,0.7714605331420898,0.7033122181892395,0.7234898209571838,0.06256812065839767,0.8282132744789124,0.6590813398361206,0.8007176518440247,0.34352555871009827,0.8841091394424438,0.7271350622177124,0.7022339105606079,0.09397373348474503,0.7489763498306274,0.6962160468101501,0.8167616128921509,0.34890082478523254,0.752068817615509,0.7233107089996338,0.789273738861084,0.12324893474578857,0.8534592986106873,0.6247668862342834,0.8518807291984558,0.33285844326019287,0.884562075138092
124,4.133333333333334,0.4322035610675812,0.3458041846752167,-0.4006023108959198,0.9995896220207214,0.44430699944496155,0.3316454291343689,-0.409637451171875,0.9994415044784546,0.45143863558769226,0.3308642506599426,-0.4101729393005371,0.9991981983184814,0.4588592052459717,0.33031827211380005,-0.410139262676239,0.9995498061180115,0.4347444772720337,0.3324427008628845,-0.35101473331451416,0.9996219873428345,0.4334915280342102,0.3323708176612854,-0.35154926776885986,0.9996246695518494,0.4320632219314575,0.3321574032306671,-0.35174036026000977,0.9997901916503906,0.49489134550094604,0.33475977182388306,-0.3726538419723511,0.9995543360710144,0.45310354232788086,0.3361872732639313,-0.0945211797952652,0.9992572069168091,0.45181435346603394,0.35631006956100464,-0.37595608830451965,0.9992323517799377,0.4390707314014435,0.3571426272392273,-0.301876425743103,0.9991703033447266,0.5351939797401428,0.398726224899292,-0.43492504954338074,0.9998399615287781,0.502091646194458,0.40493112802505493,0.21751655638217926,0.9998777508735657,0.6900108456611633,0.43947187066078186,-0.5494080185890198,0.5417008996009827,0.5285375714302063,0.48317751288414,0.36101463437080383,0.5536878705024719,0.6727244257926941,0.5125342011451721,-0.5725620985031128,0.419317364692688,0.4310111701488495,0.5141028761863708,0.18832696974277496,0.8961946368217468,0.6482022404670715,0.5184075832366943,-0.6202347874641418,0.4039807617664337,0.3980172574520111,0.5211969017982483,0.17296569049358368,0.9169641137123108,0.6413027048110962,0.5124393701553345,-0.620261549949646,0.40289506316185,0.38955456018447876,0.5171017050743103,0.10406291484832764,0.9184700846672058,0.6481412053108215,0.5115916728973389,-0.5691448450088501,0.37965717911720276,0.404300719499588,0.5155818462371826,0.1503658890724182,0.8933315873146057,0.5928592085838318,0.586735725402832,-0.2262483388185501,0.9999668598175049,0.5682782530784607,0.589474081993103,0.22585006058216095,0.9999768137931824,0.48079508543014526,0.6805844902992249,-0.2500479519367218,0.8428189158439636,0.5547536611557007,0.7084192037582397,0.2661283314228058,0.7678835391998291,0.6933141350746155,0.6986907720565796,0.03167135268449783,0.8432433009147644,0.6612124443054199,0.7997168898582458,0.363137423992157,0.8888649344444275,0.71782386302948,0.6836408376693726,0.05926224961876869,0.7705971002578735,0.6996694803237915,0.8162679672241211,0.3691854178905487,0.7703642845153809,0.7206971049308777,0.7628350853919983,0.07167525589466095,0.8662642240524292,0.6235470771789551,0.8526625633239746,0.34817588329315186,0.8909521698951721
125,4.166666666666667,0.41513553261756897,0.3432406783103943,-0.39950162172317505,0.999629557132721,0.42553436756134033,0.3280526399612427,-0.41253039240837097,0.9994959235191345,0.43130815029144287,0.32641828060150146,-0.41304871439933777,0.9992770552635193,0.43763047456741333,0.32509931921958923,-0.4130539894104004,0.9995935559272766,0.4171087145805359,0.3295431137084961,-0.3510091006755829,0.999658465385437,0.41660282015800476,0.329023540019989,-0.3515513837337494,0.9996610879898071,0.4157577455043793,0.3284101188182831,-0.35175225138664246,0.9998101592063904,0.4731018543243408,0.32457467913627625,-0.3752530515193939,0.9995982050895691,0.43770521879196167,0.3281678855419159,-0.09159639477729797,0.9993286728858948,0.4373511075973511,0.3528985381126404,-0.37559035420417786,0.9993064403533936,0.4246775209903717,0.3553422689437866,-0.2981518507003784,0.9992485046386719,0.5251489877700806,0.38604506850242615,-0.43299293518066406,0.9998553991317749,0.500432550907135,0.3926159739494324,0.22370925545692444,0.999886155128479,0.6708646416664124,0.426053524017334,-0.5277934670448303,0.5871978402137756,0.5327181220054626,0.4811268746852875,0.3227531313896179,0.5052443146705627,0.6646472215652466,0.49717918038368225,-0.5265485644340515,0.4656790494918823,0.47577965259552,0.5228298902511597,0.08227787911891937,0.8801252841949463,0.6434422135353088,0.5030635595321655,-0.5761318206787109,0.4466114640235901,0.45937827229499817,0.5336913466453552,0.05219992995262146,0.907970130443573,0.6353265047073364,0.49822330474853516,-0.5779457688331604,0.44573912024497986,0.4485377371311188,0.5301368236541748,-0.009095070883631706,0.9103254675865173,0.6421108841896057,0.49783381819725037,-0.5237201452255249,0.4193822741508484,0.45952004194259644,0.5271592736244202,0.04587433114647865,0.8832844495773315,0.5855239629745483,0.5713515877723694,-0.23542574048042297,0.9999691843986511,0.5622880458831787,0.5773744583129883,0.2351042479276657,0.9999783635139465,0.451774924993515,0.6620544791221619,-0.33141350746154785,0.8584117889404297,0.5551677346229553,0.6971705555915833,0.3125535249710083,0.777595043182373,0.6703063249588013,0.6870388388633728,-0.0033975259866565466,0.8584880828857422,0.6590926051139832,0.7962311506271362,0.41390299797058105,0.8978078961372375,0.7161707282066345,0.672685980796814,0.030107935890555382,0.7926496267318726,0.6978030800819397,0.8118643760681152,0.4186863899230957,0.7907339334487915,0.6796664595603943,0.7514065504074097,0.04842644929885864,0.879279613494873,0.6231757998466492,0.8511747121810913,0.3862393796443939,0.9002955555915833
126,4.2,0.40356186032295227,0.33219245076179504,-0.3854866325855255,0.9996658563613892,0.41250747442245483,0.3163450360298157,-0.3819297254085541,0.9995455145835876,0.4190150797367096,0.3141859173774719,-0.38246777653694153,0.9993485808372498,0.42636290192604065,0.31233829259872437,-0.3824188709259033,0.9996336102485657,0.40205803513526917,0.31880292296409607,-0.34144315123558044,0.9996916055679321,0.4001060128211975,0.31879985332489014,-0.3418617844581604,0.9996938109397888,0.3981553912162781,0.31860125064849854,-0.3419114351272583,0.9998279809951782,0.46131134033203125,0.31020790338516235,-0.3129346966743469,0.999638020992279,0.4168933033943176,0.31790974736213684,-0.04145623743534088,0.9993913769721985,0.42715591192245483,0.34027090668678284,-0.3445809781551361,0.9993728995323181,0.41240212321281433,0.34474867582321167,-0.27499157190322876,0.9993154406547546,0.5035975575447083,0.36736661195755005,-0.37417903542518616,0.9998695254325867,0.49708107113838196,0.3743895888328552,0.29218608140945435,0.9998851418495178,0.6499766707420349,0.40992966294288635,-0.44062021374702454,0.6280250549316406,0.5659870505332947,0.43136587738990784,0.4421217739582062,0.4551999568939209,0.6425761580467224,0.4824976921081543,-0.38315531611442566,0.4932303726673126,0.5752735137939453,0.49282440543174744,0.3212660551071167,0.7944555878639221,0.6244041323661804,0.48756393790245056,-0.41947251558303833,0.46564599871635437,0.5678128004074097,0.49625101685523987,0.31405410170555115,0.8225014209747314,0.6171047687530518,0.482413113117218,-0.4198988080024719,0.4645940661430359,0.5572761297225952,0.4938132166862488,0.262772798538208,0.8246666789054871,0.6235617995262146,0.4817652702331543,-0.3776226341724396,0.4328494369983673,0.5611311793327332,0.49248266220092773,0.29248449206352234,0.800095796585083,0.5721026062965393,0.5527908205986023,-0.2459031641483307,0.9999715089797974,0.5570533275604248,0.5601639747619629,0.24559979140758514,0.9999794960021973,0.4343206584453583,0.652060329914093,-0.38364893198013306,0.8722478747367859,0.5570833683013916,0.6879262924194336,0.2479393035173416,0.7697176337242126,0.6543989777565002,0.6815778017044067,-0.10138881206512451,0.8718910217285156,0.6591014266014099,0.7917933464050293,0.37147384881973267,0.9033100008964539,0.7053210139274597,0.6723407506942749,-0.07224733382463455,0.8119664788246155,0.6980084180831909,0.804428219795227,0.38182225823402405,0.8064408302307129,0.645901083946228,0.7419719099998474,-0.07524634897708893,0.8907849192619324,0.6236429810523987,0.8508914709091187,0.3239026367664337,0.907074511051178
127,4.233333333333333,0.39064377546310425,0.3225633502006531,-0.35351866483688354,0.9996973872184753,0.3975677490234375,0.3064735531806946,-0.36520546674728394,0.9995888471603394,0.4044976532459259,0.30408769845962524,-0.3656103312969208,0.9994118213653564,0.4121777415275574,0.3019571602344513,-0.3657572567462921,0.9996687173843384,0.38698527216911316,0.30960842967033386,-0.30314791202545166,0.9997198581695557,0.38490617275238037,0.309931218624115,-0.3036232888698578,0.9997214078903198,0.38277655839920044,0.3100805878639221,-0.3037257194519043,0.9998422265052795,0.44555291533470154,0.29888027906417847,-0.28928709030151367,0.9996732473373413,0.40107977390289307,0.3086552619934082,-0.02243660017848015,0.999441921710968,0.4160846769809723,0.3301568627357483,-0.3246789574623108,0.9994272589683533,0.39991044998168945,0.33430445194244385,-0.24246500432491302,0.9993604421615601,0.4880099892616272,0.3553571105003357,-0.34988802671432495,0.9998819231987,0.4792017340660095,0.3637349009513855,0.2953554093837738,0.9998698234558105,0.6306716799736023,0.3962830901145935,-0.44002631306648254,0.664092481136322,0.5582044124603271,0.4190576672554016,0.4469902813434601,0.40995144844055176,0.6266959309577942,0.46799224615097046,-0.40887558460235596,0.5119482278823853,0.565045952796936,0.48513397574424744,0.3626730740070343,0.7161625027656555,0.6128358244895935,0.47418442368507385,-0.4470559358596802,0.47874003648757935,0.5586491227149963,0.48453935980796814,0.36117249727249146,0.7429310083389282,0.6048831343650818,0.46990475058555603,-0.4404715299606323,0.47769415378570557,0.54872727394104,0.4827823042869568,0.3094877600669861,0.7449255585670471,0.6096745133399963,0.4686190187931061,-0.400484561920166,0.44067177176475525,0.5560871362686157,0.4809897541999817,0.3345724046230316,0.7228240370750427,0.5639343857765198,0.5421999096870422,-0.23831041157245636,0.9999731779098511,0.5483644008636475,0.5507165193557739,0.23800653219223022,0.9999796748161316,0.41191884875297546,0.639997124671936,-0.3842605948448181,0.8844416737556458,0.5614164471626282,0.6826311349868774,0.22773487865924835,0.7525863647460938,0.6337478160858154,0.6789562106132507,-0.16193486750125885,0.8838055729866028,0.6604479551315308,0.7869299054145813,0.3587927520275116,0.9055048227310181,0.6865732669830322,0.6768259406089783,-0.14062172174453735,0.8289550542831421,0.7044661045074463,0.7980939149856567,0.3738550841808319,0.8175266981124878,0.618177056312561,0.7414475679397583,-0.16885153949260712,0.901046097278595,0.6247003078460693,0.848803699016571,0.3068976104259491,0.911260724067688
128,4.266666666666667,0.37388694286346436,0.3150944113731384,-0.23772083222866058,0.9997255802154541,0.3807987570762634,0.29959550499916077,-0.2464137226343155,0.9996277689933777,0.3877491056919098,0.2972387671470642,-0.24680940806865692,0.9994685649871826,0.39526304602622986,0.2948758900165558,-0.2469145953655243,0.9997002482414246,0.36991649866104126,0.3028002083301544,-0.18489153683185577,0.99974524974823,0.36763954162597656,0.3031156659126282,-0.1854482889175415,0.9997462034225464,0.3653418719768524,0.3031824231147766,-0.1856124848127365,0.9998549818992615,0.43118810653686523,0.29159945249557495,-0.1952909231185913,0.9997048377990723,0.38276413083076477,0.30254045128822327,0.08322037011384964,0.9994865655899048,0.3998660743236542,0.32257014513015747,-0.20956431329250336,0.9994745850563049,0.38489100337028503,0.32770538330078125,-0.1327202022075653,0.9993975758552551,0.47247204184532166,0.3463543951511383,-0.3414634168148041,0.9998931288719177,0.4682162404060364,0.3566494584083557,0.38892585039138794,0.9998534917831421,0.6134374737739563,0.3860926628112793,-0.3906148374080658,0.6962244510650635,0.5538409948348999,0.4117973744869232,0.499283105134964,0.3692772686481476,0.6092414855957031,0.4570696949958801,-0.3642883002758026,0.53321772813797,0.562002420425415,0.47627466917037964,0.35884183645248413,0.6458108425140381,0.5965999364852905,0.46587586402893066,-0.39933472871780396,0.49697113037109375,0.5576468706130981,0.47900110483169556,0.35310840606689453,0.6716384887695312,0.5906478762626648,0.4596109986305237,-0.4011714458465576,0.4957050383090973,0.5460742115974426,0.4766640067100525,0.30430084466934204,0.6734235286712646,0.5942806005477905,0.4574301838874817,-0.3591843545436859,0.45432132482528687,0.5513393878936768,0.47589927911758423,0.33039507269859314,0.6535804271697998,0.5490376949310303,0.5301615595817566,-0.24703587591648102,0.9999746680259705,0.5411450862884521,0.5393334627151489,0.24671056866645813,0.9999799132347107,0.396554559469223,0.6286476850509644,-0.39998894929885864,0.8954358696937561,0.5605679154396057,0.6703229546546936,0.14780673384666443,0.7454470992088318,0.5998919010162354,0.6817160248756409,-0.28284093737602234,0.8947786092758179,0.6603310704231262,0.7836028933525085,0.1298212856054306,0.9096412658691406,0.6502094268798828,0.6825671792030334,-0.27347955107688904,0.8447247743606567,0.7065282464027405,0.7922395467758179,0.12224122881889343,0.830180287361145,0.5732946991920471,0.74418705701828,-0.3152562975883484,0.9104358553886414,0.6193663477897644,0.8466836214065552,0.050616953521966934,0.9165802001953125
129,4.3,0.35541418194770813,0.31252196431159973,-0.12160499393939972,0.9997504949569702,0.36236539483070374,0.2976599335670471,-0.13231055438518524,0.9996622204780579,0.3686376214027405,0.2952885627746582,-0.13265147805213928,0.9995187520980835,0.37649378180503845,0.2928526997566223,-0.13271956145763397,0.9997280836105347,0.3521463871002197,0.3004675507545471,-0.07325145602226257,0.999767541885376,0.35092031955718994,0.3003929555416107,-0.07378709316253662,0.999767541885376,0.34931617975234985,0.3001363277435303,-0.07392989844083786,0.999865710735321,0.4122457802295685,0.28896984457969666,-0.10130498558282852,0.9997323751449585,0.3682209849357605,0.2987750470638275,0.16627301275730133,0.9995219707489014,0.38202980160713196,0.320003867149353,-0.10020873695611954,0.9995067715644836,0.3682364523410797,0.32364317774772644,-0.027359863743185997,0.9994058012962341,0.4555891752243042,0.34025895595550537,-0.22170989215373993,0.9999030232429504,0.460246741771698,0.35096317529678345,0.4268735349178314,0.9998136758804321,0.5945406556129456,0.3802029490470886,-0.3419376015663147,0.7236884832382202,0.54814612865448,0.40835338830947876,0.4868450164794922,0.33256757259368896,0.5935387015342712,0.4537186622619629,-0.2984658479690552,0.5536106824874878,0.5513718128204346,0.46755558252334595,0.3416948914527893,0.5819798707962036,0.5892400145530701,0.4674740731716156,-0.3241262435913086,0.5162433981895447,0.5568587779998779,0.4769175052642822,0.33850452303886414,0.6062379479408264,0.5820177793502808,0.464261531829834,-0.31684619188308716,0.5146373510360718,0.5429372787475586,0.4747708737850189,0.29555925726890564,0.6078228950500488,0.5821376442909241,0.4602905809879303,-0.2875046730041504,0.46890854835510254,0.5443371534347534,0.4731309413909912,0.315656453371048,0.5899704694747925,0.5323853492736816,0.5249152183532715,-0.23650619387626648,0.9999750852584839,0.5422859191894531,0.5327682495117188,0.2360931783914566,0.9999777674674988,0.38209792971611023,0.6209601163864136,-0.41332894563674927,0.9038010239601135,0.5611810684204102,0.6662760972976685,0.08080032467842102,0.6999614238739014,0.5712049007415771,0.6943730711936951,-0.491883248090744,0.904033362865448,0.6583296656608582,0.7809440493583679,-0.034744743257761,0.8986513018608093,0.617510974407196,0.6866415739059448,-0.5046177506446838,0.8584232926368713,0.702844500541687,0.787033200263977,-0.052729472517967224,0.8327817916870117,0.528757631778717,0.7552868723869324,-0.5827811360359192,0.9186522364616394,0.6083959341049194,0.8467621803283691,-0.12977689504623413,0.9150354266166687
130,4.333333333333333,0.3403512239456177,0.31250351667404175,-0.21147984266281128,0.9997734427452087,0.3461790084838867,0.2977364957332611,-0.22048339247703552,0.9996939897537231,0.3520089089870453,0.29574787616729736,-0.22091589868068695,0.999565064907074,0.3591483235359192,0.29363498091697693,-0.22093917429447174,0.9997539520263672,0.33561769127845764,0.30033209919929504,-0.16535161435604095,0.9997878074645996,0.3341127038002014,0.3003133535385132,-0.16587665677070618,0.9997872114181519,0.33199331164360046,0.30015140771865845,-0.1660161316394806,0.9998748302459717,0.3933189809322357,0.2892363667488098,-0.17542216181755066,0.999758243560791,0.35164615511894226,0.29932039976119995,0.07595814764499664,0.9995527267456055,0.3644319772720337,0.3198249340057373,-0.18540598452091217,0.9995471835136414,0.3516688942909241,0.32317620515823364,-0.11776448041200638,0.9994351863861084,0.43753504753112793,0.3388434946537018,-0.3319666385650635,0.999912440776825,0.4487650990486145,0.3474453091621399,0.3452896475791931,0.9997533559799194,0.5718224048614502,0.3820632994174957,-0.4709121584892273,0.7509052753448486,0.542731523513794,0.4156671166419983,0.475613534450531,0.29961079359054565,0.5877698063850403,0.46291619539260864,-0.4907357096672058,0.5967208743095398,0.5493271350860596,0.4715319573879242,0.2311999648809433,0.5250493288040161,0.5956549048423767,0.4757649004459381,-0.5391717553138733,0.561959445476532,0.5548622608184814,0.48443642258644104,0.247577965259552,0.5487121343612671,0.5869266390800476,0.4724264144897461,-0.5383656620979309,0.5604963302612305,0.5581819415092468,0.48670440912246704,0.183137908577919,0.5501030087471008,0.5892051458358765,0.4607192575931549,-0.48473218083381653,0.5177485942840576,0.5562929511070251,0.4821810722351074,0.19677037000656128,0.5341449975967407,0.5112724900245667,0.5227484703063965,-0.24002307653427124,0.9999757409095764,0.5415403842926025,0.5278438329696655,0.2396155744791031,0.9999728798866272,0.3791235685348511,0.6135386228561401,-0.3968965411186218,0.9125223755836487,0.5580835342407227,0.6568784713745117,0.17496423423290253,0.6807723045349121,0.5365625023841858,0.7139281034469604,-0.33505678176879883,0.9130467176437378,0.6526021957397461,0.7769842743873596,0.1601446121931076,0.9003140330314636,0.5803579092025757,0.7316415905952454,-0.335846871137619,0.8709712028503418,0.6900177001953125,0.7851327657699585,0.14284980297088623,0.8411754965782166,0.4574829936027527,0.7765398025512695,-0.4436503052711487,0.9262837767601013,0.5883335471153259,0.8336440920829773,0.01932254433631897,0.9183579087257385
131,4.366666666666666,0.3264997899532318,0.31456682085990906,-0.2336457371711731,0.9997959733009338,0.3314606249332428,0.2998829185962677,-0.24389396607875824,0.9997244477272034,0.33734700083732605,0.2981035113334656,-0.24432072043418884,0.9996084570884705,0.3435734808444977,0.2962687611579895,-0.24429091811180115,0.9997784495353699,0.32160279154777527,0.30227458477020264,-0.18619704246520996,0.9998089075088501,0.3199339210987091,0.30230021476745605,-0.18674470484256744,0.9998083114624023,0.31789135932922363,0.3021875023841858,-0.1868639886379242,0.9998871088027954,0.37938833236694336,0.2924920916557312,-0.20226480066776276,0.9997823238372803,0.34099507331848145,0.301835298538208,0.056198786944150925,0.9995964765548706,0.3487245440483093,0.3224034905433655,-0.20858031511306763,0.9995909929275513,0.3394557535648346,0.3254604935646057,-0.13743335008621216,0.9994878768920898,0.42322975397109985,0.3432009518146515,-0.3235243260860443,0.9999209046363831,0.44949066638946533,0.34975308179855347,0.3291319012641907,0.9997480511665344,0.5486214756965637,0.3881920576095581,-0.4271649122238159,0.7755225896835327,0.5402756333351135,0.4175857901573181,0.44489678740501404,0.2708088755607605,0.5855699777603149,0.4658481180667877,-0.4130762219429016,0.6360877752304077,0.5685681104660034,0.4721647799015045,0.22212530672550201,0.47880756855010986,0.6002516150474548,0.48066744208335876,-0.4535042941570282,0.6039977073669434,0.5791493058204651,0.48613375425338745,0.2141633927822113,0.5060320496559143,0.5921627879142761,0.4726100564002991,-0.45293083786964417,0.6026866436004639,0.5746748447418213,0.48726946115493774,0.15428435802459717,0.5069035887718201,0.5932246446609497,0.465388685464859,-0.4079108238220215,0.5634079575538635,0.571971595287323,0.4837501645088196,0.18606436252593994,0.4921504855155945,0.49292653799057007,0.525227427482605,-0.23406916856765747,0.9999762177467346,0.5394738912582397,0.5270208120346069,0.23368293046951294,0.9999698996543884,0.39263397455215454,0.6255671381950378,-0.26150262355804443,0.9208301901817322,0.554246723651886,0.6463773846626282,0.17009297013282776,0.6934728622436523,0.49438774585723877,0.7500339150428772,-0.21870845556259155,0.9214978218078613,0.6378039121627808,0.7746992707252502,0.15420977771282196,0.9072877764701843,0.5431752800941467,0.7659947276115417,-0.21329070627689362,0.883216917514801,0.6759425401687622,0.7883973121643066,0.14556074142456055,0.8540926575660706,0.3957987427711487,0.8005191087722778,-0.29867830872535706,0.9333745241165161,0.5740658640861511,0.8250764012336731,0.07833146303892136,0.9244804978370667
132,4.4,0.3134112060070038,0.3217814862728119,-0.15034011006355286,0.9998162388801575,0.3166791498661041,0.30729177594184875,-0.16671553254127502,0.9997518658638,0.32327011227607727,0.3053916394710541,-0.16698013246059418,0.9996473789215088,0.3299315571784973,0.3034335672855377,-0.1668761819601059,0.9998003840446472,0.3096684515476227,0.308890700340271,-0.10466154664754868,0.9998279213905334,0.3089570701122284,0.3085694909095764,-0.10528266429901123,0.9998273849487305,0.30784276127815247,0.3081110119819641,-0.10539571940898895,0.9998983144760132,0.36502528190612793,0.29547205567359924,-0.15506099164485931,0.9998038411140442,0.332851380109787,0.3043988049030304,0.12541897594928741,0.9996363520622253,0.33746472001075745,0.3283882141113281,-0.13387621939182281,0.9996302127838135,0.32537564635276794,0.33058494329452515,-0.05670103430747986,0.9995366930961609,0.40127891302108765,0.3470742106437683,-0.23877963423728943,0.999927818775177,0.45127758383750916,0.35206249356269836,0.36006301641464233,0.9997684359550476,0.5317828059196472,0.39248812198638916,-0.3433440625667572,0.7961020469665527,0.562452495098114,0.41115421056747437,0.40590769052505493,0.25788742303848267,0.5415314435958862,0.466897577047348,-0.29400908946990967,0.6653338074684143,0.6218132376670837,0.47392526268959045,0.21652433276176453,0.5073370337486267,0.5383999347686768,0.4732321798801422,-0.32037049531936646,0.6343255639076233,0.6351312398910522,0.4890456199645996,0.18686866760253906,0.5383127331733704,0.5349197387695312,0.46913808584213257,-0.3231322169303894,0.6331740617752075,0.6353639960289001,0.49199575185775757,0.14218735694885254,0.5385255217552185,0.5355637669563293,0.46755582094192505,-0.2866845726966858,0.5942425727844238,0.6289940476417542,0.4885920584201813,0.17737045884132385,0.5200950503349304,0.4826180040836334,0.5310487151145935,-0.23105986416339874,0.9999725222587585,0.5394003987312317,0.532429575920105,0.23065607249736786,0.9999670386314392,0.3889685273170471,0.6320686340332031,-0.26231369376182556,0.9270811676979065,0.5558062195777893,0.6515246033668518,0.07815824449062347,0.6951943635940552,0.45203182101249695,0.7738624811172485,-0.35607728362083435,0.9287087917327881,0.6308887600898743,0.7821009755134583,-0.02618429996073246,0.9090098738670349,0.49300336837768555,0.7944121360778809,-0.3757326900959015,0.8937392830848694,0.6745315790176392,0.8022392392158508,-0.04344496876001358,0.8638179302215576,0.3396429717540741,0.8159546852111816,-0.5060147047042847,0.9394068121910095,0.5661433935165405,0.8278468251228333,-0.13116168975830078,0.9275257587432861
133,4.433333333333334,0.30196288228034973,0.3357735276222229,-0.1636764258146286,0.9998345971107483,0.3052675127983093,0.3211333453655243,-0.17814160883426666,0.9997766613960266,0.3103017807006836,0.3196123242378235,-0.17838971316814423,0.999682605266571,0.3165232241153717,0.3178091049194336,-0.17822550237178802,0.9998202919960022,0.2976890206336975,0.3221283257007599,-0.11709365993738174,0.9998450875282288,0.29673507809638977,0.3215567469596863,-0.11772000789642334,0.9998446106910706,0.2953200042247772,0.32079726457595825,-0.11781391501426697,0.999908447265625,0.3549938499927521,0.3113372027873993,-0.15465907752513885,0.9998233914375305,0.3234921395778656,0.3174489736557007,0.12119559943675995,0.9996726512908936,0.3245156705379486,0.3433580696582794,-0.1416333019733429,0.9996668696403503,0.3153668940067291,0.34550392627716064,-0.06600847095251083,0.9995826482772827,0.38231509923934937,0.36189892888069153,-0.21523414552211761,0.9999340772628784,0.45144352316856384,0.35389357805252075,0.3461523652076721,0.9997898936271667,0.4939572215080261,0.40183281898498535,-0.3321458697319031,0.8146288394927979,0.5727227330207825,0.4122653007507324,0.3909544348716736,0.2789399027824402,0.5164455771446228,0.46866917610168457,-0.305367648601532,0.6951322555541992,0.6394665837287903,0.476625919342041,0.20987319946289062,0.5534396767616272,0.5185642838478088,0.4762546420097351,-0.330475389957428,0.6662003993988037,0.6537158489227295,0.49300265312194824,0.16362324357032776,0.5818266868591309,0.5152965784072876,0.4731455445289612,-0.3399944007396698,0.6652787923812866,0.6514192223548889,0.49596720933914185,0.12209238111972809,0.5819146633148193,0.5154916048049927,0.4716675281524658,-0.29362305998802185,0.6283317804336548,0.6452731490135193,0.49270743131637573,0.17098377645015717,0.5638449788093567,0.47142690420150757,0.5409166216850281,-0.2270636260509491,0.9999685883522034,0.5364240407943726,0.5343296527862549,0.22655870020389557,0.9999663233757019,0.38624700903892517,0.6474806070327759,-0.09186840802431107,0.9320328235626221,0.5601862668991089,0.6566966772079468,0.09813940525054932,0.714769721031189,0.3999655842781067,0.7870934009552002,-0.037594862282276154,0.9345582723617554,0.6371970176696777,0.7935847043991089,0.04348474740982056,0.9135023951530457,0.4318189024925232,0.8134247660636902,-0.04169129207730293,0.9023151993751526,0.6845296025276184,0.8122357130050659,0.03238207846879959,0.8736889958381653,0.28542882204055786,0.8201635479927063,-0.14733384549617767,0.9439197182655334,0.5729629397392273,0.8329688906669617,-0.05154610797762871,0.9309940934181213
134,4.466666666666667,0.29080092906951904,0.3491518497467041,-0.15944799780845642,0.9998511075973511,0.2934457063674927,0.3354359269142151,-0.18272581696510315,0.9997989535331726,0.2988092303276062,0.3343488276004791,-0.1830425262451172,0.9997143149375916,0.30398887395858765,0.33313101530075073,-0.18283376097679138,0.9998382329940796,0.2866218090057373,0.3355676233768463,-0.1195337176322937,0.9998605847358704,0.28659918904304504,0.3343558609485626,-0.12008810043334961,0.9998601078987122,0.28639283776283264,0.33304649591445923,-0.12010594457387924,0.9999175667762756,0.34002548456192017,0.32775089144706726,-0.15780244767665863,0.999841034412384,0.3159337639808655,0.329894483089447,0.09747038036584854,0.9997053742408752,0.31324446201324463,0.357357382774353,-0.14819055795669556,0.9997000694274902,0.30427420139312744,0.3583623766899109,-0.06954819709062576,0.9996242523193359,0.3626759350299835,0.37874239683151245,-0.27674517035484314,0.9999401569366455,0.45181864500045776,0.3695937693119049,0.3185391426086426,0.9998094439506531,0.464950829744339,0.41644716262817383,-0.5586291551589966,0.8326067328453064,0.5720511078834534,0.4159815311431885,0.31637921929359436,0.31636014580726624,0.49768856167793274,0.48162588477134705,-0.7456082105636597,0.7249729633331299,0.6511058807373047,0.48018041253089905,0.0929664820432663,0.5966383218765259,0.4982394874095917,0.48914146423339844,-0.8236895203590393,0.6988064646720886,0.6680563688278198,0.49755239486694336,0.046368859708309174,0.6225232481956482,0.4964691698551178,0.48586758971214294,-0.8283995985984802,0.6979916095733643,0.6631277203559875,0.5003947615623474,0.003646902274340391,0.6225382089614868,0.49783003330230713,0.4851895272731781,-0.7461472153663635,0.6641646027565002,0.6563176512718201,0.4968297481536865,0.06508899480104446,0.6054913997650146,0.46243956685066223,0.5655274987220764,-0.22410361468791962,0.9999675750732422,0.5359163284301758,0.5558241605758667,0.22363732755184174,0.9999664425849915,0.37890082597732544,0.6750911474227905,-0.0377424918115139,0.9377103447914124,0.5618481636047363,0.6739212274551392,0.21904489398002625,0.7344862818717957,0.356845885515213,0.8091647028923035,0.033099159598350525,0.9406096339225769,0.6482534408569336,0.7997528314590454,0.264766663312912,0.9181267619132996,0.3786012530326843,0.8408311605453491,0.03149211034178734,0.9113800525665283,0.6979525685310364,0.8212605714797974,0.26513001322746277,0.8840469717979431,0.23379722237586975,0.839104175567627,-0.061388175934553146,0.9488643407821655,0.5855890512466431,0.8341904878616333,0.22102241218090057,0.934384822845459
135,4.5,0.27452799677848816,0.3607594966888428,-0.11203344911336899,0.9998659491539001,0.2773262560367584,0.3471016585826874,-0.1457257717847824,0.9998190402984619,0.282457172870636,0.3457459807395935,-0.14604556560516357,0.999742865562439,0.28738242387771606,0.3445621728897095,-0.1458205282688141,0.9998543858528137,0.27252456545829773,0.3468487858772278,-0.08037146925926208,0.9998745322227478,0.2731297016143799,0.3454228937625885,-0.08090618252754211,0.9998740553855896,0.273686021566391,0.34384459257125854,-0.0808960348367691,0.9999257922172546,0.3242262005805969,0.33995527029037476,-0.16891257464885712,0.9998568892478943,0.3062044680118561,0.340219646692276,0.10011464357376099,0.9997347593307495,0.2976597547531128,0.36888283491134644,-0.11526614427566528,0.9997298121452332,0.29002201557159424,0.3693326711654663,-0.033773332834243774,0.9996615052223206,0.3442609906196594,0.3936173617839813,-0.3039225935935974,0.9999454617500305,0.44748827815055847,0.3820943236351013,0.3036826550960541,0.999826192855835,0.43825989961624146,0.4342837333679199,-0.6083687543869019,0.8487287163734436,0.5703256130218506,0.4217323362827301,0.31552374362945557,0.34203392267227173,0.47636693716049194,0.5011895895004272,-0.8127194046974182,0.7517470717430115,0.6568196415901184,0.486212819814682,0.12096347659826279,0.6348071694374084,0.4827791452407837,0.5101397633552551,-0.8948051333427429,0.7280910015106201,0.6769638657569885,0.503751814365387,0.08589228242635727,0.6586068272590637,0.4810609221458435,0.5071390867233276,-0.8955050110816956,0.7273601293563843,0.6703722476959229,0.5066515207290649,0.04369572177529335,0.6585093140602112,0.4788603186607361,0.505774736404419,-0.8124992251396179,0.6962443590164185,0.6627362370491028,0.5031065344810486,0.09333164244890213,0.6420419216156006,0.4480343759059906,0.5816248059272766,-0.22305303812026978,0.9999669790267944,0.5251981019973755,0.572634220123291,0.22261914610862732,0.9999664425849915,0.3576214611530304,0.6932462453842163,-0.020932480692863464,0.9425413012504578,0.5588659048080444,0.6862340569496155,0.24977444112300873,0.7470699548721313,0.3136829137802124,0.8401223421096802,0.06063728779554367,0.946083664894104,0.6605910658836365,0.805020809173584,0.3375469148159027,0.9195623397827148,0.327105849981308,0.8653692007064819,0.060700077563524246,0.9195778369903564,0.713011622428894,0.8294283747673035,0.3427696228027344,0.8924098014831543,0.18418341875076294,0.8663492202758789,-0.025305332615971565,0.9532809853553772,0.5893738865852356,0.8375325202941895,0.31437379121780396,0.935056746006012
136,4.533333333333333,0.2594274580478668,0.36709266901016235,-0.0517454519867897,0.9998792409896851,0.2619766592979431,0.3534623682498932,-0.09628339111804962,0.9998371005058289,0.2663074731826782,0.35239917039871216,-0.09660977125167847,0.9997684955596924,0.2706996500492096,0.35144761204719543,-0.09642156213521957,0.9998688697814941,0.2586249113082886,0.35273411870002747,-0.0290345661342144,0.9998870491981506,0.25978174805641174,0.35151225328445435,-0.029571909457445145,0.9998865723609924,0.26106199622154236,0.35026177763938904,-0.029559994116425514,0.9999331831932068,0.30725935101509094,0.347638875246048,-0.1749531775712967,0.9998710751533508,0.29589593410491943,0.3473421037197113,0.10647392272949219,0.999761164188385,0.2808116376399994,0.37626656889915466,-0.07340364903211594,0.999756395816803,0.27682968974113464,0.37606340646743774,0.010520161129534245,0.9996947646141052,0.3255787193775177,0.40385231375694275,-0.33006906509399414,0.9999500513076782,0.441596657037735,0.3928154706954956,0.28771981596946716,0.9998415112495422,0.4098963439464569,0.4513876438140869,-0.6275546550750732,0.8631993532180786,0.5671067833900452,0.4337504506111145,0.322878360748291,0.37788331508636475,0.4640659689903259,0.5104143023490906,-0.8181148767471313,0.7758408784866333,0.6560101509094238,0.4932120442390442,0.16747531294822693,0.669780969619751,0.4763973355293274,0.5231972932815552,-0.898796021938324,0.7544739842414856,0.6816949248313904,0.5094408392906189,0.12930943071842194,0.6914039254188538,0.4752793610095978,0.519042432308197,-0.9005976319313049,0.7538084387779236,0.6748340129852295,0.5124943852424622,0.09154579043388367,0.691239058971405,0.4703657925128937,0.5169291496276855,-0.8181436061859131,0.7251518368721008,0.6650650501251221,0.5089381337165833,0.144372820854187,0.675524890422821,0.4303550720214844,0.5933045148849487,-0.22430911660194397,0.9999679327011108,0.5104798078536987,0.5803605318069458,0.2238977700471878,0.9999679327011108,0.33288198709487915,0.7043703198432922,-0.001814692048355937,0.9467460513114929,0.5500844120979309,0.6926296949386597,0.26022642850875854,0.7579962611198425,0.3008296489715576,0.8429858088493347,0.11315152794122696,0.9510218501091003,0.6658428907394409,0.8070036768913269,0.3628630042076111,0.9214729070663452,0.32109323143959045,0.8668267130851746,0.11691349744796753,0.9269006252288818,0.7122076153755188,0.8281322717666626,0.36986419558525085,0.900185227394104,0.19686920940876007,0.8727989196777344,0.03950393572449684,0.9571933746337891,0.5945900678634644,0.8389860391616821,0.34514090418815613,0.9357194304466248
137,4.566666666666666,0.24543353915214539,0.36922910809516907,-0.11182697862386703,0.9998911619186401,0.24897204339504242,0.3551977872848511,-0.14409920573234558,0.999853253364563,0.25421321392059326,0.35445600748062134,-0.14443865418434143,0.9997915029525757,0.25841024518013,0.35390031337738037,-0.14427365362644196,0.9998818635940552,0.24392865598201752,0.35434073209762573,-0.08024029433727264,0.9998982548713684,0.2449185699224472,0.35323071479797363,-0.08081143349409103,0.999897837638855,0.2460116446018219,0.3521478772163391,-0.08085622638463974,0.9999397993087769,0.29737570881843567,0.35104912519454956,-0.2060055434703827,0.999883770942688,0.28250443935394287,0.35083165764808655,0.10553015768527985,0.9997848272323608,0.2647666931152344,0.37862667441368103,-0.11563175171613693,0.9997797608375549,0.25974923372268677,0.3782789707183838,-0.0363910049200058,0.9997240900993347,0.3123292624950409,0.41031304001808167,-0.32443767786026,0.9999527931213379,0.4338586926460266,0.3976607918739319,0.2672944664955139,0.9998541474342346,0.39566993713378906,0.46109309792518616,-0.5994308590888977,0.8746004700660706,0.5660788416862488,0.4451271891593933,0.32169222831726074,0.3977959454059601,0.44945815205574036,0.5129854083061218,-0.7895660400390625,0.7957774996757507,0.6516087651252747,0.5007888078689575,0.1674710363149643,0.701026201248169,0.46080657839775085,0.5231575965881348,-0.8662362098693848,0.7768144011497498,0.6789025068283081,0.5153660774230957,0.1291910707950592,0.720830500125885,0.46151259541511536,0.5182633996009827,-0.8706372380256653,0.7762112617492676,0.6704283952713013,0.5189386606216431,0.09161816537380219,0.7206045389175415,0.45708411931991577,0.5163817405700684,-0.7904584407806396,0.7488948702812195,0.6599339842796326,0.5157437920570374,0.14478793740272522,0.705353319644928,0.40650227665901184,0.5969748497009277,-0.22330254316329956,0.9999678730964661,0.48381999135017395,0.5856786966323853,0.22289526462554932,0.999968945980072,0.30166640877723694,0.7034583687782288,0.0036553614772856236,0.9498436450958252,0.5036632418632507,0.6944459080696106,0.27290645241737366,0.7623944282531738,0.30257415771484375,0.8416498303413391,0.1189693734049797,0.9554117321968079,0.6602904200553894,0.8047029376029968,0.35595715045928955,0.922576367855072,0.32544541358947754,0.8628025054931641,0.12353849411010742,0.9334469437599182,0.7049517035484314,0.8247504234313965,0.36080724000930786,0.9065524339675903,0.19463388621807098,0.8711284399032593,0.05263909325003624,0.9606838226318359,0.5910577178001404,0.8406713604927063,0.3335995674133301,0.9358111619949341
138,4.6,0.2341604083776474,0.370039165019989,-0.1936512589454651,0.9999006986618042,0.24036775529384613,0.35512417554855347,-0.22175243496894836,0.9998670816421509,0.24608232080936432,0.3542000651359558,-0.2220449000597,0.999811053276062,0.25085291266441345,0.35358425974845886,-0.22182343900203705,0.99989253282547,0.23361004889011383,0.35509851574897766,-0.15761102735996246,0.9999078512191772,0.2340794950723648,0.3542850613594055,-0.15829695761203766,0.9999074339866638,0.23429490625858307,0.35340794920921326,-0.15842510759830475,0.999945342540741,0.29126280546188354,0.3508705496788025,-0.24534572660923004,0.9998934268951416,0.26916947960853577,0.352489709854126,0.04708649963140488,0.9998048543930054,0.25463947653770447,0.37964361906051636,-0.18662182986736298,0.9997908473014832,0.2466871738433838,0.3792212903499603,-0.10709945112466812,0.9997400641441345,0.3034921884536743,0.41395944356918335,-0.32209280133247375,0.9999427199363708,0.415975958108902,0.3990306556224823,0.2426958978176117,0.9998577833175659,0.39901846647262573,0.4718739092350006,-0.5941019058227539,0.8691757321357727,0.5484650731086731,0.45290642976760864,0.318034291267395,0.3838832676410675,0.43474751710891724,0.513167679309845,-0.7799062132835388,0.785916268825531,0.6388084292411804,0.50667405128479,0.16904784739017487,0.7260569334030151,0.444738507270813,0.5194447040557861,-0.8496904373168945,0.7768262028694153,0.6636601686477661,0.5230135917663574,0.1309213936328888,0.745372474193573,0.44641584157943726,0.5160988569259644,-0.8515059351921082,0.7766434550285339,0.6560787558555603,0.5261351466178894,0.09579233825206757,0.7450543642044067,0.4438616931438446,0.5151029229164124,-0.7798346877098083,0.7439984679222107,0.6475081443786621,0.5230522155761719,0.14765509963035583,0.7290077209472656,0.38913577795028687,0.5994664430618286,-0.22278133034706116,0.9999614953994751,0.4622628390789032,0.592604398727417,0.22239439189434052,0.9999670386314392,0.27886712551116943,0.6983743906021118,-0.04500212520360947,0.9469881653785706,0.43877142667770386,0.6958290338516235,0.24737001955509186,0.7551466822624207,0.2928678095340729,0.8439638018608093,0.04418504610657692,0.9582741260528564,0.6034688949584961,0.79241943359375,0.2428843230009079,0.9148945808410645,0.3159070909023285,0.8682689666748047,0.04764924198389053,0.9379047751426697,0.6517394185066223,0.7977795004844666,0.24245060980319977,0.9070662260055542,0.1834031045436859,0.8691192865371704,-0.01916353404521942,0.9620835185050964,0.580727219581604,0.842992901802063,0.2285376638174057,0.9270710945129395
139,4.633333333333334,0.22985805571079254,0.36897099018096924,-0.22651606798171997,0.9999085664749146,0.2378275990486145,0.3539382517337799,-0.2457796037197113,0.9998788833618164,0.24459116160869598,0.352767676115036,-0.24604341387748718,0.9998275637626648,0.2521103024482727,0.3515287935733795,-0.24585293233394623,0.999901294708252,0.23003599047660828,0.3541772961616516,-0.17917372286319733,0.999916136264801,0.22927890717983246,0.3536130487918854,-0.17987623810768127,0.9999156594276428,0.22818268835544586,0.3529317378997803,-0.18009692430496216,0.9999500513076782,0.2893092930316925,0.3498196303844452,-0.23602308332920074,0.9998998641967773,0.2590638995170593,0.353189080953598,0.05282774940133095,0.9998213052749634,0.2498052418231964,0.3787144422531128,-0.2065841257572174,0.9997923970222473,0.23984935879707336,0.37848901748657227,-0.12431594729423523,0.9997471570968628,0.30359092354774475,0.41553106904029846,-0.2918950319290161,0.999922513961792,0.39796486496925354,0.40001145005226135,0.2871761918067932,0.9998493790626526,0.40227210521698,0.47250866889953613,-0.421858012676239,0.8666697144508362,0.5220617651939392,0.4551003873348236,0.39191535115242004,0.38538044691085815,0.43583640456199646,0.5234535932540894,-0.4304344952106476,0.7733985185623169,0.6298384070396423,0.5133122205734253,0.2085966169834137,0.7489641308784485,0.4416569471359253,0.5292104482650757,-0.46656477451324463,0.7680414319038391,0.6568111777305603,0.5330526828765869,0.1727050095796585,0.7669211030006409,0.4427720904350281,0.5254058241844177,-0.4737725555896759,0.7678664922714233,0.6504087448120117,0.535556435585022,0.13865822553634644,0.7665061354637146,0.44192346930503845,0.5246195197105408,-0.4264463782310486,0.7316121459007263,0.6447314620018005,0.5316819548606873,0.18699075281620026,0.7498976588249207,0.3794969916343689,0.5963729619979858,-0.22390297055244446,0.9999474883079529,0.4322422444820404,0.5938917994499207,0.2234696000814438,0.9999600648880005,0.25987809896469116,0.703154444694519,-0.17898572981357574,0.9489849805831909,0.35923364758491516,0.6963056325912476,0.23927250504493713,0.7439398765563965,0.29146304726600647,0.8432475328445435,-0.08275022357702255,0.9614076018333435,0.5457689762115479,0.7727755308151245,0.34640321135520935,0.8982788324356079,0.3248085379600525,0.8652632832527161,-0.0748586654663086,0.9419570565223694,0.5935475826263428,0.7689612507820129,0.3607487976551056,0.8989294767379761,0.17573043704032898,0.8702086210250854,-0.15266595780849457,0.9642683267593384,0.5547993183135986,0.8359915614128113,0.33860158920288086,0.9104437232017517
140,4.666666666666667,0.2285933643579483,0.3654343783855438,-0.2483997941017151,0.9999168515205383,0.2403746098279953,0.35036298632621765,-0.25802600383758545,0.9998903274536133,0.24792122840881348,0.3492886424064636,-0.25828394293785095,0.9998436570167542,0.2553148865699768,0.34828853607177734,-0.25809723138809204,0.9999102354049683,0.22750085592269897,0.35086143016815186,-0.19287215173244476,0.9999241232872009,0.22533933818340302,0.3504894971847534,-0.19358204305171967,0.9999236464500427,0.22296926379203796,0.35006365180015564,-0.19384318590164185,0.9999547004699707,0.29017215967178345,0.34862393140792847,-0.22601091861724854,0.9999078512191772,0.24855168163776398,0.3520856499671936,0.06795208901166916,0.9998376965522766,0.2504345774650574,0.3757076561450958,-0.21868912875652313,0.9998027682304382,0.2344324290752411,0.3757116198539734,-0.13836151361465454,0.9997619986534119,0.3095407783985138,0.41242456436157227,-0.26045796275138855,0.999911904335022,0.3783482015132904,0.40062466263771057,0.320483535528183,0.9998428821563721,0.4088364541530609,0.47493743896484375,-0.30902940034866333,0.872260570526123,0.49509841203689575,0.4570275843143463,0.4056384265422821,0.38704749941825867,0.427266001701355,0.5353615880012512,-0.2186925709247589,0.770658016204834,0.5905362963676453,0.5215171575546265,0.19871164858341217,0.769677460193634,0.42921939492225647,0.5430983304977417,-0.23812927305698395,0.7643709182739258,0.6083358526229858,0.5407252907752991,0.16357354819774628,0.7862673401832581,0.4286027252674103,0.5366734266281128,-0.24892261624336243,0.7641927003860474,0.6029518842697144,0.5431240200996399,0.1282365620136261,0.7857639193534851,0.4314287006855011,0.5357214212417603,-0.21315865218639374,0.726474940776825,0.5967007279396057,0.5392382740974426,0.17636895179748535,0.7687649726867676,0.3733135163784027,0.5937755107879639,-0.22482465207576752,0.99992436170578,0.40719205141067505,0.5921114087104797,0.22437039017677307,0.9999441504478455,0.24636432528495789,0.7035771608352661,-0.23526707291603088,0.9510932564735413,0.31057992577552795,0.6964787840843201,0.18422232568264008,0.722895085811615,0.2892199456691742,0.8452118039131165,-0.1616024672985077,0.9638543128967285,0.49716126918792725,0.7654392123222351,0.3507770895957947,0.8643073439598083,0.32373932003974915,0.8662665486335754,-0.15651103854179382,0.9447452425956726,0.5464600324630737,0.7631969451904297,0.3685340881347656,0.8793664574623108,0.17958448827266693,0.8770432472229004,-0.23917771875858307,0.9657777547836304,0.4828113615512848,0.832368016242981,0.35359877347946167,0.8814321160316467
141,4.7,0.2304440438747406,0.36391088366508484,-0.33032748103141785,0.9999249577522278,0.2448723465204239,0.3487907946109772,-0.3347429037094116,0.9999011158943176,0.25315365195274353,0.34760934114456177,-0.3350597023963928,0.9998590350151062,0.260829895734787,0.34647253155708313,-0.3349170684814453,0.9999189972877502,0.22971639037132263,0.3489811420440674,-0.26807472109794617,0.9999315738677979,0.22649261355400085,0.3485240936279297,-0.2687511146068573,0.9999311566352844,0.22343792021274567,0.3480980396270752,-0.269004762172699,0.9999591112136841,0.2930161952972412,0.346485435962677,-0.2667319178581238,0.9999167323112488,0.24610759317874908,0.35019558668136597,0.034149982035160065,0.9998533725738525,0.25226569175720215,0.37339287996292114,-0.29447418451309204,0.9998205900192261,0.2356053739786148,0.37358734011650085,-0.21176603436470032,0.999783456325531,0.309974730014801,0.40913254022598267,-0.30498430132865906,0.9999167323112488,0.3681824207305908,0.4022599160671234,0.3187938332557678,0.9998473525047302,0.42272046208381653,0.47249096632003784,-0.34667348861694336,0.8840420842170715,0.4765908420085907,0.46221089363098145,0.40374353528022766,0.39294353127479553,0.42465969920158386,0.5398963689804077,-0.23516781628131866,0.7871968746185303,0.5537121295928955,0.5323145389556885,0.16748040914535522,0.7893026471138,0.4220940172672272,0.5474298596382141,-0.25882285833358765,0.7781519889831543,0.5628141164779663,0.5476361513137817,0.12772752344608307,0.8045294880867004,0.4217457175254822,0.5434921979904175,-0.2649305462837219,0.7777320742607117,0.559298574924469,0.5496227741241455,0.0897902175784111,0.803976833820343,0.4226970672607422,0.5406550168991089,-0.2269470989704132,0.7406216859817505,0.5541314482688904,0.5460371971130371,0.14284157752990723,0.7870070338249207,0.35264697670936584,0.5910590887069702,-0.2410062551498413,0.9999150633811951,0.38321778178215027,0.5886408090591431,0.24052874743938446,0.9999329447746277,0.23746313154697418,0.7080475687980652,-0.28604966402053833,0.9553484320640564,0.28334400057792664,0.6957311034202576,0.24076016247272491,0.715829610824585,0.28750842809677124,0.8453648686408997,-0.19294297695159912,0.9671313166618347,0.44359585642814636,0.7700950503349304,0.4570980370044708,0.8594253659248352,0.32437434792518616,0.866772472858429,-0.18790265917778015,0.9493443369865417,0.49521204829216003,0.7699055671691895,0.4756576120853424,0.8798907995223999,0.17489492893218994,0.8801676034927368,-0.30187931656837463,0.9686480164527893,0.4062846601009369,0.8332787752151489,0.4390546977519989,0.8786756992340088
142,4.733333333333333,0.23546940088272095,0.35801416635513306,-0.37437787652015686,0.9999323487281799,0.2505511939525604,0.3445029556751251,-0.3738604187965393,0.9999108910560608,0.25951939821243286,0.34420984983444214,-0.37429776787757874,0.9998729825019836,0.26801449060440063,0.34383007884025574,-0.37425240874290466,0.9999269843101501,0.23196420073509216,0.34567803144454956,-0.3116229474544525,0.9999383091926575,0.22743961215019226,0.34606900811195374,-0.31221622228622437,0.999937891960144,0.22243300080299377,0.34651830792427063,-0.31242653727531433,0.9999629855155945,0.2994590401649475,0.3449947237968445,-0.28442269563674927,0.9999249577522278,0.2364446222782135,0.3486165702342987,-0.004419247154146433,0.9998669624328613,0.2576972246170044,0.3699716627597809,-0.33275771141052246,0.9998374581336975,0.23735466599464417,0.37100231647491455,-0.2562049925327301,0.9998026490211487,0.31852880120277405,0.4067625403404236,-0.3510170578956604,0.99992436170578,0.3246760368347168,0.4078599512577057,0.31598806381225586,0.9997926950454712,0.4295944571495056,0.46872153878211975,-0.3413509726524353,0.8955292105674744,0.40527281165122986,0.47857728600502014,0.3992950916290283,0.3583565056324005,0.4613904356956482,0.5433224439620972,-0.1965501606464386,0.8078636527061462,0.4574534595012665,0.5378856658935547,0.12883728742599487,0.7338383197784424,0.48757776618003845,0.5607017278671265,-0.2142060101032257,0.7988144755363464,0.47457945346832275,0.5524941086769104,0.10118873417377472,0.7552955150604248,0.4804530739784241,0.5635938048362732,-0.2315686047077179,0.7984203100204468,0.4824455678462982,0.5532346367835999,0.05808635428547859,0.7542913556098938,0.4671759307384491,0.5578765273094177,-0.19209635257720947,0.7644449472427368,0.4796622693538666,0.547960102558136,0.10076913982629776,0.7373106479644775,0.35410216450691223,0.590218186378479,-0.24287959933280945,0.999916136264801,0.35191628336906433,0.5879257321357727,0.24244047701358795,0.9999173283576965,0.23299670219421387,0.7066876888275146,-0.2931647300720215,0.9594159126281738,0.23413246870040894,0.6952345371246338,0.23196937143802643,0.7078376412391663,0.2774597704410553,0.8468836545944214,-0.15422478318214417,0.9701544642448425,0.35142067074775696,0.7732113599777222,0.42528867721557617,0.8589838147163391,0.3152882754802704,0.8694590330123901,-0.1460379660129547,0.9533671736717224,0.4107601046562195,0.7762677073478699,0.44252726435661316,0.8795764446258545,0.16709445416927338,0.8866069912910461,-0.27750933170318604,0.9713701605796814,0.315729022026062,0.8348919153213501,0.38269126415252686,0.8790917992591858
143,4.766666666666667,0.24022147059440613,0.34732717275619507,-0.42749103903770447,0.9999385476112366,0.2553289830684662,0.334518164396286,-0.42639032006263733,0.9999192357063293,0.2634090483188629,0.3349716067314148,-0.4268621802330017,0.9998850226402283,0.2703694701194763,0.3353872001171112,-0.4268295168876648,0.9999338984489441,0.23585499823093414,0.3360823094844818,-0.36719614267349243,0.9999439120292664,0.23024627566337585,0.3371284604072571,-0.36772239208221436,0.999943196773529,0.22512204945087433,0.3379392623901367,-0.36787787079811096,0.9999657273292542,0.3040452003479004,0.34165769815444946,-0.3273943066596985,0.9999319911003113,0.23283521831035614,0.3440510630607605,-0.060773998498916626,0.9998743534088135,0.2637372612953186,0.36189520359039307,-0.38168713450431824,0.999849796295166,0.23739378154277802,0.36271148920059204,-0.3088863790035248,0.9998119473457336,0.32333168387413025,0.40636301040649414,-0.39695069193840027,0.9999310970306396,0.3010394275188446,0.4056965708732605,0.29585254192352295,0.9996793270111084,0.447509229183197,0.46535617113113403,-0.38759762048721313,0.9054073095321655,0.37061741948127747,0.47213014960289,0.3939822316169739,0.3231469988822937,0.4495558738708496,0.53499436378479,-0.3310953974723816,0.8216128349304199,0.386962354183197,0.5278850197792053,0.1388944685459137,0.6634469628334045,0.4624483287334442,0.549494206905365,-0.3652110695838928,0.8084099888801575,0.3905940055847168,0.5445929169654846,0.11064675450325012,0.6853746175765991,0.45229417085647583,0.548772931098938,-0.3730246126651764,0.8079356551170349,0.3861841857433319,0.5440090298652649,0.06566134840250015,0.6845651865005493,0.4431939721107483,0.5441470146179199,-0.32556742429733276,0.7733539342880249,0.3866513669490814,0.539401650428772,0.10974536836147308,0.6689655780792236,0.34785082936286926,0.5890698432922363,-0.2469983696937561,0.9999027848243713,0.3302667438983917,0.5866758823394775,0.24660860002040863,0.9998481273651123,0.24379724264144897,0.7090784311294556,-0.2919325530529022,0.9586307406425476,0.21606570482254028,0.6949374675750732,0.22575989365577698,0.6472746729850769,0.27654680609703064,0.8471245765686035,-0.22546546161174774,0.9713910222053528,0.31166377663612366,0.794481098651886,0.4060954749584198,0.8077440857887268,0.3081282377243042,0.8739317655563354,-0.22748154401779175,0.9536573886871338,0.353506863117218,0.7979730367660522,0.4194590151309967,0.8447149991989136,0.16091912984848022,0.8862792253494263,-0.4046960473060608,0.9719679951667786,0.2302807718515396,0.8356499671936035,0.3454994559288025,0.8379804491996765
144,4.8,0.24413830041885376,0.33626705408096313,-0.5058607459068298,0.9999442100524902,0.2567904591560364,0.3238874077796936,-0.4978888928890228,0.9999268651008606,0.2652737498283386,0.32385367155075073,-0.49836981296539307,0.9998959898948669,0.2743161916732788,0.3242655396461487,-0.49833938479423523,0.9999402165412903,0.23918111622333527,0.32508739829063416,-0.4463437497615814,0.999949038028717,0.2336500734090805,0.3255581259727478,-0.4468797445297241,0.9999481439590454,0.2285088151693344,0.3260325789451599,-0.4470394551753998,0.999968409538269,0.30651426315307617,0.331523597240448,-0.3605504333972931,0.9999384880065918,0.2323639988899231,0.33212435245513916,-0.12746214866638184,0.999882161617279,0.2672457695007324,0.3509669005870819,-0.44474026560783386,0.9998631477355957,0.24082592129707336,0.3508036732673645,-0.382058709859848,0.9998259544372559,0.32457399368286133,0.3962308466434479,-0.3932171165943146,0.9999377727508545,0.2790311276912689,0.40424904227256775,0.24445487558841705,0.9996724724769592,0.47418373823165894,0.46405714750289917,-0.36393865942955017,0.9144391417503357,0.36224645376205444,0.46732449531555176,0.3664979338645935,0.2913006544113159,0.43569356203079224,0.5312766432762146,-0.261075496673584,0.8262413144111633,0.3457026481628418,0.5270520448684692,0.11024659126996994,0.5980294942855835,0.42403167486190796,0.5458031892776489,-0.291615754365921,0.8028577566146851,0.35787010192871094,0.541896402835846,0.07546179741621017,0.6188521385192871,0.4127689003944397,0.5465008020401001,-0.30167531967163086,0.8030969500541687,0.3415626883506775,0.5407893061637878,0.019334843382239342,0.6182078719139099,0.4150605797767639,0.5418410301208496,-0.255232572555542,0.7656352519989014,0.3436550498008728,0.53619784116745,0.07625793665647507,0.6041067242622375,0.33959463238716125,0.5883340835571289,-0.24634487926959991,0.9999053478240967,0.2928050756454468,0.5858479738235474,0.24633297324180603,0.99984210729599,0.25933197140693665,0.7145070433616638,-0.2547120749950409,0.9596447944641113,0.1855689138174057,0.6963648200035095,0.13404448330402374,0.6317846775054932,0.287844717502594,0.8441213369369507,-0.01975996419787407,0.972428023815155,0.2575143277645111,0.8155374526977539,0.3212340176105499,0.8064182996749878,0.31650716066360474,0.8670504689216614,-0.005749742966145277,0.9510160684585571,0.28475573658943176,0.8449779748916626,0.33267468214035034,0.8390663266181946,0.18478450179100037,0.8792789578437805,-0.2397315800189972,0.972419261932373,0.1621977984905243,0.853442370891571,0.1685337871313095,0.8388469815254211
145,4.833333333333333,0.24456700682640076,0.3241726756095886,-0.6003575921058655,0.9999493956565857,0.2636222243309021,0.3127414584159851,-0.587369978427887,0.9999337792396545,0.275995671749115,0.3135284185409546,-0.587913990020752,0.9999059438705444,0.2855822741985321,0.3147485554218292,-0.5878523588180542,0.9999459385871887,0.24182604253292084,0.3128504157066345,-0.5421861410140991,0.9999537467956543,0.23648998141288757,0.3134857714176178,-0.5427706837654114,0.9999527931213379,0.23082832992076874,0.313984751701355,-0.542975127696991,0.9999709725379944,0.30700284242630005,0.3226577341556549,-0.42363205552101135,0.9999444484710693,0.23224714398384094,0.32086631655693054,-0.21914330124855042,0.9998907446861267,0.2686019837856293,0.3401090204715729,-0.5289300680160522,0.9998757243156433,0.24453052878379822,0.33893144130706787,-0.47443169355392456,0.9998399019241333,0.3436303734779358,0.3894785940647125,-0.4026942849159241,0.999943733215332,0.26292726397514343,0.3970293700695038,0.158348947763443,0.9996774196624756,0.49629440903663635,0.45828717947006226,-0.3131963014602661,0.921939492225647,0.3360069990158081,0.4660114347934723,0.32767295837402344,0.26264679431915283,0.43140509724617004,0.5243266820907593,-0.1665610671043396,0.8149542808532715,0.31586945056915283,0.5228234529495239,0.12334015965461731,0.5392135381698608,0.40846189856529236,0.5364176034927368,-0.18659479916095734,0.779009222984314,0.3215015232563019,0.532271146774292,0.0907140001654625,0.5593427419662476,0.3984522819519043,0.5297116637229919,-0.20039531588554382,0.7802645564079285,0.2980993390083313,0.5301002860069275,0.03668323531746864,0.5588510036468506,0.40430107712745667,0.5257584452629089,-0.16101081669330597,0.7396228909492493,0.30694764852523804,0.5237265229225159,0.09162689000368118,0.5460587739944458,0.3366506099700928,0.5854408740997314,-0.21995513141155243,0.9999103546142578,0.2672158181667328,0.581946849822998,0.2200479954481125,0.9998459815979004,0.26467248797416687,0.7153533697128296,-0.16618205606937408,0.9604337811470032,0.17571696639060974,0.6958889961242676,0.12075384706258774,0.6358385682106018,0.2894907295703888,0.8430631756782532,0.11087335646152496,0.9738551378250122,0.21819943189620972,0.8205028772354126,0.3472665846347809,0.8161612153053284,0.30725598335266113,0.863114058971405,0.12737399339675903,0.9499664902687073,0.24781376123428345,0.84803307056427,0.36474570631980896,0.8423332571983337,0.19517305493354797,0.8765090703964233,-0.10156252980232239,0.973565936088562,0.12845365703105927,0.857836127281189,0.1967863142490387,0.8476900458335876
146,4.866666666666666,0.24839377403259277,0.31578993797302246,-0.6128314733505249,0.9999480843544006,0.2704426646232605,0.3037038743495941,-0.5944050550460815,0.9999344348907471,0.28301048278808594,0.30465635657310486,-0.5950098037719727,0.9999090433120728,0.29277583956718445,0.3057381808757782,-0.5949508547782898,0.9999474287033081,0.24236218631267548,0.3038654625415802,-0.5586221218109131,0.999951958656311,0.23831422626972198,0.30417194962501526,-0.5593068599700928,0.9999493956565857,0.23311951756477356,0.30480247735977173,-0.559658408164978,0.9999654293060303,0.30976831912994385,0.3140605390071869,-0.41630563139915466,0.999947726726532,0.23342137038707733,0.31204497814178467,-0.25393998622894287,0.999870240688324,0.2688177227973938,0.33110785484313965,-0.5362280607223511,0.9998776912689209,0.24651411175727844,0.3293626010417938,-0.4941015839576721,0.9998267292976379,0.3645924925804138,0.382681667804718,-0.3948589265346527,0.9999479651451111,0.23990562558174133,0.39016634225845337,0.08815880119800568,0.9996324181556702,0.5072528123855591,0.4493647515773773,-0.21083109080791473,0.9268369674682617,0.3012477159500122,0.4644874036312103,0.3098534941673279,0.23689644038677216,0.4307120442390442,0.5142911672592163,-0.057327404618263245,0.7810529470443726,0.297668993473053,0.5105713605880737,0.2321058213710785,0.4858594536781311,0.4036376476287842,0.5254074931144714,-0.06560130417346954,0.7370815873146057,0.2990158200263977,0.5225427150726318,0.21571625769138336,0.5047063231468201,0.39495155215263367,0.5188378095626831,-0.08622540533542633,0.7394329905509949,0.2784099876880646,0.5175796747207642,0.16400745511054993,0.5043006539344788,0.40122994780540466,0.5156727433204651,-0.054663948714733124,0.6980063915252686,0.2804129719734192,0.5134521126747131,0.20650440454483032,0.49281278252601624,0.3363625109195709,0.5786635279655457,-0.1698760837316513,0.9999160766601562,0.24880093336105347,0.5747131109237671,0.16992630064487457,0.9998534321784973,0.2842889726161957,0.7146707773208618,-0.08448895812034607,0.961314857006073,0.17922337353229523,0.6959092617034912,0.05257119983434677,0.6580865979194641,0.29258856177330017,0.8381432294845581,0.20535489916801453,0.9755204319953918,0.21032412350177765,0.8156167268753052,0.2880341708660126,0.8311778903007507,0.3021906316280365,0.8512154817581177,0.2224062830209732,0.9486878514289856,0.23274654150009155,0.833339512348175,0.3043058514595032,0.8500938415527344,0.2247108519077301,0.8747347593307495,-0.0177264716476202,0.9747486114501953,0.14645494520664215,0.8552719950675964,0.09494224935770035,0.8594238758087158
147,4.9,0.2536539137363434,0.30766168236732483,-0.5967223048210144,0.9999493956565857,0.27628910541534424,0.2958199083805084,-0.5756544470787048,0.9999356269836426,0.2878240942955017,0.2966037094593048,-0.5762069821357727,0.9999111890792847,0.29892852902412415,0.29762592911720276,-0.5761266350746155,0.9999483227729797,0.24381552636623383,0.296240895986557,-0.5407800078392029,0.9999528527259827,0.23871366679668427,0.2966011166572571,-0.5414555668830872,0.9999500513076782,0.23465853929519653,0.29710665345191956,-0.5418065786361694,0.9999656081199646,0.31399673223495483,0.30581334233283997,-0.38774269819259644,0.9999496936798096,0.2349739968776703,0.3043498396873474,-0.2259553074836731,0.9998710751533508,0.27130019664764404,0.32287052273750305,-0.5168538689613342,0.9998859763145447,0.24771443009376526,0.32096436619758606,-0.4751555621623993,0.9998374581336975,0.3777554929256439,0.37772518396377563,-0.3213282823562622,0.9999520778656006,0.21846219897270203,0.3851427435874939,0.06660760194063187,0.9996607303619385,0.513624906539917,0.44251155853271484,-0.27366435527801514,0.9324566125869751,0.23247557878494263,0.47214168310165405,0.1786436140537262,0.23455937206745148,0.4283774793148041,0.5050038695335388,-0.28946244716644287,0.7604129314422607,0.20938336849212646,0.5549839735031128,-0.07372865825891495,0.4543170928955078,0.39771202206611633,0.5169752836227417,-0.356904000043869,0.7081315517425537,0.19791965186595917,0.5839056372642517,-0.13676095008850098,0.4736185371875763,0.39119139313697815,0.5115474462509155,-0.3854258954524994,0.7113630771636963,0.19372843205928802,0.58342045545578,-0.203310027718544,0.4740429222583771,0.39798304438591003,0.5082460641860962,-0.30365580320358276,0.6667245030403137,0.19953098893165588,0.5748471021652222,-0.11014913767576218,0.46253785490989685,0.3373258709907532,0.5757969617843628,-0.14412130415439606,0.9999234080314636,0.23295652866363525,0.5724590420722961,0.14389660954475403,0.9998666048049927,0.3074229061603546,0.717756986618042,-0.09055345505475998,0.9640510082244873,0.18221333622932434,0.7014396786689758,0.07821591943502426,0.6871716380119324,0.2965889871120453,0.8375744819641113,0.3362669050693512,0.9773983359336853,0.22317087650299072,0.8105549812316895,0.534983217716217,0.8456761240959167,0.30215317010879517,0.8497222065925598,0.3670782446861267,0.9482168555259705,0.2507975995540619,0.8329237699508667,0.5750593543052673,0.8585392832756042,0.23379582166671753,0.8750232458114624,0.10864988714456558,0.976252555847168,0.16993747651576996,0.8556894063949585,0.364907443523407,0.870780885219574
148,4.933333333333334,0.2629135847091675,0.30284827947616577,-0.6079769730567932,0.9999488592147827,0.2835242450237274,0.2918488085269928,-0.5731942653656006,0.9999296069145203,0.295856237411499,0.29287949204444885,-0.573762834072113,0.9999039173126221,0.3063488304615021,0.2940027117729187,-0.5736265182495117,0.9999421238899231,0.2512594759464264,0.29075562953948975,-0.5572609901428223,0.9999507665634155,0.2411888986825943,0.29134589433670044,-0.5580035448074341,0.9999487996101379,0.23615171015262604,0.29204922914505005,-0.5584378242492676,0.9999646544456482,0.32005855441093445,0.30066603422164917,-0.3625699281692505,0.9999445676803589,0.23707541823387146,0.29895561933517456,-0.26672306656837463,0.9998687505722046,0.28232115507125854,0.3175153434276581,-0.5130724310874939,0.9998906254768372,0.24939978122711182,0.317335307598114,-0.49613237380981445,0.9998465776443481,0.39244920015335083,0.3756951689720154,-0.16577182710170746,0.9999528527259827,0.20295347273349762,0.3784129023551941,-0.021128470078110695,0.9996904134750366,0.515809178352356,0.439423143863678,-0.010858302935957909,0.9307790398597717,0.19005157053470612,0.4594920575618744,0.17173543572425842,0.29305949807167053,0.4238949716091156,0.49846458435058594,-0.04249878227710724,0.7527976632118225,0.15896908938884735,0.5210160613059998,0.03672540560364723,0.5040565729141235,0.39822420477867126,0.5098495483398438,-0.07303761690855026,0.6983446478843689,0.15149220824241638,0.5461360216140747,-0.009676248766481876,0.5202686786651611,0.3923789858818054,0.5061784982681274,-0.1176697313785553,0.7027637958526611,0.15256382524967194,0.5452955961227417,-0.06685372442007065,0.5209881067276001,0.3979075849056244,0.503208577632904,-0.05565320700407028,0.6562838554382324,0.16062289476394653,0.5379644632339478,0.0069182030856609344,0.5084899067878723,0.33769434690475464,0.5654062032699585,-0.061917342245578766,0.99992835521698,0.22356952726840973,0.5628067851066589,0.061617836356163025,0.9998776316642761,0.31812116503715515,0.7068722248077393,-0.024516714736819267,0.9637173414230347,0.195455864071846,0.6989423036575317,0.037253472954034805,0.7129213809967041,0.2988406717777252,0.8235213160514832,0.36536625027656555,0.9777030944824219,0.21775932610034943,0.8078926205635071,0.4413371980190277,0.8589348793029785,0.29814785718917847,0.8331273794174194,0.3888298571109772,0.9379134774208069,0.23753155767917633,0.826005756855011,0.46636632084846497,0.8596359491348267,0.2564961016178131,0.8722336888313293,0.1190321296453476,0.9760593175888062,0.17605310678482056,0.8543314933776855,0.21450453996658325,0.8808420896530151
149,4.966666666666667,0.2753019630908966,0.3019944429397583,-0.5719125270843506,0.9999489188194275,0.29223644733428955,0.2898794412612915,-0.5327892899513245,0.9999250173568726,0.3041796386241913,0.2902486324310303,-0.5333728194236755,0.9998980164527893,0.3133237361907959,0.29084405303001404,-0.5332455635070801,0.9999369382858276,0.2595961093902588,0.2897111177444458,-0.5228250622749329,0.9999500513076782,0.2499406337738037,0.29019176959991455,-0.5236227512359619,0.9999486804008484,0.24073928594589233,0.29092729091644287,-0.5241350531578064,0.9999644756317139,0.3250875174999237,0.29745030403137207,-0.2871396243572235,0.9999415874481201,0.23925524950027466,0.2976069748401642,-0.24178066849708557,0.9998711347579956,0.29550454020500183,0.31679195165634155,-0.47240689396858215,0.9998942017555237,0.25687602162361145,0.3166210353374481,-0.4630580544471741,0.9998552203178406,0.4018225073814392,0.3764343559741974,-0.06103609874844551,0.9999505281448364,0.1917264312505722,0.3735150396823883,-0.002603087807074189,0.9997161030769348,0.5087810754776001,0.43704143166542053,0.2393847107887268,0.9091723561286926,0.15212057530879974,0.4461585581302643,0.2187294363975525,0.33949965238571167,0.41730862855911255,0.49286454916000366,0.3825913369655609,0.7293493747711182,0.1077171117067337,0.495852530002594,0.18902438879013062,0.5464470386505127,0.3939968943595886,0.5064530372619629,0.391782283782959,0.6729239225387573,0.09901930391788483,0.517107367515564,0.1580536812543869,0.5588443279266357,0.3868269622325897,0.5025901794433594,0.33970293402671814,0.6790733337402344,0.0984238013625145,0.5170885324478149,0.10768572241067886,0.5601190328598022,0.39220601320266724,0.4988444447517395,0.3715727627277374,0.6320403814315796,0.106617271900177,0.5113393068313599,0.16876859962940216,0.5455542802810669,0.3417242467403412,0.5645420551300049,-0.02937069535255432,0.9999282360076904,0.21929174661636353,0.5611786246299744,0.02909478358924389,0.9998840689659119,0.3194771111011505,0.7080621719360352,-0.00948074460029602,0.9522541165351868,0.20689819753170013,0.6987420320510864,0.01696646958589554,0.721899151802063,0.29840701818466187,0.8202279806137085,0.3978479504585266,0.9660301208496094,0.21854008734226227,0.8137214779853821,0.42680904269218445,0.8609988689422607,0.2949850857257843,0.8296483159065247,0.4248955547809601,0.8952581286430359,0.22872717678546906,0.8280477523803711,0.4559224545955658,0.8308819532394409,0.2648220360279083,0.8700265884399414,0.17642433941364288,0.9628006219863892,0.18428613245487213,0.8567013740539551,0.21769434213638306,0.8778120875358582
150,5.0,0.2821389138698578,0.30298078060150146,-0.5396619439125061,0.9999471306800842,0.2999037802219391,0.28985410928726196,-0.5044719576835632,0.9999169707298279,0.3105775713920593,0.28989332914352417,-0.5050109624862671,0.9998864531517029,0.3208276629447937,0.29040074348449707,-0.5048922300338745,0.9999275803565979,0.26758453249931335,0.29156866669654846,-0.4913180470466614,0.9999480843544006,0.2575620710849762,0.29195401072502136,-0.4921509921550751,0.9999472498893738,0.2502107322216034,0.29210469126701355,-0.4926958680152893,0.999963641166687,0.3304210305213928,0.29674696922302246,-0.23162305355072021,0.9999352693557739,0.24193626642227173,0.29751279950141907,-0.21500593423843384,0.999873697757721,0.3025321066379547,0.317443311214447,-0.4508284628391266,0.9998936653137207,0.26641276478767395,0.31665271520614624,-0.43207472562789917,0.9998610615730286,0.40718579292297363,0.3773975074291229,0.001959624933078885,0.9999439120292664,0.1877058893442154,0.3711630403995514,0.02037869207561016,0.9997397661209106,0.5007169842720032,0.43677806854248047,0.3727039396762848,0.8747597932815552,0.12523657083511353,0.4334993362426758,0.27977094054222107,0.383615106344223,0.4025130867958069,0.48879680037498474,0.6321408748626709,0.6870975494384766,0.07231207937002182,0.4827786386013031,0.38180050253868103,0.5847128033638,0.38088488578796387,0.5038048028945923,0.6645819544792175,0.6304577589035034,0.05571102723479271,0.50374835729599,0.36902284622192383,0.5926304459571838,0.3743031322956085,0.4993250370025635,0.6092615127563477,0.6377893090248108,0.06008566915988922,0.5042405724525452,0.3226712644100189,0.5944346785545349,0.3803461790084839,0.49461016058921814,0.6223312020301819,0.5925684571266174,0.07041836529970169,0.498525470495224,0.36580097675323486,0.5775342583656311,0.3447715640068054,0.5651305913925171,-0.015189646743237972,0.9999269247055054,0.2162000834941864,0.5616531372070312,0.014937669970095158,0.9998898506164551,0.3250020444393158,0.7122608423233032,0.0025705136358737946,0.9415318965911865,0.21230854094028473,0.7069609761238098,-0.014484687708318233,0.7314586639404297,0.2955893278121948,0.8216288685798645,0.4079187512397766,0.9579598903656006,0.2178763449192047,0.8181667327880859,0.41530877351760864,0.8646014332771301,0.286910742521286,0.8329496383666992,0.4355677366256714,0.8624539375305176,0.22609354555606842,0.8306723833084106,0.4368683695793152,0.8079178929328918,0.2662590742111206,0.8705631494522095,0.19074811041355133,0.9533176422119141,0.18606266379356384,0.8607407808303833,0.19193071126937866,0.8770424723625183
151,5.033333333333333,0.29336073994636536,0.3030511736869812,-0.6080333590507507,0.9999314546585083,0.3096025586128235,0.291701078414917,-0.5598446130752563,0.9998858571052551,0.32075759768486023,0.2923450171947479,-0.560480535030365,0.9998493790626526,0.32917216420173645,0.29298388957977295,-0.5603715181350708,0.9998993277549744,0.2783605456352234,0.29197394847869873,-0.5629947185516357,0.9999315142631531,0.26986533403396606,0.29254376888275146,-0.5638723373413086,0.9999312162399292,0.26081129908561707,0.29320043325424194,-0.564545214176178,0.9999502897262573,0.3386908173561096,0.29968971014022827,-0.2600891888141632,0.9999202489852905,0.24997223913669586,0.29989567399024963,-0.29318180680274963,0.9998533129692078,0.3103204369544983,0.31712836027145386,-0.4940956234931946,0.9998688101768494,0.2780345380306244,0.316267192363739,-0.5027787089347839,0.9998427629470825,0.40671518445014954,0.37844857573509216,-0.03602467477321625,0.9999204874038696,0.18372049927711487,0.37176698446273804,-0.04858766123652458,0.9997364282608032,0.46623602509498596,0.4382331967353821,0.394212007522583,0.823154628276825,0.1033308133482933,0.43179765343666077,0.26628440618515015,0.3886615037918091,0.3817980885505676,0.4875669479370117,0.7284848690032959,0.6327002644538879,0.028575748205184937,0.48275336623191833,0.43691498041152954,0.5660569071769714,0.35997819900512695,0.5022752285003662,0.7781336307525635,0.5792089700698853,0.004936944227665663,0.4968113303184509,0.4437262713909149,0.5660781860351562,0.3539975881576538,0.4979354441165924,0.7204342484474182,0.5869610905647278,0.0031238384544849396,0.4996185302734375,0.39597541093826294,0.57000732421875,0.35905277729034424,0.49280041456222534,0.7197011113166809,0.5451799035072327,0.018364982679486275,0.496938556432724,0.4221406579017639,0.551317572593689,0.3465382158756256,0.5649718046188354,0.008778292685747147,0.9999068975448608,0.21631190180778503,0.5612007975578308,-0.009043167345225811,0.9998742341995239,0.3294278383255005,0.7130824327468872,0.04802084341645241,0.9320564270019531,0.2157863825559616,0.7083329558372498,-0.030224844813346863,0.7395562529563904,0.29213106632232666,0.8224805593490601,0.46582019329071045,0.9526565074920654,0.21431541442871094,0.8239925503730774,0.40864139795303345,0.8690423965454102,0.2794106900691986,0.8343818783760071,0.4937618672847748,0.8368819952011108,0.21937225759029388,0.8369576334953308,0.43762320280075073,0.7872509956359863,0.2700381875038147,0.8714004755020142,0.2228856384754181,0.9462679028511047,0.193094402551651,0.8669900894165039,0.17984458804130554,0.8756957054138184
152,5.066666666666666,0.3051004707813263,0.3054559528827667,-0.6355862021446228,0.9998963475227356,0.32150697708129883,0.29468291997909546,-0.5906423926353455,0.9998339414596558,0.3306022882461548,0.2952575385570526,-0.5912768244743347,0.9997924566268921,0.3415031135082245,0.29585549235343933,-0.5911559462547302,0.9998520612716675,0.29140961170196533,0.29435214400291443,-0.5933507084846497,0.9999023079872131,0.2807570695877075,0.294599711894989,-0.5942201614379883,0.9999058842658997,0.27331480383872986,0.2949582040309906,-0.5948836207389832,0.9999303817749023,0.34977081418037415,0.30172377824783325,-0.2929251194000244,0.999897837638855,0.25921928882598877,0.3008459210395813,-0.32351791858673096,0.9998292326927185,0.32104864716529846,0.31902462244033813,-0.5198126435279846,0.9998053908348083,0.2889435589313507,0.31858429312705994,-0.528706967830658,0.9997942447662354,0.4073488414287567,0.38005322217941284,-0.0844084769487381,0.9997525811195374,0.18584637343883514,0.3728480339050293,-0.06940066814422607,0.9996347427368164,0.4041697084903717,0.45727020502090454,0.218314990401268,0.7587354183197021,0.09024153649806976,0.4344576895236969,0.2427336424589157,0.37588217854499817,0.31960535049438477,0.4909798204898834,0.409502238035202,0.5739966630935669,0.0069215488620102406,0.48136067390441895,0.4077613055706024,0.5189668536186218,0.2926807701587677,0.5051142573356628,0.42433395981788635,0.5266688466072083,-0.017514685168862343,0.492396742105484,0.41299647092819214,0.5191458463668823,0.28848883509635925,0.5008935928344727,0.37614068388938904,0.5345823168754578,-0.027873799204826355,0.49603524804115295,0.3603306710720062,0.5243073105812073,0.2940135598182678,0.4958875775337219,0.3991437554359436,0.49638548493385315,-0.008021797053515911,0.49366945028305054,0.39032304286956787,0.507349967956543,0.34506770968437195,0.5659970641136169,0.011534336023032665,0.9998303651809692,0.21642833948135376,0.5614333152770996,-0.011657461524009705,0.9998215436935425,0.3288366496562958,0.7153634428977966,0.059219520539045334,0.9308789968490601,0.21378843486309052,0.710824191570282,-0.031515587121248245,0.759379506111145,0.28298014402389526,0.8228055238723755,0.5249816179275513,0.9531688094139099,0.20571964979171753,0.8289862871170044,0.4123260974884033,0.8796786665916443,0.2684793770313263,0.8355387449264526,0.5574633479118347,0.8289445638656616,0.2094622701406479,0.8411819338798523,0.44579586386680603,0.7888297438621521,0.2685210406780243,0.871489405632019,0.2626146078109741,0.9464312791824341,0.186555415391922,0.87078857421875,0.15694886445999146,0.8837334513664246
153,5.1,0.320782870054245,0.3075571358203888,-0.5600470304489136,0.9997965693473816,0.3316802680492401,0.2964596450328827,-0.4973604083061218,0.9996620416641235,0.3425644636154175,0.2969718873500824,-0.49799644947052,0.99958735704422,0.3497657775878906,0.2975578308105469,-0.4977991282939911,0.9996849298477173,0.3029497265815735,0.29636523127555847,-0.5325146317481995,0.9998109936714172,0.29316288232803345,0.29661422967910767,-0.533572793006897,0.9998320937156677,0.28299298882484436,0.2969452440738678,-0.5344581007957458,0.9998787641525269,0.35688668489456177,0.3032837510108948,-0.19624271988868713,0.9997849464416504,0.2691825330257416,0.30268576741218567,-0.2852628529071808,0.9997308850288391,0.33521777391433716,0.32122164964675903,-0.4238877594470978,0.999549150466919,0.3033207654953003,0.32073578238487244,-0.4679354429244995,0.9996001124382019,0.40445476770401,0.3844935894012451,0.007188767660409212,0.9993991851806641,0.19218258559703827,0.3739854693412781,-0.009953539818525314,0.999455451965332,0.360351026058197,0.46513280272483826,0.21742896735668182,0.6892287135124207,0.08820155262947083,0.4366762042045593,0.22094792127609253,0.3567020297050476,0.2753050923347473,0.5013980865478516,0.2874813377857208,0.5177669525146484,-0.0038737247232347727,0.4841867983341217,0.3489565849304199,0.4728620946407318,0.244315505027771,0.5198207497596741,0.28189024329185486,0.4756963849067688,-0.03199473395943642,0.4925638735294342,0.3259238004684448,0.4740079641342163,0.25669166445732117,0.5126334428787231,0.2400672286748886,0.4831288158893585,-0.04636319354176521,0.49437427520751953,0.28774455189704895,0.4799635410308838,0.25386738777160645,0.5053061842918396,0.2759380638599396,0.44858798384666443,-0.024781687185168266,0.49333101511001587,0.3273777961730957,0.4645644426345825,0.3408864140510559,0.5665830373764038,0.030675293877720833,0.999736487865448,0.21890771389007568,0.562006413936615,-0.030879804864525795,0.9997617602348328,0.3263477385044098,0.7167943120002747,0.0643213614821434,0.9273838400840759,0.21442829072475433,0.7081887722015381,-0.05049850046634674,0.7743738889694214,0.2646154761314392,0.8255842924118042,0.48307812213897705,0.9523186087608337,0.1758302003145218,0.8245598077774048,0.4059518277645111,0.8872608542442322,0.23899242281913757,0.8365339040756226,0.5107201337814331,0.8196901082992554,0.1743014007806778,0.8369606733322144,0.44170641899108887,0.7742188572883606,0.27028587460517883,0.8726410865783691,0.21006810665130615,0.9450817108154297,0.1769191473722458,0.8686786890029907,0.1191951185464859,0.8871231079101562
154,5.133333333333334,0.3334774672985077,0.3138440251350403,-0.4753759205341339,0.9997564554214478,0.3449362814426422,0.3004493713378906,-0.41508281230926514,0.9995723962783813,0.35396575927734375,0.3005703091621399,-0.4156145751476288,0.9994617104530334,0.36283281445503235,0.30112794041633606,-0.4153769612312317,0.9995853900909424,0.3163875937461853,0.30089277029037476,-0.44214823842048645,0.9997683167457581,0.30454105138778687,0.30101892352104187,-0.4429982602596283,0.9997991323471069,0.29510730504989624,0.3009558320045471,-0.44349780678749084,0.9998591542243958,0.3652230203151703,0.3062302768230438,-0.09895553439855576,0.9996584057807922,0.27784326672554016,0.3061322569847107,-0.2118389904499054,0.9996651411056519,0.34688058495521545,0.326592355966568,-0.34545058012008667,0.9993616938591003,0.31542497873306274,0.32550328969955444,-0.3839656710624695,0.9994720220565796,0.4013494849205017,0.3889980912208557,0.10828980058431625,0.9991854429244995,0.19821712374687195,0.3770284950733185,-0.01603020913898945,0.999385416507721,0.34286826848983765,0.4702889323234558,0.1814110428094864,0.6238514184951782,0.09122545272111893,0.44216638803482056,0.027736319229006767,0.3542543351650238,0.29061511158943176,0.5339986085891724,-0.025336503982543945,0.46698251366615295,-0.0031850747764110565,0.48567289113998413,-0.13295063376426697,0.4413880407810211,0.27613914012908936,0.5518775582313538,-0.07427532225847244,0.42982974648475647,-0.03021949715912342,0.49768543243408203,-0.18553368747234344,0.4440111815929413,0.28320205211639404,0.5476087331771851,-0.12217710167169571,0.4368431270122528,-0.041275735944509506,0.49836936593055725,-0.24541981518268585,0.45248785614967346,0.2828293442726135,0.5392023324966431,-0.04910833388566971,0.40552669763565063,-0.021454285830259323,0.49727702140808105,-0.1613723188638687,0.43726396560668945,0.33808737993240356,0.5676844716072083,0.06277121603488922,0.9996357560157776,0.22617653012275696,0.5620774030685425,-0.06320784240961075,0.9997043013572693,0.3256429135799408,0.7161771655082703,0.05048215761780739,0.9229279160499573,0.21577896177768707,0.7061978578567505,-0.2848360240459442,0.7901727557182312,0.25611037015914917,0.8276476860046387,0.4051433205604553,0.9520317912101746,0.15159335732460022,0.8134560585021973,0.15033017098903656,0.8925281763076782,0.2253820151090622,0.8395113945007324,0.4267336130142212,0.8162968754768372,0.13525108993053436,0.8233034014701843,0.18584029376506805,0.7571520209312439,0.2752760648727417,0.876512885093689,0.19618818163871765,0.9450199007987976,0.17094719409942627,0.86128169298172,-0.10668827593326569,0.8896975517272949
155,5.166666666666667,0.3439255952835083,0.32411953806877136,-0.6098337173461914,0.9997643828392029,0.3533712923526764,0.3124369978904724,-0.5479341745376587,0.9995893239974976,0.36293524503707886,0.31280794739723206,-0.5485395789146423,0.9994800090789795,0.37054863572120667,0.31341710686683655,-0.548248291015625,0.9996004104614258,0.32795095443725586,0.312181293964386,-0.5885826945304871,0.99977707862854,0.3188101649284363,0.3121633231639862,-0.5893882513046265,0.9998064637184143,0.30840811133384705,0.3122081160545349,-0.5898259878158569,0.9998640418052673,0.3698766827583313,0.3184606730937958,-0.16582249104976654,0.9996597766876221,0.2909979820251465,0.3170489966869354,-0.38266801834106445,0.9996716976165771,0.3553076982498169,0.3359138071537018,-0.46941518783569336,0.9993431568145752,0.3269677758216858,0.33573752641677856,-0.5279523730278015,0.9994567632675171,0.4010102450847626,0.39651188254356384,0.047336794435977936,0.9990044832229614,0.2047768086194992,0.3827507495880127,-0.2539098858833313,0.9992724061012268,0.32743921875953674,0.48322468996047974,0.15676960349082947,0.5632992386817932,0.09884306788444519,0.45101672410964966,-0.26909318566322327,0.35638514161109924,0.28507864475250244,0.5545526742935181,-0.06233851611614227,0.4213046431541443,-0.006446170620620251,0.4997798800468445,-0.3995586037635803,0.40651947259902954,0.27435141801834106,0.5728787779808044,-0.10430531948804855,0.38890236616134644,-0.038716550916433334,0.50379478931427,-0.45665961503982544,0.40951305627822876,0.2797996699810028,0.5622456669807434,-0.15972353518009186,0.3956901431083679,-0.04940512031316757,0.5042422413825989,-0.5107324719429016,0.419369637966156,0.28052380681037903,0.5601552724838257,-0.0893387570977211,0.36727413535118103,-0.027805110439658165,0.5050909519195557,-0.424161821603775,0.40500912070274353,0.3327539563179016,0.5782334804534912,0.1093524843454361,0.9994446635246277,0.23208096623420715,0.569379985332489,-0.1099095270037651,0.9995546936988831,0.32475003600120544,0.7196813225746155,0.14776372909545898,0.910749077796936,0.22957782447338104,0.7072855234146118,-0.2528286874294281,0.797940194606781,0.23044151067733765,0.8323432207107544,0.5300276279449463,0.9508471488952637,0.1302742063999176,0.7997128367424011,0.268054336309433,0.8928776979446411,0.19958500564098358,0.8428678512573242,0.5543185472488403,0.8184300661087036,0.1007435992360115,0.8009397387504578,0.26875045895576477,0.7374122738838196,0.2554464042186737,0.8791509866714478,0.29753607511520386,0.9449235200881958,0.11696193367242813,0.844969630241394,-0.07529722154140472,0.8879265189170837
156,5.2,0.35405147075653076,0.3321899175643921,-0.5990085005760193,0.999771237373352,0.36385244131088257,0.32164743542671204,-0.5398704409599304,0.9996048212051392,0.37131741642951965,0.32226818799972534,-0.5404843091964722,0.9994978308677673,0.37811511754989624,0.3228813111782074,-0.5402196645736694,0.9996150732040405,0.3378106951713562,0.3204877972602844,-0.5816556215286255,0.9997846484184265,0.32788264751434326,0.3203754723072052,-0.5824292302131653,0.9998120665550232,0.3188622295856476,0.32041135430336,-0.582889199256897,0.9998658299446106,0.3752850294113159,0.3274131417274475,-0.1980365514755249,0.9996693134307861,0.29839566349983215,0.3251166343688965,-0.40607935190200806,0.9996766448020935,0.36438292264938354,0.34523552656173706,-0.46723365783691406,0.999322772026062,0.33562302589416504,0.34527748823165894,-0.5277177691459656,0.9994344711303711,0.3992892801761627,0.40362292528152466,0.08761991560459137,0.9989028573036194,0.20699650049209595,0.3904191553592682,-0.3439323306083679,0.9991552233695984,0.3246218264102936,0.49475327134132385,0.17571374773979187,0.5085403919219971,0.10341882705688477,0.4598061442375183,-0.42239829897880554,0.3939775824546814,0.2769663333892822,0.5672164559364319,-0.05026499554514885,0.38078030943870544,-0.00426954822614789,0.5086665153503418,-0.5527443289756775,0.38522496819496155,0.26621749997138977,0.5869022607803345,-0.08535782247781754,0.3537762761116028,-0.035051312297582626,0.516498327255249,-0.6166691780090332,0.3886307179927826,0.27200546860694885,0.58025062084198,-0.13961827754974365,0.3605765104293823,-0.04891064018011093,0.5153683423995972,-0.6559184789657593,0.4011479616165161,0.2717110216617584,0.5726438760757446,-0.07674718648195267,0.33463186025619507,-0.027404893189668655,0.5136213898658752,-0.5715473890304565,0.3864094316959381,0.330702543258667,0.5857995748519897,0.15938547253608704,0.999428927898407,0.23400548100471497,0.5774413347244263,-0.15988047420978546,0.9995241761207581,0.32598644495010376,0.7225292921066284,0.26306432485580444,0.9084668755531311,0.2666352391242981,0.7170388698577881,-0.3641310930252075,0.8169583082199097,0.23035019636154175,0.8448368906974792,0.5691460967063904,0.9549092650413513,0.10669032484292984,0.7674096822738647,0.18828167021274567,0.9017615914344788,0.20008239150047302,0.8567098379135132,0.5851872563362122,0.8338273763656616,0.07083336263895035,0.7543900012969971,0.2406490296125412,0.7514734864234924,0.2715087831020355,0.8850740194320679,0.3619127869606018,0.9494842886924744,0.09186525642871857,0.8301416635513306,0.056856103241443634,0.8969614505767822
157,5.233333333333333,0.3622448444366455,0.33713072538375854,-0.6354299783706665,0.9997868537902832,0.37089264392852783,0.3270092010498047,-0.5732843279838562,0.9996331930160522,0.3780118227005005,0.3277363181114197,-0.5739583373069763,0.9995344877243042,0.38564419746398926,0.3284543752670288,-0.5737279057502747,0.9996428489685059,0.345244437456131,0.32565367221832275,-0.6240742802619934,0.9997997879981995,0.33457648754119873,0.3255450129508972,-0.6248000860214233,0.9998250603675842,0.3254808187484741,0.3256142735481262,-0.6252354383468628,0.9998727440834045,0.38269031047821045,0.33330753445625305,-0.19895227253437042,0.9996945858001709,0.30504080653190613,0.33035072684288025,-0.46137169003486633,0.9996955990791321,0.3714035451412201,0.3505672812461853,-0.4992050528526306,0.9993451833724976,0.34147363901138306,0.3505612015724182,-0.5704481601715088,0.9994484186172485,0.39518749713897705,0.4069361686706543,0.07771576941013336,0.9988671541213989,0.216092050075531,0.3954736292362213,-0.4150145947933197,0.9990550875663757,0.31931838393211365,0.4966064393520355,0.15202394127845764,0.46054214239120483,0.09908748418092728,0.46483951807022095,-0.527248740196228,0.44376644492149353,0.27804210782051086,0.5582765340805054,-0.1473127156496048,0.346486896276474,-0.012478194199502468,0.5123778581619263,-0.6534678339958191,0.3726830780506134,0.25911539793014526,0.582755982875824,-0.18856772780418396,0.32742032408714294,-0.03907375782728195,0.5208290815353394,-0.7198085188865662,0.37802255153656006,0.26316800713539124,0.5746670961380005,-0.2394433617591858,0.3351909816265106,-0.05678880959749222,0.520622193813324,-0.7547627687454224,0.39448678493499756,0.2619885802268982,0.5671966671943665,-0.17428059875965118,0.31080058217048645,-0.030855484306812286,0.5195671319961548,-0.6704482436180115,0.3789464831352234,0.32794657349586487,0.5895982384681702,0.18588833510875702,0.9994337558746338,0.23669379949569702,0.583346962928772,-0.1862414926290512,0.9995105266571045,0.3308989703655243,0.7233055830001831,0.34759923815727234,0.9090825915336609,0.3059314489364624,0.7167176008224487,-0.4788549542427063,0.8351348042488098,0.2344490885734558,0.8460176587104797,0.6254189014434814,0.9590409398078918,0.10475710034370422,0.7458600401878357,-0.07347662001848221,0.9113512635231018,0.19992147386074066,0.8613225817680359,0.6368569135665894,0.8495858311653137,0.067415252327919,0.7299057245254517,-0.03104647621512413,0.7746667265892029,0.30249232053756714,0.8899328112602234,0.4474197030067444,0.9541347026824951,0.06610831618309021,0.814375102519989,-0.15288656949996948,0.9069890975952148
158,5.266666666666667,0.36955851316452026,0.33734962344169617,-0.6067922115325928,0.9997899532318115,0.3767991065979004,0.3255636990070343,-0.5520573854446411,0.9996367692947388,0.3840196430683136,0.32591599225997925,-0.5526795983314514,0.9995378851890564,0.39078378677368164,0.32635432481765747,-0.552477240562439,0.9996454119682312,0.3525434136390686,0.3244509696960449,-0.5891987085342407,0.9998036026954651,0.3433442711830139,0.3242647051811218,-0.5899232029914856,0.9998278617858887,0.3324216902256012,0.32419803738594055,-0.5903606414794922,0.9998710751533508,0.38708001375198364,0.33156245946884155,-0.19796767830848694,0.9996986389160156,0.3110223710536957,0.3294118642807007,-0.42177069187164307,0.9996955394744873,0.3774416148662567,0.34987887740135193,-0.48183974623680115,0.9993076920509338,0.3482089042663574,0.350018709897995,-0.5381155014038086,0.999417245388031,0.3926272392272949,0.40535813570022583,0.09109815210103989,0.9988201260566711,0.2283419668674469,0.394064724445343,-0.3759396970272064,0.9990186095237732,0.3227798342704773,0.4901445806026459,0.13828735053539276,0.4160858690738678,0.11001123487949371,0.4641990661621094,-0.47733163833618164,0.4858723282814026,0.27345010638237,0.5534853935241699,-0.1250867396593094,0.31321749091148376,-0.004417519085109234,0.5122721791267395,-0.5974599123001099,0.3669232726097107,0.26014581322669983,0.5735036134719849,-0.1602243334054947,0.2980799376964569,-0.03589138016104698,0.5143086910247803,-0.6606537699699402,0.37308740615844727,0.2642000913619995,0.5662287473678589,-0.20686621963977814,0.3055988848209381,-0.04461125284433365,0.517447829246521,-0.6967884302139282,0.3929515480995178,0.26405805349349976,0.5591270327568054,-0.14909689128398895,0.28327369689941406,-0.021325180307030678,0.5192974805831909,-0.6148781776428223,0.3755388855934143,0.3286738693714142,0.5873527526855469,0.18463195860385895,0.9994583129882812,0.2377680093050003,0.5817024111747742,-0.18494068086147308,0.9995279908180237,0.3334365487098694,0.7192533016204834,0.3259940445423126,0.9052656292915344,0.32630908489227295,0.7095028162002563,-0.6364405155181885,0.8515122532844543,0.23905077576637268,0.8439347147941589,0.613028883934021,0.9625751972198486,0.10737408697605133,0.72884601354599,-0.26000821590423584,0.9199329614639282,0.20269420742988586,0.859898567199707,0.6256118416786194,0.8633719682693481,0.07043665647506714,0.7153091430664062,-0.21955068409442902,0.7951462864875793,0.3160983622074127,0.8885554075241089,0.44089579582214355,0.9581194519996643,0.07639332115650177,0.7992721796035767,-0.347177654504776,0.9159694314002991
159,5.3,0.37296050786972046,0.336061954498291,-0.543847382068634,0.9998077750205994,0.3791952431201935,0.3254390060901642,-0.4722561836242676,0.9996671080589294,0.38700100779533386,0.32517725229263306,-0.4728362560272217,0.9995757341384888,0.39369824528694153,0.3247837424278259,-0.47259581089019775,0.9996739625930786,0.3547784388065338,0.3241446316242218,-0.5331889986991882,0.999820351600647,0.34699758887290955,0.32407253980636597,-0.5338940620422363,0.9998425245285034,0.33605000376701355,0.3236030042171478,-0.5343329310417175,0.9998813271522522,0.39085647463798523,0.3296647369861603,-0.11489111930131912,0.999723494052887,0.31673553586006165,0.3279079496860504,-0.3730565309524536,0.999720573425293,0.3814353048801422,0.3492684066295624,-0.405365914106369,0.9993535280227661,0.35282102227211,0.3483411371707916,-0.49375221133232117,0.999454140663147,0.3869018256664276,0.39998024702072144,0.2110932171344757,0.9988483786582947,0.24888454377651215,0.3878106474876404,-0.36006778478622437,0.9990730285644531,0.327431857585907,0.4835580289363861,0.303411066532135,0.37613654136657715,0.11465614289045334,0.44273847341537476,-0.5242791771888733,0.5341964364051819,0.2862674295902252,0.5521527528762817,0.08217494189739227,0.2835434377193451,0.018469780683517456,0.4869597852230072,-0.6919959187507629,0.40875205397605896,0.27394887804985046,0.5730462670326233,0.06336372345685959,0.2721031904220581,-0.01023066882044077,0.48502570390701294,-0.7723904252052307,0.4111993908882141,0.2770747244358063,0.5682117938995361,0.0032120286487042904,0.2792937755584717,-0.01937027834355831,0.48788657784461975,-0.7943671941757202,0.43180015683174133,0.2773604989051819,0.5599231123924255,0.052720461040735245,0.25901931524276733,0.0006305387360043824,0.4910745620727539,-0.7052780985832214,0.41014888882637024,0.3217320144176483,0.5865038633346558,0.2137504369020462,0.9994993805885315,0.24780309200286865,0.5804494619369507,-0.2140389382839203,0.9995638132095337,0.3322548568248749,0.7133466005325317,0.34852704405784607,0.9073169827461243,0.35179832577705383,0.6898518204689026,-0.6272742748260498,0.8663229942321777,0.23734904825687408,0.8437098264694214,0.6085829138755798,0.9658719301223755,0.1255449503660202,0.7189732789993286,-0.2470032423734665,0.9277321100234985,0.1997700184583664,0.8587771654129028,0.6191450953483582,0.8762068748474121,0.08674901723861694,0.7106608152389526,-0.20540101826190948,0.8143824934959412,0.32292795181274414,0.8797851800918579,0.46106791496276855,0.9618176817893982,0.09986992925405502,0.7889238595962524,-0.300807923078537,0.9241248369216919
160,5.333333333333333,0.37849509716033936,0.32282909750938416,-0.460925430059433,0.9998255372047424,0.3844427764415741,0.31005537509918213,-0.3924593925476074,0.9996969103813171,0.3924201428890228,0.30963456630706787,-0.3930109739303589,0.9996118545532227,0.39886271953582764,0.3093439042568207,-0.39279696345329285,0.9997014403343201,0.36026233434677124,0.3092910647392273,-0.4451443552970886,0.9998372793197632,0.35203155875205994,0.30896782875061035,-0.44591519236564636,0.999857485294342,0.3417108356952667,0.308569997549057,-0.44636234641075134,0.99989253282547,0.3963063657283783,0.3137120008468628,-0.04615027457475662,0.9997454881668091,0.3215346336364746,0.3127378225326538,-0.2911916673183441,0.9997463226318359,0.38687121868133545,0.335559606552124,-0.32671186327934265,0.9994024634361267,0.3580319285392761,0.3346335291862488,-0.40169036388397217,0.9995003342628479,0.38374656438827515,0.3838345408439636,0.2742496132850647,0.9989152550697327,0.25469261407852173,0.3733975291252136,-0.29895827174186707,0.9991629123687744,0.3314560651779175,0.4593755304813385,0.4916803538799286,0.33894702792167664,0.1399848759174347,0.42197418212890625,-0.6099210977554321,0.5794075131416321,0.2911301851272583,0.5345439910888672,0.4512555003166199,0.2555513083934784,0.08337467163801193,0.4441927373409271,-1.0232524871826172,0.4656541049480438,0.2892496883869171,0.5538161993026733,0.4551500976085663,0.24574603140354156,0.059871409088373184,0.4459705352783203,-1.1439707279205322,0.46762239933013916,0.29640719294548035,0.5532773733139038,0.3876354694366455,0.25227513909339905,0.07635176181793213,0.4398239552974701,-1.1478326320648193,0.48643049597740173,0.29411688446998596,0.5433279275894165,0.42465442419052124,0.2340296506881714,0.08982257544994354,0.4394260346889496,-1.0348429679870605,0.46447986364364624,0.31644919514656067,0.56934654712677,0.19847840070724487,0.9995467066764832,0.24971938133239746,0.5626327991485596,-0.19870279729366302,0.9996061325073242,0.3304826021194458,0.6947735548019409,0.2551378011703491,0.8865312933921814,0.3716285228729248,0.662582278251648,-0.7277116775512695,0.8794840574264526,0.23162579536437988,0.836000919342041,0.47932344675064087,0.9667713046073914,0.13607646524906158,0.7179558873176575,-0.5213693976402283,0.9344102144241333,0.19044405221939087,0.8580554723739624,0.4806734323501587,0.8858315348625183,0.09865060448646545,0.7130131721496582,-0.49913790822029114,0.8300938010215759,0.3254927396774292,0.8683933019638062,0.38065335154533386,0.9639366865158081,0.1316460520029068,0.7879433631896973,-0.6370931267738342,0.9313080310821533
161,5.366666666666666,0.38351818919181824,0.30720725655555725,-0.4790011942386627,0.9998357892036438,0.38986727595329285,0.29534995555877686,-0.41170644760131836,0.9997126460075378,0.39799225330352783,0.2954888939857483,-0.4122280478477478,0.9996263980865479,0.4043042063713074,0.29556673765182495,-0.41199299693107605,0.9997129440307617,0.3642287850379944,0.29394781589508057,-0.46310463547706604,0.9998472332954407,0.35527339577674866,0.2936694025993347,-0.4638650119304657,0.9998659491539001,0.3446483910083771,0.2935061454772949,-0.46431732177734375,0.9998979568481445,0.40246880054473877,0.29965823888778687,-0.06473887711763382,0.9997497200965881,0.3240438997745514,0.2979096472263336,-0.29872584342956543,0.9997567534446716,0.3923485577106476,0.31947076320648193,-0.34480413794517517,0.9993776082992554,0.36261993646621704,0.31983092427253723,-0.41659969091415405,0.9994895458221436,0.38272443413734436,0.3669111132621765,0.2592487931251526,0.9988747239112854,0.27413439750671387,0.35504257678985596,-0.3359701931476593,0.999218761920929,0.3290390372276306,0.44823145866394043,0.3613744378089905,0.3054438531398773,0.15884165465831757,0.41336244344711304,-0.6907439827919006,0.6175001263618469,0.2943230867385864,0.500241756439209,0.21132804453372955,0.23036472499370575,0.18986928462982178,0.4034810960292816,-1.0185872316360474,0.49475595355033875,0.2966340184211731,0.5171164274215698,0.196198970079422,0.22215993702411652,0.19370585680007935,0.4025980532169342,-1.129889726638794,0.49191126227378845,0.303963840007782,0.5137690305709839,0.14196063578128815,0.2281154841184616,0.20273397862911224,0.39653000235557556,-1.1085292100906372,0.5092283487319946,0.30143529176712036,0.5061157941818237,0.1891801357269287,0.2115938514471054,0.20254652202129364,0.3974098265171051,-1.0170271396636963,0.47477197647094727,0.31455039978027344,0.5541131496429443,0.20223216712474823,0.9995848536491394,0.25297778844833374,0.5484150052070618,-0.20249336957931519,0.9996408224105835,0.32722458243370056,0.676186203956604,0.23618653416633606,0.8579654693603516,0.3987922966480255,0.6406008005142212,-0.7043212056159973,0.8910818099975586,0.23548410832881927,0.8182487487792969,0.41787227988243103,0.9680069088935852,0.16354472935199738,0.7231746912002563,-0.44289642572402954,0.9401821494102478,0.19706709682941437,0.8443673849105835,0.4178437888622284,0.894091010093689,0.1056404560804367,0.7205524444580078,-0.4147472679615021,0.8427605628967285,0.32664039731025696,0.859105110168457,0.24848414957523346,0.965804934501648,0.18265366554260254,0.7933272123336792,-0.5507488250732422,0.9374710917472839
162,5.4,0.39005714654922485,0.2971336245536804,-0.27042102813720703,0.9998509287834167,0.39676687121391296,0.2855200171470642,-0.21283109486103058,0.999738872051239,0.4052976965904236,0.285830557346344,-0.21328502893447876,0.99965900182724,0.41178855299949646,0.28606554865837097,-0.2130909562110901,0.9997379779815674,0.3703342080116272,0.2841755747795105,-0.2632944583892822,0.9998615384101868,0.3606812357902527,0.28407466411590576,-0.2640517055988312,0.999878466129303,0.35056227445602417,0.28414005041122437,-0.26438936591148376,0.999907374382019,0.40961775183677673,0.2906055748462677,0.07529197633266449,0.9997700452804565,0.3298603296279907,0.2894681394100189,-0.15571460127830505,0.9997779130935669,0.39962828159332275,0.3102208971977234,-0.15772657096385956,0.9994040727615356,0.3694588541984558,0.3113763630390167,-0.2275896668434143,0.9995161890983582,0.38342607021331787,0.35942214727401733,0.3420846462249756,0.9988846778869629,0.2954786419868469,0.34297704696655273,-0.31192272901535034,0.9992894530296326,0.3351600766181946,0.43175166845321655,0.43411514163017273,0.2751590311527252,0.22353146970272064,0.3852003812789917,-0.687568724155426,0.6509543061256409,0.33631792664527893,0.4510929584503174,0.3542909026145935,0.2076389193534851,0.24472573399543762,0.3942818343639374,-1.06199312210083,0.5302820205688477,0.343691349029541,0.45913106203079224,0.3500353991985321,0.20082765817642212,0.2435239553451538,0.39776819944381714,-1.1715015172958374,0.5273239016532898,0.3484536409378052,0.45266199111938477,0.3015093207359314,0.20626235008239746,0.2599702477455139,0.38971176743507385,-1.149627923965454,0.5429425835609436,0.3467120826244354,0.4488513469696045,0.3314495384693146,0.19138024747371674,0.2628234326839447,0.3890884518623352,-1.0633513927459717,0.5022897720336914,0.31490379571914673,0.5418969392776489,0.19357599318027496,0.9996240735054016,0.2606973946094513,0.5351186990737915,-0.19387221336364746,0.9996755123138428,0.3228182792663574,0.6689223051071167,0.11735173314809799,0.8141471147537231,0.4008614420890808,0.6320528984069824,-0.5409852862358093,0.8995458483695984,0.2344331592321396,0.8117644190788269,0.02423323504626751,0.9621964693069458,0.20581914484500885,0.7261218428611755,-0.5059372782707214,0.9443381428718567,0.19894862174987793,0.8341104388237,0.00026186773902736604,0.8966463208198547,0.147088885307312,0.7293673753738403,-0.5078413486480713,0.8524858951568604,0.3191269636154175,0.8529056310653687,-0.1433521956205368,0.9637901782989502,0.22677847743034363,0.7957611680030823,-0.6187718510627747,0.9423099160194397
163,5.433333333333334,0.3987677991390228,0.2924824655056,-0.23345555365085602,0.9998646378517151,0.40454164147377014,0.27991560101509094,-0.1749996691942215,0.9997625946998596,0.412389874458313,0.2800636291503906,-0.1754620373249054,0.9996888637542725,0.4192892611026764,0.28026312589645386,-0.17525367438793182,0.9997606873512268,0.37922266125679016,0.2788800895214081,-0.22691890597343445,0.9998744130134583,0.3693144619464874,0.27879494428634644,-0.22767508029937744,0.9998898506164551,0.35983335971832275,0.2791115641593933,-0.22799763083457947,0.9999158978462219,0.4149382710456848,0.28440362215042114,0.11729347705841064,0.9997885823249817,0.336703360080719,0.28438201546669006,-0.12013043463230133,0.9997974038124084,0.4076278805732727,0.30552154779434204,-0.11825927346944809,0.9994375705718994,0.3776922821998596,0.30622386932373047,-0.18998609483242035,0.9995477795600891,0.38345757126808167,0.35305801033973694,0.40617653727531433,0.9989591836929321,0.3014945387840271,0.3336292803287506,-0.26601141691207886,0.9993588328361511,0.33695322275161743,0.43431419134140015,0.5631424188613892,0.24805070459842682,0.2582123577594757,0.37447983026504517,-0.6250297427177429,0.6852166056632996,0.32438215613365173,0.48392605781555176,0.5245306491851807,0.18744492530822754,0.29648545384407043,0.3904161751270294,-0.9605754613876343,0.5764409899711609,0.32818910479545593,0.4976420998573303,0.5358145236968994,0.1820523887872696,0.3196905255317688,0.39580339193344116,-1.065946102142334,0.5734293460845947,0.33660590648651123,0.49115705490112305,0.4829756021499634,0.18700069189071655,0.33639538288116455,0.38430842757225037,-1.0370850563049316,0.5874408483505249,0.3395705819129944,0.4866427481174469,0.5038979649543762,0.17356054484844208,0.33117544651031494,0.38337522745132446,-0.9555210471153259,0.5492153167724609,0.3147072494029999,0.5330401659011841,0.20956286787986755,0.9996564388275146,0.27066269516944885,0.5279704928398132,-0.2099737823009491,0.9997057914733887,0.3206251263618469,0.6600192785263062,0.13623131811618805,0.7655991315841675,0.4186517000198364,0.623259425163269,-0.5124151706695557,0.9075098633766174,0.2283942699432373,0.793806254863739,0.026695044711232185,0.9518670439720154,0.23745857179164886,0.7338294982910156,-0.6017788648605347,0.9481807351112366,0.18630167841911316,0.8173233270645142,0.0006179759511724114,0.8975016474723816,0.1909828782081604,0.7342901229858398,-0.6130044460296631,0.8616147637367249,0.30912384390830994,0.8229586482048035,-0.1422155201435089,0.9601982831954956,0.2742912769317627,0.7980172038078308,-0.7486494183540344,0.9467611312866211
164,5.466666666666667,0.4085861146450043,0.2909258008003235,-0.19513370096683502,0.9998770356178284,0.41498181223869324,0.27673229575157166,-0.13797304034233093,0.9997847676277161,0.4223845899105072,0.276277631521225,-0.13844536244869232,0.9997173547744751,0.4286186695098877,0.2761431932449341,-0.1382564902305603,0.9997824430465698,0.3900771141052246,0.27725934982299805,-0.19188307225704193,0.999886155128479,0.3794567584991455,0.277423620223999,-0.19263848662376404,0.999900221824646,0.3689221739768982,0.2777021527290344,-0.19294342398643494,0.9999236464500427,0.42335623502731323,0.2805006206035614,0.1477866768836975,0.9998072385787964,0.346564382314682,0.28242743015289307,-0.09705790132284164,0.9998152256011963,0.4176599681377411,0.3029465079307556,-0.08110875636339188,0.9994702339172363,0.38914230465888977,0.3034188151359558,-0.15516045689582825,0.9995739459991455,0.38795942068099976,0.3508906960487366,0.4297553300857544,0.999030351638794,0.3069961667060852,0.332191526889801,-0.23872198164463043,0.9994204044342041,0.34102728962898254,0.429645836353302,0.5605173110961914,0.22388415038585663,0.30275610089302063,0.3782731890678406,-0.6140504479408264,0.7157757878303528,0.33391889929771423,0.4939376413822174,0.485342800617218,0.16938933730125427,0.38052767515182495,0.394891619682312,-0.9090178608894348,0.6163570880889893,0.33498531579971313,0.510068953037262,0.4943341016769409,0.16524919867515564,0.4061275124549866,0.40039482712745667,-1.007882833480835,0.6126231551170349,0.34363439679145813,0.5040416121482849,0.44050249457359314,0.16977143287658691,0.4114829897880554,0.3894186019897461,-0.9748161435127258,0.6249650716781616,0.3453497886657715,0.4985954761505127,0.4629538655281067,0.15765811502933502,0.4052252471446991,0.38852378726005554,-0.9014807939529419,0.5864073038101196,0.3158712685108185,0.5281457304954529,0.216785728931427,0.9996873140335083,0.2796028256416321,0.5244730710983276,-0.21711726486682892,0.9997337460517883,0.31965774297714233,0.6596811413764954,0.1298055797815323,0.7373326420783997,0.42441174387931824,0.6202796101570129,-0.5275417566299438,0.915882408618927,0.22223764657974243,0.7928397059440613,0.05556010082364082,0.9350175261497498,0.26581984758377075,0.7572299242019653,-0.7562935948371887,0.9524787068367004,0.1794310063123703,0.8169601559638977,0.036460015922784805,0.8957583904266357,0.22303542494773865,0.7769502997398376,-0.7815006971359253,0.8722298741340637,0.308459609746933,0.8227988481521606,-0.08618050813674927,0.9517524242401123,0.3509026765823364,0.8069634437561035,-0.9521847367286682,0.9511972069740295
165,5.5,0.41704919934272766,0.2928449511528015,-0.3153426945209503,0.9998891949653625,0.42206138372421265,0.27947571873664856,-0.2570273280143738,0.9998061060905457,0.4307861030101776,0.27916663885116577,-0.257538765668869,0.99974524974823,0.4371526837348938,0.2790558934211731,-0.25734207034111023,0.9998038411140442,0.39653876423835754,0.27972015738487244,-0.26645633578300476,0.9998974204063416,0.38742780685424805,0.27986687421798706,-0.26728472113609314,0.9999101161956787,0.37673118710517883,0.28004190325737,-0.26777198910713196,0.9999312162399292,0.4320524334907532,0.28352996706962585,0.04098816588521004,0.9998261332511902,0.35574132204055786,0.28486257791519165,-0.24832579493522644,0.9998334646224976,0.4262237846851349,0.30495163798332214,-0.1989460587501526,0.9995180368423462,0.39918607473373413,0.30558696389198303,-0.22230930626392365,0.9996131658554077,0.39038828015327454,0.34927940368652344,0.3493272066116333,0.9990812540054321,0.32340675592422485,0.3373418152332306,-0.39773911237716675,0.9994764924049377,0.34222012758255005,0.41740408539772034,0.6137493848800659,0.20268814265727997,0.3409997224807739,0.380526065826416,-0.8659530878067017,0.7440767288208008,0.34303802251815796,0.4930024743080139,0.7108175158500671,0.15436534583568573,0.4442846179008484,0.40715980529785156,-1.2383826971054077,0.6545988917350769,0.34569621086120605,0.5109239816665649,0.7500154972076416,0.1527373343706131,0.47240909934043884,0.4063498377799988,-1.3634545803070068,0.6511359214782715,0.35309532284736633,0.5015197992324829,0.6843328475952148,0.15710358321666718,0.4755682647228241,0.39811959862709045,-1.319828748703003,0.6622297167778015,0.3524748682975769,0.49434900283813477,0.6891598701477051,0.14613811671733856,0.46732574701309204,0.39908307790756226,-1.2294803857803345,0.6271668076515198,0.3079761862754822,0.5326336622238159,0.2390524297952652,0.9997114539146423,0.299121618270874,0.5317763090133667,-0.23936763405799866,0.9997578859329224,0.29971715807914734,0.6648984551429749,0.29048454761505127,0.7400047779083252,0.4292569160461426,0.6306555271148682,-0.3564549386501312,0.9238651394844055,0.21176277101039886,0.7968443632125854,0.29061004519462585,0.9368844628334045,0.31824791431427,0.7713750600814819,-0.47442367672920227,0.956870973110199,0.17597126960754395,0.8180214166641235,0.276008665561676,0.903436541557312,0.2702597677707672,0.7903901934623718,-0.45175623893737793,0.8838198184967041,0.2995855212211609,0.826545238494873,0.1966133564710617,0.9537070393562317,0.40488627552986145,0.8225146532058716,-0.6171707510948181,0.9556114077568054
166,5.533333333333333,0.42690417170524597,0.2960875332355499,-0.3499238193035126,0.9998998045921326,0.4311232566833496,0.28277552127838135,-0.293442040681839,0.9998249411582947,0.43895262479782104,0.282593697309494,-0.293960303068161,0.9997698068618774,0.44542741775512695,0.28253239393234253,-0.29375582933425903,0.9998225569725037,0.40583691000938416,0.28255876898765564,-0.31958913803100586,0.999907374382019,0.39687076210975647,0.28253433108329773,-0.3204212188720703,0.9999188780784607,0.38683000206947327,0.282609224319458,-0.3209426999092102,0.999937891960144,0.44291141629219055,0.2871110737323761,0.014926943928003311,0.9998424649238586,0.366130530834198,0.28771311044692993,-0.26445236802101135,0.9998494386672974,0.4353416860103607,0.3083553910255432,-0.23109103739261627,0.9995511770248413,0.4119533598423004,0.3088327944278717,-0.27695661783218384,0.9996414184570312,0.39031097292900085,0.35199078917503357,0.3179475963115692,0.9990555644035339,0.34036457538604736,0.3417125642299652,-0.3693188428878784,0.9995244145393372,0.3426019251346588,0.4228789210319519,0.534126877784729,0.18291448056697845,0.363058865070343,0.3852255940437317,-0.7744007706642151,0.7688303589820862,0.3609493672847748,0.4951542317867279,0.5519596338272095,0.1400558203458786,0.496927946805954,0.41675591468811035,-1.102559208869934,0.6886709928512573,0.36808502674102783,0.5126210451126099,0.5706048607826233,0.1405150294303894,0.524178683757782,0.418107271194458,-1.2212353944778442,0.6854310631752014,0.37913772463798523,0.5067176222801208,0.5031596422195435,0.14471213519573212,0.5282993912696838,0.4116112291812897,-1.1773015260696411,0.6953607201576233,0.3771704435348511,0.4995386600494385,0.525962233543396,0.1346786767244339,0.5202664136886597,0.4120529294013977,-1.092768907546997,0.6629589200019836,0.30791404843330383,0.5366137027740479,0.2201424241065979,0.9997137188911438,0.31150031089782715,0.5359729528427124,-0.22049963474273682,0.9997725486755371,0.28976261615753174,0.6698518395423889,0.24187685549259186,0.71737140417099,0.4077257812023163,0.6500171422958374,-0.19409577548503876,0.9267352223396301,0.20561710000038147,0.797332227230072,0.22520025074481964,0.9228441119194031,0.3595474362373352,0.7933640480041504,-0.15821802616119385,0.958588719367981,0.17185808718204498,0.8185593485832214,0.21260543167591095,0.9003992676734924,0.3018888831138611,0.8181770443916321,-0.15732520818710327,0.8907565474510193,0.28407832980155945,0.8284710645675659,0.1173885315656662,0.9449915885925293,0.45852187275886536,0.8275968432426453,-0.2961229681968689,0.9564377665519714
167,5.566666666666666,0.4361473619937897,0.30348244309425354,-0.3618004620075226,0.9999097585678101,0.44105687737464905,0.2897069752216339,-0.3059198260307312,0.9998424053192139,0.44773101806640625,0.28924161195755005,-0.3064320981502533,0.999792754650116,0.45409566164016724,0.28918129205703735,-0.3062233626842499,0.999840259552002,0.41801655292510986,0.2899504005908966,-0.3410608470439911,0.9999166131019592,0.40828269720077515,0.28973278403282166,-0.3418620526790619,0.9999269843101501,0.3984874188899994,0.2894824147224426,-0.34235647320747375,0.9999440908432007,0.45004957914352417,0.2943621873855591,-0.0024996688589453697,0.9998581409454346,0.3757869601249695,0.29383140802383423,-0.2649410367012024,0.9998644590377808,0.4436354339122772,0.314431369304657,-0.24089550971984863,0.9995945692062378,0.4194333851337433,0.314685195684433,-0.298688143491745,0.999675989151001,0.39019694924354553,0.35364052653312683,0.3234601616859436,0.9991001486778259,0.35403159260749817,0.34276485443115234,-0.3483400046825409,0.9995685815811157,0.3422553837299347,0.42812615633010864,0.6201804876327515,0.16610121726989746,0.3896542489528656,0.3899824023246765,-0.7097019553184509,0.7916622757911682,0.3696272075176239,0.49625658988952637,0.7457883954048157,0.130438432097435,0.5339997410774231,0.43806132674217224,-0.9849293231964111,0.7195155024528503,0.37691789865493774,0.5122254490852356,0.7829441428184509,0.13507850468158722,0.5689529180526733,0.4385896623134613,-1.0905839204788208,0.7164438962936401,0.3909786343574524,0.509238064289093,0.7133588194847107,0.13930293917655945,0.5761710405349731,0.43278151750564575,-1.0508891344070435,0.7253357172012329,0.3890812397003174,0.5022436380386353,0.7222664952278137,0.1294698715209961,0.5648266673088074,0.433682382106781,-0.9747003316879272,0.6955747008323669,0.3089638352394104,0.5375543832778931,0.2099991738796234,0.9997128248214722,0.3220663070678711,0.5442500710487366,-0.2104291021823883,0.9997807741165161,0.2789546549320221,0.6722303628921509,0.14757663011550903,0.7327316403388977,0.4170258939266205,0.6642045974731445,-0.11741979420185089,0.9312732219696045,0.1932390034198761,0.8099176287651062,0.01205679215490818,0.9250789880752563,0.4123738706111908,0.8058965802192688,-0.02090778946876526,0.9608368277549744,0.14676865935325623,0.8356708288192749,-0.010238975286483765,0.9064576029777527,0.37286126613616943,0.8286157846450806,-0.01290107797831297,0.8994833827018738,0.24102984368801117,0.8287073373794556,-0.11144642531871796,0.9462196826934814,0.522014856338501,0.8353349566459656,-0.09280048310756683,0.9580939412117004
168,5.6,0.4483557343482971,0.31574368476867676,-0.35588064789772034,0.9999187588691711,0.4532826244831085,0.30258139967918396,-0.29713281989097595,0.9998581409454346,0.4603981077671051,0.3023022711277008,-0.29762566089630127,0.999813437461853,0.466497540473938,0.30232518911361694,-0.2973915934562683,0.9998562335968018,0.4299767315387726,0.3031069338321686,-0.3504185974597931,0.9999249577522278,0.42080700397491455,0.30310043692588806,-0.3511854112148285,0.9999343156814575,0.41021817922592163,0.3028110861778259,-0.35158273577690125,0.9999496936798096,0.46031346917152405,0.3066146969795227,0.010929509997367859,0.9998723268508911,0.3872931897640228,0.30629828572273254,-0.26554185152053833,0.9998779892921448,0.4561419188976288,0.32675856351852417,-0.22965238988399506,0.9996346831321716,0.43293851613998413,0.3277486264705658,-0.30617284774780273,0.9997080564498901,0.38206854462623596,0.3688974380493164,0.3616253435611725,0.999148964881897,0.3673860728740692,0.359280526638031,-0.36424025893211365,0.999610185623169,0.3031032681465149,0.4390491545200348,0.6758190989494324,0.15111395716667175,0.4321597218513489,0.4201100766658783,-0.7071447372436523,0.8124387264251709,0.36418816447257996,0.5105009078979492,0.7920198440551758,0.12169015407562256,0.5790349245071411,0.47084203362464905,-0.9465463161468506,0.7475003600120544,0.3648148775100708,0.5264267921447754,0.828256368637085,0.12972579896450043,0.618175745010376,0.47120100259780884,-1.0532846450805664,0.7446749210357666,0.37436312437057495,0.5202873945236206,0.7571011185646057,0.13383515179157257,0.6248533725738525,0.46641048789024353,-1.0118986368179321,0.75266432762146,0.373157799243927,0.5222076177597046,0.7673460245132446,0.12425251305103302,0.6131680011749268,0.4682918190956116,-0.9347281455993652,0.725674033164978,0.30949437618255615,0.5555761456489563,0.2164786458015442,0.9997270703315735,0.3346909284591675,0.5609747171401978,-0.21697385609149933,0.9997973442077637,0.27066269516944885,0.6932412385940552,0.15886636078357697,0.7531446218490601,0.43732351064682007,0.686160147190094,-0.1115909069776535,0.9371297955513,0.18022237718105316,0.8269427418708801,0.1096106544137001,0.9279882311820984,0.46221232414245605,0.8267847299575806,0.04238038510084152,0.9636617302894592,0.13385862112045288,0.8488903045654297,0.09650823473930359,0.9127939343452454,0.4305587410926819,0.8492113351821899,0.05785698443651199,0.9082683324813843,0.22803325951099396,0.8590623736381531,0.0005420058150775731,0.9477538466453552,0.5556948781013489,0.8412097692489624,-0.012382098473608494,0.9605026245117188
169,5.633333333333334,0.4686035215854645,0.3273265063762665,-0.35712161660194397,0.999923825263977,0.470499724149704,0.3147459030151367,-0.3012891113758087,0.9998682141304016,0.4756361246109009,0.3147846758365631,-0.30183422565460205,0.9998250603675842,0.47968000173568726,0.3147459626197815,-0.30160820484161377,0.9998641610145569,0.44851893186569214,0.31359347701072693,-0.35623884201049805,0.9999303221702576,0.4384954571723938,0.3134303092956543,-0.3569977283477783,0.9999391436576843,0.42874523997306824,0.31354498863220215,-0.3573809266090393,0.9999533295631409,0.46703821420669556,0.31818869709968567,-0.0002094652154482901,0.9998717904090881,0.4013289213180542,0.3184465765953064,-0.2955996096134186,0.9998846054077148,0.4705069661140442,0.3397529721260071,-0.2368006557226181,0.9995365142822266,0.44828829169273376,0.3404538631439209,-0.3071339428424835,0.999666154384613,0.3785356283187866,0.38885176181793213,0.32384127378463745,0.9989883899688721,0.38404878973960876,0.37564554810523987,-0.40304362773895264,0.9996414184570312,0.2937767505645752,0.45238012075424194,0.608310878276825,0.13623113930225372,0.47700339555740356,0.44603458046913147,-0.6677085757255554,0.8305543661117554,0.3360674977302551,0.5155015587806702,0.7410843968391418,0.11002878099679947,0.6211629509925842,0.5011135935783386,-0.7692009210586548,0.7714664936065674,0.3333071172237396,0.528005838394165,0.782936155796051,0.1177440732717514,0.6574833393096924,0.5038041472434998,-0.8662497401237488,0.7679043412208557,0.35257065296173096,0.526872456073761,0.7127994894981384,0.1214752048254013,0.6646252274513245,0.49962568283081055,-0.8187825679779053,0.7749946713447571,0.3571453094482422,0.5249384045600891,0.718718945980072,0.11277284473180771,0.6548235416412354,0.5005927085876465,-0.7533077597618103,0.747494101524353,0.3301432728767395,0.5726467967033386,0.21498319506645203,0.9996827244758606,0.33534660935401917,0.5760052800178528,-0.21542538702487946,0.9997979998588562,0.393735408782959,0.696540355682373,0.3646801710128784,0.6819211840629578,0.31801697611808777,0.700133204460144,-0.08528249710798264,0.9038618803024292,0.3751094937324524,0.825346827507019,0.5717023015022278,0.8480278849601746,0.2666580379009247,0.8318631052970886,0.0680328980088234,0.9435678124427795,0.35620418190956116,0.8471056818962097,0.5839886665344238,0.8478369116783142,0.16221830248832703,0.8480299711227417,0.08033005893230438,0.8802387118339539,0.43822717666625977,0.8553553819656372,0.5125752091407776,0.8755480051040649,0.3547488749027252,0.8622938990592957,-0.0392175056040287,0.933754563331604
170,5.666666666666667,0.4809475839138031,0.3355143964290619,-0.3406054973602295,0.9999314546585083,0.4841289520263672,0.3228641748428345,-0.28420618176460266,0.999881386756897,0.49037620425224304,0.32309645414352417,-0.2846813499927521,0.9998425841331482,0.49575644731521606,0.3233269155025482,-0.2844277620315552,0.9998777508735657,0.4611077904701233,0.32164403796195984,-0.3446492552757263,0.9999372959136963,0.45088207721710205,0.32134145498275757,-0.3453971743583679,0.9999452233314514,0.44161227345466614,0.32140135765075684,-0.3456750512123108,0.9999579787254333,0.47843238711357117,0.3278765082359314,0.007793804164975882,0.9998846054077148,0.4142630696296692,0.3272988498210907,-0.28738245368003845,0.9998961687088013,0.4842478334903717,0.34851107001304626,-0.2197781503200531,0.9995827674865723,0.4624967873096466,0.3488766551017761,-0.3010720908641815,0.9996994733810425,0.37895262241363525,0.3948955237865448,0.331617146730423,0.9990738034248352,0.4032059907913208,0.3893279433250427,-0.36840030550956726,0.9996768832206726,0.2970113754272461,0.4526352882385254,0.61968994140625,0.12567633390426636,0.5110889673233032,0.4634561538696289,-0.5610742568969727,0.8474826812744141,0.32440072298049927,0.5156420469284058,0.7180801630020142,0.1058378592133522,0.6506566405296326,0.5271510481834412,-0.6213705539703369,0.7943024039268494,0.3274567127227783,0.5284135341644287,0.7498873472213745,0.11797305941581726,0.6860772967338562,0.536178708076477,-0.7055788040161133,0.7910751700401306,0.34005576372146606,0.5271610021591187,0.6880170106887817,0.12124758958816528,0.6951890587806702,0.5323586463928223,-0.6687907576560974,0.7974523901939392,0.3469240069389343,0.525438666343689,0.6979065537452698,0.11169776320457458,0.684555172920227,0.5317128300666809,-0.6062414050102234,0.7726355791091919,0.3313346207141876,0.5797182321548462,0.21148118376731873,0.9997081756591797,0.360888808965683,0.5835728049278259,-0.21184515953063965,0.9998165369033813,0.3425145745277405,0.7056826949119568,0.31975117325782776,0.7070790529251099,0.45478740334510803,0.7095223665237427,-0.054630957543849945,0.9129880666732788,0.2152509242296219,0.8269512057304382,0.2525331377983093,0.8586464524269104,0.496628075838089,0.8440678715705872,0.07632242143154144,0.948888897895813,0.17411722242832184,0.8475109934806824,0.24806255102157593,0.8606318831443787,0.4650515615940094,0.8681203126907349,0.08956010639667511,0.8918975591659546,0.28602224588394165,0.8550555109977722,0.3016608655452728,0.884453296661377,0.5976951718330383,0.8528252840042114,0.021646426990628242,0.9396886825561523
171,5.7,0.4932842552661896,0.34166377782821655,-0.3298031687736511,0.9999383091926575,0.49890249967575073,0.3267103135585785,-0.27737563848495483,0.9998932480812073,0.5052828788757324,0.32666993141174316,-0.27783021330833435,0.9998583197593689,0.5098270773887634,0.32668864727020264,-0.2776050269603729,0.9998899698257446,0.47635582089424133,0.3259586691856384,-0.3324771821498871,0.9999435544013977,0.4649244546890259,0.3256222605705261,-0.33318617939949036,0.9999507069587708,0.45386260747909546,0.3255375027656555,-0.3334188461303711,0.9999622106552124,0.4928338825702667,0.3324897289276123,0.0015090034576132894,0.9998961091041565,0.42456066608428955,0.33172520995140076,-0.2661185562610626,0.9999065399169922,0.4979189932346344,0.354425847530365,-0.21531690657138824,0.9996243715286255,0.4758076071739197,0.3544061779975891,-0.29124078154563904,0.9997294545173645,0.38197872042655945,0.39659103751182556,0.30530479550361633,0.9991506934165955,0.4178465008735657,0.3954325318336487,-0.32582807540893555,0.9997084140777588,0.3008004426956177,0.4519323706626892,0.6157640814781189,0.11716730892658234,0.5347982048988342,0.47660550475120544,-0.46043282747268677,0.8626892566680908,0.31600135564804077,0.5148012042045593,0.6467599868774414,0.1038212776184082,0.6679813265800476,0.5438798666000366,-0.48402464389801025,0.8148190975189209,0.31994906067848206,0.5270786285400391,0.6723780632019043,0.12056143581867218,0.7076878547668457,0.5526009798049927,-0.553861141204834,0.8118616342544556,0.32843607664108276,0.5266274809837341,0.616019606590271,0.12323543429374695,0.7131761908531189,0.547960638999939,-0.5232429504394531,0.8175898790359497,0.3337048888206482,0.5246702432632446,0.6281909346580505,0.11202265322208405,0.7005398869514465,0.547598659992218,-0.4701255261898041,0.7950925230979919,0.34476131200790405,0.5840944051742554,0.1905958354473114,0.9997304677963257,0.3846699893474579,0.5880654454231262,-0.19127821922302246,0.9998326301574707,0.3356766104698181,0.7097244262695312,0.2248726338148117,0.7279710173606873,0.48649027943611145,0.7101434469223022,-0.0758734941482544,0.9208864569664001,0.18931569159030914,0.8298753499984741,0.1604968011379242,0.8679051399230957,0.5265801548957825,0.8472568392753601,0.016621271148324013,0.9536095857620239,0.14898091554641724,0.8482803106307983,0.15212221443653107,0.8715140223503113,0.49947389960289,0.872465968132019,0.026437250897288322,0.9022883176803589,0.25437963008880615,0.8570355176925659,0.1171674057841301,0.8922896981239319,0.6236976385116577,0.8567478060722351,-0.0415608286857605,0.9449383020401001
172,5.733333333333333,0.5057408809661865,0.34173017740249634,-0.35380950570106506,0.9999445080757141,0.5103304386138916,0.32767340540885925,-0.30102548003196716,0.9999039173126221,0.516883909702301,0.3276109993457794,-0.30144980549812317,0.9998725056648254,0.5217796564102173,0.32758402824401855,-0.30119872093200684,0.9999009966850281,0.48643460869789124,0.3269405961036682,-0.3633335828781128,0.9999492168426514,0.47475284337997437,0.32642418146133423,-0.36399105191230774,0.9999556541442871,0.46330079436302185,0.32630765438079834,-0.36414119601249695,0.9999659657478333,0.5072560906410217,0.3334789574146271,-0.025397000834345818,0.9999064803123474,0.43560731410980225,0.3333640992641449,-0.3036651313304901,0.9999158978462219,0.5106543302536011,0.35622933506965637,-0.23835381865501404,0.999661922454834,0.4881937801837921,0.3552681803703308,-0.32332277297973633,0.9997565150260925,0.39228951930999756,0.3999682664871216,0.29084041714668274,0.999229371547699,0.42929431796073914,0.39991122484207153,-0.37944379448890686,0.9997372627258301,0.3034437298774719,0.45821109414100647,0.582116961479187,0.1106446236371994,0.5492992997169495,0.48300647735595703,-0.5260368585586548,0.8763970136642456,0.32881322503089905,0.5209689140319824,0.650589108467102,0.10623885691165924,0.675510048866272,0.5458996891975403,-0.5376604795455933,0.8333039879798889,0.3383731544017792,0.5325433015823364,0.6811487078666687,0.1294732540845871,0.7150932550430298,0.5545946359634399,-0.6076764464378357,0.8306026458740234,0.3450862467288971,0.5306907296180725,0.6269803643226624,0.13142302632331848,0.7197189927101135,0.550296425819397,-0.5714671015739441,0.8357486128807068,0.34494563937187195,0.5272115468978882,0.6332871913909912,0.11923215538263321,0.7075835466384888,0.5496383309364319,-0.5210252404212952,0.8154026865959167,0.37157493829727173,0.5886353850364685,0.2005337029695511,0.999751091003418,0.412693053483963,0.5915583968162537,-0.20123451948165894,0.9998475313186646,0.36831924319267273,0.7111399173736572,0.32955706119537354,0.7505057454109192,0.5141561031341553,0.7074299454689026,0.026959113776683807,0.9284511208534241,0.18987725675106049,0.8250176310539246,0.36806750297546387,0.8783494830131531,0.5271112322807312,0.8496404886245728,0.18313884735107422,0.9580615162849426,0.1586456447839737,0.8395247459411621,0.36863529682159424,0.8828366994857788,0.49117276072502136,0.8777655363082886,0.19971023499965668,0.9118151664733887,0.26415929198265076,0.8533620834350586,0.34707438945770264,0.9007488489151001,0.6370146870613098,0.861425518989563,0.15782062709331512,0.9500053524971008
173,5.766666666666667,0.5121792554855347,0.34255459904670715,-0.37013447284698486,0.9999500513076782,0.5185976028442383,0.32932329177856445,-0.31523823738098145,0.9999135136604309,0.5253815054893494,0.3293938934803009,-0.3156577944755554,0.9998852610588074,0.5316314697265625,0.32950884103775024,-0.3154398500919342,0.9999108910560608,0.4918936491012573,0.32849782705307007,-0.37823036313056946,0.9999542832374573,0.48071080446243286,0.32814154028892517,-0.3789105713367462,0.9999600648880005,0.46975213289260864,0.3281802833080292,-0.37907862663269043,0.9999693632125854,0.5185354351997375,0.33507513999938965,-0.03149571269750595,0.9999158382415771,0.4436013102531433,0.33489423990249634,-0.3093845248222351,0.9999243021011353,0.5189168453216553,0.3571072220802307,-0.2523029148578644,0.9996956586837769,0.4948394000530243,0.35658571124076843,-0.33811336755752563,0.9997808337211609,0.40589988231658936,0.40212950110435486,0.28484293818473816,0.9992944002151489,0.437410831451416,0.40313664078712463,-0.38588079810142517,0.9997626543045044,0.31714388728141785,0.45947885513305664,0.5695274472236633,0.10509227961301804,0.5498342514038086,0.4835975766181946,-0.5233598947525024,0.8886550664901733,0.34390532970428467,0.5211179256439209,0.6496016383171082,0.10744982212781906,0.680454671382904,0.5361663103103638,-0.4904616177082062,0.8498109579086304,0.3508954644203186,0.532838761806488,0.6821300387382507,0.13571473956108093,0.7141708135604858,0.5452293753623962,-0.5502369403839111,0.84723299741745,0.3624435365200043,0.531877875328064,0.6272441148757935,0.13711035251617432,0.717632532119751,0.5410547256469727,-0.5227205753326416,0.8518406748771667,0.35963693261146545,0.5283470749855042,0.6319833397865295,0.12458495795726776,0.7070196270942688,0.5395729541778564,-0.47625699639320374,0.8332188725471497,0.39321377873420715,0.5889867544174194,0.21215994656085968,0.9997720122337341,0.41339683532714844,0.5905977487564087,-0.2127704620361328,0.9998614192008972,0.4466334581375122,0.7103031873703003,0.2833983898162842,0.7718076705932617,0.5362919569015503,0.7041176557540894,-0.13796885311603546,0.9353917837142944,0.25945183634757996,0.8043643236160278,0.3370339572429657,0.8861215114593506,0.5383406281471252,0.8480841517448425,-0.08522896468639374,0.9621049761772156,0.21548376977443695,0.8061047792434692,0.3251239061355591,0.8910247087478638,0.5025832056999207,0.8733565211296082,-0.07335671037435532,0.9202478528022766,0.2781684100627899,0.8539589047431946,0.2693781554698944,0.9070232510566711,0.6480849385261536,0.8678380846977234,-0.09644270688295364,0.9546941518783569
174,5.8,0.518532395362854,0.3438224792480469,-0.3734785318374634,0.9999550580978394,0.5244570374488831,0.33089807629585266,-0.32173633575439453,0.9999221563339233,0.5313762426376343,0.33083757758140564,-0.3221796751022339,0.999896764755249,0.5372453331947327,0.33076006174087524,-0.321987509727478,0.9999198317527771,0.49690407514572144,0.3306477963924408,-0.38187769055366516,0.999958872795105,0.4858715534210205,0.330645889043808,-0.3825450539588928,0.9999640583992004,0.47516492009162903,0.33099135756492615,-0.38271570205688477,0.999972403049469,0.5235847234725952,0.3366594910621643,-0.04804996773600578,0.9999242424964905,0.44941529631614685,0.3369520306587219,-0.3137737810611725,0.9999318718910217,0.525610625743866,0.35793882608413696,-0.2590961754322052,0.999725878238678,0.5018450617790222,0.35813647508621216,-0.3411441445350647,0.9998025894165039,0.41816848516464233,0.4025340974330902,0.2575896680355072,0.9993523359298706,0.44657188653945923,0.40762361884117126,-0.38696929812431335,0.9997851252555847,0.3420381247997284,0.4661823809146881,0.568143904209137,0.0968746691942215,0.5586181879043579,0.48364996910095215,-0.5218244194984436,0.8992652297019958,0.37644749879837036,0.5222699046134949,0.6722950339317322,0.1004079207777977,0.6819185614585876,0.5217975378036499,-0.48501187562942505,0.8639013767242432,0.3852235972881317,0.5338578820228577,0.7101159691810608,0.1290537416934967,0.7107035517692566,0.5282573103904724,-0.5405214428901672,0.8611260056495667,0.4000717103481293,0.5332304239273071,0.6567361354827881,0.13018886744976044,0.7120453715324402,0.523712694644928,-0.5139721035957336,0.8652231693267822,0.3967747986316681,0.5305706262588501,0.6559438705444336,0.11874566972255707,0.7036354541778564,0.5229694247245789,-0.4720306098461151,0.8474209308624268,0.4082585573196411,0.5911683440208435,0.21504944562911987,0.999791145324707,0.4355590343475342,0.5943616628646851,-0.215552419424057,0.9998739361763,0.508711576461792,0.7079818248748779,0.2771051824092865,0.7844758629798889,0.5702130794525146,0.7005729079246521,-0.24674876034259796,0.9413914680480957,0.3264746069908142,0.7871397137641907,0.31578329205513,0.8839513659477234,0.5405047535896301,0.8435066342353821,-0.21145926415920258,0.9655739665031433,0.28004518151283264,0.7867904305458069,0.31423404812812805,0.8925691246986389,0.4959373474121094,0.8665156364440918,-0.20094920694828033,0.9273539185523987,0.3469342887401581,0.850504994392395,0.3125886023044586,0.906488835811615,0.6506455540657043,0.8672444224357605,-0.2303532510995865,0.958727240562439
175,5.833333333333333,0.521135687828064,0.3440374732017517,-0.3903852105140686,0.9999595284461975,0.5279861688613892,0.3317170739173889,-0.3410530388355255,0.9999299645423889,0.5360382199287415,0.33178848028182983,-0.34154510498046875,0.9999070763587952,0.5415095686912537,0.3317226767539978,-0.3413311243057251,0.9999278783798218,0.49984821677207947,0.3316880762577057,-0.39607250690460205,0.9999629855155945,0.4893433451652527,0.33180364966392517,-0.39670252799987793,0.999967634677887,0.4791508615016937,0.3322189152240753,-0.3968355357646942,0.9999751448631287,0.5307106971740723,0.33793240785598755,-0.07084652781486511,0.999931812286377,0.45453912019729614,0.33807605504989624,-0.3180796802043915,0.9999386668205261,0.530165433883667,0.358004629611969,-0.27797508239746094,0.9997529983520508,0.5033872127532959,0.35787391662597656,-0.3535681664943695,0.9998221397399902,0.4390008747577667,0.40242815017700195,0.22776715457439423,0.9994003176689148,0.4497116804122925,0.40770387649536133,-0.38359713554382324,0.9998050928115845,0.3847990334033966,0.4811229705810547,0.44069990515708923,0.08831297606229782,0.556584358215332,0.48017773032188416,-0.5324442386627197,0.9086012244224548,0.43048885464668274,0.5364008545875549,0.47186601161956787,0.09156060963869095,0.6833919286727905,0.505290150642395,-0.5165238976478577,0.8758885860443115,0.4411582946777344,0.5516846776008606,0.49349766969680786,0.11878938227891922,0.7132719159126282,0.5038889646530151,-0.5759179592132568,0.8726425170898438,0.4540118873119354,0.5508322715759277,0.4456702768802643,0.11971638351678848,0.7137587666511536,0.4972144663333893,-0.5447774529457092,0.8761293888092041,0.44756028056144714,0.5539327263832092,0.454486221075058,0.10945196449756622,0.7051541805267334,0.49815964698791504,-0.5032832026481628,0.8583956956863403,0.43627506494522095,0.5937658548355103,0.2132151871919632,0.9998094439506531,0.4534933865070343,0.5968413352966309,-0.21370773017406464,0.9998857378959656,0.5423121452331543,0.7040643692016602,0.38273757696151733,0.7878573536872864,0.5868278741836548,0.6989725828170776,-0.22245636582374573,0.9469262957572937,0.3912770450115204,0.7798302173614502,0.533470869064331,0.8744228482246399,0.5436896085739136,0.8434656858444214,-0.17334690690040588,0.9687872529029846,0.34545424580574036,0.7820334434509277,0.5465503931045532,0.8902890086174011,0.4998112916946411,0.8665180206298828,-0.16424624621868134,0.9338726997375488,0.4249870777130127,0.8395859003067017,0.5769218802452087,0.9008150696754456,0.6504712700843811,0.8662936091423035,-0.21057020127773285,0.9624623656272888
176,5.866666666666666,0.5231573581695557,0.34396427869796753,-0.42508092522621155,0.9999635815620422,0.5313738584518433,0.3317839503288269,-0.37580159306526184,0.9999369978904724,0.5398204922676086,0.331665575504303,-0.3763241767883301,0.9999163746833801,0.5455334782600403,0.33156418800354004,-0.3761034607887268,0.9999350905418396,0.5034809112548828,0.33214882016181946,-0.42770054936408997,0.9999666810035706,0.49267932772636414,0.33229464292526245,-0.4282722473144531,0.9999708533287048,0.483114629983902,0.33264514803886414,-0.4283768832683563,0.9999776482582092,0.5369336009025574,0.33705684542655945,-0.10189103335142136,0.9999386072158813,0.45749253034591675,0.3374935984611511,-0.3366004228591919,0.999944806098938,0.532463014125824,0.357443630695343,-0.31168463826179504,0.9997770190238953,0.5039345622062683,0.3575400412082672,-0.38309428095817566,0.9998393654823303,0.46319276094436646,0.4021134376525879,0.18946895003318787,0.9994426965713501,0.44787266850471497,0.4092274606227875,-0.39409735798835754,0.9998213648796082,0.4182223081588745,0.48698878288269043,0.3166910707950592,0.08013885468244553,0.575506865978241,0.47901421785354614,-0.5378068685531616,0.915668785572052,0.4620150625705719,0.5497575402259827,0.25926467776298523,0.08295184373855591,0.6881573796272278,0.4772402346134186,-0.5000600814819336,0.8832647204399109,0.4745584726333618,0.5678866505622864,0.26601845026016235,0.10815411806106567,0.7129120826721191,0.470895379781723,-0.5571768283843994,0.8782469034194946,0.48357874155044556,0.56611567735672,0.22437381744384766,0.10893124341964722,0.7086360454559326,0.46344685554504395,-0.5294020771980286,0.880836009979248,0.4779817461967468,0.5613930225372314,0.24211707711219788,0.0996832400560379,0.7010889649391174,0.46544164419174194,-0.48863983154296875,0.8602430820465088,0.4663856625556946,0.5936753749847412,0.21207056939601898,0.9998251795768738,0.4634404480457306,0.5989812016487122,-0.21255537867546082,0.9998959302902222,0.5726011395454407,0.6920871138572693,0.4405692219734192,0.7501648664474487,0.6075899600982666,0.6976249814033508,-0.24646669626235962,0.9512495994567871,0.4741840660572052,0.7823269367218018,0.6082737445831299,0.8379450440406799,0.5527715682983398,0.8418031930923462,-0.2134139984846115,0.971114993095398,0.4176386892795563,0.7877705097198486,0.6209540963172913,0.8710348010063171,0.5151137709617615,0.865129828453064,-0.2065449208021164,0.9380279779434204,0.5083163380622864,0.8318063616752625,0.6453004479408264,0.8757611513137817,0.6493315100669861,0.8651055097579956,-0.2565716803073883,0.9650841355323792
177,5.9,0.5234643816947937,0.34246569871902466,-0.463344544172287,0.9999672174453735,0.533213198184967,0.3303602635860443,-0.41508254408836365,0.9999432563781738,0.5415397882461548,0.3303624391555786,-0.4156208336353302,0.9999247193336487,0.5482810735702515,0.3303542733192444,-0.41538628935813904,0.9999415874481201,0.5035020112991333,0.33013054728507996,-0.4642423391342163,0.999970018863678,0.493299275636673,0.33013302087783813,-0.46477556228637695,0.9999737739562988,0.4838997423648834,0.33035802841186523,-0.4648968279361725,0.9999798536300659,0.5417459011077881,0.33535847067832947,-0.14303550124168396,0.9999447464942932,0.45880839228630066,0.3355109989643097,-0.3639395534992218,0.9999502897262573,0.5334322452545166,0.355873167514801,-0.35099756717681885,0.9997985363006592,0.503987729549408,0.35597243905067444,-0.4184551537036896,0.9998546242713928,0.48824644088745117,0.4016609191894531,0.1508418321609497,0.9994902014732361,0.4465559720993042,0.40642601251602173,-0.41882944107055664,0.9998362064361572,0.4651426076889038,0.49506497383117676,0.17772866785526276,0.07276805490255356,0.5843154191970825,0.47628888487815857,-0.5184808969497681,0.9202117919921875,0.499806672334671,0.5743519067764282,-0.04822248965501785,0.07533396780490875,0.6833442449569702,0.451094388961792,-0.42675480246543884,0.8894012570381165,0.5108998417854309,0.5971003174781799,-0.06519781798124313,0.09881696105003357,0.7069535851478577,0.44100040197372437,-0.4808702766895294,0.8823278546333313,0.5159717202186584,0.5869082808494568,-0.10716796666383743,0.09942226111888885,0.6977697610855103,0.4342847764492035,-0.45855292677879333,0.8839131593704224,0.5108005404472351,0.5856338143348694,-0.06907303631305695,0.09100747853517532,0.6883849501609802,0.4379180371761322,-0.4168068766593933,0.8593876361846924,0.49506497383117676,0.5917561054229736,0.21135872602462769,0.9998396635055542,0.4737768769264221,0.5977085828781128,-0.21185913681983948,0.999904990196228,0.6203294396400452,0.6759630441665649,0.421421080827713,0.6929384469985962,0.6217436194419861,0.6942707300186157,-0.269631564617157,0.9539276361465454,0.5256121158599854,0.7761038541793823,0.631040632724762,0.783110499382019,0.5430313944816589,0.8394119143486023,-0.205086350440979,0.9711880087852478,0.4841425120830536,0.7881328463554382,0.6468819975852966,0.8332065343856812,0.5076274275779724,0.8642002940177917,-0.1953602433204651,0.9353757500648499,0.5707285404205322,0.8229225873947144,0.6510791182518005,0.8364112377166748,0.6348936557769775,0.8655791282653809,-0.25538742542266846,0.9654185175895691
178,5.933333333333334,0.5237367153167725,0.3419320285320282,-0.4705218970775604,0.9999704360961914,0.5321701765060425,0.32853996753692627,-0.42686954140663147,0.9999488592147827,0.5415052771568298,0.3290468454360962,-0.42743027210235596,0.9999321699142456,0.5484813451766968,0.3296635150909424,-0.4272128939628601,0.9999473690986633,0.5047656297683716,0.32863494753837585,-0.4710710346698761,0.9999729990959167,0.49562180042266846,0.32887232303619385,-0.47161704301834106,0.9999763369560242,0.48598021268844604,0.32936111092567444,-0.47177374362945557,0.9999818205833435,0.5449914932250977,0.3340756893157959,-0.17201122641563416,0.9999501705169678,0.4623405337333679,0.3350237309932709,-0.36904388666152954,0.9999550580978394,0.5348525643348694,0.35548192262649536,-0.3636842370033264,0.9998166561126709,0.5053365230560303,0.35570019483566284,-0.42445868253707886,0.9998670816421509,0.5162160396575928,0.4005873203277588,0.12305445224046707,0.9995331764221191,0.4413749575614929,0.40371933579444885,-0.4209415912628174,0.9998490214347839,0.5053842663764954,0.5004857778549194,0.16089563071727753,0.06797298789024353,0.5817211270332336,0.47370463609695435,-0.49056804180145264,0.9269542694091797,0.5340851545333862,0.5936904549598694,-0.0752558782696724,0.07050544023513794,0.6805827617645264,0.42802563309669495,-0.39537450671195984,0.8993192911148071,0.5388864278793335,0.607850968837738,-0.0946662500500679,0.09349265694618225,0.7043811082839966,0.416665256023407,-0.4490183889865875,0.8919878005981445,0.5420895218849182,0.6067403554916382,-0.14026805758476257,0.09376843273639679,0.6920187473297119,0.4086177945137024,-0.4274905323982239,0.8931722044944763,0.5414330959320068,0.6061772108078003,-0.09723277390003204,0.08579044789075851,0.68342125415802,0.4135107398033142,-0.38540831208229065,0.8689749836921692,0.5172711610794067,0.5900424718856812,0.20805063843727112,0.9998533129692078,0.47730937600135803,0.5954629182815552,-0.20841693878173828,0.9999131560325623,0.6568027138710022,0.6748194098472595,0.3048456013202667,0.6765351891517639,0.5979465246200562,0.7029097080230713,-0.2454812228679657,0.9570764899253845,0.5933749079704285,0.7808407545089722,0.5148287415504456,0.7581877112388611,0.5475735068321228,0.839672863483429,-0.10508858412504196,0.9713026285171509,0.5673105120658875,0.7966030836105347,0.5295136570930481,0.8147260546684265,0.5062968730926514,0.8626148104667664,-0.08792290091514587,0.9305959343910217,0.6581742167472839,0.8277080655097961,0.49054715037345886,0.8216542601585388,0.6399843096733093,0.8669654130935669,-0.19386182725429535,0.9654470086097717
179,5.966666666666667,0.5256078839302063,0.33627694845199585,-0.45539456605911255,0.9999728798866272,0.533390462398529,0.3241930603981018,-0.3979939818382263,0.9999535083770752,0.543065071105957,0.32475751638412476,-0.39850834012031555,0.9999382495880127,0.5512034296989441,0.32553184032440186,-0.3982524871826172,0.9999521374702454,0.5076582431793213,0.3241993486881256,-0.46168115735054016,0.9999753832817078,0.4973885715007782,0.3246440887451172,-0.4620196521282196,0.9999784231185913,0.4878805875778198,0.32506564259529114,-0.4621732831001282,0.9999834299087524,0.5497688055038452,0.3293171525001526,-0.13766418397426605,0.9999544620513916,0.46513909101486206,0.3307493329048157,-0.3204130530357361,0.9999586939811707,0.5367580652236938,0.3505796492099762,-0.33328014612197876,0.9998268485069275,0.5080914497375488,0.35053664445877075,-0.41250109672546387,0.9998739361763,0.538250207901001,0.3992008566856384,0.133104607462883,0.9995600581169128,0.4360770285129547,0.40275120735168457,-0.37682345509529114,0.9998604655265808,0.5281745195388794,0.49275103211402893,0.22594252228736877,0.06368722021579742,0.574544370174408,0.4660469889640808,-0.48775413632392883,0.9336366653442383,0.5320041179656982,0.5718777775764465,0.09713767468929291,0.06468645483255386,0.6727009415626526,0.4103982448577881,-0.48003169894218445,0.9089122414588928,0.5329583287239075,0.5920620560646057,0.08996258676052094,0.08634765446186066,0.6935838460922241,0.394991934299469,-0.5433776378631592,0.9019538164138794,0.5378352403640747,0.5873515009880066,0.046919118613004684,0.08647146821022034,0.6827770471572876,0.38846176862716675,-0.5180953741073608,0.9029296636581421,0.5351113080978394,0.582094669342041,0.07891883701086044,0.07926039397716522,0.6759594678878784,0.393852174282074,-0.46975085139274597,0.8801109194755554,0.5407013297080994,0.5894804000854492,0.1872686743736267,0.9998666644096375,0.4788360893726349,0.594089150428772,-0.18751871585845947,0.9999211430549622,0.6887413859367371,0.6721476316452026,0.036072514951229095,0.699845552444458,0.5790108442306519,0.7121186852455139,-0.2363530695438385,0.9604058861732483,0.6416622996330261,0.7898877263069153,0.25102055072784424,0.7671558856964111,0.5488753914833069,0.8403852581977844,-0.06079239398241043,0.9724725484848022,0.6044378876686096,0.8122565150260925,0.26674243807792664,0.8205329179763794,0.5073422789573669,0.861410915851593,-0.042722318321466446,0.9273640513420105,0.7196182012557983,0.8312141299247742,0.1645508110523224,0.8289205431938171,0.6285804510116577,0.8719841241836548,-0.19013328850269318,0.9664873480796814
180,6.0,0.525902509689331,0.3292074501514435,-0.3168374300003052,0.9999687075614929,0.5339006185531616,0.31828033924102783,-0.275330513715744,0.9999515414237976,0.542366623878479,0.31898146867752075,-0.2759154736995697,0.9999332427978516,0.5504952073097229,0.3197930157184601,-0.2757793068885803,0.9999497532844543,0.5073670148849487,0.3170797824859619,-0.30755290389060974,0.9999733567237854,0.4976494610309601,0.3171684145927429,-0.3080994486808777,0.9999760389328003,0.4883345663547516,0.317105233669281,-0.3083418607711792,0.9999824166297913,0.550912618637085,0.32302325963974,-0.05572503060102463,0.9999493360519409,0.46514609456062317,0.32215553522109985,-0.18742050230503082,0.9999528527259827,0.5369892716407776,0.34227269887924194,-0.2238919585943222,0.9997892379760742,0.5079484581947327,0.34145447611808777,-0.2684110701084137,0.9998422265052795,0.5544207096099854,0.39470651745796204,0.15524205565452576,0.9995675086975098,0.42747485637664795,0.3960138261318207,-0.23310868442058563,0.9998658299446106,0.5382387638092041,0.4882712960243225,0.18725910782814026,0.05970342457294464,0.5614978075027466,0.45438894629478455,-0.37721922993659973,0.9390783309936523,0.5466884970664978,0.5674586296081543,-0.006389890797436237,0.05957898125052452,0.6677700281143188,0.3967648446559906,-0.4233724772930145,0.9173479676246643,0.5470799803733826,0.5906945466995239,-0.03028513304889202,0.08011645078659058,0.6883772015571594,0.3787708878517151,-0.48779556155204773,0.9105603098869324,0.5492809414863586,0.5847989320755005,-0.06804944574832916,0.08012466877698898,0.6769837141036987,0.37188461422920227,-0.4613809883594513,0.9112700819969177,0.5456313490867615,0.5767830610275269,-0.02435908652842045,0.07344967126846313,0.670659601688385,0.3782580494880676,-0.41464677453041077,0.8892432451248169,0.5666663646697998,0.5853608846664429,0.1357814222574234,0.999877393245697,0.4813940227031708,0.5919680595397949,-0.13614901900291443,0.9999276399612427,0.6851539015769958,0.6761156916618347,0.07484011352062225,0.6966452598571777,0.5680356621742249,0.7150667309761047,-0.070994071662426,0.953120768070221,0.6559566855430603,0.7921690344810486,0.3273758292198181,0.75587397813797,0.5471159219741821,0.8386500477790833,0.1780163049697876,0.9639522433280945,0.6215850114822388,0.8141651153564453,0.3399450182914734,0.8007009029388428,0.5197526812553406,0.8558732271194458,0.20008106529712677,0.8938960433006287,0.7296498417854309,0.8339458703994751,0.247395321726799,0.8205239772796631,0.618833601474762,0.8699954152107239,0.056972991675138474,0.9560564756393433
181,6.033333333333333,0.5250958800315857,0.32112395763397217,-0.18648670613765717,0.9999154806137085,0.5326225161552429,0.3105512261390686,-0.14592309296131134,0.9998953342437744,0.5419408679008484,0.3111721873283386,-0.14648665487766266,0.9998436570167542,0.548835039138794,0.31174731254577637,-0.14639632403850555,0.9998931884765625,0.5059415102005005,0.30870112776756287,-0.17467452585697174,0.9999386072158813,0.497437447309494,0.3083416521549225,-0.175308495759964,0.999944269657135,0.48705291748046875,0.30815234780311584,-0.17564551532268524,0.9999660849571228,0.5492127537727356,0.31506192684173584,0.0608944408595562,0.999880850315094,0.4647536277770996,0.3134532570838928,-0.06618594378232956,0.9999029636383057,0.5362656712532043,0.3333878219127655,-0.10143470764160156,0.9995542168617249,0.506191611289978,0.331745445728302,-0.1422223299741745,0.999664843082428,0.5692146420478821,0.38415369391441345,0.21151502430438995,0.9995424747467041,0.4164888262748718,0.38741785287857056,-0.1264767050743103,0.9998681545257568,0.5435460209846497,0.48597174882888794,0.2629157304763794,0.0547671839594841,0.5425258874893188,0.4416874349117279,-0.2782178819179535,0.9428175687789917,0.5602184534072876,0.5647699236869812,0.10979441553354263,0.05404242128133774,0.6514542698860168,0.38812243938446045,-0.3427199721336365,0.9235327243804932,0.56492018699646,0.5874980092048645,0.09452739357948303,0.07293681055307388,0.6761540770530701,0.3727250099182129,-0.404116153717041,0.9161148071289062,0.571343719959259,0.5814096927642822,0.05267902836203575,0.07292592525482178,0.6635813117027283,0.3655863404273987,-0.37713393568992615,0.9162587523460388,0.5656479001045227,0.5729826092720032,0.09097902476787567,0.06691715121269226,0.6551356911659241,0.3712197542190552,-0.33406078815460205,0.893031120300293,0.5828040838241577,0.5770188570022583,0.11424398422241211,0.9998870491981506,0.4836634397506714,0.5853699445724487,-0.11459650099277496,0.9999336004257202,0.6868283748626709,0.6770104169845581,0.014773232862353325,0.6963253617286682,0.5667622685432434,0.7139381170272827,-0.08299101889133453,0.9441534876823425,0.6647829413414001,0.7931762337684631,0.30914777517318726,0.7452381253242493,0.5498692989349365,0.8303467035293579,0.17937760055065155,0.951730489730835,0.6330206394195557,0.812545657157898,0.3300741910934448,0.7746944427490234,0.5337839126586914,0.8450969457626343,0.20286543667316437,0.8502976894378662,0.730829119682312,0.8367716670036316,0.20328494906425476,0.8097925782203674,0.6142938137054443,0.8694788813591003,0.047302331775426865,0.9403043389320374
182,6.066666666666666,0.5222052335739136,0.3142772614955902,-0.15968668460845947,0.9997326731681824,0.5301385521888733,0.3023807108402252,-0.12556268274784088,0.9996899962425232,0.538950502872467,0.30270975828170776,-0.12614470720291138,0.9995342493057251,0.5464866757392883,0.303120493888855,-0.1260516345500946,0.9997059106826782,0.5042164325714111,0.30205363035202026,-0.14562535285949707,0.9998139142990112,0.4947228729724884,0.3020060062408447,-0.1463247388601303,0.9998294711112976,0.4848446846008301,0.30160966515541077,-0.14672185480594635,0.9999087452888489,0.5487686395645142,0.30710339546203613,0.06212840974330902,0.9996610283851624,0.46406304836273193,0.30660930275917053,-0.027603404596447945,0.999734103679657,0.5337636470794678,0.3270943760871887,-0.08183887600898743,0.998989462852478,0.5038996934890747,0.32489562034606934,-0.11160039156675339,0.9992143511772156,0.5971400737762451,0.37834909558296204,0.20434123277664185,0.9995240569114685,0.4050842821598053,0.38083577156066895,-0.0665673092007637,0.9998685121536255,0.5574225187301636,0.4733756482601166,0.2492057979106903,0.05027118697762489,0.49861714243888855,0.43493708968162537,-0.22205281257629395,0.9414618611335754,0.5605229139328003,0.5449609160423279,0.13688527047634125,0.048937804996967316,0.623998761177063,0.375105082988739,-0.3216334581375122,0.9245133399963379,0.5586591362953186,0.5779245495796204,0.1250218152999878,0.06624405831098557,0.6498339772224426,0.3608297109603882,-0.3810921609401703,0.9154449701309204,0.5647112727165222,0.5668164491653442,0.09082332998514175,0.0662231519818306,0.6389995217323303,0.35341528058052063,-0.3525295853614807,0.914304792881012,0.5617383122444153,0.5558714866638184,0.12305079400539398,0.06081988289952278,0.6314874291419983,0.35890644788742065,-0.31323182582855225,0.8864642381668091,0.5973058342933655,0.5678942799568176,0.08757723867893219,0.9998965859413147,0.4822014272212982,0.5784798264503479,-0.08793771266937256,0.9999393820762634,0.6847174167633057,0.683608889579773,0.04148562625050545,0.68658846616745,0.5534074306488037,0.7115926146507263,-0.0768766701221466,0.9330378770828247,0.6680147051811218,0.7938442230224609,0.33555158972740173,0.7329903244972229,0.5574977993965149,0.8288637399673462,0.17123949527740479,0.9395059943199158,0.6376605033874512,0.811785876750946,0.33538761734962463,0.7430400848388672,0.5559582710266113,0.8417404294013977,0.1945086419582367,0.8057572841644287,0.7211251854896545,0.840965747833252,0.25328710675239563,0.797142505645752,0.6330780386924744,0.8709660768508911,0.04305948317050934,0.9250813722610474
183,6.1,0.520556628704071,0.31047946214675903,-0.14291919767856598,0.9991198778152466,0.529039204120636,0.29879501461982727,-0.11297173798084259,0.998867928981781,0.5374352931976318,0.2990483045578003,-0.11360418796539307,0.9984038472175598,0.5447646379470825,0.2991531491279602,-0.11358767747879028,0.9990390539169312,0.5025374889373779,0.2980552017688751,-0.12790732085704803,0.9993005394935608,0.49280115962028503,0.2979833781719208,-0.12860074639320374,0.9993739724159241,0.48307397961616516,0.297946035861969,-0.12902052700519562,0.9996593594551086,0.5454262495040894,0.3030455708503723,0.06217066943645477,0.9990899562835693,0.46280547976493835,0.30357933044433594,-0.0037539037875831127,0.9990777373313904,0.5323715806007385,0.32353368401527405,-0.06916839629411697,0.9979784488677979,0.5023852586746216,0.32223474979400635,-0.09229133278131485,0.9982972145080566,0.602949321269989,0.37566760182380676,0.17054025828838348,0.9995047450065613,0.4006315767765045,0.375083863735199,-0.00939328782260418,0.9998565316200256,0.5929997563362122,0.4587315618991852,0.1773063987493515,0.04934154450893402,0.4527958035469055,0.4330673813819885,-0.20512135326862335,0.9399500489234924,0.55348801612854,0.517979085445404,0.035293713212013245,0.0461345911026001,0.5865560173988342,0.3701750934123993,-0.38113462924957275,0.9276533126831055,0.5413540601730347,0.5403150916099548,0.009638703428208828,0.06342211365699768,0.6190165877342224,0.35474535822868347,-0.4472634196281433,0.918412446975708,0.5424761176109314,0.525149941444397,-0.010082229040563107,0.06341543793678284,0.6089891791343689,0.3450038433074951,-0.4200020730495453,0.9167082905769348,0.5435353517532349,0.5167393684387207,0.02742508053779602,0.0581158809363842,0.6000915765762329,0.35053348541259766,-0.3746049702167511,0.8871482014656067,0.6113237142562866,0.5616450905799866,0.053106989711523056,0.9999039173126221,0.4915122985839844,0.5741643309593201,-0.05348515138030052,0.999943733215332,0.6799185872077942,0.6879669427871704,0.05666554346680641,0.681566596031189,0.5502106547355652,0.7102085947990417,-0.04304613173007965,0.9203078746795654,0.6752080917358398,0.7903083562850952,0.36362236738204956,0.7258113622665405,0.5802266597747803,0.8260301351547241,0.18508312106132507,0.9286078810691833,0.6443496942520142,0.8036617040634155,0.38777661323547363,0.712861955165863,0.5889705419540405,0.8368997573852539,0.20532165467739105,0.7691624164581299,0.7198722958564758,0.8425354957580566,0.2759670615196228,0.7854478359222412,0.6333487033843994,0.8733190298080444,0.05495027080178261,0.9094452261924744
184,6.133333333333334,0.5198720097541809,0.3075879216194153,-0.09323905408382416,0.9989960193634033,0.5283291935920715,0.29685741662979126,-0.06800702959299088,0.99869704246521,0.5371912717819214,0.29673969745635986,-0.06861277669668198,0.998168408870697,0.5440263748168945,0.2964645028114319,-0.06859642267227173,0.9989010691642761,0.502038300037384,0.2960805892944336,-0.07624970376491547,0.9991828203201294,0.49245917797088623,0.2959756553173065,-0.07697074115276337,0.9992626309394836,0.4835049510002136,0.29580381512641907,-0.07735086232423782,0.999591052532196,0.5451818704605103,0.3003106117248535,0.08574871718883514,0.9989816546440125,0.463164359331131,0.30139273405075073,0.050239503383636475,0.9989025592803955,0.5318445563316345,0.3206120431423187,-0.027275485917925835,0.9978163242340088,0.5043905377388,0.32035917043685913,-0.04175510257482529,0.9981163740158081,0.6145334243774414,0.3653907775878906,0.17718760669231415,0.9995253086090088,0.4005690813064575,0.3729795813560486,0.05494387820363045,0.9998535513877869,0.6680698990821838,0.418745219707489,0.22409921884536743,0.057571787387132645,0.41364026069641113,0.43225711584091187,-0.1601456254720688,0.9395769834518433,0.6137742400169373,0.48314958810806274,0.12112051993608475,0.04955832287669182,0.542056679725647,0.37107107043266296,-0.3776197135448456,0.9317988753318787,0.5994396805763245,0.503501296043396,0.10876328498125076,0.06813227385282516,0.5814120173454285,0.35515064001083374,-0.4418637156486511,0.9224449396133423,0.5943870544433594,0.4990873336791992,0.08032352477312088,0.06785400956869125,0.5688716173171997,0.34490710496902466,-0.40724632143974304,0.920219898223877,0.5970697999000549,0.49368348717689514,0.11109946668148041,0.06193234771490097,0.560319185256958,0.3498101830482483,-0.3691982626914978,0.8899427056312561,0.6205357909202576,0.5574004054069519,0.030701808631420135,0.9999110698699951,0.4914915859699249,0.5713933706283569,-0.031204551458358765,0.9999474287033081,0.6756532192230225,0.691964864730835,0.03695886582136154,0.6882959008216858,0.5471739172935486,0.7102681994438171,-0.031892210245132446,0.9093589186668396,0.6869127750396729,0.7896743416786194,0.3135199546813965,0.726649820804596,0.5930119156837463,0.8205698132514954,0.17516416311264038,0.9180358648300171,0.6658360958099365,0.8005627393722534,0.3341497480869293,0.6911229491233826,0.6145432591438293,0.8254176378250122,0.1943126618862152,0.7441598773002625,0.7234695553779602,0.8428478240966797,0.22315086424350739,0.7809249758720398,0.6309452652931213,0.8729585409164429,0.07454845309257507,0.8972914814949036
185,6.166666666666667,0.5163266658782959,0.30771854519844055,-0.15729421377182007,0.9988883137702942,0.5256372690200806,0.2947249412536621,-0.12400675565004349,0.9984480142593384,0.5343579053878784,0.2943064272403717,-0.12461386620998383,0.9978453516960144,0.5430753231048584,0.2939677834510803,-0.1245683953166008,0.9987058639526367,0.4993743896484375,0.2954416871070862,-0.1320798397064209,0.9990009069442749,0.4892200827598572,0.29591619968414307,-0.13274253904819489,0.9990936517715454,0.48103654384613037,0.29636332392692566,-0.13312114775180817,0.999474048614502,0.5443115830421448,0.29923635721206665,0.06052570417523384,0.9988076686859131,0.46204423904418945,0.3022781312465668,0.03069867566227913,0.9985068440437317,0.5311734080314636,0.319866806268692,-0.0805526152253151,0.9976933002471924,0.502509355545044,0.3210279941558838,-0.09498121589422226,0.9979474544525146,0.618356466293335,0.3649439215660095,0.16996914148330688,0.9995431303977966,0.4016326069831848,0.3732069134712219,0.05035265162587166,0.9998340010643005,0.7074669599533081,0.41273564100265503,0.19803254306316376,0.09486276656389236,0.37849587202072144,0.4346211552619934,-0.22383134067058563,0.9406901001930237,0.6447747945785522,0.47577840089797974,0.040714506059885025,0.07476270198822021,0.5002695918083191,0.37205439805984497,-0.5571280121803284,0.9354459047317505,0.6323886513710022,0.49677056074142456,0.010890183970332146,0.09470956772565842,0.5347380042076111,0.35516366362571716,-0.651530921459198,0.9255787134170532,0.6259942650794983,0.49432048201560974,-0.013998166657984257,0.09460549801588058,0.5281248688697815,0.3456566035747528,-0.6154715418815613,0.9229178428649902,0.6268527507781982,0.4883076548576355,0.03169797733426094,0.0858071893453598,0.5201522707939148,0.35110336542129517,-0.5531931519508362,0.8922069072723389,0.6239994764328003,0.5592737793922424,0.027520237490534782,0.9999150633811951,0.49450334906578064,0.5726870894432068,-0.027959177270531654,0.9999481439590454,0.6717356443405151,0.6921331286430359,0.03379566967487335,0.7019046545028687,0.5488393902778625,0.7118268609046936,-0.0016410928219556808,0.8984037041664124,0.7004082798957825,0.7903779149055481,0.33334672451019287,0.7359475493431091,0.6139726638793945,0.820025622844696,0.27534547448158264,0.9095244407653809,0.6906778812408447,0.8016585111618042,0.363530695438385,0.6748844385147095,0.639274001121521,0.827497661113739,0.29796406626701355,0.7191723585128784,0.7305575013160706,0.8432532548904419,0.22687967121601105,0.7804962396621704,0.640069305896759,0.8728567361831665,0.13110126554965973,0.8839004039764404
186,6.2,0.5098629593849182,0.3081110417842865,-0.20248474180698395,0.9989083409309387,0.5189419388771057,0.2940771281719208,-0.17595458030700684,0.9984080791473389,0.5305981040000916,0.2937788665294647,-0.17661236226558685,0.9978207945823669,0.5393824577331543,0.29358968138694763,-0.17666716873645782,0.998676598072052,0.49198833107948303,0.29521289467811584,-0.1710263341665268,0.9989674687385559,0.48388761281967163,0.2957659661769867,-0.17170599102973938,0.9990707635879517,0.47584494948387146,0.29632335901260376,-0.17195896804332733,0.9994443655014038,0.5434209108352661,0.29958269000053406,0.002840855624526739,0.9988130927085876,0.46134889125823975,0.3026953339576721,-0.01376023143529892,0.9984158277511597,0.5276856422424316,0.3202823996543884,-0.13427887856960297,0.9977870583534241,0.4948391020298004,0.3213657736778259,-0.1389291137456894,0.9980079531669617,0.6136969923973083,0.3652428090572357,0.09725033491849899,0.9995704293251038,0.4022657573223114,0.3747546076774597,0.05672774463891983,0.9998190999031067,0.7292479872703552,0.41227883100509644,0.14014308154582977,0.16494037210941315,0.3482367694377899,0.43620213866233826,-0.20241206884384155,0.942500650882721,0.6662432551383972,0.47958579659461975,-0.012131000868976116,0.13231588900089264,0.4468488395214081,0.3775079846382141,-0.5949937701225281,0.9400610327720642,0.6487575769424438,0.5004008412361145,-0.05049291253089905,0.14967383444309235,0.4795946478843689,0.35918113589286804,-0.6962261199951172,0.9305333495140076,0.6381994485855103,0.49776774644851685,-0.07654672116041183,0.14992529153823853,0.47899577021598816,0.3507992625236511,-0.6682230830192566,0.9278219938278198,0.6410232782363892,0.49151188135147095,-0.021327974274754524,0.13828307390213013,0.47161364555358887,0.3581114113330841,-0.5956774353981018,0.8984381556510925,0.6268917918205261,0.5615195035934448,-0.0007686752360314131,0.9999191164970398,0.5002093315124512,0.5733529329299927,0.00036842995905317366,0.9999487996101379,0.6722146272659302,0.6979573965072632,-0.005535284522920847,0.727357804775238,0.5569618940353394,0.7157489657402039,0.10755866020917892,0.8980293273925781,0.7139424085617065,0.793404221534729,0.3998320698738098,0.7565159797668457,0.6279451847076416,0.8167349696159363,0.46131643652915955,0.9115160703659058,0.7132143378257751,0.8023663759231567,0.43468013405799866,0.6822913885116577,0.6537243127822876,0.8231654167175293,0.49036023020744324,0.7168108820915222,0.7352017760276794,0.8442409634590149,0.24663056433200836,0.7938405871391296,0.6378546953201294,0.872358500957489,0.302796334028244,0.8840967416763306
187,6.233333333333333,0.4990760087966919,0.30857494473457336,-0.3078133761882782,0.9989985823631287,0.5110527276992798,0.2945507764816284,-0.27494385838508606,0.9985295534133911,0.5211763978004456,0.29460838437080383,-0.27557218074798584,0.9979932308197021,0.5330744981765747,0.294865220785141,-0.27551794052124023,0.9987750053405762,0.4843616187572479,0.29603174328804016,-0.2601982653141022,0.9990455508232117,0.474505752325058,0.29669538140296936,-0.2608882784843445,0.9991430640220642,0.4665076434612274,0.29742109775543213,-0.26127588748931885,0.9994836449623108,0.5429544448852539,0.30069422721862793,-0.0803496316075325,0.9989062547683716,0.4575195610523224,0.30515986680984497,-0.04370754584670067,0.9985261559486389,0.5209633111953735,0.32119226455688477,-0.23001113533973694,0.9979691505432129,0.485466331243515,0.32224568724632263,-0.21615709364414215,0.9981671571731567,0.6138944029808044,0.36782336235046387,0.0300506092607975,0.9995991587638855,0.4086175560951233,0.3792327642440796,0.062202319502830505,0.9998207688331604,0.7435548305511475,0.41781920194625854,0.1257527768611908,0.23110078275203705,0.34069281816482544,0.45027509331703186,-0.16915349662303925,0.9429493546485901,0.6741955280303955,0.4875713884830475,0.053767040371894836,0.19640013575553894,0.4053303897380829,0.38586315512657166,-0.5837819576263428,0.9454067945480347,0.6561600565910339,0.5067259073257446,0.031167173758149147,0.213829904794693,0.42062628269195557,0.36936256289482117,-0.6791932582855225,0.9368070363998413,0.6440405249595642,0.5055221319198608,0.0022062601055949926,0.21466103196144104,0.42515724897384644,0.3602677881717682,-0.6560145616531372,0.9342840909957886,0.6470522880554199,0.5000386238098145,0.04517294093966484,0.20232337713241577,0.4257175028324127,0.36679962277412415,-0.5870112776756287,0.907414436340332,0.6291084885597229,0.567075788974762,-0.029246900230646133,0.9999228119850159,0.5049921870231628,0.5807231664657593,0.028763502836227417,0.9999500513076782,0.6741660833358765,0.7028622627258301,-0.01710064522922039,0.7520638108253479,0.5645331740379333,0.7190588712692261,0.16560514271259308,0.9011757373809814,0.7304105758666992,0.791137158870697,0.39416176080703735,0.7779524326324463,0.6490674614906311,0.8084753155708313,0.4812784492969513,0.917424201965332,0.7317928671836853,0.7999433875083923,0.42559415102005005,0.7018140554428101,0.676729142665863,0.8161579966545105,0.5078670978546143,0.7329367995262146,0.745823860168457,0.8442405462265015,0.2545795440673828,0.8109756708145142,0.6418925523757935,0.8693305850028992,0.350907564163208,0.8916351199150085
188,6.266666666666667,0.48911383748054504,0.3159436285495758,-0.3969244360923767,0.9990825057029724,0.5028332471847534,0.30265122652053833,-0.36801525950431824,0.9986363053321838,0.513750433921814,0.3030577301979065,-0.3686771094799042,0.9981516599655151,0.522019624710083,0.3035779297351837,-0.36863529682159424,0.9988607168197632,0.4751640856266022,0.3039070665836334,-0.34994739294052124,0.9991163611412048,0.46740031242370605,0.30462852120399475,-0.3506374657154083,0.9992117285728455,0.460370808839798,0.30580398440361023,-0.35105493664741516,0.9995207786560059,0.5409199595451355,0.3086354434490204,-0.18947792053222656,0.9989896416664124,0.45460110902786255,0.313982754945755,-0.09744206815958023,0.9986323714256287,0.5085451006889343,0.328647643327713,-0.323927104473114,0.9981352686882019,0.4765225648880005,0.3297462463378906,-0.30354446172714233,0.9983152747154236,0.6145935654640198,0.3732635974884033,-0.09728103131055832,0.9996261596679688,0.4201570153236389,0.396837443113327,0.04557153955101967,0.9998266100883484,0.7475565671920776,0.4232160151004791,0.022207478061318398,0.2932506501674652,0.3494188189506531,0.46391764283180237,-0.14694887399673462,0.9377573132514954,0.6762567162513733,0.49416303634643555,0.01699052006006241,0.256278395652771,0.35826733708381653,0.3921150267124176,-0.576223611831665,0.9504882097244263,0.653867244720459,0.5124637484550476,0.0007403523777611554,0.2758631408214569,0.360610693693161,0.3725453019142151,-0.6671967506408691,0.9428372383117676,0.6418871879577637,0.5106918215751648,-0.02955104596912861,0.27773988246917725,0.3679460883140564,0.3637070655822754,-0.6556916236877441,0.9405485987663269,0.6458113193511963,0.505567193031311,0.010809510014951229,0.2657777965068817,0.37156227231025696,0.37249571084976196,-0.5853086113929749,0.9162337779998779,0.6238505244255066,0.5796393752098083,-0.07498648762702942,0.9999266266822815,0.5125361680984497,0.5900324583053589,0.07441475242376328,0.9999521970748901,0.6648774743080139,0.7106416821479797,-0.16170497238636017,0.7737581729888916,0.5669571757316589,0.7254704236984253,0.25063928961753845,0.8979138731956482,0.7427480816841125,0.7822219729423523,0.28024089336395264,0.7937359809875488,0.6637962460517883,0.8113082647323608,0.4994129538536072,0.9223126769065857,0.7517253160476685,0.7785354852676392,0.31921735405921936,0.71129310131073,0.6912704706192017,0.8208702206611633,0.519169270992279,0.7480666041374207,0.7603836059570312,0.843260645866394,0.1935550421476364,0.8237651586532593,0.6423442959785461,0.869158923625946,0.38162505626678467,0.8981003761291504
189,6.3,0.47742924094200134,0.3279060125350952,-0.4998435974121094,0.9991728067398071,0.4932619631290436,0.3148501515388489,-0.46980926394462585,0.9987695813179016,0.5027453303337097,0.31433674693107605,-0.4705186188220978,0.9983333945274353,0.5139532089233398,0.31355708837509155,-0.4704870581626892,0.9989718198776245,0.467904269695282,0.317487895488739,-0.43640920519828796,0.9992024302482605,0.45919033885002136,0.31877294182777405,-0.4370242655277252,0.99928879737854,0.45178914070129395,0.31964111328125,-0.43734773993492126,0.9995670914649963,0.5348346829414368,0.3174818158149719,-0.2804831564426422,0.99908846616745,0.4525355398654938,0.3243940770626068,-0.12033645063638687,0.9987625479698181,0.49904268980026245,0.3391565680503845,-0.42370322346687317,0.9983183145523071,0.4707823395729065,0.34173181653022766,-0.3827473819255829,0.9984795451164246,0.61069655418396,0.3834487795829773,-0.22817936539649963,0.9996610283851624,0.4391857087612152,0.41088882088661194,0.1318448930978775,0.9998396039009094,0.7498100996017456,0.42637667059898376,-0.19758059084415436,0.35856935381889343,0.3596974313259125,0.47435569763183594,0.008227593265473843,0.9217090010643005,0.6769558191299438,0.4954853653907776,-0.27540481090545654,0.3123931288719177,0.32897254824638367,0.4151240885257721,-0.49936598539352417,0.9546844959259033,0.6505181789398193,0.5163525342941284,-0.32321855425834656,0.3312874138355255,0.3169972598552704,0.3957974314689636,-0.5990874171257019,0.948055624961853,0.6411029100418091,0.5138237476348877,-0.34366631507873535,0.3335596024990082,0.32767054438591003,0.38803791999816895,-0.6308944225311279,0.9459825754165649,0.6460756063461304,0.5080466866493225,-0.2798444330692291,0.3201558291912079,0.3366185128688812,0.3948781192302704,-0.5338346362113953,0.9238902926445007,0.6209222674369812,0.5883195400238037,-0.15057414770126343,0.9999321103096008,0.5195884108543396,0.5959006547927856,0.14997553825378418,0.9999558329582214,0.6474812626838684,0.7193785309791565,-0.2820320725440979,0.7945078611373901,0.5667216777801514,0.7287973165512085,0.30165180563926697,0.8984270691871643,0.7548426389694214,0.7591080069541931,0.30963805317878723,0.8029432892799377,0.6685374975204468,0.8128541707992554,0.5697686672210693,0.927432656288147,0.7736509442329407,0.7414378523826599,0.37419721484184265,0.7189750075340271,0.7029944062232971,0.8229960203170776,0.5914782881736755,0.7671578526496887,0.7834446430206299,0.8295701742172241,0.32060596346855164,0.8317041993141174,0.6415359973907471,0.8690122365951538,0.4735583961009979,0.9051247835159302
190,6.333333333333333,0.46505916118621826,0.33505678176879883,-0.4754558503627777,0.9992545247077942,0.47997432947158813,0.3210187256336212,-0.4579481780529022,0.9988909959793091,0.4919593334197998,0.32011619210243225,-0.45862439274787903,0.998498260974884,0.5024867653846741,0.31944718956947327,-0.45858848094940186,0.9990732073783875,0.4555331766605377,0.32427600026130676,-0.41460737586021423,0.9992807507514954,0.4499463737010956,0.3255378007888794,-0.415266215801239,0.9993585348129272,0.4439428448677063,0.32654720544815063,-0.41558223962783813,0.9996092915534973,0.5271718502044678,0.3242076635360718,-0.3250983655452728,0.9991784691810608,0.45009645819664,0.3320609927177429,-0.11909535527229309,0.9988820552825928,0.48928168416023254,0.34523969888687134,-0.41889068484306335,0.9984843134880066,0.4599696695804596,0.34877294301986694,-0.3651476204395294,0.9986284971237183,0.6054257750511169,0.39191168546676636,-0.3123284578323364,0.999692440032959,0.4497096538543701,0.41706228256225586,0.18177708983421326,0.9998496174812317,0.7466886043548584,0.4310417175292969,-0.2842687964439392,0.42039957642555237,0.3697374165058136,0.4789141118526459,0.29311493039131165,0.8974877595901489,0.6728650331497192,0.5052791237831116,-0.2572997510433197,0.3594823181629181,0.31312182545661926,0.4291137754917145,0.07713939994573593,0.9572186470031738,0.645902693271637,0.5180339813232422,-0.2879374325275421,0.3702947497367859,0.29174697399139404,0.4118502140045166,0.03841526061296463,0.9515942335128784,0.6360383629798889,0.5155848264694214,-0.29737353324890137,0.3710349202156067,0.301906555891037,0.40540432929992676,0.005098281428217888,0.949735701084137,0.6412011981010437,0.5122376680374146,-0.2547009587287903,0.3545190989971161,0.3140152096748352,0.41100019216537476,0.05270381644368172,0.9292396903038025,0.6167046427726746,0.5939362645149231,-0.18424832820892334,0.9999362230300903,0.5273891687393188,0.5987383127212524,0.18374288082122803,0.9999585151672363,0.608047604560852,0.7205548286437988,-0.2792176306247711,0.813214898109436,0.5616416931152344,0.72735595703125,0.3086327016353607,0.8962470293045044,0.7563380599021912,0.7391538619995117,0.2580830454826355,0.8115720748901367,0.666120171546936,0.8136157989501953,0.5050458312034607,0.9307039976119995,0.7808399796485901,0.7191998362541199,0.31490159034729004,0.7313010096549988,0.7067322134971619,0.8246682286262512,0.5212928056716919,0.7850251793861389,0.7961238622665405,0.808831512928009,0.3035605251789093,0.8388811945915222,0.6353427171707153,0.8689109086990356,0.4518243670463562,0.9105868339538574
191,6.366666666666666,0.4552362561225891,0.3372267782688141,-0.48499396443367004,0.9993277192115784,0.47200125455856323,0.3230554461479187,-0.47533658146858215,0.9989994764328003,0.4827719032764435,0.3223843276500702,-0.4759732484817505,0.9986458420753479,0.4941726326942444,0.32200145721435547,-0.4759471118450165,0.9991637468338013,0.44819968938827515,0.3261629343032837,-0.4236321747303009,0.999350368976593,0.4422084093093872,0.32715100049972534,-0.4242255389690399,0.9994202852249146,0.43581530451774597,0.32799971103668213,-0.42449256777763367,0.9996464848518372,0.5198843479156494,0.3271426558494568,-0.36483004689216614,0.9992586374282837,0.4455990791320801,0.3337537944316864,-0.12330412119626999,0.9989857077598572,0.47894856333732605,0.34811535477638245,-0.43670547008514404,0.9986304640769958,0.4502827227115631,0.3511103391647339,-0.3723527789115906,0.998757004737854,0.5996989011764526,0.39304786920547485,-0.3924519717693329,0.9997199773788452,0.4562024474143982,0.41726231575012207,0.19937054812908173,0.9998528957366943,0.7413159608840942,0.4322526454925537,-0.45896920561790466,0.47587552666664124,0.3781828284263611,0.47720932960510254,0.3058421313762665,0.8461960554122925,0.6777456998825073,0.5067929029464722,-0.5029885172843933,0.4013693630695343,0.2978423535823822,0.43788084387779236,0.07438714057207108,0.9579671621322632,0.6517753601074219,0.519624650478363,-0.5491885542869568,0.4049859344959259,0.26986294984817505,0.4237592816352844,0.042380429804325104,0.9536792635917664,0.6395487189292908,0.5169341564178467,-0.5496792197227478,0.4042251706123352,0.2743242084980011,0.41860461235046387,-0.00686213094741106,0.9521210789680481,0.6446042656898499,0.5126083493232727,-0.4987832307815552,0.38316065073013306,0.28763195872306824,0.42267045378685,0.04259060323238373,0.9328007698059082,0.6124408841133118,0.5945382714271545,-0.20989763736724854,0.9999374747276306,0.5384109020233154,0.5984356999397278,0.20935797691345215,0.9999590516090393,0.554875373840332,0.7181546688079834,-0.2736472189426422,0.8279940485954285,0.5575469732284546,0.7258844375610352,0.30456116795539856,0.8702229261398315,0.7422677874565125,0.723739504814148,0.14205877482891083,0.8194078803062439,0.6625252366065979,0.8143137097358704,0.47543367743492126,0.9268328547477722,0.7720679640769958,0.7014443874359131,0.1839035600423813,0.7457528114318848,0.7058607339859009,0.8256484270095825,0.48944082856178284,0.797204315662384,0.7846874594688416,0.7912846803665161,0.19724415242671967,0.8460095524787903,0.633791983127594,0.8678423762321472,0.45222344994544983,0.9103193283081055
192,6.4,0.44507890939712524,0.3352245092391968,-0.4639950692653656,0.9993934631347656,0.4619055986404419,0.3214173913002014,-0.45452964305877686,0.9990965127944946,0.4724928140640259,0.3207908272743225,-0.45510974526405334,0.9987780451774597,0.48275747895240784,0.32037997245788574,-0.4550681710243225,0.9992446899414062,0.4388035535812378,0.32383573055267334,-0.405735045671463,0.9994125366210938,0.43258368968963623,0.32466813921928406,-0.406289279460907,0.9994751811027527,0.4280147850513458,0.32531601190567017,-0.4065384268760681,0.9996793270111084,0.512016236782074,0.3253050446510315,-0.34635916352272034,0.9993299841880798,0.4390883445739746,0.33103689551353455,-0.12014185637235641,0.9990782141685486,0.4682755470275879,0.34674444794654846,-0.4158565104007721,0.9987590909004211,0.4434545338153839,0.34902095794677734,-0.35486164689064026,0.9988669157028198,0.5845974683761597,0.3926904797554016,-0.3790787160396576,0.9997437000274658,0.45546695590019226,0.4135989248752594,0.20730285346508026,0.9998491406440735,0.7347438335418701,0.4277370572090149,-0.505350649356842,0.5200994610786438,0.37930595874786377,0.4745151400566101,0.3739529848098755,0.7820045948028564,0.6773735284805298,0.5038889050483704,-0.6277004480361938,0.4266796112060547,0.28468844294548035,0.44203758239746094,0.2668721377849579,0.9549078941345215,0.6538724899291992,0.5180984735488892,-0.6817116737365723,0.42619046568870544,0.25491124391555786,0.4321836829185486,0.258450984954834,0.9524391889572144,0.641197681427002,0.5141077637672424,-0.6815724968910217,0.4244788587093353,0.25409892201423645,0.42647337913513184,0.19924229383468628,0.9513213634490967,0.6453360915184021,0.5100219249725342,-0.6252474784851074,0.39784520864486694,0.268135666847229,0.4295780062675476,0.2345297485589981,0.9325010776519775,0.6094405651092529,0.5918862819671631,-0.20788900554180145,0.9999348521232605,0.5459502935409546,0.5969143509864807,0.20727989077568054,0.9999566674232483,0.509876012802124,0.7011973857879639,-0.2907758951187134,0.8336628675460815,0.557366132736206,0.7190659642219543,0.3122412860393524,0.8165900111198425,0.72703617811203,0.7068042159080505,0.009253772906959057,0.8206239938735962,0.6610303521156311,0.8138815760612488,0.4727683961391449,0.9076305031776428,0.7547111511230469,0.688127875328064,0.037647709250450134,0.752326488494873,0.7052307724952698,0.8266565203666687,0.4852603077888489,0.7949877381324768,0.7679945826530457,0.7763513326644897,0.03557267785072327,0.8497963547706604,0.631402850151062,0.8668513298034668,0.4577504098415375,0.8979077339172363
193,6.433333333333334,0.4379023313522339,0.33003199100494385,-0.48069602251052856,0.9994528293609619,0.4518960416316986,0.313762366771698,-0.4753116965293884,0.9991844892501831,0.46414557099342346,0.3125121295452118,-0.47585466504096985,0.9988976716995239,0.47388648986816406,0.31225112080574036,-0.4757819175720215,0.9993181228637695,0.429813414812088,0.3180951476097107,-0.4235145151615143,0.9994690418243408,0.4251127541065216,0.3192708194255829,-0.4240703582763672,0.9995250701904297,0.4212844967842102,0.31987428665161133,-0.4242934286594391,0.9997093081474304,0.50425785779953,0.3159169852733612,-0.37510058283805847,0.9993946552276611,0.43381136655807495,0.32355448603630066,-0.13222578167915344,0.999163031578064,0.4618214964866638,0.3423328399658203,-0.4348786771297455,0.9988756775856018,0.4369635581970215,0.3442283272743225,-0.37000954151153564,0.9989669322967529,0.56986403465271,0.37961435317993164,-0.4116324186325073,0.9997658729553223,0.4601617157459259,0.3982061445713043,0.20765098929405212,0.999849796295166,0.7246237993240356,0.4149537682533264,-0.5565908551216125,0.5581187605857849,0.41249313950538635,0.4661932587623596,0.46469950675964355,0.7130316495895386,0.6668485999107361,0.4891122281551361,-0.684281587600708,0.45202934741973877,0.28843653202056885,0.4509407877922058,0.4578266143798828,0.9482272863388062,0.6450662612915039,0.502510666847229,-0.7410125732421875,0.4489569365978241,0.2516844570636749,0.44431543350219727,0.4695723354816437,0.9484423995018005,0.6342930197715759,0.498553991317749,-0.7363066673278809,0.4470731019973755,0.2473278045654297,0.43881264328956604,0.3957957327365875,0.9480463862419128,0.6381224989891052,0.4952216148376465,-0.6801941394805908,0.41430675983428955,0.2623565196990967,0.44242191314697266,0.4224119782447815,0.9291489720344543,0.6001557111740112,0.5823349952697754,-0.21381700038909912,0.9999327063560486,0.5467354655265808,0.5841977000236511,0.21322229504585266,0.9999551177024841,0.4711013734340668,0.6783630847930908,-0.23964735865592957,0.8303552269935608,0.5544237494468689,0.7058674693107605,0.32065314054489136,0.7605214715003967,0.7087644934654236,0.6954089403152466,0.05337059125304222,0.8157849907875061,0.6603106260299683,0.8115412592887878,0.46469810605049133,0.8822957277297974,0.7401628494262695,0.6786641478538513,0.0817180722951889,0.7548549175262451,0.703373372554779,0.8249373435974121,0.4762476980686188,0.7873805165290833,0.733762264251709,0.765364408493042,0.09566862136125565,0.8507813811302185,0.6310498714447021,0.8652036786079407,0.4595211446285248,0.8824824690818787
194,6.466666666666667,0.42826423048973083,0.3133380711078644,-0.47675666213035583,0.9995060563087463,0.44203194975852966,0.2976391017436981,-0.46971210837364197,0.9992629885673523,0.4518870413303375,0.29588356614112854,-0.4702288806438446,0.9990046620368958,0.4628429412841797,0.29459598660469055,-0.4701683521270752,0.9993835687637329,0.42070817947387695,0.3018973469734192,-0.41932666301727295,0.9995194673538208,0.4160833954811096,0.30302855372428894,-0.4198978841304779,0.9995696544647217,0.4109993278980255,0.3038312792778015,-0.42013803124427795,0.9997360706329346,0.49302372336387634,0.29754534363746643,-0.3611147999763489,0.999452531337738,0.4243601858615875,0.30765220522880554,-0.12861599028110504,0.9992391467094421,0.4530850648880005,0.32373911142349243,-0.4276871979236603,0.9989801049232483,0.4307183027267456,0.32675209641456604,-0.36491894721984863,0.9990568161010742,0.5570724606513977,0.35904353857040405,-0.3981502652168274,0.9997865557670593,0.4558412730693817,0.3770356774330139,0.21562916040420532,0.9998542666435242,0.718365490436554,0.39803266525268555,-0.5584009289741516,0.5964131355285645,0.423482209444046,0.45085158944129944,0.4276055693626404,0.6511553525924683,0.6611775159835815,0.4747611880302429,-0.7074616551399231,0.47847098112106323,0.2927000820636749,0.45782580971717834,0.35337239503860474,0.9416886568069458,0.6284023523330688,0.48705625534057617,-0.7690202593803406,0.4720696210861206,0.25645214319229126,0.4545181691646576,0.3521472215652466,0.9444764256477356,0.6199836134910583,0.4812716841697693,-0.7628514766693115,0.47046366333961487,0.24983881413936615,0.45044198632240295,0.28040221333503723,0.9448463320732117,0.6285562515258789,0.4784665107727051,-0.7035694122314453,0.43243440985679626,0.2650338411331177,0.4536350667476654,0.31711554527282715,0.9255459308624268,0.5861988663673401,0.5563369989395142,-0.21516744792461395,0.999933123588562,0.5399695634841919,0.561679482460022,0.2146715223789215,0.999955415725708,0.4489302635192871,0.6610968112945557,-0.29311615228652954,0.8369594812393188,0.5589241981506348,0.6896902322769165,0.2700533866882324,0.7225895524024963,0.6769647002220154,0.691070556640625,0.0318339504301548,0.8173888325691223,0.6593061685562134,0.8091249465942383,0.4157634675502777,0.8716030716896057,0.7370850443840027,0.6767147779464722,0.06329163163900375,0.7618979811668396,0.6988557577133179,0.8219698667526245,0.4197699725627899,0.788005530834198,0.6785883903503418,0.7585218548774719,0.0665910542011261,0.8552970886230469,0.6308625936508179,0.8632400631904602,0.4255802631378174,0.8775351047515869
195,6.5,0.41630181670188904,0.2990471124649048,-0.4880336821079254,0.9995553493499756,0.4300960898399353,0.28398019075393677,-0.47797009348869324,0.9993364810943604,0.44055667519569397,0.28239768743515015,-0.47844547033309937,0.9991039633750916,0.450700968503952,0.28100496530532837,-0.47838881611824036,0.9994450211524963,0.40747007727622986,0.2885631024837494,-0.42598310112953186,0.9995673298835754,0.40206244587898254,0.28988829255104065,-0.4265442192554474,0.9996124505996704,0.3971638083457947,0.2908477485179901,-0.42673423886299133,0.999762237071991,0.4791322350502014,0.2840985655784607,-0.35811442136764526,0.9995070695877075,0.4076056480407715,0.2952132821083069,-0.12737739086151123,0.9993144273757935,0.4422200918197632,0.30906835198402405,-0.43535852432250977,0.9990814328193665,0.41842353343963623,0.3119339048862457,-0.3706086575984955,0.9991498589515686,0.5411286354064941,0.344290554523468,-0.40193694829940796,0.9998073577880859,0.4543587863445282,0.3601648211479187,0.23854286968708038,0.9998660683631897,0.7056311964988708,0.3842492699623108,-0.5950375199317932,0.6323299407958984,0.4389781057834625,0.43276524543762207,0.49212223291397095,0.5960162878036499,0.6442149877548218,0.4586068093776703,-0.7792704105377197,0.5141982436180115,0.3140408396720886,0.46250519156455994,0.464185506105423,0.9335511922836304,0.6147099137306213,0.469083696603775,-0.8479630947113037,0.5047221183776855,0.28308922052383423,0.46299776434898376,0.47117045521736145,0.9386799335479736,0.6058372259140015,0.46426621079444885,-0.8397541642189026,0.5038207769393921,0.276869535446167,0.4620915353298187,0.39151784777641296,0.9398522973060608,0.614414393901825,0.4621225893497467,-0.7747346758842468,0.4619234800338745,0.28966283798217773,0.4638630747795105,0.426427960395813,0.9201322197914124,0.5693272352218628,0.5364020466804504,-0.229684978723526,0.999932050704956,0.5350146889686584,0.5427886247634888,0.22911575436592102,0.9999545812606812,0.428494930267334,0.6450134515762329,-0.27576369047164917,0.8180547952651978,0.5680747628211975,0.6759894490242004,0.22707629203796387,0.6783956289291382,0.6509552597999573,0.6895537972450256,-0.05851370841264725,0.7935555577278137,0.6560019254684448,0.8060385584831238,0.23668009042739868,0.8452165722846985,0.7068086266517639,0.6852854490280151,-0.04155295342206955,0.748032808303833,0.6938329339027405,0.8207647204399109,0.23301410675048828,0.7791961431503296,0.6311107873916626,0.7561081647872925,-0.07170291244983673,0.844636857509613,0.6109298467636108,0.863226056098938,0.17512546479701996,0.8627653121948242
196,6.533333333333333,0.4013140797615051,0.29016411304473877,-0.46778160333633423,0.9995996952056885,0.4167049527168274,0.27579933404922485,-0.4592415690422058,0.999402642250061,0.42813852429389954,0.2741193473339081,-0.4597145617008209,0.9991933703422546,0.43820106983184814,0.2728588581085205,-0.4596775770187378,0.9995003342628479,0.39386969804763794,0.2797263264656067,-0.4109301269054413,0.999610424041748,0.3890814483165741,0.28039371967315674,-0.4114881157875061,0.9996510148048401,0.38397881388664246,0.28107044100761414,-0.4116753935813904,0.999785840511322,0.4668892025947571,0.2744345963001251,-0.34698131680488586,0.9995561838150024,0.3927367627620697,0.2844753861427307,-0.12252479046583176,0.9993823766708374,0.4298481047153473,0.3003070056438446,-0.41558897495269775,0.9991726279258728,0.40421468019485474,0.303862988948822,-0.3569250702857971,0.9992336630821228,0.514838457107544,0.33384719491004944,-0.4074268043041229,0.9998263120651245,0.447618305683136,0.34870678186416626,0.23078793287277222,0.9998767971992493,0.6795653700828552,0.3708508610725403,-0.5891034603118896,0.6675676107406616,0.4500810503959656,0.42203569412231445,0.371442973613739,0.5482434034347534,0.627314031124115,0.44706544280052185,-0.7417038679122925,0.5554822087287903,0.3267868161201477,0.46403852105140686,0.21444334089756012,0.9285904765129089,0.5986761450767517,0.4598350524902344,-0.8091897964477539,0.544870913028717,0.29275229573249817,0.4730764329433441,0.1974206566810608,0.9364882111549377,0.5913499593734741,0.4527002274990082,-0.8040460348129272,0.5444592833518982,0.295865923166275,0.4723234176635742,0.13086526095867157,0.9382414817810059,0.5989495515823364,0.45011669397354126,-0.7380210161209106,0.5027614235877991,0.30378857254981995,0.4710734784603119,0.17874063551425934,0.9182755351066589,0.5600683093070984,0.5228749513626099,-0.23819224536418915,0.9999343752861023,0.525854766368866,0.5302304625511169,0.23768992722034454,0.999954879283905,0.4094715416431427,0.6286031007766724,-0.33255550265312195,0.8291236162185669,0.5659471154212952,0.6705597639083862,0.20708808302879333,0.6524035334587097,0.6195152401924133,0.6986335515975952,-0.15006612241268158,0.8052539229393005,0.6553280353546143,0.8021853566169739,0.23948851227760315,0.8389553427696228,0.6705308556556702,0.6985055804252625,-0.13563035428524017,0.7627129554748535,0.7009230852127075,0.809099555015564,0.238628551363945,0.7847611904144287,0.5852535367012024,0.7652484774589539,-0.1694759726524353,0.855157732963562,0.6088773608207703,0.8616727590560913,0.18598103523254395,0.8635178804397583
197,6.566666666666666,0.3880891501903534,0.28926244378089905,-0.3510992228984833,0.9996395707130432,0.40309134125709534,0.27324149012565613,-0.3488145172595978,0.9994621276855469,0.4138382375240326,0.27162259817123413,-0.349202424287796,0.9992737770080566,0.42401131987571716,0.2701047658920288,-0.3491678535938263,0.9995500445365906,0.3818991780281067,0.2765488922595978,-0.29798927903175354,0.999649167060852,0.3767182230949402,0.27699410915374756,-0.2985062003135681,0.9996857047080994,0.37150973081588745,0.27735698223114014,-0.2985941171646118,0.9998070001602173,0.4534865915775299,0.2705302834510803,-0.26256072521209717,0.999600350856781,0.3832404315471649,0.27997273206710815,-0.02671854943037033,0.9994432330131531,0.4169379770755768,0.2977977395057678,-0.30831095576286316,0.999254047870636,0.3908443748950958,0.301103800535202,-0.24627143144607544,0.9993078112602234,0.49460339546203613,0.32651346921920776,-0.34071722626686096,0.9998432993888855,0.44436532258987427,0.3390728831291199,0.281480073928833,0.9998839497566223,0.65980464220047,0.36398202180862427,-0.5056802034378052,0.6984977722167969,0.4612577557563782,0.41828078031539917,0.373155415058136,0.49731332063674927,0.6078675389289856,0.4392074942588806,-0.6566756963729858,0.5928803086280823,0.3802078664302826,0.4667545258998871,0.1942332535982132,0.8986422419548035,0.5825437903404236,0.4530203342437744,-0.7176806330680847,0.5820010304450989,0.3592495918273926,0.47579461336135864,0.1774309128522873,0.9182188510894775,0.5731099247932434,0.4437759816646576,-0.7126184105873108,0.5819572806358337,0.34947383403778076,0.4745577871799469,0.11341375857591629,0.9214404821395874,0.5776805281639099,0.441901832818985,-0.6526796817779541,0.5406448245048523,0.3618510067462921,0.47248125076293945,0.159267857670784,0.8987677693367004,0.5425723791122437,0.5147203207015991,-0.22843621671199799,0.9999337196350098,0.5244088172912598,0.5251448154449463,0.22799678146839142,0.9999495148658752,0.3947609066963196,0.6150926351547241,-0.38547343015670776,0.8331477046012878,0.5639712810516357,0.6654998064041138,0.0985158309340477,0.611535906791687,0.5909584164619446,0.7063480615615845,-0.3678722381591797,0.8128606081008911,0.6518285870552063,0.7956076264381409,0.05134110897779465,0.8143715262413025,0.6318970322608948,0.7027843594551086,-0.3726247549057007,0.7757432460784912,0.6975354552268982,0.8023953437805176,0.041000138968229294,0.7804526090621948,0.5354506969451904,0.7711471915245056,-0.4455023407936096,0.86423659324646,0.5580233931541443,0.8486064672470093,-0.02542390115559101,0.8557974696159363
198,6.6,0.37388288974761963,0.28788918256759644,-0.4243374168872833,0.9996731281280518,0.38610315322875977,0.27212420105934143,-0.43133702874183655,0.9995131492614746,0.3962023854255676,0.2703526020050049,-0.43178480863571167,0.9993433356285095,0.4065271019935608,0.26875564455986023,-0.4316442608833313,0.9995926022529602,0.3678179085254669,0.27539747953414917,-0.3791220486164093,0.9996816515922546,0.36306458711624146,0.2758922576904297,-0.3796653747558594,0.9997140169143677,0.35881614685058594,0.27613407373428345,-0.37976327538490295,0.9998230338096619,0.43970349431037903,0.26950007677078247,-0.34662753343582153,0.9996374845504761,0.3696545362472534,0.2797054052352905,-0.11566174030303955,0.9994840621948242,0.40207383036613464,0.29588115215301514,-0.38425737619400024,0.9993134140968323,0.3780917823314667,0.29992789030075073,-0.3195447623729706,0.9993475675582886,0.47520118951797485,0.3236507773399353,-0.4001339375972748,0.9998579025268555,0.4381708800792694,0.3343811631202698,0.24603064358234406,0.9998410940170288,0.6345187425613403,0.3623794913291931,-0.5251436233520508,0.7262318134307861,0.4748746156692505,0.41066160798072815,0.32302209734916687,0.4483736455440521,0.5934263467788696,0.4411815106868744,-0.6070574522018433,0.6140550374984741,0.43665391206741333,0.4663477838039398,0.15743964910507202,0.8158324360847473,0.573809027671814,0.45528897643089294,-0.6561909914016724,0.5981965065002441,0.42100954055786133,0.4773411154747009,0.12810683250427246,0.8395549058914185,0.5652039647102356,0.44784530997276306,-0.659104585647583,0.5989018082618713,0.41172537207603455,0.47474145889282227,0.09297258406877518,0.843391478061676,0.5685470104217529,0.4447077214717865,-0.6042197942733765,0.5545950531959534,0.41982924938201904,0.4717794358730316,0.13770586252212524,0.8216241598129272,0.5322607159614563,0.5130850076675415,-0.21778446435928345,0.9999263882637024,0.5056077241897583,0.5197927355766296,0.2174576222896576,0.9999200701713562,0.5163198113441467,0.6322734951972961,-0.32159045338630676,0.834652304649353,0.4657928943634033,0.6307307481765747,0.06885357201099396,0.5640407204627991,0.5951237082481384,0.7498314380645752,-0.24606171250343323,0.8256325125694275,0.58203125,0.7422493696212769,0.0926375687122345,0.768078625202179,0.6372628211975098,0.7651994228363037,-0.25106194615364075,0.7862846851348877,0.6354200839996338,0.758472204208374,0.09015539288520813,0.7529110312461853,0.48623228073120117,0.7923817038536072,-0.400521457195282,0.872288167476654,0.5149171352386475,0.7989916801452637,0.0021164361387491226,0.825123131275177
199,6.633333333333334,0.3614040017127991,0.2896812856197357,-0.33559197187423706,0.9997037649154663,0.37260496616363525,0.2737900912761688,-0.34191209077835083,0.9995597004890442,0.3820025622844696,0.272070974111557,-0.34233358502388,0.999406635761261,0.3920266032218933,0.2705690264701843,-0.3422592580318451,0.9996317625045776,0.3552262485027313,0.2769729495048523,-0.28592512011528015,0.9997112154960632,0.35099437832832336,0.2775879204273224,-0.28647372126579285,0.9997395277023315,0.3467230200767517,0.2780328392982483,-0.2865597903728485,0.999837338924408,0.425284743309021,0.27096664905548096,-0.27434059977531433,0.9996719360351562,0.35695716738700867,0.2813396751880646,-0.016679445281624794,0.999515950679779,0.3873712420463562,0.29795029759407043,-0.2969755232334137,0.9993638396263123,0.3663944602012634,0.3022609055042267,-0.228365957736969,0.9993650317192078,0.4594445526599884,0.3252209722995758,-0.35636040568351746,0.9998711943626404,0.43671831488609314,0.33405551314353943,0.3015801012516022,0.9997335076332092,0.6108164191246033,0.36621156334877014,-0.4474903643131256,0.7520878911018372,0.5126477479934692,0.39271578192710876,0.396484375,0.4037749469280243,0.5741729140281677,0.44540953636169434,-0.3969621956348419,0.6386433839797974,0.5017637610435486,0.464150607585907,0.23486120998859406,0.7351909279823303,0.5578973293304443,0.46024712920188904,-0.43054988980293274,0.6178562045097351,0.49246835708618164,0.46816736459732056,0.22270262241363525,0.7578496336936951,0.5508202910423279,0.45346230268478394,-0.43090057373046875,0.6184819340705872,0.48042556643486023,0.4661947786808014,0.16574527323246002,0.761386513710022,0.5539215803146362,0.44999608397483826,-0.38849711418151855,0.5719130039215088,0.4862503111362457,0.4636097848415375,0.20338508486747742,0.7418292164802551,0.5229736566543579,0.5149449706077576,-0.22430239617824554,0.9999170303344727,0.503171980381012,0.5182121992111206,0.22408093512058258,0.9998725652694702,0.5310719609260559,0.6397053003311157,-0.3206004798412323,0.8397877812385559,0.4810425937175751,0.6432468295097351,-0.01065891608595848,0.5210577845573425,0.5727488994598389,0.7693148255348206,-0.428641676902771,0.8388619422912598,0.5659626722335815,0.7619026303291321,-0.049088750034570694,0.7266870737075806,0.6174787282943726,0.7917932271957397,-0.4518008232116699,0.8007030487060547,0.6282180547714233,0.7762941122055054,-0.06013922765851021,0.7336357235908508,0.4400700032711029,0.8067302703857422,-0.643636167049408,0.8813002109527588,0.4549894630908966,0.8068196177482605,-0.17780950665473938,0.7984543442726135
200,6.666666666666667,0.34807291626930237,0.2918664216995239,-0.28565239906311035,0.9997329115867615,0.35591909289360046,0.27704739570617676,-0.29193684458732605,0.999603271484375,0.3641389310359955,0.2757006287574768,-0.2923062741756439,0.9994654059410095,0.3733423948287964,0.2745475471019745,-0.2922169268131256,0.9996681809425354,0.3416155278682709,0.28007981181144714,-0.23587720096111298,0.9997396469116211,0.3382638990879059,0.28079837560653687,-0.23648764193058014,0.9997649192810059,0.33426663279533386,0.2812460660934448,-0.2365797460079193,0.9998529553413391,0.40747448801994324,0.2755427956581116,-0.2201390564441681,0.9997043013572693,0.34942254424095154,0.2852396070957184,0.035043179988861084,0.9995605945587158,0.3734838366508484,0.3013940453529358,-0.24644991755485535,0.9994216561317444,0.3558891713619232,0.3052132725715637,-0.17776277661323547,0.9994145035743713,0.4462582767009735,0.3316366672515869,-0.3100275695323944,0.9998835325241089,0.4335847496986389,0.3399851620197296,0.35151416063308716,0.9996916055679321,0.5826640129089355,0.3741806149482727,-0.29003286361694336,0.7758020758628845,0.5160133242607117,0.39586007595062256,0.472655326128006,0.36373522877693176,0.5579560399055481,0.45030054450035095,-0.13236890733242035,0.662452220916748,0.5123150944709778,0.4582858979701996,0.34944355487823486,0.6628036499023438,0.5415521860122681,0.46448904275894165,-0.14361892640590668,0.6370241641998291,0.4975534677505493,0.4635559618473053,0.34973618388175964,0.6845767498016357,0.5355570912361145,0.4579984247684479,-0.14489169418811798,0.6373125910758972,0.4856482744216919,0.4614645838737488,0.2980715036392212,0.6877992749214172,0.5394337773323059,0.4544462263584137,-0.12106729298830032,0.5893723368644714,0.49251121282577515,0.45962682366371155,0.3206675946712494,0.6702531576156616,0.5132757425308228,0.5189034938812256,-0.22652393579483032,0.9999176263809204,0.4876134991645813,0.5218876600265503,0.22630976140499115,0.9998589754104614,0.5360038876533508,0.6394880414009094,-0.4321298897266388,0.8535857200622559,0.388445109128952,0.6403107643127441,-0.03630107641220093,0.5014732480049133,0.5943708419799805,0.7863215208053589,-0.5731773972511292,0.8536150455474854,0.45937711000442505,0.7699500322341919,-0.0910487174987793,0.7202231287956238,0.6209582686424255,0.8061129450798035,-0.5963063836097717,0.8167480230331421,0.5030184388160706,0.787509560585022,-0.10297208279371262,0.7344369888305664,0.5278152823448181,0.8410253524780273,-0.7863773703575134,0.8919032216072083,0.3526209890842438,0.812968373298645,-0.22101502120494843,0.7990477681159973
201,6.7,0.28158509731292725,0.3651946187019348,-0.04433828964829445,0.9997584819793701,0.2873993515968323,0.3525306284427643,-0.08687549084424973,0.9996420741081238,0.29076117277145386,0.35192590951919556,-0.08718223869800568,0.9995177984237671,0.2943613827228546,0.3514232039451599,-0.08696580678224564,0.9997002482414246,0.28674614429473877,0.35161322355270386,-0.026393426582217216,0.9997650980949402,0.288918137550354,0.3508111834526062,-0.02694527618587017,0.9997878670692444,0.29074034094810486,0.35000333189964294,-0.0270001869648695,0.9998672008514404,0.3288065195083618,0.3509391248226166,-0.18137860298156738,0.9997323155403137,0.32062503695487976,0.35052210092544556,0.08905784785747528,0.999603271484375,0.29586851596832275,0.3751358389854431,-0.06475738435983658,0.9994681477546692,0.29563966393470764,0.3748234808444977,0.009749168530106544,0.9994609355926514,0.3324793577194214,0.39857620000839233,-0.3001752495765686,0.9998912811279297,0.43363964557647705,0.39862924814224243,0.3143320381641388,0.9997079372406006,0.3848798871040344,0.459360271692276,-0.47010162472724915,0.7948848009109497,0.521693229675293,0.45667147636413574,0.28270086646080017,0.3471587002277374,0.4428621828556061,0.509978711605072,-0.5102746486663818,0.6928596496582031,0.5701082944869995,0.5313408374786377,0.122111476957798,0.6836196780204773,0.4528021514415741,0.5143067836761475,-0.548150897026062,0.6700924038887024,0.5832216143608093,0.5465992093086243,0.09387987852096558,0.7062461376190186,0.45717307925224304,0.5120477080345154,-0.5577222108840942,0.6703436374664307,0.5761561393737793,0.5491842031478882,0.0666327103972435,0.7090266346931458,0.4547616243362427,0.5122839212417603,-0.5094233751296997,0.6255708932876587,0.5690182447433472,0.5457552671432495,0.10295021533966064,0.6886816620826721,0.4165324866771698,0.5816821455955505,-0.22464647889137268,0.9999207258224487,0.47252607345581055,0.5774994492530823,0.2242325246334076,0.9998664855957031,0.3450547158718109,0.6701087951660156,-0.10394362360239029,0.8668016791343689,0.3765011727809906,0.6544796824455261,0.3260665237903595,0.49716806411743164,0.40887290239334106,0.7987591028213501,-0.1318848878145218,0.8677217960357666,0.5144705176353455,0.7469034790992737,0.3619540333747864,0.7211410999298096,0.4443838894367218,0.8234630823135376,-0.14201730489730835,0.8340562582015991,0.558208703994751,0.74949049949646,0.36173710227012634,0.7445091605186462,0.31410732865333557,0.8318253755569458,-0.21054860949516296,0.9021344184875488,0.43474918603897095,0.8001553416252136,0.3556729257106781,0.8018403053283691
202,6.733333333333333,0.2798943817615509,0.36488670110702515,-0.14143501222133636,0.9997825622558594,0.2891491651535034,0.3523027002811432,-0.1601664274930954,0.999677836894989,0.293602854013443,0.35201722383499146,-0.16044417023658752,0.9995659589767456,0.2987067401409149,0.3517298102378845,-0.16022123396396637,0.9997301697731018,0.28335681557655334,0.35157105326652527,-0.10601921379566193,0.9997885227203369,0.28377896547317505,0.35080602765083313,-0.10653019696474075,0.9998090267181396,0.28385069966316223,0.35006558895111084,-0.1065724790096283,0.9998804330825806,0.33374714851379395,0.3530786633491516,-0.17036575078964233,0.9997589588165283,0.31201907992362976,0.35268837213516235,0.07505004853010178,0.9996427893638611,0.29621559381484985,0.3757244348526001,-0.1329890936613083,0.999520480632782,0.28995224833488464,0.3750709295272827,-0.06625191122293472,0.9995138049125671,0.32758259773254395,0.40381598472595215,-0.2705092430114746,0.9999006986618042,0.4296815097332001,0.4037950038909912,0.27871182560920715,0.9997274279594421,0.3954308032989502,0.4607066214084625,-0.4611903727054596,0.8145294189453125,0.5181211233139038,0.46687906980514526,0.2537987232208252,0.3362307846546173,0.4260108470916748,0.513060450553894,-0.5620867609977722,0.7227551341056824,0.5449416041374207,0.5390740633010864,0.03189588338136673,0.7078125476837158,0.43500590324401855,0.5221676826477051,-0.6143485307693481,0.7021127343177795,0.5515478253364563,0.55577552318573,-0.006184705533087254,0.7299643158912659,0.43932947516441345,0.5197233557701111,-0.624258279800415,0.7023512125015259,0.5431350469589233,0.5595086216926575,-0.04435766115784645,0.7323353290557861,0.4366048574447632,0.5182787179946899,-0.5632169246673584,0.6614226698875427,0.5377627611160278,0.5553514957427979,0.007025707978755236,0.7113038897514343,0.40262705087661743,0.5766535401344299,-0.21910038590431213,0.9999234080314636,0.4453851580619812,0.5772510766983032,0.2187250703573227,0.9998716115951538,0.33393701910972595,0.6732481122016907,-0.19272422790527344,0.8796557784080505,0.3493134081363678,0.654025673866272,0.22419077157974243,0.5119518637657166,0.39019808173179626,0.8010393381118774,-0.2737056314945221,0.8807447552680969,0.4831363558769226,0.7410491704940796,0.282656192779541,0.732506275177002,0.43130433559417725,0.8220678567886353,-0.2874494194984436,0.8500902652740479,0.5296139717102051,0.7467071413993835,0.2841595411300659,0.7604478001594543,0.2881348133087158,0.8358241319656372,-0.4075658917427063,0.9116954207420349,0.42300301790237427,0.7902166247367859,0.24954529106616974,0.8123419880867004
203,6.766666666666667,0.27872440218925476,0.3583218455314636,-0.25120729207992554,0.9998042583465576,0.2890106737613678,0.3447587192058563,-0.25910869240760803,0.9997100234031677,0.2964399755001068,0.3442932069301605,-0.25915685296058655,0.9996092915534973,0.3035224974155426,0.34380578994750977,-0.25890660285949707,0.9997571110725403,0.2777116894721985,0.3455447554588318,-0.1800336390733719,0.9998096823692322,0.2758272588253021,0.3454551100730896,-0.18072988092899323,0.9998281002044678,0.2737736999988556,0.34525972604751587,-0.18089208006858826,0.9998923540115356,0.33474090695381165,0.34671637415885925,-0.2168029397726059,0.9997829794883728,0.29306063055992126,0.348724901676178,0.037604473531246185,0.9996784329414368,0.29787853360176086,0.36875149607658386,-0.22422930598258972,0.9995678663253784,0.2836252748966217,0.36887305974960327,-0.12194628268480301,0.9995619058609009,0.33558809757232666,0.39865559339523315,-0.28250837326049805,0.9999079704284668,0.40847066044807434,0.4015994668006897,0.2868797779083252,0.9997507333755493,0.4188005328178406,0.45273739099502563,-0.3687615692615509,0.8301047682762146,0.508569598197937,0.46712160110473633,0.316817045211792,0.3343101441860199,0.4245401918888092,0.5052503347396851,-0.2846949100494385,0.7425154447555542,0.5187575221061707,0.5377111434936523,0.07313118129968643,0.7339023947715759,0.42640969157218933,0.5112265348434448,-0.3063085973262787,0.7226257920265198,0.5204624533653259,0.5572042465209961,0.03900732100009918,0.7544573545455933,0.42927825450897217,0.5080589652061462,-0.320537805557251,0.7232006192207336,0.5138349533081055,0.5589315295219421,-0.005788328126072884,0.7565465569496155,0.4292236268520355,0.5076327323913574,-0.28144997358322144,0.6832836270332336,0.5103800296783447,0.5537256002426147,0.04566945880651474,0.7364549040794373,0.40281569957733154,0.570730447769165,-0.231169193983078,0.9999070167541504,0.42752790451049805,0.5695436596870422,0.23069199919700623,0.9998652338981628,0.3334505259990692,0.6737293004989624,-0.28260529041290283,0.890449583530426,0.32363197207450867,0.6460158228874207,0.21808463335037231,0.5234497785568237,0.39879468083381653,0.8034862279891968,-0.2922992408275604,0.8920727372169495,0.4473414123058319,0.7441326379776001,0.25973132252693176,0.7396652102470398,0.4322737753391266,0.8281534910202026,-0.300531804561615,0.863078236579895,0.49497079849243164,0.7540434002876282,0.2629576623439789,0.7716394066810608,0.29661327600479126,0.835163414478302,-0.44507208466529846,0.9197351932525635,0.3802020251750946,0.7867997288703918,0.20389200747013092,0.8179709911346436
204,6.8,0.2800483703613281,0.3505631983280182,-0.3187029957771301,0.9998236894607544,0.2950822710990906,0.33846598863601685,-0.3221781551837921,0.999738872051239,0.3029634356498718,0.33828437328338623,-0.32247284054756165,0.9996482133865356,0.31110620498657227,0.33785009384155273,-0.32234975695610046,0.9997812509536743,0.280908465385437,0.3386211693286896,-0.2598317861557007,0.9998286366462708,0.2776739299297333,0.3384181559085846,-0.26041385531425476,0.9998451471328735,0.2741434872150421,0.3381589949131012,-0.26058292388916016,0.9999029636383057,0.33984485268592834,0.341368168592453,-0.2537263333797455,0.9998044371604919,0.2890332043170929,0.3422042727470398,0.012714697048068047,0.9997096657752991,0.295423299074173,0.3614061772823334,-0.28324663639068604,0.9996090531349182,0.2821292579174042,0.36193135380744934,-0.20484894514083862,0.9996025562286377,0.3414618670940399,0.39256811141967773,-0.3183589279651642,0.9999157190322876,0.3794197142124176,0.39575642347335815,0.2785857915878296,0.9997431635856628,0.43563026189804077,0.44990190863609314,-0.32413986325263977,0.8439786434173584,0.4723609387874603,0.45843881368637085,0.29940757155418396,0.3024611175060272,0.44223523139953613,0.5032076835632324,-0.1654135286808014,0.7497735023498535,0.4868129789829254,0.5192652940750122,0.0339064747095108,0.6691473126411438,0.44359004497528076,0.5074968338012695,-0.17987345159053802,0.725339949131012,0.5053597092628479,0.5381647348403931,0.0025936306919902563,0.6934674382209778,0.44179004430770874,0.5048955082893372,-0.192485049366951,0.7263870239257812,0.491423636674881,0.5340307950973511,-0.03888469934463501,0.6952796578407288,0.4401187002658844,0.5047194957733154,-0.16003942489624023,0.6848715543746948,0.483182430267334,0.5302696228027344,0.0064061288721859455,0.6753820776939392,0.38921549916267395,0.5669391751289368,-0.23476260900497437,0.9998978972434998,0.4049620032310486,0.5663475394248962,0.23430082201957703,0.999840259552002,0.33013927936553955,0.6751665472984314,-0.28138288855552673,0.8988921046257019,0.31680411100387573,0.6458146572113037,0.3339194059371948,0.4826200604438782,0.3948052227497101,0.8021324872970581,-0.2632712125778198,0.9018412232398987,0.4148314595222473,0.7443569302558899,0.5283393263816833,0.7169626355171204,0.42738473415374756,0.8242954015731812,-0.26981690526008606,0.8732925653457642,0.4501974880695343,0.7588196396827698,0.541260838508606,0.7612951397895813,0.29658982157707214,0.8324099779129028,-0.42752185463905334,0.9264521598815918,0.31025221943855286,0.7792853116989136,0.4792131781578064,0.8018991947174072
205,6.833333333333333,0.2798643112182617,0.3457027077674866,-0.38501685857772827,0.9998408555984497,0.29627737402915955,0.3329826593399048,-0.38728293776512146,0.9997645616531372,0.3059232532978058,0.3326563239097595,-0.3877301514148712,0.9996829032897949,0.31493261456489563,0.33244821429252625,-0.38763657212257385,0.9998027682304382,0.27871131896972656,0.3337172865867615,-0.3296581208705902,0.9998453259468079,0.2744395434856415,0.33374136686325073,-0.33019834756851196,0.9998599886894226,0.2705877423286438,0.33372414112091064,-0.33038145303726196,0.9999120235443115,0.34246090054512024,0.33687055110931396,-0.30400651693344116,0.9998235702514648,0.27883002161979675,0.3379412293434143,-0.044106580317020416,0.9997352361679077,0.29725080728530884,0.35623621940612793,-0.34419143199920654,0.9996430277824402,0.27892330288887024,0.35706645250320435,-0.27295249700546265,0.9996320009231567,0.3445816934108734,0.3874552249908447,-0.35208433866500854,0.9999228715896606,0.3504466116428375,0.3921731412410736,0.27284494042396545,0.9996770024299622,0.44325345754623413,0.4416378140449524,-0.30117669701576233,0.8579041957855225,0.41915228962898254,0.45774275064468384,0.40011686086654663,0.2725582718849182,0.4456483721733093,0.49890121817588806,-0.053623348474502563,0.7447864413261414,0.44772109389305115,0.5008544921875,0.290750116109848,0.6031661033630371,0.4482932984828949,0.5054217576980591,-0.055603619664907455,0.7075468897819519,0.45278412103652954,0.5101346373558044,0.2822020649909973,0.6260939240455627,0.44590479135513306,0.5037614107131958,-0.07063475996255875,0.7087188363075256,0.4471164643764496,0.511089563369751,0.2427278757095337,0.6277624368667603,0.4426320493221283,0.502020537853241,-0.04776220768690109,0.665296733379364,0.4431988298892975,0.5087532997131348,0.26695966720581055,0.6097269654273987,0.3868429958820343,0.5648007392883301,-0.2308138906955719,0.9998887777328491,0.379690945148468,0.5655710101127625,0.23047272861003876,0.9997986555099487,0.33878034353256226,0.6741926670074463,-0.16900253295898438,0.9057367444038391,0.3247240483760834,0.6464740037918091,0.31421321630477905,0.45207422971725464,0.387472927570343,0.7970429062843323,-0.04847896471619606,0.9105969667434692,0.38442543148994446,0.7459561824798584,0.5257098078727722,0.7128214836120605,0.4244101941585541,0.8186762928962708,-0.0456499382853508,0.8813654780387878,0.41153064370155334,0.7675301432609558,0.5405740141868591,0.7593138217926025,0.29619210958480835,0.8315784335136414,-0.2183118760585785,0.9323523044586182,0.30876797437667847,0.7847181558609009,0.45489344000816345,0.799615740776062
206,6.866666666666666,0.28310155868530273,0.3453570008277893,-0.4394482374191284,0.9998555779457092,0.29861921072006226,0.33156734704971313,-0.4369047284126282,0.9997871518135071,0.309329092502594,0.33088740706443787,-0.4373941123485565,0.9997135400772095,0.3192121982574463,0.3300057351589203,-0.4373367428779602,0.9998217225074768,0.27875709533691406,0.3321651816368103,-0.3828951418399811,0.9998596906661987,0.274122416973114,0.3321222960948944,-0.3834412097930908,0.9998724460601807,0.27014032006263733,0.3321390450000763,-0.3836534321308136,0.9999191164970398,0.34187260270118713,0.33318614959716797,-0.32934653759002686,0.999840497970581,0.27671992778778076,0.33599740266799927,-0.0851290300488472,0.9997531175613403,0.3034815788269043,0.35539764165878296,-0.389664888381958,0.999671220779419,0.27913403511047363,0.3564933240413666,-0.3234005570411682,0.9996509552001953,0.34893137216567993,0.38506433367729187,-0.36028528213500977,0.9999295473098755,0.33450549840927124,0.39131709933280945,0.2721731960773468,0.9996156096458435,0.46121516823768616,0.44013094902038574,-0.27674224972724915,0.8705965876579285,0.41266539692878723,0.44676485657691956,0.4279400706291199,0.2455892413854599,0.4483109712600708,0.4962874948978424,-0.03652586787939072,0.7461550235748291,0.42108070850372314,0.4872713088989258,0.3227236866950989,0.5437868237495422,0.4411897361278534,0.5011897087097168,-0.03777654841542244,0.6986692547798157,0.42044520378112793,0.4932280480861664,0.3154146671295166,0.5657013058662415,0.43576744198799133,0.4966241717338562,-0.051883455365896225,0.7002091407775879,0.41059866547584534,0.4924735426902771,0.2722854018211365,0.567287802696228,0.43671056628227234,0.49511465430259705,-0.029311029240489006,0.6538556814193726,0.41319212317466736,0.4896206855773926,0.29813918471336365,0.5508914589881897,0.39139318466186523,0.5625921487808228,-0.2275836318731308,0.9998868703842163,0.36469942331314087,0.5623595714569092,0.2273140400648117,0.9997804760932922,0.3547664284706116,0.672788679599762,-0.1779220998287201,0.9114898443222046,0.2984265089035034,0.6498384475708008,0.20702898502349854,0.4484955370426178,0.3912269175052643,0.7942556142807007,-0.02922525629401207,0.9183553457260132,0.3486446440219879,0.760811984539032,0.4959326386451721,0.7278257608413696,0.4255319833755493,0.8135353326797485,-0.02415626496076584,0.8872812390327454,0.375101774930954,0.7789489030838013,0.5375534296035767,0.7685934901237488,0.30573704838752747,0.8297045826911926,-0.2171882838010788,0.9375987648963928,0.2830218970775604,0.7935416102409363,0.21664759516716003,0.8101505041122437
207,6.9,0.2864389717578888,0.34314388036727905,-0.476936012506485,0.9998689293861389,0.3029088079929352,0.331167608499527,-0.4686884582042694,0.9998073577880859,0.3129964768886566,0.3297649025917053,-0.46916356682777405,0.9997409582138062,0.3226775825023651,0.3284575045108795,-0.46909382939338684,0.9998387098312378,0.28140851855278015,0.33097249269485474,-0.42503929138183594,0.9998725056648254,0.2756737470626831,0.33069467544555664,-0.42555880546569824,0.9998835921287537,0.27040567994117737,0.3305356204509735,-0.4257412254810333,0.9999255537986755,0.3429555892944336,0.3312598764896393,-0.3386813998222351,0.999855637550354,0.27508869767189026,0.3341464698314667,-0.13950668275356293,0.9997685551643372,0.3061697483062744,0.35483402013778687,-0.41931867599487305,0.9996987581253052,0.28109583258628845,0.3546193838119507,-0.36621031165122986,0.9996728897094727,0.3532453179359436,0.38365525007247925,-0.34919169545173645,0.999936044216156,0.3204236328601837,0.39061346650123596,0.1967998892068863,0.9995987415313721,0.4708980917930603,0.4360567629337311,-0.2961573600769043,0.8830216526985168,0.38948854804039,0.4442662298679352,0.3763754069805145,0.2214587777853012,0.45211371779441833,0.49543944001197815,-0.15893957018852234,0.7473316192626953,0.3870364725589752,0.4879024624824524,0.24524900317192078,0.49035608768463135,0.43505626916885376,0.5020616054534912,-0.1769736111164093,0.6866610050201416,0.3780028522014618,0.49439507722854614,0.2303096354007721,0.5111557245254517,0.42641860246658325,0.4966786503791809,-0.1897394359111786,0.6888177394866943,0.3704261779785156,0.4937249720096588,0.20450998842716217,0.5126715898513794,0.43159326910972595,0.49482855200767517,-0.15504682064056396,0.6399270296096802,0.37591904401779175,0.49176764488220215,0.22285018861293793,0.497774600982666,0.3901466429233551,0.5581830739974976,-0.21015001833438873,0.9998914003372192,0.3508266806602478,0.5585920810699463,0.21002919971942902,0.9997810125350952,0.3579876720905304,0.6720619797706604,-0.16056564450263977,0.9184393286705017,0.29997536540031433,0.6536968946456909,0.16059371829032898,0.4571684002876282,0.3955327272415161,0.7915194630622864,-0.03203996270895004,0.9259968996047974,0.33905860781669617,0.7665486931800842,0.312786728143692,0.7475007772445679,0.42771461606025696,0.8100908398628235,-0.030589528381824493,0.8953248262405396,0.36185595393180847,0.7854400873184204,0.3221963346004486,0.7822859287261963,0.31148114800453186,0.828910231590271,-0.24080616235733032,0.9431297183036804,0.277561753988266,0.7980392575263977,0.12162954360246658,0.8241586685180664
208,6.933333333333334,0.2871878743171692,0.3416110575199127,-0.5220351815223694,0.9998807907104492,0.30419737100601196,0.329711377620697,-0.513451337814331,0.9998254179954529,0.3142828345298767,0.3282126486301422,-0.5139563679695129,0.9997655749320984,0.32283493876457214,0.32726454734802246,-0.513903796672821,0.9998539686203003,0.28276148438453674,0.3299129605293274,-0.4667203724384308,0.9998838305473328,0.277858704328537,0.32959187030792236,-0.4672422707080841,0.9998933672904968,0.27233073115348816,0.3293914198875427,-0.4674493968486786,0.9999310970306396,0.3443177044391632,0.332252562046051,-0.37749573588371277,0.9998693466186523,0.27795833349227905,0.3332040011882782,-0.16527758538722992,0.9997810125350952,0.3053910732269287,0.3536157011985779,-0.46236106753349304,0.9997244477272034,0.28177985548973083,0.35378581285476685,-0.4052059054374695,0.9996939897537231,0.35724642872810364,0.3832767903804779,-0.3764980733394623,0.9999420046806335,0.3029938042163849,0.3914341330528259,0.18628764152526855,0.9995880126953125,0.4919840097427368,0.43451428413391113,-0.300438791513443,0.8942251205444336,0.37077099084854126,0.4452687203884125,0.37040406465530396,0.19984883069992065,0.4544881582260132,0.4949721693992615,-0.20813781023025513,0.7491723895072937,0.3546772003173828,0.49521660804748535,0.2219913899898529,0.44225892424583435,0.43548816442489624,0.5041284561157227,-0.22531826794147491,0.6772529482841492,0.36560332775115967,0.5002385377883911,0.19268295168876648,0.4620257318019867,0.42708906531333923,0.4989192485809326,-0.2378438115119934,0.679518461227417,0.3490860164165497,0.49935221672058105,0.14059384167194366,0.4634793698787689,0.43291154503822327,0.4960103929042816,-0.20436424016952515,0.627794623374939,0.35175320506095886,0.496359258890152,0.18927694857120514,0.4499846398830414,0.3862033784389496,0.5581159591674805,-0.21019162237644196,0.9998976588249207,0.33235445618629456,0.5585353374481201,0.21006548404693604,0.9997884631156921,0.35465773940086365,0.6724917888641357,-0.18153101205825806,0.9256299734115601,0.30166110396385193,0.6631125807762146,0.2007201462984085,0.4764089286327362,0.3983474671840668,0.7900320291519165,0.01070465799421072,0.9330487847328186,0.3392942547798157,0.7706061005592346,0.3981345593929291,0.7676644325256348,0.42892467975616455,0.8083600997924805,0.02013026736676693,0.9034827947616577,0.3656556308269501,0.7881243228912354,0.4090963900089264,0.7968230247497559,0.3173350691795349,0.8286167979240417,-0.19672533869743347,0.9483245611190796,0.28257808089256287,0.8034823536872864,0.2271130234003067,0.8380431532859802
209,6.966666666666667,0.28879624605178833,0.34145426750183105,-0.5387058854103088,0.9998905062675476,0.30597448348999023,0.3283652365207672,-0.5223050117492676,0.9998404383659363,0.31561553478240967,0.32748422026634216,-0.5228251218795776,0.9997864961624146,0.323893666267395,0.3274492621421814,-0.5227811336517334,0.9998669028282166,0.2842792868614197,0.32902419567108154,-0.4817323386669159,0.9998928308486938,0.27914103865623474,0.3287754952907562,-0.4822777509689331,0.9999009370803833,0.27453911304473877,0.32865041494369507,-0.4825362265110016,0.9999350309371948,0.34512993693351746,0.3335022032260895,-0.3656308352947235,0.9998810887336731,0.27912604808807373,0.3330663740634918,-0.17848332226276398,0.9997863173484802,0.3057655692100525,0.35220229625701904,-0.4719740152359009,0.9997472763061523,0.28248846530914307,0.35328710079193115,-0.42262089252471924,0.9997125267982483,0.3784255087375641,0.3874127268791199,-0.37239646911621094,0.9999471306800842,0.28281542658805847,0.3974568545818329,0.15121744573116302,0.9995948076248169,0.5157658457756042,0.4366934299468994,-0.29252883791923523,0.9039992094039917,0.34136608242988586,0.4559051990509033,0.2845253348350525,0.1816180944442749,0.4532237946987152,0.497750461101532,-0.22463268041610718,0.741263210773468,0.3384878933429718,0.5044916272163391,0.07674410939216614,0.3997771143913269,0.43209224939346313,0.5075579881668091,-0.2438986599445343,0.6599716544151306,0.338554322719574,0.515234112739563,0.03785602003335953,0.4191287159919739,0.42496708035469055,0.5040256381034851,-0.26252177357673645,0.6631399989128113,0.33322250843048096,0.5143495202064514,-0.012751511298120022,0.4206043779850006,0.4310893714427948,0.500848114490509,-0.2173636257648468,0.6094845533370972,0.3341255486011505,0.509807288646698,0.04727105051279068,0.40827101469039917,0.3904092013835907,0.5580683946609497,-0.1947159469127655,0.9999046325683594,0.31919342279434204,0.5585665106773376,0.19451944530010223,0.9998014569282532,0.3444208800792694,0.6725616455078125,-0.2190122753381729,0.9320566654205322,0.3010292947292328,0.6671351790428162,0.19816668331623077,0.5049359202384949,0.39313966035842896,0.7846068739891052,0.030394811183214188,0.9390304088592529,0.3377874195575714,0.7700702548027039,0.44545793533325195,0.7864343523979187,0.4210509955883026,0.7996432185173035,0.046756092458963394,0.9082460403442383,0.36256933212280273,0.7878167033195496,0.4627301096916199,0.8084609508514404,0.31873786449432373,0.8243776559829712,-0.1786215901374817,0.9525967240333557,0.2911665737628937,0.8046530485153198,0.2817554175853729,0.8506358861923218
210,7.0,0.29167187213897705,0.34073466062545776,-0.5580278038978577,0.999894380569458,0.30804452300071716,0.32781997323036194,-0.534119188785553,0.9998484253883362,0.31763505935668945,0.32783231139183044,-0.5346761345863342,0.9997997879981995,0.3256688714027405,0.3285455107688904,-0.5346448421478271,0.9998748302459717,0.28751441836357117,0.32833003997802734,-0.5010831356048584,0.9998955130577087,0.2821979224681854,0.32824546098709106,-0.5016628503799438,0.9999021887779236,0.2772582471370697,0.3282439410686493,-0.5019938349723816,0.9999330639839172,0.3476807773113251,0.33483976125717163,-0.3542807400226593,0.9998897314071655,0.280152827501297,0.33316051959991455,-0.20096847414970398,0.9997708797454834,0.30910637974739075,0.3512939512729645,-0.48248904943466187,0.9997615218162537,0.2854119837284088,0.3526204824447632,-0.44332265853881836,0.9997162222862244,0.39738693833351135,0.3926907181739807,-0.30023664236068726,0.9999497532844543,0.26715973019599915,0.4021639823913574,0.10581789910793304,0.9995803833007812,0.5243462920188904,0.4415440559387207,-0.19580203294754028,0.9102818369865417,0.31094107031822205,0.4629324972629547,0.25282958149909973,0.16690756380558014,0.4516203999519348,0.5002798438072205,-0.14255835115909576,0.71636962890625,0.3239096403121948,0.512540340423584,0.09187273681163788,0.3619360029697418,0.42883193492889404,0.5100945234298706,-0.17090673744678497,0.632115364074707,0.3237404525279999,0.5249466300010681,0.058234237134456635,0.3811900019645691,0.42201149463653564,0.5073429942131042,-0.18750141561031342,0.6368361711502075,0.32424691319465637,0.5218583345413208,0.012378595769405365,0.38283365964889526,0.42847421765327454,0.504371702671051,-0.14115118980407715,0.5825152397155762,0.324103444814682,0.5180676579475403,0.06679926812648773,0.37152475118637085,0.38940438628196716,0.5589712858200073,-0.15711723268032074,0.9999079704284668,0.30767887830734253,0.560376763343811,0.1568761169910431,0.999808669090271,0.3411332368850708,0.6734126806259155,-0.19920343160629272,0.9364964365959167,0.29791828989982605,0.672997236251831,0.17547708749771118,0.5373108386993408,0.38539183139801025,0.7765530347824097,0.14322331547737122,0.9433791637420654,0.3365105390548706,0.7709008455276489,0.46821463108062744,0.8045440316200256,0.40809136629104614,0.7895174026489258,0.16689878702163696,0.9063768982887268,0.3616252839565277,0.7866973876953125,0.48981040716171265,0.8173641562461853,0.32830142974853516,0.8194257020950317,-0.07398191839456558,0.9554186463356018,0.3016681373119354,0.8074795603752136,0.2835344076156616,0.8623131513595581
211,7.033333333333333,0.2990732192993164,0.3401631712913513,-0.5323042869567871,0.9998916387557983,0.3127140700817108,0.3272911608219147,-0.5040538311004639,0.9998450875282288,0.3235200345516205,0.32735833525657654,-0.504600465297699,0.9998008012771606,0.3319854736328125,0.3280336558818817,-0.5045586228370667,0.999874472618103,0.28924277424812317,0.3278796672821045,-0.48251816630363464,0.9998902082443237,0.2837074398994446,0.327889621257782,-0.48315098881721497,0.9998963475227356,0.277974933385849,0.3280082941055298,-0.48357102274894714,0.999925971031189,0.34956446290016174,0.334268718957901,-0.32289063930511475,0.9998929500579834,0.2829367518424988,0.3333527445793152,-0.2140863984823227,0.9997461438179016,0.31769606471061707,0.351025253534317,-0.4530121684074402,0.9997628927230835,0.28590959310531616,0.3519428074359894,-0.42876437306404114,0.9997052550315857,0.4145357310771942,0.3962523341178894,-0.19117341935634613,0.9999496340751648,0.2544024586677551,0.40486544370651245,0.035744648426771164,0.9995781183242798,0.5238656997680664,0.4474547803401947,-0.014122642576694489,0.9075276255607605,0.27525725960731506,0.4690595269203186,0.19977706670761108,0.1583588421344757,0.44352179765701294,0.5033479332923889,0.08676885813474655,0.6738874912261963,0.3063235580921173,0.5201901793479919,0.11030911654233932,0.3282853960990906,0.4206371307373047,0.5133599042892456,0.07489226013422012,0.591885507106781,0.3182123303413391,0.5333050489425659,0.0813826248049736,0.34669920802116394,0.4134761691093445,0.5097508430480957,0.05070092901587486,0.5973395109176636,0.31683433055877686,0.5289437174797058,0.03843766823410988,0.3483226001262665,0.4200374186038971,0.5068174600601196,0.085206538438797,0.5449662804603577,0.31036272644996643,0.5252841114997864,0.08357258886098862,0.337973952293396,0.3924174904823303,0.5589056015014648,-0.09429959207773209,0.9999146461486816,0.2964566648006439,0.5602049827575684,0.0941564217209816,0.9998233318328857,0.34899193048477173,0.6755466461181641,-0.13969777524471283,0.9401424527168274,0.2992968261241913,0.6738747358322144,0.13639014959335327,0.5687696933746338,0.3765619099140167,0.7728248834609985,0.23204421997070312,0.946856677532196,0.33266517519950867,0.7682743072509766,0.4945026934146881,0.8205288052558899,0.39135363698005676,0.7830542922019958,0.25848251581192017,0.8995980620384216,0.35191842913627625,0.7791865468025208,0.5230186581611633,0.8202345967292786,0.3306293189525604,0.8180941343307495,0.01613018848001957,0.957228422164917,0.2998485565185547,0.8063597679138184,0.3101330101490021,0.8718963265419006
212,7.066666666666666,0.3084805905818939,0.3395368754863739,-0.6366162896156311,0.9998801946640015,0.3223054111003876,0.3270335793495178,-0.5996108651161194,0.9998254179954529,0.3321512043476105,0.3270920217037201,-0.6001588106155396,0.9997812509536743,0.3411960303783417,0.32766544818878174,-0.6001063585281372,0.999860405921936,0.2987056076526642,0.32767054438591003,-0.5921154022216797,0.999875009059906,0.2908477783203125,0.32764577865600586,-0.592797577381134,0.9998807311058044,0.2848470211029053,0.3278049826622009,-0.5933106541633606,0.9999121427536011,0.3508577048778534,0.3339049518108368,-0.3626519441604614,0.9998849034309387,0.2850245535373688,0.33336371183395386,-0.328581303358078,0.9997009038925171,0.32683804631233215,0.3505290150642395,-0.5402978658676147,0.9997574687004089,0.29557669162750244,0.350678026676178,-0.5344067215919495,0.9996930956840515,0.4275657534599304,0.39851757884025574,-0.17942073941230774,0.9999473094940186,0.24959449470043182,0.4055301547050476,-0.1049729436635971,0.9995889067649841,0.5211219191551208,0.4520677626132965,0.041535358875989914,0.8951128125190735,0.25144925713539124,0.4778578281402588,0.05207818001508713,0.1627817004919052,0.4330320656299591,0.5047498345375061,0.09900067746639252,0.6434364318847656,0.25572097301483154,0.5329384207725525,-0.00013581944222096354,0.3017098903656006,0.41419151425361633,0.5158807039260864,0.08587653934955597,0.5631182193756104,0.26028138399124146,0.5498040914535522,-0.036913856863975525,0.31822264194488525,0.4059033989906311,0.51166170835495,0.04663350433111191,0.5698943734169006,0.2623494863510132,0.5485328435897827,-0.07345954328775406,0.3199641704559326,0.41114315390586853,0.5080367922782898,0.09030741453170776,0.5178033709526062,0.2650079131126404,0.5427638292312622,-0.016438789665699005,0.3100355863571167,0.3922636806964874,0.5588422417640686,-0.032313331961631775,0.9999202489852905,0.28631919622421265,0.5599424242973328,0.0321597196161747,0.9998363852500916,0.3523314297199249,0.6761384606361389,-0.08113327622413635,0.9408842921257019,0.2986643314361572,0.672504723072052,0.04996926337480545,0.5981848835945129,0.36679551005363464,0.7719880938529968,0.3215450942516327,0.9482877850532532,0.3297753930091858,0.7636631727218628,0.49313753843307495,0.8321858644485474,0.37301453948020935,0.7813158631324768,0.3493329882621765,0.8805707097053528,0.34497368335723877,0.7711294889450073,0.5291034579277039,0.8070077300071716,0.33243492245674133,0.8163608312606812,0.07963620126247406,0.9565317034721375,0.30549508333206177,0.80413818359375,0.2987392842769623,0.876019299030304
213,7.1,0.32117733359336853,0.3363639712333679,-0.5500195026397705,0.9998775720596313,0.33547359704971313,0.32639995217323303,-0.5292550325393677,0.9998093247413635,0.34444087743759155,0.32678544521331787,-0.5297773480415344,0.999755859375,0.35196080803871155,0.3274080455303192,-0.529721736907959,0.9998423457145691,0.3102203905582428,0.3268282413482666,-0.503485381603241,0.9998722672462463,0.30351147055625916,0.32700973749160767,-0.504123330116272,0.9998788237571716,0.2966846525669098,0.32744675874710083,-0.504529595375061,0.9999127984046936,0.3620877265930176,0.33353185653686523,-0.27610599994659424,0.9998630285263062,0.28936469554901123,0.33316874504089355,-0.25030508637428284,0.9997014403343201,0.33832165598869324,0.3484143316745758,-0.47797948122024536,0.9997680187225342,0.3077201545238495,0.34784090518951416,-0.4515281319618225,0.9997127056121826,0.4350038766860962,0.3993287682533264,-0.09893839806318283,0.999947190284729,0.24996598064899445,0.40437883138656616,-0.07971636205911636,0.9996275901794434,0.5098998546600342,0.45519915223121643,0.07397255301475525,0.8766668438911438,0.23066692054271698,0.4797630310058594,-0.007484793663024902,0.2344689816236496,0.425186425447464,0.5040732622146606,0.0417616032063961,0.6274852752685547,0.21227595210075378,0.5367377996444702,-0.20343367755413055,0.36708271503448486,0.4095502495765686,0.5156978368759155,0.014918813481926918,0.5519683361053467,0.20437701046466827,0.555050253868103,-0.26984190940856934,0.37975576519966125,0.4014407992362976,0.5122696757316589,-0.028011534363031387,0.5603476762771606,0.20781277120113373,0.5552912950515747,-0.31711581349372864,0.38186925649642944,0.40560951828956604,0.5083450078964233,0.028728710487484932,0.5077546834945679,0.21644988656044006,0.5492545366287231,-0.22770695388317108,0.37028631567955017,0.3915007710456848,0.5596926808357239,-0.008640998974442482,0.9999251961708069,0.2822800874710083,0.5598006248474121,0.008296926505863667,0.9998505711555481,0.352533221244812,0.6779325604438782,-0.045381586998701096,0.9354726076126099,0.294005423784256,0.6742160320281982,-0.023803748190402985,0.623101532459259,0.3556632995605469,0.7707350850105286,0.4195229113101959,0.941297709941864,0.31982871890068054,0.7603849172592163,0.4830288290977478,0.8326451778411865,0.35724276304244995,0.7773199081420898,0.45570826530456543,0.8426435589790344,0.3306610882282257,0.7636910080909729,0.5269936919212341,0.7704075574874878,0.3322535455226898,0.8158037066459656,0.2311379760503769,0.9474949240684509,0.30853271484375,0.8044155836105347,0.32012757658958435,0.8689768314361572
214,7.133333333333334,0.33421358466148376,0.33525025844573975,-0.43983742594718933,0.9998767971992493,0.34643444418907166,0.3262288570404053,-0.39997825026512146,0.9998001456260681,0.3549228608608246,0.32663026452064514,-0.4004453420639038,0.9997360110282898,0.3637722432613373,0.3272552788257599,-0.4003605246543884,0.999832034111023,0.3219573199748993,0.32648783922195435,-0.402817964553833,0.9998733401298523,0.3132539987564087,0.32684844732284546,-0.40351489186286926,0.9998789429664612,0.30727240443229675,0.32741671800613403,-0.40397903323173523,0.9999154806137085,0.37371301651000977,0.33342844247817993,-0.17951850593090057,0.9998442530632019,0.2973495125770569,0.33307620882987976,-0.24571143090724945,0.9997084140777588,0.3507952392101288,0.347092866897583,-0.3543201982975006,0.9997771978378296,0.32045304775238037,0.3474430739879608,-0.3639526665210724,0.9997313022613525,0.43978849053382874,0.40013766288757324,-0.017961842939257622,0.9999476075172424,0.2498978078365326,0.4029655456542969,-0.042749859392642975,0.9996630549430847,0.4918806254863739,0.457629919052124,0.1905473917722702,0.8281118869781494,0.21047329902648926,0.48081174492836,0.053555116057395935,0.2896019518375397,0.40850648283958435,0.5032962560653687,0.21684867143630981,0.5915794968605042,0.17134341597557068,0.5354939103126526,-0.08489662408828735,0.4252709150314331,0.39100193977355957,0.514351487159729,0.20775794982910156,0.5242912769317627,0.15758244693279266,0.5547578930854797,-0.13521654903888702,0.43457165360450745,0.38381779193878174,0.5108511447906494,0.16823513805866241,0.5332678556442261,0.15824957191944122,0.5556061863899231,-0.18542100489139557,0.43713992834091187,0.38804298639297485,0.5071707963943481,0.20681053400039673,0.48174670338630676,0.16982950270175934,0.5490357279777527,-0.10886290669441223,0.42414116859436035,0.3901109993457794,0.5622860193252563,0.016082383692264557,0.9999302625656128,0.27902987599372864,0.5609622597694397,-0.016474923118948936,0.9998636841773987,0.3661035895347595,0.685823380947113,0.00896313413977623,0.9111661911010742,0.29301488399505615,0.6898491382598877,-0.14592480659484863,0.630984902381897,0.34499281644821167,0.7715991139411926,0.4824792742729187,0.9121830463409424,0.32378968596458435,0.7582212686538696,0.4757852852344513,0.7926791310310364,0.3360314965248108,0.7788181304931641,0.5228132605552673,0.7856107950210571,0.3321014940738678,0.7602117657661438,0.5357911586761475,0.7078354358673096,0.3333415389060974,0.8181389570236206,0.3633159101009369,0.9167115688323975,0.3106030225753784,0.8045123815536499,0.40591830015182495,0.8235740065574646
215,7.166666666666667,0.3468898832798004,0.33519619703292847,-0.4247529208660126,0.9998692274093628,0.35626208782196045,0.3261052668094635,-0.385619193315506,0.999778687953949,0.3666982352733612,0.32649779319763184,-0.38609015941619873,0.9996944665908813,0.3738408386707306,0.3270973563194275,-0.3860146701335907,0.9998108744621277,0.331855833530426,0.3265863060951233,-0.39045894145965576,0.9998689889907837,0.3243376612663269,0.32715848088264465,-0.3911404013633728,0.9998722076416016,0.3163774609565735,0.32797670364379883,-0.3916037976741791,0.9999151229858398,0.38430431485176086,0.3332776725292206,-0.17128774523735046,0.9998078942298889,0.30759984254837036,0.3341187536716461,-0.21111313998699188,0.999702513217926,0.3635825216770172,0.3470633625984192,-0.33937057852745056,0.9997723698616028,0.3330196440219879,0.34772101044654846,-0.35102981328964233,0.9997386932373047,0.44385892152786255,0.4039798378944397,-0.01402660645544529,0.9999446272850037,0.25076401233673096,0.4022331237792969,-0.06237782910466194,0.9996933937072754,0.47028377652168274,0.4630564749240875,0.21024633944034576,0.7644178867340088,0.19378891587257385,0.4780219495296478,0.02757587470114231,0.3242627680301666,0.4008411765098572,0.504116952419281,0.26705169677734375,0.5439580678939819,0.12812380492687225,0.5344251394271851,-0.08831263333559036,0.4688006639480591,0.3864595293998718,0.5143694877624512,0.2660360038280487,0.4847817122936249,0.1071215495467186,0.5520487427711487,-0.13447418808937073,0.4723779857158661,0.37964582443237305,0.5110228061676025,0.22489632666110992,0.4937403202056885,0.10274526476860046,0.552226185798645,-0.1870095431804657,0.47636356949806213,0.382662832736969,0.5070939064025879,0.25676679611206055,0.44533413648605347,0.11472678929567337,0.546894907951355,-0.11304943263530731,0.4602673351764679,0.39066675305366516,0.566353440284729,0.02447681874036789,0.9999350905418396,0.2758573889732361,0.564770519733429,-0.024843228980898857,0.9998754858970642,0.3769984245300293,0.6883459687232971,0.02505529671907425,0.8846514225006104,0.28774726390838623,0.7077848315238953,-0.1949409544467926,0.6309297680854797,0.3411809802055359,0.7721591591835022,0.5058698058128357,0.8829552531242371,0.3199344277381897,0.7540329694747925,0.522800087928772,0.7379090189933777,0.3333982229232788,0.7802168130874634,0.5475869178771973,0.7316608428955078,0.32733529806137085,0.7523459196090698,0.5983943939208984,0.6463884115219116,0.33352822065353394,0.8199231028556824,0.4016776978969574,0.8831949830055237,0.31183406710624695,0.7998473644256592,0.5095763802528381,0.7647928595542908
216,7.2,0.3567737936973572,0.3386470377445221,-0.6817275285720825,0.9998713135719299,0.3668655455112457,0.3296937346458435,-0.6429202556610107,0.9997751116752625,0.3754527270793915,0.32992711663246155,-0.6434507369995117,0.999684751033783,0.3841859996318817,0.33033743500709534,-0.6433128714561462,0.9997990131378174,0.3415522575378418,0.3300844430923462,-0.6467442512512207,0.9998738169670105,0.3337920010089874,0.3305637240409851,-0.6474658250808716,0.9998778104782104,0.32620638608932495,0.331308513879776,-0.6479423642158508,0.999920129776001,0.3931480348110199,0.3360137343406677,-0.39315202832221985,0.9997831583023071,0.3153979182243347,0.33780306577682495,-0.41168272495269775,0.9997206926345825,0.3722977042198181,0.3502452075481415,-0.5814738869667053,0.9997760653495789,0.34389349818229675,0.35160893201828003,-0.5901452898979187,0.9997552037239075,0.4454653859138489,0.4098936915397644,-0.18521755933761597,0.9999266266822815,0.2543133497238159,0.4025844633579254,-0.21725811064243317,0.9997220635414124,0.44729962944984436,0.4763045310974121,-0.05831789970397949,0.7009711861610413,0.17106294631958008,0.47656354308128357,-0.11599703878164291,0.3827074468135834,0.38003623485565186,0.5145288109779358,-0.1776602417230606,0.49423694610595703,0.08386707305908203,0.5304983854293823,-0.25127559900283813,0.518283486366272,0.3613371253013611,0.5270674228668213,-0.2144019901752472,0.4422760307788849,0.053591739386320114,0.5465920567512512,-0.30433976650238037,0.5192186236381531,0.3620605170726776,0.5195800065994263,-0.2636549770832062,0.4508809745311737,0.04938233643770218,0.5463051795959473,-0.36814889311790466,0.5234217047691345,0.3664848804473877,0.5141040086746216,-0.1972801685333252,0.4063717722892761,0.06249447539448738,0.5415117740631104,-0.2809622585773468,0.5068381428718567,0.39102205634117126,0.5682557225227356,0.0032420242205262184,0.9999403953552246,0.2781910300254822,0.5643525123596191,-0.0036593761760741472,0.9998874664306641,0.3797256052494049,0.6879536509513855,0.0039696600288152695,0.8915161490440369,0.26970815658569336,0.7023070454597473,-0.05654945969581604,0.6625686883926392,0.340759813785553,0.7726723551750183,0.5066724419593811,0.8910092115402222,0.298193097114563,0.7591477632522583,0.528599739074707,0.7593693137168884,0.33247309923171997,0.7805763483047485,0.545784056186676,0.734930694103241,0.3081490099430084,0.7570046186447144,0.5810283422470093,0.6522995233535767,0.33408913016319275,0.8196104764938354,0.3349718451499939,0.8907798528671265,0.27456504106521606,0.8003343343734741,0.40877535939216614,0.7816622257232666
217,7.233333333333333,0.3620346486568451,0.34501877427101135,-0.6136447191238403,0.9998515248298645,0.3731953799724579,0.33435022830963135,-0.5722975134849548,0.9997352361679077,0.381466805934906,0.3342951238155365,-0.5727792978286743,0.9996272921562195,0.39044710993766785,0.33498865365982056,-0.5726081132888794,0.9997565150260925,0.3486808240413666,0.33618631958961487,-0.5746415257453918,0.9998563528060913,0.3404480814933777,0.33708062767982483,-0.5752774477005005,0.9998608827590942,0.3341064751148224,0.3377557098865509,-0.5757033228874207,0.9999127984046936,0.39839065074920654,0.3411407768726349,-0.3448168933391571,0.9997308850288391,0.32283279299736023,0.3438442349433899,-0.3310621976852417,0.9997066855430603,0.37836989760398865,0.35641634464263916,-0.5134119391441345,0.9997377991676331,0.34977322816848755,0.35681384801864624,-0.5199288129806519,0.9997314214706421,0.44683048129081726,0.41492003202438354,-0.15045443177223206,0.9998238682746887,0.25793328881263733,0.40557122230529785,-0.14486980438232422,0.9997010231018066,0.42725661396980286,0.48808401823043823,-0.12701895833015442,0.639159619808197,0.15226340293884277,0.47615647315979004,-0.0816308930516243,0.4004044234752655,0.3590610921382904,0.5306066274642944,-0.36880189180374146,0.44857802987098694,0.03580736368894577,0.5193026065826416,-0.2606469690799713,0.5209488272666931,0.3390502631664276,0.5433229804039001,-0.4308995008468628,0.40413567423820496,-0.004902133252471685,0.5271852612495422,-0.3200361132621765,0.5183739066123962,0.3416493237018585,0.5347520709037781,-0.46869537234306335,0.41290342807769775,-0.010531947948038578,0.5273348689079285,-0.3839288055896759,0.5274328589439392,0.3459654152393341,0.5293251276016235,-0.3878759741783142,0.3713361620903015,0.00825969036668539,0.5273302793502808,-0.29267004132270813,0.5099356174468994,0.3911663889884949,0.5700799226760864,0.010303349234163761,0.9999164342880249,0.28020232915878296,0.5643838047981262,-0.01067435834556818,0.9998762607574463,0.37896791100502014,0.691422164440155,0.005223664455115795,0.8954586386680603,0.268020361661911,0.696331799030304,-0.15300577878952026,0.6869717836380005,0.3355444371700287,0.7780235409736633,0.4898131489753723,0.8978357911109924,0.2705545127391815,0.7317763566970825,0.6092875003814697,0.7513303756713867,0.3286070227622986,0.7872158288955688,0.5282933115959167,0.7346394062042236,0.27513983845710754,0.7263202667236328,0.6867789626121521,0.6202287673950195,0.3341664969921112,0.8216126561164856,0.2989833950996399,0.8964775800704956,0.2636221945285797,0.7793630361557007,0.5383366346359253,0.7683639526367188
218,7.266666666666667,0.36736395955085754,0.35053595900535583,-0.6394565105438232,0.9998143315315247,0.3787057101726532,0.3399963676929474,-0.5951186418533325,0.9996863603591919,0.38658905029296875,0.3398799002170563,-0.5956536531448364,0.9995713233947754,0.39525774121284485,0.34022432565689087,-0.5954592227935791,0.9997179508209229,0.3540102541446686,0.34197112917900085,-0.6061670780181885,0.9998177886009216,0.34529176354408264,0.3426281809806824,-0.6068147420883179,0.999821662902832,0.33913394808769226,0.34293729066848755,-0.6072728633880615,0.9998846054077148,0.40078654885292053,0.3458643853664398,-0.3339552581310272,0.9997096657752991,0.32683420181274414,0.34820014238357544,-0.37955203652381897,0.9996439218521118,0.3825545310974121,0.36141136288642883,-0.5328245759010315,0.9996743202209473,0.354610800743103,0.3618154227733612,-0.5513441562652588,0.9996475577354431,0.4487205147743225,0.41669756174087524,-0.1297348290681839,0.9997090101242065,0.2599726915359497,0.4089421331882477,-0.21346214413642883,0.9993901252746582,0.42742565274238586,0.48204725980758667,-0.04398883879184723,0.5837937593460083,0.15091459453105927,0.46225157380104065,-0.19374707341194153,0.3834596276283264,0.3512856960296631,0.5241149663925171,-0.18583840131759644,0.40807729959487915,0.027977805584669113,0.48421382904052734,-0.3500728905200958,0.4756496250629425,0.3281485140323639,0.536725640296936,-0.22179512679576874,0.3708682656288147,-0.013385474681854248,0.4885939955711365,-0.4044625163078308,0.4740709066390991,0.3290140926837921,0.5291962027549744,-0.2577318847179413,0.38015344738960266,-0.026750819757580757,0.48764103651046753,-0.45469337701797485,0.484127938747406,0.3351159691810608,0.524071455001831,-0.19953179359436035,0.34109482169151306,-0.007248183712363243,0.4882492125034332,-0.3759893774986267,0.4686945676803589,0.39120039343833923,0.5733685493469238,0.04747606813907623,0.9998491406440735,0.2822108864784241,0.5657308101654053,-0.04785134643316269,0.9997740387916565,0.378648966550827,0.6938799619674683,0.047107283025979996,0.9000373482704163,0.2722817361354828,0.6948970556259155,-0.23272718489170074,0.7107678055763245,0.3376825451850891,0.7781201601028442,0.5265242457389832,0.9054622650146484,0.24611809849739075,0.7069464921951294,0.5947741866111755,0.7463243007659912,0.32937243580818176,0.7871728539466858,0.5653229355812073,0.7416802644729614,0.2427891194820404,0.6968540549278259,0.6795348525047302,0.591293215751648,0.33430975675582886,0.824174702167511,0.340663343667984,0.9031125903129578,0.22767692804336548,0.7640283703804016,0.554477334022522,0.7582343220710754
219,7.3,0.3687915802001953,0.35020849108695984,-0.602006733417511,0.9998171329498291,0.3798590302467346,0.33902448415756226,-0.5586036443710327,0.999689519405365,0.3878081440925598,0.33892861008644104,-0.5591261386871338,0.9995798468589783,0.3962195813655853,0.3394257128238678,-0.5589362978935242,0.9997221231460571,0.35586297512054443,0.34071221947669983,-0.5712875127792358,0.9998182058334351,0.3474569320678711,0.34159231185913086,-0.5719354152679443,0.9998229146003723,0.3408950865268707,0.3422243595123291,-0.5723638534545898,0.9998826384544373,0.40369534492492676,0.34517350792884827,-0.2943405210971832,0.9997218251228333,0.32920920848846436,0.34785327315330505,-0.3632483184337616,0.9996455311775208,0.3846301734447479,0.3615033030509949,-0.4995424151420593,0.9996690154075623,0.3560897409915924,0.3617056608200073,-0.5196099281311035,0.9996388554573059,0.4490758776664734,0.4150870442390442,-0.04472140595316887,0.9996572136878967,0.26258188486099243,0.4079134464263916,-0.24167993664741516,0.9992707371711731,0.42325299978256226,0.4785187244415283,0.10718680173158646,0.5356582403182983,0.1406809240579605,0.44368821382522583,-0.2826198637485504,0.4047836363315582,0.3442991077899933,0.5220217704772949,0.020201686769723892,0.37525349855422974,0.017264317721128464,0.45505794882774353,-0.4545462429523468,0.4490351974964142,0.32027512788772583,0.5327070951461792,0.003042601514607668,0.34676602482795715,-0.019325699657201767,0.45322805643081665,-0.5135704278945923,0.44820860028266907,0.3190169930458069,0.5264352560043335,-0.038989681750535965,0.3574328124523163,-0.04054238647222519,0.45449966192245483,-0.5513321757316589,0.46214157342910767,0.327534019947052,0.5237385034561157,0.004084705840796232,0.3197847306728363,-0.015535542741417885,0.456516832113266,-0.4758744537830353,0.4475952386856079,0.38984107971191406,0.5723673105239868,0.09362709522247314,0.99981290102005,0.2845611274242401,0.5654250979423523,-0.0940331220626831,0.9997239112854004,0.3828621804714203,0.6921617984771729,0.07664085924625397,0.907040536403656,0.301631897687912,0.6826580762863159,-0.3159465193748474,0.7386245727539062,0.33834677934646606,0.7783181071281433,0.5193858742713928,0.9141137003898621,0.22319912910461426,0.6967447400093079,0.38189569115638733,0.7683941125869751,0.3257388770580292,0.7871204018592834,0.5533701181411743,0.762236475944519,0.20283162593841553,0.6874158978462219,0.45576193928718567,0.6106594204902649,0.33454668521881104,0.8240202069282532,0.33685630559921265,0.9118354916572571,0.19708624482154846,0.7565894722938538,0.3231048583984375,0.7788348197937012
220,7.333333333333333,0.36902177333831787,0.3500403165817261,-0.5616627335548401,0.9998127818107605,0.3793851137161255,0.3381858766078949,-0.5122982263565063,0.9996777772903442,0.38857120275497437,0.33801454305648804,-0.5128809809684753,0.999571681022644,0.39603370428085327,0.3386506140232086,-0.512689471244812,0.9997157454490662,0.3547106981277466,0.340440571308136,-0.552382230758667,0.9998071789741516,0.34755057096481323,0.3409689664840698,-0.5530927777290344,0.9998132586479187,0.33986783027648926,0.34128648042678833,-0.5537124872207642,0.9998706579208374,0.4040675163269043,0.34489282965660095,-0.25283363461494446,0.9997308850288391,0.329938679933548,0.3456958830356598,-0.33248868584632874,0.9996271133422852,0.3840499818325043,0.36046335101127625,-0.4552128314971924,0.9996475577354431,0.3547183871269226,0.3612143099308014,-0.5131422877311707,0.9996048212051392,0.4479685425758362,0.41400662064552307,-0.02152075245976448,0.9996278285980225,0.26366835832595825,0.4032107889652252,-0.22315411269664764,0.9991427659988403,0.4157233238220215,0.4783289432525635,0.2519955635070801,0.4951057434082031,0.13597159087657928,0.4241606295108795,-0.2961612045764923,0.4306756258010864,0.34065762162208557,0.50971519947052,0.36646974086761475,0.3481181561946869,0.013938482850790024,0.421295702457428,-0.4829094409942627,0.43158331513404846,0.3180152177810669,0.5239099860191345,0.3847957253456116,0.3267645537853241,-0.02229430340230465,0.42076319456100464,-0.5402883887290955,0.43075117468833923,0.31646785140037537,0.5188091993331909,0.3369632065296173,0.3388504683971405,-0.03218666836619377,0.41846227645874023,-0.567375659942627,0.4488520622253418,0.3209470808506012,0.5139216184616089,0.35386404395103455,0.30287617444992065,-0.009009165689349174,0.41949018836021423,-0.5009304881095886,0.4349662959575653,0.3883676826953888,0.5701907873153687,0.09433741122484207,0.9997591972351074,0.2862681746482849,0.5612697601318359,-0.0946769192814827,0.9996307492256165,0.3820866048336029,0.6867814064025879,0.06242000684142113,0.9128628969192505,0.3137853145599365,0.6627568602561951,-0.3338874280452728,0.7629773616790771,0.338070273399353,0.7781400680541992,0.478643536567688,0.9215728044509888,0.21115286648273468,0.6858465671539307,0.3494047224521637,0.7858143448829651,0.32580047845840454,0.7859272956848145,0.5106019377708435,0.7783750891685486,0.18921390175819397,0.6771258115768433,0.42113614082336426,0.6205042600631714,0.33209261298179626,0.8244525790214539,0.3095335364341736,0.9191644191741943,0.1924886554479599,0.7432394027709961,0.30782240629196167,0.7951115965843201
221,7.366666666666666,0.37008213996887207,0.33866873383522034,-0.5278905630111694,0.9996131062507629,0.3795296549797058,0.32680052518844604,-0.477445513010025,0.9991511106491089,0.3891857862472534,0.32690364122390747,-0.4779685437679291,0.9988989233970642,0.3959443271160126,0.3272492587566376,-0.47777876257896423,0.9992460012435913,0.355758398771286,0.3273548185825348,-0.5042022466659546,0.9995059370994568,0.3488631546497345,0.32761290669441223,-0.5049095749855042,0.9995561242103577,0.3407098352909088,0.3277391791343689,-0.5054646134376526,0.9996691346168518,0.4039193391799927,0.3316737413406372,-0.2092839926481247,0.9994414448738098,0.3298109471797943,0.33116549253463745,-0.3178851902484894,0.9992262125015259,0.3844278156757355,0.3490084707736969,-0.420550674200058,0.9991169571876526,0.35563838481903076,0.3498081564903259,-0.46222060918807983,0.999088704586029,0.44657978415489197,0.39777320623397827,0.006162112113088369,0.9994157552719116,0.26343321800231934,0.38885924220085144,-0.17279641330242157,0.9988574981689453,0.4169299304485321,0.472603976726532,0.2053101360797882,0.4497669041156769,0.12783406674861908,0.4062056541442871,-0.2700825035572052,0.4510453939437866,0.35076987743377686,0.5124963521957397,0.2358892410993576,0.3147534728050232,0.0004393559065647423,0.3879714608192444,-0.5185018181800842,0.43278494477272034,0.3345855474472046,0.535151481628418,0.24420227110385895,0.2962871491909027,-0.034736696630716324,0.38558417558670044,-0.5839280486106873,0.42993399500846863,0.33403000235557556,0.5310571789741516,0.19709382951259613,0.30753496289253235,-0.0437718965113163,0.3812786340713501,-0.6121273040771484,0.45283326506614685,0.3387422263622284,0.5240401029586792,0.22146108746528625,0.2748830318450928,-0.021804124116897583,0.3835507035255432,-0.5389096736907959,0.4371059238910675,0.3866134285926819,0.5559810400009155,0.08160630613565445,0.9996464848518372,0.28739455342292786,0.5451409220695496,-0.08192166686058044,0.9995170831680298,0.3760744333267212,0.6690830588340759,0.03093443438410759,0.9114916920661926,0.3284381330013275,0.6396822929382324,-0.6176292896270752,0.7847607731819153,0.33624836802482605,0.7756814956665039,0.44255998730659485,0.9276466965675354,0.21620061993598938,0.678115725517273,-0.026644425466656685,0.8009458780288696,0.3256969153881073,0.7834980487823486,0.463483989238739,0.7886852025985718,0.1919991821050644,0.6724295616149902,0.034870509058237076,0.627865731716156,0.33115074038505554,0.8243229985237122,0.22982503473758698,0.9246461391448975,0.2008490264415741,0.7366138696670532,-0.11618019640445709,0.8096520900726318
222,7.4,0.3702319264411926,0.3246111273765564,-0.38380852341651917,0.9980701208114624,0.37920016050338745,0.31323105096817017,-0.33405038714408875,0.9950713515281677,0.388405442237854,0.31345266103744507,-0.33452126383781433,0.9936145544052124,0.3953178822994232,0.3136588931083679,-0.3343285322189331,0.9953613877296448,0.3561716675758362,0.31271278858184814,-0.34515148401260376,0.9974838495254517,0.3486427664756775,0.3126547038555145,-0.3458682596683502,0.9979521632194519,0.3403223752975464,0.3127279579639435,-0.3463726043701172,0.9985002875328064,0.40328094363212585,0.31755155324935913,-0.07323534786701202,0.9968584179878235,0.3294622600078583,0.3163880407810211,-0.12734287977218628,0.9968994855880737,0.3834560811519623,0.33505287766456604,-0.28231266140937805,0.9954887628555298,0.3558393716812134,0.33583277463912964,-0.30195823311805725,0.9961172342300415,0.445923775434494,0.3806678354740143,0.10516507178544998,0.9989469647407532,0.26406875252723694,0.3750308156013489,-0.0058502331376075745,0.9985358119010925,0.4125395119190216,0.4541023373603821,0.2730230689048767,0.4065060615539551,0.137510284781456,0.3884824812412262,-0.22180186212062836,0.44058477878570557,0.3586861491203308,0.5123453736305237,0.31857141852378845,0.28367042541503906,0.0255047008395195,0.3681642711162567,-0.39838480949401855,0.4294808804988861,0.3423942029476166,0.5323877334594727,0.33181774616241455,0.267281711101532,-0.006752634886652231,0.35561519861221313,-0.4621124565601349,0.4296506643295288,0.3344302773475647,0.528140127658844,0.2859738767147064,0.27749302983283997,-0.010723610408604145,0.3503270149230957,-0.48994123935699463,0.45599105954170227,0.3426819443702698,0.5217456221580505,0.3052659034729004,0.24804256856441498,0.004912256263196468,0.35667046904563904,-0.41918376088142395,0.43707698583602905,0.38499611616134644,0.5411053895950317,0.06378202140331268,0.9995758533477783,0.28758835792541504,0.5306737422943115,-0.064033642411232,0.9994744062423706,0.3698757290840149,0.6572075486183167,-0.06803793460130692,0.8999885320663452,0.33973199129104614,0.6163352131843567,-0.780509352684021,0.803378701210022,0.33084598183631897,0.7738046646118164,0.230449840426445,0.9317785501480103,0.22648784518241882,0.6790059804916382,-0.36585235595703125,0.8142103552818298,0.3173317611217499,0.7832462787628174,0.2465130090713501,0.7895398736000061,0.20081475377082825,0.6751189231872559,-0.32441145181655884,0.630957841873169,0.3313769996166229,0.8241755366325378,-0.0037793235387653112,0.9277007579803467,0.21808534860610962,0.7382588386535645,-0.5254369378089905,0.8227531313896179
223,7.433333333333334,0.3720164895057678,0.3152638077735901,-0.3252117931842804,0.9975137710571289,0.3804633617401123,0.3045445382595062,-0.27530038356781006,0.9932114481925964,0.38945913314819336,0.30469679832458496,-0.2757444679737091,0.990201473236084,0.39649248123168945,0.3048211336135864,-0.27553242444992065,0.9930531978607178,0.3576934337615967,0.30426281690597534,-0.2894116938114166,0.9968611001968384,0.34954971075057983,0.30442002415657043,-0.29018640518188477,0.9974202513694763,0.3408319354057312,0.30493250489234924,-0.29067400097846985,0.9982506036758423,0.40295150876045227,0.3076983690261841,-0.011217240244150162,0.9933109879493713,0.3292982578277588,0.30918997526168823,-0.07989295572042465,0.9958575963973999,0.38412266969680786,0.3250809609889984,-0.22292016446590424,0.9929522275924683,0.3573682904243469,0.3268735110759735,-0.2460462599992752,0.9946656823158264,0.44563260674476624,0.3663168251514435,0.16048429906368256,0.9988046884536743,0.26535943150520325,0.36416733264923096,0.012476688250899315,0.9986475706100464,0.3998391330242157,0.4328387379646301,0.28740638494491577,0.3662777245044708,0.14570362865924835,0.37370458245277405,-0.18113477528095245,0.4553624093532562,0.3484185039997101,0.4961908459663391,0.27080562710762024,0.25544124841690063,0.051250919699668884,0.34915077686309814,-0.5571134090423584,0.47603777050971985,0.3356071412563324,0.5126549005508423,0.2703932821750641,0.24081651866436005,0.023278696462512016,0.3368878960609436,-0.6461638808250427,0.475908100605011,0.33803901076316833,0.5106725692749023,0.22544875741004944,0.25002142786979675,0.016572147607803345,0.3291517198085785,-0.6686030626296997,0.5008090734481812,0.34242209792137146,0.5032144784927368,0.2559601962566376,0.22348499298095703,0.03547758236527443,0.3340516686439514,-0.5782206058502197,0.47791197896003723,0.38511958718299866,0.5317245721817017,0.06647340208292007,0.9996100664138794,0.28821229934692383,0.5213213562965393,-0.06672055274248123,0.9995230436325073,0.3612436056137085,0.6522511839866638,-0.06336117535829544,0.8571980595588684,0.3497834801673889,0.6106806993484497,-0.8404738306999207,0.8159295916557312,0.32072538137435913,0.7684171199798584,0.18411612510681152,0.9269188046455383,0.23543459177017212,0.6785615682601929,-0.4674929678440094,0.8131381273269653,0.2955632507801056,0.7781840562820435,0.19532591104507446,0.7751769423484802,0.2117607593536377,0.6797188520431519,-0.4292801320552826,0.6142488121986389,0.3406321108341217,0.8206130862236023,-0.009967589750885963,0.9203596115112305,0.22341980040073395,0.7422030568122864,-0.595127522945404,0.8236945867538452
224,7.466666666666667,0.37396353483200073,0.30817779898643494,-0.3177953362464905,0.9977094531059265,0.3820733428001404,0.29900500178337097,-0.26548925042152405,0.9937421083450317,0.39188462495803833,0.2990841269493103,-0.26596492528915405,0.9909005761146545,0.39869770407676697,0.2989387512207031,-0.2657123804092407,0.9935199022293091,0.3588424324989319,0.29866838455200195,-0.289630264043808,0.9971287250518799,0.3502558469772339,0.2988192141056061,-0.2903944253921509,0.9976436495780945,0.34161439538002014,0.29908695816993713,-0.29087767004966736,0.9984025955200195,0.4037964344024658,0.30215540528297424,0.009666669182479382,0.9936476945877075,0.32974517345428467,0.30405622720718384,-0.10503359884023666,0.9961933493614197,0.3856901526451111,0.31860995292663574,-0.2113899439573288,0.9932631254196167,0.35881170630455017,0.3208690285682678,-0.24779248237609863,0.9949925541877747,0.44534021615982056,0.35688531398773193,0.2196563482284546,0.9987339973449707,0.2708533704280853,0.355535089969635,-0.049073535948991776,0.9987762570381165,0.3914533853530884,0.4151977002620697,0.36284565925598145,0.33005353808403015,0.14904631674289703,0.3645508289337158,-0.4198431670665741,0.5047546625137329,0.3462012708187103,0.47797513008117676,0.3435889482498169,0.23011913895606995,0.08696962147951126,0.3454890847206116,-0.9231597781181335,0.5277612805366516,0.33490726351737976,0.49481305480003357,0.3452363610267639,0.2172188013792038,0.06694440543651581,0.3341672718524933,-1.043735146522522,0.5275835394859314,0.33751949667930603,0.492756187915802,0.29349690675735474,0.22553321719169617,0.08417630195617676,0.3259695768356323,-1.0502492189407349,0.5500682592391968,0.34052565693855286,0.48511752486228943,0.32518675923347473,0.20161479711532593,0.09509280323982239,0.3316974937915802,-0.9403061866760254,0.5285733938217163,0.38482895493507385,0.5251278877258301,0.10622689127922058,0.9996429681777954,0.2926930785179138,0.515032947063446,-0.10642734169960022,0.999568521976471,0.354416161775589,0.6420674920082092,0.0381777323782444,0.8214545845985413,0.36642616987228394,0.6023070812225342,-0.7818334698677063,0.8318036198616028,0.30779239535331726,0.7607166767120361,0.23837517201900482,0.9260715842247009,0.2408498078584671,0.6820138692855835,-0.5354728102684021,0.8256986737251282,0.2748366594314575,0.771808385848999,0.24544169008731842,0.782650887966156,0.22145602107048035,0.6851637363433838,-0.510749876499176,0.6304836869239807,0.3481760621070862,0.81006920337677,0.06471609324216843,0.9206722974777222,0.2578517198562622,0.7415637969970703,-0.6660758256912231,0.8366490602493286
225,7.5,0.375476211309433,0.3066594898700714,-0.2487671971321106,0.9979143738746643,0.3832783102989197,0.2959858179092407,-0.20031270384788513,0.9943013787269592,0.3933347165584564,0.29600849747657776,-0.200772225856781,0.9916803240776062,0.39997804164886475,0.2958798408508301,-0.2005639374256134,0.9940668344497681,0.35945403575897217,0.2957426607608795,-0.22922737896442413,0.9973949790000916,0.35056987404823303,0.29591104388237,-0.23000340163707733,0.9978635311126709,0.3417752683162689,0.2962113320827484,-0.2304643988609314,0.9985513687133789,0.40532010793685913,0.2989341616630554,0.05560857057571411,0.9941316843032837,0.3297552764415741,0.3006751835346222,-0.0814930871129036,0.9965308308601379,0.3884316384792328,0.31690317392349243,-0.1484307199716568,0.9936580657958984,0.36001285910606384,0.3185867369174957,-0.19122214615345,0.9953372478485107,0.4435616731643677,0.35257643461227417,0.2664821445941925,0.9987314343452454,0.2787163555622101,0.35204124450683594,-0.09359032660722733,0.998894453048706,0.395956814289093,0.41220369935035706,0.44510751962661743,0.2975314259529114,0.18156051635742188,0.36164671182632446,-0.482963889837265,0.5493530631065369,0.3491648733615875,0.47368988394737244,0.48989206552505493,0.2073218822479248,0.15846005082130432,0.35473576188087463,-0.9718033671379089,0.5735610127449036,0.3478284180164337,0.49003881216049194,0.504546582698822,0.19592809677124023,0.1363574117422104,0.3460502028465271,-1.0900474786758423,0.5733006000518799,0.3523101508617401,0.48746663331985474,0.4510197639465332,0.20344389975070953,0.15770670771598816,0.33961421251296997,-1.0903427600860596,0.5936517119407654,0.35312479734420776,0.48012590408325195,0.47176381945610046,0.18191494047641754,0.17031444609165192,0.3454172611236572,-0.9858912825584412,0.5725379586219788,0.3843386769294739,0.5219203233718872,0.12640494108200073,0.9996728897094727,0.296263724565506,0.5116104483604431,-0.12661483883857727,0.9996095895767212,0.3466706871986389,0.6402844786643982,0.0677640289068222,0.7792345881462097,0.3840588331222534,0.5926285982131958,-0.6975537538528442,0.8447352647781372,0.2910844385623932,0.7614008188247681,0.15651950240135193,0.9211342334747314,0.26566508412361145,0.6885876059532166,-0.6301666498184204,0.837288498878479,0.25309324264526367,0.7730347514152527,0.1495860517024994,0.7893202304840088,0.22748485207557678,0.6929585933685303,-0.626446008682251,0.6464655995368958,0.3482363224029541,0.8038028478622437,-0.03242354840040207,0.9194907546043396,0.28126975893974304,0.7468776106834412,-0.8137692213058472,0.8485666513442993
226,7.533333333333333,0.37820273637771606,0.3083140552043915,-0.27759483456611633,0.9980877637863159,0.3863791227340698,0.2963167130947113,-0.23274853825569153,0.9947893619537354,0.396515429019928,0.2959092855453491,-0.23321358859539032,0.9923648834228516,0.4023720324039459,0.2954948842525482,-0.2329689860343933,0.9945377111434937,0.3621896505355835,0.2970764636993408,-0.25981777906417847,0.997627317905426,0.3548750579357147,0.2972126603126526,-0.26056966185569763,0.9980565309524536,0.3461919128894806,0.2975035607814789,-0.26101115345954895,0.9986811280250549,0.4063285291194916,0.29894885420799255,0.01727241836488247,0.9945480227470398,0.33263033628463745,0.3027168810367584,-0.10937511920928955,0.9968269467353821,0.3923206627368927,0.31798338890075684,-0.17837181687355042,0.9939473271369934,0.36363640427589417,0.3191484808921814,-0.21840567886829376,0.9956004023551941,0.4434451162815094,0.3537888526916504,0.2242516577243805,0.9986444711685181,0.2878493070602417,0.353083074092865,-0.12862592935562134,0.9989991188049316,0.40080010890960693,0.42035025358200073,0.333805650472641,0.26826533675193787,0.21953676640987396,0.3621731102466583,-0.49655595421791077,0.5873816013336182,0.3533838391304016,0.4695529043674469,0.30874285101890564,0.18676090240478516,0.21102659404277802,0.3616856634616852,-0.9563955664634705,0.6123003363609314,0.3544069528579712,0.4855042099952698,0.30833446979522705,0.17673960328102112,0.1966334730386734,0.3591758608818054,-1.073521375656128,0.6122077703475952,0.3575301170349121,0.482011079788208,0.2619992196559906,0.18354672193527222,0.2109372466802597,0.35524195432662964,-1.069640040397644,0.6308125853538513,0.3583131432533264,0.4750032424926758,0.2928883135318756,0.1641448736190796,0.21911615133285522,0.35753583908081055,-0.9676557779312134,0.6080331206321716,0.3823893666267395,0.523768424987793,0.123153455555439,0.999693751335144,0.2972007393836975,0.5118425488471985,-0.12329045683145523,0.9996448755264282,0.3477150499820709,0.635502815246582,0.11059116572141647,0.7324592471122742,0.39478933811187744,0.5895797610282898,-0.6563933491706848,0.8564401865005493,0.2832917869091034,0.7516912817955017,0.2185385525226593,0.9123657941818237,0.294795423746109,0.7026753425598145,-0.5637182593345642,0.8493759036064148,0.2422383576631546,0.7681023478507996,0.21832667291164398,0.7891507148742676,0.2457709014415741,0.7191835641860962,-0.5569081902503967,0.6655251979827881,0.3462330996990204,0.7971694469451904,0.0370207279920578,0.915900707244873,0.314515084028244,0.7541717290878296,-0.7412261962890625,0.8604880571365356
227,7.566666666666666,0.38040801882743835,0.31049785017967224,-0.255717396736145,0.9982442855834961,0.38834089040756226,0.2994334101676941,-0.20939691364765167,0.9952386021614075,0.3982890248298645,0.29931142926216125,-0.20984512567520142,0.9930014610290527,0.40398916602134705,0.29909759759902954,-0.20962515473365784,0.9949816465377808,0.36379215121269226,0.29970842599868774,-0.23687005043029785,0.9978373646736145,0.3567807376384735,0.2999691367149353,-0.23762917518615723,0.9982302188873291,0.3475685715675354,0.30043265223503113,-0.23808293044567108,0.9987974762916565,0.40840959548950195,0.30242592096328735,0.042329370975494385,0.994953453540802,0.33487439155578613,0.3056459426879883,-0.08831604570150375,0.9970883727073669,0.394686758518219,0.3202359676361084,-0.15656308829784393,0.9942620396614075,0.3662489652633667,0.3215571939945221,-0.19720934331417084,0.995850145816803,0.4431506395339966,0.35766512155532837,0.25644105672836304,0.998635470867157,0.2950499951839447,0.35615605115890503,-0.12826846539974213,0.9990928173065186,0.40290141105651855,0.42617926001548767,0.3837153911590576,0.2425267994403839,0.2485114187002182,0.37503817677497864,-0.5039682388305664,0.6204540133476257,0.3657147288322449,0.4759105145931244,0.3561156094074249,0.16841363906860352,0.24246419966220856,0.37550413608551025,-0.9694043397903442,0.6430054903030396,0.37033241987228394,0.49150967597961426,0.35648617148399353,0.15971074998378754,0.23530690371990204,0.3746967315673828,-1.0898547172546387,0.6427068114280701,0.37368887662887573,0.4887380003929138,0.3013792634010315,0.1659034639596939,0.255012184381485,0.37162861227989197,-1.081786036491394,0.6598176956176758,0.37482118606567383,0.48218315839767456,0.3352155089378357,0.14843827486038208,0.26006144285202026,0.3737604320049286,-0.9792932868003845,0.6325004696846008,0.3804794251918793,0.5271204113960266,0.13666647672653198,0.9997180104255676,0.298258900642395,0.5159538984298706,-0.13677097856998444,0.9996782541275024,0.34800150990486145,0.640264630317688,0.13356737792491913,0.6941677927970886,0.41054636240005493,0.596835732460022,-0.6368680000305176,0.8686466217041016,0.2772025167942047,0.7548391819000244,0.23779256641864777,0.9039331078529358,0.3182717561721802,0.7282175421714783,-0.6042661666870117,0.8623118996620178,0.23388496041297913,0.7700570821762085,0.23701748251914978,0.7858665585517883,0.282731294631958,0.7436560392379761,-0.6049230098724365,0.687048614025116,0.3370476961135864,0.8012925982475281,0.04700646921992302,0.9117826819419861,0.36612650752067566,0.7868252992630005,-0.8257730007171631,0.8724701404571533
228,7.6,0.3875862956047058,0.31079381704330444,-0.20282036066055298,0.9984008073806763,0.3943437337875366,0.29983657598495483,-0.15575827658176422,0.9956811666488647,0.40264150500297546,0.29949289560317993,-0.15617559850215912,0.9936469793319702,0.40913137793540955,0.2998010218143463,-0.1559508591890335,0.9954323768615723,0.36966976523399353,0.2998785376548767,-0.18985357880592346,0.9980405569076538,0.36145347356796265,0.30041587352752686,-0.19063404202461243,0.9983981251716614,0.3529864549636841,0.3009476065635681,-0.19106805324554443,0.9989100694656372,0.412480890750885,0.3037565052509308,0.09533249586820602,0.9953994750976562,0.3409058451652527,0.30649417638778687,-0.06334090977907181,0.9973557591438293,0.400528222322464,0.3204110562801361,-0.10272204130887985,0.9946311712265015,0.37286698818206787,0.3223060667514801,-0.1516364961862564,0.996133029460907,0.4427681267261505,0.3617538809776306,0.3206593096256256,0.9986142516136169,0.3035319149494171,0.35933706164360046,-0.12753036618232727,0.9991779327392578,0.4049132764339447,0.42900705337524414,0.41491496562957764,0.21916387975215912,0.2820214331150055,0.38146018981933594,-0.4673417806625366,0.6517888903617859,0.37528377771377563,0.4767720699310303,0.33729860186576843,0.15184035897254944,0.3076097369194031,0.411182165145874,-0.8371441960334778,0.6659827828407288,0.3761204183101654,0.4926026463508606,0.33260247111320496,0.14436927437782288,0.31380555033683777,0.42615222930908203,-0.9400757551193237,0.666138231754303,0.3784901201725006,0.48893848061561584,0.284956157207489,0.14998330175876617,0.32317620515823364,0.4219576418399811,-0.9307672381401062,0.6814604997634888,0.3794603943824768,0.4820912480354309,0.31751057505607605,0.13428202271461487,0.3207889795303345,0.4186944365501404,-0.8423619866371155,0.6484696269035339,0.37966254353523254,0.528447151184082,0.15282075107097626,0.9997440576553345,0.3032560348510742,0.5190728306770325,-0.1530393660068512,0.9997096657752991,0.3468979001045227,0.6442434787750244,0.10899843275547028,0.7033405900001526,0.4176394045352936,0.60537189245224,-0.5329371690750122,0.8813202977180481,0.2679785490036011,0.7641388177871704,0.11816027015447617,0.9097357988357544,0.3548743426799774,0.7475565671920776,-0.5818867683410645,0.8757821321487427,0.22652746737003326,0.7794257402420044,0.10569082200527191,0.8013331294059753,0.31497886776924133,0.7634120583534241,-0.5925021171569824,0.7163828611373901,0.32211655378341675,0.8076454997062683,-0.06905923783779144,0.9175624847412109,0.43512585759162903,0.7989048361778259,-0.7964124083518982,0.8848364949226379
229,7.633333333333334,0.39276838302612305,0.32342812418937683,-0.13761912286281586,0.9985508918762207,0.4014838635921478,0.3119591474533081,-0.0929943174123764,0.9960991740226746,0.40952011942863464,0.3115805685520172,-0.09340368211269379,0.9942615628242493,0.41710785031318665,0.3118547201156616,-0.09316165000200272,0.9958682060241699,0.3769908547401428,0.31295305490493774,-0.12342565506696701,0.9982307553291321,0.36813387274742126,0.31337374448776245,-0.12418082356452942,0.9985546469688416,0.36109283566474915,0.3133634924888611,-0.12452276051044464,0.9990159273147583,0.42058560252189636,0.3156193494796753,0.1466614454984665,0.995835542678833,0.3497081696987152,0.31588584184646606,0.00743470573797822,0.9976099133491516,0.40518516302108765,0.3334771990776062,-0.04099651798605919,0.9950841665267944,0.37834760546684265,0.33284199237823486,-0.08430846780538559,0.9964613914489746,0.4419679045677185,0.37478694319725037,0.3626483082771301,0.9986525774002075,0.3120456039905548,0.3644408881664276,-0.06673877686262131,0.9992578625679016,0.4063316285610199,0.4471537172794342,0.34752798080444336,0.19884008169174194,0.31984996795654297,0.4207141399383545,-0.34611067175865173,0.6841911673545837,0.38487404584884644,0.47701364755630493,0.07134412974119186,0.1377304196357727,0.357819139957428,0.45111513137817383,-0.650713324546814,0.697918713092804,0.3786662518978119,0.5013050436973572,0.030618874356150627,0.1324891746044159,0.3643891513347626,0.45931482315063477,-0.7458899021148682,0.6982035636901855,0.37962260842323303,0.4910728931427002,-0.006471247877925634,0.13769088685512543,0.36768633127212524,0.4526440501213074,-0.7413920760154724,0.7120058536529541,0.38036105036735535,0.4841994643211365,0.04985252395272255,0.12324892729520798,0.3660605549812317,0.4503273069858551,-0.6544411182403564,0.6808925271034241,0.3779561221599579,0.5298873782157898,0.14842167496681213,0.9997665286064148,0.31060582399368286,0.5204199552536011,-0.14867696166038513,0.9997376799583435,0.34784695506095886,0.6447956562042236,0.021312221884727478,0.7079418301582336,0.41610634326934814,0.6090041995048523,-0.4473422169685364,0.8926873207092285,0.25481098890304565,0.7737740874290466,-0.10265766084194183,0.9106436371803284,0.3852047026157379,0.7639445066452026,-0.6176546216011047,0.8878071904182434,0.20913609862327576,0.7914282083511353,-0.12589210271835327,0.8141367435455322,0.347624272108078,0.7831374406814575,-0.6397863626480103,0.7431812286376953,0.3189902901649475,0.8104308843612671,-0.3035159707069397,0.9213588237762451,0.48033633828163147,0.8065334558486938,-0.848963737487793,0.8959028124809265
230,7.666666666666667,0.40437233448028564,0.33537575602531433,-0.22174698114395142,0.9986881017684937,0.4107416868209839,0.32565560936927795,-0.17546427249908447,0.9964793920516968,0.41817113757133484,0.32525086402893066,-0.1759200096130371,0.9948210120201111,0.4245912432670593,0.3250962495803833,-0.17567935585975647,0.9962679147720337,0.3890222907066345,0.3265840709209442,-0.20851540565490723,0.9984029531478882,0.38093456625938416,0.32682910561561584,-0.20924964547157288,0.9986959099769592,0.37202131748199463,0.32673409581184387,-0.20963221788406372,0.999111533164978,0.42396116256713867,0.32915517687797546,0.06959681957960129,0.9962307214736938,0.35881778597831726,0.33014896512031555,-0.08547437191009521,0.9978366494178772,0.4140865206718445,0.3462081551551819,-0.1232566386461258,0.9954915046691895,0.3910197913646698,0.34548500180244446,-0.16872890293598175,0.9967477917671204,0.44181984663009644,0.39178577065467834,0.316866397857666,0.998701810836792,0.3246503472328186,0.38002854585647583,-0.20738793909549713,0.9993276000022888,0.41899964213371277,0.46782732009887695,0.3391488790512085,0.18011927604675293,0.355127215385437,0.4504930377006531,-0.4225837290287018,0.7103967666625977,0.3980647921562195,0.5317859649658203,0.08913245797157288,0.12444042414426804,0.3979266583919525,0.4879237115383148,-0.6400347948074341,0.7177714109420776,0.3926924765110016,0.5518061518669128,0.06148003041744232,0.1203359067440033,0.4105065166950226,0.4934096336364746,-0.7291914820671082,0.7179847359657288,0.39023450016975403,0.5397719144821167,0.013233078643679619,0.12508569657802582,0.4064187705516815,0.48865094780921936,-0.7252312302589417,0.7303260564804077,0.3891821503639221,0.5290260910987854,0.06465800851583481,0.11201157420873642,0.4026801586151123,0.48760733008384705,-0.6421229839324951,0.6940202116966248,0.3743252754211426,0.5399221777915955,0.17760087549686432,0.9997879862785339,0.3192867636680603,0.5363455414772034,-0.17789463698863983,0.9997630715370178,0.33813920617103577,0.6516112089157104,0.08444411307573318,0.7055796384811401,0.4196431338787079,0.6341150999069214,-0.3656497895717621,0.9022082686424255,0.2456839233636856,0.7790073752403259,0.019084373489022255,0.910268247127533,0.4188365936279297,0.7707849740982056,-0.4879853129386902,0.8984273672103882,0.20184500515460968,0.7979753017425537,0.0011747475946322083,0.825122594833374,0.38935643434524536,0.7925159931182861,-0.5018540024757385,0.7664657831192017,0.318497896194458,0.8133424520492554,-0.16945992410182953,0.922868013381958,0.5186187028884888,0.8119452595710754,-0.7035235166549683,0.9053847193717957
231,7.7,0.4183729887008667,0.34423547983169556,-0.2501152753829956,0.9988177418708801,0.42440909147262573,0.3342222571372986,-0.20411430299282074,0.9968297481536865,0.42970383167266846,0.3338969051837921,-0.20457036793231964,0.9953365325927734,0.4343404471874237,0.333743155002594,-0.20434625446796417,0.9966389536857605,0.40353354811668396,0.33556944131851196,-0.2105817198753357,0.998561680316925,0.394104540348053,0.33592158555984497,-0.2112255096435547,0.9988256096839905,0.38661929965019226,0.3362181782722473,-0.21121522784233093,0.9991997480392456,0.43072938919067383,0.3380047082901001,0.04218003526329994,0.9966044425964355,0.3696098327636719,0.3394637405872345,-0.16923461854457855,0.9980506300926208,0.42651206254959106,0.355148583650589,-0.1513519436120987,0.995924174785614,0.4032660126686096,0.3549906015396118,-0.18907324969768524,0.9970577359199524,0.44353407621383667,0.402432382106781,0.3146314322948456,0.9987761974334717,0.3318917453289032,0.390718549489975,-0.26784080266952515,0.9993903636932373,0.42104196548461914,0.4726541042327881,0.387508362531662,0.16787271201610565,0.3735266923904419,0.4600415825843811,-0.3906838297843933,0.7382610440254211,0.42267006635665894,0.5271077156066895,0.14556850492954254,0.11868496984243393,0.4482883810997009,0.5214019417762756,-0.4227800965309143,0.7437082529067993,0.42679673433303833,0.5452829599380493,0.12766367197036743,0.11966624110937119,0.47215574979782104,0.5314379930496216,-0.4850635528564453,0.7429836988449097,0.4365105628967285,0.5397723913192749,0.08294273167848587,0.12476960569620132,0.4785875678062439,0.526425838470459,-0.4827890992164612,0.75401371717453,0.4301331043243408,0.5357255935668945,0.12673687934875488,0.11228980869054794,0.47221678495407104,0.5241743326187134,-0.42009255290031433,0.7188470959663391,0.3749255836009979,0.5522186160087585,0.19169244170188904,0.9998058080673218,0.3296563923358917,0.5498278141021729,-0.19206002354621887,0.9997849464416504,0.3345682919025421,0.6630338430404663,0.126183420419693,0.7194973230361938,0.43863460421562195,0.6539720892906189,-0.275023877620697,0.911085844039917,0.23954397439956665,0.7822884321212769,0.07260992377996445,0.9128695130348206,0.4547802805900574,0.7877082228660583,-0.32737302780151367,0.9080702662467957,0.19543597102165222,0.8032212257385254,0.058635808527469635,0.8372282385826111,0.42501300573349,0.8094504475593567,-0.33970576524734497,0.7882148027420044,0.3156062960624695,0.8164685368537903,-0.1110398918390274,0.9255027174949646,0.5624539852142334,0.8192816972732544,-0.48045259714126587,0.9139091968536377
232,7.733333333333333,0.42764735221862793,0.34908777475357056,-0.2898133099079132,0.998933732509613,0.4334169626235962,0.3384333848953247,-0.24262584745883942,0.9971442818641663,0.4385119080543518,0.33821284770965576,-0.24309439957141876,0.9957991242408752,0.4440053701400757,0.3381822407245636,-0.2428966909646988,0.9969717860221863,0.4120425879955292,0.33963704109191895,-0.2832219898700714,0.9987041354179382,0.4020884335041046,0.3402163088321686,-0.28389954566955566,0.9989420175552368,0.39438045024871826,0.3407559096813202,-0.28414928913116455,0.9992789626121521,0.44208845496177673,0.34191933274269104,-0.00010060553177027032,0.9969385862350464,0.3772786855697632,0.34403565526008606,-0.209177166223526,0.9982425570487976,0.4359076917171478,0.3598555624485016,-0.19057920575141907,0.9963015913963318,0.4107957184314728,0.36063045263290405,-0.2519948482513428,0.9973297119140625,0.44541698694229126,0.40891575813293457,0.27993589639663696,0.9988041520118713,0.3448222279548645,0.3984542489051819,-0.3003009557723999,0.9994471073150635,0.4262368083000183,0.49107590317726135,0.38942208886146545,0.1556866317987442,0.4006749391555786,0.4776217043399811,-0.39372122287750244,0.7639372944831848,0.42330750823020935,0.5603983402252197,0.23937702178955078,0.10993305593729019,0.4962528645992279,0.542834997177124,-0.4101172089576721,0.768430233001709,0.4185466468334198,0.5797085165977478,0.23699310421943665,0.1129346489906311,0.5233653783798218,0.5578962564468384,-0.47191646695137024,0.7671739459037781,0.4245002865791321,0.5816751718521118,0.17975743114948273,0.11783356219530106,0.5312674045562744,0.5541013479232788,-0.4655531048774719,0.7770463824272156,0.4248535633087158,0.5746860504150391,0.21488910913467407,0.10638873279094696,0.5239326357841492,0.5510326623916626,-0.40499454736709595,0.7439980506896973,0.38383394479751587,0.5651147365570068,0.18667392432689667,0.9998213052749634,0.34122785925865173,0.5608566999435425,-0.1870376020669937,0.999804675579071,0.3363278806209564,0.6707770824432373,0.12752732634544373,0.7286229133605957,0.45359006524086,0.6617404222488403,-0.2949816584587097,0.9187238812446594,0.23983976244926453,0.7825388312339783,0.09605243802070618,0.9138997197151184,0.47757208347320557,0.79142826795578,-0.28792619705200195,0.9165757894515991,0.19780288636684418,0.8018231391906738,0.08546547591686249,0.8473204374313354,0.4488823413848877,0.8134735822677612,-0.291110634803772,0.8075528144836426,0.31332919001579285,0.8194649815559387,-0.04431004077196121,0.9265269637107849,0.5769293308258057,0.8262346982955933,-0.4218953549861908,0.9212949872016907
233,7.766666666666667,0.4366465210914612,0.34893375635147095,-0.40843793749809265,0.999039888381958,0.44252505898475647,0.3385779559612274,-0.3646383583545685,0.9974294304847717,0.4484265148639679,0.3384246230125427,-0.36512666940689087,0.9962185621261597,0.45424678921699524,0.33836859464645386,-0.36491215229034424,0.9972740411758423,0.42013439536094666,0.33902591466903687,-0.41167205572128296,0.9988334774971008,0.41056740283966064,0.33932122588157654,-0.4123232066631317,0.9990476369857788,0.4027307331562042,0.33976608514785767,-0.41258975863456726,0.999350905418396,0.4518115222454071,0.3422360122203827,-0.1209152340888977,0.9972438812255859,0.3844100832939148,0.34494081139564514,-0.33308011293411255,0.9984177947044373,0.4445326030254364,0.35994550585746765,-0.30710604786872864,0.996665894985199,0.41931775212287903,0.36061495542526245,-0.37175533175468445,0.9975926876068115,0.445719450712204,0.40948089957237244,0.18833407759666443,0.9988868832588196,0.3569892942905426,0.40481990575790405,-0.40873607993125916,0.9995004534721375,0.431493878364563,0.49581456184387207,0.2975141406059265,0.14658807218074799,0.4380740821361542,0.48810869455337524,-0.4731469750404358,0.7872859239578247,0.4326084852218628,0.5660865902900696,0.1287745088338852,0.10332779586315155,0.5389387607574463,0.5536927580833435,-0.45549535751342773,0.791321873664856,0.42517712712287903,0.5886866450309753,0.11991428583860397,0.1089765653014183,0.5652194023132324,0.5692415237426758,-0.5199069380760193,0.7899745106697083,0.4287608563899994,0.5911611318588257,0.06113477423787117,0.11372440308332443,0.5734067559242249,0.5670331716537476,-0.5145772099494934,0.7988390922546387,0.42892494797706604,0.583051860332489,0.10255961865186691,0.10302011668682098,0.5669828057289124,0.5635145306587219,-0.45064252614974976,0.7685328125953674,0.3972455859184265,0.5716297626495361,0.19229744374752045,0.9998359680175781,0.36326220631599426,0.5687671303749084,-0.1926441639661789,0.9998229146003723,0.3702203035354614,0.6763747930526733,0.2462446391582489,0.747186005115509,0.46846702694892883,0.6744174361228943,-0.19914886355400085,0.9263633489608765,0.24792584776878357,0.7809914350509644,0.2868366837501526,0.9190056324005127,0.49121567606925964,0.8006452322006226,-0.1108391210436821,0.9246562719345093,0.2068074494600296,0.7993832230567932,0.28283554315567017,0.8594157099723816,0.45873352885246277,0.8219463229179382,-0.10517338663339615,0.8259606957435608,0.3149344027042389,0.8213386535644531,0.18294717371463776,0.9306760430335999,0.5823625922203064,0.8336655497550964,-0.22950023412704468,0.9286098480224609
234,7.8,0.4420584440231323,0.3493964374065399,-0.40117231011390686,0.9991354942321777,0.447451651096344,0.3385867476463318,-0.3559625446796417,0.9976861476898193,0.4540117084980011,0.33845505118370056,-0.3564271628856659,0.9965961575508118,0.4603305459022522,0.3383800983428955,-0.3562118113040924,0.9975461363792419,0.42489373683929443,0.3383618891239166,-0.4034478962421417,0.9989499449729919,0.41525065898895264,0.3384123742580414,-0.4041014015674591,0.9991427063941956,0.4076177775859833,0.3386293053627014,-0.40438252687454224,0.9994156956672668,0.4583853781223297,0.3418691158294678,-0.10379099100828171,0.9975188970565796,0.3879420757293701,0.3443487286567688,-0.31705230474472046,0.9985755681991577,0.45096299052238464,0.36042696237564087,-0.2967955768108368,0.9969938397407532,0.4249406158924103,0.36063116788864136,-0.3617020845413208,0.9978291988372803,0.4471685588359833,0.40879350900650024,0.19914834201335907,0.9989643692970276,0.3692842125892639,0.4072951674461365,-0.39356163144111633,0.9995478987693787,0.4360888600349426,0.4956778585910797,0.3044830858707428,0.1353791505098343,0.45657551288604736,0.49052661657333374,-0.46351295709609985,0.8078869581222534,0.42821380496025085,0.5639331936836243,0.14587394893169403,0.0950944796204567,0.5695635676383972,0.5479263663291931,-0.4190254211425781,0.811161994934082,0.4249853789806366,0.593195378780365,0.13715910911560059,0.10203970223665237,0.5978714823722839,0.5597691535949707,-0.4784199297428131,0.8093251585960388,0.42956313490867615,0.5852493047714233,0.08333702385425568,0.10642825812101364,0.6028522253036499,0.5579867959022522,-0.4703822135925293,0.8172114491462708,0.4290466606616974,0.5784903168678284,0.12193953990936279,0.09655836224555969,0.5957301259040833,0.5554617643356323,-0.41237831115722656,0.7883250117301941,0.41690874099731445,0.5735988616943359,0.1978783905506134,0.9998499751091003,0.3792261779308319,0.5737237930297852,-0.19820955395698547,0.9998396635055542,0.41766446828842163,0.6789025068283081,0.27095043659210205,0.7622359991073608,0.48243188858032227,0.6817382574081421,-0.22462201118469238,0.9333518147468567,0.26756998896598816,0.7737913727760315,0.3430916965007782,0.9223416447639465,0.49706485867500305,0.8063383102416992,-0.15234996378421783,0.9319987893104553,0.22051192820072174,0.782076895236969,0.3433219790458679,0.8684918880462646,0.46478816866874695,0.8270782232284546,-0.146831676363945,0.842572033405304,0.3167128264904022,0.8209377527236938,0.2553656995296478,0.9333257675170898,0.5892911553382874,0.8385096788406372,-0.27008330821990967,0.9353466629981995
235,7.833333333333333,0.4504726529121399,0.3501765727996826,-0.38919490575790405,0.9992212653160095,0.4542720913887024,0.3391727805137634,-0.344075471162796,0.9979169368743896,0.46288955211639404,0.3389400243759155,-0.34455394744873047,0.9969357252120972,0.46846672892570496,0.3387947082519531,-0.34434810280799866,0.9977908134460449,0.4315353333950043,0.3394792973995209,-0.39106059074401855,0.9990545511245728,0.4224534034729004,0.33960482478141785,-0.39167726039886475,0.9992281198501587,0.41403982043266296,0.33976906538009644,-0.39192840456962585,0.9994738698005676,0.4655742645263672,0.3429793119430542,-0.09644049406051636,0.9977660179138184,0.39480531215667725,0.34532690048217773,-0.3072717487812042,0.998717188835144,0.46045491099357605,0.3617171049118042,-0.286999374628067,0.9972854256629944,0.43346378207206726,0.3623771667480469,-0.35104697942733765,0.9980387091636658,0.45081600546836853,0.40891385078430176,0.18708106875419617,0.9990355968475342,0.37602970004081726,0.4106631278991699,-0.37653544545173645,0.9995887875556946,0.4390099346637726,0.4988618791103363,0.2700117826461792,0.1254849135875702,0.4774341285228729,0.49104753136634827,-0.43297067284584045,0.8254688382148743,0.4338354468345642,0.5651894807815552,0.07264793664216995,0.08807883411645889,0.5929959416389465,0.5302908420562744,-0.3497154712677002,0.8282108306884766,0.4360246956348419,0.5969818830490112,0.057048458606004715,0.0965728685259819,0.6238251328468323,0.537949800491333,-0.40417569875717163,0.8258172273635864,0.44007641077041626,0.587234616279602,0.006808318197727203,0.10059797763824463,0.6280938982963562,0.5346919298171997,-0.3932892382144928,0.8327626585960388,0.43700066208839417,0.5843336582183838,0.04899157956242561,0.09145582467317581,0.619556188583374,0.5333049893379211,-0.3416067063808441,0.804627537727356,0.44039371609687805,0.5768140554428101,0.18862198293209076,0.9998616576194763,0.3889698088169098,0.579048752784729,-0.1889263540506363,0.9998542070388794,0.4777180552482605,0.6867045164108276,0.24746358394622803,0.7626181840896606,0.49533432722091675,0.6891323328018188,-0.19635602831840515,0.9384692907333374,0.3106563091278076,0.7594379186630249,0.36180904507637024,0.9079145193099976,0.4932194650173187,0.8085557222366333,-0.07069914788007736,0.9379017353057861,0.27093279361724854,0.7590192556381226,0.3684535026550293,0.8590419292449951,0.46264657378196716,0.8290209770202637,-0.05803064629435539,0.8548519015312195,0.32835617661476135,0.8182803392410278,0.29755398631095886,0.9225918650627136,0.5826638340950012,0.8355137705802917,-0.16320087015628815,0.9401441216468811
236,7.866666666666666,0.45822444558143616,0.35129064321517944,-0.40401309728622437,0.9992987513542175,0.46120685338974,0.3401784598827362,-0.3553878664970398,0.998124897480011,0.4694135785102844,0.33994609117507935,-0.3558478355407715,0.9972416758537292,0.474557489156723,0.33968549966812134,-0.3556475043296814,0.9980113506317139,0.43753230571746826,0.3412525951862335,-0.404546856880188,0.9991489052772522,0.4299178123474121,0.34165531396865845,-0.4051489233970642,0.9993051290512085,0.4210904538631439,0.34214097261428833,-0.40539076924324036,0.99952632188797,0.47177234292030334,0.34451788663864136,-0.09465906023979187,0.9979889392852783,0.40310585498809814,0.34817421436309814,-0.31268954277038574,0.9988450407981873,0.46861669421195984,0.36307522654533386,-0.2971072793006897,0.9975523948669434,0.4435052275657654,0.363931268453598,-0.36362555623054504,0.9982312917709351,0.45708969235420227,0.41048160195350647,0.19667267799377441,0.9991048574447632,0.3816812336444855,0.4161650538444519,-0.38616302609443665,0.9996269345283508,0.4407132565975189,0.49688634276390076,0.2788834869861603,0.11554472148418427,0.4879946708679199,0.487978458404541,-0.4603020250797272,0.8418287634849548,0.4449745714664459,0.5594130754470825,0.11174262315034866,0.08082883059978485,0.6098775267601013,0.5183708071708679,-0.41588926315307617,0.8436416983604431,0.44381001591682434,0.5882235765457153,0.09771118313074112,0.09001998603343964,0.6415336728096008,0.5257405042648315,-0.4779573678970337,0.8406680226325989,0.44763949513435364,0.5826936960220337,0.04774097353219986,0.0936027392745018,0.6422836184501648,0.5138057470321655,-0.4606567919254303,0.8466688990592957,0.4454644024372101,0.5755780935287476,0.08851360529661179,0.0852908343076706,0.6337524652481079,0.5156514048576355,-0.4067244529724121,0.8190204501152039,0.454863965511322,0.5776287317276001,0.1963498443365097,0.9998745322227478,0.399383008480072,0.5812831521034241,-0.1965726613998413,0.9998684525489807,0.5329373478889465,0.6830670237541199,0.16463294625282288,0.7795761823654175,0.5107347369194031,0.6843148469924927,-0.2531299293041229,0.9442943334579468,0.37376663088798523,0.7477859258651733,0.3476905822753906,0.9010376334190369,0.5018758773803711,0.8081636428833008,-0.15029238164424896,0.9438776969909668,0.3245192766189575,0.749416172504425,0.36533528566360474,0.8577613830566406,0.4631894528865814,0.829278826713562,-0.13997793197631836,0.8679532408714294,0.38561177253723145,0.8100760579109192,0.30104872584342957,0.9195170998573303,0.5833062529563904,0.8386576771736145,-0.27070093154907227,0.9457030296325684
237,7.9,0.4641919434070587,0.35373789072036743,-0.43957510590553284,0.9993687868118286,0.467915803194046,0.3423258066177368,-0.39127692580223083,0.9983123540878296,0.4753374755382538,0.34196385741233826,-0.39175793528556824,0.9975174069404602,0.48053649067878723,0.3415673077106476,-0.391570121049881,0.9982101321220398,0.4432007670402527,0.3441259264945984,-0.4409225583076477,0.9992339611053467,0.43567484617233276,0.3448959290981293,-0.44151103496551514,0.9993745684623718,0.42644914984703064,0.34579047560691833,-0.44171926379203796,0.9995736479759216,0.4780900180339813,0.3467124402523041,-0.12702088057994843,0.9981899261474609,0.4072665274143219,0.35246846079826355,-0.34770700335502625,0.9989604353904724,0.4750606119632721,0.36540037393569946,-0.3309416174888611,0.9977961182594299,0.4499794840812683,0.3673087954521179,-0.3979640007019043,0.9984071850776672,0.466830313205719,0.4128193259239197,0.1898220032453537,0.9991838335990906,0.3851380944252014,0.4200643002986908,-0.4249495267868042,0.9996623396873474,0.44854652881622314,0.5025356411933899,0.32161304354667664,0.10569999366998672,0.5061050653457642,0.484915554523468,-0.48071998357772827,0.8566190600395203,0.44739431142807007,0.5659095644950867,0.1732637733221054,0.07393009960651398,0.6208841800689697,0.4808853566646576,-0.4123169779777527,0.8573986887931824,0.44480615854263306,0.5913177132606506,0.16933205723762512,0.08334595710039139,0.6523227095603943,0.4760190546512604,-0.46702224016189575,0.8538039922714233,0.45563364028930664,0.5806523561477661,0.12367122620344162,0.08645432442426682,0.6494780778884888,0.4678914546966553,-0.4486384391784668,0.85884028673172,0.44834908843040466,0.5773992538452148,0.15326952934265137,0.07891328632831573,0.6401987671852112,0.46982866525650024,-0.4013006389141083,0.8310047388076782,0.47625499963760376,0.5798056721687317,0.210154727101326,0.9998868107795715,0.41064244508743286,0.5843168497085571,-0.21040207147598267,0.9998814463615417,0.5844793319702148,0.6818801164627075,0.03247255086898804,0.7971992492675781,0.5210380554199219,0.6850375533103943,-0.27603182196617126,0.9495712518692017,0.4258965849876404,0.7461392283439636,0.31021612882614136,0.8905581831932068,0.5035716891288757,0.8076076507568359,-0.09190094470977783,0.9490463137626648,0.3797166049480438,0.7465293407440186,0.3350217938423157,0.8601540327072144,0.4717522859573364,0.8293353319168091,-0.07041552662849426,0.8785238862037659,0.4547744393348694,0.802698016166687,0.281808465719223,0.9164362549781799,0.586398720741272,0.8380800485610962,-0.190407857298851,0.9504371285438538
238,7.933333333333334,0.4682213366031647,0.3542724549770355,-0.41647371649742126,0.9994317889213562,0.4722955822944641,0.343252956867218,-0.368483304977417,0.998481035232544,0.47947341203689575,0.34280481934547424,-0.36896955966949463,0.9977655410766602,0.4844711422920227,0.34250277280807495,-0.36882588267326355,0.9983890056610107,0.4497915804386139,0.3448217511177063,-0.4134378731250763,0.9993104934692383,0.4417666494846344,0.34548696875572205,-0.4140019714832306,0.9994370937347412,0.4325442910194397,0.34621328115463257,-0.41421568393707275,0.999616265296936,0.48341289162635803,0.347504198551178,-0.10893458127975464,0.9983708262443542,0.4126425087451935,0.35219070315361023,-0.30936557054519653,0.9990642666816711,0.48005005717277527,0.3657132387161255,-0.3103969097137451,0.9980155825614929,0.4536702334880829,0.36744993925094604,-0.371473491191864,0.998565673828125,0.47787314653396606,0.4128473401069641,0.1912529468536377,0.999254584312439,0.38821956515312195,0.41828736662864685,-0.3899447023868561,0.9996946454048157,0.46379420161247253,0.503090500831604,0.32822245359420776,0.09785784780979156,0.5166914463043213,0.47879520058631897,-0.5518469214439392,0.8706757426261902,0.4717100262641907,0.574148416519165,0.19345685839653015,0.06849198788404465,0.6236546039581299,0.44475817680358887,-0.6296895742416382,0.8714153170585632,0.469730406999588,0.5953254103660583,0.1867082417011261,0.07857289165258408,0.6521167159080505,0.43230849504470825,-0.7087752819061279,0.8680108189582825,0.4753884971141815,0.5883362889289856,0.1395682692527771,0.081193707883358,0.6446763277053833,0.4240878224372864,-0.6783816814422607,0.8724881410598755,0.47274115681648254,0.5810405015945435,0.1729755699634552,0.07434331625699997,0.6351537108421326,0.42799630761146545,-0.6186425685882568,0.8467720150947571,0.4925979673862457,0.5798145532608032,0.20463299751281738,0.9998974204063416,0.4180265963077545,0.5858877897262573,-0.2048790454864502,0.999893069267273,0.6115267276763916,0.6815088987350464,-0.04414227977395058,0.81289142370224,0.5286020636558533,0.6922508478164673,-0.2416425496339798,0.9541657567024231,0.47379350662231445,0.7480896711349487,0.2945684790611267,0.8684723973274231,0.5013529658317566,0.8131788969039917,-0.0515073724091053,0.9533461332321167,0.42250892519950867,0.7510768175125122,0.32484516501426697,0.8581843972206116,0.46629688143730164,0.8362765312194824,-0.03201287239789963,0.8858078718185425,0.49590128660202026,0.796701192855835,0.26762858033180237,0.9064719080924988,0.5846544504165649,0.8395455479621887,-0.17208774387836456,0.9541540145874023
239,7.966666666666667,0.47164633870124817,0.3526025414466858,-0.446386456489563,0.999488353729248,0.4759702980518341,0.3415898382663727,-0.4005638062953949,0.9986327290534973,0.48297953605651855,0.3412916660308838,-0.40108081698417664,0.9979887008666992,0.4884236752986908,0.34116730093955994,-0.40094950795173645,0.9985498785972595,0.45359089970588684,0.342948853969574,-0.44111600518226624,0.9993793368339539,0.44563353061676025,0.34352201223373413,-0.4416607618331909,0.9994933009147644,0.43637004494667053,0.3441433310508728,-0.441893607378006,0.9996545910835266,0.4878082573413849,0.3459460139274597,-0.14530295133590698,0.9985335469245911,0.41588956117630005,0.3498895764350891,-0.3283325731754303,0.9991576075553894,0.4834910035133362,0.36416172981262207,-0.3420552909374237,0.9982119798660278,0.45510053634643555,0.36578959226608276,-0.39803916215896606,0.9987074732780457,0.4846881031990051,0.41142624616622925,0.14830654859542847,0.9993136525154114,0.3893130421638489,0.4147624373435974,-0.3924914598464966,0.9997228980064392,0.47038570046424866,0.5004178881645203,0.328492671251297,0.09043305367231369,0.5261713862419128,0.4672815799713135,-0.5822139382362366,0.8833125233650208,0.4840886890888214,0.5700286626815796,0.2755381762981415,0.06362757831811905,0.6243559122085571,0.4116401672363281,-0.702715277671814,0.8841297030448914,0.48230913281440735,0.5900323987007141,0.28220099210739136,0.07430953532457352,0.6447904706001282,0.39622440934181213,-0.7870449423789978,0.8809571862220764,0.48900100588798523,0.5835713148117065,0.23202840983867645,0.07653100043535233,0.6326108574867249,0.38913193345069885,-0.7558778524398804,0.8849578499794006,0.487535685300827,0.5762494802474976,0.2565481960773468,0.07034292817115784,0.6266400218009949,0.3944646716117859,-0.6938065886497498,0.8613994717597961,0.5024857521057129,0.5783268213272095,0.19828258454799652,0.9999066591262817,0.4254213869571686,0.5853189826011658,-0.1985618770122528,0.9999033808708191,0.6343308091163635,0.6715537905693054,0.0370098240673542,0.8276351690292358,0.5225216150283813,0.6930276155471802,-0.23720093071460724,0.9584264755249023,0.5423747301101685,0.7519944906234741,0.3919728994369507,0.8680123090744019,0.4998835325241089,0.8083044290542603,-0.011184783652424812,0.9574206471443176,0.5142080783843994,0.7562711238861084,0.4241013526916504,0.8608168363571167,0.46598777174949646,0.8304798007011414,0.012098532170057297,0.8921589851379395,0.5917325019836426,0.7994967699050903,0.35268864035606384,0.9074929356575012,0.5858628153800964,0.8403968811035156,-0.12959052622318268,0.9578781127929688
240,8.0,0.4740985929965973,0.3500930368900299,-0.41878658533096313,0.9995393753051758,0.48022744059562683,0.33936402201652527,-0.3743816018104553,0.9987693428993225,0.4867491126060486,0.33929747343063354,-0.37488529086112976,0.9981896877288818,0.49250131845474243,0.33938688039779663,-0.3747401833534241,0.9986947774887085,0.45751649141311646,0.339784175157547,-0.4139291048049927,0.9994413256645203,0.4490785002708435,0.33990857005119324,-0.41450902819633484,0.9995439052581787,0.44016319513320923,0.34042787551879883,-0.4147534668445587,0.9996891021728516,0.4919328987598419,0.34342220425605774,-0.13981416821479797,0.9986801147460938,0.41984596848487854,0.34546351432800293,-0.30627018213272095,0.9992417097091675,0.48556849360466003,0.361669659614563,-0.31880733370780945,0.9983899593353271,0.45814216136932373,0.362915575504303,-0.37242886424064636,0.9988358616828918,0.4980356991291046,0.40882986783981323,0.10287508368492126,0.9993768930435181,0.3869279623031616,0.4138765335083008,-0.3674469292163849,0.9997488260269165,0.48144620656967163,0.49726685881614685,0.22741495072841644,0.08982490003108978,0.5346205234527588,0.44292181730270386,-0.5458232164382935,0.8948296308517456,0.49618005752563477,0.5674165487289429,0.13991068303585052,0.06295902281999588,0.6188327670097351,0.3780916631221771,-0.4913584291934967,0.8955844044685364,0.4969002902507782,0.5879381895065308,0.13825036585330963,0.07568521797657013,0.6322484612464905,0.3597293496131897,-0.5507574677467346,0.8926007151603699,0.5022854804992676,0.5816916823387146,0.09094919264316559,0.07737051695585251,0.6195769309997559,0.3556388020515442,-0.5257020592689514,0.8961670398712158,0.4993942975997925,0.5740488767623901,0.12145233154296875,0.07148770242929459,0.6155272722244263,0.36283403635025024,-0.48286837339401245,0.8746181726455688,0.5170536637306213,0.5766620635986328,0.16807802021503448,0.9999156594276428,0.43626412749290466,0.5820537805557251,-0.1683053821325302,0.9999128580093384,0.6470142006874084,0.662883460521698,-0.11399377137422562,0.8441685438156128,0.5164409279823303,0.6931137442588806,-0.2215677946805954,0.9624173641204834,0.5652915239334106,0.7600151896476746,0.22087648510932922,0.8769751787185669,0.4988163709640503,0.8069685697555542,0.0037512292619794607,0.9612715244293213,0.5379413366317749,0.7721166610717773,0.2550279498100281,0.8696981072425842,0.4710283577442169,0.8276447057723999,0.02524934895336628,0.8987498879432678,0.6308740973472595,0.8014553189277649,0.16800051927566528,0.9140479564666748,0.5826297402381897,0.8376377820968628,-0.1219324991106987,0.9615089893341064
241,8.033333333333333,0.4750920534133911,0.34152352809906006,-0.3507338762283325,0.999580442905426,0.48194894194602966,0.33066707849502563,-0.3079364001750946,0.9988887906074524,0.489300400018692,0.33124735951423645,-0.3084811866283417,0.9983651041984558,0.49631980061531067,0.33164453506469727,-0.3084125816822052,0.998822033405304,0.4583800733089447,0.33013036847114563,-0.338767945766449,0.9994944334030151,0.4504576325416565,0.33040791749954224,-0.339269757270813,0.9995867013931274,0.4415005147457123,0.3306020200252533,-0.339537113904953,0.999718427658081,0.4972791075706482,0.33558356761932373,-0.0918218269944191,0.9988088011741638,0.42212703824043274,0.3360505700111389,-0.22481612861156464,0.9993117451667786,0.4867498278617859,0.3536875545978546,-0.26135140657424927,0.9985306262969971,0.4592187702655792,0.3527636229991913,-0.3043863773345947,0.9989321231842041,0.5108672380447388,0.39819568395614624,0.12317768484354019,0.9994153380393982,0.3825686573982239,0.40314945578575134,-0.2706183195114136,0.9997596740722656,0.48740455508232117,0.4957970678806305,0.25422418117523193,0.08347231894731522,0.5228008031845093,0.41982293128967285,-0.5187169909477234,0.9044181704521179,0.5093991160392761,0.5640210509300232,0.19552120566368103,0.058600038290023804,0.5980179905891418,0.35017189383506775,-0.5754296779632568,0.9052066802978516,0.5125758051872253,0.5896937251091003,0.19813136756420135,0.07114708423614502,0.6084215044975281,0.3305738866329193,-0.6505918502807617,0.9017437696456909,0.5195181369781494,0.5846493244171143,0.14752352237701416,0.07262656092643738,0.5992300510406494,0.3270443081855774,-0.6143186092376709,0.9047196507453918,0.5151258111000061,0.576633632183075,0.17667871713638306,0.06719387322664261,0.596125066280365,0.3337108790874481,-0.5672354698181152,0.883239209651947,0.5353443026542664,0.571630597114563,0.12751254439353943,0.999922513961792,0.4438107907772064,0.57980877161026,-0.1278318464756012,0.9999205470085144,0.6492456793785095,0.6610351800918579,-0.1296510100364685,0.8546961545944214,0.5078356266021729,0.6946830153465271,-0.12909311056137085,0.9614925384521484,0.5907350182533264,0.7613789439201355,0.23447558283805847,0.878995954990387,0.4945387840270996,0.8053785562515259,0.22375071048736572,0.9603984355926514,0.5620866417884827,0.7736135125160217,0.26309406757354736,0.8635231852531433,0.4739691913127899,0.8203828930854797,0.2562893331050873,0.876887321472168,0.6485750079154968,0.8056750297546387,0.1434873640537262,0.9148189425468445,0.5733440518379211,0.8359247446060181,0.09801387041807175,0.9592407941818237
242,8.066666666666666,0.4808814525604248,0.33278053998947144,-0.27350473403930664,0.9996055960655212,0.48636394739151,0.3221976161003113,-0.23448380827903748,0.9989868998527527,0.4937494099140167,0.32262417674064636,-0.23509114980697632,0.9985077381134033,0.5010586380958557,0.3228439390659332,-0.23500849306583405,0.9989282488822937,0.4624270498752594,0.32148343324661255,-0.26414430141448975,0.999535083770752,0.4541374146938324,0.32177138328552246,-0.264704167842865,0.9996180534362793,0.4459882974624634,0.32197535037994385,-0.26500141620635986,0.9997405409812927,0.5026844143867493,0.32690131664276123,-0.02997889183461666,0.9989154934883118,0.4272525906562805,0.3276880383491516,-0.16274917125701904,0.9993584752082825,0.4920942485332489,0.34411755204200745,-0.1895194798707962,0.9986056685447693,0.4649118185043335,0.34542912244796753,-0.23170003294944763,0.9989621043205261,0.5311291813850403,0.3864138126373291,0.14031308889389038,0.99944669008255,0.3799070119857788,0.39054644107818604,-0.20142319798469543,0.9997676610946655,0.5022974014282227,0.48475971817970276,0.286690890789032,0.0760689228773117,0.5054994821548462,0.40208864212036133,-0.4418894350528717,0.91045081615448,0.5197980403900146,0.55858314037323,0.3269045948982239,0.05332082137465477,0.5879971981048584,0.3190649449825287,-0.5641183257102966,0.9123362898826599,0.5149168968200684,0.587782621383667,0.34256887435913086,0.0649881511926651,0.581636369228363,0.3011597990989685,-0.6366357207298279,0.9080861210823059,0.5231180191040039,0.5816494822502136,0.29290053248405457,0.0663164034485817,0.5722472071647644,0.2982345223426819,-0.6068063974380493,0.9103254675865173,0.5194501876831055,0.5745798945426941,0.3101004362106323,0.06140594184398651,0.5671092867851257,0.3042681813240051,-0.5580816268920898,0.887342095375061,0.5466749668121338,0.5637283325195312,0.10660691559314728,0.9999287128448486,0.4466686546802521,0.5755064487457275,-0.10693366080522537,0.9999274611473083,0.643534779548645,0.6615837812423706,-0.05516340583562851,0.8472694754600525,0.5038072466850281,0.6922966241836548,-0.10175691545009613,0.9492703676223755,0.6116069555282593,0.7625759840011597,0.23134516179561615,0.8682295680046082,0.4916467070579529,0.8021348714828491,0.1434800922870636,0.9543382525444031,0.578494668006897,0.7739218473434448,0.2541907727718353,0.8387429714202881,0.47295069694519043,0.8182792663574219,0.16395577788352966,0.8419314026832581,0.6545339226722717,0.812081515789032,0.12013556063175201,0.9080243110656738,0.5689675807952881,0.8354135751724243,0.0007655371446162462,0.9531614184379578
243,8.1,0.4854557514190674,0.3266356587409973,-0.12527841329574585,0.9994890093803406,0.49120208621025085,0.3159785270690918,-0.1009075790643692,0.9989595413208008,0.4979513883590698,0.3163081705570221,-0.10155537724494934,0.9984782338142395,0.50449538230896,0.316568523645401,-0.10152019560337067,0.9989519119262695,0.46885910630226135,0.31527796387672424,-0.1155635416507721,0.9994511008262634,0.46001091599464417,0.3154096305370331,-0.11611975729465485,0.9995113015174866,0.45132091641426086,0.3156599998474121,-0.11640159040689468,0.999675452709198,0.5065338611602783,0.32034140825271606,0.03532295674085617,0.9989522695541382,0.4347672760486603,0.32074958086013794,-0.031049802899360657,0.9991223216056824,0.49188339710235596,0.33642610907554626,-0.06820356845855713,0.9984704852104187,0.46502959728240967,0.33839523792266846,-0.09117074310779572,0.9986432194709778,0.5551403164863586,0.3828199505805969,0.12130837142467499,0.9994810819625854,0.3786187767982483,0.38369959592819214,-0.06111663579940796,0.9997338652610779,0.5434515476226807,0.46784886717796326,0.2100396752357483,0.07346145063638687,0.4657176434993744,0.3907579779624939,-0.2899740934371948,0.9047892689704895,0.5497501492500305,0.5422714352607727,0.24525326490402222,0.05194351449608803,0.5075368285179138,0.30823203921318054,-0.4501674175262451,0.9083492755889893,0.5515096187591553,0.574205756187439,0.27215704321861267,0.06392060965299606,0.5099711418151855,0.2941659092903137,-0.5078442692756653,0.9036850333213806,0.5525743961334229,0.5718637704849243,0.28787103295326233,0.06523571163415909,0.49928146600723267,0.2856413722038269,-0.48724696040153503,0.904872477054596,0.5468114614486694,0.5633881688117981,0.25026097893714905,0.060139819979667664,0.49599146842956543,0.2923925220966339,-0.4508187472820282,0.8773040771484375,0.5582510828971863,0.5571832656860352,0.0626206174492836,0.9999327659606934,0.4471380412578583,0.5672178268432617,-0.06302935630083084,0.9999310374259949,0.6284963488578796,0.6623255014419556,-0.037793487310409546,0.823590874671936,0.5018000602722168,0.6920711994171143,-0.08314865082502365,0.9255993366241455,0.6149831414222717,0.7640161514282227,0.18189194798469543,0.8557429313659668,0.4961358308792114,0.796228289604187,0.08933568745851517,0.9446020722389221,0.5881403088569641,0.7751117944717407,0.19575220346450806,0.8016304969787598,0.4838636517524719,0.812374472618103,0.10354932397603989,0.7988241314888,0.6510863304138184,0.81501704454422,0.056201718747615814,0.9003206491470337,0.5659164190292358,0.8347920179367065,-0.04614764824509621,0.9450526833534241
244,8.133333333333333,0.4878164529800415,0.3228274881839752,-0.18825966119766235,0.9994637370109558,0.49524062871932983,0.31132620573043823,-0.15645238757133484,0.9989776611328125,0.5033639073371887,0.3112387955188751,-0.15705077350139618,0.9984980821609497,0.5095227360725403,0.31114423274993896,-0.15696007013320923,0.998985230922699,0.47142356634140015,0.3116268515586853,-0.16953641176223755,0.9994446039199829,0.4637593626976013,0.3114353120326996,-0.17012637853622437,0.9994948506355286,0.4549773335456848,0.3112081289291382,-0.17042605578899384,0.9996667504310608,0.5132057070732117,0.31391188502311707,0.01861095242202282,0.9989822506904602,0.4403139352798462,0.314481258392334,-0.03712887689471245,0.9990602731704712,0.4982316792011261,0.33285439014434814,-0.11631234735250473,0.9984303712844849,0.4690212607383728,0.334290087223053,-0.1371358186006546,0.9985414743423462,0.5703262686729431,0.3760983347892761,0.10953544825315475,0.9994834661483765,0.38133156299591064,0.38229718804359436,-0.041390858590602875,0.9997026920318604,0.5927026271820068,0.44430452585220337,0.11903642863035202,0.07062461227178574,0.41552987694740295,0.37538576126098633,-0.3081238865852356,0.9038538932800293,0.5439229607582092,0.47886401414871216,0.023457283154129982,0.04957836866378784,0.4304483234882355,0.29351142048835754,-0.5336436629295349,0.9100548624992371,0.5285307168960571,0.4928910732269287,0.010989031754434109,0.062209829688072205,0.4291577935218811,0.2772940993309021,-0.6070812344551086,0.9048152565956116,0.5270996689796448,0.49015966057777405,-0.007656510453671217,0.06364309042692184,0.41592153906822205,0.2721618413925171,-0.5883579254150391,0.9054161310195923,0.5259371399879456,0.4838257431983948,0.016364876180887222,0.05854693800210953,0.41874250769615173,0.27850186824798584,-0.5401872396469116,0.8765416145324707,0.5705267786979675,0.5507791042327881,0.050847433507442474,0.999932587146759,0.45485126972198486,0.558745801448822,-0.051232051104307175,0.9999329447746277,0.621283769607544,0.6679255366325378,-0.0004093743918929249,0.7929022312164307,0.5003143548965454,0.6852404475212097,-0.0873372033238411,0.9065093398094177,0.6115170121192932,0.7648210525512695,0.2291882038116455,0.8439595699310303,0.5085627436637878,0.7931423783302307,0.06352133303880692,0.937697172164917,0.5896119475364685,0.77538001537323,0.2389439195394516,0.7679521441459656,0.5037713050842285,0.806344211101532,0.07376748323440552,0.7654557824134827,0.6531792283058167,0.8165776133537292,0.09743864089250565,0.8914874196052551,0.5748822093009949,0.8348187208175659,-0.10104181617498398,0.9377880096435547
245,8.166666666666666,0.48883357644081116,0.32007497549057007,-0.24061982333660126,0.9994518160820007,0.4994824230670929,0.30870938301086426,-0.20267120003700256,0.9989911913871765,0.5079877376556396,0.30889394879341125,-0.20316632091999054,0.9985018968582153,0.5159064531326294,0.3088606595993042,-0.20305246114730835,0.9990072250366211,0.47281613945961,0.3083624243736267,-0.23206445574760437,0.9994415640830994,0.463833749294281,0.3087068498134613,-0.23265834152698517,0.9994853138923645,0.4556962847709656,0.3091057538986206,-0.23296397924423218,0.999664843082428,0.5204121470451355,0.312269002199173,0.007848766632378101,0.9989994168281555,0.44164034724235535,0.31381216645240784,-0.08754449337720871,0.999015212059021,0.502756655216217,0.3318849205970764,-0.1492769867181778,0.9984416365623474,0.47237369418144226,0.33257514238357544,-0.19733479619026184,0.998518705368042,0.5848974585533142,0.3760691285133362,0.09417498856782913,0.9994849562644958,0.3944930136203766,0.38258713483810425,-0.08060380816459656,0.9996930360794067,0.638376772403717,0.43040746450424194,0.1747262179851532,0.06855138391256332,0.3638564348220825,0.37761232256889343,-0.37263596057891846,0.9035895466804504,0.5745446681976318,0.48110613226890564,0.2674756944179535,0.04746397212147713,0.37257564067840576,0.2908828854560852,-0.7753152847290039,0.9151087403297424,0.5589612722396851,0.4990774095058441,0.2814287543296814,0.059996116906404495,0.36159658432006836,0.26944640278816223,-0.873705267906189,0.9089170098304749,0.5519826412200928,0.494819700717926,0.24406376481056213,0.0615069754421711,0.35221925377845764,0.26608338952064514,-0.8446958661079407,0.9090170860290527,0.5549257397651672,0.48860254883766174,0.25870898365974426,0.056655313819646835,0.35915786027908325,0.27269378304481506,-0.7788897752761841,0.8802381753921509,0.5783181190490723,0.5498064160346985,0.05588322877883911,0.9999316334724426,0.46298056840896606,0.5558537840843201,-0.05624306946992874,0.9999348521232605,0.6150214076042175,0.6754649877548218,0.028579924255609512,0.7574267983436584,0.5022531151771545,0.6796690821647644,-0.11207754164934158,0.8714699149131775,0.616229772567749,0.7697062492370605,0.3388300836086273,0.824086606502533,0.5370738506317139,0.7931069135665894,0.10866019129753113,0.9237554669380188,0.5973131656646729,0.7773459553718567,0.35816314816474915,0.7263150215148926,0.5445467829704285,0.7998434901237488,0.12415961921215057,0.7280421257019043,0.6538073420524597,0.818191409111023,0.16315390169620514,0.8729912638664246,0.5778747797012329,0.8363698720932007,-0.08926042169332504,0.9229244589805603
246,8.2,0.4952840507030487,0.3198525309562683,-0.25622889399528503,0.9994905591011047,0.5057212710380554,0.30731600522994995,-0.23467077314853668,0.9990593194961548,0.5145129561424255,0.3070456087589264,-0.23524802923202515,0.998607337474823,0.5220584273338318,0.3067743182182312,-0.23512448370456696,0.9990788698196411,0.4793839752674103,0.3080732822418213,-0.2517983615398407,0.9994768500328064,0.4704750180244446,0.30844318866729736,-0.2523905038833618,0.9995183348655701,0.4630841016769409,0.30887049436569214,-0.2526882290840149,0.999686062335968,0.5262241959571838,0.31067588925361633,-0.0765884593129158,0.9990701675415039,0.44834625720977783,0.31332677602767944,-0.0948171392083168,0.9990699291229248,0.5097836256027222,0.3311205506324768,-0.20016415417194366,0.9985557794570923,0.48091956973075867,0.3325304388999939,-0.2164297103881836,0.9986230134963989,0.5994415283203125,0.37517860531806946,0.019397972151637077,0.9995181560516357,0.40261310338974,0.3821263611316681,-0.03706441819667816,0.9997116923332214,0.6750048398971558,0.42636680603027344,0.15785366296768188,0.08693180978298187,0.32371994853019714,0.3808814287185669,-0.2615468502044678,0.9085487723350525,0.6052412986755371,0.4819863736629486,0.23231294751167297,0.06634175777435303,0.32726845145225525,0.29962021112442017,-0.626973032951355,0.9231178164482117,0.5869395136833191,0.49984198808670044,0.23785580694675446,0.08518888801336288,0.3111483156681061,0.279030978679657,-0.7261965274810791,0.9174335598945618,0.5774592161178589,0.4960872530937195,0.20012013614177704,0.08832672238349915,0.3127930462360382,0.2763146758079529,-0.7170584797859192,0.9174741506576538,0.58169025182724,0.4900107979774475,0.220574289560318,0.08220613747835159,0.3225025534629822,0.283239483833313,-0.6540257334709167,0.8913443684577942,0.5831962823867798,0.5517966151237488,0.017055898904800415,0.999929666519165,0.4652080833911896,0.556891143321991,-0.017417781054973602,0.9999361038208008,0.6121348142623901,0.6747714281082153,-0.002533228835090995,0.7395509481430054,0.5024169683456421,0.6793977618217468,-0.07555022090673447,0.8485316038131714,0.6194939613342285,0.7696302533149719,0.3057842552661896,0.816870927810669,0.5561819076538086,0.7940365076065063,0.15055420994758606,0.91587233543396,0.6033629179000854,0.7771450281143188,0.3241002559661865,0.7066080570220947,0.5709896683692932,0.7994849681854248,0.166772723197937,0.7123457193374634,0.6526367664337158,0.81829434633255,0.16253367066383362,0.8661981225013733,0.5850582718849182,0.8424572944641113,-0.013276562094688416,0.9145302772521973
247,8.233333333333333,0.49538561701774597,0.3199991285800934,-0.27962571382522583,0.9995178580284119,0.5043689012527466,0.3067111074924469,-0.2612665295600891,0.999094545841217,0.5135063529014587,0.30610883235931396,-0.2618594169616699,0.9986740350723267,0.5221298933029175,0.3056589961051941,-0.26176220178604126,0.9991251826286316,0.4793153405189514,0.30837076902389526,-0.25996217131614685,0.9994921088218689,0.47074973583221436,0.30908510088920593,-0.260553777217865,0.9995350241661072,0.46415290236473083,0.30957382917404175,-0.26084786653518677,0.9996954798698425,0.5289336442947388,0.3101739287376404,-0.10509470850229263,0.9991205334663391,0.45000627636909485,0.3155097961425781,-0.08573764562606812,0.9990884065628052,0.512846827507019,0.33089178800582886,-0.22539998590946198,0.9986480474472046,0.4843151569366455,0.33282721042633057,-0.22477972507476807,0.9987035989761353,0.6028777360916138,0.37552610039711,0.0010821365285664797,0.9995492100715637,0.4114285409450531,0.3834950923919678,0.009713924489915371,0.9997255802154541,0.7006219625473022,0.4264370799064636,0.13356530666351318,0.11168009042739868,0.3017931282520294,0.3887891471385956,-0.16228720545768738,0.9091347455978394,0.6259969472885132,0.4854864180088043,0.1660238653421402,0.08947079628705978,0.30007439851760864,0.3130466341972351,-0.4571946859359741,0.9300057291984558,0.6048762798309326,0.5034694075584412,0.1641073226928711,0.11680293828248978,0.2877269685268402,0.2949167788028717,-0.5324766039848328,0.9248600602149963,0.5933507084846497,0.5006003379821777,0.13615363836288452,0.12148161977529526,0.29122063517570496,0.29192739725112915,-0.5227264761924744,0.9248208403587341,0.5985692143440247,0.49430927634239197,0.1612473428249359,0.11404915899038315,0.3014143407344818,0.2986147701740265,-0.4675107002258301,0.9010605812072754,0.5875750780105591,0.5533937215805054,-0.004410077817738056,0.9999286532402039,0.4684709906578064,0.5585308074951172,0.00400638347491622,0.9999378323554993,0.6196961998939514,0.6804628372192383,-0.026099901646375656,0.7205939888954163,0.505509614944458,0.6864306926727295,-0.022339100018143654,0.8262424468994141,0.6229382157325745,0.7700318694114685,0.34232252836227417,0.8027774095535278,0.5788073539733887,0.8039779663085938,0.1793682724237442,0.9110220074653625,0.6085320115089417,0.7770339250564575,0.37036818265914917,0.6856908202171326,0.5993279218673706,0.8102547526359558,0.1925709992647171,0.7044695019721985,0.6529607176780701,0.8183738589286804,0.23372530937194824,0.8511115908622742,0.5891609191894531,0.8547507524490356,0.016490694135427475,0.9062768220901489
248,8.266666666666667,0.4963761270046234,0.32164305448532104,-0.200662299990654,0.9995503425598145,0.5039085149765015,0.3087003827095032,-0.17824111878871918,0.9991540312767029,0.5143054127693176,0.3081771433353424,-0.17877843976020813,0.998761773109436,0.5227309465408325,0.3078998625278473,-0.1786724030971527,0.9991903305053711,0.4796299934387207,0.3102242946624756,-0.17159530520439148,0.9995219707489014,0.4721638858318329,0.3108137249946594,-0.17221197485923767,0.9995585083961487,0.46409517526626587,0.3112490475177765,-0.17245802283287048,0.9997121691703796,0.5320513248443604,0.31260865926742554,-0.056560758501291275,0.9991807341575623,0.4520130455493927,0.3171190917491913,-0.014000863768160343,0.9991238117218018,0.5136609077453613,0.3324216902256012,-0.14850784838199615,0.9987534284591675,0.485139936208725,0.33441439270973206,-0.14195944368839264,0.9987975358963013,0.6017402410507202,0.37754130363464355,0.03269517794251442,0.9995816946029663,0.4160657227039337,0.3868424892425537,0.06444763392210007,0.999737024307251,0.7150863409042358,0.4302423894405365,0.15702033042907715,0.12763158977031708,0.28877878189086914,0.39451608061790466,-0.0499492846429348,0.9087892770767212,0.6411437392234802,0.4916605055332184,0.19155237078666687,0.10243195295333862,0.29712656140327454,0.32585129141807556,-0.2188923954963684,0.9344443082809448,0.6173707842826843,0.5072983503341675,0.19743728637695312,0.13314074277877808,0.28507983684539795,0.30840471386909485,-0.2653288245201111,0.9291730523109436,0.60562664270401,0.5055041313171387,0.17910897731781006,0.13798394799232483,0.28998062014579773,0.3060179054737091,-0.2539937198162079,0.9287779331207275,0.6119639277458191,0.5007767677307129,0.19212394952774048,0.1303054541349411,0.300117164850235,0.31313708424568176,-0.22354674339294434,0.9066991806030273,0.5917712450027466,0.5589255094528198,-0.01043104287236929,0.9999307990074158,0.4753740429878235,0.5661317706108093,0.00997959729284048,0.9999409317970276,0.6345862746238708,0.6854052543640137,-0.0163356252014637,0.689260721206665,0.5119921565055847,0.6937246322631836,0.0013275525998324156,0.791228711605072,0.6292313933372498,0.7707067728042603,0.320494681596756,0.7781555652618408,0.5928336381912231,0.8044370412826538,0.16431649029254913,0.8945314884185791,0.6132363080978394,0.7769636511802673,0.34869658946990967,0.6544320583343506,0.6124925017356873,0.8113892674446106,0.1761137694120407,0.6830295324325562,0.6554639339447021,0.8183022737503052,0.20553065836429596,0.8271243572235107,0.595918595790863,0.8561202883720398,0.04017527773976326,0.8888276815414429
249,8.3,0.49381667375564575,0.3230656385421753,-0.23469869792461395,0.9995902180671692,0.5026106238365173,0.3104023039340973,-0.2067272663116455,0.9992297291755676,0.5118719935417175,0.3099314570426941,-0.20726576447486877,0.998873233795166,0.520620584487915,0.30947938561439514,-0.2071453332901001,0.9992651343345642,0.47792020440101624,0.3122856914997101,-0.20276254415512085,0.9995631575584412,0.4700484275817871,0.3130071759223938,-0.2033815234899521,0.9995946884155273,0.4629836976528168,0.3131800889968872,-0.2036324143409729,0.999735951423645,0.5325977802276611,0.31558406352996826,-0.06922850012779236,0.9992554187774658,0.4512088894844055,0.320114403963089,-0.02177511528134346,0.9991917610168457,0.5109071731567383,0.33431723713874817,-0.16992589831352234,0.998867928981781,0.482269823551178,0.33612653613090515,-0.17000994086265564,0.998904824256897,0.5995878577232361,0.3799942433834076,0.010061333887279034,0.9996167421340942,0.4224521219730377,0.3947778046131134,0.09367349743843079,0.9997484087944031,0.723299503326416,0.43583792448043823,0.13876476883888245,0.1678794026374817,0.2893545627593994,0.40490812063217163,0.08787286281585693,0.9047911763191223,0.6460079550743103,0.49658602476119995,0.21092645823955536,0.11633056402206421,0.30828091502189636,0.33986544609069824,0.028463663533329964,0.9322031140327454,0.6219195127487183,0.510396420955658,0.2176613211631775,0.1462421417236328,0.3037720322608948,0.3198888599872589,-0.0011512042256072164,0.9239847660064697,0.6107823848724365,0.5091472864151001,0.20382347702980042,0.1507740169763565,0.30865180492401123,0.32265183329582214,0.009355975314974785,0.9223595261573792,0.6167483925819397,0.5053527355194092,0.21355858445167542,0.14245569705963135,0.31493648886680603,0.32965323328971863,0.02668341062963009,0.9007721543312073,0.5952747464179993,0.5665310621261597,-0.028965163975954056,0.9999337792396545,0.4825039803981781,0.5724341869354248,0.02856067568063736,0.9999441504478455,0.6464475393295288,0.692733108997345,-0.033570487052202225,0.6846968531608582,0.5175637006759644,0.6987189650535583,0.015222921967506409,0.7760317921638489,0.6358144283294678,0.7716689705848694,0.3085179924964905,0.77259361743927,0.6060438752174377,0.8068248629570007,0.20858924090862274,0.8887990117073059,0.6207025647163391,0.7744475603103638,0.334860235452652,0.6405590772628784,0.6277424693107605,0.8148256540298462,0.22400620579719543,0.6771761178970337,0.6526334881782532,0.8204668164253235,0.21272879838943481,0.8173586130142212,0.5962844491004944,0.8602654337882996,0.08928769081830978,0.8815956711769104
250,8.333333333333334,0.4923022389411926,0.32854923605918884,-0.2346545308828354,0.9996245503425598,0.5017790794372559,0.31624507904052734,-0.2106437236070633,0.9992941617965698,0.5111611485481262,0.3168334364891052,-0.2111702412366867,0.9989698529243469,0.5188108086585999,0.3171299397945404,-0.2110610157251358,0.9993306398391724,0.4767622947692871,0.31744620203971863,-0.1980888545513153,0.999596357345581,0.4693063199520111,0.3180645704269409,-0.19868996739387512,0.9996229410171509,0.46207571029663086,0.3188435435295105,-0.19891488552093506,0.9997541308403015,0.5313774943351746,0.3237262964248657,-0.07717916369438171,0.9993215203285217,0.4514256417751312,0.3262328505516052,-0.008362998254597187,0.9992416501045227,0.5086002945899963,0.3408442437648773,-0.1763315498828888,0.9989702105522156,0.48007065057754517,0.3408704102039337,-0.16412167251110077,0.9989990592002869,0.5981257557868958,0.38628312945365906,-0.01889137178659439,0.9996516704559326,0.4250960946083069,0.4047321379184723,0.11973706632852554,0.9997611045837402,0.7274952530860901,0.43636980652809143,0.06361712515354156,0.21768909692764282,0.29251986742019653,0.4180377125740051,0.09602584689855576,0.8902384042739868,0.6498798131942749,0.5019689798355103,0.11141569167375565,0.13020668923854828,0.3227744996547699,0.3545873463153839,0.008637752383947372,0.9181244373321533,0.6251851320266724,0.5145127773284912,0.10492490977048874,0.15880180895328522,0.3320416808128357,0.34126508235931396,-0.02440229244530201,0.9059717059135437,0.6144116520881653,0.5124838948249817,0.09911349415779114,0.16313274204730988,0.33761799335479736,0.34353014826774597,-0.009876877069473267,0.9023245573043823,0.6200875043869019,0.5058363676071167,0.11539996415376663,0.1532997190952301,0.3402460813522339,0.3488417863845825,0.007963974960148335,0.8803128004074097,0.6001326441764832,0.5783776640892029,-0.0527057871222496,0.9999372363090515,0.48770490288734436,0.5845174193382263,0.05221651494503021,0.9999473690986633,0.6455150842666626,0.708896815776825,-0.1042095199227333,0.6796767711639404,0.5242853164672852,0.7097180485725403,0.07422187924385071,0.7493695616722107,0.6510791182518005,0.7692315578460693,0.3071651756763458,0.751355767250061,0.602701723575592,0.8105379343032837,0.27504026889801025,0.8769417405128479,0.6414512991905212,0.7678545713424683,0.3425331115722656,0.6139971017837524,0.6263221502304077,0.8221265077590942,0.2920498847961426,0.6647256016731262,0.6614241003990173,0.8190905451774597,0.25534290075302124,0.7946969270706177,0.5973113775253296,0.863001823425293,0.17477065324783325,0.8691372275352478
