frame,timestamp,NOSE_x,NOSE_y,NOSE_z,NOSE_visibility,LEFT_EYE_INNER_x,LEFT_EYE_INNER_y,LEFT_EYE_INNER_z,LEFT_EYE_INNER_visibility,LEFT_EYE_x,LEFT_EYE_y,LEFT_EYE_z,LEFT_EYE_visibility,LEFT_EYE_OUTER_x,LEFT_EYE_OUTER_y,LEFT_EYE_OUTER_z,LEFT_EYE_OUTER_visibility,RIGHT_EYE_INNER_x,RIGHT_EYE_INNER_y,RIGHT_EYE_INNER_z,RIGHT_EYE_INNER_visibility,RIGHT_EYE_x,RIGHT_EYE_y,RIGHT_EYE_z,RIGHT_EYE_visibility,RIGHT_EYE_OUTER_x,RIGHT_EYE_OUTER_y,RIGHT_EYE_OUTER_z,RIGHT_EYE_OUTER_visibility,LEFT_EAR_x,LEFT_EAR_y,LEFT_EAR_z,LEFT_EAR_visibility,RIGHT_EAR_x,RIGHT_EAR_y,RIGHT_EAR_z,RIGHT_EAR_visibility,MOUTH_LEFT_x,MOUTH_LEFT_y,MOUTH_LEFT_z,MOUTH_LEFT_visibility,MOUTH_RIGHT_x,MOUTH_RIGHT_y,MOUTH_RIGHT_z,MOUTH_RIGHT_visibility,LEFT_SHOULDER_x,LEFT_SHOULDER_y,LEFT_SHOULDER_z,LEFT_SHOULDER_visibility,RIGHT_SHOULDER_x,RIGHT_SHOULDER_y,RIGHT_SHOULDER_z,RIGHT_SHOULDER_visibility,LEFT_ELBOW_x,LEFT_ELBOW_y,LEFT_ELBOW_z,LEFT_ELBOW_visibility,RIGHT_ELBOW_x,RIGHT_ELBOW_y,RIGHT_ELBOW_z,RIGHT_ELBOW_visibility,LEFT_WRIST_x,LEFT_WRIST_y,LEFT_WRIST_z,LEFT_WRIST_visibility,RIGHT_WRIST_x,RIGHT_WRIST_y,RIGHT_WRIST_z,RIGHT_WRIST_visibility,LEFT_PINKY_x,LEFT_PINKY_y,LEFT_PINKY_z,LEFT_PINKY_visibility,RIGHT_PINKY_x,RIGHT_PINKY_y,RIGHT_PINKY_z,RIGHT_PINKY_visibility,LEFT_INDEX_x,LEFT_INDEX_y,LEFT_INDEX_z,LEFT_INDEX_visibility,RIGHT_INDEX_x,RIGHT_INDEX_y,RIGHT_INDEX_z,RIGHT_INDEX_visibility,LEFT_THUMB_x,LEFT_THUMB_y,LEFT_THUMB_z,LEFT_THUMB_visibility,RIGHT_THUMB_x,RIGHT_THUMB_y,RIGHT_THUMB_z,RIGHT_THUMB_visibility,LEFT_HIP_x,LEFT_HIP_y,LEFT_HIP_z,LEFT_HIP_visibility,RIGHT_HIP_x,RIGHT_HIP_y,RIGHT_HIP_z,RIGHT_HIP_visibility,LEFT_KNEE_x,LEFT_KNEE_y,LEFT_KNEE_z,LEFT_KNEE_visibility,RIGHT_KNEE_x,RIGHT_KNEE_y,RIGHT_KNEE_z,RIGHT_KNEE_visibility,LEFT_ANKLE_x,LEFT_ANKLE_y,LEFT_ANKLE_z,LEFT_ANKLE_visibility,RIGHT_ANKLE_x,RIGHT_ANKLE_y,RIGHT_ANKLE_z,RIGHT_ANKLE_visibility,LEFT_HEEL_x,LEFT_HEEL_y,LEFT_HEEL_z,LEFT_HEEL_visibility,RIGHT_HEEL_x,RIGHT_HEEL_y,RIGHT_HEEL_z,RIGHT_HEEL_visibility,LEFT_FOOT_INDEX_x,LEFT_FOOT_INDEX_y,LEFT_FOOT_INDEX_z,LEFT_FOOT_INDEX_visibility,RIGHT_FOOT_INDEX_x,RIGHT_FOOT_INDEX_y,RIGHT_FOOT_INDEX_z,RIGHT_FOOT_INDEX_visibility,NOSE_quality,LEFT_EYE_INNER_quality,LEFT_EYE_quality,LEFT_EYE_OUTER_quality,RIGHT_EYE_INNER_quality,RIGHT_EYE_quality,RIGHT_EYE_OUTER_quality,LEFT_EAR_quality,RIGHT_EAR_quality,MOUTH_LEFT_quality,MOUTH_RIGHT_quality,LEFT_SHOULDER_quality,RIGHT_SHOULDER_quality,LEFT_ELBOW_quality,RIGHT_ELBOW_quality,LEFT_WRIST_quality,RIGHT_WRIST_quality,LEFT_PINKY_quality,RIGHT_PINKY_quality,LEFT_INDEX_quality,RIGHT_INDEX_quality,LEFT_THUMB_quality,RIGHT_THUMB_quality,LEFT_HIP_quality,RIGHT_HIP_quality,LEFT_KNEE_quality,RIGHT_KNEE_quality,LEFT_ANKLE_quality,RIGHT_ANKLE_quality,LEFT_HEEL_quality,RIGHT_HEEL_quality,LEFT_FOOT_INDEX_quality,RIGHT_FOOT_INDEX_quality
8,0.26666666666666666,0.7182731153248075,0.5549119891195035,0.563893430612305,0.9967384934425354,0.7218285961584612,0.5582972742044015,0.61392794544255,0.9940085411071777,0.7211686281057508,0.5586681761941711,0.613659278183551,0.9943647384643555,0.7196370680015401,0.5591043587122768,0.6137055232078887,0.9948437213897705,0.727044152629959,0.5549401331406381,0.5985604606933532,0.9971893429756165,0.7294202221857086,0.5534621720964265,0.5981804855636793,0.9980462789535522,0.732194622496625,0.5520125052312047,0.5981062558981095,0.9978341460227966,0.7211113913909538,0.552840123747613,0.7577102520874333,0.996008038520813,0.744586525680302,0.543377826263855,0.6814523783180266,0.9945565462112427,0.7159625904543414,0.5479076083723485,0.6123185904918023,0.9872891902923584,0.7241323857040673,0.5455372248079399,0.5878420720150423,0.9875718355178833,0.7179394722818491,0.5345650520566464,0.6230271971830129,0.9999474287033081,0.7425848987552671,0.5075721716755757,0.6115524592724709,0.999555766582489,0.7345562106245879,0.5228339208589572,0.4265467733457388,0.061580151319503784,0.7607402388866131,0.4934925651633657,0.3584691548680923,0.014678399078547955,0.7758975808437053,0.5115735920575951,0.22133149841631078,0.1711455136537552,0.7436379056710463,0.4957324831218992,0.135575369208842,0.06069765239953995,0.7847188957087643,0.510188712731942,0.1790210548918579,0.29700523614883423,0.7355107806779294,0.492698111942598,0.08676537996405445,0.13122239708900452,0.79171765184069,0.5110729138751136,0.19642956002609044,0.27071046829223633,0.7320694902560096,0.4963367174972189,0.10302120718088958,0.1199876070022583,0.7866894631952672,0.5108827085761761,0.22187376956266597,0.2142075151205063,0.7364435462684902,0.49742102247851755,0.133378094570203,0.10493343323469162,0.6308244479286085,0.4803531811787533,0.0,0.9999263286590576,0.629832184814907,0.46020248553136045,0.03857670205326099,0.999921441078186,0.768685853481293,0.39963641095828356,0.0,0.9704410433769226,0.7487867865188933,0.4102350788794474,0.0,0.624146044254303,0.7807204965111262,0.3228236845323257,0.0,0.8957381844520569,0.777735313656495,0.3317294064590321,0.0,0.7526313066482544,0.7693627876835268,0.307014868809627,0.0,0.9746323227882385,0.7638508181471927,0.3096782444240329,0.0,0.9614307284355164,0.8119367156829042,0.28944816455974476,0.0,0.9681748747825623,0.8141494770983718,0.3050712306182701,0.0,0.9239499568939209,high,high,high,high,high,high,high,high,high,high,high,high,high,low,low,low,low,low,low,low,low,low,low,high,high,high,medium,high,high,high,high,high,high
9,0.3,0.7127857816802874,0.5839517216582403,0.5708546496771446,0.9970168471336365,0.7140091295008895,0.5881062278693377,0.6228489680932122,0.9945418834686279,0.7123203273419736,0.5886095993585522,0.6225711468841657,0.9948444962501526,0.7107185696388457,0.5888065158070389,0.6225927042794405,0.9952975511550903,0.7204562834092788,0.5853997827409873,0.5989720277436137,0.9974510669708252,0.7227532684386193,0.5841716929644979,0.5986357552188271,0.9982280731201172,0.7253558769092694,0.5831285541603624,0.5985935340811334,0.9980393052101135,0.7006247214504052,0.5841186774985784,0.7598707925502243,0.9963520169258118,0.7305891259566888,0.574225848058721,0.6483741289043766,0.9950629472732544,0.7058819298977616,0.576140094991331,0.6156891518747899,0.988326370716095,0.7155013797166464,0.5738864034622705,0.5820953859524298,0.9885676503181458,0.6845762700467672,0.5647237622862936,0.6490774277037579,0.999940812587738,0.7304127249684368,0.5320655156474015,0.5488067472262399,0.9995836615562439,0.6667611173816492,0.555285190785682,0.49896791025058557,0.05572647601366043,0.7372770797122608,0.5071919391622077,0.23727841383510534,0.03289717435836792,0.7166203118704414,0.560019471949631,0.3030118492099798,0.15551714599132538,0.7433805444857456,0.5237706472406858,0.0008358679242895239,0.06456983089447021,0.7270629151717765,0.5622502371564615,0.2712357874725264,0.2718828618526459,0.7393320548784486,0.5241825474308921,0.0,0.13089334964752197,0.7347844363926173,0.5648892436411004,0.2851394908828353,0.248123899102211,0.7422400717135076,0.528697243728838,0.0,0.11815472692251205,0.7353667074983767,0.5634358420030225,0.3036024866404239,0.19714054465293884,0.7440040311613286,0.5275076400566772,0.005084022983804365,0.10293537378311157,0.5929723865502361,0.48581073396689417,0.005956365199356106,0.9999306797981262,0.6210165861603262,0.4627560095770378,0.0,0.9999268054962158,0.7275377957137317,0.43218318336493505,0.0,0.9567408561706543,0.730666566532042,0.4116204159382061,0.0,0.6424998641014099,0.7825354546100113,0.3695808621970092,0.0,0.8281503915786743,0.8015422679423407,0.33558780098639834,0.0,0.6986969709396362,0.773104773951577,0.3570375392487002,0.0,0.9634450078010559,0.7925152024189076,0.33142605007111603,0.0,0.9468445777893066,0.8404133115615051,0.3564237541668902,0.0,0.9520831108093262,0.8604633880106166,0.3112669854730992,0.0,0.906197726726532,high,high,high,high,high,high,high,high,high,high,high,high,high,low,low,low,low,low,low,low,low,low,low,high,high,high,medium,high,medium,high,high,high,high
10,0.3333333333333333,0.7290917880885253,0.554563543144918,0.4876259339404567,0.9972561597824097,0.7306845616071654,0.5570308012770612,0.5292318550596293,0.9950277805328369,0.7291816284050754,0.5575643149150282,0.5289254447050179,0.9953062534332275,0.7283282356384473,0.5575757831821359,0.5289354832682311,0.9957196712493896,0.7370883425076804,0.5548402605044267,0.5100350898184709,0.9976783990859985,0.7397122420631087,0.5538373990700804,0.509672133655816,0.9983861446380615,0.7426144048606322,0.5530288660234512,0.5095896188404191,0.9982103109359741,0.7174505398267906,0.5552137782732102,0.631299416832019,0.9966644644737244,0.7481473760727124,0.5457921298372723,0.5425247462132047,0.9954696893692017,0.7225204340783585,0.5489897571313083,0.5214108089050223,0.9892446994781494,0.731789320221036,0.5470148098843921,0.4948012654806356,0.9893807768821716,0.690127994908597,0.5457750461596161,0.540515231242131,0.9999406337738037,0.7609163990943304,0.512639831065576,0.44412014058558835,0.9995954632759094,0.6470751352521366,0.5503104723000032,0.41703769359694415,0.05358384922146797,0.7559995363642283,0.498622526377787,0.13902504346170638,0.03320545703172684,0.696662943818908,0.568836243210973,0.25831898063907655,0.1555151492357254,0.7611925820092776,0.5291812171886019,0.0,0.07477390766143799,0.7080048521359759,0.5737928914162389,0.2344395722716299,0.27790477871894836,0.7561053372485378,0.5324660384015882,0.0,0.15102706849575043,0.7155633292275986,0.5767354917276162,0.24551187474758404,0.2546459138393402,0.760772367040594,0.5376994737656248,0.0,0.13643081486225128,0.7195044454438977,0.5744866400192951,0.2596357547458798,0.20101720094680786,0.7626123097670943,0.5353377039754866,0.0,0.11654623597860336,0.5999523797235286,0.4755376802457797,0.014841243479778929,0.9999210238456726,0.6518746326853341,0.4527832928932076,0.0,0.9999193549156189,0.6912444363662971,0.45284622112215284,0.0,0.9520650506019592,0.7381784123159778,0.4162326963631422,0.0,0.6578249335289001,0.787729650006428,0.40061210873938413,0.0,0.835970938205719,0.8193058289330585,0.3508827676775754,0.0,0.6964909434318542,0.7854540139645129,0.38916353857044883,0.0,0.965675413608551,0.8120791256288826,0.35185966333309254,0.0,0.9472764134407043,0.852379809031676,0.3965407425845979,0.0,0.9543720483779907,0.8822576056688264,0.3325443185292757,0.0,0.9045811295509338,high,high,high,high,high,high,high,high,high,high,high,high,high,low,low,low,low,low,low,low,low,low,low,high,high,high,medium,high,medium,high,high,high,high
11,0.36666666666666664,0.7602213496094818,0.4836479412231141,0.34530897671248445,0.9975230097770691,0.7641256546084978,0.48272411391521175,0.3680162690666735,0.9955062866210938,0.763687901841455,0.48320294553652837,0.36766868246185314,0.9957633018493652,0.764133140687898,0.4830685360031534,0.3676775846725868,0.9961332678794861,0.7695258325074382,0.4809467903661848,0.3630547536003018,0.9979008436203003,0.7727208426504423,0.48013791650325377,0.36261436034054867,0.9985421895980835,0.776209007262628,0.4794277108354732,0.3624401572214712,0.9983800649642944,0.7604594838508076,0.483395706697223,0.4164168865947472,0.9969927668571472,0.7874666997741706,0.47519155048129225,0.3923237555441056,0.9958985447883606,0.7576207614445184,0.4823908647457211,0.3632146921052256,0.9902992248535156,0.7651896282231612,0.48083290228476966,0.35520815331758093,0.9904138445854187,0.7246018312610942,0.49129974428729395,0.341638032147241,0.9999464750289917,0.8204352881386008,0.46195264210998344,0.31785295821187975,0.999634861946106,0.6642941835321189,0.5171535571902511,0.229159688095115,0.07365633547306061,0.8034550636520472,0.47363791022545276,0.06635990459254865,0.03824485093355179,0.7065926961131861,0.5470236130666627,0.12597324747792094,0.19422608613967896,0.7905445401763027,0.517131321496897,0.0,0.09366004168987274,0.7180556509044617,0.5538994897078805,0.10758336313016942,0.31159451603889465,0.7808327803383898,0.5228292607552524,0.0,0.1684541553258896,0.7248432293082727,0.5560695356005562,0.11639827386517579,0.28426674008369446,0.7839448341539689,0.5286041275882503,0.0,0.14869287610054016,0.7303711937996608,0.5534367617610457,0.12847166462412887,0.22496092319488525,0.7877698954029797,0.5258581733509102,0.0,0.12263448536396027,0.6395605321113875,0.45474697145826626,0.0,0.9999231696128845,0.7096213189177296,0.4348179276659218,0.0027444461959741442,0.9999186396598816,0.6616823921809387,0.4635116558669611,0.0,0.9506559371948242,0.7642032868517983,0.4231433339978523,0.0,0.6735052466392517,0.7950079905125371,0.4191863300986504,0.0,0.8051829934120178,0.8317899213781879,0.37414415991198025,0.0,0.686927855014801,0.8031618358233035,0.4077951697966995,0.0,0.9653221964836121,0.8240208229123852,0.3719379500353531,0.0,0.9504620432853699,0.8512055523050976,0.41624012311577563,0.0,0.9482957124710083,0.8844488891549326,0.3641283527190312,0.0,0.9082719683647156,high,high,high,high,high,high,high,high,high,high,high,high,high,low,low,low,low,low,low,low,low,low,low,high,high,high,medium,high,medium,high,high,high,high
12,0.4,0.7992046813031177,0.3881054035364062,0.17500547130347066,0.957728922367096,0.8066031706360952,0.3828392852714298,0.17414187283921745,0.9533518552780151,0.807774518197511,0.38319611389598146,0.17374737097041726,0.9548754096031189,0.809800359474751,0.3829411494356776,0.17376273299083433,0.9671650528907776,0.8103542559908266,0.38140459626149004,0.18933612577148395,0.9641962051391602,0.8142027697918852,0.38075187135409766,0.18878717473892748,0.9657856225967407,0.8183784850271711,0.38003935861142996,0.18849079626979426,0.9696177244186401,0.8185221908531541,0.3859347433963314,0.15964396350033816,0.9824159145355225,0.8387525208068615,0.37953898887256426,0.22619068219667382,0.9438732266426086,0.8029255704446271,0.39227768778801064,0.17483193199812525,0.9695504307746887,0.8078957247289464,0.39125113887386814,0.1925644921811872,0.9600896239280701,0.7780049634980151,0.41487869728000676,0.0967432547681969,0.9999484419822693,0.8953087591069006,0.39266147296050813,0.19036551896647758,0.9996492266654968,0.7072141815176654,0.4650582372447558,0.0,0.06662347912788391,0.8661911163852484,0.4380916741205544,0.021933858072285428,0.034488361328840256,0.7369767881773567,0.5035812887417415,0.0,0.1775028109550476,0.8249069409214811,0.49278808869682017,0.0,0.08554642647504807,0.747726255780333,0.5116528462279932,0.0,0.28668421506881714,0.808516536698197,0.5005528903924505,0.0,0.15462325513362885,0.7534130355972787,0.5123492527258153,0.0,0.26191192865371704,0.808035930970332,0.5066719251773857,0.0,0.13657385110855103,0.759235469333497,0.5096878663643265,0.0,0.20665453374385834,0.8149783013861776,0.5040160072989123,0.0,0.11219135671854019,0.699592948376715,0.4286515590472101,0.0,0.9999172687530518,0.7814716393853116,0.4133935060812323,0.03971646456503727,0.9999102354049683,0.6407282798996061,0.46606561923638395,0.0,0.8594731688499451,0.8016221531206007,0.4314237426859329,0.0,0.6123119592666626,0.8030753839404993,0.42857243221400815,0.0,0.7254191637039185,0.8397584700272683,0.4019018310690297,0.0,0.6224148273468018,0.8229795676289181,0.41733473594927883,0.0,0.8718279600143433,0.8298185294046825,0.39261977600328857,0.0,0.8662886619567871,0.8402598855934504,0.42196288906333096,0.0,0.8545882105827332,0.8719539975508671,0.4012442109745976,0.0,0.8220572471618652,high,high,high,high,high,high,high,high,high,high,high,high,high,low,low,low,low,low,low,low,low,low,low,high,high,high,medium,high,medium,high,high,high,high
15,0.5,0.8390719982293958,0.2848364177283714,0.007817111023656117,0.9161636233329773,0.8503878718211677,0.27502943483335507,0.0,0.901530921459198,0.8533768480196444,0.27521444266631684,0.0,0.8988004922866821,0.8569969666865622,0.27484999864529414,0.0,0.9183210134506226,0.852159115540122,0.2738989021255705,0.02018431301439283,0.9181596636772156,0.8565817230787055,0.2733578897126912,0.01951531631685361,0.9255801439285278,0.8613616390661782,0.27257807936632344,0.01908718303089097,0.9405381083488464,0.8805092981645302,0.2801011689962492,0.0,0.9460967779159546,0.8922102629165851,0.27594932389287197,0.07254505147050325,0.9189949631690979,0.850177519527073,0.29458449621161736,0.0,0.9282186627388,0.8521010307443193,0.2941799778621521,0.036118724789374966,0.9156208634376526,0.8403445760131182,0.33009274574843406,0.0,0.9984973073005676,0.9718761790048853,0.3174238477970345,0.08201814171074448,0.9990437030792236,0.764631048504847,0.40326830425184756,0.0,0.06170506402850151,0.930755149373366,0.3978374014784417,0.00839776474557,0.031190909445285797,0.778382439435503,0.4475089774612514,0.0,0.16004317998886108,0.8577503061794758,0.4613186473196216,0.0,0.07708942145109177,0.7875276110666913,0.45613577517318404,0.0,0.2585102319717407,0.8341587588781543,0.4709176032137494,0.0,0.1392967849969864,0.7920616470572575,0.45503252056928906,0.0,0.23620758950710297,0.8293241154063853,0.47716358651370283,0.0,0.12305515259504318,0.7973657888132397,0.45264161296518923,0.0,0.1864079385995865,0.8397390410338826,0.47475816493545786,0.0,0.10116291791200638,0.7678457331824156,0.4024643944554684,0.0,0.9983929395675659,0.8546405886158821,0.3930436203251918,0.08560180737873636,0.9993090033531189,0.6302587162642507,0.46239424286744657,0.0,0.7794326543807983,0.8433159741034846,0.4401453362709819,0.04342777269782588,0.5534749031066895,0.810636738102477,0.432039321024658,0.018680227514451964,0.6570082306861877,0.8439753996298414,0.43068563452814196,0.0,0.5641293525695801,0.8416585374823284,0.42218454005001416,0.0,0.7918576598167419,0.8309504802410441,0.41486400706229065,0.050202648748051186,0.78574538230896,0.8229121531084167,0.42015003373017235,0.009820710841592434,0.7738078236579895,0.8496896899385631,0.439117016228208,0.08126346213973232,0.743591845035553,high,high,high,high,high,high,high,high,high,high,high,high,high,low,low,low,low,low,low,low,low,low,low,high,high,high,medium,medium,medium,high,high,high,high
16,0.5333333333333333,0.8627644052038683,0.20568138465181152,0.0,0.8816798329353333,0.8771548872783212,0.19333333572446654,0.0,0.8637056946754456,0.8812046469230497,0.19355562662744902,0.0,0.858008086681366,0.8855235204274305,0.19318793679311885,0.0,0.8788166046142578,0.8781965388840474,0.19208467046628236,0.0,0.8852509260177612,0.8829570525176064,0.19133011739709765,0.0,0.8992142081260681,0.8880156513416428,0.19025752264441917,0.0,0.9212544560432434,0.9220610027546674,0.19963380638813968,0.0,0.9192634224891663,0.9274431951951894,0.19672568257038459,0.03435354546094556,0.9025081992149353,0.879219211898486,0.21971611636918797,0.0,0.8800835609436035,0.8790344729290165,0.21942797647072776,0.0,0.8720089197158813,0.8922699409209233,0.2618371507018325,0.0,0.9960667490959167,1.0,0.2624885725738848,0.09091815281233886,0.998552143573761,0.8053410707653841,0.34009243593071536,0.0,0.057618822902441025,0.9592937069895131,0.35857260595390666,0.10199552586862283,0.02891928143799305,0.8003396868427893,0.38551766277749044,0.0,0.14429999887943268,0.8665291597515299,0.42501401915139086,0.06251512197799355,0.06971563398838043,0.8060672492969863,0.39429379259789843,0.0,0.23313240706920624,0.8389403469912677,0.4375598546647259,0.06258824995625564,0.1257937252521515,0.8107930324572248,0.3922257884676928,0.0,0.213063582777977,0.8332288668150134,0.44423153829741424,0.026586407357023667,0.11119277775287628,0.8165881065499832,0.3905180068143886,0.0,0.16821932792663574,0.8453060002315872,0.44100033264338107,0.0438499992978185,0.09157926589250565,0.8112094591269703,0.3903367285961882,0.0,0.997462272644043,0.894635234957255,0.3894319073720422,0.1315165507468227,0.9989817142486572,0.6462631863591849,0.4601543891332657,0.0,0.7123763561248779,0.8778615757977521,0.4491569031646491,0.1256885023534747,0.5051788687705994,0.8121728531338973,0.43920138502593475,0.06452241732678146,0.612064778804779,0.8445649580761588,0.45271159105674336,0.04084019939641318,0.5259071588516235,0.8476352993147102,0.43766061770610437,0.05300681701794038,0.7509531378746033,0.8282227203562565,0.45344530737205657,0.14061335295369337,0.7351354360580444,0.8058638475435896,0.428128120990901,0.036610643264331874,0.7130039930343628,0.829449206368353,0.46698372441849906,0.20283731246467018,0.681233286857605,high,high,high,high,high,high,high,high,high,high,high,high,high,low,low,low,low,low,low,low,low,low,low,high,high,high,medium,medium,medium,high,high,high,medium
17,0.5666666666666667,0.8816165742062767,0.15459228937442523,0.0,0.8744806051254272,0.8983086216977728,0.13982573326998415,0.0,0.8586680889129639,0.9031808259603884,0.1395774482291343,0.0,0.848693311214447,0.9083187097991843,0.1389060734938356,0.0,0.8675631880760193,0.897330871967727,0.13925697788214106,0.0,0.8840978145599365,0.9014756465569544,0.1387013248873483,0.0,0.8989399671554565,0.9058515762949347,0.13775460104217097,0.0,0.9221938848495483,0.9536566310551364,0.14475984433731032,0.0,0.9102677702903748,0.9493424400583039,0.1458850929161889,0.0,0.9056156873703003,0.903312974459644,0.16974466820280076,0.0,0.848497211933136,0.9003014640930396,0.17105363028032838,0.0,0.8458293676376343,0.9429575906489025,0.21388130383197024,0.0,0.9904065132141113,1.0,0.22550068486542746,0.0656266218585361,0.9979391694068909,0.8599292595625503,0.29750373646929623,0.0,0.05228254571557045,0.9766104069900983,0.33363601315271696,0.10594703912700278,0.02635047398507595,0.8355840664087775,0.34197189643249737,0.0,0.12993067502975464,0.8739931894626952,0.4026940562925149,0.06119891753667735,0.06310465186834335,0.8364255558916482,0.3503487175439074,0.0,0.20999287068843842,0.8440862560605692,0.416732528687636,0.0600622242147274,0.11382032185792923,0.8403987196775604,0.34703331442424,0.0,0.19195052981376648,0.8372348338573984,0.42260832810179727,0.017139994997383605,0.10073980689048767,0.8460538705467922,0.3459562421331326,0.0,0.15159009397029877,0.8503658201866795,0.4184394859489594,0.039748843264329786,0.08317018300294876,0.8569440597142951,0.3856352302994771,0.0,0.9938969016075134,0.9234004944632406,0.389400394438031,0.14323087275410348,0.9979466795921326,0.6637156873038339,0.44556835682797935,0.0,0.6444915533065796,0.8992983114875759,0.4535722901585879,0.17803276911379154,0.6,0.814482455000735,0.43761863915514665,0.08852181636396222,0.5640180706977844,0.8469917995416211,0.4702257894356253,0.1090328294715063,0.6,0.8527384551810796,0.4463173688013804,0.12278282365355773,0.6971672177314758,0.8313518362445453,0.4848811283950774,0.20879434920969045,0.6757398843765259,0.7869577168862602,0.43232107961372457,0.07187343651910784,0.6539351940155029,0.8085086576959029,0.4882795342615447,0.23679369034328174,0.6202378869056702,high,high,high,high,high,high,high,high,high,high,high,high,high,low,low,low,low,low,low,low,low,low,low,high,high,medium,medium,medium,medium,medium,medium,medium,medium
18,0.6,0.8821723167990773,0.13807155369045052,0.0,0.8434227705001831,0.8976671880497544,0.1220953306465441,0.0,0.8278774619102478,0.9032284593804479,0.12146437772504129,0.0,0.8178415298461914,0.9080701437029829,0.12068392391944018,0.0,0.8334851861000061,0.8947490719092778,0.12264049204287858,0.0,0.8611868619918823,0.8995155943579354,0.12225699483792574,0.0,0.8827689290046692,0.9035962198997736,0.121486060303964,0.0,0.9101781249046326,0.9557575437572479,0.12456176087850766,0.0,0.8833761811256409,0.94768700024465,0.12946591878826558,0.007520138071133536,0.8956246376037598,0.9058848762567806,0.15275625037007715,0.0,0.805353581905365,0.9015716297643193,0.15505668482719365,0.0,0.8043219447135925,0.9648608797357936,0.1924218947723478,0.0,0.987535297870636,1.0,0.21183180680502878,0.09162959079572949,0.9959571361541748,0.9026469220092549,0.2824381234901498,0.0,0.048755329102277756,0.9756767018969547,0.32273944434308316,0.15184589108942867,0.023913005366921425,0.8696263639521233,0.33167697187070333,0.0,0.11839914321899414,0.8742562043361198,0.38619319653455575,0.09278540250721537,0.05858028307557106,0.864235471456481,0.338633100678038,0.0,0.19352677464485168,0.8457228062036177,0.40064085398242855,0.08988232827269971,0.10615160316228867,0.8673061263033306,0.33455229000056075,0.0,0.17771287262439728,0.8380876089031624,0.40493076393654404,0.04229235065566921,0.09465809166431427,0.8714066731346259,0.3332737946843776,0.0,0.14036747813224792,0.8511475323241375,0.40034018481250233,0.06899973359349744,0.07896901667118073,0.880275275879531,0.3901499423669501,0.0,0.9916960597038269,0.9287391170199404,0.39597736142732154,0.1541277490456382,0.9970000982284546,0.689106169002597,0.43060644648291957,0.0,0.5836136341094971,0.901911130781406,0.454612094668706,0.20333454811767598,0.6,0.8205498872381289,0.43959611251359887,0.040666826270707515,0.5212871432304382,0.8404095333124583,0.48185348760831737,0.14456411460942825,0.6,0.8553734370322795,0.4590466360112182,0.11935701646509947,0.6483056545257568,0.8262711727952645,0.5071540859056811,0.2402962355555361,0.6198498010635376,0.77481409830925,0.44612970691183074,0.03189625011405339,0.6022698283195496,0.7782189785368998,0.5008721873337864,0.1860936497683297,0.5637215971946716,high,high,high,high,high,high,high,high,high,high,high,high,high,low,low,low,low,low,low,low,low,low,low,high,high,medium,medium,medium,medium,medium,medium,medium,medium
19,0.6333333333333333,0.859898540384566,0.15725214310459362,0.0,0.8427050709724426,0.8724282910495951,0.14172247310965802,0.0,0.8303933143615723,0.8780982649965465,0.14067768057187433,0.0,0.8224911689758301,0.8829659145750945,0.13932726867410167,0.0,0.8361424803733826,0.8688426913915004,0.14315383820544902,0.0,0.8637403845787048,0.8715528880521712,0.14288925726861146,0.0,0.8867449760437012,0.874095878401005,0.14234129850055827,0.0,0.912754237651825,0.9276144646264481,0.13992366323243244,0.0,0.8870009779930115,0.9165841852312624,0.1477403427823722,0.06309029175129263,0.8986528515815735,0.8855808086884351,0.17027166176648173,0.0,0.7976141571998596,0.8802514566686072,0.17199746566218974,0.0,0.7956051230430603,0.9636306633482472,0.19861458165523382,0.0,0.9879061579704285,1.0,0.2202681400281294,0.16075618023656368,0.9955543875694275,0.9168772287579986,0.28569385541346876,0.0,0.056540828198194504,0.9482014190344845,0.32000205365372236,0.20316663109165578,0.022605516016483307,0.8691808995389183,0.33259927055913613,0.0,0.13154634833335876,0.8584249133552448,0.3784612715244303,0.10469215595117844,0.06440866738557816,0.8629157252800794,0.34218878158322674,0.0,0.21612967550754547,0.8318838827259913,0.39314604534969566,0.0928616072887032,0.11674615740776062,0.8665990955901892,0.33789437724438115,0.0,0.20389007031917572,0.8260258609876232,0.3956542418692228,0.05079853312396794,0.10719797760248184,0.8700138190131665,0.33660380972987936,0.0,0.1637534499168396,0.838520626921756,0.3906254516198095,0.0820297241766694,0.09255911409854889,0.8824943163733963,0.40196690922016964,0.0,0.9911971092224121,0.9127987107752666,0.40654603355414487,0.1576871030241047,0.996589720249176,0.7263379845863753,0.42357889561108614,0.0,0.5424266457557678,0.903030164721275,0.4594569768938997,0.22252502513558545,0.6,0.813727076862244,0.4564061291984757,0.0,0.5126316547393799,0.8388790269917937,0.4835431459497952,0.15103614608767793,0.6,0.8356034516732476,0.49774440678405446,0.0732787362189145,0.6424912214279175,0.8178541810362511,0.5147550480488032,0.2542281975418267,0.5928512811660767,0.7429516325185924,0.4958086441030049,0.0,0.5858888030052185,0.7610675234061041,0.4979268263825738,0.05010062404029034,0.5340914130210876,high,high,high,high,high,high,high,high,high,high,high,high,high,low,low,low,low,low,low,low,low,low,low,high,high,medium,medium,medium,medium,medium,medium,medium,medium
20,0.6666666666666666,0.8445163198284358,0.20641255107792994,0.041845785588512444,0.8427217602729797,0.8530897638458773,0.19429806552150083,0.01370170418094926,0.830452561378479,0.858539474871889,0.1932612748551763,0.0133007868586026,0.8207834362983704,0.8626399641826181,0.19195601646300012,0.013371399649373344,0.8353283405303955,0.8477452069451503,0.19599962462009024,0.06674000301283296,0.8656928539276123,0.8463360763096333,0.1958989555532843,0.06600930904730791,0.8884669542312622,0.8457880331364012,0.19565073972120758,0.06544013859786649,0.9151483178138733,0.8967954596995219,0.19132042007568606,0.0,0.889578104019165,0.8784955042503398,0.1998042051608751,0.2018610421385804,0.9019583463668823,0.8682057064174239,0.21481844459797175,0.03626142258132821,0.7951886653900146,0.8599992859891545,0.21813155405032386,0.10181453525325385,0.7926235795021057,0.9545793445793924,0.23610411257871722,0.0,0.988369882106781,0.9438941673243266,0.2555958524103216,0.27912560405778514,0.9956281185150146,0.9190939146599872,0.29576728817744213,0.0,0.05309645086526871,0.8912658352396172,0.33074551487302534,0.27481832878017276,0.020909365266561508,0.8749964367815409,0.32302891777389897,0.0,0.11971817165613174,0.836404110724,0.3808465653505091,0.1157822965672525,0.0608333945274353,0.8716884716685303,0.3318840510500626,0.0,0.1974000781774521,0.8184735115035731,0.39596097952836146,0.08960132589151278,0.11012917757034302,0.8737338175584687,0.32828120717079856,0.0,0.18659797310829163,0.818837693521195,0.39680041674967514,0.05622755355768286,0.10215466469526291,0.879130391529948,0.3268056363909403,0.0,0.14995437860488892,0.8289401973044144,0.3915441876108006,0.09520314616478986,0.08888710290193558,0.8769649633994492,0.41710270972518765,0.0,0.9889315962791443,0.8775813829648769,0.41814716462488877,0.14180888676698986,0.9958475232124329,0.7531593063216685,0.4147338812654124,0.0,0.6,0.8898197150855174,0.4624070022211776,0.19674848205128598,0.6,0.7904671357297697,0.47478575533850886,0.0,0.6,0.8367454643543125,0.47944513774648423,0.11655558766517991,0.6,0.806943392281212,0.4887405175429137,0.02814028228661336,0.5918112397193909,0.8101391442866892,0.5189789742022974,0.18331249544531644,0.5410981178283691,0.7189203253437052,0.5141380971822996,0.0,0.5359732508659363,0.7474333234924464,0.48553096596455647,0.0,0.6,high,high,high,high,high,high,high,high,high,high,high,high,high,low,low,low,low,low,low,low,low,low,low,high,high,medium,medium,medium,medium,medium,medium,medium,medium
22,0.7333333333333333,0.8505974195220276,0.2410739525492659,0.12899208428351233,0.7903704643249512,0.8573252448946747,0.2292749960592027,0.1054260532234935,0.7679247856140137,0.8621642772968021,0.22794810243142016,0.10507472467311363,0.7566074132919312,0.8652293066600564,0.22650628556043734,0.1051317767038215,0.7721232175827026,0.8529105065585874,0.2318706130370122,0.15506598929981016,0.8134574294090271,0.8494298267753553,0.23215742586376015,0.15440772275824688,0.8450248837471008,0.8476686499891326,0.23237065627024786,0.1538874401009726,0.8827329874038696,0.8929822843669479,0.22416965267458222,0.06392411934537505,0.8326429128646851,0.8764135326261032,0.2351759865636876,0.2894043579593413,0.8772239089012146,0.8715778169654211,0.24631215569439532,0.12501288476315445,0.7565332651138306,0.8647806991786136,0.25187517108617197,0.1868348069193763,0.7497048377990723,0.9663423024691093,0.262397535336324,0.0,0.9868466258049011,0.9320289381456288,0.2856984884936222,0.36947208922139374,0.9946937561035156,0.930088566872348,0.302559230363731,0.0,0.04919127747416496,0.8824938705195382,0.3574970338866992,0.35524819701875376,0.021240005269646645,0.8692569529815732,0.31310935617187996,0.0,0.10815262049436569,0.8355817690595903,0.41291551309310026,0.1741723407554881,0.05948736518621445,0.8634644053476975,0.3198547850260932,0.0,0.1785297840833664,0.8205076224042562,0.43042898282304626,0.1471113118675209,0.10632649064064026,0.8659721892196837,0.31502342550626805,0.0,0.16904938220977783,0.8210145804709787,0.43057514807005415,0.11008170946980997,0.09972330182790756,0.8719442378390941,0.3155316445446801,0.0,0.13603806495666504,0.830119998027119,0.4240534652224243,0.15180028579035046,0.08691669255495071,0.8943416119177604,0.4453973720818422,0.0,0.9837846755981445,0.880142705701728,0.4449813663959515,0.14187525907457607,0.9939463138580322,0.7712296503407159,0.403531705027139,0.0,0.6,0.8869905685898924,0.46171774466832605,0.19376495942987293,0.6,0.773216905571644,0.4802818945446228,0.0,0.6,0.8342348268662398,0.48095454326991505,0.12371294041988526,0.6,0.7877041804484852,0.5070718918646979,0.0,0.5711141228675842,0.7994860531566881,0.5282770667598533,0.11016558662994788,0.5070049166679382,0.7104139972677894,0.4965873264766253,0.0,0.5236257314682007,0.7229806352976986,0.48081485427620935,0.0,0.6,high,high,high,high,high,high,high,high,high,high,high,high,high,low,low,low,low,low,low,low,low,low,low,high,high,medium,medium,medium,medium,medium,medium,medium,medium
23,0.7666666666666667,0.8514475263915717,0.2653952298256075,0.15236913371127841,0.7873815298080444,0.8565200517227622,0.25430555040741926,0.13458877458890592,0.7652928829193115,0.8607241179281759,0.2529761078474412,0.13425906390681172,0.751964271068573,0.8630440922883864,0.25168433396410617,0.1342886050681138,0.7704911231994629,0.8523268410653801,0.25741640021612106,0.17553839101380173,0.8104156851768494,0.8471618978293647,0.258115743909961,0.17494357069889196,0.8415922522544861,0.8442292884513236,0.25881938994069825,0.1744839595261714,0.8808444142341614,0.883704201880593,0.24999200214039263,0.10783157060422154,0.8339271545410156,0.8667157643880623,0.2616704943435738,0.2946663285260442,0.8693848848342896,0.8691809842914436,0.26882388840466465,0.1514623151584109,0.7468966245651245,0.8629086399689722,0.27555981274946106,0.20284873156836594,0.729663610458374,0.9596248242682814,0.28371905985273205,0.063364342732099,0.9878445267677307,0.9103296193487462,0.3094301754152866,0.37052442058747287,0.993730366230011,0.9290566359644472,0.31246192756788516,0.0,0.04862324148416519,0.8599657335759343,0.3742707434928788,0.3386363640323395,0.019388101994991302,0.863024545160487,0.31857359332916146,0.0,0.09879429638385773,0.8138953429279927,0.41914969251984036,0.1623520163389357,0.05581773445010185,0.8574993253309988,0.3255863014634681,0.0,0.16309311985969543,0.7989363299383172,0.4333816721583869,0.13598353783046485,0.10028581321239471,0.8569416431558183,0.3205280355362356,0.0,0.1546260118484497,0.801199209023191,0.43285971247788746,0.10365374645083683,0.09435172379016876,0.8619610661671179,0.3214874376644907,0.0,0.12461591511964798,0.8106612103246609,0.42789106414868394,0.14265010622275773,0.08261101692914963,0.9026081141058406,0.4580921997557166,0.0,0.9848687648773193,0.8789855654423077,0.45762514727654835,0.12631955340782558,0.9942291378974915,0.7778525676760661,0.3920218354755358,0.0,0.6,0.8843876976391388,0.46322041749954346,0.1940213616552029,0.6,0.7548924391364182,0.47771200933656616,0.0,0.6,0.8320916808884742,0.4829933828321009,0.12682469446083627,0.6,0.7812344470779955,0.508618989051918,0.0,0.5760409832000732,0.7844693245541356,0.5324400407497343,0.0,0.6,0.7094813257849504,0.4606025280328168,0.0,0.5336863994598389,0.6972519299367109,0.47509886489048,0.0,0.6,high,high,high,high,high,high,high,high,high,high,high,high,high,low,low,low,low,low,low,low,low,low,low,high,high,medium,medium,medium,medium,medium,medium,medium,medium
24,0.8,0.8454386055608474,0.27913597986831606,0.14019605515650696,0.8077992796897888,0.8484947327133681,0.268540953665903,0.12842298754098008,0.7878009676933289,0.852273964520659,0.2672524850268471,0.12810653208435865,0.7754971981048584,0.8542947184233699,0.26613273952668715,0.1281174447014063,0.7923446893692017,0.8440980570855419,0.2719383686433591,0.16086664337378323,0.8289737105369568,0.8379891878797203,0.2728653392105399,0.160340406782144,0.8570889830589294,0.8343697377851815,0.27379708568671995,0.15996403818502888,0.8925413489341736,0.868026982654227,0.2659842450788256,0.11405158100219903,0.8497223854064941,0.8500602728837041,0.2763549681657407,0.2617923068208301,0.8820585012435913,0.8597318564817367,0.282043104162028,0.14255582912888043,0.7694829702377319,0.8538836074042176,0.28894870254126537,0.18279516116861466,0.7540633678436279,0.9397048552831038,0.29674835325954757,0.08488745499610714,0.9883605241775513,0.8839109131506295,0.3238447940016135,0.32253795913865735,0.9939150810241699,0.924336853977686,0.3184626999990654,0.0,0.056687645614147186,0.8364374915480914,0.3824514444474584,0.2889499489330892,0.021944351494312286,0.8677547647680737,0.32345938262267077,0.0,0.09443385154008865,0.7907847742656471,0.42231469901847507,0.146277213343235,0.06299329549074173,0.8644914329746688,0.3294861940515078,0.0,0.15756556391716003,0.775524561221785,0.4352123758176002,0.12388364126632297,0.11229284852743149,0.8630089873756308,0.32505617490459515,0.0,0.15206965804100037,0.7795320256050948,0.4349135435544539,0.0944980171038001,0.1099199578166008,0.8656603241022396,0.3272641314701609,0.0,0.12407656013965607,0.7890827343180484,0.43086770531180973,0.1285664464036627,0.09877510368824005,0.9022451433546361,0.4608180190160848,0.0,0.9841793179512024,0.8719752743527629,0.4606536002981647,0.11234171004284263,0.9936128854751587,0.7727603737290942,0.3789576760955634,0.0,0.6,0.881784826688385,0.46472309033076087,0.19427776388053286,0.6,0.7290685618674024,0.4751147293335921,0.0,0.5219046473503113,0.8299485349107085,0.4850322223942868,0.12993644850178732,0.6,0.7649508472922819,0.5080847557469139,0.0,0.5964824557304382,0.7628917600076721,0.5290661239772239,0.0,0.5013107657432556,0.6949326235746003,0.4318541256188432,0.0,0.5605708360671997,0.666636456837467,0.46927951682697766,0.0,0.6,high,high,high,high,high,high,high,high,high,high,high,high,high,low,low,low,low,low,low,low,low,low,low,high,high,medium,medium,medium,medium,medium,medium,medium,medium
25,0.8333333333333334,0.8254096699761365,0.27941974087472915,0.17794381771540635,0.8097954988479614,0.8297923506000959,0.26998949019642215,0.1774221124053701,0.7913694977760315,0.8344056866107865,0.2689338815517922,0.1771208855794587,0.7775335311889648,0.8374321317617177,0.2680386378492794,0.17711952629136643,0.7959319353103638,0.8235522115425096,0.2731071739068961,0.20454652593547146,0.8408507704734802,0.8171157800790056,0.2741492221822279,0.20408013636693584,0.8664963245391846,0.8132243280088451,0.2751456642553808,0.2037831783329418,0.8998339176177979,0.84758275594467,0.27008600765730745,0.19018672629409372,0.8518390655517578,0.8248245893936357,0.2776910195817488,0.31455170875523836,0.8892038464546204,0.8373213527085921,0.2833477565736489,0.18772587777573518,0.7742702960968018,0.8304258407134855,0.28944728997620744,0.22107863782238632,0.762410581111908,0.9118954426758799,0.30011060271229856,0.16024286820095224,0.9884293675422668,0.8426938062503365,0.3263300953211493,0.3686737165480237,0.9941114783287048,0.9190111243641483,0.3179657326572711,0.0,0.052169304341077805,0.7953165349982578,0.38318131943960665,0.32566887346076884,0.02000986412167549,0.8709673568919012,0.32175715576796626,0.0,0.08917026966810226,0.7514687084651513,0.41497024101810964,0.18098989833745555,0.0579073503613472,0.8694525918204768,0.3266400642745153,0.0,0.15306192636489868,0.736971101143979,0.4239995817899159,0.15849588829633282,0.103985995054245,0.866185186487258,0.32181363332243873,0.0,0.14946885406970978,0.7414136398366578,0.4220692427494598,0.13268041871227623,0.10198210924863815,0.8665387723551509,0.3249983320703048,0.0,0.12098352611064911,0.7508165373668824,0.419747939789213,0.16455878426770276,0.09176726639270782,0.8932985912114059,0.45097768945849703,0.0,0.9821912050247192,0.8506615127161133,0.4520557210856674,0.10437829652692637,0.9928429126739502,0.7567481398582478,0.36566798388958077,0.0,0.6,0.8791819557376315,0.46622576316197833,0.19453416610586283,0.6,0.7001560704135692,0.4658940809590012,0.0,0.6,0.8278053889329429,0.4870710619564727,0.13304820254273833,0.6,0.743532822126555,0.49737282232804864,0.0,0.5761167407035828,0.7353157253115347,0.5142000833730332,0.0,0.510215699672699,0.6739591454570406,0.40257172512285744,0.0,0.5238465070724487,0.6339064339796718,0.4632551372051251,0.0,0.6,high,high,high,high,high,high,high,high,high,high,high,high,high,low,low,low,low,low,low,low,low,low,low,high,high,medium,medium,medium,medium,medium,medium,medium,medium
26,0.8666666666666667,0.7984165485366539,0.26825082402824035,0.2008624935830951,0.8257185816764832,0.8055545023549152,0.26079738744489034,0.2119977133986839,0.8080176711082458,0.8104280315356954,0.2601916642038979,0.21168728151721264,0.7945845723152161,0.8140673677682342,0.2597365011146303,0.21167825427262435,0.8125038743019104,0.7974399749215687,0.26296020776797635,0.23734915071538343,0.8549571633338928,0.7909017930497677,0.2639619260679043,0.23689140987285154,0.8781510591506958,0.7867094575664122,0.264820573386891,0.23665694564598347,0.9089066386222839,0.8260723453857426,0.2637339976284061,0.2557939484298653,0.8640952706336975,0.7970210690320532,0.269153078084504,0.360264907280605,0.898722231388092,0.809188188094917,0.2729889819949942,0.2199369518993763,0.790774941444397,0.8006910363555253,0.27820918502368647,0.25246749430599674,0.7811416983604431,0.881964533479066,0.29202804935006355,0.2172769243787711,0.9891945719718933,0.7947689264248601,0.3172998065715078,0.4110722723601523,0.9942138195037842,0.9078063554975004,0.30263797330967557,0.019627109395735254,0.07287237793207169,0.7447694112093041,0.36988089773760624,0.3429704287386832,0.018587343394756317,0.8713722641651469,0.30731908007935294,0.0,0.09358559548854828,0.7064487103259944,0.3917481495644951,0.1716824482197255,0.05391811206936836,0.8729623438039328,0.3117972916656449,0.0,0.15618757903575897,0.6937747537950831,0.3967099245333738,0.14724696495316286,0.09710025787353516,0.866477117810774,0.30765952569343635,0.0,0.153377503156662,0.6980367484904132,0.3928039146886849,0.12393392129238981,0.09562147408723831,0.8639850177409232,0.3112774367654804,0.0,0.12346672266721725,0.7072775272222684,0.3925352746095423,0.15559314127082358,0.08675190806388855,0.8738303208128857,0.4304435622719907,0.0,0.9833048582077026,0.8151077512816693,0.4335875677201031,0.10025470042145362,0.9931374788284302,0.7546706816533248,0.35171000607363917,0.0,0.6,0.8765790847868778,0.4677284359931958,0.1947905683311928,0.6,0.6822193114629731,0.4499030026175215,0.0,0.6,0.8256622429551771,0.4891099015186586,0.13615995658368937,0.6,0.7263943376518927,0.476221235620949,0.0,0.5574612617492676,0.7053628221628938,0.4871262229035427,0.0,0.6,0.6615198726050151,0.3760075540207307,0.0,0.6,0.6041814804077164,0.45768567323684817,0.0,0.6,high,high,high,high,high,high,high,high,high,high,high,high,high,low,low,low,low,low,low,low,low,low,low,high,high,medium,medium,medium,medium,medium,medium,medium,medium
28,0.9333333333333333,0.7723780889889041,0.2480888816860179,0.2065189318570785,0.8430882096290588,0.7808161714138149,0.24242254091309567,0.22396148769033045,0.8271578550338745,0.7851843558825,0.2427322861059013,0.22363385836873917,0.8150539994239807,0.7889009329266781,0.24292216837267283,0.22361805486234532,0.8312141299247742,0.7716440105493829,0.24338032475440438,0.24352647725379895,0.8694016933441162,0.765616665770126,0.2443044671228722,0.2431286896789553,0.8902667760848999,0.7611390127168689,0.245001827156072,0.24298117686679657,0.9179588556289673,0.7984759857604575,0.24941918354629145,0.2808934216428825,0.8776521682739258,0.7660687329607986,0.2512571295171913,0.3745553900589764,0.9086298942565918,0.7800851522625764,0.25539405202810095,0.22904751000009832,0.8116025924682617,0.770951694125064,0.2586371020212047,0.2519967890320687,0.8028715252876282,0.8477269324945147,0.277581247833226,0.24191481083423172,0.9902642965316772,0.7471230803947646,0.30509901102328435,0.41666840445814823,0.9947398900985718,0.8867725404826101,0.28469913280927295,0.034139401300556385,0.07144485414028168,0.6872987138641482,0.3497807773259979,0.32052831369992824,0.0672316700220108,0.8556863971245617,0.2947920169030044,0.0,0.1050543412566185,0.6518022184605383,0.35311337673302945,0.12789969189235834,0.13992244005203247,0.856072994101022,0.2990072262592812,0.0,0.1640181690454483,0.6406937083164312,0.3534792353917956,0.09827720484151456,0.17628969252109528,0.8464507834338941,0.2952426730336017,0.0,0.16055327653884888,0.6455864014325459,0.3476468392393815,0.08017065725126489,0.1742730289697647,0.8426576045565417,0.2988191060114026,0.0,0.12853354215621948,0.6539510413483323,0.3485008700119041,0.11308968378044262,0.1601606011390686,0.8367280732223783,0.4113764422478942,0.0,0.9849046468734741,0.7676858807499335,0.41894707695031885,0.08673443720786744,0.9937349557876587,0.7517801649086979,0.3380978582622297,0.0,0.6,0.873976213836124,0.46923110882441327,0.19504697055652276,0.6,0.6696355799486604,0.43153606915112813,0.0,0.6,0.8235190969774115,0.49114874108084444,0.1392717106246404,0.6,0.70746095127715,0.4645930766225707,0.0,0.547923743724823,0.6682501706673196,0.48266773563813437,0.0,0.6,0.6492199399902936,0.3648481191640328,0.0,0.6,0.574456526835761,0.45211620926857116,0.0,0.6,high,high,high,high,high,high,high,high,high,high,high,high,high,low,low,low,low,low,low,low,low,low,low,high,high,medium,medium,medium,medium,medium,medium,medium,medium
29,0.9666666666666667,0.7451728330903418,0.23377172718376052,0.1550236539893499,0.8587768077850342,0.7540064509654121,0.22892903489666444,0.17950251776646947,0.8444385528564453,0.7582812617708773,0.22937628154432363,0.17915883358776408,0.8335455656051636,0.7623079805385281,0.22984102448244534,0.17914518482097425,0.848090410232544,0.7427905599276244,0.2292589854388254,0.18901346095062685,0.8824582695960999,0.7377697329421162,0.23025150416475415,0.18868490317206887,0.9012373685836792,0.7332616656810274,0.23089718697093364,0.18856615946999428,0.9261595606803894,0.7707134874272756,0.23697065056620842,0.2619891349912253,0.889885425567627,0.7331197734201447,0.2374489614110455,0.3221221745778361,0.9177532196044922,0.7521096750017111,0.24192597663208104,0.18467630728176196,0.8304367065429688,0.7414364959254429,0.24370175297860563,0.1928920955950777,0.822571337223053,0.8177855433006129,0.2663957790617072,0.23614417745499544,0.9912376999855042,0.6957657872102218,0.2867379759575111,0.3579055649903558,0.995254635810852,0.875697036167405,0.2852111913802192,0.05221612337015537,0.15703849494457245,0.6387386574889692,0.33051833225574895,0.23171611391398722,0.06456278264522552,0.8488659848977937,0.3084118635782281,0.0,0.18588265776634216,0.6168737651862759,0.3198996602377422,0.02104940251523247,0.13140693306922913,0.8481382973544269,0.3150332326238814,0.0,0.23671133816242218,0.6093712428233022,0.3165861548799465,0.0,0.1688741147518158,0.8335130359187293,0.3105304143228739,0.0,0.23342382907867432,0.613996296495826,0.3078374528523656,0.0,0.16727133095264435,0.8287278865322945,0.3122746176791922,0.0,0.2012178599834442,0.6208409739263147,0.30967822059606975,0.009516334078667615,0.15482591092586517,0.807700256228727,0.38689913644101614,0.0,0.986409068107605,0.7254422894724617,0.3913791292891924,0.06564919753021867,0.9943498969078064,0.7449146953032957,0.32617643491742115,0.0,0.6,0.8713733428853705,0.4707337816556308,0.19530337278185272,0.6,0.6589205676720153,0.41421040168036505,0.0,0.5051334500312805,0.8213759509996459,0.4931875806430303,0.14238346466559143,0.6,0.6806309626096907,0.4430213022482157,0.0,0.5914057493209839,0.6281038870066769,0.45996664294274103,0.0,0.5131106972694397,0.628062053021297,0.36903765985182213,0.0,0.5274760723114014,0.5447315732638055,0.44654674530029415,0.0,0.6,high,high,high,high,high,high,high,high,high,high,high,high,high,low,low,low,low,low,low,low,low,low,low,high,high,medium,medium,medium,medium,medium,medium,medium,medium
30,1.0,0.7086677185861121,0.22363161783674163,0.1319678273651153,0.8728008270263672,0.7165151424619164,0.21867337482514693,0.15517569918593646,0.8598516583442688,0.7212896756914686,0.2191622960956508,0.15483120888784255,0.8500224351882935,0.7255874433161792,0.2197585789473746,0.1548167724501007,0.8631653189659119,0.7046348335859678,0.21861254627054444,0.16379074728016574,0.8941114544868469,0.7019358770552789,0.21943154166906365,0.1635200871384787,0.9110242128372192,0.6983790462945187,0.21984985769489762,0.16345503255898622,0.9334681630134583,0.7346820943839085,0.2261306980064705,0.23608342848179842,0.9008018374443054,0.6979598255702129,0.22546591871963018,0.3038110359982185,0.9256992936134338,0.7169576597102614,0.23299747837451296,0.160713755653733,0.8471807837486267,0.7052580246002821,0.23286837856947462,0.16581902368154877,0.8400176763534546,0.7801345518696856,0.2551643197492015,0.1994995461442537,0.9920953512191772,0.6568432878225295,0.2696277533933562,0.3554880505814151,0.9957018494606018,0.8573532394873813,0.2941474670713606,0.02973864385087511,0.15068916976451874,0.609575100017318,0.3146415391029464,0.21576082716003497,0.09641388803720474,0.8335133803474342,0.3389974934654645,0.0,0.1818886697292328,0.6005251183932215,0.29712211724483684,0.0,0.20753636956214905,0.8302128973540748,0.34971565334669175,0.0,0.23337823152542114,0.5974795728018805,0.29206590198136784,0.0,0.24206730723381042,0.810834694158783,0.34475968955280156,0.0,0.23010043799877167,0.6010016172360166,0.2814484703026736,0.0,0.23985712230205536,0.8064776067133571,0.3435903438182431,0.0,0.19672636687755585,0.6061804676667254,0.2836664162385165,0.0,0.22326542437076569,0.7712971576443939,0.3658783224634923,0.0,0.98768550157547,0.6904559146552115,0.3694629071753629,0.06818708064499175,0.9948509335517883,0.7234966490837448,0.3088058102774647,0.0,0.6,0.8687704719346169,0.47223645448684815,0.19555977500718266,0.6,0.6471974996975824,0.40135162137883074,0.0,0.5157479047775269,0.8192328050218802,0.49522642020521623,0.14549521870654242,0.6,0.659820248613826,0.42350514715923965,0.0,0.6033143401145935,0.577543347541363,0.4388185278009621,0.0,0.5371835231781006,0.6094711396985044,0.37709897001677095,0.0,0.5398744940757751,0.5150066196918501,0.44097728133201713,0.0,0.6,high,high,high,high,high,high,high,high,high,high,high,high,high,low,low,low,low,low,low,low,low,low,low,high,high,medium,medium,medium,medium,medium,medium,medium,medium
31,1.0333333333333334,0.676176661378022,0.21724219703591008,0.09565548298311702,0.8855106830596924,0.6827080738850146,0.21234062314033564,0.11894841627641187,0.8738460540771484,0.6878351969318808,0.21271900968118201,0.11859931270342292,0.8649988770484924,0.6919361187583657,0.213219137562739,0.1186018735257204,0.8768333792686462,0.6696719293827795,0.2119819592067973,0.12661305124630493,0.9046831727027893,0.6660810875725931,0.21247737290281293,0.12637944658458405,0.9199064373970032,0.6619801421265519,0.21271104478474873,0.1263422966567859,0.9401048421859741,0.6985331404181367,0.21899776275341387,0.2025513316055283,0.9107100367546082,0.6593966613282709,0.21775601401334654,0.2712771321162762,0.9330611228942871,0.6864887859437867,0.22789344010931134,0.1251513552189849,0.8624335527420044,0.6726904105751126,0.22578189134736776,0.12919326162612693,0.8559659719467163,0.7478934412513877,0.24872730481319005,0.15485574626353,0.9928844571113586,0.6193316003659405,0.25859176195584876,0.32516264481283375,0.9961084127426147,0.8367410441100758,0.3008881048028016,0.014315489309569664,0.2062918096780777,0.5829351402662866,0.3042032772844496,0.18633696738856353,0.11140839010477066,0.8038943468273958,0.3529682520664109,0.0,0.23529314994812012,0.5885673482101296,0.29083261011919576,0.0,0.24031658470630646,0.8019459972848446,0.37031942536503104,0.0,0.28007784485816956,0.5883136593100646,0.28809114484798176,0.0,0.2773725390434265,0.7789553174605757,0.3647928096197711,0.0,0.27719658613204956,0.5919724601409946,0.2774790462219361,0.0,0.2750570774078369,0.7765005497665692,0.3612296751468064,0.0,0.23988737165927887,0.596116479321239,0.2783455331147697,0.0,0.25397077202796936,0.7368818718792417,0.35267090484812635,0.0,0.9888902306556702,0.6547985135258512,0.35292615944689065,0.06418663771749254,0.995312511920929,0.7088053682189462,0.3090215433032927,0.0,0.5039186477661133,0.866167600983863,0.47373912731806556,0.1958161772325126,0.6,0.6321971343530658,0.39639384947317846,0.0,0.5217325687408447,0.8170896590441143,0.4972652597674021,0.14860697274749346,0.6,0.6475790229154929,0.4169046264011554,0.0,0.59493488073349,0.5230078814376127,0.4208108273095288,0.0,0.5441185832023621,0.601022608861873,0.41013219964161635,0.0,0.5464265942573547,0.48528166611989465,0.4354078173637401,0.0,0.6,high,high,high,high,high,high,high,high,high,high,high,high,high,low,low,low,low,low,low,low,low,low,low,high,high,medium,medium,medium,medium,medium,medium,medium,medium
32,1.0666666666666667,0.6503281559977515,0.22071873085760071,0.11861785072268892,0.8966437578201294,0.6556237612293057,0.2153812871251634,0.14688368732140095,0.8857784271240234,0.6610215756443014,0.21569188790165794,0.14654449572339517,0.8778789639472961,0.6652744743095984,0.21613184597108803,0.14654330582746572,0.8887326717376709,0.6415569344600615,0.21489463965375996,0.15213027874350865,0.9136771559715271,0.6371910474795023,0.21539897205946384,0.1519149182351323,0.9274835586547852,0.6326545760348143,0.2155311815527497,0.15188688098828593,0.9456372261047363,0.67058237226971,0.22127777105305912,0.23942887373181831,0.9194269776344299,0.6298754804340014,0.22030434689738593,0.30230250127943603,0.9383475184440613,0.6626295672430043,0.23002902444426057,0.1519395120632958,0.8758739829063416,0.646970945360501,0.22930769254138755,0.15350696383725831,0.8698453903198242,0.7264505765099089,0.25097333252568965,0.1639331062356913,0.9935940504074097,0.583515146673422,0.26117546484742754,0.3408026909911558,0.9964608550071716,0.8230341978562206,0.30187492534553056,0.03563355476083135,0.22370873391628265,0.5629463117995199,0.3123961962186381,0.20013904518562925,0.11748853325843811,0.7904316018789264,0.34866002452123507,0.0,0.2747438848018646,0.5808551547688497,0.3170840790916442,0.0,0.2914879620075226,0.7888068376165469,0.36603965674524913,0.0,0.3177083134651184,0.5823253671050365,0.31953425076735964,0.0,0.33041417598724365,0.7630553717935578,0.36024480231436357,0.0,0.31468465924263,0.5862971972196546,0.3095594500397755,0.0,0.3275647759437561,0.7610016327637912,0.355324087790399,0.0,0.2723507583141327,0.5896988081765357,0.3081821163286982,0.0,0.30034658312797546,0.7083580505042106,0.3508509772640851,0.0,0.9899392127990723,0.61964707482945,0.3477182523770775,0.05950669660330668,0.9956486225128174,0.6896888629910385,0.31598375291905934,0.0,0.6,0.8635647300331095,0.4752418001492831,0.19607257945784257,0.6,0.6096189837286261,0.3984225639131252,0.0,0.6,0.8149465130663487,0.499304099329588,0.15171872678844447,0.6,0.635712090558385,0.38383659803784076,0.0,0.5590927004814148,0.4770377341545001,0.41531852929742297,0.0,0.5260688066482544,0.5988917623088648,0.4173021876450752,0.0,0.5076076984405518,0.4529926166472241,0.4291177187540576,0.0,0.6,high,high,high,high,high,high,high,high,high,high,high,high,high,low,low,low,low,low,low,low,low,low,low,high,high,medium,medium,medium,medium,medium,medium,medium,medium
33,1.1,0.6359261849543448,0.24091194736790886,0.16140346703204284,0.906480073928833,0.6399612261420936,0.23441486251659946,0.17633110253544165,0.896359384059906,0.644464412213485,0.2342902107950141,0.17602699995692214,0.8893417119979858,0.6482194260561678,0.23451593625934591,0.17602005758103562,0.899385392665863,0.6288808753718325,0.23425064630163916,0.19043956001426005,0.9214075803756714,0.6256877164462802,0.23486361487623203,0.19024237101172561,0.9339416027069092,0.6224135221579152,0.23500132050130812,0.19024509712966917,0.95026695728302,0.6538566489875473,0.23826139039926658,0.22927911359044,0.9272140264511108,0.6235253448252928,0.23952056273019184,0.3254058240524269,0.941333532333374,0.6477408995439418,0.249172952139017,0.17928708404615257,0.8877109885215759,0.6354350314273718,0.24958400400507486,0.19364960699630973,0.8810617923736572,0.710291909171153,0.26448120694338373,0.15891680809167757,0.9942342638969421,0.5868037306901196,0.28120994540083455,0.3641080546837596,0.9967989921569824,0.7964512940609115,0.30770498250192224,0.0,0.23452536761760712,0.5686303623072766,0.3421087237226944,0.243855273118786,0.1063600555062294,0.752320629316612,0.3468892864691915,0.0,0.2874097228050232,0.5852063096764497,0.36955168148576617,0.016565216153790658,0.26452597975730896,0.7471894127227785,0.36298254681078246,0.0,0.3263326585292816,0.5850149505621919,0.3773285911911305,0.0,0.3011452555656433,0.7239239806339755,0.35581999919909235,0.0,0.3226064443588257,0.58655425468525,0.3688207139502048,0.0,0.2985212802886963,0.7236424587267559,0.35241293045746513,0.0,0.2727523446083069,0.5890739089125535,0.3650807924481826,0.0035628248136360327,0.2734140157699585,0.6835803785524186,0.3681925293448931,0.0,0.9909287691116333,0.6072445282569314,0.36699349771846523,0.0731024871035405,0.9960549473762512,0.6568542317262265,0.3151076155850019,0.0,0.6,0.8609618590823558,0.4767444729805005,0.19632898168317253,0.6,0.567000013826056,0.39581848698340477,0.0,0.6,0.812803367088583,0.501342938891774,0.15483048082939552,0.6,0.6085324211693048,0.40163015721839174,0.0,0.5297214984893799,0.44023668001859734,0.4148407460370553,0.0,0.5112456679344177,0.5667491070318348,0.4080331815289461,0.0,0.6,0.42134459114973233,0.4230077788047263,0.0,0.6,high,high,high,high,high,high,high,high,high,high,high,high,high,low,low,low,low,low,low,low,low,low,low,high,high,medium,medium,medium,medium,medium,medium,medium,medium
34,1.1333333333333333,0.6180900992491323,0.2554615501201521,0.21681612278475965,0.9158262014389038,0.6222015266374012,0.24860753879680567,0.22500101450856808,0.9067065119743347,0.626403090559243,0.24823107867391025,0.22473617937494053,0.9003890156745911,0.6304603216253533,0.24840943254791004,0.22473141391238471,0.9094323515892029,0.6129171393968025,0.24820194811948876,0.2430338937363709,0.9292556643486023,0.6105165766391459,0.24871839100108623,0.242844969867827,0.9405370354652405,0.6080007779570464,0.24871553115911482,0.2428759116601284,0.9552305340766907,0.6382953189747611,0.25229295928439405,0.2547131504663783,0.934480607509613,0.6117933071576648,0.25294812784328397,0.359645887056588,0.947158694267273,0.6300878763754624,0.2635491340310431,0.2241876040930521,0.8989244699478149,0.6192468728496772,0.2639829045409096,0.24553362700419612,0.8929258584976196,0.6912356360808971,0.2818196190820715,0.1748960378877215,0.9948107600212097,0.5755145237162412,0.2964165426078662,0.3757869932618184,0.9971172213554382,0.7715550137288663,0.3342356113565005,0.0,0.2970834970474243,0.5575294126441721,0.36301698461001386,0.2747253601662909,0.10055316984653473,0.7383761015527472,0.3802111039072772,0.0,0.34319576621055603,0.580303987284086,0.4078664173196257,0.08336802465637132,0.255103200674057,0.7374569390203589,0.39803114741832335,0.0,0.377362996339798,0.5763334952867963,0.4191725691020639,0.04445861455374399,0.2936748266220093,0.7152356969448811,0.3918205512848222,0.0,0.3736954629421234,0.5813774051088291,0.41202770882136447,0.03253648616807732,0.29142820835113525,0.7124683298431096,0.38661648954822847,0.0,0.3177516460418701,0.5835756263532854,0.4089824379810375,0.07190095600270467,0.2657504379749298,0.6432774633794415,0.38368595278624434,0.0,0.9918216466903687,0.5717601278722996,0.37858440166031104,0.07031010657262363,0.9964296221733093,0.5957921573610032,0.34192817468882253,0.0,0.5185667276382446,0.858358988131602,0.4782471458117179,0.19658538390850253,0.6,0.4955761378461677,0.41315055164423964,0.0,0.6,0.8106602211108174,0.5033817784539598,0.15794223487034653,0.6,0.5355446435910575,0.4179171862163199,0.0,0.566410481929779,0.4139799645174922,0.41873962569348017,0.0,0.526180624961853,0.5057829946349008,0.41499165791175974,0.0,0.5230726003646851,0.39283046064200344,0.4177786145282242,0.0,0.6,high,high,high,high,high,high,high,high,high,high,high,high,high,low,low,low,low,low,low,low,low,low,low,high,high,medium,medium,medium,medium,medium,medium,medium,medium
35,1.1666666666666667,0.599827531056528,0.26566412510016096,0.24770527204503057,0.9242058992385864,0.6029158640296881,0.2582063960792864,0.25124930998523265,0.9159453511238098,0.6063779502203986,0.2574950113788358,0.2510045425367216,0.9102561473846436,0.6101559635364665,0.25742840002744694,0.2510136589321091,0.9184204936027527,0.5951340187401777,0.25838857229217294,0.27386009813848705,0.9362895488739014,0.5933438258849117,0.258923805920117,0.2736495462678259,0.9464526772499084,0.591292691953256,0.2588857547456019,0.27366749802061663,0.9596784710884094,0.619855513105861,0.26042720144028497,0.2683399240844532,0.9409968852996826,0.5970469806299914,0.2630832272045547,0.3835270755391335,0.9523813724517822,0.6116446897144378,0.2730205805846313,0.2507781862847879,0.908999502658844,0.6025849833632977,0.2744057989898546,0.27945899825742965,0.9035964608192444,0.6748799409343942,0.28886753407530646,0.1835276141441443,0.995328962802887,0.5683253642284524,0.30711338799316645,0.39814184588708074,0.9973998069763184,0.7540094186931798,0.34605657224193964,0.0,0.3223232626914978,0.5547569581678712,0.37711646902811374,0.3214675964101602,0.10582495480775833,0.7274066395970789,0.3956096446041749,0.0,0.3693598508834839,0.5701233332668445,0.44009642827483164,0.14971610992313306,0.25802499055862427,0.7316598929725346,0.41216538853439805,0.0,0.40601590275764465,0.5656984918739982,0.4548386634090854,0.11403799105635368,0.29692545533180237,0.7086178470046944,0.4061932295630317,0.0,0.403584361076355,0.5677409062296653,0.45075803154554245,0.09851634115119665,0.29517465829849243,0.7044938490107362,0.4024983474285741,0.0,0.34487947821617126,0.5706117955537958,0.4459063067580726,0.13755131097801399,0.26953718066215515,0.6296171294503573,0.3913830181796522,0.0,0.9926340579986572,0.5636029072574817,0.38787090153127385,0.07255691847826931,0.9967790842056274,0.5731890622922976,0.3685484522520903,0.0,0.5340486168861389,0.8557561171808485,0.4797498186429354,0.19684178613383246,0.6,0.47268263379016257,0.428005428723567,0.0,0.6,0.8085170751330517,0.5054206180161457,0.16105398891129755,0.6,0.5036820391029333,0.43398127412985743,0.0,0.5435367226600647,0.39859157154610214,0.42352825764453883,0.0,0.5450221300125122,0.48645592304670804,0.42853555140893596,0.0,0.5005362629890442,0.3692308472773119,0.4139306666477495,0.0,0.6,high,high,high,high,high,high,high,high,high,high,high,high,high,low,low,low,low,low,low,low,low,low,low,high,high,medium,medium,medium,medium,medium,medium,medium,medium
36,1.2,0.5820609860486934,0.26855693642909784,0.2082970497005197,0.9317845106124878,0.5844813433838351,0.2613958859499247,0.21390909807526487,0.9243493676185608,0.5875731338432079,0.26056000750103825,0.21364939772895225,0.9192293882369995,0.5911019602855618,0.26040009483868776,0.21365804251257414,0.9265772700309753,0.57670828095683,0.2624696490717386,0.23585655135569383,0.942659854888916,0.5749364846791992,0.2632912100750813,0.23558151416289566,0.951806902885437,0.5730514414521657,0.26361579421933784,0.23554011939705732,0.9637100100517273,0.603417849068321,0.26334406841885033,0.24463962086222457,0.9468966722488403,0.5810116417619191,0.2688048424976418,0.342436183011703,0.9571418166160583,0.5944350379886065,0.27568131251074013,0.2163636614253755,0.9180987477302551,0.5860850694296259,0.2784309494884427,0.24570837698546943,0.913235604763031,0.6640863921536728,0.29189077505976524,0.1756498350269038,0.9957960247993469,0.566277930508684,0.31449531168093026,0.34605125554930727,0.9976593255996704,0.7383846540551104,0.3429724835988256,0.0100619373989611,0.389146625995636,0.5521281175402232,0.3754898654275295,0.2829390847686434,0.1348589062690735,0.7094653851780321,0.38583762783965414,0.0,0.43143779039382935,0.5496341617374167,0.435644346030999,0.14108853736818572,0.3083323836326599,0.708361484370867,0.3993856154191199,0.0,0.464307576417923,0.541059724517637,0.44805214100784474,0.10567028520060061,0.34845513105392456,0.6875911388363889,0.3927656729251921,0.0,0.46207916736602783,0.53933392197658,0.44548789041859405,0.09317867543834935,0.3452024459838867,0.6876124789664813,0.39088277612532873,0.0,0.408638596534729,0.5448900740463432,0.4410725893813147,0.1306937278393825,0.3205771744251251,0.6399149862758502,0.3946779528697898,0.0,0.993369996547699,0.5791259519148,0.3946771989891312,0.056855964873828546,0.9971000552177429,0.5870308732004632,0.38138394315944973,0.0,0.580636203289032,0.8531532462300948,0.4812524914741529,0.19709818835916243,0.6,0.49436341936698686,0.4373186486370442,0.0,0.5223506093025208,0.806373929155286,0.5074594575783316,0.1641657429522486,0.6,0.5144006229797129,0.44560090828690646,0.0,0.5891339778900146,0.39494921784578885,0.4289509618615782,0.0,0.5899835228919983,0.5063497816831455,0.4393253880617448,0.0,0.5504592657089233,0.3516141243476224,0.41176419959722144,0.0,0.5066012144088745,high,high,high,high,high,high,high,high,high,high,high,high,high,low,low,low,low,low,low,low,low,low,low,high,high,medium,medium,medium,medium,medium,medium,medium,medium
37,1.2333333333333334,0.5692244142224475,0.266686031625266,0.1367322519456316,0.9386027455329895,0.5711314148141524,0.2592509148559933,0.14518411697207673,0.9319104552268982,0.5740034382937964,0.25843047091872057,0.14489656863929548,0.9273020625114441,0.5776457187734855,0.2581659838522516,0.14490624046548026,0.9339168071746826,0.5622465586189916,0.2613689505901099,0.16642975180229708,0.9483912587165833,0.5599604292071519,0.2626477471945732,0.16607978019542116,0.9566236138343811,0.5577929387420499,0.2635590593159067,0.16598120100778901,0.9673363566398621,0.5902243608083496,0.26143050582814675,0.19390057307388037,0.9522046446800232,0.5647099659298421,0.2701359120282267,0.2723095836134153,0.9614158868789673,0.5823012595965883,0.2736866044136757,0.15291349277212946,0.9262840151786804,0.5732911839768619,0.2774250888741107,0.18277308370892034,0.9219005107879639,0.6572390439071316,0.2899681290477036,0.14177901983382718,0.996216356754303,0.5642349771408505,0.3187482543897526,0.27770347754299574,0.9978896975517273,0.723058530083905,0.32798465450743786,0.0,0.407807856798172,0.5644657695210078,0.3754691628170468,0.20824913903723563,0.12284065037965775,0.6860773700934208,0.36411544847321775,0.0,0.4560738801956177,0.5369770441438783,0.43700707132444083,0.06239956813606087,0.28445860743522644,0.6793427300619931,0.3748258538457351,0.0,0.48425066471099854,0.5248980247752107,0.4488901700173237,0.024869196846351832,0.3231908977031708,0.6598445174299493,0.3693458436877587,0.0,0.4820846915245056,0.5185083098761699,0.4486118259129836,0.00894766471116418,0.32014229893684387,0.6647739753578665,0.3688849494521166,0.0,0.42125555872917175,0.5265025085224708,0.4429698556592149,0.050369765566084634,0.29734155535697937,0.6695387748293683,0.39543191098666797,0.0,0.9940270781517029,0.6107615087971558,0.4007367505615974,0.04385009281649884,0.9973793625831604,0.6316314043698628,0.3957837718627958,0.0,0.6055527329444885,0.8505503752793411,0.48275516430537035,0.1973545905844924,0.6,0.5597975588242666,0.4425093766615865,0.0,0.5499976873397827,0.8042307831775204,0.5094982971405174,0.1672774969931996,0.6,0.5660045743792266,0.4542320523406677,0.0,0.610114336013794,0.40083415010870305,0.43539573026426026,0.0,0.56824791431427,0.5647563593590704,0.44922238431550615,0.0,0.5807944536209106,0.34033641628358985,0.41137930152127944,0.0,0.6,high,high,high,high,high,high,high,high,high,high,high,high,high,low,low,low,low,low,low,low,low,low,low,high,high,medium,medium,medium,medium,medium,medium,medium,medium
38,1.2666666666666666,0.5550362451093195,0.25843847707990786,0.025887818082229314,0.9446231722831726,0.5570191086589054,0.2515485306511399,0.0400325341936037,0.9385377764701843,0.5596640309392726,0.2509359182455607,0.03970231015087575,0.9343342185020447,0.5634363808415168,0.25059445855361945,0.039711836786259135,0.9403759837150574,0.5470759196853875,0.2543152576282037,0.05382151453645094,0.9534416198730469,0.5442512329919647,0.2560287629946691,0.05345895139626427,0.9608577489852905,0.5415672072858535,0.25800031576401217,0.053337852438013186,0.9705246090888977,0.5754980037818159,0.2542895220723748,0.11094629339057556,0.9568808674812317,0.5466874264753796,0.266751160849503,0.16936397355534008,0.9650856256484985,0.567826840566312,0.26595411027644966,0.05133739954386016,0.9334207773208618,0.5582345606702762,0.2703993555271271,0.06892214614750364,0.9294071793556213,0.6462456478383454,0.28230799425454206,0.0844249332493004,0.9965916872024536,0.5561248619795416,0.3184944341232735,0.18178703118384903,0.9980879426002502,0.701584661618259,0.29668269141431813,0.0,0.372282475233078,0.5538301817326016,0.3626139310551144,0.105538093699859,0.1121525764465332,0.65533937315841,0.3157695059801323,0.0,0.4165985584259033,0.5009868971673493,0.4003257635451152,0.0,0.25738760828971863,0.6411272003934116,0.3210294396032551,0.0,0.44461312890052795,0.4870151174374129,0.40536112628338883,0.0,0.29255688190460205,0.622787065578231,0.3165024716606793,0.0,0.44326555728912354,0.47998224938666195,0.40527097078470187,0.0,0.28981882333755493,0.6319712230931368,0.31809117987161556,0.0,0.3868587017059326,0.48763383407415056,0.4018939326415261,0.0,0.2693450450897217,0.6979920023526919,0.3886919018827684,0.0,0.9946213364601135,0.6395409512908882,0.4003522047351856,0.03034385699032008,0.997637152671814,0.6912379328048609,0.41036987030283945,0.0,0.6035394072532654,0.8479475043285873,0.4842578371365879,0.1976109928098223,0.6,0.6499513941445318,0.4445458082227891,0.0,0.554543673992157,0.8020876371997547,0.5115371367027033,0.17038925103415065,0.6,0.639751482625033,0.46005289819387546,0.0,0.600043535232544,0.4075483463721964,0.44022514478310115,0.0,0.5332244634628296,0.6450284041074659,0.45815031633031106,0.0,0.5799835324287415,0.33504159865455924,0.4126758842752839,0.0,0.6,high,high,high,high,high,high,high,high,high,high,high,high,high,low,low,low,low,low,low,low,low,low,low,high,high,medium,medium,medium,medium,medium,medium,medium,medium
40,1.3333333333333333,0.5351931758416019,0.25275109277599683,0.0,0.9500781893730164,0.537863700748325,0.24486718866930762,0.0,0.9445658922195435,0.541023822861675,0.24398118584028278,0.0,0.940746009349823,0.5450681698072222,0.24331993750342185,0.0,0.9462464451789856,0.5266660699894392,0.24859409742838917,0.0,0.9580183625221252,0.5236535845519793,0.2504797493105453,0.0,0.9646825790405273,0.5206259532130417,0.25214019042628694,0.0,0.9734089374542236,0.5585390817035343,0.24604395657152628,0.026685308747531996,0.9611177444458008,0.5260926069635348,0.2613318499290589,0.08065211061143505,0.9683760404586792,0.5489649883100217,0.2599965124836064,0.0,0.9398565888404846,0.5387157162864183,0.26468098816616065,0.0,0.936150074005127,0.6340256866875245,0.27301266931848445,0.020334457718096468,0.9967735409736633,0.5450946120393318,0.31270578871795984,0.12106907454542933,0.9976418018341064,0.6877555730459591,0.27535346501218205,0.0,0.3792436420917511,0.538476483874667,0.3495738867557419,0.05588958116296022,0.13451726734638214,0.6361854683547048,0.2904271361850088,0.0,0.42687591910362244,0.4805786033749315,0.3738523499393251,0.0,0.28828778862953186,0.6173765569022225,0.29501202528849146,0.0,0.4517662525177002,0.46977723457596643,0.3760895387276079,0.0,0.31993672251701355,0.6019635560351391,0.2913948352034005,0.0,0.4511343240737915,0.4618370894924478,0.37594629028738336,0.0,0.31804099678993225,0.6122771251451735,0.2931962042769082,0.0,0.39415255188941956,0.4680416189429377,0.3735757237408832,0.0,0.29777589440345764,0.7264784391109779,0.38017094843871213,0.0,0.9949091672897339,0.6680475872157633,0.39707918162946204,0.02969255795515647,0.9976016879081726,0.7562863118165043,0.4193304711149578,0.0,0.5516631007194519,0.8453446333778338,0.4857605099678052,0.1978673950351523,0.6,0.7514262809737058,0.4439263700484627,0.02768049128486145,0.5059336423873901,0.7999444912219891,0.5135759762648892,0.17350100507510163,0.6,0.7282194804748082,0.4531583657465338,0.0540264257036144,0.5482556223869324,0.41626351453485577,0.44208948935940107,0.0,0.6,0.7421154044784799,0.46110784313601383,0.0,0.5298625230789185,0.33466129816856605,0.415353683425316,0.0,0.6,high,high,high,high,high,high,high,high,high,high,high,high,high,low,low,low,low,low,low,low,low,low,low,high,high,medium,medium,medium,medium,medium,medium,medium,medium
41,1.3666666666666667,0.5112718883511084,0.24406098131533333,0.0,0.9549923539161682,0.5143202914224652,0.23543266410177466,0.0,0.9500035643577576,0.5185847006616628,0.23393494196427234,0.0,0.9464883208274841,0.52333749195079,0.23261938989162506,0.0,0.9515358209609985,0.5012283646838106,0.2406345853855566,0.0,0.9621493816375732,0.4977038627043206,0.24269603800662531,0.0,0.9681161642074585,0.49370646143293173,0.24422572834508469,0.0,0.9760097861289978,0.5384949312343478,0.23308651489672466,0.0,0.9649152755737305,0.49857085443043336,0.2520482174027501,0.008960503124738312,0.9711856842041016,0.5281259159802849,0.250107101314552,0.0,0.9451830387115479,0.5151267943682384,0.2559244817509247,0.0,0.9418556690216064,0.628428776086351,0.25372185934951597,0.0,0.996993362903595,0.5253054479480082,0.30610284883103533,0.10835834017722507,0.9970629811286926,0.6872207568242017,0.24087085323039253,0.0,0.357588529586792,0.51417301174922,0.34097721603089093,0.06809589362297319,0.1265304833650589,0.6240372767537363,0.25932449606054103,0.0,0.39457109570503235,0.45609222126729676,0.35897106050333594,0.0,0.2667187452316284,0.6017628558032179,0.2655052396106282,0.0,0.4166611135005951,0.44692433338898996,0.36131627416555234,0.0,0.2954389750957489,0.586882415420805,0.26338823424491636,0.0,0.4155621826648712,0.44311944171265405,0.36108460091488714,0.0,0.29387134313583374,0.5976596703896172,0.2648298440279667,0.0,0.36368560791015625,0.4479776817462951,0.35833120540583424,0.0,0.2754031717777252,0.7684861488275615,0.36357387087561965,0.0,0.9953539371490479,0.6993479286874109,0.38855204493293777,0.04959589482387128,0.9976838231086731,0.8038616821471222,0.4269716588859269,0.0,0.5024823546409607,0.8427417624270801,0.4872631827990227,0.19812379726048227,0.6,0.8498050406672117,0.44127362701804784,0.20751032421920507,0.6,0.7978013452442234,0.515614815827075,0.17661275911605268,0.6,0.8310669224519105,0.44540416620405,0.16384252598001414,0.6,0.41667240767768043,0.4443348773987432,0.0,0.6,0.8485698861374198,0.454536794842454,0.03310617255674554,0.6,0.3374148926723358,0.4189122582481771,0.0,0.6,high,high,high,high,high,high,high,high,high,high,high,high,high,low,low,low,low,low,low,low,low,low,low,high,high,medium,medium,medium,medium,medium,medium,medium,medium
42,1.4,0.5000337909012699,0.24957218450127291,0.0,0.9594419002532959,0.5014563084760204,0.24193860746763865,0.0,0.9548985958099365,0.5046440237190909,0.24048931017900188,0.0,0.9517084956169128,0.5081228408919083,0.23913075071531636,0.0,0.9562825560569763,0.4913805904505149,0.24707006043070745,0.0,0.9658761620521545,0.4889085207368957,0.24891731893266064,0.0,0.9712544679641724,0.4856452288883284,0.25011392413597355,0.0,0.978370726108551,0.5207883341884849,0.23906645776230756,0.0,0.9683777689933777,0.4881582745027444,0.25624952665020045,0.0,0.9739931225776672,0.5153095205347035,0.2544690460869767,0.0,0.9505487084388733,0.504478830696543,0.25976761814319793,0.0,0.9475482702255249,0.6075497428020413,0.25707453590034113,0.0,0.9971767663955688,0.5217015002713072,0.306896527747175,0.04695190530973726,0.997192919254303,0.66325874352233,0.2308099803043696,0.0,0.4058568775653839,0.5077123346723335,0.32484582893220504,0.013251242807486692,0.14167876541614532,0.6007538810893388,0.2448124698686717,0.0,0.42493435740470886,0.45442615848877055,0.3355579840970215,0.0,0.2971039116382599,0.5774321078142657,0.2505393047710683,0.0,0.44207704067230225,0.44470425425987536,0.33753043343693034,0.0,0.3297734558582306,0.5647431746090502,0.24943379849403952,0.0,0.4404295086860657,0.44563757727196285,0.33878954737892325,0.0,0.3294857144355774,0.5748111392373543,0.25057597124910086,0.0,0.3870795965194702,0.4487572580506486,0.3362724865788911,0.0,0.31153392791748047,0.780777660422116,0.3659646546507225,0.0,0.9957755208015442,0.7191355332628016,0.3914838950811854,0.046933743790104794,0.997864842414856,0.8460089815539396,0.4495910238522731,0.0,0.5188838839530945,0.8401388914763266,0.48876585563024016,0.19838019948581226,0.6,0.9296519602899735,0.4373342821626145,0.33829872757141677,0.6,0.7956581992664578,0.5176536553892609,0.17972451315700372,0.6,0.9251743442024765,0.4424103974032872,0.3631031010065813,0.6,0.41507726199143524,0.4442264535627176,0.0,0.6,0.9455341034919439,0.4576005843451889,0.24259470405759864,0.6,0.34080951115128433,0.42265099173138965,0.0,0.6,high,high,high,high,high,high,high,high,high,high,high,high,high,low,low,low,low,low,low,low,low,low,low,high,high,medium,medium,medium,medium,medium,medium,medium,medium
43,1.4333333333333333,0.4902410348117503,0.26300240681443804,0.0,0.9634575247764587,0.4922227760850702,0.25509140412985376,0.0,0.9593600034713745,0.4957350512623522,0.2536907431545798,0.0,0.9564642310142517,0.4991761482123186,0.2523274684633137,0.0,0.9606133699417114,0.48301546640329557,0.2596947541742621,0.0,0.9692319631576538,0.4809010133043048,0.261325499741904,0.0,0.9740582704544067,0.47777883378498054,0.26192024148705473,0.0,0.9804853200912476,0.5113497598048982,0.25205798287352826,0.0,0.9714975357055664,0.4841895391752126,0.2670140446343907,0.0,0.9763727784156799,0.5039473385105058,0.2685351631232915,0.0,0.9552666544914246,0.4952708848845444,0.27268916389325354,0.0,0.9524822235107422,0.5835052891211092,0.2738603052003685,0.0,0.9974175095558167,0.5245875409849887,0.31763965336037214,0.04229668571259879,0.9971597194671631,0.6115186623621114,0.2463986451600821,0.0,0.4158923923969269,0.5095724227961974,0.32868392762048626,0.0205699362920159,0.1615080088376999,0.5648021606993301,0.25025295943786,0.0,0.4266296327114105,0.47137317269832224,0.3251411812705602,0.0,0.2929011881351471,0.5430089329784026,0.2537756429546647,0.0,0.43678152561187744,0.46442665197910526,0.32398104098015534,0.0,0.31805866956710815,0.5359478029476749,0.25348517468898235,0.0,0.4338342249393463,0.46968574221039827,0.32440658000521533,0.0,0.31711629033088684,0.5442875316648786,0.2545246953591885,0.0,0.38102805614471436,0.46988788872332127,0.32371040720206123,0.0,0.2994782626628876,0.7706615382974819,0.38819590099763857,0.0,0.9961434006690979,0.7232980519741585,0.4110895587014163,0.05534711472108315,0.997941792011261,0.8568247831052541,0.46652325540490125,0.0,0.6,0.8375360205255729,0.49026852846145763,0.19863660171114217,0.6,0.9745127926164161,0.4329791766648625,0.3912912411673535,0.6,0.7935150532886921,0.5196924949514468,0.1828362671979547,0.6,0.9825341566042494,0.4377249093044622,0.42077488280259756,0.6,0.41453667308067216,0.4443979355005129,0.0,0.6,0.9917398923204799,0.45986757870320794,0.3009117754883986,0.6,0.3416400337295177,0.4256690905731966,0.0,0.6,high,high,high,high,high,high,high,high,high,high,high,high,high,low,low,low,low,low,low,low,low,low,low,high,high,medium,medium,medium,medium,medium,medium,medium,medium
44,1.4666666666666666,0.4759134175060525,0.2787984996200449,0.0,0.9668425917625427,0.47848520766605157,0.27059902928092333,0.0,0.9630054235458374,0.4819866681432403,0.269237864337046,0.0,0.9604240655899048,0.4852759704723238,0.2681236653686411,0.0,0.9642871022224426,0.4712960277542936,0.2741946283128719,0.0,0.9718739986419678,0.4699932136041035,0.2753393697294051,0.0,0.9762776494026184,0.46747692801179985,0.27531363851540647,0.0,0.9820978045463562,0.4985130920415727,0.26790492309557046,0.0,0.9742162823677063,0.47814071497995103,0.2794931403823673,0.0,0.977864682674408,0.4886043680297758,0.2853258814150367,0.0,0.9593777060508728,0.4826480910911439,0.2883767721814161,0.0,0.9565081596374512,0.5579265925711978,0.29666187077552364,0.0,0.9976651668548584,0.5240708479097687,0.3299264547986037,0.07123222064860793,0.9973263144493103,0.5627309037394195,0.2841929606138139,0.0,0.4639666676521301,0.5032429727779971,0.34524427788518897,0.06791333598030491,0.17200125753879547,0.5235399098802016,0.2815295323069564,0.0,0.4701167941093445,0.48366985030663445,0.3309221724808086,0.0,0.3046022653579712,0.5041871811404386,0.2833637696601857,0.0,0.4754441976547241,0.478771288494965,0.3273207446634083,0.0,0.33196133375167847,0.5028708519496575,0.2828371302161746,0.0,0.47270527482032776,0.4879915808047461,0.32549628358343075,0.0,0.33221301436424255,0.5087069239649753,0.28353818462584196,0.0,0.4169125556945801,0.48579200372829434,0.32661097463750144,0.0,0.3164821267127991,0.731395374089134,0.41952508715760845,0.0,0.9965143203735352,0.6989625047692627,0.4383359309676656,0.08013939597841487,0.9981244206428528,0.829373746162207,0.4771482495228808,0.0,0.5235153436660767,0.8349331495748191,0.491771201292675,0.19889300393647213,0.6,0.970676812741265,0.4254437669875838,0.36117710114446866,0.6,0.7913719073109264,0.5217313345136327,0.18594802123890575,0.6,0.9911296887765899,0.4312576120609928,0.3899837264296428,0.6,0.41451653838157765,0.44357728958129994,0.0,0.6,0.9820112857986882,0.451789289569882,0.27027291458261393,0.6,0.34247055630775103,0.4286871894150034,0.0,0.6,high,high,high,high,high,high,high,high,high,high,high,high,high,low,low,low,low,low,low,low,low,low,low,high,high,medium,medium,medium,medium,medium,medium,medium,medium
45,1.5,0.4643015815661516,0.2955591244436374,0.0,0.970119297504425,0.4689697498208172,0.28638233946058933,0.0,0.9666575193405151,0.4727783824875095,0.2851659553451146,0.0,0.964328944683075,0.47602501719981766,0.2844085187275656,0.0,0.9678293466567993,0.4635207669718294,0.28850339036999406,0.0,0.9746508002281189,0.46320364872614667,0.2890061668026983,0.0,0.9786104559898376,0.46156418267941535,0.28833259617810003,0.0,0.9838547110557556,0.49242340087335,0.2841399172733443,0.0,0.976772665977478,0.47744815555208064,0.29091157606153856,0.0,0.9799855351448059,0.4769593696772092,0.3032680485562575,0.0,0.9633625149726868,0.4730463033511657,0.3048635378723108,0.0,0.9606916904449463,0.5403505333097957,0.3249142677078167,0.0,0.9978770613670349,0.5203841327231539,0.33965601607080476,0.109194871185821,0.9971767067909241,0.519595633367282,0.34460905954971277,0.0,0.4978732764720917,0.4929350719446359,0.36664021320832174,0.12968554615210298,0.17118997871875763,0.49033457179725437,0.3410605620462587,0.0,0.5054805874824524,0.4906444040350716,0.34733835897801457,0.03635520235980526,0.3061923086643219,0.4765899032007021,0.34219611663640603,0.0,0.5078107118606567,0.48644159119446095,0.3431006421298145,0.006995540746164236,0.3382840156555176,0.48151567668625933,0.3404499922112716,0.0,0.5056028366088867,0.49826478374588035,0.33844886459670787,0.0,0.33880531787872314,0.4826963602246117,0.3398694022274249,0.0,0.44872531294822693,0.49495640904197735,0.34171952796982813,0.029162856535269753,0.3218831717967987,0.6676473170171546,0.46037869450651525,0.0,0.9968423247337341,0.6427524717120874,0.46856889990104234,0.09944546562217914,0.9982731938362122,0.7723036863861261,0.5085335188611424,0.0,0.5329782366752625,0.8323302786240654,0.49327387412389245,0.1991494061618021,0.6,0.9338042390973968,0.436004575538009,0.32364625954314363,0.6,0.7892287613331608,0.5237701740758186,0.1890597752798568,0.6,0.9432150768298753,0.44181916682548894,0.34981953630260487,0.6,0.41451653838157765,0.44357728958129994,0.0,0.6,0.9455011541547363,0.46071894262351365,0.22690628459251067,0.6,0.3433010788859844,0.4317052882568103,0.0,0.6,high,high,high,high,high,high,high,high,high,high,high,high,high,low,low,medium,low,medium,low,medium,low,low,low,high,high,medium,medium,medium,medium,medium,medium,medium,medium
47,1.5666666666666667,0.4437024714229836,0.2645450049972208,0.0,0.9730364084243774,0.45112020089909866,0.25252566259085224,0.0,0.9699046611785889,0.45587478074438487,0.2512753957357169,0.0,0.967792809009552,0.45950132768193175,0.2506375470847801,0.0,0.9709755778312683,0.44336048998199257,0.25468082719054874,0.0,0.9771209359169006,0.44302222070160563,0.2549236086837624,0.0,0.9806820750236511,0.4413048221375848,0.25406539120596394,0.0,0.9854238033294678,0.4824368450747238,0.25077082362625214,0.0,0.97902512550354,0.46168581095886796,0.25694682270219066,0.0,0.981905460357666,0.45943915281262554,0.2743104492728812,0.0,0.9668334126472473,0.4538667213110947,0.27610830841086753,0.0,0.9644342064857483,0.5377324415253607,0.30769958696165367,0.0,0.9980546832084656,0.5054416951738607,0.3124660459153866,0.11860004195939165,0.9974266886711121,0.5140838475077316,0.3629841282095396,0.0,0.47719553112983704,0.4785147692773738,0.35282655841820815,0.17864326959028715,0.1588701605796814,0.4566205196725195,0.35219276618290707,0.0,0.5065455436706543,0.47542585116444336,0.3260679747952734,0.07070194166544454,0.3113619089126587,0.44043887231177775,0.35073589906964914,0.0,0.5242559313774109,0.47149252947116077,0.32175287326454927,0.04291580641742086,0.35292091965675354,0.44531705947744926,0.3446280805867322,0.0,0.5242007374763489,0.478256766265368,0.31472277731606535,0.025014962050152065,0.35105520486831665,0.44787901230069704,0.3456524508052226,0.0,0.4638700783252716,0.4773944711490679,0.3177004529462836,0.060320463014163224,0.33153143525123596,0.6257957585485959,0.48270009718574974,0.0,0.9971169233322144,0.5947504674360207,0.4863585957558295,0.13188809291882983,0.9984143972396851,0.7485898751614133,0.5219849720986872,0.0,0.6,0.8297274076733119,0.49477654695511,0.19940580838713204,0.6,0.9315761390485287,0.4384854631988637,0.3247963872395072,0.6,0.7870856153553951,0.5258090136380045,0.1921715293208078,0.6,0.9408843096564823,0.4443666525915569,0.3513010862995606,0.6,0.41451653838157765,0.44357728958129994,0.0,0.6,0.943347484457729,0.46356773727080525,0.22777061748738442,0.6,0.34413160146421773,0.4347233870986173,0.0,0.6,high,high,high,high,high,high,high,high,high,high,high,high,high,low,low,medium,low,medium,low,medium,low,low,low,high,high,medium,medium,medium,medium,medium,medium,medium,medium
48,1.6,0.4329521379548642,0.27404859564799045,0.0,0.9756777882575989,0.4403526989313284,0.2614946503600325,0.0,0.9728724956512451,0.4451224170364712,0.2604341391986351,0.0,0.9709629416465759,0.4483587747409361,0.260042181103936,0.0,0.9738443493843079,0.43162540865667054,0.2634099444378791,0.0,0.979373574256897,0.4310801691942293,0.26344685739292756,0.0,0.982566773891449,0.42946310080848493,0.2627562778396213,0.0,0.986851692199707,0.47279685457825504,0.2607820219510092,0.0,0.9811002016067505,0.45054690195964053,0.2656995511694117,0.0,0.9836580157279968,0.4494836529790672,0.2842633287945557,0.0,0.9700108766555786,0.4432975838790141,0.2860715813709035,0.0,0.9678268432617188,0.5275240113963072,0.3246636369150566,0.0,0.9981993436813354,0.49677598420834623,0.32179342234607144,0.11813709765047489,0.997616708278656,0.5034421548282085,0.40105794606370077,0.0,0.46090561151504517,0.47419761263685195,0.36919404660071625,0.19329295547066921,0.14435714483261108,0.4299623627901644,0.3856138241040967,0.0,0.47626402974128723,0.4609332304178708,0.34432745896853023,0.09625789020123696,0.2878723740577698,0.407186111439637,0.38219275191808455,0.0,0.49426034092903137,0.45511963067354977,0.33952310980061084,0.07070523470918078,0.33069270849227905,0.41422114422271417,0.3734735617965539,0.0,0.492967426776886,0.4559942168511445,0.3331493021169195,0.05175903384380559,0.32791706919670105,0.42062328794063775,0.3751745475477838,0.0,0.43281373381614685,0.4581790972145022,0.3359407122596447,0.08436494771313024,0.3087490200996399,0.5823908741379689,0.5070772437087875,0.0,0.9973868727684021,0.5547088435340887,0.5061365745284354,0.14107175130779198,0.9985613226890564,0.7342938328840002,0.521982705234311,0.0,0.6,0.8271245367225581,0.4962792197863274,0.19966221061246198,0.6,0.9293480389996602,0.44096635085971847,0.3259465149358708,0.6,0.7849424693776295,0.5278478532001905,0.19528328336175882,0.6,0.9385535424830891,0.44691413835762483,0.3527826362965163,0.6,0.41451653838157765,0.44357728958129994,0.0,0.6,0.9411938147607217,0.46641653191809684,0.2286349503822582,0.6,0.3449621240424512,0.43774148594042406,0.0,0.6,high,high,high,high,high,high,high,high,high,high,high,high,high,low,low,low,low,low,low,low,low,low,low,high,high,medium,medium,medium,medium,medium,medium,medium,medium
52,1.7333333333333334,0.4270798067251852,0.3221499307866983,0.0,0.978092610836029,0.4339070870326127,0.3102743292188319,0.0,0.9755626916885376,0.4382644410316773,0.30939327433948555,0.0,0.9738473892211914,0.44104375789215633,0.30910077955061543,0.0,0.9764472246170044,0.425703690532761,0.31174264969803595,0.0,0.981407880783081,0.42528547961395213,0.31152840955552047,0.0,0.9842802882194519,0.4242757558822643,0.311123401482345,0.0,0.9881400465965271,0.46344154670244175,0.30942249464822064,0.0,0.9829835891723633,0.4435262872483636,0.3132753864034914,0.0,0.9852132201194763,0.4421804657766047,0.33125470616878694,0.0,0.9729880690574646,0.4366709117567078,0.3327102128998114,0.0,0.9709879755973816,0.5086228637706441,0.36979064651024746,0.0,0.9983780980110168,0.49189063448172476,0.36079216878731024,0.19347523572249065,0.9978365302085876,0.4856154876989098,0.4512680605019179,0.0,0.5119606256484985,0.494435718704216,0.4153408250469717,0.2508668319467627,0.13192829489707947,0.41582646708944293,0.43585257930355586,0.0,0.5222525596618652,0.469347564907342,0.4061122306021232,0.11072045914603032,0.26851263642311096,0.39557011039940726,0.43165638702454934,0.0,0.5350164771080017,0.46366644836528165,0.40362518365844524,0.08420574086737824,0.31731122732162476,0.40239332529492694,0.42271076042057587,0.0,0.5334714651107788,0.45769060095707137,0.3993759969453444,0.06134953802681627,0.31501492857933044,0.4097833469475355,0.42440990884821006,0.0,0.4715566039085388,0.4609996820246435,0.40015842336596974,0.09474141405144243,0.2968731224536896,0.5411195651495666,0.5320609986504211,0.0,0.9976362586021423,0.523457936195784,0.5280636532323357,0.1546433379190885,0.9986859560012817,0.7284118070018444,0.527011935409224,0.0,0.6,0.8245216657718044,0.4977818926175449,0.19991861283779197,0.6,0.927119938950792,0.4434472385205732,0.32709664263223437,0.6,0.7827993233998638,0.5298866927623763,0.19839503740270983,0.6,0.9362227753096961,0.44946162412369295,0.3542641862934721,0.6,0.41451653838157765,0.44357728958129994,0.0,0.6,0.9390401450637145,0.46926532656538844,0.22949928327713198,0.6,0.34579264662068454,0.440759584782231,0.0,0.6,high,high,high,high,high,high,high,high,high,high,high,high,high,medium,low,medium,low,medium,low,medium,low,low,low,high,high,medium,medium,medium,medium,medium,medium,medium,medium
53,1.7666666666666666,0.41072761943012515,0.3902779463982537,0.0,0.9802619218826294,0.4181108334403505,0.3805619656761775,0.0,0.977976381778717,0.42214681211607274,0.3798578580915243,0.0,0.9764347672462463,0.424750744949133,0.37955000399153926,0.0,0.9787842631340027,0.4110269604168305,0.38159790079354783,0.0,0.9832298755645752,0.41141317357550244,0.38130041963848577,0.0,0.9858109951019287,0.4114845893182965,0.3818032995804216,0.0,0.9892884492874146,0.44817760211604574,0.3795291349326546,0.0,0.9846717119216919,0.432022938153128,0.38382862817435376,0.033079313430696436,0.9865499138832092,0.4256098573302345,0.3970856455378331,0.0,0.9756515622138977,0.42125803162723824,0.39832878814432826,0.0,0.9737879633903503,0.48648689440636217,0.42679792830160557,0.0,0.9985389113426208,0.4791759631850515,0.4193191904843837,0.2037246157556326,0.9980244040489197,0.4661131989566886,0.49453204356151437,0.0,0.5578517317771912,0.4764266159289935,0.46991143186331474,0.22585439431917478,0.11953802406787872,0.40748355473393993,0.4796913271044808,0.0,0.5654897689819336,0.4300530196486665,0.4653277509696012,0.08423913672939834,0.25246763229370117,0.390899932189978,0.47470708326860034,0.0,0.5745878219604492,0.42334837603680286,0.4624874976687232,0.055006042557024064,0.3074212670326233,0.39680614428364697,0.4674934958800303,0.0,0.5730802416801453,0.4152885121065431,0.4595294942805829,0.03932049105894744,0.306032657623291,0.4030199478139421,0.46930881244041545,0.0,0.5111169815063477,0.4193120700912887,0.4606044047918087,0.06941963727032407,0.28768572211265564,0.5004549209193485,0.5462493011445725,0.0,0.9978508949279785,0.4919766027888509,0.5430285053931208,0.1365611894308031,0.9987730383872986,0.7289564878204753,0.5286605229248885,0.0,0.6,0.8219187948210509,0.4992845654487623,0.20017501506312194,0.6,0.9248918389019238,0.44592812618142796,0.3282467703285979,0.6,0.7806561774220979,0.5319255323245622,0.20150679144366088,0.6,0.9338920081363029,0.45200910988976095,0.35574573629042777,0.6,0.41451653838157765,0.44357728958129994,0.0,0.6,0.9368864753667071,0.47211412121268004,0.23036361617200576,0.6,0.3466231691989179,0.4437776836240379,0.0,0.6,high,high,high,high,high,high,high,high,high,high,high,high,high,medium,low,medium,low,medium,low,medium,low,medium,low,high,high,medium,medium,medium,medium,medium,medium,medium,medium
54,1.8,0.40810339406375945,0.47211293094641804,0.0,0.9821656346321106,0.41261754683403534,0.46567038632495267,0.0,0.9800592064857483,0.4150510743642476,0.4651500695235258,0.0,0.9786799550056458,0.4163841627416644,0.4647656124788576,0.0,0.9808391332626343,0.40887167556580517,0.4672383896676545,0.0,0.9847734570503235,0.40955099678817714,0.46714440523049894,0.0,0.9870762228965759,0.41017754441930526,0.46709634151770085,0.0,0.9902174472808838,0.43473894480780956,0.4638523138486434,0.0,0.9861562252044678,0.42678297205127036,0.46865443409461915,0.13425577339870426,0.9872632622718811,0.4191342935417649,0.47524247962833965,0.0,0.9780066013336182,0.4175444072359936,0.47651686639219026,0.011138215443957412,0.9761731028556824,0.46608353730959895,0.49158792868083023,0.0,0.998683750629425,0.4652527763849106,0.48831084426188653,0.27027402761759256,0.9981798529624939,0.45185822734743963,0.5475606440386309,0.0,0.5995748043060303,0.4557973957839836,0.5304265939272381,0.24860235322744487,0.10824786871671677,0.39985298019744964,0.5480913703952929,0.0,0.6025004982948303,0.40549000382145634,0.5400498104401138,0.08140390662428684,0.23038677871227264,0.38654433642373043,0.5465629202224729,0.0,0.6063346266746521,0.3995316846248441,0.5402270998015563,0.04929113165759834,0.2830857038497925,0.3918999410592603,0.5425443278326035,0.0,0.6050168871879578,0.38858080236784054,0.5394789351449993,0.03329662638032573,0.2820073664188385,0.39593424330224625,0.5428608196737619,0.0,0.5408575534820557,0.3932821366475745,0.5391116272180523,0.06379075614097254,0.26522600650787354,0.4751256337532643,0.5534431646753872,0.0,0.9980452656745911,0.4753896751742831,0.5531932367033628,0.11141905317024417,0.9988535642623901,0.7341715371286566,0.5264524567771616,0.0,0.6,0.8193159238702971,0.5007872382799798,0.2004314172884519,0.6,0.9226637388530554,0.44840901384228277,0.3293968980249614,0.6,0.7785130314443323,0.5339643718867481,0.2046185454846119,0.6,0.9315612409629098,0.45455659565582895,0.3572272862873834,0.6,0.41451653838157765,0.44357728958129994,0.0,0.6,0.9347328056696997,0.47496291585997163,0.23122794906687955,0.6,0.3474536917771513,0.44679578246584484,0.0,0.6,high,high,high,high,high,high,high,high,high,high,high,high,high,medium,low,medium,low,medium,low,medium,low,medium,low,high,high,medium,medium,medium,medium,medium,medium,medium,medium
58,1.9333333333333333,0.39753191801773746,0.5935163483336271,0.014992169775329342,0.9838098287582397,0.3966515806866147,0.5935978203803525,0.02661655391707575,0.9818334579467773,0.39653194846806933,0.5931574944710691,0.026197783805273732,0.9805421233177185,0.3956151781104394,0.5926386162395537,0.026260849809174328,0.9826071858406067,0.3994536491540772,0.5956743743036192,0.04857592468773028,0.986137866973877,0.4011913492824103,0.5958473517066687,0.048140139672861945,0.9881826639175415,0.4030294110586048,0.5957300012067219,0.04799580546247947,0.9910838603973389,0.40576853813269304,0.5894251234464728,0.09678315874927279,0.9873674511909485,0.4142416582240936,0.594756141548114,0.20017935347359136,0.9880577921867371,0.402912320790592,0.5901522437731441,0.04783830300216647,0.979846715927124,0.4071900978649701,0.5917542680299104,0.07373669792166423,0.9780659675598145,0.4269946698959068,0.5757164859966258,0.05381140531429339,0.9987981915473938,0.45623208370520074,0.5874691597231634,0.28452892110212014,0.9983209371566772,0.41356943057967344,0.590433433339314,0.0,0.5687560439109802,0.4532408425302229,0.605615902544459,0.20834071843913166,0.11429700255393982,0.37737154710543,0.6033121156386856,0.0,0.5631063580513,0.4060539285064032,0.6260239411067312,0.012441571897421202,0.24652694165706635,0.37018930835601704,0.6030383390702306,0.0,0.5655731558799744,0.39915570220747304,0.6280686287057444,0.0,0.2946794331073761,0.3719862294502757,0.6048165836256438,0.0,0.5629884600639343,0.3875345407110282,0.6309135556915717,0.0,0.2920778691768646,0.37465305879955346,0.6047655188398222,0.0,0.5003991723060608,0.39132908340934375,0.6291738516523027,0.0,0.27217379212379456,0.4643156223502761,0.5482470511973335,0.0,0.9982314705848694,0.4858901097085383,0.553956188244143,0.06744787233961995,0.9989603161811829,0.7334753484339347,0.5276262937365366,0.0,0.6,0.8167130529195433,0.5022899111111971,0.20068781951378184,0.6,0.9204356388041872,0.45088990150313746,0.330547025721325,0.6,0.7763698854665666,0.5360032114489339,0.20773029952556293,0.6,0.9292304737895167,0.45710408142189696,0.35870883628433925,0.6,0.41451653838157765,0.44357728958129994,0.0,0.6,0.9325791359726924,0.47781171050726323,0.2320922819617533,0.6,0.3482842143553846,0.44981388130765176,0.0,0.6,high,high,high,high,high,high,high,high,high,high,high,high,high,medium,low,medium,low,medium,low,medium,low,medium,low,high,high,medium,medium,medium,medium,medium,medium,medium,medium
59,1.9666666666666666,0.4051499896810894,0.6742969533919194,0.12132672296884772,0.9853619337081909,0.4004479991945086,0.6797204876279517,0.1380800914132238,0.9834498167037964,0.39703445417897787,0.6798388980207484,0.13770679794338797,0.9822447299957275,0.3934511727803247,0.6796725677860385,0.13775004446506545,0.9841833710670471,0.4131460625391751,0.681228474095153,0.14458802540402357,0.9874141812324524,0.41728363920758765,0.6814463785339364,0.1441839250512339,0.9892644882202148,0.421076924095066,0.6810371585381355,0.14405708977114673,0.9919053912162781,0.3961685149125018,0.6766291018966213,0.20932790775954926,0.9884873628616333,0.42815042347897014,0.6784897395919827,0.24485246947421688,0.9889724850654602,0.4036829634146267,0.6670856009691207,0.15317909301438853,0.9816769957542419,0.41621459996228005,0.6676383752783991,0.1591535912596545,0.9800611734390259,0.39297628638905624,0.638750473519307,0.18712486462159644,0.9989078640937805,0.46848684389552436,0.6479998765152946,0.24985037578187413,0.9984721541404724,0.37914376388063065,0.6201224188148853,0.057038892277609984,0.5506700277328491,0.4629223402980337,0.6329644031319046,0.12486621504758101,0.12475614249706268,0.3652593896383459,0.6334011685320287,0.0,0.5296752452850342,0.4080445157898067,0.6546213660206845,0.0,0.2642481029033661,0.36266728801466186,0.6339657323343788,0.0,0.5288843512535095,0.39704589111543864,0.6551365087499169,0.0,0.3083013594150543,0.36301030882032975,0.6381282090168194,0.0,0.5252149701118469,0.3838220154627786,0.6626467388687729,0.0,0.30376431345939636,0.36459499201574624,0.6379845070811158,0.0,0.46422988176345825,0.3876858986479985,0.6617981718553547,0.0,0.2790490984916687,0.43743928058164216,0.5476034173876548,0.0,0.99839848279953,0.48852034833603664,0.5528510524120657,0.013778247900354972,0.999054491519928,0.7327791597392127,0.5288001306959114,0.0,0.6,0.8141101819687897,0.5037925839424147,0.2009442217391118,0.6,0.9182075387553189,0.4533707891639922,0.3316971534176886,0.6,0.7742267394888009,0.5380420510111198,0.21084205356651395,0.6,0.9268997066161236,0.45965156718796496,0.3601903862812949,0.6,0.41451653838157765,0.44357728958129994,0.0,0.6,0.930425466275685,0.4806605051545549,0.2329566148566271,0.6,0.34911473693361794,0.4528319801494586,0.0,0.6,high,high,high,high,high,high,high,high,high,high,high,high,high,medium,low,medium,low,medium,low,medium,low,low,low,high,high,medium,medium,medium,medium,medium,medium,medium,medium
60,2.0,0.4153438825290531,0.7017902768019493,0.06691648701687816,0.9867857098579407,0.4102509915828716,0.7094568449022627,0.08878661501101989,0.9850313067436218,0.4068372336439886,0.7097278704871128,0.08841187963674704,0.9839314222335815,0.4032220245102357,0.7096353350402611,0.08842797876099082,0.985709011554718,0.42223657358498673,0.7102585590524848,0.08632889886697162,0.9886320233345032,0.4254609319991455,0.7103412814073649,0.08592244993139844,0.9903017282485962,0.4291646779278231,0.7095565340179961,0.08576305332161638,0.992683470249176,0.4005736622499152,0.7068280747164677,0.18307172837026803,0.9895857572555542,0.43514162350645824,0.7069989608856923,0.1757436558465307,0.9899715185165405,0.40824812393644305,0.6939139504393794,0.10692678777487995,0.9833179116249084,0.4218643404248167,0.6936828030711861,0.10140425126591518,0.9818604588508606,0.37930989355752065,0.6614724095467939,0.21505462972225906,0.9989968538284302,0.4677127555950551,0.6666569646560803,0.1552540053719863,0.9985955953598022,0.36122138058389075,0.6247319035179981,0.11187552381958198,0.506105363368988,0.4550746290972751,0.6363100920106999,0.006658109300064347,0.16029484570026398,0.363821655998142,0.632690527222375,0.0,0.5077074766159058,0.4020055649511197,0.6521263820724905,0.0,0.30169379711151123,0.3638366424676153,0.6336364116702063,0.0,0.516660749912262,0.3924773512256184,0.6507006800952786,0.0,0.3457810580730438,0.3637363017300079,0.6395736411734911,0.0,0.5139563083648682,0.381072116412206,0.6593994747647611,0.0,0.3398120701313019,0.36495583929937847,0.6394440774873159,0.0,0.4531552493572235,0.3843202546482052,0.6594495008458642,0.0,0.30508849024772644,0.4178487393128022,0.5410828255551137,0.021821656214433736,0.998538076877594,0.47826079430280155,0.5433290877264434,0.0,0.9991260170936584,0.7320829710444908,0.5299739676552865,0.0,0.6,0.8115073110180361,0.5052952567736322,0.20120062396444177,0.6,0.9159794387064506,0.45585167682484695,0.33284728111405215,0.6,0.7720835935110353,0.5400808905733057,0.21395380760746496,0.6,0.9245689394427306,0.4621990529540329,0.3616719362782506,0.6,0.41451653838157765,0.44357728958129994,0.0,0.6,0.9282717965786778,0.48350929980184654,0.23382094775150086,0.6,0.34994525951185135,0.4558500789912655,0.0,0.6,high,high,high,high,high,high,high,high,high,high,high,high,high,medium,low,medium,low,medium,low,medium,low,low,low,high,high,medium,medium,medium,medium,medium,medium,medium,medium
61,2.033333333333333,0.4169455862545478,0.6747195847801413,0.0,0.9880797266960144,0.41326887874336615,0.6822627308346472,0.0,0.9864645004272461,0.41077727642092776,0.6828174564666144,0.0,0.9854675531387329,0.40831463007660285,0.6831419158787735,0.0,0.9870852828025818,0.4206821696880547,0.6819163067635419,0.0,0.9897352457046509,0.422467805427828,0.6816746725902709,0.0,0.991242527961731,0.4255515990001628,0.680642213299004,0.0,0.9933910965919495,0.4047654398254592,0.6811893259311907,0.07191878842029284,0.9905886054039001,0.4308172467844203,0.6781837657476102,0.04648899021265406,0.9908995032310486,0.4077612728505712,0.6679128891938235,0.0,0.984898030757904,0.41665632150945797,0.6671471695799945,0.0,0.9835800528526306,0.38464075368601225,0.6411026181318839,0.13414441372131175,0.9990907311439514,0.4463167392707383,0.6394019856319577,0.031236511644297374,0.9987245202064514,0.37865577051133925,0.6016643950433458,0.05149733320330149,0.4849749505519867,0.41812302154816783,0.6058534760297334,0.0,0.16924460232257843,0.37099151219521465,0.6076875358194754,0.0,0.5007236003875732,0.3705995598664661,0.6154394881986532,0.0,0.32708337903022766,0.3677860565466212,0.6096211890657481,0.0,0.5175784826278687,0.35808794836064417,0.6134348098353645,0.0,0.3743739426136017,0.3659613342968744,0.6154432528085658,0.0,0.5174584984779358,0.35147631102369753,0.620689976048638,0.0,0.3703397214412689,0.367920804760118,0.6148031715885481,0.0,0.4576084017753601,0.35537335846251916,0.6212758951253841,0.0,0.33302056789398193,0.4007133144042997,0.524164456170757,0.04380487849380148,0.998664915561676,0.44622491414730486,0.5240901985090666,0.0,0.999193549156189,0.7313867823497688,0.5311478046146613,0.0,0.6,0.8089044400672823,0.5067979296048495,0.20145702618977168,0.6,0.9137513386575824,0.4583325644857017,0.3339974088104156,0.6,0.7699404475332696,0.5421197301354916,0.217065561648416,0.6,0.9222381722693374,0.46474653872010097,0.3631534862752064,0.6,0.41451653838157765,0.44357728958129994,0.0,0.6,0.9261181268816705,0.48635809444913813,0.23468528064637464,0.6,0.35077578209008475,0.45886817783307243,0.0,0.6,high,high,high,high,high,high,high,high,high,high,high,high,high,low,low,medium,low,medium,low,medium,low,low,low,high,high,medium,medium,medium,medium,medium,medium,medium,medium
62,2.066666666666667,0.41258402783554027,0.5927341834648522,0.0,0.9888125061988831,0.41629410463891214,0.5974031358887837,0.0,0.9869232177734375,0.4159771630536159,0.5981563713167113,0.0,0.9859265089035034,0.4156681205426074,0.5988192754886661,0.0,0.9877198934555054,0.416245403059158,0.5959600485288196,0.0,0.990376353263855,0.41581526857156126,0.5954478171182973,0.0,0.9918104410171509,0.41752178498081505,0.5942315835080241,0.0,0.9938474297523499,0.4135422967113826,0.5984811425070122,0.0,0.9912418127059937,0.42145548382283476,0.5928877734498837,0.0,0.9914838075637817,0.40712059704296066,0.589812778579051,0.0,0.9860815405845642,0.40827980317991763,0.5883963988238574,0.0,0.9849782586097717,0.4063673175715077,0.5778005214837897,0.0,0.9991559982299805,0.41107972650539176,0.5679470123527782,0.0,0.9988365769386292,0.4237960971596646,0.5519063974316041,0.0,0.4437267482280731,0.3617097883721897,0.5453250837492791,0.0,0.23658356070518494,0.3883444134033097,0.5568306246003919,0.0,0.4648747146129608,0.3416075007968303,0.5507727109746792,0.0,0.3815380036830902,0.37791266321858147,0.56065432682182,0.0,0.4904664158821106,0.33338884231232907,0.5509028238155361,0.0,0.4264785349369049,0.37354462046723363,0.5635277492044148,0.0,0.49183499813079834,0.3341849904793968,0.5535030548389156,0.0,0.42330285906791687,0.37687491154893116,0.5622117769468096,0.0,0.43559256196022034,0.33642071603617285,0.5537580137069423,0.0,0.38541585206985474,0.3899613131871045,0.5015162253852226,0.05142480184460868,0.9987861514091492,0.40187578007474756,0.4981354740394036,0.0,0.9992656111717224,0.730690593655047,0.5323216415740362,0.0,0.6,0.8063015691165287,0.508300602436067,0.20171342841510168,0.6,0.911523238608714,0.46081345214655645,0.3351475365067792,0.6,0.767797301555504,0.5441585696976775,0.220177315689367,0.6,0.9199074050959444,0.46729402448616897,0.3646350362721621,0.6,0.41451653838157765,0.44357728958129994,0.0,0.6,0.923964457184663,0.4892068890964296,0.23554961354124843,0.6,0.3516063046683181,0.46188627667487925,0.0,0.6,high,high,high,high,high,high,high,high,high,high,high,high,high,low,low,low,low,low,low,low,low,low,low,high,high,medium,medium,medium,medium,medium,medium,medium,medium
65,2.1666666666666665,0.40374919112190055,0.45449017047326445,0.0,0.9899293184280396,0.41791555000629843,0.45339392295806397,0.0,0.9882277846336365,0.42105509323395884,0.45419609164580443,0.0,0.9873297214508057,0.42421829179450454,0.4549681278236552,0.0,0.9889457821846008,0.40635535572514503,0.45146336957013533,0.0,0.9913355112075806,0.40278568599885545,0.4508961903882205,0.0,0.9926245212554932,0.40181938404247863,0.44963162470530915,0.0,0.9944589734077454,0.4277993684465246,0.457160158799246,0.0,0.9921159148216248,0.4037850344236647,0.4503597108634214,0.0,0.9923152923583984,0.4058558569226798,0.45766893487710336,0.0,0.9874703884124756,0.3947516852742319,0.45622620062950453,0.0,0.9864733815193176,0.4450460740458449,0.4709864633900315,0.0,0.999239981174469,0.36603054209744834,0.45397494785435666,0.0,0.9989389181137085,0.4986439052022712,0.4745655428001665,0.0,0.49600809812545776,0.29888315665555243,0.45541300890329117,0.0,0.24748709797859192,0.41214469012680693,0.47873959264833177,0.0,0.5111276507377625,0.30378714158679576,0.4615217840477037,0.0,0.3723410964012146,0.3902625313380392,0.48418731601921955,0.0,0.5297726988792419,0.29763292095739047,0.46614751629618345,0.0,0.41316574811935425,0.3820516986724668,0.48206065925129216,0.0,0.531005322933197,0.30398208899792617,0.4635641359504854,0.0,0.4125504195690155,0.3878054448635716,0.48015167677041387,0.0,0.47404658794403076,0.30587596062458006,0.4626087055200753,0.0,0.37728989124298096,0.38677951026629837,0.47339610092012047,0.03567331536951982,0.9989031553268433,0.3494856010228057,0.4669425557682299,0.0,0.9993225932121277,0.729994404960325,0.5334954785334112,0.0,0.6,0.803698698165775,0.5098032752672845,0.20196983064043164,0.6,0.9092951385598458,0.46329433980741125,0.3362976642031428,0.6,0.7656541555777383,0.5461974092598634,0.22328906973031806,0.6,0.9175766379225512,0.46984151025223697,0.36611658626911786,0.6,0.41451653838157765,0.44357728958129994,0.0,0.6,0.9218107874876558,0.4920556837437212,0.2364139464361222,0.6,0.3524368272465515,0.4649043755166862,0.0,0.6,high,high,high,high,high,high,high,high,high,high,high,high,high,low,low,medium,low,medium,low,medium,low,low,low,high,high,medium,medium,medium,medium,medium,medium,medium,medium
66,2.2,0.40186164901528987,0.360203854687565,0.0,0.9909340143203735,0.42334073698604135,0.3540525182143801,0.0,0.9894005656242371,0.42920619923196024,0.35501946727712763,0.0,0.988590657711029,0.4350161502411327,0.35591549035552594,0.0,0.9900473952293396,0.4033886658283947,0.35102164939844893,0.0,0.9921971559524536,0.39695741329993506,0.3501805022602046,0.0,0.9933551549911499,0.39324014976030286,0.3488039001996154,0.0,0.9950066208839417,0.4407397723281311,0.3596818886853607,0.0,0.9929009675979614,0.39130691853992416,0.3502834014820339,0.0,0.9930452108383179,0.4095552540047752,0.367757922008044,0.0,0.9887146353721619,0.3883457025447936,0.36608948782607487,0.0,0.9878063797950745,0.4681014596443366,0.3996998090427249,0.0,0.9993148446083069,0.33333467374314885,0.3740968359655999,0.0,0.9990214705467224,0.5443754144065045,0.4266120999148409,0.0,0.5429723858833313,0.25016229625765324,0.3938947864623625,0.0,0.26382768154144287,0.4441313174637893,0.4363099784006339,0.0,0.5344050526618958,0.24886693751617533,0.40389021098752786,0.0,0.34850817918777466,0.4199816441480385,0.4432339454308546,0.0,0.5382252931594849,0.23912098079850408,0.4095028962566591,0.0,0.38426458835601807,0.4083876724426574,0.43656907201091283,0.0,0.5380361676216125,0.24766745031018977,0.40613356614724294,0.0,0.3839474618434906,0.4136790383806884,0.435090907248029,0.0,0.4738655090332031,0.25051164720858793,0.4048754590930371,0.0,0.348639577627182,0.37800392015274964,0.45417353219085765,0.01283668065320167,0.9989920854568481,0.3050424238115488,0.4441428205350074,0.0,0.9993529319763184,0.729298216265603,0.534669315492786,0.0,0.6,0.8010958272150215,0.5113059480985019,0.20222623286576163,0.6,0.9070670385109774,0.46577522746826594,0.3374477918995063,0.6,0.7635110095999726,0.5482362488220491,0.22640082377126908,0.6,0.9152458707491582,0.472388996018305,0.3675981362660736,0.6,0.41451653838157765,0.44357728958129994,0.0,0.6,0.9196571177906485,0.49490447839101287,0.23727827933099596,0.6,0.3532673498247848,0.467922474358493,0.0,0.6,high,high,high,high,high,high,high,high,high,high,high,high,high,medium,low,medium,low,medium,low,medium,low,low,low,high,high,medium,medium,medium,medium,medium,medium,medium,medium
67,2.2333333333333334,0.4016778997052255,0.28882245167152104,0.0,0.9918399453163147,0.42859216100408315,0.27828344945863204,0.0,0.9904595017433167,0.43668413058027633,0.2794410459923029,0.0,0.9897302389144897,0.44449683072128054,0.2804702035474896,0.0,0.9910418391227722,0.40132762189511756,0.27405039531923464,0.0,0.9929763078689575,0.39268020240021306,0.2728446265617458,0.0,0.9940177798271179,0.386783672865733,0.2714520158606538,0.0,0.9955041408538818,0.4515271620316951,0.2851892734741005,0.0,0.9936099648475647,0.38084817662105797,0.27309730642047586,0.0,0.9937283992767334,0.4130063503633301,0.30026993752915343,0.0,0.9898415207862854,0.3841143793715196,0.29825716724484747,0.0,0.9890213012695312,0.48560907040442747,0.3487497297200298,0.0,0.9993826150894165,0.3070752168451997,0.3127225033747852,0.0,0.9990891814231873,0.5750618314409605,0.3969539323331047,0.0,0.5868082642555237,0.21949747795269542,0.3476567731037016,0.0,0.289817214012146,0.476442556003314,0.41002397992950046,0.0,0.5755372643470764,0.2240168249065232,0.3607712285224106,0.0,0.3362012505531311,0.45472798380123824,0.41659799933711517,0.0,0.5754296183586121,0.21563544365770665,0.3685900618285297,0.0,0.36644604802131653,0.44168551846262016,0.4074245283514758,0.0,0.5752488970756531,0.22458311383957685,0.36344159260774367,0.0,0.36699315905570984,0.44468172398202743,0.40633843613393483,0.0,0.5129614472389221,0.22880096514741916,0.361626965807869,0.0,0.33198416233062744,0.369529817974096,0.4466700090533937,0.0,0.9990667700767517,0.26898286510736585,0.43441420605966374,0.004692527192529737,0.9993513822555542,0.728602027570881,0.535843152452161,0.0,0.6,0.7984929562642678,0.5128086209297193,0.20248263509109155,0.6,0.9048389384621092,0.4682561151291207,0.3385979195958698,0.6,0.761367863622207,0.5502750883842351,0.22951257781222012,0.6,0.912915103575765,0.474936481784373,0.36907968626302934,0.6,0.41451653838157765,0.44357728958129994,0.0,0.6,0.917503448093641,0.4977532730383045,0.23814261222586974,0.6,0.3540978724030182,0.4709405732002999,0.0,0.6,high,high,high,high,high,high,high,high,high,high,high,high,high,medium,low,medium,low,medium,low,medium,low,medium,low,high,high,medium,medium,medium,medium,medium,medium,medium,medium
68,2.2666666666666666,0.3956971106690415,0.24343354815925533,0.0,0.9926491975784302,0.42691873198066943,0.2300011986619115,0.0,0.9913947582244873,0.4371176764264819,0.23129329759202139,0.0,0.9907334446907043,0.44642021133627485,0.2323892415959246,0.0,0.9919252395629883,0.3923171275840227,0.22497872942255426,0.0,0.9936625361442566,0.3824689206960328,0.22356611601400544,0.0,0.99459308385849,0.37593330335228137,0.22249873381950416,0.0,0.9959347248077393,0.4577421055529236,0.23825788935581346,0.0,0.994236409664154,0.36950320651481294,0.22507665082291348,0.0,0.9942626953125,0.4114144881427438,0.2575763918997809,0.0,0.990845799446106,0.3755252207075809,0.25563038395835036,0.0,0.9901000261306763,0.4990239204504564,0.3181298043761228,0.0,0.9994432926177979,0.2840729337055374,0.27793546205078323,0.0,0.9991540312767029,0.5857827257026341,0.38262440413584065,0.0,0.6142429709434509,0.180318752994071,0.3264086882829119,0.0,0.32560744881629944,0.4856907705188088,0.3988315051807957,0.0,0.5707942247390747,0.18850771346431283,0.34435165053481076,0.0,0.31047889590263367,0.46293709036353703,0.4047853818862321,0.0,0.562495231628418,0.18260130730820195,0.35524499992946457,0.0,0.33514150977134705,0.44990268926242694,0.39283629383518526,0.0,0.5618277192115784,0.1927523515719083,0.3476992549596142,0.0,0.3353045582771301,0.45282633835341385,0.3921861090026545,0.0,0.4977254271507263,0.19842883336655237,0.3446841205194566,0.0,0.3028329014778137,0.3654012295193893,0.44660802175115155,0.003855386276532399,0.9991391897201538,0.24390633209740986,0.4342793698633201,0.0,0.9993704557418823,0.7279058388761591,0.5370169894115358,0.0,0.6,0.7958900853135141,0.5143112937609369,0.2027390373164215,0.6,0.902610838413241,0.47073700278997543,0.3397480472922334,0.6,0.7592247176444413,0.552313927946421,0.2326243318531711,0.6,0.9105843364023718,0.47748396755044104,0.37056123625998505,0.6,0.41451653838157765,0.44357728958129994,0.0,0.6,0.9153497783966338,0.5006020676855961,0.23900694512074355,0.6,0.35492839498125156,0.47395867204210684,0.0,0.6,high,high,high,high,high,high,high,high,high,high,high,high,high,medium,low,medium,low,medium,low,medium,low,low,low,high,high,medium,medium,medium,medium,medium,medium,medium,medium
69,2.3,0.39992878542635657,0.23751853333486606,0.0,0.9933842420578003,0.430375255071201,0.22335302808901702,0.0,0.9922552108764648,0.44070550993883917,0.22473116757430733,0.0,0.9916599988937378,0.44905832409858826,0.2257290661751813,0.0,0.9927326440811157,0.3928586873974844,0.21837168160852075,0.0,0.9942962527275085,0.38237802159814116,0.2170005680381007,0.0,0.9951336979866028,0.3759392108811653,0.21574071952790982,0.0,0.9963411688804626,0.4593336957317978,0.232053096338864,0.0,0.9948126673698425,0.36629334502009064,0.21884400479165603,0.0,0.9948358535766602,0.4149932709190406,0.25238931262409836,0.0,0.9917610287666321,0.3771542542742137,0.25062033978653464,0.0,0.9910897016525269,0.49815546597912175,0.3180987516066419,0.0,0.9994982481002808,0.2723085038311839,0.2778502322716042,0.0,0.9992327094078064,0.5665841464535077,0.39485018736832733,0.0,0.6476015448570251,0.1587477137436682,0.3282677542357465,0.0,0.37018945813179016,0.4702936823551484,0.41126491501059115,0.0,0.6075747609138489,0.18357945707711354,0.3487286281474552,0.0,0.3295946419239044,0.44742841980396286,0.4163539112308931,0.0,0.5985710620880127,0.18214497341837405,0.3613462661390825,0.0,0.3485659062862396,0.4364118332212633,0.4037964404462945,0.0,0.5985369682312012,0.19356935226417138,0.35276438479934913,0.0,0.35186997056007385,0.43935967228073736,0.40325438816508596,0.0,0.536769449710846,0.1978851072577057,0.3488833066466814,0.0,0.32061201333999634,0.36354134883080425,0.4561701528120164,0.014234843653288112,0.9992047548294067,0.2374123632213181,0.44537646981664025,0.0,0.9994032382965088,0.7272096501814371,0.5381908263709109,0.0,0.6,0.7932872143627605,0.5158139665921543,0.20299543954175148,0.6,0.9003827383643725,0.4732178904508302,0.340898174988597,0.6,0.7570815716666757,0.5543527675086068,0.23573608589412215,0.6,0.9082535692289788,0.4800314533165091,0.37204278625694076,0.6,0.41451653838157765,0.44357728958129994,0.0,0.6,0.9131961086996265,0.5034508623328877,0.2398712780156173,0.6,0.3557589175594849,0.47697677088391377,0.0,0.6,high,high,high,high,high,high,high,high,high,high,high,high,high,medium,low,medium,low,medium,low,medium,low,medium,low,high,high,medium,medium,medium,medium,medium,medium,medium,medium
70,2.3333333333333335,0.3971506485016484,0.2799502422203836,0.0,0.9940453171730042,0.4224274028570235,0.26709511730220836,0.0,0.9930287003517151,0.43157327070936574,0.26840593598105766,0.0,0.9924927949905396,0.4393816682703301,0.2693583075400006,0.0,0.9934585690498352,0.3876658721125775,0.26256009311109224,0.0,0.9948656558990479,0.37768613673868257,0.2610802254476754,0.0,0.995618999004364,0.37269577918908636,0.25976016735419316,0.0,0.9967058897018433,0.44775063271844984,0.2744968339696638,0.0,0.995330274105072,0.3612689543993055,0.2622659156372504,0.0,0.9953449964523315,0.4087068948434516,0.29325878113022014,0.0,0.9925829172134399,0.37488330473433107,0.29138727941157455,0.0,0.9919777512550354,0.4725024819651974,0.34869797031084787,0.0,0.9995471239089966,0.2738769505268495,0.31541574980829223,0.0,0.9993005394935608,0.5169401830865522,0.42157088195805337,0.0,0.6706209182739258,0.1666416727996377,0.36063140366738866,0.0,0.40547338128089905,0.44923063028942567,0.43481115236149087,0.0,0.6396068334579468,0.2128855570421358,0.383407397217407,0.0,0.36082467436790466,0.4341803830125682,0.4376338477179176,0.0,0.6282868981361389,0.22011842441447746,0.3967028313722376,0.0,0.37047141790390015,0.4255432180174592,0.42713829187246577,0.0,0.629077672958374,0.22764187523257262,0.3883276601910324,0.0,0.3776609003543854,0.4268487238939559,0.4273029872865399,0.0,0.569412112236023,0.2294452885439352,0.3836986622610302,0.0,0.34792560338974,0.35956443273104255,0.4681819981628377,0.039390905219738724,0.9992313981056213,0.2497216925407074,0.46151762200402335,0.0,0.9993952512741089,0.7265134614867151,0.5393646633302858,0.0,0.6,0.7906843434120068,0.5173166394233717,0.20325184176708141,0.6,0.8981546383155042,0.47569877811168493,0.34204830268496045,0.6,0.75493842568891,0.5563916070707927,0.23884783993507316,0.6,0.9059228020555856,0.48257893908257704,0.37352433625389647,0.6,0.41451653838157765,0.44357728958129994,0.0,0.6,0.911042439002619,0.5062996569801793,0.2407356109104911,0.6,0.3565894401377183,0.4799948697257206,0.0,0.6,high,high,high,high,high,high,high,high,high,high,high,high,high,medium,low,medium,low,medium,low,medium,low,medium,low,high,high,medium,medium,medium,medium,medium,medium,medium,medium
71,2.3666666666666667,0.4106696270284686,0.2851012806931305,0.0,0.9946393370628357,0.429554075627895,0.2726582959120653,0.0,0.9937228560447693,0.4377759035094924,0.2739055012906355,0.0,0.9932395219802856,0.44597157321887815,0.2750420097287725,0.0,0.9941100478172302,0.3979126736695404,0.26868173848221144,0.0,0.995376706123352,0.3891708975905316,0.2675017822872516,0.0,0.9960541725158691,0.3835792485233797,0.26619450334624606,0.0,0.9970325827598572,0.453116225056994,0.28025849215634296,0.0,0.9957942366600037,0.36897749785498957,0.2690850939506147,0.0,0.9957944750785828,0.41764802101886744,0.29895745193485973,0.0,0.993319571018219,0.38728819658984215,0.2971372511281286,0.0,0.9927735924720764,0.4643019489891891,0.35364346612583597,0.0,0.9995893836021423,0.27697150739200815,0.3231480371701976,0.0,0.999352753162384,0.49732876101851864,0.4302363645780348,0.0,0.6951265335083008,0.16659244874140644,0.3686237344236094,0.0,0.4481809735298157,0.45304262651986016,0.44103194325120415,0.0,0.6535940766334534,0.2148582805773045,0.3945094533177811,0.0,0.3538419008255005,0.4461187800188454,0.4448916311169572,0.0,0.6377794146537781,0.22599397978304764,0.4079192502376372,0.0,0.35315588116645813,0.4386841617958818,0.4345862757770621,0.0,0.6385743618011475,0.231660099261569,0.39974668149625886,0.0,0.35891076922416687,0.4374439795534105,0.43465535950549666,0.0,0.5761817693710327,0.23287299959670751,0.39484438536328414,0.0,0.32723483443260193,0.35781074042642685,0.475198300776783,0.05202784903357276,0.9992746710777283,0.25273101736893533,0.47028897358821115,0.0,0.9993954300880432,0.7258172727919934,0.5405385002896607,0.0,0.6,0.788081472461253,0.5188193122545892,0.2035082439924114,0.6,0.8959265382666359,0.4781796657725398,0.343198430381324,0.6,0.7527952797111443,0.5584304466329787,0.24195959397602418,0.6,0.9035920348821926,0.4851264248486451,0.3750058862508522,0.6,0.41451653838157765,0.44357728958129994,0.0,0.6,0.9088887693056117,0.5091484516274709,0.24159994380536484,0.6,0.35741996271595167,0.4830129685675275,0.0,0.6,high,high,high,high,high,high,high,high,high,high,high,high,high,medium,low,medium,low,medium,low,medium,low,medium,low,high,high,medium,medium,medium,medium,medium,medium,medium,medium
72,2.4,0.4278196406253301,0.28560725514427565,0.0,0.9951750636100769,0.43996601067223035,0.2738754369301125,0.0,0.9943497776985168,0.4473914827778079,0.2748729819323362,0.0,0.9939146041870117,0.45595455391979556,0.2760034612008749,0.0,0.9946984052658081,0.4080740131420422,0.27031364515944867,0.0,0.995838463306427,0.39892643176036663,0.26929305434782813,0.0,0.9964480400085449,0.39215366156784914,0.26800528536865553,0.0,0.9973286986351013,0.459659977392718,0.28153912129102127,0.0,0.9962140917778015,0.3734332041029062,0.2719698204444012,0.0,0.996211588382721,0.4274374095848957,0.2997966316335415,0.0,0.9939866065979004,0.39823463816187143,0.29812528592445436,0.0,0.9934951663017273,0.4578840135833334,0.35559447168748237,0.0,0.999629557132721,0.27482866247495086,0.3293820279878345,0.0,0.9994114637374878,0.4802770875133847,0.43629791964462145,0.0,0.7131190896034241,0.1563800001269458,0.38452185943965966,0.0,0.48450252413749695,0.46062651832342827,0.44774291850192405,0.0,0.6524908542633057,0.19892159041824925,0.4236337913499857,0.0,0.3318593502044678,0.4609888358549651,0.4533047198137771,0.0,0.6293392181396484,0.21020227776610267,0.43961774761026673,0.0,0.32561367750167847,0.45571865346326257,0.4447072510258035,0.0,0.630326509475708,0.21857117991764285,0.4318598146899886,0.0,0.3309743404388428,0.45132920430812645,0.44413058338187633,0.0,0.5682671070098877,0.22113781830508727,0.4257329360588459,0.0,0.3014976382255554,0.35906750547302446,0.4801524529507123,0.06781456729871813,0.999327540397644,0.2542622113352896,0.4765168310323252,0.0,0.999427855014801,0.7251210840972714,0.5417123372490357,0.0,0.6,0.7854786015104994,0.5203219850858066,0.20376464621774137,0.6,0.8936984382177677,0.4806605534333945,0.3443485580776876,0.6,0.7506521337333787,0.5604692861951645,0.24507134801697522,0.6,0.9012612677087994,0.48767391061471305,0.3764874362478079,0.6,0.41451653838157765,0.44357728958129994,0.0,0.6,0.9067350996086044,0.5119972462747624,0.24246427670023862,0.6,0.358250485294185,0.48603106740933444,0.0,0.6,high,high,high,high,high,high,high,high,high,high,high,high,high,high,low,medium,low,medium,low,medium,low,medium,low,high,high,medium,medium,medium,medium,medium,medium,medium,medium
73,2.433333333333333,0.4360098315702463,0.28918181384082237,0.0,0.9956570863723755,0.4425274209403781,0.2776867933484509,0.0,0.9949136972427368,0.4493534769906321,0.27863935032091014,0.0,0.9945217967033386,0.4586704720011414,0.2801929753282416,0.0,0.9952276945114136,0.4113279920080058,0.27432155560502436,0.0,0.9962539076805115,0.40131348677170686,0.2734687235249791,0.0,0.9968023896217346,0.3929527601300986,0.27230490955995307,0.0,0.9975951313972473,0.4599212429601286,0.28630592099158714,0.0,0.9965916872024536,0.3712854414553085,0.27676765811749066,0.0,0.9965864419937134,0.43117751281856215,0.3036456313722347,0.0,0.9945862889289856,0.4021740341103171,0.3011080976966386,0.0,0.9941441416740417,0.4548266608537228,0.3615609053826286,0.0,0.9996657371520996,0.26356902197524457,0.334583736174591,0.0,0.9994651675224304,0.4723136457668886,0.4474987086160489,0.0,0.7057957649230957,0.14706319188460362,0.3933258614478977,0.0,0.5081831216812134,0.47173812971526496,0.45384926527808156,0.0,0.6432017683982849,0.1899578151725116,0.4374318264581119,0.0,0.310698539018631,0.4786405102078466,0.45974418138846496,0.0,0.6113367676734924,0.19752347420701388,0.4525049457322201,0.0,0.30008411407470703,0.47440132109713296,0.45195158669998714,0.0,0.6141095161437988,0.20937373449196683,0.44548111250906397,0.0,0.30505362153053284,0.4667724771794196,0.45117177267174746,0.0,0.5556721091270447,0.21338046649536108,0.43939038631799454,0.0,0.27720558643341064,0.3623632668476292,0.48842917518182366,0.09552506354147929,0.9993863701820374,0.24941649168104624,0.48184857585213525,0.0,0.9994699954986572,0.7244248954025494,0.5428861742084103,0.0,0.6,0.7828757305597458,0.5218246579170241,0.20402104844307134,0.6,0.8914703381688994,0.4831414410942492,0.3454986857740512,0.6,0.748508987755613,0.5625081257573504,0.24818310205792624,0.6,0.8989305005354065,0.4902213963807811,0.3779689862447636,0.6,0.41451653838157765,0.44357728958129994,0.0,0.6,0.9045814299115973,0.5148460409220541,0.24332860959511243,0.6,0.3590810078724184,0.48904916625114125,0.0,0.6,high,high,high,high,high,high,high,high,high,high,high,high,high,high,medium,medium,low,medium,low,medium,low,medium,low,high,high,medium,medium,medium,medium,medium,medium,medium,medium
74,2.466666666666667,0.431288958985212,0.2897745572325796,0.0,0.9960913062095642,0.4354689592942781,0.2799475373643825,0.0,0.9954222440719604,0.44090406926639825,0.28053680868137765,0.0,0.9950695037841797,0.4490512186413891,0.28168335779285725,0.0,0.9957048296928406,0.4088200336291806,0.27735879308693967,0.0,0.99662846326828,0.40036963784333535,0.27665556901262706,0.0,0.997122049331665,0.391928017417313,0.2754865058096424,0.0,0.9978355169296265,0.44723313220175387,0.2876146858110858,0.0,0.9969323873519897,0.368848837825247,0.2806024848025447,0.0,0.9969272613525391,0.4249374419103425,0.3038165592924984,0.0,0.9951273202896118,0.40065544058670916,0.3019681290868843,0.0,0.9947293400764465,0.43578676125664373,0.3597173378184135,0.0,0.9996986389160156,0.265835400505778,0.3396908360900309,0.0,0.9995124936103821,0.4592067081055731,0.4416553249587002,0.0,0.7100276350975037,0.1674197266846552,0.4040830640387157,0.0,0.5218358039855957,0.47722063163221706,0.44901985548315193,0.0,0.6570007801055908,0.22236659851941254,0.4533166312254404,0.0,0.2964683771133423,0.49081133656846465,0.45689668299712904,0.0,0.6205959916114807,0.23330581898525385,0.470466221823838,0.0,0.2822136878967285,0.4869879422348987,0.451244115829469,0.0,0.6254547238349915,0.24154100554945374,0.46335444583759566,0.0,0.2875938415527344,0.4773475119283995,0.44877027388497226,0.0,0.5686764717102051,0.2467533900534919,0.45638510515362074,0.0,0.25951525568962097,0.3536279265419318,0.49000980526139537,0.10354090007332763,0.9994306564331055,0.2513020827775797,0.48581111076828615,0.0,0.9994867444038391,0.7237287067078275,0.5440600111677855,0.0,0.6,0.7802728596089921,0.5233273307482416,0.20427745066840128,0.6,0.8892422381200311,0.4856223287551039,0.3466488134704147,0.6,0.7463658417778474,0.5645469653195363,0.25129485609887725,0.6,0.8965997333620132,0.49276888214684905,0.3794505362417193,0.6,0.41451653838157765,0.44357728958129994,0.0,0.6,0.9024277602145898,0.5176948355693457,0.2441929424899862,0.6,0.3599115304506518,0.4920672650929482,0.0,0.6,high,high,high,high,high,high,high,high,high,high,high,high,high,high,medium,medium,low,medium,low,medium,low,medium,low,high,high,medium,medium,medium,medium,medium,medium,medium,medium
75,2.5,0.41804115227608246,0.28943256300924064,0.0,0.9964820742607117,0.4205214344399248,0.28128915914010966,0.0,0.9958797693252563,0.42506408760875647,0.2815766266453802,0.0,0.9955621957778931,0.4325605223089954,0.2822103175944667,0.0,0.9961341023445129,0.3981804680991017,0.2793786779983901,0.0,0.9969654679298401,0.3914998067425691,0.2789011154419344,0.0,0.9974096417427063,0.3829747293239995,0.277763741486001,0.0,0.9980517625808716,0.42954869391201367,0.28810493672366544,0.0,0.99723881483078,0.3606480382261308,0.2835439811775464,0.0,0.9972331523895264,0.4132398935186846,0.3029032327356324,0.0,0.9956140518188477,0.3919124632448594,0.3023634047219256,0.0,0.9952558279037476,0.412294335298606,0.35344307378177686,0.0,0.9997279644012451,0.2753006344213915,0.3416014285215418,0.0,0.9995554685592651,0.447150872164952,0.4294576917217062,0.021484500263971796,0.7218315601348877,0.20023495504211486,0.40147415477357096,0.0,0.5538433194160461,0.4785806783985159,0.4338539738060445,0.0,0.6753765940666199,0.2434433629879591,0.44418031762252164,0.0,0.29853177070617676,0.4983960400511348,0.4428704056567535,0.0,0.6352078914642334,0.2545531680047658,0.45913360106361617,0.0,0.27756643295288086,0.4947571167440138,0.43838414306685203,0.0,0.6422213315963745,0.2655823028587802,0.4535069528159574,0.0,0.28471672534942627,0.48310777371302205,0.4350606742855564,0.0,0.5890175104141235,0.26548897445479824,0.4478144074653424,0.0,0.25439515709877014,0.3382151358194293,0.4878833669048936,0.10179349734466377,0.9994707107543945,0.25709858172006606,0.4856795160781544,0.0,0.9995068907737732,0.7230325180131055,0.5452338481271604,0.0,0.6,0.7776699886582383,0.524830003579459,0.20453385289373122,0.6,0.8870141380711629,0.4881032164159588,0.3477989411667783,0.6,0.7442226958000817,0.5665858048817222,0.2544066101398283,0.6,0.8942689661886203,0.4953163679129171,0.38093208623867514,0.6,0.41451653838157765,0.44357728958129994,0.0,0.6,0.9002740905175824,0.5205436302166373,0.24505727538486,0.6,0.3607420530288852,0.49508536393475505,0.0,0.6,high,high,high,high,high,high,high,high,high,high,high,high,high,high,medium,medium,low,medium,low,medium,low,medium,low,high,high,medium,medium,medium,medium,medium,medium,medium,medium
76,2.533333333333333,0.4012385945775858,0.28907772551327676,0.0,0.9968329668045044,0.40222866044733735,0.282272715668579,0.0,0.9962897300720215,0.4062461642535427,0.2823220033606735,0.0,0.9960030913352966,0.41191367891840835,0.2825009233745947,0.0,0.996518611907959,0.38510055211318506,0.28076741203561606,0.0,0.99726802110672,0.37997848379028526,0.28031834494539704,0.0,0.9976677894592285,0.3715613312098818,0.2791443324728175,0.0,0.9982457756996155,0.4095760883984877,0.2880864219787801,0.008214583624770878,0.997512936592102,0.3511037891839221,0.2845673588883912,0.0,0.9975073337554932,0.3971103486064441,0.3008240610013761,0.0,0.9960504770278931,0.3795872320245206,0.3012563247919646,0.0,0.9957287311553955,0.3962373416045895,0.34167978667712806,0.13700324203167796,0.9997491240501404,0.28238453349589265,0.33626368586277994,0.0,0.9995920658111572,0.44049582489720707,0.4157575962148913,0.1423975076870497,0.6747753620147705,0.23252217530648528,0.37616608727784245,0.0,0.5817303657531738,0.49632996897319664,0.4318755572631376,0.0,0.6433457136154175,0.24370644875478698,0.39933381241796284,0.0,0.3019440770149231,0.5247398879561405,0.44276786434067,0.0,0.6107631325721741,0.24412567984738337,0.40750194794231465,0.0,0.2767866253852844,0.5219791704541333,0.43953769405682996,0.0,0.6223912835121155,0.25674739504332933,0.4045951964555098,0.0,0.28582027554512024,0.5071080939753085,0.4357655242189672,0.0,0.5722070932388306,0.2530644854187694,0.40254092952866205,0.0,0.2520211338996887,0.32685756495782636,0.4805595935919359,0.08392460912136093,0.9994944334030151,0.25767273558325493,0.4776625728412676,0.0,0.9995278716087341,0.7223363293183835,0.5464076850865353,0.0,0.6,0.7750671177074848,0.5263326764106764,0.20479025511906118,0.6,0.8847860380222946,0.4905841040768134,0.3489490688631418,0.6,0.742079549822316,0.568624644443908,0.25751836418077934,0.6,0.891938199015227,0.4978638536789851,0.38241363623563085,0.6,0.41451653838157765,0.44357728958129994,0.0,0.6,0.8981204208205752,0.5233924248639289,0.24592160827973375,0.6,0.36157257560711853,0.4981034627765619,0.0,0.6,high,high,high,high,high,high,high,high,high,high,high,high,high,medium,medium,medium,low,medium,low,medium,low,medium,low,high,high,medium,medium,medium,medium,medium,medium,medium,medium
77,2.566666666666667,0.3844521003308562,0.2900462099861162,0.12694173606681416,0.9942716360092163,0.3846211966240055,0.28464281392264273,0.1669633848405945,0.9935711026191711,0.3865873130051416,0.28444770311975887,0.16649220734487372,0.9928141236305237,0.38933500314092406,0.2841546703607616,0.16658347692245137,0.9946879744529724,0.3742440118517363,0.28375476341703354,0.14520353259462343,0.9952089190483093,0.37050804238775215,0.28307024491972654,0.14472915478797543,0.9952186942100525,0.36376237598332584,0.2820368693286174,0.14466733990849356,0.9960613250732422,0.3868480961778513,0.2892302122566257,0.3108704200574577,0.9962880611419678,0.34785509234541867,0.2869946193167109,0.21188805056062948,0.993411660194397,0.38002157246038454,0.2999313847446227,0.183310573334461,0.9913033246994019,0.3687492124823155,0.3011842917451222,0.15170438528616711,0.9871535897254944,0.3839015216677349,0.3308140897389623,0.34629205987725875,0.999402642250061,0.30181532931494626,0.33234552834139647,0.15546230620993368,0.9986231923103333,0.4258246014723978,0.39525398459190086,0.2722184628981991,0.6088378429412842,0.2773344820334924,0.35309384169278535,0.10715239802440595,0.530460000038147,0.48205370023534144,0.40952210986253096,0.0654866254447781,0.5925245881080627,0.27929842353978707,0.36260740656952856,0.14179284471176204,0.2849300503730774,0.5092768096006848,0.417809363567469,0.0379425075799575,0.5836476683616638,0.27819014807820114,0.3664861470808248,0.11052611824515848,0.2725788652896881,0.5075875503338869,0.41515344047879943,0.005538555804318765,0.5985971093177795,0.2897993457484086,0.3650557268193839,0.10218614485714014,0.28115373849868774,0.49341849798645027,0.41222917991918384,0.04751321984268303,0.5463743805885315,0.28208336807214374,0.3653709639758228,0.13423280615906655,0.24713794887065887,0.31437511391295225,0.47448550494678776,0.06710865969025051,0.9971116781234741,0.2660534939357458,0.4712566297093206,0.0,0.9971175193786621,0.7216401406236616,0.5475815220459103,0.0,0.6,0.7724642467567311,0.5278353492418939,0.20504665734439115,0.6,0.8825579379734263,0.49306499173766816,0.3500991965595054,0.6,0.7399364038445504,0.5706634840060939,0.2606301182217303,0.6,0.8896074318418339,0.5004113394450531,0.38389518623258656,0.6,0.41451653838157765,0.44357728958129994,0.0,0.6,0.8959667511235678,0.5262412195112205,0.24678594117460756,0.6,0.3624030981853519,0.5011215616183688,0.0,0.6,high,high,high,high,high,high,high,high,high,high,high,high,high,medium,medium,medium,low,medium,low,medium,low,medium,low,high,high,medium,medium,medium,medium,medium,medium,medium,medium
78,2.6,0.37189097275267213,0.29190387384041283,0.4577224611680281,0.9948322176933289,0.3715429132357076,0.2872891956831755,0.4898333878783926,0.994206428527832,0.37123317575399234,0.2869291067957052,0.48943555660737,0.9935223460197449,0.3703636512472923,0.28633351530228535,0.48958397356224637,0.9952141046524048,0.3667046459682626,0.28698087127614486,0.4773964171920914,0.9956814646720886,0.36636580370522975,0.2868679595855018,0.4769513684830756,0.995686948299408,0.36296023376338227,0.2861834603311862,0.4769588674142935,0.9964469075202942,0.3688335238081046,0.2909926515081276,0.5699544833812418,0.9966525435447693,0.3544283559272349,0.2911553851791203,0.5154893294081002,0.9940279722213745,0.3676942043649021,0.2995204608062494,0.48883605058932494,0.9921507835388184,0.362976432193966,0.30183071356553376,0.47004099158974094,0.9883795976638794,0.3705881739551936,0.31810685853302423,0.5192046319340784,0.9994615912437439,0.33692099873002684,0.3317066407425985,0.3830773045410931,0.9987460970878601,0.4010019292642475,0.37083629329443635,0.3391324292617644,0.5743640661239624,0.32614232613629207,0.3407812585363864,0.3614303987204066,0.4812479615211487,0.44056389729182044,0.38539177693409343,0.08060383327774252,0.5928578972816467,0.3284644983309419,0.3535069166085668,0.45301933708168807,0.26892781257629395,0.45879224172005406,0.3933066605549047,0.04656773440904559,0.5948218107223511,0.3270330799869455,0.3577611245961744,0.4375247933092107,0.26721668243408203,0.45819443644899427,0.39100165397693054,0.031038944398884494,0.6075935959815979,0.33756157203571036,0.35791919559309904,0.4328333313787468,0.2733941078186035,0.44904406129063545,0.3882248402336549,0.06849153704576574,0.5495430827140808,0.32551210055818175,0.3582160834110154,0.44915332619126985,0.23923462629318237,0.3049355452155186,0.46462106649136614,0.048731724325663126,0.9973897933959961,0.2876428953417539,0.4627513551350808,0.0,0.9973959922790527,0.7209439519289397,0.548755359005285,0.0,0.6,0.7698613758059774,0.5293380220731113,0.2053030595697211,0.6,0.880329837924558,0.4955458793985229,0.35124932425586897,0.6,0.7377932578667847,0.5727023235682798,0.26374187226268136,0.6,0.8872766646684408,0.5029588252111212,0.38537673622954227,0.6,0.41451653838157765,0.44357728958129994,0.0,0.6,0.8938130814265606,0.529090014158512,0.2476502740694813,0.6,0.3632336207635853,0.5041396604601758,0.0,0.6,high,high,high,high,high,high,high,high,high,high,high,high,high,medium,low,medium,low,medium,low,medium,low,medium,low,high,high,medium,medium,medium,medium,medium,medium,medium,medium
79,2.6333333333333333,0.3682212343999566,0.29868350023434237,0.7344204982121805,0.9953346848487854,0.3678185421547977,0.29472867752010806,0.7643329541444244,0.9947687983512878,0.36551787567027616,0.2944051687950862,0.7639825225987933,0.99415522813797,0.3614625281943039,0.29373888167745943,0.7641772276315955,0.9956790208816528,0.3675458090149727,0.2942889779458798,0.7531569247201348,0.9961037039756775,0.37009799765262386,0.2944861028716844,0.7526775756915987,0.9961099624633789,0.3698277455387703,0.29392944043610836,0.7526789456258586,0.9967928528785706,0.36093938996741914,0.2975233237504411,0.802456595819871,0.9969830513000488,0.3676289679148268,0.2976299436775962,0.752579050186355,0.9946178793907166,0.3640488359061164,0.30434968018587455,0.7491894324064832,0.992917537689209,0.3657083702393077,0.3065504613039385,0.7317781851286119,0.9895167946815491,0.36695131430259215,0.3138494349165126,0.6962912604386453,0.9995047450065613,0.36793777353558044,0.3281036988421762,0.5647065270613973,0.9988624453544617,0.3959465791017592,0.3610516837982596,0.5299233471766337,0.537489116191864,0.3706426475292607,0.32020048168433657,0.5606887596192631,0.5287453532218933,0.43696840673615717,0.38271449169356886,0.3257649630690241,0.6203625202178955,0.3566998219365016,0.324655807101644,0.7363362625623381,0.34106215834617615,0.4525594099974033,0.3919868899947846,0.3098006029038032,0.630987286567688,0.35223746344898776,0.3263877901163977,0.7363238032464403,0.3398243188858032,0.4534850334509837,0.39193663661018774,0.29516444333540337,0.6427466869354248,0.36110468858327716,0.3284760801108576,0.7377190446798083,0.34530171751976013,0.4463864801091204,0.3883617245233986,0.3152546013395,0.5899339318275452,0.34706528793959723,0.32988310353461486,0.7359538156113723,0.31448060274124146,0.3042693827952546,0.45640345504789764,0.04432607939280147,0.9975676536560059,0.30853893071204713,0.452406786191159,0.0,0.9976257681846619,0.7202477632342178,0.5499291959646601,0.0,0.6,0.7672585048552237,0.5308406949043288,0.20555946179505108,0.6,0.8781017378756898,0.49802676705937765,0.35239945195223243,0.6,0.7356501118890191,0.5747411631304657,0.2668536263036324,0.6,0.8849458974950477,0.5055063109771891,0.386858286226498,0.6,0.41451653838157765,0.44357728958129994,0.0,0.6,0.8916594117295532,0.5319388088058037,0.24851460696435507,0.6,0.36406414334181864,0.5071577593019827,0.0,0.6,high,high,high,high,high,high,high,high,high,high,high,high,high,medium,medium,medium,low,medium,low,medium,low,medium,low,high,high,medium,medium,medium,medium,medium,medium,medium,medium
80,2.6666666666666665,0.3750872024289388,0.3135948235338393,0.9144536301250527,0.9883930087089539,0.3748814573376894,0.3093024749300149,0.937927295555882,0.9805833697319031,0.37118681181560964,0.3088485777794906,0.9375921200205422,0.9789236783981323,0.36637279300978787,0.3082637902878945,0.9377958381370535,0.9823821187019348,0.3793937796618287,0.30926192133298924,0.9317949405916947,0.9861425161361694,0.38378284604121576,0.3097270395789121,0.9313038783473594,0.9864422678947449,0.3861643607383018,0.3094050502165778,0.9312928064719805,0.9894316792488098,0.36612364740082803,0.31017948919798743,0.9540078777533337,0.9914180636405945,0.3881712150879405,0.31143458114637446,0.9098420458518011,0.9884862303733826,0.37057926590904033,0.3172406431261484,0.9139159252315716,0.9831609725952148,0.3779368114360294,0.3194698712903589,0.9040396227425376,0.9798245429992676,0.37262230062540413,0.31547468615856566,0.8173818404510604,0.9994233846664429,0.3960236772929604,0.33147380374250524,0.6928445292519542,0.9988839626312256,0.3926898732885624,0.35218632103124237,0.658485772640127,0.4841986298561096,0.39424873409154637,0.315322219630778,0.6860783139725684,0.4925585687160492,0.4209334002786039,0.37574669204669775,0.5113290403828491,0.5592915415763855,0.3732411876008237,0.3165671779559217,0.8868541592484613,0.3674079179763794,0.4319493047076795,0.38461000755394636,0.506335907604868,0.5709311962127686,0.371761881023438,0.317970818816088,0.8943072269151842,0.37542539834976196,0.43437503424141066,0.3865846806056026,0.49895540529336824,0.58156418800354,0.3781022718111129,0.3200007938977452,0.9023608625768806,0.38119786977767944,0.4303124242381905,0.3831156783309582,0.5056703819747863,0.5338661670684814,0.36257316835554704,0.32103996545006985,0.8895253410567239,0.3488062024116516,0.31318276905235515,0.450947506513908,0.03545946342162884,0.9967091083526611,0.3303155902521324,0.44757510975246506,0.0,0.9972196817398071,0.7195515745394957,0.551103032924035,0.0,0.6,0.7646556339044701,0.5323433677355462,0.20581586402038105,0.6,0.8758736378268215,0.5005076547202323,0.35354957964859607,0.6,0.7335069659112534,0.5767800026926517,0.2699653803445834,0.6,0.8826151303216546,0.5080537967432571,0.3883398362234537,0.6,0.41451653838157765,0.44357728958129994,0.0,0.6,0.8895057420325458,0.5347876034530953,0.24937893985922888,0.6,0.36489466592005204,0.5101758581437896,0.0,0.6,high,high,high,high,high,high,high,high,high,high,high,high,high,low,low,medium,low,medium,low,medium,low,medium,low,high,high,medium,medium,medium,medium,medium,medium,medium,medium
81,2.7,0.3936043287212765,0.3308193953165094,0.9680524866480953,0.9752054810523987,0.3921231504503674,0.3252562851338962,0.9884153009155718,0.9633156657218933,0.38741038937668804,0.3246584126860398,0.9880668436869624,0.9580907821655273,0.38228553658598885,0.3241884970303746,0.9882665188996135,0.9672000408172607,0.39924840243546383,0.325873253715067,0.982814962630508,0.9773410558700562,0.4051401190685514,0.3269480141726416,0.982331036548795,0.9786009192466736,0.40808055040997615,0.3269444262925848,0.9822925166650278,0.9845965504646301,0.38305368033044646,0.32436854182145625,0.9710601476522619,0.972335696220398,0.41405301702606206,0.32756275140044383,0.9497617874945821,0.9752284288406372,0.38631996470731556,0.3328695219435623,0.9647235457713814,0.949045717716217,0.39694199778817024,0.3355127183290637,0.9545811009018041,0.9466285109519958,0.38890492457610015,0.32204993024016954,0.8114436197947812,0.9993089437484741,0.42842118264912,0.34236962283963734,0.7282383452345461,0.9988926649093628,0.38881738654105635,0.34632252715962286,0.6694680270315589,0.45291078090667725,0.4095859988863941,0.3303735534766902,0.7056301694649936,0.4541805386543274,0.3941956072837333,0.3657035170457312,0.590286635696056,0.5147314071655273,0.37944457410793586,0.34487274177980404,0.8664384647543915,0.3368522822856903,0.3977600025894491,0.3723971243504888,0.590382198709779,0.5294026136398315,0.37805112036236066,0.3502674636307305,0.8728429101980673,0.3438933193683624,0.4012676613592056,0.37544837538456965,0.5909177617610628,0.5393170118331909,0.38281833792066344,0.3514309183006251,0.8805600596474625,0.3485240042209625,0.4003456505167467,0.372563254583133,0.5903140326445213,0.4931505024433136,0.36870700791304584,0.3506634578560347,0.8680725878491014,0.31860029697418213,0.32961501003979055,0.45107659607222705,0.0144740686662895,0.9969576597213745,0.35498770171806904,0.4505051280651905,0.0,0.9974482655525208,0.7188553858447739,0.5522768698834098,0.0,0.6,0.7620527629537164,0.5338460405667637,0.206072266245711,0.6,0.8736455377779532,0.5029885423810871,0.35469970734495965,0.6,0.7313638199334878,0.5788188422548375,0.2730771343855344,0.6,0.8802843631482615,0.5106012825093251,0.3898213862204094,0.6,0.41451653838157765,0.44357728958129994,0.0,0.6,0.8873520723355384,0.5376363981003869,0.25024327275410263,0.6,0.3657251884982854,0.5131939569855964,0.0,0.6,high,high,high,high,high,high,high,high,high,high,high,high,high,low,low,medium,low,medium,low,medium,low,low,low,high,high,medium,medium,medium,medium,medium,medium,medium,medium
82,2.7333333333333334,0.4118235797593099,0.34284423267369035,0.786012472858381,0.9685259461402893,0.41231331444564784,0.3350567601638527,0.7958131079455655,0.952233076095581,0.40813696182969117,0.3341903279433448,0.7954213398146206,0.94004225730896,0.4040512966387211,0.33368111212492635,0.7955998499771397,0.9534519910812378,0.4191271591158747,0.3367251817718817,0.7980364089731868,0.9732537865638733,0.4246326531424678,0.3383469335682751,0.7975332031508446,0.9752568602561951,0.4274837431652018,0.3388332166038202,0.7973949054738048,0.9830314517021179,0.4080758427545474,0.33330946139522455,0.7504027114707849,0.9526894092559814,0.43822848588436747,0.3396061856846718,0.7807674720570777,0.9699211716651917,0.40520078332829973,0.34459268400719206,0.7824512595063344,0.929399847984314,0.4155763138285339,0.347613855466977,0.7817357862259702,0.933646559715271,0.4156253772043137,0.3325052187020415,0.6036145342535645,0.9992807507514954,0.4526823474949624,0.35821576149035816,0.6297480382007892,0.9989817142486572,0.3657318599574225,0.3417733325547003,0.5015907660995066,0.4086967408657074,0.4117177397637945,0.36595037621218107,0.5865780659072064,0.42374956607818604,0.33171819098345967,0.34632794235969855,0.5072762379835272,0.46531593799591064,0.353457748889924,0.3876665433942587,0.6553237183944346,0.3272252380847931,0.32166821723217814,0.3496352844027104,0.5045468181996926,0.4808200001716614,0.34713716266594385,0.39475828107003674,0.6501885091230325,0.3350885212421417,0.3279617168964492,0.3517578383842558,0.5127393575884538,0.4898529052734375,0.35085470609731695,0.3953412700366318,0.6494129846840767,0.33756014704704285,0.33097961055232183,0.35121197696332423,0.5134485058295435,0.44740357995033264,0.3420336926594768,0.39252864043195873,0.6503549178580321,0.30571112036705017,0.35281123488377397,0.4620060372602702,0.0,0.9972202777862549,0.3778162681973074,0.46194049215817073,0.012954800721857132,0.9976861476898193,0.7181591971500519,0.5534507068427847,0.0,0.6,0.7594498920029626,0.5353487133979811,0.20632866847104095,0.6,0.871417437729085,0.5054694300419419,0.35584983504132317,0.6,0.7292206739557221,0.5808576818170235,0.2761888884264855,0.6,0.8779535959748684,0.5131487682753931,0.3913029362173651,0.6,0.41451653838157765,0.44357728958129994,0.0,0.6,0.8851984026385311,0.5404851927476785,0.2511076056489764,0.6,0.36655571107651874,0.5162120558274033,0.0,0.6,high,high,high,high,high,high,high,high,high,high,high,high,high,low,low,low,low,low,low,low,low,low,low,high,high,medium,medium,medium,medium,medium,medium,medium,medium
83,2.7666666666666666,0.4362916905424267,0.36034211266290983,0.7185481358102449,0.9494312405586243,0.44116039869390833,0.35087611062543467,0.7276974311380695,0.9147127866744995,0.4391363196439688,0.3499758793062828,0.7272770580572978,0.8973504900932312,0.4377305106127468,0.3497326017676543,0.7274347250556076,0.9164019823074341,0.44445144296526196,0.352823466132016,0.737223120558236,0.9498615860939026,0.4481171171565168,0.3546378424951256,0.7367273564938919,0.9558632969856262,0.44998647567831396,0.3553573348166513,0.7365321987992419,0.9690743684768677,0.4467445556378321,0.34807723746711094,0.6824397501689867,0.9255289435386658,0.4638031232051373,0.35477988467072086,0.7583285815751153,0.9490442872047424,0.4328664571811003,0.3618445099094818,0.7209069202274173,0.8865427374839783,0.4391281592957079,0.3642556232450179,0.72921532976044,0.895068883895874,0.46568588151798507,0.35008732054061364,0.5206687039150795,0.9991390705108643,0.4644574374307854,0.37263520794870786,0.6617109404577259,0.9989822506904602,0.3950812893036094,0.349215575726161,0.3836089089200223,0.3679346442222595,0.39851074341016046,0.3811054923039782,0.5765468114877129,0.39193135499954224,0.34064863319997274,0.3419073879857728,0.3796812282367197,0.419126033782959,0.3029704256143889,0.39371713759738075,0.5518601226223113,0.3181380331516266,0.32748218367010923,0.34021936846779866,0.36525945629412304,0.4334171712398529,0.2872948180406529,0.39830620764018876,0.5415491043548776,0.327020525932312,0.33118530857813194,0.34104020389921547,0.3817788298591322,0.44160327315330505,0.287728498101513,0.39689798628811623,0.5337131053973481,0.3304304778575897,0.3352748043748335,0.3429374840015029,0.3888006511823847,0.40340539813041687,0.2877283083809013,0.3939397039113355,0.5432505122709399,0.29743269085884094,0.3791640285567536,0.47578057389715184,0.0,0.996882975101471,0.38006767366593913,0.4759210450249131,0.04657207382083091,0.9976239204406738,0.71746300845533,0.5546245438021596,0.0,0.6,0.7568470210522091,0.5368513862291986,0.20658507069637091,0.6,0.8691893376802167,0.5079503177027966,0.35699996273768664,0.6,0.7270775279779563,0.5828965213792092,0.27930064246743647,0.6,0.8756228288014752,0.5156962540414611,0.3927844862143209,0.6,0.41451653838157765,0.44357728958129994,0.0,0.6,0.8830447329415239,0.5433339873949701,0.2519719385438502,0.6,0.3673862336547521,0.5192301546692102,0.0,0.6,high,high,high,high,high,high,high,high,high,high,high,high,high,low,low,low,low,low,low,low,low,low,low,high,high,medium,medium,medium,medium,medium,medium,medium,medium
84,2.8,0.43940716509496813,0.368231374692251,0.6304016927634937,0.8698124289512634,0.4462460569846336,0.3584130295228857,0.6260972437915563,0.8347837924957275,0.4454387190875485,0.3573330710262139,0.6256590278728041,0.8175658583641052,0.44495865681788427,0.35678763934226676,0.6257637427264455,0.840350329875946,0.4486261575649958,0.3606116491042104,0.6458690741331723,0.8719304800033569,0.4526106576958471,0.3621847246076687,0.6454015090748998,0.8777245879173279,0.4548283336740564,0.3627910133980936,0.6452191979874004,0.8961933255195618,0.456449037665255,0.3544051591610862,0.5404989150611129,0.8487697243690491,0.47132636464281363,0.3619028997449062,0.670608188383042,0.8630270957946777,0.43778866939333605,0.36995142739969633,0.6237553821438137,0.8056873679161072,0.44342600243352903,0.37305148171656155,0.6451487034072982,0.8119848966598511,0.47116047116148574,0.36207029702780225,0.3571622604395691,0.999152660369873,0.47809333526171294,0.38427671338572744,0.6228560545679311,0.9985031485557556,0.4023599433593272,0.3537230806334045,0.2097733468164658,0.3423728048801422,0.41186863559109455,0.400734390828994,0.48753476023405085,0.35289520025253296,0.3467677626020712,0.3444335285600258,0.2272931360628783,0.38692235946655273,0.302786552822674,0.4075013495686459,0.35809178160620825,0.28655731678009033,0.334668148161371,0.3405499599335642,0.20619930184526647,0.4032268822193146,0.2859111581787926,0.4107090504644645,0.33950677072946367,0.29475653171539307,0.3368777848068104,0.34147236675093595,0.2272344256267131,0.410476416349411,0.277359758779442,0.40869869323043667,0.3263894407412953,0.29782459139823914,0.3433123450804433,0.3437061344549104,0.2389969375236335,0.3703301250934601,0.28340301522008265,0.40527247444733144,0.34595321163986753,0.26806482672691345,0.3846317350447605,0.48945437632240746,0.0,0.9970060586929321,0.3901037909351039,0.49470793742400077,0.08474335684017725,0.9976551532745361,0.7167668197606079,0.5557983807615348,0.0,0.6,0.7542441501014554,0.538354059060416,0.20684147292170085,0.6,0.8669612376313484,0.5104312053636514,0.35815009043405027,0.6,0.7249343820001907,0.5849353609413952,0.2824123965083875,0.6,0.8732920616280823,0.5182437398075292,0.3942660362112766,0.6,0.41451653838157765,0.44357728958129994,0.0,0.6,0.8808910632445166,0.5461827820422617,0.252836271438724,0.6,0.36821675623298544,0.5222482535110171,0.0,0.6,high,high,high,high,high,high,high,high,high,high,high,high,high,low,low,low,low,low,low,low,low,low,low,high,high,medium,medium,medium,medium,medium,medium,medium,medium
85,2.8333333333333335,0.4270798361106919,0.37354657477710174,0.5575142999837464,0.8765066862106323,0.43353493765239787,0.3633254403834586,0.5455860784472717,0.8442727327346802,0.43389499555656796,0.36220942718999466,0.5451326288569447,0.8270443081855774,0.4345670530707142,0.36157403938420263,0.5452132804757802,0.8509102463722229,0.43492388690546235,0.3654875085626181,0.5668510505560549,0.8798409104347229,0.4383659444072041,0.3667149224898208,0.5663870158485892,0.8845468759536743,0.44058446707703414,0.36722121788905315,0.5661917968386135,0.9031798243522644,0.4462244051458686,0.3593789466194349,0.44132839989064854,0.858860969543457,0.457401915238455,0.36650925416212915,0.5808858984076196,0.867651641368866,0.4280951394067789,0.37624571185845695,0.5470315650418103,0.811996340751648,0.4321355721750471,0.3795729446939109,0.5702169797402803,0.8124648332595825,0.4541394884908684,0.3742663415717644,0.2676362863162188,0.9992098212242126,0.47545282858790905,0.39108286808420833,0.5554515550256068,0.9984596371650696,0.3978782492778806,0.362462546580878,0.14084357710985074,0.3966089189052582,0.41966495612562504,0.4073383138452109,0.4260647827146792,0.3179384469985962,0.35561937732852233,0.3443547912410932,0.19856802459224443,0.42632797360420227,0.3192381401370463,0.40362875208710286,0.29221076718021455,0.2590712308883667,0.34593064999663836,0.3373925108592836,0.18069625585090351,0.43794047832489014,0.3098659009644487,0.40243570169646803,0.27396373318764505,0.26700133085250854,0.3473450796448555,0.3369637770113698,0.2012325534314825,0.44413894414901733,0.3051241296571459,0.40078169565934507,0.2632087677856154,0.2697469890117645,0.35404976903697644,0.3398875000176739,0.2106043373371343,0.39354103803634644,0.30669777807378074,0.3987734561616735,0.2820397086424157,0.24300093948841095,0.3800639239224531,0.5090130270916834,0.0,0.9971851706504822,0.3946808914204588,0.5142415612588687,0.0962040602926402,0.9977604746818542,0.7160706310658861,0.5569722177209095,0.0,0.6,0.7516412791507018,0.5398567318916335,0.20709787514703082,0.6,0.86473313758248,0.5129120930245061,0.3593002181304138,0.6,0.7227912360224249,0.5869742005035811,0.28552415054933855,0.6,0.870961294454689,0.5207912255735971,0.39574758620823236,0.6,0.41451653838157765,0.44357728958129994,0.0,0.6,0.8787373935475091,0.5490315766895533,0.25370060433359776,0.6,0.3690472788112189,0.525266352352824,0.0,0.6,high,high,high,high,high,high,high,high,high,high,high,high,high,low,low,low,low,low,low,low,low,low,low,high,high,medium,medium,medium,medium,medium,medium,medium,medium
86,2.8666666666666667,0.4115511684012034,0.36666369938350324,0.4441350523842671,0.8878984451293945,0.4165458795907625,0.35669904252588147,0.4276469093020192,0.8590316772460938,0.41735088985005286,0.35583161369904037,0.4271854426470837,0.8433464169502258,0.417288018759593,0.3551028750159533,0.42724664686443203,0.8652628064155579,0.41812728050149794,0.3582018895860606,0.4494362588741748,0.8911228179931641,0.42023289544043396,0.3588867127756426,0.44894095046102844,0.8951654434204102,0.42245223215132155,0.3591971440470867,0.4487347979259218,0.9123068451881409,0.4275119096249145,0.3540776633160385,0.3213934321303823,0.8724932670593262,0.43742934348700047,0.3590791557496532,0.4634530204426974,0.8793949484825134,0.4126947913970158,0.3704980650703956,0.4338668694932433,0.8283309936523438,0.41588244898058147,0.372893779149979,0.45749845000478995,0.8273343443870544,0.43007353330269954,0.3767481333725946,0.17329914166238247,0.9992128610610962,0.4589219721325084,0.3889346325592016,0.47766015322614236,0.9982311129570007,0.3897245256078281,0.3665595894510105,0.08132004182099759,0.4024949073791504,0.4259007797513542,0.40172270669803856,0.4321594252621852,0.28657472133636475,0.3623890754504091,0.34600639558616586,0.18642638311102716,0.4287910759449005,0.35292290689506267,0.38476196591392925,0.3745234748283476,0.23539505898952484,0.355574723723886,0.3363149043146556,0.1751901310084865,0.44389501214027405,0.349636743396591,0.3796407924248632,0.3673135702843442,0.2446201741695404,0.3571680553587454,0.33416598653182095,0.19389385967960493,0.44850635528564453,0.34517997496333797,0.3789016325157015,0.3576855081326765,0.2474450170993805,0.36244815799878843,0.33786476519835945,0.19913733418865961,0.38879263401031494,0.3440205766048752,0.37859870434363224,0.36781474055249197,0.22358952462673187,0.3720191555284408,0.5241177104986645,0.0,0.9974145293235779,0.3909997726792788,0.5267556255513985,0.0953136582170683,0.9979312419891357,0.7153744423711641,0.5581460546802844,0.0,0.6,0.7490384081999482,0.541359404722851,0.20735427737236078,0.6,0.8625050375336117,0.5153929806853609,0.36045034582677726,0.6,0.7206480900446592,0.5890130400657669,0.28863590459028954,0.6,0.868630527281296,0.5233387113396651,0.3972291362051881,0.6,0.41451653838157765,0.44357728958129994,0.0,0.6,0.8765837238505019,0.5518803713368449,0.2545649372284715,0.6,0.36987780138945225,0.528284451194631,0.0,0.6,high,high,high,high,high,high,high,high,high,high,high,high,high,low,low,low,low,low,low,low,low,low,low,high,high,medium,medium,medium,medium,medium,medium,medium,medium
87,2.9,0.4009572838569865,0.35046047618339204,0.3330150678545454,0.8941769003868103,0.40307094618712935,0.34034747267380827,0.3092068057151255,0.8572118878364563,0.40266915530591685,0.3396098333777812,0.30879736429032684,0.8434977531433105,0.4024370166110559,0.33924527240522073,0.30881554602117883,0.8667203187942505,0.4064429100160009,0.34163430499863884,0.32806603655670713,0.8920451998710632,0.40779125683513384,0.34171826856119736,0.32756356151648697,0.8968804478645325,0.4098514702631332,0.3418689411836914,0.32734681818729877,0.9130499958992004,0.4065298465165236,0.34013117568476303,0.19028341761488504,0.8800730109214783,0.4195098970736668,0.3432671176942643,0.3068199646876295,0.87815922498703,0.39925553359629773,0.3564031189416126,0.319128185771146,0.8344380855560303,0.4036605610297287,0.3579040519146384,0.33868937602045324,0.8295135498046875,0.3870681731295207,0.3715686218721893,0.07178080356343378,0.9992608428001404,0.458649585574936,0.38342044472972375,0.3406422759964203,0.9983194470405579,0.35430089292270694,0.3546554985996736,0.05297321379879426,0.36736077070236206,0.4561503752545055,0.4023648679673265,0.3657035193187471,0.28158658742904663,0.3316503353330092,0.3213820815920005,0.2469139469045032,0.39310428500175476,0.42205560954161847,0.3958536862354467,0.4094323610717612,0.2650718688964844,0.3220045192466758,0.30856638827246186,0.251089726051529,0.4097285270690918,0.42987792329354835,0.3930140234929431,0.4161824058298476,0.2767433524131775,0.3234942983358343,0.30464290884824985,0.26905399679026193,0.4146393835544586,0.42546067656059194,0.39392242981837444,0.398253246481881,0.27939122915267944,0.3309135026448265,0.3100562119261654,0.26188986694618327,0.36009007692337036,0.4196655637039738,0.3931757637531895,0.40369462635203224,0.25716522336006165,0.3513790678866825,0.5340197526074804,0.0,0.9973589181900024,0.3987654445471474,0.5352671446500139,0.08340741577612516,0.9978634715080261,0.7146782536764421,0.5593198916396595,0.0,0.6,0.7464355372491944,0.5428620775540683,0.20761067959769075,0.6,0.8602769374847435,0.5178738683462156,0.3616004735231409,0.6,0.7185049440668936,0.5910518796279528,0.29174765863124064,0.6,0.8662997601079028,0.5258861971057331,0.39871068620214384,0.6,0.41451653838157765,0.44357728958129994,0.0,0.6,0.8744300541534945,0.5547291659841365,0.25542927012334526,0.6,0.3707083239676856,0.5313025500364378,0.0,0.6,high,high,high,high,high,high,high,high,high,high,high,high,high,low,low,low,low,low,low,low,low,low,low,high,high,medium,medium,medium,medium,medium,medium,medium,medium
92,3.066666666666667,0.395928992674902,0.32951299974690595,0.24582619715855458,0.9039395451545715,0.39516935759769,0.3190808837369336,0.21870817717529523,0.8700604438781738,0.3940976273902379,0.3186583625269945,0.21832124856441817,0.8572292923927307,0.3937754544205887,0.31907629119210673,0.21832524382429025,0.8786344528198242,0.39848725424779985,0.3197647687438493,0.22693161110856166,0.9021811485290527,0.4004444081188648,0.3199375373917035,0.2264029945448776,0.9066386222839355,0.401975689581781,0.3199418047508168,0.226210549245817,0.921417236328125,0.3906242212493391,0.3227845503316901,0.12748388241377356,0.8910829424858093,0.40596357161626495,0.3236327775013761,0.17731419463923118,0.8897696733474731,0.39140143941888267,0.33761787046363667,0.23196025112847962,0.8482301831245422,0.3958970645924558,0.3384373870901859,0.23805504481010806,0.8447030782699585,0.3463616307937747,0.361973449969904,0.058067936128947686,0.9992455840110779,0.4520053166053802,0.37304357527852994,0.1912859252421733,0.99845951795578,0.3323239067912388,0.3503450693645131,0.10347136570301393,0.3344380259513855,0.4800060552594836,0.39850284739252123,0.2274314625352415,0.310698926448822,0.32613655341255166,0.3167318614212791,0.31894821202977364,0.3543173372745514,0.49426790085428096,0.4030670369421696,0.3174254780326976,0.3040221929550171,0.31872345698185545,0.30620418770330016,0.3338899737471476,0.36953115463256836,0.5121412334186506,0.40332982423422326,0.32171248653274126,0.3108859062194824,0.32075159678926085,0.30344804023807226,0.3410192831899189,0.3739081025123596,0.5078208656994626,0.4063073625236691,0.3081680404799532,0.31112977862358093,0.328362398735294,0.3082014654344064,0.32977391501545716,0.3247630298137665,0.4982689705206255,0.4046954800893665,0.3158323526174047,0.2746943235397339,0.3353043402825211,0.536623655846626,0.0,0.9975680708885193,0.40385085135906834,0.5365690399994676,0.045809640434064915,0.9980376958847046,0.7139820649817202,0.5604937285990342,0.0,0.6,0.7438326662984407,0.5443647503852858,0.20786708182302072,0.6,0.8580488374358752,0.5203547560070705,0.36275060121950453,0.6,0.7163617980891279,0.5930907191901387,0.2948594126721916,0.6,0.8639689929345098,0.5284336828718013,0.40019223619909955,0.6,0.41451653838157765,0.44357728958129994,0.0,0.6,0.8722763844564873,0.5575779606314281,0.2562936030182191,0.6,0.37153884654591895,0.5343206488782446,0.0,0.6,high,high,high,high,high,high,high,high,high,high,high,high,high,low,low,low,low,low,low,low,low,low,low,high,high,medium,medium,medium,medium,medium,medium,medium,medium
93,3.1,0.3951135074897812,0.31337078704144933,0.17252494894958087,0.9108853936195374,0.3916617905621217,0.30377269597042494,0.15927326094819433,0.8783109784126282,0.39014584729165847,0.3038340364441735,0.15886994335357582,0.8646355271339417,0.3898135204832047,0.30501198838085086,0.15887514512230508,0.8860240578651428,0.39420679649273105,0.3032674613671433,0.14632546437995453,0.9101293683052063,0.39606554184482473,0.30309684098739526,0.1457323440652353,0.9142799973487854,0.39634289323311134,0.30248981137653685,0.14552692382972038,0.9283289313316345,0.37807784873844685,0.3102660491749965,0.1305111219589808,0.8975719809532166,0.39333563459503174,0.3069586133484526,0.07444578510902336,0.8987770676612854,0.38788516357506453,0.32344507691743574,0.17600319711686893,0.8529419898986816,0.3915199898617539,0.3230945318589964,0.1552341783632005,0.853994607925415,0.31857099483063256,0.3603615401647039,0.1411533497082885,0.9991563558578491,0.43106296248647274,0.3590118716924628,0.047081876780603424,0.9985843896865845,0.33380957826590013,0.36762576961850885,0.3114807988519166,0.3070548474788666,0.4966288096421262,0.3781663570509656,0.08046140829146002,0.33731213212013245,0.36380759249756206,0.3504577429144542,0.5723283496839476,0.3224048614501953,0.5419217757272845,0.3732719136562669,0.21526893914301692,0.3559611141681671,0.366536084970673,0.3451569810474956,0.6122786829591093,0.3371555209159851,0.5660357332174053,0.370841372402121,0.2120017434507267,0.35893991589546204,0.3704373448878745,0.34348884474981173,0.5921771134182583,0.34087392687797546,0.5623419179921954,0.37553855318289636,0.20872802070248714,0.35781344771385193,0.3741942610079324,0.34653996469535564,0.5724046951407334,0.2956918179988861,0.5496276996005125,0.3751638321192958,0.21858857271624116,0.3079073131084442,0.3286832308435782,0.5371803748301984,0.018288756010832536,0.9977238774299622,0.3991992850125819,0.531637614979334,0.0,0.9981784224510193,0.7132858762869982,0.5616675655584094,0.0,0.6,0.7412297953476872,0.5458674232165033,0.20812348404835068,0.6,0.8558207373870068,0.5228356436679251,0.363900728915868,0.6,0.7142186521113623,0.5951295587523245,0.2979711667131426,0.6,0.8616382257611166,0.5309811686378691,0.4016737861960552,0.6,0.41451653838157765,0.44357728958129994,0.0,0.6,0.8701227147594799,0.5604267552787197,0.2571579359130929,0.6,0.3723693691241523,0.5373387477200515,0.0,0.6,high,high,high,high,high,high,high,high,high,high,high,high,high,low,low,low,low,low,low,low,low,low,low,high,high,medium,medium,medium,medium,medium,medium,medium,medium
94,3.1333333333333333,0.4027833842731033,0.30411283703117187,0.17326632516332763,0.9197518825531006,0.397723173692233,0.2949383166425441,0.1741139268467863,0.8904074430465698,0.395604678384075,0.29509035565636454,0.17369445928400712,0.8780544400215149,0.3949849700733231,0.29648699891039343,0.17368684260995285,0.8973424434661865,0.3995461745973522,0.29383598799472166,0.14211362120337248,0.9190883040428162,0.4004070435092732,0.2933314562816449,0.1415067469106344,0.9228222966194153,0.399475577133242,0.29267774421574155,0.1413179855415979,0.9354773163795471,0.3752244308695103,0.3024032997501488,0.21151704640325325,0.9077310562133789,0.3868115883329264,0.29668041146718616,0.05119547422672471,0.9088463187217712,0.3924147319265745,0.3146100964023803,0.19162890636351332,0.8674667477607727,0.39481273856196475,0.3138482213576087,0.147107097946568,0.8684900999069214,0.30451762509512814,0.35723363762691124,0.2775277715949197,0.9992230534553528,0.4079121624256358,0.35017746013083473,0.0,0.9987165927886963,0.340671404883579,0.374628894743109,0.500029823545255,0.29357004165649414,0.4964508851924989,0.36511788584969357,0.0,0.346352756023407,0.38326679729359503,0.3633682382551394,0.7269654706606796,0.305338978767395,0.5883551622048417,0.35672099912639077,0.06383214102480535,0.39694786071777344,0.3906661949721816,0.3611404999291712,0.7721246816825778,0.32033443450927734,0.6218731882688899,0.3534715812661996,0.04346905047799059,0.3966613709926605,0.39538204478911965,0.3596006895834481,0.7403065902387227,0.3231523633003235,0.6186745532881702,0.35856323795163086,0.0561148500491135,0.39478015899658203,0.396801637880731,0.36151880734450426,0.7211001814280098,0.2788010239601135,0.6040441068736007,0.3602785657057961,0.0726324568886859,0.3331538736820221,0.32906500046903525,0.5320705701976959,0.07803569394131245,0.9978984594345093,0.3922120780794781,0.5255695625896513,0.0,0.9983178973197937,0.7125896875922763,0.5628414025177841,0.0,0.6,0.7386269243969334,0.5473700960477208,0.2083798862736806,0.6,0.8535926373381386,0.5253165313287799,0.3650508566122315,0.6,0.7120755061335966,0.5971683983145104,0.30108292075409365,0.6,0.8593074585877236,0.5335286544039373,0.40315533619301097,0.6,0.41451653838157765,0.44357728958129994,0.0,0.6,0.8679690450624725,0.5632755499260113,0.25802226880796664,0.6,0.3731998917023857,0.5403568465618585,0.0,0.6,high,high,high,high,high,high,high,high,high,high,high,high,high,low,low,low,low,low,low,low,low,low,low,high,high,medium,medium,medium,medium,medium,medium,medium,medium
95,3.1666666666666665,0.4155195098379008,0.2948946386645176,0.1830899423999947,0.9277747273445129,0.4090327344713244,0.2856303416626722,0.20135182391478798,0.9013639092445374,0.4068739257214519,0.28577568050309016,0.2008932610813074,0.8902446627616882,0.40625377516924466,0.28716944901398644,0.2008949381870273,0.907604455947876,0.40898950748788276,0.28429045877256665,0.15114635449675734,0.9271782636642456,0.40834608194711436,0.28362416418699193,0.1505633403996492,0.9305388331413269,0.4063924764975534,0.2832266708492962,0.15040836455452455,0.9419286251068115,0.38200517696934244,0.29356734388636063,0.2790852892961543,0.9169536828994751,0.3868971117587644,0.2867341758487949,0.0557583976430616,0.9179587364196777,0.4018391707699348,0.30581068353497426,0.22218960695541884,0.8806795477867126,0.4019399162355847,0.30514759943757663,0.15318768133250887,0.8816178441047668,0.3104941354487056,0.3509353643808618,0.36665624755245924,0.9992832541465759,0.3936821659267098,0.3437636277892382,0.0,0.998839259147644,0.3655124154541052,0.3703868974755704,0.5693800811045808,0.2696995437145233,0.506966203937443,0.35370499583391135,0.0,0.39258724451065063,0.40720943227792505,0.3627772528530566,0.7084792788490013,0.27990418672561646,0.6373005273875674,0.34666836886972907,0.0,0.4467334747314453,0.41593184546157314,0.360325904645565,0.7443826065544225,0.2950696349143982,0.6767758795153584,0.3460906377205491,0.0,0.4445748031139374,0.4182975370011418,0.3587498138278802,0.7101445431128546,0.2975797951221466,0.672335094157912,0.34753547452546596,0.0,0.44209110736846924,0.41799760642863204,0.36064347534468777,0.6989260568763289,0.2576771378517151,0.6572332729201235,0.34934195584350625,0.0,0.3777301609516144,0.33935218924409116,0.5248291120106816,0.11908081637604286,0.9980776309967041,0.3869223464063285,0.5198577982840296,0.0,0.9984637498855591,0.7118934988975543,0.5640152394771591,0.0,0.6,0.7360240534461796,0.5488727688789383,0.20863628849901056,0.6,0.8513645372892704,0.5277974189896346,0.36620098430859516,0.6,0.7099323601558309,0.5992072378766964,0.3041946747950447,0.6,0.8569766914143304,0.5360761401700053,0.4046368861899667,0.6,0.41451653838157765,0.44357728958129994,0.0,0.6,0.8658153753654652,0.5661243445733029,0.2588866017028404,0.6,0.3740304142806191,0.5433749454036654,0.0,0.6,high,high,high,high,high,high,high,high,high,high,high,high,high,low,low,low,low,low,low,low,low,low,low,high,high,medium,medium,medium,medium,medium,medium,medium,medium
96,3.2,0.4302156636348149,0.2857027118439448,0.06309513943074488,0.934434711933136,0.42562778888048935,0.27567268584991744,0.0917713667454943,0.9105445742607117,0.42486044479694796,0.27574412243349644,0.09124462010061052,0.9003365635871887,0.4255011238001454,0.27693032339597434,0.09127490100882854,0.9164478182792664,0.42071429131192317,0.27432142924039865,0.037363306506339476,0.9338589906692505,0.4179203016357833,0.27370295925435006,0.03679490071615012,0.9368425607681274,0.41585081037663746,0.2734331358701762,0.03664386452833476,0.9472931623458862,0.40067809875750704,0.2835285794206996,0.21544078522576798,0.9247630834579468,0.3928661096346138,0.2778388005453397,0.0,0.924227774143219,0.41782316621089144,0.297619224011482,0.11935558298598392,0.8909209370613098,0.4130334916648342,0.2973976969580002,0.04507316906322112,0.891132116317749,0.34006126339619064,0.34386816426312816,0.34007357456884274,0.9992862939834595,0.3782167030381166,0.3375557247019601,0.0,0.9988154172897339,0.39715962219627415,0.36694032801336995,0.5165095715881242,0.2466210275888443,0.49217689356881833,0.3513603782876119,0.0,0.4340665936470032,0.421827025416293,0.35865170750028974,0.5574961678235696,0.2799965739250183,0.6298069218238768,0.330416503833447,0.0,0.4795593023300171,0.42794087661174185,0.36279071141512065,0.5769633223890996,0.29640573263168335,0.669098602099854,0.32902636116757067,0.0,0.47150740027427673,0.4273938208054285,0.35866415577057176,0.542764310106324,0.30037257075309753,0.6654222025460036,0.3248513745261248,0.0,0.46633318066596985,0.42628229775906834,0.3591846298504552,0.5458168700893179,0.2612646818161011,0.6513856404172252,0.3269879871454003,0.0,0.394252210855484,0.359296070598501,0.5182740459075355,0.14251521176339488,0.9982467293739319,0.37795728952178964,0.5142631362646068,0.0,0.998585045337677,0.7111973102028325,0.565189076436534,0.0,0.6,0.733421182495426,0.5503754417101556,0.20889269072434052,0.6,0.849136437240402,0.5302783066504895,0.3673511120049587,0.6,0.7077892141780653,0.6012460774388823,0.3073064288359957,0.6,0.8546459242409374,0.5386236259360733,0.40611843618692245,0.6,0.41451653838157765,0.44357728958129994,0.0,0.6,0.8636617056684579,0.5689731392205946,0.25975093459771414,0.6,0.37486093685885247,0.5463930442454723,0.0,0.6,high,high,high,high,high,high,high,high,high,high,high,high,high,low,low,low,low,low,low,low,low,low,low,high,high,medium,medium,medium,medium,medium,medium,medium,medium
97,3.2333333333333334,0.4534745737389263,0.281623718552379,0.0,0.940575361251831,0.45192446283527304,0.2703662668561053,0.0,0.918925404548645,0.4531204978347114,0.2703667679727779,0.0,0.909558892250061,0.45547356395732674,0.2712682272657099,0.0,0.9244533777236938,0.44176843171908975,0.26902382506496214,0.0,0.9400469064712524,0.4358990721769277,0.2684624930778591,0.0,0.9427409768104553,0.4318121549410709,0.2682547583863459,0.0,0.9522767066955566,0.43300979412519136,0.2769901231452309,0.14925589912629672,0.931906521320343,0.404779920905899,0.2728509849462761,0.0,0.9307068586349487,0.4432631461492519,0.29372224684084014,0.0,0.9007331728935242,0.43314672600139387,0.2937891158885341,0.0,0.9006198048591614,0.39843552436306306,0.3374819809740249,0.3010690580436964,0.9993166923522949,0.3587255338272024,0.33016858137015226,0.0,0.9988908171653748,0.48742400439747136,0.3607436356705673,0.3871076901145898,0.2267502248287201,0.4389460762758645,0.34317235797991097,0.0,0.48325496912002563,0.49861034639787694,0.3579150222259255,0.27334818243980485,0.27414995431900024,0.5611094064090094,0.3185097464731531,0.0,0.5267592072486877,0.5049017621920673,0.366619819180394,0.26400349343017615,0.29233503341674805,0.5920843420884563,0.31764669518370814,0.0,0.5176596641540527,0.4969160488713329,0.3611359391665413,0.2334698707837887,0.2966984212398529,0.5912239433446425,0.30818435257965116,0.0,0.5122508406639099,0.49491949181456796,0.36025592441603393,0.25829721164036534,0.25883105397224426,0.5811328142534062,0.30981812110314083,0.0,0.44136226177215576,0.39025368855827713,0.5074177877608448,0.1500639868921893,0.9984028935432434,0.3599572155998035,0.5069498423929828,0.0,0.9987061023712158,0.7105011215081105,0.5663629133959089,0.0,0.6,0.7308183115446725,0.551878114541373,0.2091490929496705,0.6,0.8469083371915338,0.5327591943113441,0.3685012397013222,0.6,0.7056460682002996,0.6032849170010681,0.3104181828769467,0.6,0.8523151570675442,0.5411711117021412,0.40759998618387816,0.6,0.41451653838157765,0.44357728958129994,0.0,0.6,0.8615080359714506,0.5718219338678862,0.26061526749258795,0.6,0.3756914594370858,0.5494111430872792,0.0,0.6,high,high,high,high,high,high,high,high,high,high,high,high,high,low,low,low,medium,low,medium,low,medium,low,low,high,high,medium,medium,medium,medium,medium,medium,medium,medium
98,3.2666666666666666,0.45871908188144206,0.27627828870064247,0.0,0.9463584423065186,0.45726600039255483,0.2629632068263908,0.0,0.926806628704071,0.45920372745651866,0.2628204880894488,0.0,0.9182478785514832,0.4619460776969282,0.2632810538048518,0.0,0.9318627715110779,0.44501547282670323,0.26205949377624654,0.0,0.9458937644958496,0.43691752437667253,0.2617200659566277,0.0,0.9482896327972412,0.4313581364971786,0.2617143396383684,0.0,0.9569387435913086,0.440348896808003,0.2684741530454527,0.01540476945608791,0.9385494589805603,0.4017420249941198,0.26687917016047213,0.0,0.9371248483657837,0.44974158165894035,0.2889737382635378,0.0,0.9102080464363098,0.43761153168333833,0.28954483697186617,0.0,0.9099970459938049,0.42765100658078964,0.3328679519377675,0.19482286411635022,0.9993501901626587,0.3389591824063619,0.32380930172813605,0.0,0.9989595413208008,0.5510291327268664,0.35086281295423,0.23145651940629816,0.2089214026927948,0.38982440499992743,0.3505158903715503,0.0,0.5237898230552673,0.5500478977228949,0.34894768150397487,0.03187964427651788,0.25536829233169556,0.5177808894421962,0.3391753660910066,0.0,0.5445908308029175,0.5560114232254487,0.3603832025280653,0.0013232955357411445,0.2740094065666199,0.5498544849576942,0.3385798034968085,0.0,0.5276406407356262,0.5417258064924713,0.3532621570122557,0.0,0.2776828706264496,0.5518242272880541,0.32601394200380673,0.0,0.5194939970970154,0.5404194298185127,0.35175145110050376,0.01620359578124296,0.2415655553340912,0.5410032814893981,0.3272063939860381,0.0,0.44164732098579407,0.414782581351577,0.5035093364182066,0.1582664897739197,0.9985531568527222,0.35325935733068337,0.5040273345433762,0.0,0.998824417591095,0.7098049328133884,0.567536750355284,0.0,0.6,0.7282154405939186,0.5533807873725906,0.20940549517500046,0.6,0.8446802371426654,0.535240081972199,0.3696513673976858,0.6,0.703502922222534,0.6053237565632541,0.31352993691789777,0.6,0.849984389894151,0.5437185974682093,0.40908153618083387,0.6,0.41451653838157765,0.44357728958129994,0.0,0.6,0.8593543662744432,0.5746707285151776,0.2614796003874617,0.6,0.37652198201531917,0.552429241929086,0.0,0.6,high,high,high,high,high,high,high,high,high,high,high,high,high,low,medium,low,medium,low,medium,low,medium,low,low,high,high,medium,medium,medium,medium,medium,medium,medium,medium
99,3.3,0.4592533982022393,0.27381159597899324,0.0,0.9514819979667664,0.45506402190192996,0.25835556441392726,0.0,0.9336364269256592,0.4566797495305134,0.2579838519955022,0.0,0.9258554577827454,0.4597373385251553,0.25782101766351845,0.0,0.9384015202522278,0.4429578528954444,0.2581606845269399,0.0,0.9509133100509644,0.43342884395506115,0.2581410037748748,0.0,0.9530118107795715,0.426016109945614,0.2584235252408721,0.0,0.9608466625213623,0.4392122694384536,0.2620896074252258,0.0,0.944425642490387,0.39442176793838823,0.26394388267210384,0.0,0.9417455196380615,0.45093801645410203,0.2869172178226203,0.0,0.9180791974067688,0.43845924151527416,0.2884098787407783,0.0,0.9172910451889038,0.44971279740889425,0.32906994501471887,0.11785989597717675,0.9993768930435181,0.32135963912332616,0.3211160012475269,0.0,0.9985933899879456,0.5988565975830565,0.3309516380855818,0.11939737868510514,0.209877610206604,0.3424268228051832,0.3656041741649042,0.0,0.4980160593986511,0.5927584959771544,0.32103906221045286,0.0,0.24881651997566223,0.46217859524252375,0.3705097716866127,0.0,0.4965512156486511,0.5965852303938448,0.3308921839112733,0.0,0.2663837969303131,0.4914477539437647,0.37701779902676147,0.0,0.4820195436477661,0.5782566275491041,0.3225366335301419,0.0,0.26989755034446716,0.497101583958785,0.36311438047524747,0.0,0.4746120572090149,0.5766978824472109,0.3210796318896175,0.0,0.2348143756389618,0.4870553086826586,0.36070216577369946,0.0,0.40298306941986084,0.43832772080992877,0.5051564125470084,0.16032848688437362,0.9986362457275391,0.3506566553543785,0.5058538690035729,0.0,0.9987909197807312,0.7091087441186666,0.5687105873146587,0.0,0.6,0.725612569643165,0.554883460203808,0.2096618974003304,0.6,0.8424521370937972,0.5377209696330537,0.37080149509404936,0.6,0.7013597762447683,0.60736259612544,0.3166416909588488,0.6,0.8476536227207581,0.5462660832342773,0.4105630861777896,0.6,0.41451653838157765,0.44357728958129994,0.0,0.6,0.8572006965774359,0.5775195231624692,0.2623439332823355,0.6,0.3773525045935525,0.555447340770893,0.0,0.6,high,high,high,high,high,high,high,high,high,high,high,high,high,low,low,low,low,low,low,low,low,low,low,high,high,medium,medium,medium,medium,medium,medium,medium,medium
100,3.3333333333333335,0.45797875898701446,0.2662519856349579,0.0,0.9563255906105042,0.45375285816915223,0.2492430748847821,0.0,0.940252959728241,0.4561333761209665,0.24888338700874768,0.0,0.9332442879676819,0.45906214641802356,0.24828233668854252,0.0,0.9445465207099915,0.4401033590862535,0.24904472177678955,0.0,0.9558123350143433,0.42924677075206097,0.2491357303235365,0.0,0.9577004909515381,0.4200522009726182,0.24955550044566666,0.0,0.9647539854049683,0.4403786779422594,0.25235361440893167,0.0,0.9499708414077759,0.3881118537245941,0.2560693395860274,0.0,0.9475444555282593,0.45231499962317756,0.28012151394412865,0.0,0.9262503981590271,0.4371878687457339,0.2820282966106929,0.0,0.925543487071991,0.4668466563408204,0.32012350367499487,0.0,0.9994287490844727,0.30890422594019384,0.3181309776428427,0.0,0.998711884021759,0.632515659004382,0.30356542776514683,0.0,0.19975540041923523,0.29986112142776356,0.384101220430473,0.0,0.4878081977367401,0.624931122734276,0.2800832045175542,0.0,0.22771009802818298,0.3922935060132088,0.4049454347375956,0.0,0.45250168442726135,0.625572219456272,0.2858892983142598,0.0,0.24431392550468445,0.41382482623581673,0.4196065473250865,0.0,0.43936941027641296,0.6049758091673167,0.2759803457832566,0.0,0.24754521250724792,0.41855101697233843,0.4059064215296643,0.0,0.4329555630683899,0.6032549476290099,0.27638895969429844,0.0,0.21502892673015594,0.41342453481434216,0.39877841946406345,0.0,0.3670831322669983,0.4552783961201616,0.5030001216418273,0.14476285074915698,0.9987328052520752,0.3525839310425988,0.5048922851924865,0.0,0.9988633394241333,0.7084125554239447,0.5698844242740337,0.0,0.6,0.7230096986924114,0.5563861330350255,0.2099182996256604,0.6,0.840224037044929,0.5402018572939085,0.3719516227904129,0.6,0.6992166302670026,0.6094014356876258,0.3197534449997998,0.6,0.8453228555473649,0.5488135690003453,0.4120446361747454,0.6,0.41451653838157765,0.44357728958129994,0.0,0.6,0.8550470268804287,0.580368317809761,0.2632082661772093,0.6,0.37818302717178587,0.5584654396126999,0.0,0.6,high,high,high,high,high,high,high,high,high,high,high,high,high,low,low,low,low,low,low,low,low,low,low,high,high,medium,medium,medium,medium,medium,medium,medium,medium
101,3.3666666666666667,0.455513920817343,0.25948093355674634,0.0,0.9606788158416748,0.4537425728944644,0.24064169240581468,0.0,0.9461723566055298,0.4579575027063466,0.24019924268161286,0.0,0.9398341774940491,0.4612736852713688,0.23973371255231132,0.0,0.9500443339347839,0.43640167882670455,0.24080040033186018,0.0,0.9602092504501343,0.42477926000570754,0.24087521746442098,0.0,0.9619045853614807,0.4132981344814356,0.24116624766713318,0.0,0.968260645866394,0.44463549585609285,0.24367383563574163,0.0,0.9549296498298645,0.38050350796926374,0.24820402855084003,0.0,0.9527108073234558,0.45286133802020584,0.2748187951969385,0.0,0.9335590600967407,0.433090513263828,0.2764311166076401,0.0,0.9329382181167603,0.4756593775777007,0.3110035640515378,0.0,0.9994795322418213,0.3027339454714243,0.3190007249375332,0.0,0.9988147020339966,0.6477587166782877,0.27867794898284415,0.0,0.26312366127967834,0.26567182990359883,0.40869205092494687,0.0,0.48307573795318604,0.6464244870594904,0.2423618972162551,0.0,0.2471475452184677,0.32426495655572307,0.45857780081131083,0.0,0.41301873326301575,0.6470326565918127,0.24325170150864717,0.0,0.24628755450248718,0.33624978266257044,0.48491144381758905,0.0,0.399503618478775,0.6284207982338964,0.23309969683210396,0.0,0.24743804335594177,0.3459461220911342,0.4729334464717868,0.0,0.3937101662158966,0.626659484732125,0.2358275596008996,0.0,0.21391215920448303,0.3444685611552578,0.46044809848834434,0.0,0.33350858092308044,0.4651865938326708,0.5012853685375707,0.10721962670697957,0.9988558292388916,0.3583837573205962,0.5050702566033489,0.0,0.9989705085754395,0.7077163667292227,0.5710582612334086,0.0,0.6,0.7204068277416577,0.5578888058662429,0.2101747018509903,0.6,0.8379959369960606,0.5426827449547632,0.3731017504867764,0.6,0.6970734842892369,0.6114402752498117,0.3228651990407508,0.6,0.8429920883739719,0.5513610547664133,0.4135261861717011,0.6,0.41451653838157765,0.44357728958129994,0.0,0.6,0.8528933571834212,0.5832171124570525,0.2640725990720831,0.6,0.37901354975001933,0.5614835384545068,0.0,0.6,high,high,high,high,high,high,high,high,high,high,high,high,high,low,low,low,low,low,low,low,low,low,low,high,high,medium,medium,medium,medium,medium,medium,medium,medium
102,3.4,0.44677172757528993,0.2563632365429047,0.0,0.9645941853523254,0.45043336393394234,0.2361872780781532,0.0,0.9514955282211304,0.45710742022052075,0.23559057122066088,0.0,0.9457782506942749,0.46048833433286973,0.23517390015797798,0.0,0.9549986124038696,0.42790394146125754,0.2370331982771562,0.0,0.9641613960266113,0.4157039684988135,0.2372135286911946,0.0,0.9656848311424255,0.40249454217913094,0.23729750166684105,0.0,0.9714113473892212,0.44742832053235754,0.23869339378424798,0.0,0.9593977332115173,0.37074790988768824,0.24437698346751618,0.0,0.9573554992675781,0.4502882610112093,0.2718514531225598,0.0,0.940140962600708,0.42324268074580396,0.27357348535722303,0.0,0.9395932555198669,0.4855663417241525,0.30645956394277885,0.0,0.9995291233062744,0.28928417655137945,0.3219602631800111,0.0,0.9989142417907715,0.659124145279955,0.26745758002454656,0.0,0.30500146746635437,0.22448265278117144,0.4272045980800293,0.0,0.4685441553592682,0.6726532375618035,0.22528782420919827,0.0,0.2783496081829071,0.25351217052180797,0.4835729699034803,0.0,0.37488433718681335,0.6755278944135563,0.2224161603025629,0.0,0.2725912928581238,0.25321106244495206,0.513914634019902,0.0,0.36278486251831055,0.6583733261326272,0.21245116474745213,0.0,0.2756101191043854,0.2663102604987189,0.5043104053377285,0.0,0.3578041195869446,0.6551824677518493,0.21702222150939385,0.0,0.24125312268733978,0.26969994757420046,0.4894796983623295,0.0,0.30341002345085144,0.4738634349582924,0.500384981815633,0.07646744577447516,0.9989674091339111,0.35866143882691537,0.5056191996816725,0.0,0.9990670680999756,0.7070201780345008,0.5722320981927835,0.0,0.6,0.717803956790904,0.5593914786974604,0.21043110407632026,0.6,0.8357678369471924,0.5451636326156178,0.37425187818314,0.6,0.6949303383114712,0.6134791148119976,0.3259769530817019,0.6,0.8406613212005787,0.5539085405324814,0.4150077361686568,0.6,0.41451653838157765,0.44357728958129994,0.0,0.6,0.8507396874864139,0.5860659071043441,0.26493693196695683,0.6,0.3798440723282527,0.5645016372963136,0.0,0.6,high,high,high,high,high,high,high,high,high,high,high,high,high,low,low,low,low,low,low,low,low,low,low,high,high,medium,medium,medium,medium,medium,medium,medium,medium
103,3.433333333333333,0.44085044273129825,0.25764759152363576,0.0,0.9681275486946106,0.448610174697597,0.23890598451757827,0.0,0.95632004737854,0.45674946542942285,0.2383239063280174,0.0,0.9511709213256836,0.45924723856932753,0.23795774742301035,0.0,0.9594786763191223,0.4207326832351162,0.2404888138557098,0.0,0.9677330255508423,0.4081144043198843,0.240972366922108,0.0,0.9691036939620972,0.39280233613816834,0.24102135308277978,0.0,0.9742578268051147,0.44635719984839406,0.24099018297967995,0.0,0.9634419083595276,0.36220841898229117,0.2477742992775708,0.0,0.9615785479545593,0.4491610634715975,0.27270864210762413,0.0,0.946096658706665,0.41554866296983933,0.27488974396721255,0.0,0.9456035494804382,0.4885273655672464,0.30750680838153716,0.0,0.9995733499526978,0.28364397797273383,0.3300297848689259,0.0,0.99897700548172,0.6530235206886343,0.2723331382641433,0.0,0.36402297019958496,0.21153078667628517,0.43779493177131734,0.0,0.4701783061027527,0.6809675825503618,0.23257237728381272,0.0,0.3433071970939636,0.2134565288300842,0.4911684875304895,0.0,0.3799785375595093,0.6856362923875574,0.22699267662071743,0.0,0.3349775969982147,0.2028625049999549,0.5205500878237358,0.0,0.36930596828460693,0.6707914877326911,0.2170905660151885,0.0,0.33887341618537903,0.21734873745547084,0.514490390296306,0.0,0.3675990700721741,0.6658945639372444,0.22303240230450322,0.0,0.30675897002220154,0.22466617114060466,0.49950167571470305,0.0,0.3163281977176666,0.48080181568374847,0.4998365088359472,0.0520890538606768,0.999065637588501,0.3625775764594277,0.5061778545657529,0.0,0.9991457462310791,0.7063239893397788,0.5734059351521584,0.0,0.6,0.7152010858401505,0.5608941515286778,0.21068750630165023,0.6,0.833539736898324,0.5476445202764727,0.37540200587950356,0.6,0.6927871923337054,0.6155179543741834,0.3290887071226529,0.6,0.8383305540271855,0.5564560262985493,0.41648928616561254,0.6,0.41451653838157765,0.44357728958129994,0.0,0.6,0.8485860177894067,0.5889147017516357,0.26580126486183064,0.6,0.38067459490648603,0.5675197361381206,0.0,0.6,high,high,high,high,high,high,high,high,high,high,high,high,high,low,low,low,low,low,low,low,low,low,low,high,high,medium,medium,medium,medium,medium,medium,medium,medium
104,3.466666666666667,0.43213139054102895,0.2637198536823964,0.0,0.9713138937950134,0.4439935907895204,0.246594299768513,0.0,0.9606853723526001,0.4532201496454398,0.24581414690384562,0.0,0.9560505747795105,0.45547774739754626,0.24527763014351078,0.0,0.9635283350944519,0.41227868796784395,0.24882374936606289,0.0,0.9709582924842834,0.39975621163984104,0.24933464422231574,0.0,0.9721916913986206,0.3841752841339255,0.24966863596633937,0.0,0.9768303632736206,0.4463043733910259,0.24782266716162427,0.0,0.9670946598052979,0.3562246800024758,0.2545649409294135,0.0,0.9654130339622498,0.44530350018492504,0.277108742779508,0.0,0.9514785408973694,0.4072626072626858,0.27981258640478335,0.0,0.9510357975959778,0.4899056407955156,0.30898778880392835,0.0,0.9996106624603271,0.2865507797900343,0.3368581265975277,0.0,0.9990483522415161,0.6465219895600733,0.27940898848858264,0.0,0.4194566607475281,0.22268577135387335,0.4388021118157405,0.0,0.4841718375682831,0.6756077690835895,0.24007879364323848,0.0,0.39818185567855835,0.21844963847479398,0.48745226366814604,0.0,0.3756956160068512,0.6776046937023306,0.2300054040891591,0.0,0.38689956068992615,0.20164073830023282,0.5138517105496027,0.0,0.3591994345188141,0.6644903492955356,0.22022713675643518,0.0,0.3922445476055145,0.21316336362789892,0.5111902622215134,0.0,0.36132699251174927,0.6600623209298646,0.22709986487607636,0.0,0.3610166013240814,0.22530269563753902,0.498563592528409,0.0,0.31657543778419495,0.48437808707599717,0.4980445526418721,0.026545541816595186,0.9991413950920105,0.36867533127466934,0.5052124828725442,0.0,0.9991956949234009,0.7056278006450568,0.5745797721115333,0.0,0.6,0.7125982148893967,0.5623968243598952,0.2109439085269802,0.6,0.8313116368494557,0.5501254079373273,0.37655213357586714,0.6,0.6906440463559398,0.6175567939363693,0.3322004611636039,0.6,0.8359997868537925,0.5590035120646174,0.4179708361625682,0.6,0.41451653838157765,0.44357728958129994,0.0,0.6,0.8464323480923992,0.5917634963989273,0.26666559775670445,0.6,0.3815051174847194,0.5705378349799275,0.0,0.6,high,high,high,high,high,high,high,high,high,high,high,high,high,low,low,low,low,low,low,low,low,low,low,high,high,medium,medium,medium,medium,medium,medium,medium,medium
105,3.5,0.4179391021772987,0.27317805188797084,0.0,0.9741793274879456,0.43469115077476794,0.2574291922204151,0.0,0.9646065831184387,0.44523954266434906,0.25643326432416,0.0,0.96042799949646,0.44803477827207866,0.25574011180228634,0.0,0.9671633243560791,0.40035456495407407,0.26043551357892913,0.0,0.9738590717315674,0.3879863077943986,0.26107833675154507,0.0,0.9749683737754822,0.37387466451504947,0.2616207528433884,0.0,0.9791446924209595,0.444102831445375,0.2573452063582167,0.0,0.9703657031059265,0.3516323842924523,0.2647700410483885,0.0,0.9688602685928345,0.43713066002705825,0.28440371148791976,0.0,0.9562931656837463,0.39637832923646954,0.28777044622492476,0.0,0.955914318561554,0.49018662285693726,0.3121811680165768,0.0,0.9996262192726135,0.2954105904330192,0.34500512418213514,0.0,0.9991294741630554,0.6460210180782788,0.28814563794291737,0.0,0.41712743043899536,0.24808482235267232,0.4335788324440565,0.0,0.48319265246391296,0.66300254004263,0.2519344533240051,0.0,0.37173914909362793,0.2358161881739727,0.4690537637486059,0.0,0.38358211517333984,0.6603583876208565,0.2405151839787038,0.0,0.3607783317565918,0.21708514251353359,0.4924374883408326,0.0,0.36015841364860535,0.6459763470368525,0.2315323667856925,0.0,0.36563557386398315,0.22631009155775897,0.48919741277928247,0.0,0.3632853627204895,0.6432223759747902,0.23923246048408298,0.0,0.3360641598701477,0.2408551974591126,0.47849234952515507,0.0,0.31840458512306213,0.48749482284337065,0.498048635004285,0.0,0.9992116689682007,0.3768717550036522,0.5074109867180435,0.0010608773014241205,0.9992594718933105,0.7049316119503348,0.5757536090709083,0.0,0.6,0.709995343938643,0.5638994971911128,0.21120031075231016,0.6,0.8290835368005876,0.5526062955981821,0.3777022612722306,0.6,0.6885009003781741,0.6195956334985552,0.33531221520455495,0.6,0.8336690196803994,0.5615509978306854,0.41945238615952396,0.6,0.41451653838157765,0.44357728958129994,0.0,0.6,0.844278678395392,0.5946122910462189,0.2675299306515782,0.6,0.38233564006295273,0.5735559338217344,0.0,0.6,high,high,high,high,high,high,high,high,high,high,high,high,high,low,low,low,low,low,low,low,low,low,low,high,high,medium,medium,medium,medium,medium,medium,medium,medium
106,3.533333333333333,0.40900108787841283,0.2788981402809533,0.0,0.976756751537323,0.42772839452837014,0.2647242714544561,0.0,0.9681347012519836,0.4389336041776184,0.26366133977483275,0.0,0.964368462562561,0.44261118978053654,0.26285629578820546,0.0,0.970437228679657,0.3903715316649094,0.2681268947524631,0.0,0.9764670729637146,0.3791068219221565,0.26890780438076434,0.0,0.9774631857872009,0.3671165142720684,0.26947787980655485,0.0,0.9812236428260803,0.4454789322156184,0.26428265737625894,0.0,0.9733102917671204,0.35195377746940026,0.27215247519644337,0.0,0.9719324707984924,0.43091255440300835,0.28923744206384144,0.0,0.9605967402458191,0.3885806382813942,0.29302480559804855,0.0,0.9602552652359009,0.491931047056106,0.3153404786592327,0.0,0.9996438026428223,0.3086483408382175,0.3501490421228485,0.0,0.9991008043289185,0.648209176419222,0.2991421838879315,0.0,0.4124760925769806,0.2654753959887518,0.43172400370066655,0.0,0.45286351442337036,0.6301896565166125,0.2637954399093888,0.0,0.3664770722389221,0.2456727686114529,0.45548133618070374,0.0,0.3733040690422058,0.6181565445342003,0.2584966859825848,0.0,0.354637086391449,0.22770295957307496,0.4732314138423603,0.0,0.35286128520965576,0.6025017856995837,0.24955783794809955,0.0,0.35935601592063904,0.2355689606813846,0.4698094014243381,0.0,0.35722172260284424,0.6032478323071725,0.25596998291554773,0.0,0.32984718680381775,0.25081006373281034,0.46211104299916655,0.0,0.3133963346481323,0.4918415574899655,0.5001558294663075,0.0,0.9992424249649048,0.38671668155210104,0.5097520650127843,0.022027278738530595,0.9992582201957703,0.7042354232556131,0.5769274460302832,0.0,0.6,0.7073924729878895,0.5654021700223302,0.21145671297764013,0.6,0.8268554367517191,0.5550871832590368,0.3788523889685942,0.6,0.6863577544004085,0.621634473060741,0.338423969245506,0.6,0.8313382525070063,0.5640984835967534,0.42093393615647967,0.6,0.41451653838157765,0.44357728958129994,0.0,0.6,0.8421250086983847,0.5974610856935105,0.26839426354645196,0.6,0.3831661626411861,0.5765740326635412,0.0,0.6,high,high,high,high,high,high,high,high,high,high,high,high,high,low,low,low,low,low,low,low,low,low,low,high,high,medium,medium,medium,medium,medium,medium,medium,medium
107,3.566666666666667,0.39754266095606144,0.28255769332527914,0.0,0.978711724281311,0.4174664421376104,0.26897743629131077,0.0,0.9702419638633728,0.4291595679063075,0.26786071791515553,0.0,0.9666889309883118,0.43447593618662045,0.26700110479946254,0.0,0.9726961851119995,0.38040661693730926,0.27268734348542834,0.0,0.9782275557518005,0.3706694393308022,0.2735622347026445,0.0,0.9790723919868469,0.35980811485877495,0.2742493617715265,0.0,0.982640266418457,0.44862201684838526,0.2684603713122844,0.0,0.9751328229904175,0.35429198307035226,0.277328846893667,0.0,0.9727091789245605,0.4220158527225336,0.292409795286495,0.0,0.9634463787078857,0.38172504416990494,0.2965773877564018,0.0,0.962975800037384,0.5016622166811461,0.3183410703302272,0.0,0.999664306640625,0.32417666641148735,0.35301724152687364,0.0,0.9990707635879517,0.65106097523705,0.31095026395259845,0.0,0.4343413710594177,0.2829442000958755,0.4320715601210839,0.0,0.4131120443344116,0.5784698027969812,0.27784071122849807,0.0,0.3772093653678894,0.25071925372927406,0.4475361770127493,0.0,0.3424260914325714,0.5525103132902618,0.27554443523739397,0.0,0.3588252663612366,0.23365459599834004,0.45960228905811296,0.0,0.32542502880096436,0.5362076974693171,0.26648882705292853,0.0,0.3624807298183441,0.24021022098186753,0.45579729095483557,0.0,0.32957181334495544,0.5428638486734374,0.2725675423175868,0.0,0.33050400018692017,0.2553051129712932,0.45140846278561975,0.0,0.2897726893424988,0.5010263910104635,0.5043008460170475,0.0,0.9992916584014893,0.40095087163376186,0.5130404734111346,0.04937958154862104,0.9992883205413818,0.703539234560891,0.5781012829896581,0.0,0.6,0.7047896020371357,0.5669048428535477,0.2117131152029701,0.6,0.8246273367028509,0.5575680709198916,0.38000251666495777,0.6,0.6842146084226429,0.623673312622927,0.341535723286457,0.6,0.8290074853336131,0.5666459693628214,0.4224154861534354,0.6,0.41451653838157765,0.44357728958129994,0.0,0.6,0.8399713390013774,0.6003098803408022,0.2692585964413257,0.6,0.38399668521941943,0.579592131505348,0.0,0.6,high,high,high,high,high,high,high,high,high,high,high,high,high,low,low,low,low,low,low,low,low,low,low,high,high,medium,medium,medium,medium,medium,medium,medium,medium
108,3.6,0.3852871150681477,0.28425197209511677,0.0,0.9807043671607971,0.4035817884204004,0.2701640251702647,0.0,0.9729138612747192,0.4149126322258336,0.26886874631846214,0.0,0.9696947932243347,0.4212466947960142,0.267875086455357,0.0,0.9751893877983093,0.36876102364980357,0.27408261291491753,0.0,0.9801703095436096,0.3610551514269876,0.27493371486247076,0.0,0.9809357523918152,0.3520634227143588,0.2756638276479746,0.0,0.9841828346252441,0.4458067540800111,0.2691873818080194,0.0,0.9774506092071533,0.358348894369353,0.2784648233013005,0.0,0.9748438596725464,0.4097618017441198,0.2942060838629324,0.0,0.9666253328323364,0.3741917573349747,0.29870479979437353,0.0,0.9659522175788879,0.5106455890726668,0.3203570522489534,0.0,0.999687671661377,0.34220010820246616,0.3524811788177722,0.0,0.9990916848182678,0.6612411452617974,0.32814046803054364,0.0,0.48754557967185974,0.30729258550213845,0.43453711820093466,0.0,0.3741151690483093,0.5278306436010743,0.3056000850417405,0.0,0.4258559048175812,0.26985543948926083,0.44668999751964766,0.0,0.3152671754360199,0.4884938872082819,0.3083587941867774,0.0,0.39788517355918884,0.25691543349297247,0.45347231911334795,0.0,0.30278104543685913,0.46989553242852483,0.29687417192614796,0.0,0.3988874554634094,0.2584219392571423,0.44812605764482527,0.0,0.30660220980644226,0.4827319044611128,0.3014639206491158,0.0,0.3593193590641022,0.27145726683534455,0.4474590305403964,0.0,0.2702772915363312,0.5095255601378323,0.5096546596302589,0.0,0.999336302280426,0.4153246948352238,0.5162288746633743,0.07261780860056655,0.9993109703063965,0.7028430458661691,0.5792751199490331,0.0,0.6,0.7021867310863821,0.5684075156847652,0.21196951742830003,0.6,0.8223992366539826,0.5600489585807463,0.38115264436132135,0.6,0.6820714624448772,0.6257121521851129,0.344647477327408,0.6,0.8266767181602201,0.5691934551288894,0.4238970361503911,0.6,0.41451653838157765,0.44357728958129994,0.0,0.6,0.8378176693043698,0.6031586749880938,0.2701229293361995,0.6,0.38482720779765284,0.582610230347155,0.0,0.6,high,high,high,high,high,high,high,high,high,high,high,high,high,low,low,low,low,low,low,low,low,low,low,high,high,medium,medium,medium,medium,medium,medium,medium,medium
109,3.6333333333333333,0.37344332702787986,0.281746946709418,0.0,0.9825769662857056,0.38858224079881337,0.26676148829204566,0.0,0.9755023717880249,0.3977715014577756,0.2654689107185762,0.0,0.9726007580757141,0.4055391372222733,0.2645642361440866,0.0,0.9775866270065308,0.36106708229005013,0.27029151655299477,0.0,0.9820491075515747,0.35658639231761946,0.27090842174344476,0.0,0.9827331304550171,0.35006692804101003,0.27152287178523127,0.0,0.9856613874435425,0.4406227326337564,0.26541946067676747,0.0,0.9796571731567383,0.36728444021620765,0.27424458033971927,0.0,0.9770634770393372,0.3970751355994842,0.292601002193554,0.0,0.9698010087013245,0.3695609641797625,0.2970702419608909,0.0,0.969048798084259,0.5172857219105848,0.3202758844082181,0.0,0.9996966123580933,0.3621137006716304,0.3487885787492597,0.0,0.9988800883293152,0.6346120233441306,0.3369499092752292,0.0,0.5366566777229309,0.33504799303613986,0.42771093314622227,0.0,0.34581708908081055,0.4813420131351021,0.3235396414925733,0.0,0.48002925515174866,0.2816463760979533,0.43584707976777076,0.0,0.3164091408252716,0.4393024181291507,0.3290516265552925,0.0,0.4514152705669403,0.2689556341210175,0.44277901812033327,0.0,0.31328049302101135,0.42360426669632195,0.3175268592812251,0.0,0.45179983973503113,0.2665011128692923,0.43780494771359524,0.0,0.3176763653755188,0.43853366506961233,0.3205839214902944,0.0,0.4116717278957367,0.27819072189447835,0.4373773162042634,0.0,0.28118279576301575,0.5191684188820557,0.5165077665330104,0.0,0.9993530511856079,0.4292408657240713,0.5201064506610804,0.0965662623510323,0.9992727637290955,0.7021468571714471,0.5804489569084079,0.0,0.6,0.6995838601356283,0.5699101885159825,0.21222591965362997,0.6,0.8201711366051143,0.5625298462416011,0.3823027720576848,0.6,0.6799283164671115,0.6277509917472988,0.34775923136835907,0.6,0.824345950986827,0.5717409408949574,0.42537858614734686,0.6,0.41451653838157765,0.44357728958129994,0.0,0.6,0.8356639996073627,0.6060074696353854,0.2709872622310733,0.6,0.38565773037588624,0.5856283291889619,0.0,0.6,high,high,high,high,high,high,high,high,high,high,high,high,high,medium,low,low,low,low,low,low,low,low,low,high,high,medium,medium,medium,medium,medium,medium,medium,medium
110,3.6666666666666665,0.36133238492590103,0.27649519493529917,0.0,0.982985258102417,0.37699132497772014,0.2600936927161857,0.0,0.9750339984893799,0.38660829245071693,0.25887800013268814,0.0,0.972057580947876,0.3971830609239353,0.2585276712626573,0.0,0.9774556756019592,0.35440005928208596,0.2628044005665753,0.0,0.9820110201835632,0.3522876665030891,0.26303881604771584,0.0,0.9826920628547668,0.3477528919151066,0.2634457576941784,0.0,0.9858942031860352,0.43998276124467495,0.2602604017321609,0.0,0.9799851179122925,0.37261243529253174,0.2663217988950674,0.0,0.9768261313438416,0.38561126027073994,0.28841608672431096,0.0,0.9691670536994934,0.36340442932013406,0.2923852519277656,0.0,0.9678147435188293,0.5244443697946068,0.3197877280639888,0.0,0.9994945526123047,0.37387447430815274,0.341643997908751,0.0038462472918914595,0.9983788132667542,0.5948896188558136,0.3378044032689306,0.0,0.5285182595252991,0.3467599559566645,0.41233695275855897,0.025068140660341028,0.31231236457824707,0.4445080868291978,0.3309325508443357,0.0,0.4511830508708954,0.28314080698923705,0.4136630478021993,0.0,0.2897210121154785,0.4041502680672921,0.33746385970315823,0.0,0.4241928458213806,0.27119401288338263,0.41803568080588765,0.0,0.2905537188053131,0.3931998953674789,0.32730380360618977,0.0,0.42364272475242615,0.2656623270267102,0.41128250095116337,0.0,0.2948025166988373,0.40895560835347133,0.3293751615744379,0.0,0.38202965259552,0.277269051347302,0.41258888471098876,0.0,0.2611987292766571,0.527542366431311,0.5193661660442277,0.0,0.9992308616638184,0.4336612360738663,0.521105171639326,0.11883894694558786,0.9991375803947449,0.7014506684767252,0.5816227938677829,0.0,0.6,0.6969809891848746,0.5714128613472,0.21248232187895993,0.6,0.817943036556246,0.5650107339024558,0.3834528997540484,0.6,0.6777851704893458,0.6297898313094847,0.35087098540931005,0.6,0.822015183813434,0.5742884266610254,0.4268601361443026,0.6,0.41451653838157765,0.44357728958129994,0.0,0.6,0.8335103299103553,0.608856264282677,0.2718515951259471,0.6,0.3864882529541196,0.5886464280307688,0.0,0.6,high,high,high,high,high,high,high,high,high,high,high,high,high,medium,low,low,low,low,low,low,low,low,low,high,high,medium,medium,medium,medium,medium,medium,medium,medium
111,3.7,0.34894729848508327,0.26863696323686065,0.0,0.9845874309539795,0.3670051774500699,0.25104795781882555,0.0,0.9774112701416016,0.37723716746121394,0.25006760215703766,0.0,0.9747012257575989,0.38884770974412763,0.24920512593431693,0.0,0.9795994162559509,0.349294396616641,0.25244241539553947,0.0,0.9837356209754944,0.34901549008898614,0.2520889490148133,0.0,0.9843510389328003,0.3460815075810982,0.25195856183975796,0.0,0.9872634410858154,0.43841505689776705,0.25274279942879374,0.0,0.9819214344024658,0.37736852699782286,0.25480736048766295,0.0,0.9790669679641724,0.3744563923015471,0.2821869229798002,0.0,0.972127377986908,0.35650363015684033,0.2846354877615316,0.0,0.970879316329956,0.5203996500768875,0.31730664047327994,0.0,0.9995200037956238,0.38844834896790226,0.3327563047964821,0.04202956751440522,0.998523473739624,0.5437488683731698,0.33800286381116923,0.0,0.4984097182750702,0.3608786736057087,0.38973174235481867,0.1609445970661786,0.2845456898212433,0.40345769644756246,0.3324329657154492,0.0,0.4141661822795868,0.2914401474810432,0.3843213398278742,0.09334105027444459,0.29957863688468933,0.3685023175044503,0.33835947840086045,0.0,0.39391857385635376,0.28065468291024853,0.3882754061605557,0.06920433808595723,0.31605350971221924,0.36327845479919735,0.32899557474332064,0.0,0.39335861802101135,0.27646628032614373,0.3833177579449617,0.025446811964461906,0.3210563063621521,0.3788693540996615,0.33104038877642883,0.0,0.3509126901626587,0.28566169707508426,0.38438780366124076,0.06772010552855377,0.2834183871746063,0.5276790703093269,0.5204726884137236,0.0,0.9992724657058716,0.4413102284455922,0.5192633756112954,0.14456931492292072,0.9992005825042725,0.7007544797820032,0.5827966308271579,0.0,0.6,0.694378118234121,0.5729155341784175,0.2127387241042899,0.6,0.8157149365073777,0.5674916215633106,0.38460302745041197,0.6,0.6756420245115802,0.6318286708716705,0.35398273945026104,0.6,0.8196844166400408,0.5768359124270934,0.4283416861412584,0.6,0.41451653838157765,0.44357728958129994,0.0,0.6,0.831356660213348,0.6117050589299686,0.27271592802082084,0.6,0.38731877553235294,0.5916645268725756,0.0,0.6,high,high,high,high,high,high,high,high,high,high,high,high,high,low,low,low,low,low,low,low,low,low,low,high,high,medium,medium,medium,medium,medium,medium,medium,medium
112,3.7333333333333334,0.34039094592585795,0.2623587400068499,0.0,0.9824677109718323,0.360958751612333,0.24420864049927127,0.0,0.9748499989509583,0.3713594683400411,0.2434908731695106,0.0,0.9714351296424866,0.38320677444373635,0.24202285932772152,0.0,0.9780155420303345,0.3473203369787532,0.24445138482641848,0.0,0.9818519949913025,0.348349267230446,0.24370868538782098,0.0,0.982376217842102,0.3467476652079816,0.2431019468879928,0.0,0.9866200089454651,0.43630066958618724,0.24679996080192995,0.0,0.9801002144813538,0.3813881571893102,0.245969676505992,0.0,0.9770490527153015,0.36670587758918005,0.2768504725191706,0.0,0.9684382081031799,0.35167551325473567,0.27787324813974007,0.0,0.9658280611038208,0.5069457717014094,0.31538266923044195,0.0,0.9994427561759949,0.4038669784446985,0.32408904952880746,0.07591960092437733,0.9984898567199707,0.489293010710004,0.3378151114726131,0.0,0.467422753572464,0.37020816231941106,0.3715701655491258,0.2536966022894245,0.25637394189834595,0.3633644243915052,0.3310770138160341,0.0,0.3784899413585663,0.29404167216140986,0.3586336058197609,0.25547492531907656,0.2711848020553589,0.33122218606911147,0.33592934034643285,0.0,0.3615195155143738,0.2817030616781936,0.36047477794416116,0.24541850537409102,0.2872471213340759,0.329079540459427,0.3265132461533411,0.0,0.36105504631996155,0.27739972338115215,0.3577745330361507,0.19949703470810362,0.29197147488594055,0.3443314543554008,0.32864975324877577,0.0,0.32032790780067444,0.28498603743967826,0.35811089510684335,0.23075124878427705,0.25806695222854614,0.5216753529363036,0.5214012933499899,0.0,0.9992360472679138,0.44975665725750363,0.517780981697404,0.16043264130542925,0.9991666674613953,0.7000582910872812,0.5839704677865327,0.0,0.6,0.6917752472833674,0.5744182070096349,0.21299512632961987,0.6,0.8134868364585094,0.5699725092241654,0.38575315514677544,0.6,0.6734988785338145,0.6338675104338564,0.35709449349121214,0.6,0.8173536494666476,0.5793833981931615,0.42982323613821405,0.6,0.41451653838157765,0.44357728958129994,0.0,0.6,0.8292029905163407,0.6145538535772602,0.2735802609156946,0.6,0.3881492981105863,0.5946826257143825,0.0,0.6,high,high,high,high,high,high,high,high,high,high,high,high,high,low,low,low,low,low,low,low,low,low,low,high,high,medium,medium,medium,medium,medium,medium,medium,medium
113,3.7666666666666666,0.34078384508619863,0.2587190992209746,0.0,0.9838063716888428,0.36178136365119207,0.24128604970334083,0.0,0.9769081473350525,0.37161419504172416,0.24095166597888806,0.0,0.9737023711204529,0.38296079475840866,0.23909837063098072,0.0,0.9798234701156616,0.3509569785672755,0.24075969647277545,0.0,0.9833816885948181,0.35223097116241464,0.23997264402312896,0.0,0.9837936758995056,0.35053830463569574,0.23926576079327527,0.0,0.9877761602401733,0.43431531201987394,0.24552550231104475,0.0,0.9816146492958069,0.3868809786987759,0.2430522774274539,0.0,0.9790142178535461,0.36613811298961785,0.2740025594656847,0.0,0.9701396822929382,0.3531758977677726,0.2743661004902329,0.0,0.9683103561401367,0.4906750424897489,0.3168056789950621,0.0,0.9992251396179199,0.41924292835600285,0.31893982357912215,0.09539762099375561,0.9985226988792419,0.43219260458068254,0.3423950906955844,0.0,0.4336825907230377,0.3951901357907526,0.3629889097108161,0.3518119417261212,0.2328280210494995,0.3217808500731194,0.331284999847413,0.0,0.34422382712364197,0.32152932680848123,0.35546360100621754,0.4390921127268218,0.2467012107372284,0.29157118863992837,0.333115058970619,0.0,0.3303644061088562,0.30981551753335423,0.35856094136660566,0.44686175413898777,0.26201075315475464,0.29314182736934835,0.3235978042329116,0.0,0.3302655816078186,0.30413965373745133,0.35839801130595,0.3961903881498716,0.2664816081523895,0.3073770715084395,0.32628017879310556,0.0,0.292633056640625,0.3099412067439459,0.356563655924409,0.4153997628561,0.23607148230075836,0.5171545425772959,0.5229204547155167,0.0,0.9992743730545044,0.45663875410884813,0.5176040385708678,0.1723264035679804,0.9992238283157349,0.6993621023925594,0.5851443047459077,0.0,0.6,0.6891723763326136,0.5759208798408524,0.21325152855494983,0.6,0.8112587364096412,0.5724533968850202,0.386903282843139,0.6,0.6713557325560489,0.6359063499960422,0.3602062475321631,0.6,0.8150228822932546,0.5819308839592295,0.43130478613516976,0.6,0.41451653838157765,0.44357728958129994,0.0,0.6,0.8270493208193334,0.6174026482245518,0.2744445938105684,0.6,0.38897982068881964,0.5977007245561894,0.0,0.6,high,high,high,high,high,high,high,high,high,high,high,high,high,low,low,low,low,low,low,low,low,low,low,high,high,medium,medium,medium,medium,medium,medium,medium,medium
114,3.8,0.33729253316814894,0.26217475602954765,0.0,0.9854167699813843,0.3586844759526518,0.2452540998553347,0.0,0.9792079329490662,0.36819259200618637,0.24502587846387025,0.0,0.9763206839561462,0.3791080211009189,0.24279896036172588,0.0,0.9818328619003296,0.3506408538712775,0.24421271518532833,0.0,0.9850354790687561,0.35220360380786375,0.24327715720746962,0.0,0.9854034781455994,0.3514137562616175,0.24231000463445768,0.0,0.9889902472496033,0.42932350721670587,0.24943877430090045,0.0,0.9834407567977905,0.3907232154638349,0.2461099563848173,0.0,0.9810843467712402,0.36271422337263154,0.2771667817255841,0.0,0.9730003476142883,0.3518361231108099,0.27721500612083366,0.0,0.9713395833969116,0.4756109804123444,0.3212316012604817,0.0,0.9992558360099792,0.4367107723281667,0.31911578128387963,0.15261912255142018,0.9986001253128052,0.38329734120057835,0.3498867703623436,0.0,0.41677892208099365,0.4239284072444722,0.3668205482420675,0.48837424768677806,0.2104533463716507,0.2785382220447765,0.33189451750064036,0.0,0.3251492381095886,0.3703773196065908,0.37496911194218996,0.656812054050832,0.22495202720165253,0.24824703279839316,0.3293787559846073,0.0,0.3157159090042114,0.36793836739374586,0.384648234416278,0.6814308663556645,0.24092622101306915,0.2533404348821913,0.3197937759208243,0.0,0.31586119532585144,0.3566440718643602,0.38383210921065336,0.6303287303392164,0.24498698115348816,0.2670146676001856,0.3232598088004381,0.0,0.2769864499568939,0.35965542474410017,0.37901637367991126,0.6368032063776536,0.21756649017333984,0.5117545161908614,0.526010166792882,0.0,0.9993098974227905,0.46361140354530084,0.5202287396628831,0.18458252226486677,0.9992627501487732,0.6986659136978374,0.5863181417052825,0.0,0.6,0.68656950538186,0.5774235526720699,0.2135079307802798,0.6,0.8090306363607729,0.5749342845458748,0.38805341053950265,0.6,0.6692125865782832,0.6379451895582282,0.3633180015731142,0.6,0.8126921151198614,0.5844783697252975,0.4327863361321255,0.6,0.41451653838157765,0.44357728958129994,0.0,0.6,0.824895651122326,0.6202514428718434,0.2753089267054422,0.6,0.389810343267053,0.6007188233979963,0.0,0.6,high,high,high,high,high,high,high,high,high,high,high,high,high,low,low,low,low,low,low,low,low,low,low,high,high,medium,medium,medium,medium,medium,medium,medium,medium
115,3.8333333333333335,0.3375359326948384,0.27167487394559703,0.0,0.9868227243423462,0.3587577889015634,0.25525812044010365,0.0,0.9812270998954773,0.3679169591490215,0.2550527836892995,0.0,0.9786039590835571,0.3783020829404161,0.25263192520275046,0.0,0.9835904836654663,0.35201361379423435,0.25400964109908797,0.0,0.9864940047264099,0.35289820549371453,0.25304970343213046,0.0,0.986818790435791,0.35254725334527703,0.2519516490903496,0.0,0.9900655150413513,0.4253851899178167,0.2584634440623248,0.0,0.9850200414657593,0.3907933404673518,0.2554877365316273,0.0,0.9829132556915283,0.3628507111317082,0.2857213412826163,0.0,0.9754002094268799,0.35264143049022356,0.2857227447705398,0.0,0.9738887548446655,0.46078521075782364,0.33051218075074323,0.0,0.9992812871932983,0.45223763619825397,0.32550426407571803,0.20807721276522295,0.9987019896507263,0.34603377551465686,0.3576952196084545,0.0,0.4039282202720642,0.4412138277278369,0.37871752661980773,0.566024639550381,0.18952254951000214,0.2419362079986054,0.32864025103184535,0.0,0.3088322877883911,0.3858923479254717,0.3928755364773723,0.7547493854185938,0.20528551936149597,0.21134942063154372,0.32289959083904,0.0,0.302633136510849,0.38213424620789627,0.4024355620632093,0.789492688048416,0.2223149836063385,0.21753341437150328,0.3134826073001879,0.0,0.30292123556137085,0.3714507155485096,0.40359760775710707,0.7334702558867602,0.2261647880077362,0.23054855322087622,0.3185752878239113,0.0,0.2620295584201813,0.373496411876246,0.3978971277639315,0.7326037230747305,0.20114366710186005,0.5066120386262609,0.5327060642220216,0.0,0.9992998838424683,0.47041283641661924,0.5280339025950946,0.1937410182955665,0.9992753267288208,0.6979697250031154,0.5874919786646575,0.0,0.6,0.6839666344311064,0.5789262255032872,0.21376433300560976,0.6,0.8068025363119046,0.5774151722067296,0.3892035382358662,0.6,0.6670694406005175,0.639984029120414,0.3664297556140652,0.6,0.8103613479464683,0.5870258554913654,0.43426788612908124,0.6,0.41451653838157765,0.44357728958129994,0.0,0.6,0.8227419814253186,0.623100237519135,0.27617325960031597,0.6,0.3906408658452864,0.6037369222398032,0.0,0.6,high,high,high,high,high,high,high,high,high,high,high,high,high,low,low,low,low,low,low,low,low,low,low,high,high,medium,medium,medium,medium,medium,medium,medium,medium
116,3.8666666666666667,0.3439531388816309,0.28023170014639354,0.0,0.9878267049789429,0.3626417784424104,0.2649904360999046,0.0,0.9826868772506714,0.3709268437259968,0.2648753198710362,0.0,0.9802002310752869,0.3801782128416307,0.2625277785015558,0.0,0.9848353862762451,0.355340506021794,0.2634763743007662,0.0,0.987602949142456,0.3559065497282789,0.2624938389012871,0.0,0.9878697991371155,0.35523457835604355,0.2612698246965882,0.0,0.9909096360206604,0.42424198109786937,0.2678456246366597,0.0,0.9859427213668823,0.3925755323368919,0.26466390368960746,0.0054128637693666316,0.984128475189209,0.3674969289686306,0.2943076938738086,0.0,0.9762377738952637,0.3564725427916565,0.2940614370060419,0.0,0.974905788898468,0.4495695519558489,0.3403616719868364,0.0,0.9992804527282715,0.46785236398379126,0.3331317002678815,0.24757416832905615,0.9987781047821045,0.3217204496577078,0.3640312947732317,0.0,0.42337876558303833,0.45283641862424784,0.39483285686630853,0.5981791953975242,0.17080357670783997,0.20791707455347802,0.32359804126210506,0.0,0.3289392292499542,0.38089160263399524,0.41352305726293753,0.7844906268003125,0.18749354779720306,0.1758357387183712,0.3138639721976024,0.0,0.32255902886390686,0.3630418280065764,0.41755850929202565,0.826373600668009,0.20518097281455994,0.1832466617851829,0.30478784115442387,0.0,0.3237779140472412,0.3607995767137675,0.42390546508324567,0.7658593785234841,0.20882102847099304,0.19565868968174505,0.3115987623488161,0.0,0.27301856875419617,0.3649667350006558,0.41817930959043637,0.7598826658753546,0.18623122572898865,0.5016643016627353,0.539639373481414,0.0,0.9993100166320801,0.48087839160488055,0.5353750960254461,0.19665777822196673,0.9993019104003906,0.6972735363083935,0.5886658156240324,0.0,0.6,0.6813637634803527,0.5804288983345047,0.21402073523093973,0.6,0.8045744362630364,0.5798960598675844,0.39035366593222964,0.6,0.6649262946227519,0.6420228686826,0.3695415096550162,0.6,0.8080305807730752,0.5895733412574335,0.4357494361260369,0.6,0.41451653838157765,0.44357728958129994,0.0,0.6,0.8205883117283114,0.6259490321664266,0.2770375924951897,0.6,0.3914713884235198,0.6067550210816102,0.0,0.6,high,high,high,high,high,high,high,high,high,high,high,high,high,low,low,low,low,low,low,low,low,low,low,high,high,medium,medium,medium,medium,medium,medium,medium,medium
117,3.9,0.3483050344707258,0.2896201216674359,0.0,0.9889183640480042,0.3639503208907343,0.2753379666582973,0.0,0.9843173027038574,0.37121728979624335,0.27523019823022177,0.0,0.9820571541786194,0.37886610571599055,0.2732163887201774,0.0,0.9862620830535889,0.3568948551074618,0.27360252303121324,0.0,0.9887645840644836,0.35703448128033444,0.2725710825069808,0.0,0.9889799952507019,0.3565826804348926,0.2712082049716054,0.0,0.9917547702789307,0.420328841412263,0.2768983259484492,0.0,0.9872317314147949,0.3949313175567113,0.27522721674753586,0.010811323520894641,0.9855213165283203,0.3708419654613896,0.30376313435725755,0.0,0.9779501557350159,0.3603839219866942,0.3038939427940448,0.0,0.9766385555267334,0.4419248484787141,0.3503771125575611,0.0,0.9993012547492981,0.482753766513928,0.3413880659150086,0.25316531726947267,0.9988480806350708,0.302255270850687,0.38271570942062977,0.0,0.43556180596351624,0.459360951727088,0.4149170134451017,0.5705939044346635,0.15380804240703583,0.1742940711113683,0.33759543556711424,0.0,0.3369891941547394,0.3659437134132528,0.4326923690336857,0.713376081906834,0.16920846700668335,0.13931968855065935,0.3256870438030003,0.0,0.3292413055896759,0.33425887800874776,0.4320731607628325,0.7527884503344575,0.1856137365102768,0.1487099976215889,0.3152474494941871,0.0,0.33034393191337585,0.33828558173629875,0.4411655815192325,0.6890029807190814,0.1888982057571411,0.16126551262009714,0.32268670604223504,0.0,0.27000778913497925,0.3447953161104029,0.43650749791196564,0.6857368434781534,0.16857878863811493,0.4971299697330239,0.5462529934369615,0.0,0.9993495345115662,0.49584806493390265,0.5424348807835093,0.19893365909100186,0.9993453621864319,0.6965773476136716,0.5898396525834073,0.0,0.6,0.678760892529599,0.5819315711657223,0.21427713745626967,0.6,0.8023463362141681,0.5823769475284392,0.3915037936285932,0.6,0.6627831486449862,0.6440617082447858,0.3726532636959673,0.6,0.8056998135996822,0.5921208270235014,0.4372309861229926,0.6,0.41451653838157765,0.44357728958129994,0.0,0.6,0.818434642031304,0.6287978268137182,0.2779019253900635,0.6,0.3923019110017532,0.6097731199234171,0.0,0.6,high,high,high,high,high,high,high,high,high,high,high,high,high,low,low,low,low,low,low,low,low,low,low,high,high,medium,medium,medium,medium,medium,medium,medium,medium
118,3.933333333333333,0.3503950737711998,0.2992808690298973,0.0,0.9898974299430847,0.36174300333836795,0.28484384517569716,0.0,0.9857515096664429,0.36747339305344257,0.28451198749331125,0.0,0.9836888909339905,0.3726812415606502,0.2829004801931366,0.0,0.9875239729881287,0.35573011567264823,0.283505953483649,0.0,0.9897804856300354,0.35572903910717024,0.28249171289391806,0.0,0.9899588227272034,0.35616478157210274,0.281287560443501,0.0,0.9925039410591125,0.4103951079723174,0.28446189458275806,0.0,0.9884100556373596,0.3975588684871213,0.2847206051394108,0.022427046295941486,0.9868177175521851,0.37155158828188584,0.3133187344718933,0.0,0.9797359704971313,0.3628621229202885,0.3136342124088669,0.0,0.9784303903579712,0.43321078251569817,0.3591464603697513,0.0,0.9993517994880676,0.49573593220232937,0.3485784163147151,0.24473404099335547,0.9989242553710938,0.2946361677421564,0.4006735745704546,0.0,0.4718208611011505,0.469470627102264,0.43056735118508177,0.5482186855691866,0.13854072988033295,0.1478244980627844,0.3582662642696808,0.0,0.37727805972099304,0.36263340878320005,0.4453064057376847,0.6998578285698587,0.1537315547466278,0.10766707079393908,0.34671656005866136,0.0,0.36750805377960205,0.32228533051786534,0.43892982775792766,0.7424271062259649,0.1701298952102661,0.11636747036016377,0.3343575580831461,0.0,0.3682219684123993,0.3278437716005018,0.44889412045756816,0.6806597210866328,0.17316484451293945,0.13024837098199482,0.34126394903743273,0.0,0.29852035641670227,0.33486387307271626,0.44633752531382986,0.6731062049354446,0.1548364907503128,0.4916819982873267,0.5521482144480278,0.0,0.9993672966957092,0.5124218058197106,0.5481481128361412,0.1892610113451258,0.9993624091148376,0.6958811589189495,0.5910134895427823,0.0,0.6,0.6761580215788454,0.5834342439969397,0.2145335396815996,0.6,0.8001182361652996,0.5848578351892939,0.3926539213249568,0.6,0.6606400026672206,0.6461005478069717,0.3757650177369183,0.6,0.803369046426289,0.5946683127895696,0.43871253611994837,0.6,0.41451653838157765,0.44357728958129994,0.0,0.6,0.8162809723342966,0.6316466214610098,0.2787662582849373,0.6,0.3931324335799865,0.612791218765224,0.0,0.6,high,high,high,high,high,high,high,high,high,high,high,high,high,low,low,low,low,low,low,low,low,low,low,high,high,medium,medium,medium,medium,medium,medium,medium,medium
119,3.966666666666667,0.35060914857682185,0.3060902237614282,0.0010197679305965768,0.9909066557884216,0.35796000289194607,0.291827692018523,0.0,0.9871750473976135,0.36141470345583926,0.29151399402351724,0.0,0.9853180050849915,0.3648650978967592,0.2908075458797827,0.0,0.9887701272964478,0.355919340273718,0.2905913644528897,0.005540975384709452,0.9908015727996826,0.35655493940506877,0.28950695481611655,0.004867229202549502,0.9909616708755493,0.35861232779520746,0.288421462743711,0.0046660269334877595,0.993252694606781,0.3992966676091825,0.29071337602911096,0.0,0.9895663261413574,0.4011290845893213,0.29067853898991036,0.06991179773230166,0.9881321787834167,0.3713894139775595,0.31992762752902065,0.0,0.9817374348640442,0.36602205850861386,0.31984571400500206,0.04128785117036546,0.9805589914321899,0.4242830516852988,0.3649072028818118,0.0,0.9993925094604492,0.5069647952393231,0.3517176760382317,0.2551137454512521,0.998979389667511,0.2663316642626745,0.40504071290120763,0.0,0.4837135672569275,0.4745979997522638,0.4322888559394794,0.543973620607582,0.12482312321662903,0.13505796970048461,0.3645258441671635,0.0,0.389922171831131,0.3649054218283354,0.43820800036539403,0.7206357339601157,0.14081043004989624,0.09844232654515983,0.35232418476840655,0.0,0.38095423579216003,0.32284663704447614,0.4278173582815079,0.7668857600861239,0.15867045521736145,0.10905794867060428,0.3412057349592943,0.0,0.38332876563072205,0.33127601694810727,0.4369470359701111,0.7105718888602909,0.16166247427463531,0.1215279265925604,0.34768513199332807,0.0,0.3105500638484955,0.33657770362489514,0.43695083038234606,0.6966215177571597,0.14496120810508728,0.4868078142890854,0.5551825343589976,0.0,0.9991860389709473,0.5282673512027549,0.550957242092054,0.17384007793692766,0.9992355108261108,0.6951849702242276,0.5921873265021571,0.0,0.6,0.6735551506280917,0.5849369168281571,0.21478994190692957,0.6,0.7978901361164314,0.5873387228501485,0.3938040490213204,0.6,0.6584968566894549,0.6481393873691575,0.37887677177786927,0.6,0.801038279252896,0.5972157985556376,0.4401940861169041,0.6,0.41451653838157765,0.44357728958129994,0.0,0.6,0.8141273026372895,0.6344954161083014,0.27963059117981104,0.6,0.3939629561582199,0.6158093176070308,0.0,0.6,high,high,high,high,high,high,high,high,high,high,high,high,high,low,low,low,low,low,low,low,low,low,low,high,high,medium,medium,medium,medium,medium,medium,medium,medium
120,4.0,0.35273458053182144,0.30739386209519115,0.09183102116718184,0.9918085932731628,0.3573820465928201,0.2932122595660344,0.030240549664675306,0.9884501695632935,0.3602177123506596,0.29291527393536765,0.029903019554826285,0.9867756366729736,0.3634961743454843,0.2931367459691774,0.03002614974280901,0.9898867011070251,0.3574699119671251,0.2921148977635354,0.08826685074438953,0.9917158484458923,0.3586098193983385,0.29105729448211853,0.08760640478860132,0.9918586611747742,0.3616721847535301,0.29016100742044504,0.08745980591867099,0.993923544883728,0.39248901376357553,0.2924605425282244,0.0,0.9906032085418701,0.4026547746085909,0.2912165375300506,0.1132964367385618,0.9893100261688232,0.3728237894726254,0.32067505838154164,0.04533087858161738,0.9835342764854431,0.36993150791644036,0.3200975036843404,0.1173236341734522,0.9824700951576233,0.4179584977926919,0.3666988107569022,0.0,0.9994485378265381,0.5117237195546268,0.35115474969635013,0.2651619621506945,0.9990684390068054,0.25125280720787513,0.4031155125383463,0.0,0.5169342756271362,0.4733618878540194,0.42685998958863414,0.5389919836760138,0.11243975907564163,0.13267508171724585,0.3661768105063415,0.0,0.4247451424598694,0.3746533277151478,0.4208167559339183,0.7463296578897483,0.12761658430099487,0.09779113461643413,0.35500730396984437,0.0,0.4127541780471802,0.33657468219737163,0.4073093662034114,0.7950712446566248,0.14463591575622559,0.10994499986057821,0.34554086142764595,0.0,0.41509589552879333,0.34571877552635,0.41287006281472693,0.7499076443396545,0.1473763883113861,0.1220809493239946,0.3510549048999538,0.0,0.3378172814846039,0.3481635641662678,0.4160618608370261,0.7278588579529113,0.13234199583530426,0.48227570245871865,0.5535674752333241,0.0,0.9992334842681885,0.5384833452168059,0.5495368577105751,0.14885826841309394,0.9992812275886536,0.6944887815295058,0.5933611634615321,0.0,0.6,0.670952279677338,0.5864395896593746,0.21504634413225956,0.6,0.7956620360675631,0.5898196105110034,0.39495417671768396,0.6,0.6563537107116892,0.6501782269313434,0.38198852581882037,0.6,0.7987075120795027,0.5997632843217056,0.44167563611385985,0.6,0.41451653838157765,0.44357728958129994,0.0,0.6,0.811973632940282,0.637344210755593,0.28049492407468485,0.6,0.3947934787364532,0.6188274164488378,0.0,0.6,high,high,high,high,high,high,high,high,high,high,high,high,high,medium,low,low,low,low,low,low,low,low,low,high,high,medium,medium,medium,medium,medium,medium,medium,medium
121,4.033333333333333,0.3515985313551141,0.3038173791689759,0.19447333284052432,0.9926139712333679,0.35309098879774226,0.2901678835595412,0.12746172473008294,0.9895885586738586,0.3546123371257658,0.29008514348999404,0.12718708889606706,0.9880759119987488,0.3561753752209377,0.29019422554747565,0.1273231784572138,0.9908861517906189,0.3565069100100965,0.2886164929622267,0.18048126612614135,0.9925282001495361,0.3585921905257495,0.28747131684165533,0.1798222741776418,0.9926522970199585,0.3614313150202487,0.2866989657595449,0.1797465315231915,0.9945196509361267,0.3817003794483381,0.2896459130418336,0.0,0.991530179977417,0.40309484000806317,0.2870534410426674,0.157370172629333,0.9903498291969299,0.37041363578576403,0.3167821235590056,0.13749858337543544,0.9851256012916565,0.37135739106954213,0.31543104013640927,0.20297927074221242,0.9841433763504028,0.40511184333365663,0.3628060898302884,0.0,0.999499499797821,0.5215964977279979,0.3457636922806302,0.2767564730419153,0.999144971370697,0.24126808512044184,0.4004978325678207,0.0,0.5443295836448669,0.4842031800941444,0.41684425002211567,0.5522049368817226,0.10128940641880035,0.13483744269206566,0.3645094162100688,0.0,0.4506461024284363,0.3895061179335589,0.4057757440424754,0.7939979238110011,0.11526014655828476,0.10098455057833325,0.3552040227782208,0.0,0.4367354214191437,0.35609838727748844,0.3934177636822353,0.8475798826951269,0.13104335963726044,0.11335475105436282,0.3461649440107377,0.0,0.43818119168281555,0.36262641638725884,0.39853013520474306,0.8075750773047533,0.13352297246456146,0.1255339228467789,0.35099423536054,0.0,0.35328608751296997,0.36417350826007877,0.4020506151211578,0.7792521105223901,0.11991622298955917,0.47221068207756467,0.5485650376006455,0.0,0.9992763996124268,0.5546023239900475,0.5425691079426493,0.1295209025794813,0.9993181228637695,0.6937925928347837,0.594535000420907,0.0,0.6,0.6683494087265844,0.587942262490592,0.2153027463575895,0.6,0.7934339360186948,0.5923004981718581,0.3961043044140475,0.6,0.6542105647339236,0.6522170664935294,0.38510027985977136,0.6,0.7963767449061097,0.6023107700877735,0.4431571861108156,0.6,0.41451653838157765,0.44357728958129994,0.0,0.6,0.8098199632432748,0.6401930054028846,0.2813592569695586,0.6,0.3956240013146866,0.6218455152906447,0.0,0.6,high,high,high,high,high,high,high,high,high,high,high,high,high,medium,low,low,low,low,low,low,low,low,low,high,high,medium,medium,medium,medium,medium,medium,medium,medium
122,4.066666666666666,0.3492842964775922,0.2973010549039559,0.2865369195218416,0.9933329224586487,0.3478991666457045,0.2841529520380477,0.21719123471728075,0.9906031489372253,0.3484616646399874,0.28433073025483424,0.21694741783650665,0.9892351031303406,0.34882377202694326,0.2845758810326777,0.21709466939205946,0.9917779564857483,0.35397751723136195,0.28222885026242706,0.2634095242724594,0.9932537078857422,0.3570403886702798,0.2811009202386957,0.26276209304817005,0.9933620095252991,0.3609714668530694,0.28034531840911353,0.26273845218660463,0.9950534105300903,0.3710956899297275,0.28389971795337815,0.0,0.9923614263534546,0.4013934919745227,0.28045087969386573,0.19670150091433147,0.9912914037704468,0.36664231347315335,0.31014883233395013,0.2227181907404559,0.9865645170211792,0.37102832028638055,0.3080142010480938,0.2793195036941135,0.985662043094635,0.39188273337893376,0.3558721411756156,0.0,0.9995465874671936,0.5261509730404643,0.3381186313840346,0.2798351224485818,0.9992225766181946,0.23863724301328257,0.3962042114256711,0.0,0.5586618185043335,0.49161382161931966,0.4044094742178094,0.532353355403826,0.09135273098945618,0.1415585440807135,0.36127056671189356,0.0,0.460721880197525,0.4034689071573032,0.38998194542520354,0.7747606510049001,0.10590942203998566,0.1070727364166636,0.3536129368074022,0.0,0.4462135136127472,0.37775992131455616,0.3800010335890017,0.824260887705087,0.12192919105291367,0.11964900887165345,0.3447720804414558,0.0,0.44632312655448914,0.3801162565226887,0.3823640950909871,0.7916421726311302,0.12408605217933655,0.13195771927183358,0.3491036394537199,0.0012142184887315947,0.355437695980072,0.3780549650703565,0.38520396846435667,0.7636844262932306,0.11107159405946732,0.4641269590610125,0.5426084647923375,0.0,0.9992746114730835,0.5660000446237343,0.5349412836950712,0.10915224271498666,0.9993164539337158,0.6930964041400618,0.5957088373802819,0.0,0.6,0.6657465377758307,0.5894449353218094,0.21555914858291947,0.6,0.7912058359698266,0.5947813858327129,0.39725443211041106,0.6,0.6520674187561579,0.6542559060557152,0.38821203390072234,0.6,0.7940459777327166,0.6048582558538416,0.4446387361077714,0.6,0.41451653838157765,0.44357728958129994,0.0,0.6,0.8076662935462674,0.6430418000501762,0.2822235898644324,0.6,0.39645452389292,0.6248636141324515,0.0,0.6,high,high,high,high,high,high,high,high,high,high,high,high,high,medium,low,low,low,low,low,low,low,low,low,high,high,medium,medium,medium,medium,medium,medium,medium,medium
123,4.1,0.3463631616188939,0.29039630411943984,0.3302878137582397,0.9939422607421875,0.3429894148608752,0.2774879885859152,0.2595454931328632,0.9914621114730835,0.34312248535645407,0.27781954553577526,0.2592933476318575,0.990208625793457,0.3430333586978477,0.27846608045217947,0.2594323200987776,0.992534875869751,0.35025275156492486,0.2753324642048023,0.30280122486548905,0.9938727617263794,0.35376228840201146,0.27424376834800546,0.30215320965418524,0.9939655661582947,0.35983539905859413,0.27333683067268494,0.3021270114502993,0.9955145716667175,0.36262288967490575,0.2776414813139507,0.019617190934486002,0.9930728673934937,0.39597828050593503,0.27327538134057,0.21556372344352814,0.992107629776001,0.3627539623728453,0.3028815084404053,0.2629935928644285,0.9877865314483643,0.36909044108468714,0.3000865820404541,0.3157650049610858,0.9869653582572937,0.3806277089046719,0.34871999144832105,0.0,0.999587893486023,0.5245811446007607,0.3297631244559397,0.2754435738622455,0.9992924332618713,0.23784490645209733,0.3915998566122888,0.0,0.5846371054649353,0.5029483856437936,0.395273808624362,0.5335896516040781,0.08250883221626282,0.14883687678889557,0.3574565226659362,0.039783064883836323,0.47333019971847534,0.43119772483696867,0.3833861428124098,0.803401758342914,0.09747562557458878,0.11375915083712938,0.3506491398894713,0.034338316613144064,0.45673081278800964,0.41732358696299665,0.37743375122130435,0.852294240520275,0.11335555464029312,0.12690203998124994,0.34189756211145306,0.05600754011830542,0.45604613423347473,0.4110725077785267,0.375684997488014,0.8263113404209541,0.11528278142213821,0.13908192720307652,0.3461294163773953,0.05678859068024354,0.3602263629436493,0.40516136930539165,0.37771258772392197,0.7965676301009192,0.10307702422142029,0.45950981835663296,0.5369574968075711,0.0,0.9992966055870056,0.5704846409928842,0.5276256742733078,0.09676910447074008,0.9993402361869812,0.6924002154453399,0.5968826743396569,0.0,0.6,0.663143666825077,0.5909476081530269,0.2158155508082494,0.6,0.7889777359209584,0.5972622734935675,0.3984045598067746,0.6,0.6499242727783923,0.6562947456179011,0.39132378794167333,0.6,0.7917152105593235,0.6074057416199096,0.44612028610472704,0.6,0.41451653838157765,0.44357728958129994,0.0,0.6,0.80551262384926,0.6458905946974678,0.2830879227593061,0.6,0.39728504647115337,0.6278817129742584,0.0,0.6,high,high,high,high,high,high,high,high,high,high,high,high,high,medium,low,low,low,low,low,low,low,low,low,high,high,medium,medium,medium,medium,medium,medium,medium,medium
124,4.133333333333334,0.3431249928502223,0.28517450499923713,0.3993911876892443,0.9945105314254761,0.3384477120318344,0.2731593144940337,0.3254326058503918,0.992264986038208,0.338297575017512,0.2737469421677941,0.32517203733776645,0.9911214709281921,0.3373406705878562,0.274424965078737,0.32531061146781803,0.9932389259338379,0.34658996548963966,0.2703827084639141,0.3641885844143964,0.9944517016410828,0.35075798443147443,0.26925719611016813,0.3635417575185959,0.9945325255393982,0.3598555099297246,0.2679968440866144,0.36352314002864106,0.9959424734115601,0.35460370355274945,0.27378419527918657,0.05963475329566795,0.9937335848808289,0.39094521310223945,0.2677890134580215,0.24332297999967642,0.9928627014160156,0.3575267360343809,0.2968773279851419,0.32502756429302193,0.9889256954193115,0.36604767350050216,0.29348093347671783,0.37178812650117105,0.9881830811500549,0.37330204977855913,0.3430116694846085,0.0,0.9996254444122314,0.5222747948342006,0.3218900091720358,0.27679117256667024,0.9993532299995422,0.24187972165626864,0.3888175231871359,0.0,0.6069657802581787,0.5105146360703017,0.3839788122193807,0.5495562362365248,0.07444275915622711,0.1562447961081162,0.35560492486942713,0.12265510352584622,0.4922725558280945,0.45937682240159483,0.37294628966104837,0.8511228840667907,0.08892987668514252,0.12121186770134071,0.3492347230583369,0.12378270871121044,0.47388944029808044,0.4622330335609297,0.37324974573019876,0.8997812975536718,0.10419517755508423,0.1347582428987491,0.34005436349859974,0.14346473948869434,0.47278210520744324,0.4459710167699217,0.3663525160376019,0.8827347695688568,0.105942502617836,0.14662593755966616,0.3441452303410697,0.13941618929549845,0.37342020869255066,0.4360872861388692,0.36781343324479066,0.8499516869758414,0.09470880776643753,0.4560444388356254,0.5307384637685937,0.0,0.9993263483047485,0.5713256512766411,0.5201126013324547,0.08294102090187305,0.9993642568588257,0.691704026750618,0.5980565112990317,0.0,0.6,0.6605407958743233,0.5924502809842443,0.2160719530335794,0.6,0.78674963587209,0.5997431611544224,0.39955468750313816,0.6,0.6477811268006266,0.6583335851800871,0.3944355419826243,0.6,0.7893844433859303,0.6099532273859776,0.44760183610168275,0.6,0.41451653838157765,0.44357728958129994,0.0,0.6,0.8033589541522526,0.6487393893447595,0.2839522556541799,0.6,0.3981155690493868,0.6308998118160652,0.0,0.6,high,high,high,high,high,high,high,high,high,high,high,high,high,medium,low,low,low,low,low,low,low,low,low,high,high,medium,medium,medium,medium,medium,medium,medium,medium
125,4.166666666666667,0.3412027563943183,0.28313068006977965,0.412587636938463,0.9950459599494934,0.3364236809851693,0.2716702923074476,0.3440707457232318,0.9930230975151062,0.336668868651202,0.2722904752323407,0.343775466397093,0.9919894337654114,0.3361454788760436,0.27277988438561873,0.3439353331402475,0.9939011931419373,0.3429837187270194,0.2688825267317141,0.3797349858256219,0.9949968457221985,0.34813061057826666,0.2678846197250569,0.3790687311848848,0.9950693249702454,0.35908010852086886,0.2663658973359291,0.3790223491844885,0.9963423013687134,0.3527000880602643,0.27190855159348337,0.10388508580930389,0.9943494200706482,0.3851334913210446,0.26604423399293964,0.2630300149495236,0.9935671091079712,0.35411638028416137,0.29376669558056107,0.3448920372552259,0.9899981617927551,0.36310614155722765,0.2904585565164658,0.3872492496089234,0.989330530166626,0.36636354560618734,0.34189319096523096,0.0,0.9996588230133057,0.5213316623425441,0.31809676186743957,0.2903929295100818,0.9994097948074341,0.24390465184386304,0.3881410941099519,0.003636382889254419,0.6279314756393433,0.5270807036569916,0.3755439064163716,0.582064491190834,0.06756438314914703,0.1613542425743632,0.35684672651035343,0.21584133615409082,0.512873649597168,0.48906667415912464,0.3568373721935264,0.9173423457534743,0.08473927527666092,0.12709262409618716,0.3492662129980154,0.22505731057453882,0.4962983727455139,0.49603905537467585,0.35641253807328055,0.9703807129170815,0.10163819789886475,0.14059182647224944,0.3394002429533125,0.2405238537973186,0.49548038840293884,0.4772182784297262,0.3491857562448604,0.9557136909945054,0.10336095094680786,0.1523554915592669,0.34392214175704566,0.23193114673575593,0.39483779668807983,0.46498284382975863,0.3512377571531674,0.9174469245341577,0.09206471592187881,0.4510759594557181,0.5307401017153471,0.0,0.9993459582328796,0.5728720355700795,0.5182645077749858,0.07147823654479932,0.9993829131126404,0.6910078380558959,0.5992303482584067,0.0,0.6,0.6579379249235697,0.5939529538154618,0.2163283552589093,0.6,0.7845215358232217,0.602224048815277,0.40070481519950163,0.6,0.645637980822861,0.6603724247422729,0.3975472960235754,0.6,0.7870536762125372,0.6125007131520455,0.4490833860986385,0.6,0.41451653838157765,0.44357728958129994,0.0,0.6,0.8012052844552454,0.651588183992051,0.28481658854905373,0.6,0.3989460916276201,0.6339179106578722,0.0,0.6,high,high,high,high,high,high,high,high,high,high,high,high,high,medium,low,medium,low,low,low,low,low,low,low,high,high,medium,medium,medium,medium,medium,medium,medium,medium
126,4.2,0.3418580794528935,0.2850330060039652,0.39972206080085027,0.9955281615257263,0.3382268025602781,0.2741184261017475,0.3345888986975172,0.9937087297439575,0.33882528321170674,0.2746790282792986,0.3342664463050447,0.9927780032157898,0.3386803119332649,0.2748662109697345,0.3344299239399559,0.9945034384727478,0.34344182300678866,0.2715183258890279,0.36886530782862514,0.9954854249954224,0.3487880019458033,0.2706968925354927,0.36820887760335297,0.9955498576164246,0.3614357400746344,0.26915897231002023,0.3681433941552421,0.9966992735862732,0.3551153994940387,0.27440115205057924,0.11275511959007398,0.9949089288711548,0.38492746043316517,0.2693743515403684,0.25763697231010474,0.9941967725753784,0.3543510501618161,0.29502926860656015,0.3362663249487375,0.9909684062004089,0.3626623137013905,0.2919252232099198,0.3767970256281632,0.9903507232666016,0.3648357521959683,0.34388508434062326,0.0,0.9996896982192993,0.5207603439028738,0.32023160121379834,0.28614042803541007,0.9994452595710754,0.24475526910422907,0.3891152003845145,0.03621361074678282,0.64656662940979,0.5315223855850038,0.375565250228336,0.5681316013380657,0.06165869161486626,0.16249837335589926,0.359291203788945,0.26808744070656443,0.5427827835083008,0.48251906294367103,0.3518386235881806,0.8839098573217326,0.08096212148666382,0.13035620526695063,0.3505449623633663,0.28146058351392034,0.5278040170669556,0.48211891306586047,0.3470765079234872,0.9333606553383387,0.10033392161130905,0.14362216784264975,0.34062847071316504,0.29299539471770303,0.5270774364471436,0.46608917001799954,0.3419896475362898,0.9181334257542695,0.10180991142988205,0.1546235084881042,0.3454122245311746,0.2828418179426029,0.4266561269760132,0.4557454883357596,0.3448159225059287,0.882897129529842,0.08981812745332718,0.44905128088586654,0.5300764199737082,0.0,0.9993203282356262,0.5717511703640168,0.5170199407008436,0.06901271108946061,0.9993245005607605,0.6903116493611741,0.6004041852177816,0.0,0.6,0.655335053972816,0.5954556266466793,0.2165847574842393,0.6,0.7822934357743535,0.6047049364761319,0.40185494289586526,0.6,0.6434948348450953,0.6624112643044588,0.40065905006452646,0.6,0.7847229090391441,0.6150481989181136,0.4505649360955942,0.6,0.41451653838157765,0.44357728958129994,0.0,0.6,0.799051614758238,0.6544369786393425,0.2856809214439275,0.6,0.3997766142058535,0.6369360094996791,0.0,0.6,high,high,high,high,high,high,high,high,high,high,high,high,high,medium,low,medium,low,medium,low,medium,low,low,low,high,high,medium,medium,medium,medium,medium,medium,medium,medium
127,4.233333333333333,0.34235912200176444,0.28941414461825077,0.3340390467004629,0.9959357380867004,0.3410123506070304,0.27887175668091835,0.273523082891545,0.9943037033081055,0.3422437139324384,0.27921369803813306,0.27318667966030213,0.9934623837471008,0.3423311829844842,0.27860391334498197,0.2733534872531898,0.9950301051139832,0.34454866451817046,0.27653094952478907,0.30890190674291707,0.9959041476249695,0.3497651522254064,0.2758490973975004,0.30826119001789887,0.9959587454795837,0.36262051639579207,0.27488050094017685,0.30818218096986605,0.9970059990882874,0.35959210151281207,0.2785829111134819,0.07928007853744384,0.9954010844230652,0.3860914266053901,0.2758498737167374,0.2233324482828593,0.9947381615638733,0.3551817684323647,0.2991275722052398,0.2785912524292249,0.991779625415802,0.3624034581623443,0.29686515786986883,0.32060224335371557,0.9911797642707825,0.366118861592456,0.34801693062682343,0.0,0.9997158050537109,0.5175923266749851,0.3259091989282692,0.2696991403411325,0.9994722008705139,0.2449223722541811,0.3909356784431539,0.027531874924029875,0.6545234322547913,0.5189413075402636,0.3804149456791121,0.5350050206506739,0.05568205192685127,0.16211756626209223,0.362599631775788,0.2681106666845466,0.5570186972618103,0.44860076188763376,0.35485674249820315,0.8108214615108271,0.07358989119529724,0.13189078268262924,0.35274384412176496,0.28010499708371916,0.543560802936554,0.44542669923433453,0.34751298294200855,0.854059708215698,0.09182971715927124,0.14455558262365997,0.34292587929672386,0.28968212473920535,0.542884349822998,0.42635978716653655,0.3443040061386046,0.8351586759090446,0.09316087514162064,0.15460833785556177,0.3476588862898198,0.2818451899240596,0.43976926803588867,0.4192891071240118,0.3484248468231219,0.8068239410301488,0.08212725073099136,0.4477588202292003,0.5294444976430964,0.0,0.9993137717247009,0.5669144629598513,0.5161089784615537,0.06961444996314745,0.9992898106575012,0.6896154606664522,0.6015780221771565,0.0,0.6,0.6527321830220623,0.5969582994778967,0.21684115970956927,0.6,0.7800653357254852,0.6071858241369865,0.4030050705922288,0.6,0.6413516888673296,0.6644501038666446,0.40377080410547744,0.6,0.7823921418657511,0.6175956846841816,0.4520464860925499,0.6,0.41451653838157765,0.44357728958129994,0.0,0.6,0.7968979450612307,0.6572857732866342,0.2865452543388013,0.6,0.4006071367840868,0.639954108341486,0.0,0.6,high,high,high,high,high,high,high,high,high,high,high,high,high,medium,low,medium,low,medium,low,medium,low,low,low,high,high,medium,medium,medium,medium,medium,medium,medium,medium
128,4.266666666666667,0.3384854089130064,0.2921442529121486,0.25403185360706837,0.9963273406028748,0.3403112230462081,0.2817536172194366,0.1988212159359377,0.9948601126670837,0.3424267124879619,0.28208729874837724,0.1984873481772168,0.9941006898880005,0.34297076597080456,0.2809122283280876,0.1986573998987819,0.9955175518989563,0.34193495346671865,0.2798605080528978,0.2369554526496051,0.9963019490242004,0.3466369689622412,0.27934786920503096,0.23634079645772144,0.9963503479957581,0.3585090847698968,0.2790464424725742,0.23624680451788332,0.9972979426383972,0.36383544412248436,0.28181426709904334,0.032809664629801366,0.9958516359329224,0.38489938171315685,0.28063581373308166,0.18547374330513178,0.9952487945556641,0.35387980861541646,0.3027651454463157,0.2069725129744673,0.9925635457038879,0.35917069570168014,0.3010363635066514,0.25265350033874345,0.9920114278793335,0.3693143473221715,0.353835279221858,0.0,0.9997397661209106,0.5117903927684122,0.330133707581701,0.25106809470620256,0.999517023563385,0.24528483535860035,0.3934709719427826,0.0,0.6475412249565125,0.4963709561974865,0.3752737165469955,0.49335493887221193,0.051441892981529236,0.16053175655278334,0.36440381713402675,0.20099565006427889,0.5697574615478516,0.4091384143401426,0.3353136049145038,0.7283593720142121,0.0759039968252182,0.1315848208564426,0.35382150651969646,0.2070343632224979,0.5599533319473267,0.4008801910843893,0.3237053322277989,0.7646552734858526,0.0987403392791748,0.143036463321784,0.3438470893667581,0.21670294349843866,0.559808611869812,0.38422714330099783,0.31998348208296357,0.7467153604491905,0.09993090480566025,0.1523063125518656,0.3482505861140085,0.21349356621330218,0.45633989572525024,0.37898421836344054,0.32624128863806023,0.7229951121659842,0.08629241585731506,0.4480846712500355,0.5271053034942481,0.0,0.9993537664413452,0.5610459362154533,0.5138890950274092,0.07684804991512885,0.9993368983268738,0.6889192719717301,0.6027518591365315,0.0,0.6,0.6501293120713086,0.5984609723091141,0.2170975619348992,0.6,0.7778372356766168,0.6096667117978414,0.40415519828859237,0.6,0.6392085428895639,0.6664889434288306,0.4068825581464285,0.6,0.7800613746923579,0.6201431704502496,0.45352803608950565,0.6,0.41451653838157765,0.44357728958129994,0.0,0.6,0.7947442753642234,0.6601345679339258,0.28740958723367505,0.6,0.40143765936232023,0.642972207183293,0.0,0.6,high,high,high,high,high,high,high,high,high,high,high,high,high,medium,low,medium,low,medium,low,medium,low,low,low,high,high,medium,medium,medium,medium,medium,medium,medium,medium
129,4.3,0.34019015753741677,0.29429146577984105,0.1530871158704548,0.996619462966919,0.34462397276382717,0.2842419577506324,0.10209773529520708,0.9953109622001648,0.3472888721174858,0.2847558516305651,0.10177177103944063,0.9946075081825256,0.34827376176149505,0.2833741775481581,0.1019149381137675,0.995913565158844,0.34612806158743903,0.28245065331736996,0.14284107763546022,0.9966211318969727,0.35037069526307885,0.2820305554044282,0.14224908715613346,0.9966512322425842,0.3610553955420479,0.2822790039586028,0.14213814669764163,0.9975312948226929,0.3721312819383093,0.2859364971692197,0.0,0.9961969256401062,0.389568394922711,0.28411335899279744,0.12640995997501384,0.9956141710281372,0.35830141621314104,0.3059750507066864,0.11486783522964944,0.9929085969924927,0.3622059299673521,0.30442364065797256,0.16404501770542748,0.9923475980758667,0.3777470851277982,0.3605343042970547,0.0,0.999726414680481,0.5067795879774173,0.3320474931688029,0.22615291775662363,0.9994698762893677,0.24674255090021097,0.3948264410306812,0.0,0.5945433974266052,0.4704503123160021,0.3702796291915974,0.44969766658225097,0.046434566378593445,0.15576457466695734,0.36394147314391867,0.08792939507738998,0.5204513072967529,0.3677764439082656,0.32087720253250895,0.6368712165972586,0.07004611194133759,0.12625469739759473,0.3529510364665861,0.08431219280043983,0.5152583718299866,0.3542686745281273,0.3099022684119528,0.6667999742609099,0.09287900477647781,0.13740566609066995,0.34316016459242815,0.09604868160816922,0.5154045224189758,0.33981966204715586,0.3057421381934825,0.6437663946535221,0.09405453503131866,0.14664374295370322,0.3472129424690931,0.10032554710661643,0.41917502880096436,0.3370111746179483,0.3127915637615407,0.627872083501106,0.08073626458644867,0.4494005085982932,0.5257624758707073,0.0,0.9993050694465637,0.5540872520500144,0.5143804195877569,0.08931035310516292,0.9992941617965698,0.6882230832770082,0.6039256960959063,0.0,0.6,0.647526441120555,0.5999636451403316,0.21735396416022917,0.6,0.7756091356277486,0.612147599458696,0.4053053259849559,0.6,0.6370653969117982,0.6685277829910165,0.4099943121873796,0.6,0.7777306075189648,0.6226906562163177,0.4550095860864614,0.6,0.41451653838157765,0.44357728958129994,0.0,0.6,0.7925906056672163,0.6629833625812174,0.28827392012854886,0.6,0.4022681819405536,0.6459903060250998,0.0,0.6,high,high,high,high,high,high,high,high,high,high,high,high,high,medium,low,medium,low,medium,low,medium,low,low,low,high,high,medium,medium,medium,medium,medium,medium,medium,medium
131,4.366666666666666,0.34699752009832036,0.29242804132419387,0.04935383280773935,0.9969567656517029,0.35466244844567896,0.28284968189148435,0.001998226143124492,0.9957787394523621,0.3575061260264524,0.2836187671531338,0.0016897708299137715,0.9951451420783997,0.358607124754322,0.28232552955200696,0.0017944702092723055,0.9963212013244629,0.3553686776917029,0.2810829132447995,0.046469522658019215,0.9969584345817566,0.35947428862531794,0.2807812032166068,0.04587963712510245,0.9969854354858398,0.36701270257120744,0.2814937911250382,0.04574480306114014,0.9977778196334839,0.3837021588584492,0.2859050570390171,0.0,0.9965760707855225,0.3987446542664296,0.28401366181862736,0.06759753037409089,0.9960516095161438,0.3647147870008216,0.30544647657787966,0.019342514427947585,0.9936143159866333,0.36714790111933093,0.30431360054960976,0.0734007409003094,0.9931092858314514,0.3900572531845752,0.36649438141387203,0.0,0.9997467994689941,0.5044361066012407,0.33327280634488904,0.2016322429710896,0.999514102935791,0.2510148047845131,0.39198916289078434,0.0,0.6050463914871216,0.450022026305989,0.3695856666926191,0.40989537735085496,0.042297061532735825,0.1472808664147952,0.3593285203257928,0.0,0.5273600816726685,0.346226254960041,0.32374946734844195,0.5519228471673188,0.07254744321107864,0.11765004921973754,0.34908689416094074,0.0,0.5254674553871155,0.3311449721420848,0.3177435148359743,0.5762965161622557,0.10380148142576218,0.12861724805720792,0.33908011099119656,0.0,0.5247291922569275,0.3186372624132747,0.3138496513133291,0.547608806953565,0.10429360717535019,0.13769166525844131,0.3428374592796637,0.0,0.4317866563796997,0.3173396462327125,0.3195955660237585,0.539608053706744,0.09233327209949493,0.4514604604744423,0.527506184605731,0.0,0.9993700981140137,0.5472685972571666,0.5173454929342929,0.10381022478629687,0.9993619322776794,0.6875268945822863,0.6050995330552814,0.0,0.6,0.6449235701698013,0.6014663179715491,0.21761036638555914,0.6,0.7733810355788804,0.6146284871195509,0.4064554536813195,0.6,0.6349222509340325,0.6705666225532023,0.41310606622833057,0.6,0.7753998403455717,0.6252381419823857,0.4564911360834172,0.6,0.41451653838157765,0.44357728958129994,0.0,0.6,0.7904369359702088,0.6658321572285091,0.2891382530234226,0.6,0.403098704518787,0.6490084048669067,0.0,0.6,high,high,high,high,high,high,high,high,high,high,high,high,high,medium,low,medium,low,medium,low,medium,low,low,low,high,high,medium,medium,medium,medium,medium,medium,medium,medium
132,4.4,0.35420547651522183,0.2893709427826896,0.0,0.9972608685493469,0.36415237632942743,0.2800577556614561,0.0,0.9962005019187927,0.36614342092912056,0.2809472343165843,0.0,0.995630145072937,0.36666282615461643,0.28024458829617516,0.0,0.9966887831687927,0.364571591079375,0.2783571088508578,0.0,0.9972623586654663,0.3684832728826092,0.27808703853811767,0.0,0.9972866177558899,0.3714447459140867,0.27906715571185725,0.0,0.9979998469352722,0.39202652409638106,0.28395084595624737,0.0,0.9969180822372437,0.40657327030644375,0.2824120155442297,0.01466595826753024,0.9964459538459778,0.36913991043895655,0.3037426855875348,0.0,0.994251549243927,0.3706732430519212,0.3030948686849829,0.0,0.9937968850135803,0.3960899841952168,0.3679658057111692,0.0,0.9997659921646118,0.5067104572877476,0.33270847526463687,0.18452576730218018,0.9995569586753845,0.25450743800832465,0.38664649076117324,0.0,0.6361525058746338,0.4357578406383953,0.3679667089507862,0.390890537372559,0.03947371616959572,0.14135182310234454,0.3520330290694346,0.0,0.5590436458587646,0.3299641215301069,0.33350740195988027,0.5005793763207402,0.07962575554847717,0.11085166436531077,0.3425847897023875,0.0,0.5550153255462646,0.31271574707020217,0.33316456903388814,0.5230652668398312,0.11729950457811356,0.12034276784300002,0.3326124041091599,0.0,0.5537676811218262,0.30373148349198503,0.32968695159558736,0.4862422043488032,0.11703335493803024,0.12995602721934585,0.33624732549929764,0.0,0.4640561044216156,0.30507998835373673,0.3345097603497814,0.48419126659840267,0.10630670189857483,0.45156044434834314,0.5307953146509927,0.0,0.9994186162948608,0.5439591941299986,0.5211106126125057,0.12697613911403677,0.9994171261787415,0.6868307058875642,0.6062733700146562,0.0,0.6,0.6423206992190477,0.6029689908027664,0.21786676861088908,0.6,0.771152935530012,0.6171093747804055,0.407605581377683,0.6,0.6327791049562668,0.6726054621153882,0.41621782026928156,0.6,0.7730690731721785,0.6277856277484537,0.4579726860803729,0.6,0.41451653838157765,0.44357728958129994,0.0,0.6,0.7882832662732013,0.6686809518758006,0.2900025859182964,0.6,0.4039292270970204,0.6520265037087135,0.0,0.6,high,high,high,high,high,high,high,high,high,high,high,high,high,medium,low,medium,low,medium,low,medium,low,low,low,high,high,medium,medium,medium,medium,medium,medium,medium,medium
133,4.433333333333334,0.3605564930639076,0.2842421484438141,0.0,0.9975327253341675,0.37240606483879723,0.2746958344271696,0.0,0.9965779185295105,0.3742847785110528,0.2755994661982528,0.0,0.9960634708404541,0.37468689798197363,0.2749678664135218,0.0,0.9970178008079529,0.3726960908282897,0.2730923055352038,0.0,0.9975342154502869,0.3763023505121966,0.27276296798999566,0.0,0.9975552558898926,0.3767759006618074,0.2736307108179958,0.0,0.9981984496116638,0.4000249706503961,0.2790392266981537,0.0,0.9972236156463623,0.4126996136072921,0.2783263636913618,0.0,0.9967982769012451,0.3731207407159971,0.29953340828279873,0.0,0.9948151111602783,0.37354592829595457,0.299186332242473,0.0,0.9944050908088684,0.4094842540356396,0.364619800121913,0.0,0.9997478127479553,0.5050202087783604,0.33121993776523795,0.18445016811916648,0.9995712041854858,0.27088665288367264,0.38405311712018364,0.0,0.6471741795539856,0.4275670782391575,0.3625598473426633,0.39652294886140105,0.036626338958740234,0.1484413826034901,0.34324249402904383,0.0,0.5753654837608337,0.3224906150277686,0.33046568211142086,0.4923560933008073,0.08672412484884262,0.11454614074705394,0.3347450149503908,0.0,0.5692634582519531,0.3032857275509342,0.33043386820174125,0.5141634684759433,0.12981167435646057,0.12179348546586145,0.3245061786719422,0.0,0.567179262638092,0.29779532704597944,0.32718461807513377,0.47433962771942695,0.12807969748973846,0.1330364274603507,0.32826029677769053,0.0,0.47498902678489685,0.2987342751943156,0.330870743884352,0.47418971484774597,0.11572756618261337,0.453929307438556,0.5343297240617406,0.0,0.9994401335716248,0.5355424953229514,0.5248931303168802,0.15017714883724054,0.9994546175003052,0.6861345171928424,0.6074472069740311,0.0,0.6,0.639717828268294,0.604471663633984,0.21812317083621904,0.6,0.7689248354811438,0.6195902624412604,0.40875570907404657,0.6,0.6306359589785011,0.674644301677574,0.41932957431023266,0.6,0.7707383059987856,0.6303331135145216,0.4594542360773286,0.6,0.41451653838157765,0.44357728958129994,0.0,0.6,0.7861295965761942,0.6715297465230923,0.29086691881317017,0.6,0.4047597496752537,0.6550446025505205,0.0,0.6,high,high,high,high,high,high,high,high,high,high,high,high,high,medium,low,medium,low,medium,low,medium,low,low,low,high,high,medium,medium,medium,medium,medium,medium,medium,medium
134,4.466666666666667,0.3637393117645691,0.27824259144720853,0.0,0.9977582693099976,0.37550934176622947,0.2677694464271726,0.0,0.996884286403656,0.37688305578031844,0.2684778125136056,0.0,0.9964138269424438,0.37772821379708343,0.2680327732524123,0.0,0.9972886443138123,0.3772348881740402,0.2663869254100024,0.0,0.9977597594261169,0.38079512730623,0.26591331836504883,0.0,0.997776448726654,0.38095255317665855,0.2662354919599215,0.0,0.9983653426170349,0.40495566797979055,0.2722540938215108,0.0,0.9974862337112427,0.4180299295134211,0.27137628617959214,0.002351384303838639,0.9970982074737549,0.3745259826694623,0.2939120496347519,0.0,0.9952852725982666,0.3755005564722991,0.29348123907209356,0.0,0.994918167591095,0.4162714636964965,0.35641286971963737,0.0,0.9997649192810059,0.512703363781488,0.3285112581052989,0.21706493191924742,0.9995937943458557,0.27518329545334574,0.3749692072540462,0.0,0.6752392053604126,0.43176592931603053,0.3583574693102946,0.47127956145015476,0.03351214900612831,0.1576139315928061,0.33197055635474587,0.0,0.601140558719635,0.3312443910223074,0.3273169652565385,0.6112502732407534,0.08232610672712326,0.1256197756959567,0.3243384116735223,0.0,0.5909057259559631,0.3127833624264029,0.3247085365104239,0.6432931617006572,0.1245575025677681,0.1327833401295414,0.31482514454212585,0.0,0.589212954044342,0.31060456851006746,0.32131667091296356,0.6008361541168966,0.12319242209196091,0.14447427153726317,0.3188004718099171,0.0,0.5003646612167358,0.31058129664762396,0.324744749527712,0.5925946162714006,0.11234435439109802,0.4555523438609298,0.5381931672285223,0.0,0.9994816780090332,0.5284338274618976,0.529208607884833,0.1783926334657596,0.9994964003562927,0.6854383284981205,0.6086210439334061,0.0,0.6,0.6371149573175403,0.6059743364652014,0.21837957306154898,0.6,0.7666967354322756,0.6220711501021151,0.40990583677041015,0.6,0.6284928130007355,0.6766831412397599,0.42244132835118364,0.6,0.7684075388253924,0.6328805992805897,0.4609357860742843,0.6,0.41451653838157765,0.44357728958129994,0.0,0.6,0.7839759268791868,0.6743785411703839,0.2917312517080439,0.6,0.40559027225348704,0.6580627013923274,0.0,0.6,high,high,high,high,high,high,high,high,high,high,high,high,high,medium,low,medium,low,medium,low,medium,low,medium,low,high,high,medium,medium,medium,medium,medium,medium,medium,medium
135,4.5,0.3743891877172164,0.27267471372664465,0.0,0.9979645609855652,0.3871752689907333,0.2616129972579047,0.0,0.9971744418144226,0.3885874096608116,0.26216664194782924,0.0,0.9967438578605652,0.39012799917401236,0.261425439711218,0.0,0.9975422620773315,0.38792839993685935,0.26030851181570536,0.0,0.9979677200317383,0.391075502117198,0.2597488516416312,0.0,0.997978150844574,0.39119947324821824,0.25946148125441826,0.0,0.9985172152519226,0.4181195931695847,0.2652680181262106,0.0,0.9977242350578308,0.42683015739445485,0.2647699168373106,0.028379013696750645,0.9973694682121277,0.38210200103290803,0.2879376660832722,0.0,0.995684802532196,0.382858663658441,0.2874171781095321,0.0,0.9953411817550659,0.4321038857762364,0.3463941118517131,0.0,0.9997707009315491,0.512474685837896,0.3248555241348035,0.2409538522814266,0.9996050000190735,0.28710630605548765,0.36298822106181416,0.0,0.6814500093460083,0.4390604013885385,0.35426357645532836,0.504273421940827,0.030550802126526833,0.18420372048874883,0.3212979306707857,0.0,0.6071848273277283,0.3588795035313347,0.33374364788715744,0.6451884094877555,0.07798529416322708,0.15745798828371238,0.3142559830542219,0.0,0.5964383482933044,0.34303619860213486,0.33380063941011984,0.6769498359142779,0.11915820091962814,0.16629042241956848,0.30607564778594787,0.0,0.5945824980735779,0.3448342642028302,0.33250257956398205,0.6334053343617849,0.11781610548496246,0.17694941236005843,0.3100862567658199,0.0,0.5056082010269165,0.34335056405801134,0.33311097695555253,0.6264369558621137,0.10809779167175293,0.45933734557845496,0.541053981214138,0.0,0.999515175819397,0.5181474370278414,0.5315863949991343,0.19041371032908294,0.9995306134223938,0.6847421398033984,0.609794880892781,0.0,0.6,0.6345120863667867,0.6074770092964189,0.21863597528687895,0.6,0.7644686353834071,0.6245520377629699,0.4110559644667736,0.6,0.6263496670229698,0.6787219808019458,0.42555308239213463,0.6,0.7660767716519994,0.6354280850466577,0.46241733607123997,0.6,0.41451653838157765,0.44357728958129994,0.0,0.6,0.7818222571821793,0.6772273358176755,0.29259558460291774,0.6,0.40642079483172044,0.6610808002341342,0.0034569034910505534,0.6,high,high,high,high,high,high,high,high,high,high,high,high,high,medium,low,medium,low,medium,low,medium,low,medium,low,high,high,medium,medium,medium,medium,medium,medium,medium,medium
136,4.533333333333333,0.38733148283058216,0.2690136163801587,0.0,0.9980455636978149,0.40143694778978234,0.2568236644659849,0.0,0.9973392486572266,0.40404294670878693,0.25706782009635004,0.0,0.9969075322151184,0.40731799630296367,0.2562177434112093,0.0,0.9976888298988342,0.3990486600460161,0.2559504155720871,0.0,0.9980832934379578,0.401872852326552,0.25538693674099816,0.0,0.9980701804161072,0.4018438368827324,0.25459419708429865,0.0,0.998603105545044,0.43575777811604066,0.25936104444079255,0.0,0.9978708028793335,0.4350687700968534,0.25995262286740933,0.03030653361074792,0.9975321292877197,0.3940032753911062,0.28371040457056473,0.0,0.9957835674285889,0.39246318168017796,0.28332699651206916,0.0,0.9954105615615845,0.4528046639371319,0.33764820297559195,0.0,0.9997144937515259,0.5063232325173771,0.3245561876636016,0.2465300151170835,0.999508261680603,0.3236753592541176,0.3528539025700185,0.0,0.6606612801551819,0.4631754741385279,0.35784430180118454,0.5555346879786838,0.028025155887007713,0.2304306936152893,0.3137635489999562,0.0,0.5862127542495728,0.4047481804599862,0.34233587987217406,0.7383656538936105,0.07973472028970718,0.20547776327127676,0.3051360587140071,0.0,0.5802240371704102,0.3940016396673698,0.3440123736719438,0.7757262798733944,0.12430207431316376,0.21422145854343122,0.2980453823551995,0.0,0.578364372253418,0.3945867661343321,0.3434725397533479,0.7297006634287643,0.123145692050457,0.224718995548629,0.30266413280180365,0.0,0.4896320700645447,0.3934273281089087,0.3421117259072266,0.7195952308205755,0.11353173106908798,0.46553271341990876,0.5477261743345475,0.0,0.9995294809341431,0.5058385483173793,0.5370408812047176,0.18965413782632762,0.9995504021644592,0.6840459511086765,0.610968717852156,0.0,0.6,0.631909215416033,0.6089796821276364,0.21889237751220897,0.6,0.762240535334539,0.6270329254238246,0.41220609216313714,0.6,0.6242065210452041,0.6807608203641318,0.42866483643308567,0.6,0.7637460044786062,0.6379755708127257,0.46389888606819574,0.6,0.41451653838157765,0.44357728958129994,0.0,0.6,0.7796685874851721,0.680076130464967,0.2934599174977915,0.6,0.4072513174099538,0.6640988990759411,0.010179700175668016,0.6,high,high,high,high,high,high,high,high,high,high,high,high,high,medium,low,medium,low,medium,low,medium,low,low,low,high,high,medium,medium,medium,medium,medium,medium,medium,medium
137,4.566666666666666,0.396993693563489,0.26795377076922666,0.0,0.9980180263519287,0.4147162231115205,0.2544253473376345,0.0,0.9973660111427307,0.41909730476099405,0.2544503389816469,0.0,0.9969501495361328,0.4243063423044487,0.2535759002178706,0.0,0.9977352023124695,0.40943634697607456,0.2537898015586931,0.0,0.9981071949005127,0.4114406664610475,0.25322986461899566,0.0,0.9980894327163696,0.4121149024624379,0.25229701347701267,0.0,0.9986308813095093,0.4552377368603565,0.25639210526759876,0.0,0.9979575872421265,0.44446384357961577,0.2577798975792249,0.0016275902554427762,0.9975962042808533,0.40566643648770134,0.2823840971593264,0.0,0.9957845211029053,0.40174978353204815,0.281811196139921,0.0,0.9954097270965576,0.48243292158856105,0.3316986730326592,0.0,0.9996934533119202,0.49281773165667375,0.3269773400052175,0.225816680122784,0.9994773268699646,0.3841582538086783,0.3471767410531753,0.0,0.6627101302146912,0.4651001921066884,0.369374188162509,0.5351923541936577,0.02603529579937458,0.2894576524312687,0.3112493017753529,0.0,0.5754696130752563,0.40373645354678966,0.3580173436717285,0.692387514137654,0.07766420394182205,0.2617114058984472,0.30239108086743915,0.0,0.5728539228439331,0.39189607884500516,0.35766297867109265,0.723392469534926,0.12375375628471375,0.2685594878969222,0.2960350866362217,0.0,0.5715556144714355,0.38886934692487396,0.35771893468492333,0.6739433821820453,0.12349444627761841,0.27932093801337315,0.3011991688004748,0.0,0.4819421172142029,0.3908558756043593,0.35613284334714135,0.6709431708032731,0.11495089530944824,0.4778534104496184,0.5511263274090566,0.0,0.9995399117469788,0.486155048186408,0.5397391613824676,0.18636598045523123,0.9995591640472412,0.6833497624139546,0.6121425548115308,0.0,0.6,0.6293063444652793,0.6104823549588538,0.21914877973753888,0.6,0.7600124352856706,0.6295138130846794,0.4133562198595008,0.6,0.6220633750674385,0.6827996599263175,0.4317765904740367,0.6,0.7614152373052131,0.6405230565787937,0.46538043606515145,0.6,0.41451653838157765,0.44357728958129994,0.0,0.6,0.7775149177881648,0.6829249251122587,0.2943242503926653,0.6,0.40808183998818714,0.667116997917748,0.016902496860285488,0.6,high,high,high,high,high,high,high,high,high,high,high,high,high,medium,low,medium,low,medium,low,medium,low,low,low,high,high,medium,medium,medium,medium,medium,medium,medium,medium
138,4.6,0.4088384766817659,0.2677065214632837,0.0,0.9980862140655518,0.4302622056229698,0.25266667398122705,0.0,0.9975171089172363,0.43688558399816335,0.2524201198543986,0.0,0.9971109628677368,0.443821642087613,0.2510576630944701,0.0,0.9978658556938171,0.41980833975307424,0.2522380009189359,0.0,0.9982185959815979,0.4200442288166448,0.2516590444010739,0.0,0.9981932044029236,0.4198186591371801,0.2508949525567486,0.0,0.9987154006958008,0.47559955604982385,0.25397588614817335,0.0,0.9980885982513428,0.4492829633759464,0.25587145032443714,0.0,0.997753381729126,0.42127221774110263,0.28179260060225964,0.0,0.9958608746528625,0.4117015013189037,0.2809642334501234,0.0,0.9955478310585022,0.5143371295956756,0.3294598595662559,0.0,0.9996480941772461,0.4702753293347538,0.3287778957323603,0.1918122611184434,0.9994391798973083,0.4660992327131048,0.34608530817609934,0.0,0.6197003722190857,0.44845920745587414,0.38194364371833367,0.4833021088783362,0.02421911247074604,0.36043152463186134,0.3144208859730442,0.0,0.536449670791626,0.3728326969977591,0.37246151765187685,0.5964247684031394,0.07505317777395248,0.334123944937489,0.30839186740088376,0.0,0.5405676364898682,0.35974330324809967,0.37079717729475214,0.6157773425390132,0.12082168459892273,0.3367504705012826,0.30148881965583935,0.0,0.5402230024337769,0.35260077189037664,0.37156903035157307,0.56418278549379,0.12144871801137924,0.3475577980627278,0.3065063992997158,0.0,0.45476484298706055,0.3593023180753211,0.37067642432826475,0.5725429276555862,0.11402685940265656,0.4898235532509433,0.5525683534173158,0.0,0.9995706677436829,0.4629803843848367,0.5408641022124226,0.17317479928317234,0.9995896220207214,0.6826535737192326,0.6133163917709058,0.0,0.6,0.6267034735145257,0.6119850277900711,0.21940518196286884,0.6,0.7577843352368023,0.6319947007455341,0.41450634755586435,0.6,0.6199202290896728,0.6848384994885035,0.43488834451498776,0.6,0.75908447013182,0.6430705423448617,0.46686198606210716,0.6,0.41451653838157765,0.44357728958129994,0.0,0.6,0.7753612480911574,0.6857737197595501,0.29518858328753905,0.6,0.40891236256642055,0.670135096759555,0.023625293544902958,0.6,high,high,high,high,high,high,high,high,high,high,high,high,high,medium,low,medium,low,medium,low,medium,low,low,low,high,high,medium,medium,medium,medium,medium,medium,medium,medium
139,4.633333333333334,0.42182750350389836,0.26549878028722984,0.0,0.9978234767913818,0.4468677656633882,0.24991689973222134,0.0,0.9969808459281921,0.4559384406585527,0.24991838644434589,0.0,0.9964319467544556,0.4647274514734062,0.24873612852363383,0.0,0.9972929954528809,0.42964513513036096,0.24921746875022743,0.0,0.9979850649833679,0.4271762435669677,0.24866438078713649,0.0,0.9980186820030212,0.4255988833370754,0.2477799641155147,0.0,0.9986176490783691,0.4962241310617598,0.25261090609021464,0.0,0.9975866675376892,0.4494680138456805,0.25282639056652645,0.0,0.9974455833435059,0.4393162870462691,0.2807046783553978,0.0,0.9949426054954529,0.42217031545016703,0.27956042131343994,0.0,0.9950785040855408,0.5473050278522489,0.3320225982955016,0.0,0.99940025806427,0.4423274604868511,0.3300346839122292,0.13848989578463294,0.999424397945404,0.5561339845468407,0.3502749684668375,0.0,0.6010290384292603,0.41033539651851936,0.38344544248703305,0.37134021544928975,0.040059152990579605,0.4503189243011553,0.3227187222812012,0.0,0.5036976933479309,0.3311018463059192,0.36376018214337014,0.4050818569784548,0.1235286220908165,0.42828271202830004,0.3191280930470206,0.0,0.507845401763916,0.3141584302578781,0.36008802876050194,0.40465041263884427,0.1698460876941681,0.4263454535346498,0.31127857571437445,0.0,0.5072574019432068,0.30985886282298475,0.3593341353195262,0.35478186280855306,0.1728239804506302,0.4349609903452847,0.31603868260528184,0.0,0.42549362778663635,0.3190518599915346,0.3597396110599145,0.3793640497438012,0.16249606013298035,0.5019281847632583,0.5526007399970294,0.0,0.9995971918106079,0.4398516224814473,0.5405679545202469,0.15326763343799787,0.9996193051338196,0.6819573850245106,0.6144902287302807,0.0,0.6,0.624100602563772,0.6134877006212887,0.21966158418819878,0.6,0.755556235187934,0.6344755884063888,0.4156564752522279,0.6,0.6177770831119072,0.6868773390506893,0.4380000985559387,0.6,0.7567537029584268,0.6456180281109297,0.46834353605906287,0.6,0.41451653838157765,0.44357728958129994,0.0,0.6,0.7732075783941501,0.6886225144068419,0.2960529161824128,0.6,0.4097428851446539,0.6731531956013619,0.030348090229520425,0.6,high,high,high,high,high,high,high,high,high,high,high,high,high,medium,low,medium,low,medium,low,medium,low,low,low,high,high,medium,medium,medium,medium,medium,medium,medium,medium
140,4.666666666666667,0.448761255868944,0.26501411310720624,0.0,0.9976015090942383,0.47416763587709476,0.24919040091249003,0.0,0.9967474341392517,0.4845209778188838,0.2495424331693389,0.0,0.9961740374565125,0.4942311512562514,0.2488206762533928,0.0,0.9971781373023987,0.452277438623923,0.24788907159875387,0.0,0.9977549314498901,0.4474565586843702,0.24728618680319375,0.0,0.9977462887763977,0.444234833017097,0.2465510044620316,0.0,0.9984205365180969,0.5193663041491623,0.2542523447172354,0.0,0.9976136088371277,0.4583106125012434,0.25216337513951503,0.0,0.9970711469650269,0.4677389259938606,0.28129755172418347,0.0,0.9949030876159668,0.44439050902575716,0.27977016957211953,0.0,0.9948025345802307,0.5785631675681328,0.3390450246962087,0.0,0.9991754293441772,0.4166106072478094,0.3323645387496157,0.08703079853979742,0.9989721179008484,0.6445106140800306,0.3571516557451182,0.0,0.6056846976280212,0.36710816917024947,0.3873412074186873,0.22327433401905494,0.039599280804395676,0.5491887777696415,0.33424561819830234,0.0,0.4821488559246063,0.28372509569138155,0.3617230722537417,0.14670383912839016,0.1477643847465515,0.5335282677120277,0.3317383866071154,0.0,0.47747164964675903,0.2617204346474796,0.3584847944877652,0.12149719501430928,0.19605381786823273,0.5268178857637188,0.32320111441167726,0.0,0.47443556785583496,0.25864896758314126,0.3569751149151996,0.07144033582338383,0.19926601648330688,0.531713548483272,0.3277000650103562,0.0,0.39514726400375366,0.27107809820931067,0.3581167847821216,0.11780532135135399,0.18550468981266022,0.5130103047772179,0.5541802662791643,0.0,0.999595046043396,0.42203217862925163,0.5442595151198786,0.11637714689723432,0.9996045827865601,0.6812611963297888,0.6156640656896555,0.0,0.6,0.6214977316130184,0.6149903734525062,0.21991798641352878,0.6,0.7533281351390657,0.6369564760672436,0.4168066029485914,0.6,0.6156339371341415,0.6889161786128752,0.4411118525968898,0.6,0.7544229357850338,0.6481655138769977,0.4698250860560186,0.6,0.41451653838157765,0.44357728958129994,0.0,0.6,0.7710539086971429,0.6914713090541333,0.29691724907728656,0.6,0.4105734077228873,0.6761712944431687,0.03707088691413789,0.6,high,high,high,high,high,high,high,high,high,high,high,high,high,medium,low,low,low,low,low,low,low,low,low,high,high,medium,medium,medium,medium,medium,medium,medium,medium
141,4.7,0.4759791213454635,0.2661862483808218,0.0,0.9977080225944519,0.5001884250096243,0.25076631656337794,0.0,0.9968459010124207,0.5104659578322266,0.25145464371412296,0.0,0.9963127374649048,0.5196534172221511,0.25147126465688563,0.0,0.9973143339157104,0.4739174411430238,0.24910017604872406,0.0,0.9977865219116211,0.46635467418424026,0.24861245354016687,0.0,0.9977742433547974,0.45971850686140114,0.2480224897186246,0.0,0.9984334707260132,0.5379198939650223,0.25973166285694965,0.0,0.9977755546569824,0.46316473870288644,0.25509582185523005,0.0,0.9970269203186035,0.4917692280176927,0.2841325503684987,0.0,0.995281457901001,0.46299917770154675,0.2827486082529418,0.0,0.9951171278953552,0.599657675950401,0.3516069177564217,0.0,0.9992038011550903,0.39496274497403516,0.3397419354715556,0.042326895593902285,0.9988821148872375,0.7180761056485451,0.36694803264313464,0.0,0.6351357698440552,0.3235621388072465,0.3932090635066276,0.08805921104126624,0.05231040343642235,0.6481719142768229,0.3469668316952286,0.0,0.5170882940292358,0.2265309911646771,0.3609575267994052,0.0,0.19029441475868225,0.6431230732472089,0.3454076500483613,0.0,0.5066149830818176,0.196500222061898,0.35840785663166896,0.0,0.24278044700622559,0.6323556851395933,0.3347895979742357,0.0,0.5022606253623962,0.19486261056714452,0.3567307220472332,0.0,0.2466147392988205,0.6322416688873512,0.33923523819252144,0.0,0.4230349659919739,0.21084024654679698,0.3584730575829406,0.0,0.2307678759098053,0.5266280152719908,0.5621796144750028,0.0,0.9996132254600525,0.4184807877301625,0.5551327343309412,0.07223019115344612,0.999613344669342,0.6805650076350669,0.6168379026490305,0.0,0.6,0.6188948606622647,0.6164930462837235,0.2201743886388587,0.6,0.7511000350901975,0.6394373637280983,0.417956730644955,0.6,0.6134907911563758,0.6909550181750611,0.4442236066378408,0.6,0.7520921686116406,0.6507129996430658,0.4713066360529744,0.6,0.41451653838157765,0.44357728958129994,0.0,0.6,0.7689002390001354,0.694320103701425,0.2977815819721603,0.6,0.41140393030112066,0.6791893932849755,0.04379368359875535,0.6,high,high,high,high,high,high,high,high,high,high,high,high,high,medium,low,medium,low,medium,low,medium,low,low,low,high,high,medium,medium,medium,medium,medium,medium,medium,medium
142,4.733333333333333,0.5085775938345294,0.2689654704851989,0.0,0.9979332685470581,0.5303686044432914,0.25391614385001376,0.0,0.997151255607605,0.5390681893258675,0.2547919555352291,0.0,0.9966689348220825,0.5465804143941222,0.2556111267952381,0.0,0.9975736737251282,0.5017378951980809,0.2514971731217598,0.0,0.998002290725708,0.4912673023752968,0.2507770274068932,0.0,0.9979912042617798,0.48138412645646866,0.25011837447717816,0.0,0.9985854029655457,0.5528499693164751,0.26438784043550007,0.0,0.9979900121688843,0.47053314234827076,0.25660342071856723,0.0,0.9973106980323792,0.5171129120674458,0.28730711514577517,0.0,0.9957370758056641,0.4847938737252388,0.28543945556476197,0.0,0.9955891966819763,0.6144568095535126,0.3601392278304476,0.0,0.9992399215698242,0.3698529687239028,0.340589630714942,0.0,0.9989256262779236,0.7960943286513414,0.3755608900582606,0.0,0.6460101008415222,0.27335005620003927,0.3882406433145493,0.0,0.09726104885339737,0.7809406588405461,0.3588628085343164,0.0,0.5167202949523926,0.18613239910913837,0.3487586276236679,0.0,0.24702002108097076,0.7925806185165506,0.35778181188868013,0.0,0.5068061351776123,0.15533294504408554,0.34489717732220637,0.0,0.2972825765609741,0.7777796555093417,0.34633084520315605,0.0,0.5042513012886047,0.15832453281868347,0.34179647603790886,0.0,0.301914781332016,0.7705049591186739,0.3504899376200083,0.0,0.4284431040287018,0.175236270977901,0.3454938366974437,0.0,0.2855018377304077,0.5332968474684909,0.5640591273218895,0.0,0.9996262788772583,0.40680714093999815,0.5575770667660779,0.02589741883699578,0.9996252059936523,0.6798688189403448,0.6180117396084053,0.0,0.6,0.6162919897115109,0.617995719114941,0.22043079086418868,0.6,0.7488719350413292,0.6419182513889531,0.41910685834131856,0.6,0.6113476451786102,0.692993857737247,0.44733536067879187,0.6,0.7497614014382475,0.6532604854091337,0.4727881860499301,0.6,0.41451653838157765,0.44357728958129994,0.0,0.6,0.7667465693031281,0.6971688983487166,0.2986459148670341,0.6,0.412234452879354,0.6822074921267824,0.05051648028337283,0.6,high,high,high,high,high,high,high,high,high,high,high,high,high,medium,low,medium,low,medium,low,medium,low,low,low,high,high,medium,medium,medium,medium,medium,medium,medium,medium
143,4.766666666666667,0.5380453150589164,0.2674389273831346,0.0,0.9981257319450378,0.5562763089761327,0.2529257270561794,0.0,0.9973815679550171,0.562896516495375,0.2538275449148154,0.0,0.9969416260719299,0.5682117690295344,0.25461956546023246,0.0,0.9977760314941406,0.5305727882124063,0.2500243045233353,0.0,0.9981682300567627,0.5193778999618731,0.2488826709541136,0.0,0.9981585144996643,0.5083052893201802,0.24826475255417166,0.0,0.9986951351165771,0.5646969016059589,0.26373621446269446,0.0,0.9981502890586853,0.4863034970971545,0.2549086955043826,0.0,0.9974629878997803,0.5388169866619702,0.28533149425522225,0.0,0.9961158037185669,0.5081570202654071,0.2831657153048445,0.0,0.9959741830825806,0.6140055403564932,0.3601504303080784,0.0,0.9993036389350891,0.37120124662950693,0.3401231189152031,0.0,0.9989665150642395,0.8029803395410262,0.38055055020572526,0.0,0.6554508805274963,0.25739515755143266,0.38885898585919837,0.0,0.13737742602825165,0.8256570305718708,0.3621628567194337,0.0,0.535518229007721,0.1793021049116046,0.34370867175100106,0.0,0.2730730473995209,0.8451401845558562,0.3603473632902542,0.0,0.5257910490036011,0.14895245422433345,0.3367534796674777,0.0,0.32013484835624695,0.8313566755442653,0.34832802157857845,0.0,0.5262421369552612,0.15681351165532548,0.3321956874051581,0.0,0.3265710175037384,0.82141124444964,0.3527635411643769,0.0,0.45479053258895874,0.17228101968487425,0.33695439928339443,0.0,0.31009620428085327,0.5270699144521251,0.5596100469847118,0.0,0.9996535181999207,0.40055717642490785,0.5545076184617348,0.005395800903187704,0.9996472597122192,0.6791726302456229,0.6191855765677804,0.0,0.6,0.6136891187607573,0.6194983919461585,0.22068719308951865,0.6,0.7466438349924609,0.6443991390498078,0.4202569860376821,0.6,0.6092044992008445,0.695032697299433,0.45044711471974286,0.6,0.7474306342648545,0.6558079711752018,0.4742697360468858,0.6,0.41451653838157765,0.44357728958129994,0.0,0.6,0.7645928996061209,0.7000176929960082,0.29951024776190793,0.6,0.41306497545758736,0.6852255909685894,0.05723927696799029,0.6,high,high,high,high,high,high,high,high,high,high,high,high,high,medium,low,medium,low,medium,low,medium,low,low,low,high,high,medium,medium,medium,medium,medium,medium,medium,medium
144,4.8,0.5594041118949736,0.2726242689541733,0.0,0.9983083605766296,0.5724755739554396,0.25896258544532913,0.0,0.9976201057434082,0.5762062662548134,0.2597234708654304,0.0,0.9972245097160339,0.5794054074581979,0.2605604231357581,0.0,0.9979825019836426,0.5543490723296494,0.2559290668278036,0.0,0.9983358383178711,0.5438889514455165,0.2543774912685232,0.0,0.9983285665512085,0.5343587611105072,0.2536613355566578,0.0,0.998810350894928,0.5707957909935297,0.26867504629777655,0.0,0.9983199834823608,0.5073231435044399,0.2585639535408205,0.0,0.9976555705070496,0.5546721975842293,0.28846619839157056,0.0,0.99648118019104,0.5292772612510598,0.2864226984394188,0.0,0.9963486194610596,0.5924732019573395,0.3573246409287273,0.0,0.9993710517883301,0.4055239751344527,0.336224257390261,0.0,0.9990459680557251,0.7500712129619591,0.37945902159997735,0.0,0.6799755692481995,0.2742425574636689,0.3724332141987382,0.0,0.19539038836956024,0.8079751957824479,0.35715800308403245,0.0,0.5780898928642273,0.22413758989119642,0.3120866018436458,0.0,0.32301804423332214,0.8346820609830776,0.3530406493407039,0.0,0.5673055648803711,0.2038345018918425,0.2995393896575304,0.0,0.36399444937705994,0.8261660743148755,0.34041356165092396,0.0,0.5686720013618469,0.21602216324745135,0.2930665068970979,0.0,0.37202560901641846,0.8135047321553018,0.34464778134595075,0.0,0.5036444664001465,0.22534579844463734,0.2996018635226304,0.0,0.35446226596832275,0.5045345180379218,0.5450238650078554,0.008318337132081861,0.9996798038482666,0.40220554718326684,0.5413632484582769,0.0,0.9996646046638489,0.678476441550901,0.6203594135271553,0.0,0.6,0.6110862478100036,0.6210010647773759,0.22094359531484858,0.6,0.7444157349435927,0.6468800267106626,0.4214071137340456,0.6,0.6070613532230789,0.6970715368616188,0.4535588687606939,0.6,0.7450998670914614,0.6583554569412698,0.47575128604384154,0.6,0.41451653838157765,0.44357728958129994,0.0,0.6,0.7624392299091136,0.7028664876432998,0.3003745806567817,0.6,0.41389549803582076,0.6882436898103963,0.06396207365260775,0.6,high,high,high,high,high,high,high,high,high,high,high,high,high,medium,low,medium,low,medium,low,medium,low,medium,low,high,high,medium,medium,medium,medium,medium,medium,medium,medium
145,4.833333333333333,0.5615273008257652,0.23259896178901396,0.0,0.9984725117683411,0.5722355898860466,0.21766313257473108,0.0,0.9978351593017578,0.5749953332897682,0.21816669508710665,0.0,0.9974818825721741,0.577652984148974,0.2189229802512906,0.0,0.9981700778007507,0.5542617889689969,0.21455206834908744,0.0,0.9984863996505737,0.5441636518859656,0.21286108537570636,0.0,0.998481273651123,0.5340364747669882,0.21202906243728925,0.0,0.9989135265350342,0.5659114018186837,0.22610349463416207,0.0,0.9984761476516724,0.5029868019488599,0.21690726787338224,0.0,0.9978384375572205,0.55209848819635,0.24922383637417234,0.0,0.9968034029006958,0.5294973642537102,0.2467496782749689,0.0,0.9966772198677063,0.5669835996238795,0.32040147382618467,0.0,0.9994311928749084,0.4073140817783384,0.2997782898671707,0.0,0.9991044998168945,0.6864917206736452,0.35787291564307944,0.0,0.7035022974014282,0.2726033708223937,0.340506883073243,0.0,0.24891948699951172,0.7871372869242621,0.3327316375045518,0.0,0.6158316731452942,0.25957627056084104,0.30330197655515595,0.0,0.3485243320465088,0.8220248477303365,0.3274280094739171,0.0,0.6036629676818848,0.2459596129772553,0.2968191692740219,0.0,0.38074392080307007,0.8202114367123827,0.31570088529920326,0.0,0.6061274409294128,0.26451610063478453,0.291880265538232,0.0,0.3915957808494568,0.8056070957428392,0.32015790444709846,0.0,0.5473377108573914,0.2692388653546787,0.2952696362158643,0.0,0.3768623471260071,0.4766547200563084,0.5358551632274295,0.06054993663612761,0.9997033476829529,0.3889447452721906,0.5321765029347041,0.0,0.9996798038482666,0.6777802528561789,0.6215332504865302,0.0005606233670904807,0.6,0.6084833768592499,0.6225037376085935,0.22119999754017858,0.6,0.7421876348947243,0.6493609143715173,0.4225572414304092,0.6,0.6049182072453132,0.6991103764238047,0.45667062280164494,0.6,0.7427690999180682,0.6609029427073378,0.4772328360407973,0.6,0.41451653838157765,0.44357728958129994,0.0,0.6,0.7602855602121061,0.7057152822905914,0.30123891355165544,0.6,0.41472602061405417,0.6912617886522031,0.07068487033722522,0.6,high,high,high,high,high,high,high,high,high,high,high,high,high,high,low,medium,low,medium,low,medium,low,medium,low,high,high,medium,medium,medium,medium,medium,medium,medium,medium
147,4.9,0.5913041842567353,0.2839619324201756,0.0,0.9986121654510498,0.5986236747883988,0.2723383272722336,0.0,0.9980127811431885,0.6006757116817945,0.27283400880706965,0.0,0.9976907968521118,0.6031243078636417,0.2736353956180304,0.0,0.998329222202301,0.5821193763704027,0.2690321682216411,0.0,0.9986140131950378,0.5725943206490351,0.26746087866924373,0.0,0.99860680103302,0.5624193538735811,0.26666590606138213,0.0,0.9989984631538391,0.587593864032996,0.2792515411521456,0.0,0.9986127614974976,0.5266743818502062,0.27077573065435484,0.0,0.9979793429374695,0.5781359036207769,0.29787730607953183,0.0,0.9970853924751282,0.5593341767510072,0.29492534144775095,0.0,0.9969741106033325,0.5757643444276928,0.35804828042750686,0.0321372254536703,0.9994845390319824,0.4229890232458548,0.3382426400284676,0.0,0.9991428256034851,0.6576862431072705,0.402664856894034,0.014500260630965572,0.6891838312149048,0.2761159567357784,0.37372648257475727,0.0,0.2760605216026306,0.7663770458359283,0.3764592531399859,0.0,0.6306414604187012,0.26532592004412603,0.3563598390225773,0.0,0.3341529667377472,0.7974629565413481,0.3696326482823966,0.0,0.6179414987564087,0.25266298931309183,0.3542533567596436,0.0,0.361623078584671,0.7991198538205584,0.3604157697626492,0.0,0.6229367852210999,0.2727281375156423,0.35281311673717985,0.0,0.371896356344223,0.7853914716721714,0.3642488730537317,0.0,0.5660660266876221,0.2798512823931828,0.3521375533167308,0.0,0.35350093245506287,0.47574359907970687,0.5277190869087953,0.07101579725586055,0.9997156262397766,0.3845490647223734,0.5263100440129825,0.0,0.9996616244316101,0.677084064161457,0.6227070874459053,0.002568880549153767,0.6,0.6058805059084963,0.6240064104398109,0.22145639976550852,0.6,0.7399595348458561,0.651841802032372,0.42370736912677276,0.6,0.6027750612675474,0.7011492159859906,0.45978237684259593,0.6,0.7404383327446751,0.6634504284734057,0.47871438603775307,0.6,0.41451653838157765,0.44357728958129994,0.0,0.6,0.7581318905150989,0.708564076937883,0.30210324644652925,0.6,0.4155565431922875,0.6942798874940099,0.0774076670218427,0.6,high,high,high,high,high,high,high,high,high,high,high,high,high,medium,low,medium,low,medium,low,medium,low,medium,low,high,high,medium,medium,medium,medium,medium,medium,medium,medium
148,4.933333333333334,0.5924358654828076,0.3225048388634537,0.0,0.9987058639526367,0.5990280892465514,0.3135900707928459,0.0,0.9981032609939575,0.6006702140216799,0.31403609182868053,0.0,0.997799813747406,0.6026333735122563,0.314906182961587,0.0,0.9984093308448792,0.5855703052385164,0.3106331387599873,0.0,0.9986884593963623,0.578750234244866,0.3091165343156236,0.0,0.9986852407455444,0.5705035824181054,0.30827466827450456,0.0,0.9990575909614563,0.5892727677221914,0.31869115244536494,0.0,0.9986756443977356,0.5399474675977717,0.31165037496940323,0.0,0.9980888962745667,0.5796372321519,0.3342324626612505,0.0,0.9972187876701355,0.5667819102188383,0.3310536554643333,0.0,0.9971750378608704,0.5698507965166824,0.38431941205527226,0.06888175984119499,0.9995254278182983,0.4473861719900646,0.36341684459250667,0.0,0.9992139339447021,0.6048601501749407,0.43354272293600005,0.03189631116941217,0.6773509383201599,0.31408133710319985,0.38955667955336415,0.0,0.25103920698165894,0.6851154858971551,0.4094327402003728,0.0,0.6080656051635742,0.32473310373185205,0.38195426473806615,0.0,0.3322608172893524,0.7043228804509419,0.40324191099558226,0.0,0.5994423031806946,0.3209641272579882,0.3815898394390152,0.0,0.3699500560760498,0.7090522355654042,0.39525631841246167,0.0,0.6024903655052185,0.34170871844519635,0.37731469212434326,0.0,0.3794366121292114,0.6994994875295475,0.3984445898266116,0.0,0.5412841439247131,0.3440923605696036,0.3786078528229739,0.0,0.3592274785041809,0.47521632347073717,0.5175182709605002,0.0578821655569083,0.999703586101532,0.3956954134649896,0.5166440167766086,0.0,0.9996612071990967,0.6763878754667352,0.62388092440528,0.0045771377312170585,0.6,0.6032776349577427,0.6255090832710283,0.22171280199083843,0.6,0.7377314347969878,0.6543226896932268,0.4248574968231362,0.6,0.6006319152897817,0.7031880555481764,0.462894130883547,0.6,0.7381075655712821,0.6659979142394739,0.48019593603470867,0.6,0.41451653838157765,0.44357728958129994,0.0,0.6,0.7559782208180915,0.7114128715851746,0.30296757934140306,0.6,0.41638706577052087,0.6972979863358169,0.08413046370646016,0.6,high,high,high,high,high,high,high,high,high,high,high,high,high,medium,low,medium,low,medium,low,medium,low,medium,low,high,high,medium,medium,medium,medium,medium,medium,medium,medium
149,4.966666666666667,0.5834190150796688,0.346504917233697,0.0,0.998518705368042,0.5881188117957631,0.339554213213199,0.002015407199348354,0.9977511167526245,0.5889238863141403,0.3399168330750552,0.0015022141255421062,0.9973711967468262,0.5896022437891498,0.34070771637357566,0.0014560469936379938,0.9982122182846069,0.5782525118414354,0.3372189466839357,0.0,0.9984405040740967,0.5748856700522653,0.33581176685008784,0.0,0.9983830451965332,0.5696107520090132,0.33485774098437515,0.0,0.9988894462585449,0.5774810314178482,0.3435529820568921,0.07484784748813372,0.998403012752533,0.5466572957022221,0.3379115708224432,0.008111172935345828,0.9974666833877563,0.5721523120547801,0.35662953274233455,0.03270528623552044,0.9968142509460449,0.5650334878540276,0.3533269808842595,0.008560593589480442,0.9967220425605774,0.5510440943263364,0.3996727231082393,0.10957799640013097,0.9995285868644714,0.4756072879810168,0.37687015797430634,0.0021379091592379704,0.9992731809616089,0.5417837228599975,0.4521573217876597,0.05759718659915167,0.6167337894439697,0.35763291917341944,0.3994237616623486,0.0,0.27682527899742126,0.5612545023848142,0.4305078556765499,0.0,0.5600834488868713,0.3638829819528105,0.3951182914919519,0.0,0.3664158582687378,0.5661631870346207,0.42721020049982245,0.0,0.5572507977485657,0.3639186883827199,0.3941766128534492,0.0,0.39722946286201477,0.5724458187679604,0.41897177925476775,0.0,0.5592775344848633,0.3808364892478322,0.38793172737657433,0.0,0.40362972021102905,0.5691256882288531,0.4214873030469145,0.0,0.5006194710731506,0.3802535476592881,0.39153253914037334,0.0,0.38088178634643555,0.4733929815409079,0.5090894287143846,0.03744099937414107,0.9997023940086365,0.4181887861037321,0.5077917944023395,0.0,0.9996752142906189,0.6756916867720132,0.6250547613646549,0.006585394913280346,0.6,0.6006747640069889,0.6270117561022458,0.22196920421616842,0.6,0.7355033347481195,0.6568035773540815,0.4260076245194998,0.6,0.598488769312016,0.7052268951103624,0.46600588492449796,0.6,0.7357767983978889,0.6685454000055417,0.48167748603166444,0.6,0.41451653838157765,0.44357728958129994,0.0,0.6,0.7538245511210842,0.7142616662324662,0.3038319122362768,0.6,0.4172175883487542,0.7003160851776238,0.09085326039107762,0.6,high,high,high,high,high,high,high,high,high,high,high,high,high,medium,low,medium,low,medium,low,medium,low,medium,low,high,high,medium,medium,medium,medium,medium,medium,medium,medium
151,5.033333333333333,0.5586655119082325,0.3602474533316704,0.13845297475703672,0.9986597895622253,0.5625503356362294,0.3551039101777386,0.12648831606605984,0.9979568719863892,0.5633360830359263,0.3555378523114687,0.12604479681014497,0.9976078271865845,0.563407868424775,0.3563932843141632,0.1260372455511897,0.9983731508255005,0.5551704877601096,0.3533232389213331,0.12538640160929873,0.9985886216163635,0.554678958195908,0.35225842566618093,0.12482837010131606,0.9985374212265015,0.5520063841537455,0.3513204063568925,0.12469253005212455,0.9989955425262451,0.5553803400143058,0.3591730305642802,0.1237648823721846,0.9985432028770447,0.5395907950012293,0.3549489258747288,0.11817217018186106,0.9977058172225952,0.5513870186044356,0.3700618696657382,0.14876629749968656,0.9971055388450623,0.5481922284706504,0.3671413943484123,0.14320224102386822,0.9970337748527527,0.5265165769553699,0.40876519416040025,0.11252851429935967,0.9995485544204712,0.5017152236891806,0.38746951280774045,0.1091382311166447,0.9993407130241394,0.4686163308181419,0.4588554712025448,0.05791511089923117,0.5618047714233398,0.4009762498743339,0.40693936092314575,0.05488190339717568,0.33943408727645874,0.4441436309636624,0.44426782272912524,0.0,0.5160274505615234,0.3913120561407451,0.3985214921839042,0.02242267260323598,0.3854127824306488,0.4368816817696012,0.44224882139748467,0.0,0.5178964734077454,0.3917342327483061,0.39544453376378874,0.0,0.40468189120292664,0.4450225474916427,0.43473913758506977,0.0,0.5216444134712219,0.4023911013400371,0.3881298641919544,0.0,0.41221657395362854,0.4466588066452323,0.4368666770297065,0.0,0.4683544337749481,0.39968903185604443,0.3942244491238149,0.017296255121142218,0.3904822766780853,0.47931764794118603,0.5095732356562772,0.0043207145966850085,0.9997171759605408,0.45365179800765065,0.5070945808798574,0.0,0.9996989965438843,0.6749954980772912,0.6262285983240299,0.008593652095343638,0.6,0.5980718930562353,0.6285144289334632,0.2222256064414984,0.6,0.7332752346992513,0.6592844650149363,0.4271577522158634,0.6,0.5963456233342503,0.7072657346725482,0.469117638965449,0.6,0.7334460312244958,0.6710928857716099,0.4831590360286201,0.6,0.41451653838157765,0.44357728958129994,0.0,0.6,0.7516708814240769,0.7171104608797578,0.30469624513115057,0.6,0.41804811092698757,0.7033341840194307,0.09757605707569508,0.6,high,high,high,high,high,high,high,high,high,high,high,high,high,medium,low,medium,low,medium,low,medium,low,low,low,high,high,medium,medium,medium,medium,medium,medium,medium,medium
158,5.266666666666667,0.5223769432320198,0.36400571152880573,0.2481452076889078,0.9987754225730896,0.5236071284278581,0.35932207197854105,0.2192642985211392,0.9981439113616943,0.5242213845808759,0.359847958271321,0.2188876922696071,0.9978168606758118,0.5235577197202728,0.3607740694340024,0.21894025543839288,0.9985138177871704,0.5201821746803955,0.3576660458094044,0.23360860037741196,0.9987211227416992,0.5227190975820559,0.35667973367762273,0.2330025073687937,0.9986735582351685,0.5224942780319086,0.35568036416888604,0.2328875522305088,0.9990900158882141,0.5204178236581243,0.3638631485419961,0.13265477139546222,0.9986699819564819,0.522883260722484,0.3599367954514253,0.20235410544126936,0.9979218244552612,0.5185664662253342,0.37398297303206535,0.23427799891133477,0.9973424077033997,0.5192803383429303,0.3715376301662081,0.249235229872793,0.9972730278968811,0.4893437314839365,0.4125595828453155,0.0747457040703938,0.9995884895324707,0.5347556504475223,0.3896127395974461,0.19870381824898053,0.999398946762085,0.36908834071565155,0.45054157818114127,0.009084942868811965,0.5911741256713867,0.45745795617848406,0.4116396451746678,0.20052736761408865,0.3572230935096741,0.33385772249359713,0.4369769815381602,0.004779446305650678,0.5175199508666992,0.41007991541515804,0.40273414222232773,0.22457407588586445,0.4399963915348053,0.3220860711309746,0.43358983172403465,0.0,0.5257147550582886,0.40252012882755184,0.3985142033277981,0.2041680952642631,0.45884913206100464,0.3327623103812588,0.4271542206232932,0.0,0.5308216214179993,0.40486237545669324,0.3920641798517375,0.19541278877458426,0.4652010500431061,0.33741069166532567,0.4295946451333864,0.003630263644047005,0.48082807660102844,0.40330386370212157,0.3996584355692218,0.21740832598337265,0.4438731372356415,0.48274211901607056,0.5144630158558883,0.0,0.9997446537017822,0.5085379740436051,0.5099588375547285,0.03892348812662926,0.9997284412384033,0.6742993093825693,0.6274024352834048,0.010601909277406923,0.6,0.5954690221054817,0.6300171017646806,0.22248200866682832,0.6,0.7310471346503828,0.661765352675791,0.428307879912227,0.6,0.5942024773564847,0.7093045742347341,0.4722293930064,0.6,0.7311152640511027,0.6736403715376779,0.4846405860255758,0.6,0.41451653838157765,0.44357728958129994,0.0,0.6,0.7495172117270695,0.7199592555270494,0.3055605780260243,0.6,0.418878633505221,0.7063522828612376,0.10429885376031256,0.6,high,high,high,high,high,high,high,high,high,high,high,high,high,medium,low,medium,low,medium,low,medium,low,low,low,high,high,medium,medium,medium,medium,medium,medium,medium,medium
160,5.333333333333333,0.4833206002945679,0.36195332902572747,0.31033039269187424,0.9971186518669128,0.48426381698299525,0.35627135933140314,0.2686297151244889,0.9970721006393433,0.4854494907083502,0.3566037191725009,0.2682694168739671,0.9965373873710632,0.4850159813335182,0.3573592569861388,0.26836470714260163,0.9978904128074646,0.4818018567173088,0.3557945669808875,0.2969062968042182,0.9976628422737122,0.4852804535335607,0.35513905805724577,0.2962457380737327,0.9974437355995178,0.48605446597357294,0.3542791138162156,0.2961282858490466,0.9983702301979065,0.4919911847386895,0.3616887048963632,0.13429618306405933,0.998046338558197,0.49883322504572786,0.35884852370460085,0.2630319804699973,0.9961615204811096,0.48505541265427776,0.3729991887138172,0.2791339232041432,0.9934457540512085,0.4872397114902678,0.3711075813342374,0.3122804026468937,0.9911960959434509,0.47473531259801405,0.4119732677936565,0.033595122066966965,0.9995770454406738,0.549557817148997,0.3921621726665196,0.27313876514147284,0.999129593372345,0.32916988665129565,0.4364990778875251,0.0,0.570824921131134,0.4957009063456177,0.4176330423299538,0.35223443913848906,0.32319721579551697,0.2817196138811008,0.42860692871478445,0.10212010395819558,0.4993363618850708,0.40838775691730544,0.40241874639804653,0.4549238476250985,0.4031628966331482,0.2652363081078436,0.42663060555925014,0.09096591145946456,0.5099948048591614,0.39138790298175247,0.396240145245911,0.45663403433102956,0.42463600635528564,0.27625261672657475,0.4203879535892916,0.08570418917597894,0.5134151577949524,0.38656692210333155,0.3903738911891049,0.4404636602718526,0.43001556396484375,0.28410606444020997,0.42251080378785943,0.10436835741767549,0.45470306277275085,0.3877252734554964,0.3990094164312591,0.44622270302686506,0.40615543723106384,0.506804507998599,0.5273803564218389,0.0,0.9996961355209351,0.5555159446798574,0.5238183597167902,0.0772211235971789,0.9996567368507385,0.6736031206878474,0.6285762722427798,0.012610166459470211,0.6,0.592866151154728,0.6315197745958981,0.22273841089215834,0.6,0.7288190346015146,0.6642462403366458,0.4294580076085905,0.6,0.592059331378719,0.71134341379692,0.4753411470473511,0.6,0.7287844968777095,0.6761878573037459,0.4861221360225316,0.6,0.41451653838157765,0.44357728958129994,0.0,0.6,0.7473635420300622,0.722808050174341,0.30642491092089813,0.6,0.4197091560834544,0.7093703817030446,0.11102165044493001,0.6,high,high,high,high,high,high,high,high,high,high,high,high,high,medium,low,low,low,medium,low,medium,low,low,low,high,high,medium,medium,medium,medium,medium,medium,medium,medium
161,5.366666666666666,0.4494944976204215,0.3505143836522723,0.20089824951421048,0.9973670244216919,0.452164951668476,0.34252443631768037,0.1527057772715057,0.9973065257072449,0.4540313209964969,0.34235899410881454,0.15232135176589207,0.9968132376670837,0.45458904770148784,0.3425998584582265,0.1524263437498704,0.99805748462677,0.45101206654157516,0.3427047194926064,0.19244916130091816,0.9978552460670471,0.4547249144051748,0.3423992711138901,0.19175037832839562,0.997653067111969,0.45641370940875464,0.3417932260217098,0.19157496435103216,0.9985061287879944,0.4707756514871605,0.3458680652932974,0.015148647871988684,0.9982053637504578,0.47711763647330796,0.34571770222592835,0.19323662136592423,0.9964935183525085,0.4570275873015267,0.3620891634956672,0.16888352129217676,0.9939194917678833,0.46003753377563317,0.36068706599982564,0.21708687159313178,0.9918814301490784,0.4818720302798544,0.3991217586821898,0.0,0.9996046423912048,0.5423968774733302,0.3849543531735748,0.24245491851390444,0.9991225004196167,0.34820175195212777,0.4098811346889943,0.0,0.5554946064949036,0.5176501276887672,0.4240510822870804,0.3416101424184166,0.2910687029361725,0.2968442588697232,0.40258203255824654,0.04923096556207811,0.48413747549057007,0.4241339641434341,0.4099772694783344,0.42422961720454433,0.3645259737968445,0.2797865260279547,0.3998745404756997,0.04120290379250538,0.495415598154068,0.40598272346394426,0.40496257287916987,0.4274069183790473,0.3854289948940277,0.28939010626647377,0.3937015194437175,0.03741324912661178,0.4991935193538666,0.39741411985773134,0.39739422295199234,0.41008771201356975,0.3903154730796814,0.29854088889691177,0.3963034065453333,0.05362718624859581,0.437324196100235,0.3993640398228929,0.40508062626932156,0.41383159722881135,0.3684692978858948,0.5354553490946635,0.5381150920213256,0.0,0.9996424317359924,0.574852918480939,0.5339764174603652,0.10586051858249551,0.9995588660240173,0.6729069319931253,0.6297501092021546,0.014618423641533502,0.6,0.5902632802039742,0.6330224474271156,0.22299481311748828,0.6,0.7265909345526465,0.6667271279975006,0.430608135304954,0.6,0.5899161854009534,0.7133822533591059,0.4784529010883021,0.6,0.7264537297043164,0.6787353430698138,0.48760368601948734,0.6,0.41451653838157765,0.44357728958129994,0.0,0.6,0.7452098723330549,0.7256568448216326,0.30728924381577194,0.6,0.42053967866168773,0.7123884805448514,0.11774444712954749,0.6,high,high,high,high,high,high,high,high,high,high,high,high,high,medium,low,low,low,low,low,low,low,low,low,high,high,medium,medium,medium,medium,medium,medium,medium,medium
163,5.433333333333334,0.4231456024246627,0.32579874686705845,0.08770871664655783,0.997602641582489,0.42963490716783154,0.3142282533478912,0.0352001361079984,0.9975482225418091,0.4332216011060712,0.3136048335364935,0.03479193576496531,0.9970902800559998,0.4352026999274623,0.3133868798092537,0.03492683321584921,0.9982198476791382,0.4276169316890923,0.3152261581315313,0.08954977723259705,0.9980536699295044,0.4302344495877809,0.31530388022636285,0.08882524143461606,0.9978692531585693,0.4323535847775042,0.3151463060737498,0.08860085363172038,0.9986448287963867,0.4605713170586222,0.3173791385475025,0.0,0.9983474016189575,0.45891084141664695,0.3208448194957288,0.13986646143463427,0.9968234300613403,0.43781534295815805,0.3388869213613328,0.056020111375269244,0.9942797422409058,0.43870762824178694,0.33950687607963137,0.12304815545782377,0.9924976229667664,0.49058699350812907,0.37917942607597416,0.0,0.9995539784431458,0.545288728111553,0.3758157774423952,0.25043626532549135,0.9990996718406677,0.374294122824303,0.38322182572805064,0.0,0.5105968117713928,0.5442743953708183,0.42146444237315683,0.4204407121751704,0.2621341943740845,0.279710496639039,0.36298464471365843,0.0,0.44257548451423645,0.4718634120095317,0.3898017658289784,0.5501404820153362,0.32956698536872864,0.24930919057283707,0.35783734827330715,0.0,0.45627331733703613,0.46270076169834395,0.38132886571206237,0.5669650048851149,0.34995171427726746,0.25689450029657224,0.34967252494016265,0.0,0.46006229519844055,0.4510050243708927,0.3725107151381073,0.5446206000926627,0.3544168770313263,0.2717760392141238,0.35390185601227864,0.0,0.4028496742248535,0.4499830186436516,0.38049732298006367,0.5401925867149895,0.3346078097820282,0.5574678683475474,0.5613253911336278,0.0,0.9996273517608643,0.5863899620540786,0.5595611024708752,0.1417037193209701,0.9995604753494263,0.6722107432984035,0.6309239461615296,0.01662668082359679,0.6,0.5876604092532207,0.6345251202583331,0.22325121534281822,0.6,0.724362834503778,0.6692080156583553,0.43175826300131764,0.6,0.5877730394231877,0.7154210929212917,0.48156465512925317,0.6,0.7241229625309233,0.6812828288358819,0.48908523601644316,0.6,0.41451653838157765,0.44357728958129994,0.0,0.6,0.7430562026360475,0.7285056394689242,0.3081535767106457,0.6,0.4213702012399211,0.7154065793866583,0.12446724381416495,0.6,high,high,high,high,high,high,high,high,high,high,high,high,high,medium,low,low,low,low,low,low,low,low,low,high,high,medium,medium,medium,medium,medium,medium,medium,medium
164,5.466666666666667,0.4030155608981928,0.2961877360766314,0.006857067576689916,0.9978074431419373,0.41218419640492276,0.28163543037879235,0.0,0.9977570176124573,0.41750612181105645,0.2805773748523435,0.0,0.9973281621932983,0.4212238658697188,0.2799374637278651,0.0,0.9983481168746948,0.4085504943396394,0.28295656555877213,0.018074047462993088,0.9982303977012634,0.4095311587923901,0.2831754934190322,0.017349471066728978,0.9980650544166565,0.4111270644031215,0.28321284246750444,0.017087207321242637,0.998769998550415,0.45467628521241354,0.2829858650277552,0.0,0.9984521865844727,0.44188191937955784,0.2881866043264223,0.11057162197580317,0.9971269965171814,0.4240523413483646,0.30959443418018273,0.0,0.9944983124732971,0.42048135045525187,0.31116764917796114,0.05698501474781973,0.9929945468902588,0.5052239669091787,0.34675468737151055,0.0,0.9994015097618103,0.5369931440670188,0.34921070940289,0.24623613005682096,0.9990921020507812,0.43394641342002027,0.3493241555207268,0.0,0.49788281321525574,0.5401805780984319,0.38693011543411854,0.44493137749828227,0.2375706285238266,0.3204957926189991,0.3182449770835183,0.0,0.4104739725589752,0.49062019176694477,0.3406797163275303,0.6106683511986025,0.2972675561904907,0.2840120213536123,0.3113513297134354,0.0,0.4281875789165497,0.48672254925424535,0.32954706539918854,0.6351949169033492,0.3159177303314209,0.28661182776336697,0.30035738018287167,0.0,0.43278104066848755,0.4767790220695233,0.32094508958307544,0.613952944702134,0.31993812322616577,0.30343132592859323,0.3055017305698714,0.0,0.37964653968811035,0.47438828247688436,0.3286883078671844,0.6026835155506182,0.30215829610824585,0.5708715594731859,0.5613476190811564,0.0,0.9996098279953003,0.5832886715313231,0.5597633217181375,0.14438638243919802,0.999555766582489,0.6715145546036816,0.6320977831209045,0.01863493800566008,0.6,0.585057538302467,0.6360277930895506,0.22350761756814816,0.6,0.7221347344549097,0.6716889033192099,0.43290839069768117,0.6,0.585629893445422,0.7174599324834776,0.48467640917020405,0.6,0.7217921953575303,0.6838303146019499,0.49056678601339887,0.6,0.41451653838157765,0.44357728958129994,0.0,0.6,0.7409025329390402,0.7313544341162158,0.30901790960551945,0.6,0.42220072381815443,0.7184246782284652,0.1311900404987824,0.6,high,high,high,high,high,high,high,high,high,high,high,high,high,low,low,low,low,low,low,low,low,low,low,high,high,medium,medium,medium,medium,medium,medium,medium,medium
166,5.533333333333333,0.39359160410218685,0.2461355675211604,0.0,0.9979028105735779,0.4070780385624289,0.22728277854013612,0.0,0.9978681802749634,0.41525937321580764,0.22596353601603578,0.0,0.9974662065505981,0.4221627822705927,0.2250848044326539,0.0,0.9984394311904907,0.3941289435872397,0.2287742744236843,0.0,0.9983205199241638,0.3917210284785523,0.22938079784661242,0.0,0.9981665015220642,0.39000747872121505,0.22950284078821495,0.0,0.9988301992416382,0.4597450666355376,0.228286871543298,0.0,0.9985741972923279,0.41731984465272387,0.23490235817321312,0.0,0.9973261952400208,0.418080127947815,0.26170086791187525,0.0,0.9949215054512024,0.406980382117915,0.26350039208963544,0.0,0.9934947490692139,0.5349782874117378,0.3048117544267569,0.0,0.9994034171104431,0.4931462603710205,0.3117944101492572,0.12982385951183373,0.9990095496177673,0.5356447641805071,0.3189368687031716,0.0,0.5341694355010986,0.4908515801935498,0.3585842982594515,0.31749521623124694,0.21975253522396088,0.4404745114433193,0.281869031749406,0.0,0.3981398642063141,0.4713455560185149,0.32569067624760206,0.4640909093573251,0.2734683156013489,0.4092648310677999,0.2747522489035331,0.0,0.4091011583805084,0.4694197987204122,0.3215906416480644,0.48268704519266425,0.2946563959121704,0.4055329793087263,0.26340075271390884,0.0,0.4117026925086975,0.4669828114809702,0.31486070743112937,0.45653920459163905,0.2980818748474121,0.41948947407704795,0.26976914943515073,0.0,0.3586733937263489,0.4663467373881319,0.318416068534474,0.45504283722672556,0.2827492952346802,0.5895188072205717,0.5565891853579289,0.0,0.9996423721313477,0.5593304743855719,0.555348058958433,0.11225994705876022,0.9995940923690796,0.6708183659089596,0.6332716200802794,0.020643195187723368,0.6,0.5824546673517133,0.6375304659207679,0.22376401979347815,0.6,0.7199066344060416,0.6741697909800648,0.4340585183940447,0.6,0.5834867474676563,0.7194987720456635,0.48778816321115515,0.6,0.7194614281841372,0.6863778003680179,0.49204833601035447,0.6,0.41451653838157765,0.44357728958129994,0.0,0.6,0.7387488632420329,0.7342032287635074,0.3098822425003932,0.6,0.4230312463963878,0.721442777070272,0.1379128371833999,0.6,high,high,high,high,high,high,high,high,high,high,high,high,high,medium,low,low,low,low,low,low,low,low,low,high,high,medium,medium,medium,medium,medium,medium,medium,medium
167,5.566666666666666,0.42879297683289114,0.286520158772147,0.0,0.9972285628318787,0.4451048317905918,0.2689539886021121,0.0,0.9972763061523438,0.45444293636264343,0.26773270256035886,0.0,0.9966434240341187,0.46349690864969917,0.26664843516194253,0.0,0.9979436993598938,0.4256617276818614,0.2703621650075586,0.0,0.997953474521637,0.4198717235268423,0.2712866578832936,0.0,0.9977587461471558,0.4159150735620585,0.27156667390486644,0.0,0.9985525012016296,0.49949019994491317,0.2688468707886061,0.0,0.9983393549919128,0.43409250680105504,0.27559879922366715,0.0,0.9969211220741272,0.4534347451233376,0.2994435462918323,0.0,0.9943040013313293,0.4368950270272647,0.3014647948158379,0.0,0.9926270842552185,0.5955750433020396,0.333380415653572,0.0,0.9988175630569458,0.46942372324861414,0.34262052616039446,0.08214604026162564,0.9973395466804504,0.6621828174743916,0.35119225150777555,0.0,0.5558223128318787,0.4472285210391592,0.38325927828575446,0.21289801849421422,0.20185285806655884,0.589566634807277,0.31449614447869423,0.0,0.39437246322631836,0.4337040993161424,0.3626505485225678,0.27114320597405206,0.25158238410949707,0.5671008053324732,0.30708803385843564,0.0,0.4034571945667267,0.42655115399188487,0.3609406324255448,0.2738083357421259,0.2738583981990814,0.557017001204003,0.29710154412509754,0.0,0.40369805693626404,0.4273345085221304,0.3570658945953939,0.24495929506518416,0.2771337032318115,0.5668434863323947,0.3021952047909342,0.0,0.3456059694290161,0.43283309577367357,0.35727786469015027,0.25926719108783214,0.26375892758369446,0.6272789485804702,0.53803351535386,0.0,0.9995962381362915,0.5433583056732227,0.5390300478412847,0.11551075729721696,0.9995524883270264,0.6701221772142376,0.6344454570396544,0.022651452369786655,0.6,0.5798517964009596,0.6390331387519854,0.22402042201880806,0.6,0.7176785343571732,0.6766506786409195,0.43520864609040827,0.6,0.5813436014898906,0.7215376116078495,0.49089991725210613,0.6,0.717130661010744,0.688925286134086,0.4935298860073103,0.6,0.41451653838157765,0.44357728958129994,0.0,0.6,0.7365951935450257,0.7370520234107991,0.31074657539526707,0.6,0.42386176897462113,0.724460875912079,0.14463563386801737,0.6,high,high,high,high,high,high,high,high,high,high,high,high,high,medium,low,low,low,low,low,low,low,low,low,high,high,medium,medium,medium,medium,medium,medium,medium,medium
168,5.6,0.44633152810010157,0.279709114130839,0.0,0.9974970817565918,0.4644564073402577,0.26243932124895997,0.0,0.9975380301475525,0.4750873479809807,0.26140245833458114,0.0,0.9969660639762878,0.48509457714352144,0.2606918782273657,0.0,0.9981421828269958,0.44188201906797886,0.26368519757594333,0.0,0.9981460571289062,0.4350146511634758,0.264501424310925,0.0,0.9979639649391174,0.4294693627001811,0.2647018602122245,0.0,0.9986809492111206,0.521212243533636,0.26292720999751124,0.0,0.9984998106956482,0.44298470305118365,0.2684345485725054,0.0,0.9971928596496582,0.4721579440545937,0.29254603135835955,0.0,0.9948394298553467,0.4516577137100125,0.29439201985761637,0.0,0.9932818412780762,0.6302528111806855,0.325301520960593,0.0,0.998893141746521,0.4511853250173434,0.3338448446947387,0.0,0.997259259223938,0.7520170096473002,0.3505840369593578,0.0,0.5800583958625793,0.42851333796005536,0.36517371094866047,0.05083103912137897,0.22261330485343933,0.7058771429084139,0.31704317877342736,0.0,0.422737181186676,0.42905545498663566,0.35135220227402775,0.008627599899793878,0.2525533139705658,0.6919984852239542,0.30974117623064706,0.0,0.4238396883010864,0.42248082327676095,0.34754864485947495,0.0,0.265115350484848,0.679084087446299,0.2998997025834383,0.0,0.4216444194316864,0.4273154072133545,0.34116470768596274,0.0,0.26498717069625854,0.6846024898382352,0.3033290475537457,0.0,0.3573210537433624,0.43194909946068294,0.34309401225932645,0.0,0.25289076566696167,0.6504918474417484,0.5102152893176459,0.0,0.9995094537734985,0.534479495528696,0.5122578394857612,0.10819062645604649,0.9994307160377502,0.6694259885195157,0.6356192939990293,0.024659709551849946,0.6,0.577248925450206,0.6405358115832028,0.22427682424413808,0.6,0.7154504343083049,0.6791315663017743,0.4363587737867718,0.6,0.5792004555121251,0.7235764511700352,0.4940116712930572,0.6,0.714799893837351,0.6914727719001539,0.495011436004266,0.6,0.41451653838157765,0.44357728958129994,0.0,0.6,0.7344415238480182,0.7399008180580907,0.3116109082901408,0.6,0.4246922915528546,0.7274789747538859,0.15135843055263482,0.6,high,high,high,high,high,high,high,high,high,high,high,high,high,medium,low,low,low,low,low,low,low,low,low,high,high,medium,medium,medium,medium,medium,medium,medium,medium
170,5.666666666666667,0.47817942576530775,0.2681821020610967,0.0,0.9977458119392395,0.4949131212034439,0.2520800052614486,0.0,0.9977827072143555,0.5053847723212844,0.25141642814054976,0.0,0.9972670674324036,0.5147166604345509,0.2511811660719925,0.0,0.9983267784118652,0.4714841488358037,0.25285883807080123,0.0,0.9983304142951965,0.4644065074153726,0.2534561660184178,0.0,0.9981663227081299,0.4593929530996277,0.25332907998895376,0.0,0.9988119602203369,0.5432415041890192,0.25355394271426057,0.0,0.998648464679718,0.4623673979219035,0.2570271903957249,0.0,0.9974684715270996,0.5002332297794203,0.2808996275032602,0.0,0.995348334312439,0.47750589487713935,0.28165613180829724,0.0,0.9939433336257935,0.6515048968764192,0.31634522456945047,0.0,0.9990021586418152,0.43927632136778516,0.3231355795910317,0.0,0.9975262880325317,0.8152022523618823,0.34960844841870486,0.0,0.5509724617004395,0.3943381727019678,0.3517956230051321,0.0,0.2296275496482849,0.7982926638948911,0.3198788330688352,0.0,0.3990313708782196,0.3697683945610817,0.34219584299690053,0.0,0.2658964693546295,0.7937638360164682,0.31274174970068935,0.0,0.39943286776542664,0.35772572370953865,0.33523362624895414,0.0,0.2711288332939148,0.7807521503983144,0.30306593660430275,0.0,0.4002402424812317,0.36331455923599615,0.3290155297948495,0.0,0.2736406624317169,0.7814541816155692,0.3049142424599004,0.0,0.3419262170791626,0.3718927552997381,0.3315734046322491,0.0,0.263394832611084,0.6616966477085122,0.4833799233108702,0.0,0.9995502829551697,0.5294618741337805,0.48680823041009025,0.0792831060224777,0.9994727373123169,0.6687297998247937,0.6367931309584042,0.026667966733913234,0.6,0.5746460544994523,0.6420384844144202,0.22453322646946802,0.6,0.7132223342594366,0.6816124539626289,0.43750890148313537,0.6,0.5770573095343594,0.7256152907322212,0.4971234253340082,0.6,0.7124691266639578,0.694020257666222,0.4964929860012217,0.6,0.41451653838157765,0.44357728958129994,0.0,0.6,0.7322878541510109,0.7427496127053823,0.31247524118501463,0.6,0.42552281413108795,0.7304970735956927,0.1580812272372523,0.6,high,high,high,high,high,high,high,high,high,high,high,high,high,medium,low,low,low,low,low,low,low,low,low,high,high,medium,medium,medium,medium,medium,medium,medium,medium
171,5.7,0.5140536424024413,0.2555883915135362,0.0,0.9979711174964905,0.5279313420360197,0.24110248024924993,0.0,0.9980042576789856,0.5374338672016621,0.24089318836902468,0.0,0.9975401163101196,0.5460095908536237,0.24146100757144334,0.0,0.9984939694404602,0.5049045412412625,0.24120861475979039,0.0,0.9984972476959229,0.49611473924074556,0.2416383771004383,0.0,0.9983495473861694,0.4912208864044211,0.24130112328729492,0.0,0.9989306330680847,0.564800146715348,0.24631766665787752,0.0,0.998783528804779,0.4824494352707509,0.24570191417123954,0.0,0.9977211952209473,0.5279613103899936,0.2686171112777477,0.0,0.995813250541687,0.504714818059149,0.26874543993901057,0.0,0.9945486187934875,0.658911013519849,0.31149396647662353,0.0,0.9991009831428528,0.4326864636583495,0.31624528598952206,0.0,0.9977678656578064,0.8323008124922838,0.3473036961677756,0.0,0.5937236547470093,0.3668565333306382,0.34023312949912066,0.0,0.28070133924484253,0.8694819330057643,0.3238972801984338,0.0,0.45439469814300537,0.29807734371343214,0.32743078022153316,0.0,0.2861796021461487,0.8785061343705483,0.31622427299028316,0.0,0.45199859142303467,0.2779359501072306,0.3169800396010045,0.0,0.28938400745391846,0.8692194289399773,0.30814423837584015,0.0,0.45392104983329773,0.28074772551760047,0.31144862529975914,0.0,0.29435425996780396,0.8634909210088393,0.30887535624292983,0.0,0.40071597695350647,0.2929581801791299,0.31512680455243475,0.0,0.28613296151161194,0.6657507354285073,0.4675777275940211,0.0,0.9995784759521484,0.5323620270460094,0.4712650248637579,0.06179595393880932,0.9994984865188599,0.6680336111300718,0.6379669679177791,0.028676223915976524,0.6,0.5720431835486987,0.6435411572456377,0.224789628694798,0.6,0.7109942342105682,0.6840933416234838,0.4386590291794989,0.6,0.5749141635565936,0.7276541302944071,0.5002351793749593,0.6,0.7101383594905648,0.69656774343229,0.4979745359981774,0.6,0.41451653838157765,0.44357728958129994,0.0,0.6,0.7301341844540037,0.7455984073526738,0.3133395740798884,0.6,0.4263533367093213,0.7335151724374996,0.16480402392186977,0.6,high,high,high,high,high,high,high,high,high,high,high,high,high,medium,low,low,low,low,low,low,low,low,low,high,high,medium,medium,medium,medium,medium,medium,medium,medium
172,5.733333333333333,0.553527440293965,0.24711446189658134,0.0,0.9981421828269958,0.5623249366427928,0.23322553196292445,0.0,0.9980619549751282,0.5692703002816328,0.23329650914613523,0.0,0.9976508021354675,0.5755627573509055,0.2343824527341453,0.0,0.9985101222991943,0.5432477693457718,0.23262561916749303,0.0,0.9985581636428833,0.5339903190280466,0.23258461443694384,0.0,0.9984564185142517,0.5294095366012258,0.2319073958066244,0.0,0.998981237411499,0.5818367668520892,0.24109749374411943,0.0,0.9988584518432617,0.5092137574038041,0.23631616093062083,0.0,0.9978772401809692,0.5559208286114243,0.26036210201837034,0.0,0.9961389303207397,0.5354939269852819,0.25998732510146627,0.0,0.9949963688850403,0.6501254904798155,0.3101357687047598,0.0,0.9991148114204407,0.44323996084553496,0.31054268176461236,0.0,0.997926652431488,0.7999403644830774,0.3404691931389993,0.0,0.6259357929229736,0.35613570437009057,0.33534388733910603,0.0,0.3481605350971222,0.9082286578791983,0.31985265648726346,0.0,0.4731161892414093,0.2638498159485826,0.3337718116375681,0.0,0.3528229892253876,0.936925160857072,0.31090013985033715,0.0,0.46412393450737,0.2385578898144219,0.3227641174704331,0.0,0.35339513421058655,0.9344679292265377,0.30577244576596513,0.0,0.470380574464798,0.2425286437456431,0.3190674654670537,0.0,0.3592640459537506,0.9238116152080925,0.3057671068431622,0.0,0.4232825040817261,0.25722575142528137,0.32282545210876196,0.0,0.35238412022590637,0.6539877316890637,0.4589253447967266,0.0,0.9993972182273865,0.5455245827183592,0.46126757551740216,0.039937821543604105,0.9993738532066345,0.6673374224353499,0.6391408048771541,0.030684481098039812,0.6,0.569440312597945,0.6450438300768552,0.22504603092012793,0.6,0.7087661341617,0.6865742292843385,0.43980915687586253,0.6,0.572771017578828,0.7296929698565929,0.5033469334159103,0.6,0.7078075923171716,0.699115229198358,0.49945608599513314,0.6,0.41451653838157765,0.44357728958129994,0.0,0.6,0.7279805147569962,0.7484472019999655,0.31420390697476214,0.6,0.42718385928755465,0.7365332712793066,0.17152682060648722,0.6,high,high,high,high,high,high,high,high,high,high,high,high,high,medium,low,low,low,low,low,low,low,low,low,high,high,medium,medium,medium,medium,medium,medium,medium,medium
173,5.766666666666667,0.6105673632699586,0.24934664966065356,0.0,0.9983003735542297,0.6174610394003246,0.23529681625899798,0.0,0.9980908036231995,0.6219832166369439,0.23527571312336437,0.0,0.9977321624755859,0.626306690397242,0.23648193850245017,0.0,0.9985045194625854,0.6006361612906839,0.23429609793466352,0.0,0.9986127018928528,0.5905680210440324,0.23386811359084353,0.0,0.9985487461090088,0.5846383980104155,0.23279607073688346,0.0,0.9990180134773254,0.6194477334167034,0.24307792142276785,0.0,0.9989205002784729,0.5503906411724506,0.23602853020727002,0.0,0.998016357421875,0.6017205149699496,0.26283757572685434,0.0,0.9964504837989807,0.584339718371284,0.2616465340405362,0.0,0.9954402446746826,0.6693394015996902,0.31359203927444773,0.0,0.9991376399993896,0.4436599360062537,0.31650953644361335,0.0,0.9980892539024353,0.8145756496416127,0.3390882227804286,0.0,0.6585506200790405,0.32115758521295734,0.3432349916243618,0.0,0.41218066215515137,0.9596477910911034,0.3262153353307639,0.0,0.5147190690040588,0.18984314314760575,0.34306208664303983,0.0,0.41698843240737915,0.9997074787433358,0.3182401620285781,0.0,0.5057074427604675,0.1555418459511863,0.3329229225645541,0.0,0.41731444001197815,0.9981057717527847,0.3141235513286999,0.0,0.5133979916572571,0.1597134354231245,0.3296248783251075,0.0,0.42274630069732666,0.9854430311765452,0.31397494166603257,0.0,0.47157037258148193,0.1783426264018728,0.3329382453348262,0.0,0.41657039523124695,0.6575087033785324,0.46602319288642935,0.008820226608660515,0.9992568492889404,0.5394313732783014,0.47203848502297074,0.0,0.9992949962615967,0.6666412337406279,0.6403146418365289,0.03269273828010309,0.6,0.5668374416471912,0.6465465029080726,0.2253024331454579,0.6,0.7065380341128318,0.6890551169451933,0.440959284572226,0.6,0.5706278716010623,0.7317318094187788,0.5064586874568613,0.6,0.7054768251437786,0.7016627149644259,0.500937635992089,0.6,0.41451653838157765,0.44357728958129994,0.0,0.6,0.7258268450599888,0.7512959966472571,0.3150682398696359,0.6,0.428014381865788,0.7395513701211134,0.1782496172911047,0.6,high,high,high,high,high,high,high,high,high,high,high,high,high,medium,low,medium,low,medium,low,medium,low,low,low,high,high,medium,medium,medium,medium,medium,medium,medium,medium
174,5.8,0.6264977148084946,0.2240486649366531,0.0,0.9984667301177979,0.6283740316515497,0.20654171854604983,0.0,0.9982665181159973,0.6310012007093113,0.2059247177311318,0.0,0.9979445338249207,0.6341105172962036,0.20659847759005684,0.0,0.9986448287963867,0.6153543542176154,0.20655157849505285,0.0,0.9987421631813049,0.6058372475189501,0.20627208224265497,0.0,0.9986855983734131,0.5998862635839252,0.20517567289875993,0.0,0.9991077184677124,0.6219998388301538,0.21335865470357207,0.0,0.9990247488021851,0.5619064968921659,0.20943651819006878,0.0,0.9981982707977295,0.6142443766543931,0.23966822187939507,0.0,0.996793270111084,0.5992302663954281,0.23957735119444012,0.0,0.9958832263946533,0.6577390471955297,0.29670092373183354,0.0,0.9992210268974304,0.44017527674461693,0.3086206773361134,0.0,0.998262882232666,0.7835223624756307,0.33588160369501885,0.07935360212981864,0.6773921251296997,0.3090857004785879,0.35951118390043396,0.0,0.46827012300491333,0.9340960127073592,0.32892329973496565,0.13698706419873666,0.5578041672706604,0.16495165913116167,0.3674537439446359,0.0,0.47200602293014526,0.9764666046018116,0.3226847144968312,0.15028928077860082,0.5458715558052063,0.1295455842862877,0.36250650382542204,0.0,0.46995580196380615,0.9762823621293075,0.3165386505338148,0.06521525055100613,0.5542082190513611,0.1336846148425886,0.35688048538628253,0.0,0.4755938649177551,0.9654434248978745,0.316741356135527,0.1008343065813152,0.5165280699729919,0.15168716270467933,0.35816985076957747,0.0,0.46895259618759155,0.6429580419491516,0.5026552704247574,0.08419255628131163,0.9992381930351257,0.5265274589711982,0.5106857637147539,0.0,0.9992104172706604,0.6659450450459059,0.6414884787959038,0.03470099546216639,0.6,0.5642345706964376,0.64804917573929,0.22555883537078786,0.6,0.7043099340639634,0.6915360046060479,0.4421094122685896,0.6,0.5684847256232968,0.7337706489809647,0.5095704414978123,0.6,0.7031460579703854,0.704210200730494,0.5024191859890446,0.6,0.41451653838157765,0.44357728958129994,0.0,0.6,0.7236731753629817,0.7541447912945487,0.3159325727645097,0.6,0.4288449044440214,0.7425694689629203,0.18497241397572217,0.6,high,high,high,high,high,high,high,high,high,high,high,high,high,medium,low,medium,low,medium,low,medium,low,medium,low,high,high,medium,medium,medium,medium,medium,medium,medium,medium
175,5.833333333333333,0.656756484425153,0.23209438200319343,0.0,0.9986134767532349,0.6549656309170062,0.2145710964025045,0.0,0.9984198212623596,0.6564394029981901,0.21405891560035484,0.0,0.9981306195259094,0.6582781472406205,0.21473572342406952,0.0,0.9987686276435852,0.6427632912055612,0.2145121966278086,0.0,0.9988552331924438,0.6326105505019651,0.21410711595923249,0.0,0.9988042116165161,0.6255951170182189,0.2128522097369735,0.0,0.9991855025291443,0.6368427810135437,0.2234101920000051,0.0,0.9991171360015869,0.5815787789843869,0.2190339143945904,0.0,0.998359203338623,0.6401161262483325,0.24911041415376883,0.0,0.997098445892334,0.6245961972883548,0.24946218201052678,0.0,0.9962794184684753,0.6461644972954613,0.31063470397240156,0.0,0.9992954134941101,0.4521421254514826,0.3230976285217534,0.0,0.9984139800071716,0.7561353222751415,0.3496636192559649,0.22933724432280633,0.6524885892868042,0.32137326038245084,0.3669341314227996,0.0,0.5071560740470886,0.884565477604635,0.33630777127815104,0.37921323663704987,0.5808253884315491,0.21911638601746092,0.35782166530480286,0.0,0.5069796442985535,0.9206823966442035,0.33111293110258455,0.41207160941370835,0.5671254396438599,0.1986263906170721,0.35228336836908336,0.0,0.5015172362327576,0.9194886571877512,0.3230346174506883,0.3342955640423836,0.5776565670967102,0.20428664339728062,0.34494209754995064,0.0,0.5079085826873779,0.9117140348974666,0.324295851108912,0.3493259445631709,0.5445336699485779,0.2150179808025877,0.3469890126815218,0.0,0.4990341067314148,0.621566438035811,0.5323558911021231,0.10960473734961466,0.9992725849151611,0.5154500011797565,0.5423846228139398,0.0,0.9992288947105408,0.665248856351184,0.6426623157552788,0.036709252644229674,0.6,0.561631699745684,0.6495518485705076,0.2258152375961178,0.6,0.7020818340150952,0.6940168922669028,0.44325953996495315,0.6,0.5663415796455311,0.7358094885431506,0.5126821955387634,0.6,0.7008152907969922,0.706757686496562,0.5039007359860004,0.6,0.41451653838157765,0.44357728958129994,0.0,0.6,0.7215195056659742,0.7569935859418403,0.31679690565938345,0.6,0.42967542702225475,0.7455875678047272,0.19169521066033962,0.6,high,high,high,high,high,high,high,high,high,high,high,high,high,medium,medium,medium,medium,medium,medium,medium,medium,medium,low,high,high,medium,medium,medium,medium,medium,medium,medium,medium
176,5.866666666666666,0.6732493416690621,0.27177178769400695,0.0,0.9987085461616516,0.6675851139433195,0.2575130883977692,0.0,0.9984918832778931,0.6669231893577238,0.2572628804645345,0.0,0.998217761516571,0.6668293691459531,0.2579407506125241,0.0,0.9988490343093872,0.6597730243678432,0.25689450601042074,0.0,0.9989168047904968,0.6513118727223874,0.2561100603956171,0.0,0.9988593459129333,0.644673994093232,0.2546379463030748,0.0,0.9992180466651917,0.6393499650877411,0.26579151370308685,0.0,0.9991817474365234,0.6013547850377647,0.26007971098095173,0.0,0.9983803033828735,0.6522266559111783,0.28712614946987874,0.0,0.9973138570785522,0.6403386934653879,0.2863066124888296,0.0,0.9965787529945374,0.6194467232638601,0.3394590398092657,0.026035932001238885,0.9993640184402466,0.47554650951376726,0.3504574046685155,0.0,0.9985464215278625,0.6879154707724138,0.3689453317013107,0.3407518429668643,0.6114220023155212,0.34279255885066495,0.3831839447532788,0.0,0.5260317921638489,0.78938621643818,0.35242210207007796,0.5481510846973314,0.5922903418540955,0.25069533601090693,0.36664012637171806,0.0,0.4802893102169037,0.8169325272659065,0.34736334089632726,0.5931508908252354,0.5745313763618469,0.23211124327494054,0.3624190738151133,0.0,0.468971848487854,0.8163492656671105,0.339007751160847,0.5204013986882089,0.5867504477500916,0.239571975765529,0.3556716296222669,0.0,0.475892573595047,0.8122129896026136,0.34149524590352287,0.5226370522748077,0.55584716796875,0.24741336984651138,0.3577822202291253,0.0,0.4637996256351471,0.5910749948802821,0.5362659851848954,0.1260413709867289,0.9993207454681396,0.5125061249955286,0.5431874871670798,0.0,0.9992530345916748,0.6645526676564621,0.6438361527146537,0.03871750982629296,0.6,0.5590288287949303,0.6510545214017249,0.2260716398214478,0.6,0.699853733966227,0.6964977799277575,0.4444096676613167,0.6,0.5641984336677655,0.7378483281053365,0.5157939495797144,0.6,0.6984845236235993,0.70930517226263,0.5053822859829561,0.6,0.41451653838157765,0.44357728958129994,0.0,0.6,0.7193658359689669,0.7598423805891319,0.31766123855425726,0.6,0.43050594960048816,0.7486056666465342,0.1984180073449571,0.6,high,high,high,high,high,high,high,high,high,high,high,high,high,medium,medium,medium,low,medium,low,medium,low,medium,low,high,high,medium,medium,medium,medium,medium,medium,medium,medium
177,5.9,0.6670953763392717,0.3306992515956336,0.0,0.9988174438476562,0.6602211545953124,0.3207803834359971,0.0,0.9985949993133545,0.6576450214241508,0.3210126636050528,0.0,0.9983389973640442,0.6557945927262046,0.3217648090251962,0.0,0.9989267587661743,0.6565704124790823,0.31965445857364894,0.0,0.9990029335021973,0.6502401211878653,0.3187040592129144,0.0,0.9989525675773621,0.6453045695533858,0.31711200296462083,0.0,0.9992791414260864,0.6243265725515955,0.32840325740667575,0.0,0.9992483258247375,0.6063449924642406,0.32095106477504093,0.0,0.9985069632530212,0.6431807233737082,0.34263800838332725,0.0,0.9975005984306335,0.6371509435571452,0.34096835654376634,0.0,0.9968580007553101,0.5780719244952539,0.38323248891563777,0.06030494620750018,0.9993820190429688,0.49987897742322684,0.3881784504526989,0.0,0.9986200332641602,0.6118813696163256,0.403124426072573,0.33631400216917984,0.5562294125556946,0.3745596077475524,0.41204301161921775,0.0,0.5531562566757202,0.6825005620509612,0.3887002634140727,0.5253726806673985,0.5473363995552063,0.31867386065510406,0.395990555450356,0.0,0.488571435213089,0.7020125851764565,0.3841659549649789,0.5623374291650081,0.5345051884651184,0.30772513295317666,0.39571064314642257,0.0,0.47666552662849426,0.70343196732459,0.3778496119942708,0.5040377055431593,0.5475408434867859,0.31558912263050026,0.39060309570986174,0.0,0.4852595329284668,0.7015108994114945,0.3809607334626036,0.506520398985813,0.5205202102661133,0.318740941740417,0.39179107998356777,0.0,0.4694257974624634,0.5535728129751492,0.5255283188152995,0.11300609778072326,0.9990752935409546,0.5135626559490938,0.5287545356022464,0.0,0.998953104019165,0.66385647896174,0.6450099896740287,0.04072576700835625,0.6,0.5564259578441766,0.6525571942329425,0.22632804204677773,0.6,0.6976256339173585,0.6989786675886123,0.44555979535768026,0.6,0.5620552876899998,0.7398871676675225,0.5189057036206655,0.6,0.696153756450206,0.711852658028698,0.5068638359799118,0.6,0.41451653838157765,0.44357728958129994,0.0,0.6,0.7172121662719596,0.7626911752364235,0.318525571449131,0.6,0.4313364721787215,0.7516237654883411,0.20514080402957457,0.6,high,high,high,high,high,high,high,high,high,high,high,high,high,medium,medium,medium,low,medium,low,medium,low,medium,low,high,high,medium,medium,medium,medium,medium,medium,medium,medium
178,5.933333333333334,0.6657968555297069,0.4645176079028704,0.0,0.9989123940467834,0.6588468778105623,0.46187419432165583,0.0,0.9986940026283264,0.6543655813712914,0.4624889933771199,0.0,0.9984546899795532,0.6503592908799248,0.46308645772767354,0.0,0.9989970922470093,0.6618561351493817,0.46056622395287705,0.0,0.9990758299827576,0.6593428249959363,0.4594655947668581,0.0,0.9990294575691223,0.6575184372755215,0.45800862074037374,0.0,0.9993306398391724,0.6238856835243045,0.4665256635848193,0.0,0.9992900490760803,0.63307567340233,0.45887538269683326,0.0,0.9986128807067871,0.6450115446444176,0.46986583201757526,0.0,0.9975211024284363,0.6473166659161778,0.4681118364795395,0.0,0.9969512224197388,0.5584497966549629,0.4855220479704018,0.11866662645873177,0.999358057975769,0.5576915673581607,0.48558992404482154,0.0,0.9987048506736755,0.5206388223977092,0.4865862988369739,0.33159917129294947,0.5026383399963379,0.42652777365315603,0.4913730754024235,0.0,0.511201798915863,0.5583245358267046,0.4698207215829342,0.46008555278494767,0.4934349060058594,0.37686947199987186,0.47382578587198715,0.0,0.4483224153518677,0.5670370874288213,0.46409982699892305,0.4853746589872401,0.48269590735435486,0.3655787530965192,0.4708497640969882,0.0,0.4389260411262512,0.5721758795090226,0.46127755082014954,0.4345301147246428,0.49445512890815735,0.36923111978666584,0.4681711434484374,0.0,0.4459384083747864,0.5751605597270412,0.4640702307224286,0.4437068982835707,0.470304936170578,0.37071845581481605,0.47036656188520365,0.0,0.430241197347641,0.5347584608968335,0.530338523271202,0.10810531762869306,0.9990249276161194,0.5382809017921675,0.5288364895573877,0.0,0.9989669322967529,0.6631602902670182,0.6461838266334036,0.04273402419041954,0.6,0.553823086893423,0.65405986706416,0.22658444427210772,0.6,0.6953975338684903,0.701459555249467,0.4467099230540438,0.6,0.5599121417122341,0.7419260072297083,0.5220174576616163,0.6,0.6938229892768131,0.714400143794766,0.5083453859768675,0.6,0.41451653838157765,0.44357728958129994,0.0,0.6,0.7150584965749522,0.7655399698837151,0.31938990434400477,0.6,0.43216699475695486,0.754641864330148,0.21186360071419202,0.6,high,high,high,high,high,high,high,high,high,high,high,high,high,medium,medium,low,low,low,low,low,low,low,low,high,high,medium,medium,medium,medium,medium,medium,medium,medium
180,6.0,0.6457076110900993,0.5488476685502327,0.0,0.9989582300186157,0.639174705966093,0.5523168793716646,0.0,0.9987118244171143,0.6348872318829151,0.5533503703165181,0.0,0.9984714388847351,0.6305849561185564,0.5541205871980522,0.0,0.9989977478981018,0.6482083693250926,0.5504819652834153,0.0,0.9990813136100769,0.6502611113317103,0.5494223231132784,0.0,0.9990484118461609,0.6510678952112637,0.5481726746042306,0.0,0.9993396401405334,0.6139766117492772,0.5554108821150877,0.0,0.9993139505386353,0.6420064835281656,0.5474239573889972,0.0,0.9986619353294373,0.6315298654955324,0.549342955951092,0.0,0.9976716041564941,0.6395398061592279,0.5462504328339265,0.0,0.9970749020576477,0.5417007685124472,0.5481709801094808,0.08291294349309748,0.9994155764579773,0.6030705491979655,0.5444449066837922,0.0,0.9988145232200623,0.45850219662650876,0.5315622014877138,0.20074064204673442,0.48141545057296753,0.48010994087566156,0.5389520867026506,0.0,0.46303775906562805,0.4704591959784371,0.508035641797496,0.23449020831040351,0.452009916305542,0.43453784979932075,0.5264500926980342,0.0,0.41462239623069763,0.4677951335906994,0.5007932778005013,0.23738765702658943,0.44567224383354187,0.4247434371800145,0.5216930983783495,0.0,0.4141377806663513,0.4761927587030107,0.5003587955083616,0.19643161228764638,0.4571218490600586,0.42590753709797646,0.521725842863809,0.0,0.4220004677772522,0.48254277961793335,0.5029003498576474,0.22052551885862787,0.4327673614025116,0.4253180351082273,0.523363249493647,0.0,0.40730828046798706,0.5200934342710024,0.5155218974415808,0.0858045821023851,0.999098539352417,0.5595169766243814,0.511810291133006,0.0,0.9990538358688354,0.6624641015722963,0.6473576635927785,0.04474228137248283,0.6,0.5512202159426692,0.6555625398953773,0.22684084649743763,0.6,0.6931694338196219,0.7039404429103218,0.44786005075040736,0.6,0.5577689957344685,0.7439648467918942,0.5251292117025674,0.6,0.6914922221034199,0.716947629560834,0.5098269359738232,0.6,0.41451653838157765,0.44357728958129994,0.0,0.6,0.712904826877945,0.7683887645310068,0.3202542372388786,0.6,0.43299751733518826,0.7576599631719548,0.21858639739880947,0.6,high,high,high,high,high,high,high,high,high,high,high,high,high,low,low,low,low,low,low,low,low,low,low,high,high,medium,medium,medium,medium,medium,medium,medium,medium
181,6.033333333333333,0.6201474634639605,0.5909261554132268,0.0,0.9990311861038208,0.6142818651971855,0.5984816285835851,0.0,0.9987980127334595,0.6102061504389594,0.5997868948605249,0.0,0.9985731244087219,0.6063124482587239,0.6005626012047982,0.0,0.9990654587745667,0.6270952246961632,0.596338527116466,0.0,0.9991395473480225,0.6326558854613288,0.5954424422104058,0.0,0.9991122484207153,0.6369248366717153,0.594380777893646,0.0,0.9993785619735718,0.5979325446910251,0.6001693468132792,0.0,0.999360978603363,0.6390238469575129,0.592552541227609,0.0,0.998723566532135,0.6111198230917931,0.5877378474582341,0.0,0.9978142976760864,0.623150229176165,0.5835249322555576,0.0,0.9972320795059204,0.5260471268828391,0.5767309139102783,0.05657403699680309,0.9994654655456543,0.637022589539594,0.5701820161237043,0.0,0.9988937377929688,0.41819656659395377,0.553130522266136,0.08345713695654525,0.4800587296485901,0.5303313812731599,0.5613501043447541,0.0,0.4444233775138855,0.4078404107988586,0.5278202701003971,0.04071569516560146,0.45259302854537964,0.4902333337943884,0.5538602686011722,0.0,0.4203651547431946,0.39703060078732166,0.5198017489382173,0.0261534867864667,0.4555700719356537,0.484299352049551,0.54852877685796,0.0,0.4319521188735962,0.4079774250656307,0.5207076594407201,0.0,0.4675842821598053,0.48193504607483073,0.5504731435181114,0.0,0.4404456615447998,0.41602110411181703,0.5229911759738891,0.030242213968508916,0.4406168758869171,0.48119048319218727,0.5521364117557922,0.0,0.4192231297492981,0.5083797239896036,0.4957108289906486,0.05640907718480899,0.9991170763969421,0.5788709111424886,0.4898627495571185,0.0,0.9990184307098389,0.6617679128775743,0.6485315005521535,0.04675053855454611,0.6,0.5486173449919156,0.6570652127265948,0.2270972487227676,0.6,0.6909413337707537,0.7064213305711765,0.4490101784467709,0.6,0.5556258497567028,0.74600368635408,0.5282409657435185,0.6,0.6891614549300268,0.719495115326902,0.511308485970779,0.6,0.41451653838157765,0.44357728958129994,0.0,0.6,0.7107511571809376,0.7712375591782983,0.32111857013375233,0.6,0.4338280399134216,0.7606780620137616,0.22530919408342698,0.6,high,high,high,high,high,high,high,high,high,high,high,high,high,low,low,low,low,low,low,low,low,low,low,high,high,medium,medium,medium,medium,medium,medium,medium,medium
182,6.066666666666666,0.5892666198295884,0.5928541829327619,0.0,0.9989789128303528,0.585349536928543,0.6016039660413243,0.0,0.9985934495925903,0.5817926569140612,0.6028853795189418,0.0,0.99831223487854,0.5790319034964347,0.6037918255254121,0.0,0.9989556670188904,0.5997792106547294,0.5995229083202396,0.0,0.9989940524101257,0.606727982178714,0.5989612157528234,0.0,0.9989516139030457,0.6128727019111053,0.5983019000861489,0.0,0.9992387294769287,0.579760430576086,0.6038291904476155,0.0001449032745265283,0.9992644190788269,0.6242732275754994,0.5965065805714741,0.04859138462075973,0.9982087016105652,0.5841451519297013,0.5880246043622093,0.0,0.9976889491081238,0.5994327434431994,0.584086033048887,0.004081152535818672,0.9969951510429382,0.5175063146022107,0.5744114998893042,0.03089339327770521,0.9995059370994568,0.6468588414586802,0.5678459699059437,0.04460763050127127,0.9989438652992249,0.40041260216341806,0.5520134973915043,0.0,0.4736250638961792,0.5636789145725327,0.5621467836392247,0.0,0.4252927601337433,0.378029329654499,0.5299023225868791,0.0,0.449471652507782,0.5189473756300278,0.56119600209323,0.0,0.4217994809150696,0.3621192141707414,0.5219972856811724,0.0,0.45939797163009644,0.5116179241062891,0.5563512853670246,0.0,0.44705620408058167,0.37463104565104777,0.5243166165474148,0.0,0.47102898359298706,0.505712717528389,0.5597481055137454,0.0,0.455735445022583,0.382376908908636,0.5264335453927115,0.0,0.4399854838848114,0.5054357176546742,0.5612056034428272,0.0,0.42787793278694153,0.5036216829762328,0.4792308664961029,0.0071126752053246485,0.9991819262504578,0.5872463889611088,0.47084110551503,0.0,0.9990881085395813,0.6610717241828523,0.6497053375115283,0.048758795736609406,0.6,0.546014474041162,0.6585678855578123,0.22735365094809754,0.6,0.6887132337218854,0.7089022182320313,0.4501603061431345,0.6,0.553482703778937,0.748042525916266,0.5313527197844695,0.6,0.6868306877566337,0.72204260109297,0.5127900359677346,0.6,0.41451653838157765,0.44357728958129994,0.0,0.6,0.7085974874839304,0.7740863538255899,0.3219829030286262,0.6,0.4346585624916549,0.7636961608555686,0.23203199076804443,0.6,high,high,high,high,high,high,high,high,high,high,high,high,high,low,low,low,low,low,low,low,low,low,low,high,high,medium,medium,medium,medium,medium,medium,medium,medium
183,6.1,0.5650064663175673,0.5640609095563436,0.06945713882123972,0.9989026188850403,0.5642833853518228,0.5712427178046102,0.0614719952528295,0.9983705878257751,0.5609951034570366,0.5719760825167185,0.06103770898780987,0.998072624206543,0.5582686382018062,0.5724887140355759,0.06102403280236242,0.9988561272621155,0.5782984985616118,0.5699810886577585,0.0750198122716374,0.9987818598747253,0.5852885138599482,0.5698892925724854,0.07456657574875714,0.9987297654151917,0.5916478588725598,0.5697529670936538,0.07441141226601378,0.9990823268890381,0.5653732124464232,0.5716308606115548,0.06539871158091357,0.9992344975471497,0.6084200563408573,0.5677988955052042,0.15333357830217156,0.9976205229759216,0.5626358776103659,0.5585738209994539,0.07706060084445956,0.9976993203163147,0.5793571838271105,0.5559733753854593,0.09603672650901057,0.9969900846481323,0.5167891439441215,0.539696891894153,0.045418457395130236,0.9995483160018921,0.64616816638511,0.5409089768683174,0.15165890280769567,0.9990241527557373,0.41584256444221995,0.5253389752133479,0.0,0.46295827627182007,0.5765384189732441,0.5484248428216918,0.06318405572767874,0.402779757976532,0.4023681810269,0.5199501540833156,0.0,0.42946240305900574,0.5417760625169008,0.5696982507939121,0.0,0.4186643064022064,0.3916288992880674,0.5145746680684313,0.0,0.4383021891117096,0.5337534333581427,0.5681772220940594,0.0,0.44264042377471924,0.4029888027197842,0.5184684879991016,0.0,0.44828084111213684,0.5288188903481824,0.5726721512548867,0.0,0.4507884681224823,0.40986818082127086,0.5196703935697654,0.0,0.4213274121284485,0.5302982635987125,0.5728322707272925,0.0,0.42467039823532104,0.4978295224946709,0.45113842095528567,0.0,0.9992547035217285,0.5806508683936038,0.44916102658340823,0.025765364759521396,0.9991675615310669,0.6603755354881304,0.6508791744709033,0.05076705291867269,0.6,0.5434116030904081,0.6600705583890297,0.22761005317342753,0.6,0.6864851336730171,0.711383105892886,0.451310433839498,0.6,0.5513395578011715,0.7500813654784517,0.5344644738254205,0.6,0.6844999205832405,0.724590086859038,0.5142715859646904,0.6,0.41451653838157765,0.44357728958129994,0.0,0.6,0.706443817786923,0.7769351484728815,0.32284723592349995,0.6,0.43548908506988837,0.7667142596973755,0.23875478745266188,0.6,high,high,high,high,high,high,high,high,high,high,high,high,high,low,low,low,low,low,low,low,low,low,low,high,high,medium,medium,medium,medium,medium,medium,medium,medium
186,6.2,0.5426359665699508,0.5010261903484398,0.14544030536608787,0.9989315867424011,0.5457174728661442,0.5033942161253852,0.1357167628756565,0.998482882976532,0.5433509090702587,0.5034313247754038,0.1353063385299734,0.9982060194015503,0.5425112051563677,0.5033532997597638,0.13527213690459486,0.9989290237426758,0.5585872766438079,0.5030181769863444,0.1577130425829957,0.9988749027252197,0.5649371975924322,0.5032949670628248,0.15736798442670108,0.9988308548927307,0.5705006883972468,0.5033484059613915,0.15728619322506426,0.999156653881073,0.5548319329609697,0.5014004340538625,0.11755120663714816,0.9992813467979431,0.5904291234649994,0.5009132790051432,0.21379071947769046,0.9978185892105103,0.5431646244787128,0.4967854780889627,0.14423207427183204,0.9978581666946411,0.5589807034928218,0.49570700196258527,0.17026741902554554,0.9972303509712219,0.522998658232479,0.48184271889688934,0.0618320640723607,0.9995882511138916,0.6336479910881665,0.48944075721683056,0.2228821233202034,0.9991129636764526,0.44124514566157086,0.486620027285357,0.0,0.43500426411628723,0.5648492901197417,0.5160824356379222,0.12355258078737724,0.36353355646133423,0.43507954902026597,0.4924377216186848,0.0,0.42290133237838745,0.5043085387675648,0.5440459115244028,0.0,0.3835256099700928,0.42829007799531027,0.48910352441814525,0.0,0.44216546416282654,0.48819138717540345,0.5450278794293096,0.0,0.41036364436149597,0.4354786977762398,0.4916228596425014,0.0,0.45082420110702515,0.48052447436850787,0.5489478280772155,0.0,0.4183318018913269,0.44139521126147035,0.49286677092661246,0.0,0.41525691747665405,0.4856024867310126,0.5484214065236104,0.0,0.39240044355392456,0.5061113523158729,0.4422685437963848,0.0,0.9993231296539307,0.576521295628627,0.4465023899550772,0.04478193318692758,0.9992456436157227,0.6596793467934086,0.6520530114302783,0.05277531010073598,0.6,0.5408087321396546,0.6615732312202471,0.2278664553987575,0.6,0.6842570336241489,0.7138639935537407,0.45246056153586156,0.6,0.5491964118234057,0.7521202050406377,0.5375762278663715,0.6,0.6821691534098475,0.7271375726251061,0.5157531359616461,0.6,0.41451653838157765,0.44357728958129994,0.0,0.6,0.7042901480899155,0.779783943120173,0.3237115688183737,0.6,0.4363196076481217,0.7697323585391824,0.24547758413727938,0.6,high,high,high,high,high,high,high,high,high,high,high,high,high,low,low,low,low,low,low,low,low,low,low,high,high,medium,medium,medium,medium,medium,medium,medium,medium
187,6.233333333333333,0.4890497029522373,0.39349229859583407,0.22081466107726994,0.9989662170410156,0.4924179655271823,0.3878898439985343,0.20461755844228252,0.9986039400100708,0.4918202538312467,0.38728772496288016,0.20426454084397877,0.9983496069908142,0.4935639673596508,0.3865680236082821,0.20424996383297195,0.9990151524543762,0.5026396523405635,0.3892566858332762,0.22908248148135696,0.9989612698554993,0.5084113498806688,0.3898562752839301,0.22873695090653046,0.9989171028137207,0.5135782817443781,0.3901543549863341,0.22865225374291656,0.9992179870605469,0.515778171154726,0.38512971594339307,0.14309648473015518,0.9993256330490112,0.5424512786604044,0.388942452994261,0.2526538420234117,0.9979279041290283,0.49790517489115527,0.3939995296073693,0.20560844114136076,0.9978954792022705,0.5087784077876667,0.394956777979445,0.23489636183870555,0.9971812963485718,0.502826535896267,0.3951452438370064,0.05906264919848449,0.9996243715286255,0.6141698231230266,0.40662011969617584,0.2535117147544662,0.9991782903671265,0.441193174162668,0.43768626722422627,0.0,0.39646270871162415,0.5779576540549056,0.46492560614239203,0.223459571495757,0.3272353708744049,0.42613833107592736,0.45552117764810984,0.0188114887368291,0.38881146907806396,0.5221481028692441,0.5046027127679424,0.16816755568300415,0.34577205777168274,0.4195666656349656,0.4571791614269055,0.007115399816653163,0.408830851316452,0.5082099710033225,0.5107807677525754,0.15560090802349452,0.3705865144729614,0.42429814840252417,0.455744376271478,0.0034498612815406088,0.41626328229904175,0.4995174250958418,0.5119514410451311,0.13470845386529237,0.3777535557746887,0.4305460513471735,0.45579802128540725,0.020811605579838556,0.38128426671028137,0.5034126581011966,0.5099006086796327,0.155088867688235,0.35443180799484253,0.5055122709635544,0.45151962669857293,0.0,0.9993637800216675,0.5755410363902038,0.45774393731897645,0.055624083995749765,0.9993011355400085,0.6589831580986865,0.6532268483896531,0.054783567282799275,0.6,0.538205861188901,0.6630759040514647,0.22812285762408746,0.6,0.6820289335752806,0.7163448812145955,0.45361068923222514,0.6,0.5470532658456401,0.7541590446028237,0.5406879819073226,0.6,0.6798383862364543,0.729685058391174,0.5172346859586019,0.6,0.41451653838157765,0.44357728958129994,0.0,0.6,0.7021364783929084,0.7826327377674647,0.32457590171324746,0.6,0.4371501302263551,0.7727504573809892,0.25220038082189683,0.6,high,high,high,high,high,high,high,high,high,high,high,high,high,low,low,low,low,low,low,low,low,low,low,high,high,medium,medium,medium,medium,medium,medium,medium,medium
188,6.266666666666667,0.4576203852961403,0.3185351760167906,0.25672367625025394,0.9990151524543762,0.46169916462231464,0.30879893096593786,0.22554899439528336,0.9987148642539978,0.4627071499546659,0.3080013372472958,0.2252696696017595,0.9984886646270752,0.4664974544709669,0.3072324407684227,0.22529501909073202,0.9990930557250977,0.46832476754288693,0.31009271720072684,0.26598652317850885,0.9990438222885132,0.47253358134856716,0.310519819701469,0.2656032149484584,0.9990057945251465,0.47632144304700236,0.31064497382490863,0.26550706868366103,0.9992768168449402,0.49346667597621885,0.3066007941961296,0.10296921024537545,0.9993677139282227,0.5070808291574194,0.3106677592981676,0.29107968720210264,0.9980292916297913,0.4702259354935949,0.32322607069582454,0.22263508727708958,0.9979923367500305,0.47638075480928077,0.3243269485124072,0.2732669487899494,0.9972766637802124,0.5000957235311864,0.3376845131804068,0.0,0.999660074710846,0.590085597652379,0.3448603283831021,0.3347352510277465,0.999241828918457,0.4662085474926843,0.3991245905975094,0.0,0.37730085849761963,0.5932514017278514,0.4134455264170419,0.38296885806676495,0.29468315839767456,0.43181117188124785,0.41544044385979056,0.0,0.3673379123210907,0.5533116123615182,0.4583534517071476,0.381347624828176,0.3121775984764099,0.42386855056513834,0.41963983040589664,0.0,0.389673113822937,0.5438737744218001,0.468185677742348,0.39071189965575276,0.33523067831993103,0.42683516182266024,0.4140239215536284,0.0,0.39740046858787537,0.5351611404291136,0.46758141370364403,0.3612204492786836,0.3416267931461334,0.4329520805732365,0.41360056052952765,0.0,0.3610262870788574,0.5377908432400325,0.46459002712945685,0.3659972940117895,0.3206893503665924,0.5168202458283854,0.44926152751718207,0.0,0.9994009137153625,0.57455694550401,0.45600380611308644,0.11192201659960446,0.999337911605835,0.6582869694039646,0.6544006853490281,0.056791824464862556,0.6,0.5356029902381472,0.664578576882682,0.22837925984941743,0.6,0.6798008335264123,0.7188257688754502,0.4547608169285886,0.6,0.5449101198678744,0.7561978841650094,0.5437997359482736,0.6,0.6775076190630613,0.7322325441572421,0.5187162359555575,0.6,0.41451653838157765,0.44357728958129994,0.0,0.6,0.699982808695901,0.7854815324147563,0.32544023460812127,0.6,0.4379806528045885,0.7757685562227962,0.2589231775065143,0.6,high,high,high,high,high,high,high,high,high,high,high,high,high,low,low,low,low,low,low,low,low,low,low,high,high,medium,medium,medium,medium,medium,medium,medium,medium
189,6.3,0.4297521278296884,0.2637167241606686,0.25000205447589113,0.9988263845443726,0.4353354315518788,0.2506389065639129,0.21105241381274575,0.9986277222633362,0.43767321929509384,0.2496786246419237,0.21082372058591148,0.9983466863632202,0.44281201790540764,0.24888592427010364,0.21089618001784535,0.998989462852478,0.43840274506515664,0.2519064322287671,0.26165230820576424,0.9990036487579346,0.4410377223313839,0.2521500393644086,0.261241284778694,0.9989402890205383,0.4435230095486552,0.25213097272080487,0.26113730428484283,0.9992449879646301,0.4729861392007853,0.24861924384996392,0.0702576740082607,0.9990528225898743,0.47566575020343405,0.25265378169802305,0.30147102753911903,0.9975174069404602,0.44492643112902996,0.27147882454323113,0.2096400318324294,0.9972046613693237,0.4467640794240523,0.27278300126393706,0.27318155337971795,0.9963597655296326,0.49844064467992666,0.2964816757571177,0.0,0.9996928572654724,0.5622935525743015,0.30021821882897126,0.3705172204686066,0.9993149042129517,0.48304153093091384,0.3765810509939581,0.0,0.34168103337287903,0.5786932752682628,0.3801690935393879,0.43295166313231526,0.2658267021179199,0.4194422443429918,0.3902722723556298,0.0,0.335463285446167,0.5279261121105217,0.4293177793353877,0.418040622520698,0.28360515832901,0.40531470412974696,0.39653770226143004,0.0,0.35831218957901,0.5157017225707896,0.4414151461669071,0.42974777148042365,0.30476805567741394,0.4087691897556787,0.38739285866419576,0.0,0.3651868402957916,0.5069247172290086,0.43980395641082487,0.3970468807748436,0.3102306127548218,0.4155892076747968,0.3863371157701765,0.0,0.3298490047454834,0.5116968078491029,0.43617743913666185,0.4011205864814067,0.2911069393157959,0.5260182105022169,0.4546967205745647,0.0,0.9994102716445923,0.5680858223310454,0.4594050042834883,0.13864769737099472,0.9993792772293091,0.6575907807092427,0.6555745223084029,0.05880008164692585,0.6,0.5330001192873937,0.6660812497138995,0.22863566207474736,0.6,0.6775727334775441,0.721306656536305,0.4559109446249522,0.6,0.5427669738901088,0.7582367237271954,0.5469114899892246,0.6,0.6751768518896681,0.73478002992331,0.5201977859525133,0.6,0.41451653838157765,0.44357728958129994,0.0,0.6,0.6978291389988935,0.7883303270620479,0.3263045675029951,0.6,0.43881117538282177,0.7787866550646031,0.2656459741911318,0.6,high,high,high,high,high,high,high,high,high,high,high,high,high,low,low,low,low,low,low,low,low,low,low,high,high,medium,medium,medium,medium,medium,medium,medium,medium
191,6.366666666666666,0.4107344614598034,0.242640435869322,0.2267017333523001,0.9988869428634644,0.4172427001255109,0.22770131658979842,0.18280123613583787,0.9987379312515259,0.4201978566624357,0.22661199946920413,0.18259375637054215,0.9984801411628723,0.42512123088736753,0.22581478404554234,0.18269394393706428,0.9990666508674622,0.41858629594038244,0.2289644520043777,0.23854975634643172,0.9990800619125366,0.4200555893368943,0.2290807168383704,0.23808598550935373,0.9990211725234985,0.42174039666469393,0.2290323331153204,0.23798130790427358,0.999302864074707,0.4552919222063686,0.2258313125246894,0.03863657752186558,0.9991360306739807,0.45426615572476015,0.2296948903576761,0.2921740420310308,0.9977429509162903,0.4266066519252637,0.2516322495081492,0.1863844428615246,0.997398853302002,0.42586894941218917,0.2532133402732709,0.2565434380349795,0.9966008067131042,0.48730434848990045,0.2839282602419116,0.0,0.9997063875198364,0.5502830202623973,0.2819609744843355,0.39113989773576663,0.9993575215339661,0.4921843733959833,0.37663699592743816,0.0,0.38908275961875916,0.5885859240185146,0.36538512619225394,0.4988313819996002,0.23988933861255646,0.4095891917641079,0.3912644065343427,0.0,0.34350234270095825,0.5449960261652812,0.4162309855431121,0.5315754081845506,0.25923994183540344,0.3914047276084528,0.40002749988804986,0.0,0.3641360402107239,0.5337531353349189,0.43059704221767814,0.5543890526748357,0.2823830246925354,0.39469422792499265,0.38883349285537094,0.0,0.3698807656764984,0.5224407012368152,0.4290061445780856,0.520716622159199,0.2873111367225647,0.4021058531352145,0.3872322784715053,0.0,0.3322611451148987,0.5268917315072961,0.42503998614413585,0.5155830956943399,0.2706688642501831,0.5279915937176966,0.465502258503077,0.0,0.9994512796401978,0.5716017120645889,0.46658784276122106,0.16230538793099275,0.999431312084198,0.6568945920145206,0.6567483592677779,0.06080833882898913,0.6,0.53039724833664,0.667583922545117,0.22889206430007733,0.6,0.6753446334286757,0.7237875441971597,0.45706107232131576,0.6,0.5406238279123431,0.7602755632893812,0.5500232440301758,0.6,0.672846084716275,0.7373275156893782,0.521679335949469,0.6,0.41451653838157765,0.44357728958129994,0.0,0.6,0.6956754693018863,0.7911791217093396,0.32716890039786883,0.6,0.43964169796105523,0.78180475390641,0.27236877087574923,0.6,high,high,high,high,high,high,high,high,high,high,high,high,high,low,low,low,low,low,low,low,low,low,low,high,high,medium,medium,medium,medium,medium,medium,medium,medium
192,6.4,0.42059235278265295,0.2835811078548439,0.17619319684751433,0.998982310295105,0.4275302443748877,0.2693162317320469,0.1365261930095292,0.9988417029380798,0.4307166901362815,0.26814167222359864,0.13627646368491939,0.9986032843589783,0.4354524157402966,0.2673335744020274,0.13636651590014987,0.9991406798362732,0.4279612956486115,0.27077623864848643,0.18962678457404128,0.9991533756256104,0.4288082445834911,0.27081012503528445,0.1891021454198799,0.9990984797477722,0.43018276951252,0.2708130769587904,0.1889729608449491,0.999357283115387,0.46920645223075264,0.26604481760438575,0.021069023775540395,0.9992115497589111,0.46556682186526976,0.27097967947835483,0.2615609639052891,0.997946560382843,0.439731101264488,0.292100958404564,0.14739602231930782,0.9976283311843872,0.43726372677129577,0.29455057446495436,0.2135951056618397,0.9968858957290649,0.5081810143999855,0.32388205788074476,0.0,0.9997336864471436,0.5627978719197801,0.31944950511961356,0.3772942719119231,0.999412477016449,0.5075456065870401,0.4154285653070981,0.0,0.4473457634449005,0.5933888958884301,0.3955023168544958,0.5062637461093213,0.21727460622787476,0.39818874202964016,0.42030213227916824,0.0,0.39401909708976746,0.5369577949697335,0.43518334453478397,0.5667708495453814,0.23471687734127045,0.37069835334946877,0.4282059110961606,0.0,0.4055737257003784,0.5224900593360279,0.4465207242882347,0.5900977815052029,0.25618401169776917,0.37505982590444253,0.41561778483691025,0.0,0.40974584221839905,0.5105611849359157,0.44463764877864087,0.5575988874152005,0.2604687809944153,0.38508805326926504,0.4144634546099854,0.0,0.36417391896247864,0.5163767948781429,0.44177033406593424,0.5514218379116017,0.24554944038391113,0.5483176221936469,0.49809114207754734,0.0,0.999485433101654,0.5913814013098797,0.4944099380975572,0.15646437625020854,0.9994522333145142,0.6561984033197987,0.6579221962271528,0.06281659601105241,0.6,0.5277943773858862,0.6690865953763343,0.22914846652540727,0.6,0.6731165333798075,0.7262684318580146,0.4582112000176793,0.6,0.5384806819345774,0.7623144028515672,0.5531349980711266,0.6,0.670515317542882,0.739875001455446,0.5231608859464248,0.6,0.41451653838157765,0.44357728958129994,0.0,0.6,0.693521799604879,0.7940279163566311,0.3280332332927426,0.6,0.4404722205392885,0.7848228527482168,0.2790915675603667,0.6,high,high,high,high,high,high,high,high,high,high,high,high,high,low,low,low,low,low,low,low,low,low,low,high,high,medium,medium,medium,medium,medium,medium,medium,medium
193,6.433333333333334,0.4182627101044566,0.2719212619713699,0.041607500930992025,0.999010443687439,0.42530887256135586,0.25721886149653256,0.0,0.998842716217041,0.42841298777462555,0.256159418286422,0.0,0.9986233711242676,0.43361372241885066,0.2553949437705516,0.0,0.9991427063941956,0.42389444906117035,0.25842636573564826,0.05521433593353624,0.9991399049758911,0.42481530192015166,0.2584946209734143,0.054634859108112235,0.9990900754928589,0.425833007672451,0.2584559307162307,0.05448221424833338,0.9993418455123901,0.4701477293367998,0.2544648926574874,0.0,0.9992538690567017,0.462479436661537,0.25948203103247847,0.1487678480584239,0.9980430603027344,0.43913027942875443,0.28176187135122943,0.017559167455734267,0.9977709650993347,0.4343955093747264,0.28365277820256,0.08866142395163079,0.9970059394836426,0.5244508461379795,0.31998631670758526,0.0,0.9997581839561462,0.5525831535701722,0.3146941490245596,0.30896380059160633,0.9994405508041382,0.5521163689645591,0.41095504442572983,0.0,0.49998363852500916,0.5788845352498538,0.3893921551031954,0.4663922926780101,0.1960115283727646,0.41925269705710266,0.4078421202295043,0.0,0.448812872171402,0.5084357564543802,0.417712502824122,0.5071165227528788,0.21434924006462097,0.3832918766078426,0.4147119868051767,0.0,0.4567877948284149,0.4874965525243123,0.4258855258251415,0.5241055871709536,0.23707138001918793,0.38685973131017626,0.40002767106036313,0.0,0.46048739552497864,0.4730389176896137,0.4242683331588499,0.48418580662537414,0.24096107482910156,0.3988842700189098,0.3993524076777471,0.0,0.41373956203460693,0.47994061828632306,0.42269237912618307,0.48755238391024935,0.22750543057918549,0.5606841640177878,0.5114328164459678,0.0,0.999520480632782,0.5904046715973156,0.5032708012696482,0.1656932188219684,0.9994723796844482,0.6555022146250769,0.6590960331865277,0.0648248531931157,0.6,0.5251915064351327,0.6705892682075518,0.22940486875073723,0.6,0.6708884333309393,0.7287493195188692,0.45936132771404287,0.6,0.5363375359568117,0.7643532424137529,0.5562467521120776,0.6,0.6681845503694888,0.7424224872215142,0.5246424359433806,0.6,0.41451653838157765,0.44357728958129994,0.0,0.6,0.6913681299078716,0.7968767110039227,0.32889756618761634,0.6,0.44130274311752193,0.7878409515900238,0.2858143642449842,0.6,high,high,high,high,high,high,high,high,high,high,high,high,high,low,low,low,low,low,low,low,low,low,low,high,high,medium,medium,medium,medium,medium,medium,medium,medium
195,6.5,0.4191380581516775,0.2641203689686353,0.0,0.9990921020507812,0.4273259138171778,0.24870914575103342,0.0,0.9989246726036072,0.431674775891094,0.24755279309960854,0.0,0.9987204670906067,0.4380046241072241,0.24671318929095432,0.0,0.999203085899353,0.42378538791394293,0.24984529617922074,0.0,0.9991990327835083,0.42436035932638816,0.24980845658373507,0.0,0.9991519451141357,0.4246612762932467,0.24967560668786432,0.0,0.9993835687637329,0.4757976065843546,0.24639803678283667,0.0,0.9993094205856323,0.45956475140053754,0.2513459061548155,0.04206591098632301,0.9981546998023987,0.44116450926085016,0.27509886561296,0.0,0.997934103012085,0.43517342133399883,0.27710954369087115,0.0,0.9971798658370972,0.5475296311445184,0.3200676010483081,0.0,0.9997791647911072,0.5360986625120092,0.31237633321390923,0.24308217972482343,0.9994649887084961,0.6071147720713732,0.41025223904278557,0.0,0.5324634313583374,0.5584993097748805,0.3863178512433202,0.40992101115155166,0.17689591646194458,0.4520826947577917,0.4089628505956887,0.0,0.45951467752456665,0.4717112957458686,0.40137088062602155,0.41274862112976846,0.1972433626651764,0.4081380706289164,0.4167589454939882,0.0,0.46074041724205017,0.4516037725832647,0.4060746632116946,0.42047653993318246,0.22243738174438477,0.40912044708267625,0.4002981532564819,0.0,0.4651221036911011,0.4381416333722079,0.40356143767183583,0.37503105381152113,0.22630560398101807,0.42395541057998043,0.39952344647098637,0.0,0.4130086600780487,0.44552126196853603,0.40328871446611825,0.3896770925198134,0.21388904750347137,0.5721856693287845,0.5245938003063215,0.0,0.9994271993637085,0.5784895841753026,0.511634970392104,0.17166012733966365,0.9993625283241272,0.6548060259303549,0.6602698701459027,0.066833110375179,0.6,0.522588635484379,0.6720919410387693,0.2296612709760672,0.6,0.6686603332820709,0.7312302071797241,0.4605114554104064,0.6,0.534194389979046,0.7663920819759389,0.5593585061530287,0.6,0.6658537831960958,0.7449699729875822,0.5261239859403362,0.6,0.41451653838157765,0.44357728958129994,0.0,0.6,0.6892144602108643,0.7997255056512143,0.3297618990824901,0.6,0.4421332656957553,0.7908590504318306,0.29253716092960164,0.6,high,high,high,high,high,high,high,high,high,high,high,high,high,medium,low,low,low,low,low,low,low,low,low,high,high,medium,medium,medium,medium,medium,medium,medium,medium
196,6.533333333333333,0.4186166217832865,0.2628016115485378,0.0,0.9991757869720459,0.43044627595059076,0.24630737999380392,0.0,0.9990234971046448,0.4369635323544494,0.2450450275675129,0.0,0.9988375902175903,0.4450945733310471,0.24410788923293625,0.0,0.9992758631706238,0.4236322988719107,0.2474281962934914,0.0,0.9992725253105164,0.42443291610215483,0.24728761491797807,0.0,0.9992290735244751,0.42423220058699146,0.24708404042920934,0.0,0.9994391798973083,0.4844261051474764,0.24456731714568838,0.0,0.9993742108345032,0.4556611081659111,0.2495564031295294,0.0,0.9983260035514832,0.4433429852510121,0.2743187940620883,0.0,0.9981099963188171,0.4356546504792089,0.2767786935909652,0.0,0.9973886609077454,0.5770579313898435,0.32284722621346496,0.0,0.9997961521148682,0.5106743967338612,0.31499024933868436,0.16645198388324794,0.9994828104972839,0.6670431714930474,0.4100022775170975,0.0,0.5294080972671509,0.5256139209498351,0.39141398445987585,0.31202276284635017,0.1593727171421051,0.5015610184841791,0.41665642786693013,0.0,0.41730278730392456,0.4202400447327507,0.40049892816788213,0.2425500888785567,0.1787385195493698,0.45490531460110795,0.4265512614261309,0.0,0.4181188642978668,0.4065513804311808,0.4041089425275942,0.23380810908087551,0.20293967425823212,0.45116350193679594,0.4092305404739791,0.0,0.42212802171707153,0.39786913153869674,0.399775987738497,0.18397111822536272,0.2064073532819748,0.4677854154632376,0.408040054889271,0.0,0.3750370442867279,0.4057686671024169,0.39972821871439723,0.2158431165562927,0.1952284723520279,0.5837268074909305,0.532065414187515,0.0,0.9993945956230164,0.5550474742631549,0.5165515247480588,0.16686765486613345,0.9993350505828857,0.6541098372356329,0.6614437071052774,0.0688413675572423,0.6,0.5199857645336252,0.6735946138699869,0.22991767320139717,0.6,0.6664322332332027,0.7337110948405787,0.46166158310676997,0.6,0.5320512440012803,0.7684309215381248,0.5624702601939798,0.6,0.6635230160227026,0.7475174587536502,0.527605535937292,0.6,0.41451653838157765,0.44357728958129994,0.0,0.6,0.687060790513857,0.802574300298506,0.33062623197736385,0.6,0.4429637882739887,0.7938771492736376,0.29925995761421914,0.6,high,high,high,high,high,high,high,high,high,high,high,high,high,medium,low,low,low,low,low,low,low,low,low,high,high,medium,medium,medium,medium,medium,medium,medium,medium
197,6.566666666666666,0.4262499973907348,0.26851785301050735,0.0,0.9992324709892273,0.4431218966181751,0.25144921545382215,0.0,0.9990804195404053,0.4515987199781114,0.25006035967167783,0.0,0.998908519744873,0.46115707684230256,0.24903246409548532,0.0,0.9993204474449158,0.430989414036692,0.25275516812201215,0.0,0.9992984533309937,0.4305723950023707,0.25281012808526376,0.0,0.9992524981498718,0.4293968176647233,0.25272757061572687,0.0,0.9994518160820007,0.4991036308951047,0.25059501753820473,0.0,0.9994155764579773,0.45593817868988673,0.25591922146735,0.0,0.9983445405960083,0.4526554813612881,0.27979488820184995,0.0,0.9982525706291199,0.44200607154752947,0.2829959053537514,0.0,0.9975056648254395,0.6054738316780497,0.3269929728863687,0.0,0.999811053276062,0.487236487212438,0.3223044258870176,0.11628450466306925,0.9994786977767944,0.7243382297195774,0.4111253289214948,0.0,0.5618290305137634,0.4807235668033444,0.40150502872911753,0.18219235871152217,0.14712758362293243,0.5684103898374089,0.4317746613964901,0.0,0.4545184373855591,0.3692435635414444,0.4101710910007959,0.004612716692033059,0.18773193657398224,0.5231335616056194,0.44313043522668166,0.0,0.45051705837249756,0.36328558651578546,0.4139782541142766,0.0,0.2206057906150818,0.5138567772222857,0.42702975514885544,0.0,0.454111248254776,0.36248492145593997,0.40651554661197364,0.0,0.22477342188358307,0.530306901617763,0.424972841650735,0.0,0.3994884788990021,0.37067664597001204,0.4061677783102433,0.0,0.2118748128414154,0.5885042833003702,0.5250955749224964,0.0,0.9992693066596985,0.5223585040697143,0.515383866561322,0.14665498657885867,0.9991540908813477,0.653413648540911,0.6626175440646525,0.07084962473930558,0.6,0.5173828935828715,0.6750972867012042,0.23017407542672713,0.6,0.6642041331843344,0.7361919825014336,0.46281171080313355,0.6,0.5299080980235146,0.7704697611003106,0.5655820142349307,0.6,0.6611922488493096,0.7500649445197182,0.5290870859342476,0.6,0.41451653838157765,0.44357728958129994,0.0,0.6,0.6849071208168496,0.8054230949457974,0.3314905648722377,0.6,0.443794310852222,0.7968952481154444,0.30598275429883653,0.6,high,high,high,high,high,high,high,high,high,high,high,high,high,medium,low,low,low,low,low,low,low,low,low,high,high,medium,medium,medium,medium,medium,medium,medium,medium
198,6.6,0.4287806754901426,0.2784258989326333,0.0,0.9988548755645752,0.45180942607926444,0.2598518827856289,0.0,0.9983076453208923,0.46360424411046874,0.25850740759383894,0.0,0.9981259703636169,0.4766610287703013,0.2574172636498389,0.0,0.9989027380943298,0.4314753754294569,0.26197108744463515,0.0,0.9982104301452637,0.42874276089223784,0.26194258419783867,0.0,0.9981011152267456,0.42568946940637803,0.2618600022751142,0.0,0.9984956979751587,0.5159282339758542,0.2612519229486557,0.0,0.9991744756698608,0.44936126095431783,0.26643428400957847,0.0,0.9952358603477478,0.46019087207345266,0.29083593512748585,0.0,0.998099684715271,0.44262657806034245,0.2946529894164122,0.0,0.9965931177139282,0.6368110416096702,0.3406006277719031,0.0,0.9998252987861633,0.4614762734699928,0.33904136387340483,0.07162893579139595,0.9993870258331299,0.7681906654006694,0.42430011243809185,0.0,0.5991189479827881,0.41645519563924016,0.4305466513533704,0.09306819321010243,0.13469931483268738,0.6033258894523557,0.44647985321658595,0.0,0.49957627058029175,0.32454074950485046,0.4355825148957049,0.0,0.18210837244987488,0.5530808072684821,0.45774673679214095,0.0,0.49207213521003723,0.3342361365095449,0.44008920298311927,0.0,0.21848547458648682,0.5410607657927192,0.44001571379063686,0.0,0.4950762987136841,0.33837902021435956,0.4278764254424411,0.0,0.22345773875713348,0.5590326551929792,0.43792440591158677,0.0,0.43446531891822815,0.3451245794971515,0.42705187875352096,0.0,0.2092123180627823,0.6103527984974839,0.5357135057727231,0.0,0.9992292523384094,0.505357024761348,0.527889049692311,0.138096605160541,0.9989895224571228,0.6527174598461891,0.6637913810240273,0.07285788192136887,0.6,0.514780022632118,0.6765999595324217,0.2304304776520571,0.6,0.661976033135466,0.7386728701622882,0.46396183849949707,0.6,0.5277649520457489,0.7725086006624966,0.5686937682758818,0.6,0.6588614816759164,0.7526124302857862,0.5305686359312034,0.6,0.41451653838157765,0.44357728958129994,0.0,0.6,0.6827534511198423,0.8082718895930892,0.33235489776711147,0.6,0.44462483343045545,0.7999133469572514,0.312705550983454,0.6,high,high,high,high,high,high,high,high,high,high,high,high,high,medium,low,low,low,low,low,low,low,low,low,high,high,medium,medium,medium,medium,medium,medium,medium,medium
199,6.633333333333334,0.43737897929889735,0.2839474885752714,0.0,0.9989358186721802,0.4632671304516037,0.2645774899107044,0.0,0.9984113574028015,0.4770187835593336,0.26346402276646075,0.0,0.9982427358627319,0.4915983420568759,0.2625369473006627,0.0,0.998961865901947,0.43629709059819866,0.2665099295633385,0.0,0.9983166456222534,0.4313867846568993,0.2660828046934873,0.0,0.9982165694236755,0.4264820114577022,0.26567260886266864,0.0,0.9985712170600891,0.5277936105683703,0.2668307361069266,0.0,0.9992198348045349,0.44346735596934794,0.26980260195154204,0.0,0.9955008625984192,0.46806324410549816,0.29632806798794964,0.0,0.9981876015663147,0.44546774356237495,0.2996898260844623,0.0,0.9966868758201599,0.6510401358415492,0.34681767753232146,0.0,0.999834418296814,0.43664707024614413,0.34180047826750387,0.0,0.9993675947189331,0.7885007826320518,0.42948289872049566,0.0,0.6314499378204346,0.36964167074445897,0.43385683587103296,0.0,0.1341995745897293,0.6321576800379737,0.455014555118024,0.0,0.5351766347885132,0.3116724814151558,0.4428300558131347,0.0,0.18383587896823883,0.5846115259718522,0.46811743216081225,0.0,0.5268274545669556,0.33575236432619116,0.4498479316284618,0.0,0.22360970079898834,0.5691711913733508,0.4495761650842398,0.0,0.5295619964599609,0.34555535667981946,0.4354612733517505,0.0,0.22843427956104279,0.5857015367432368,0.44658880703377124,0.0,0.4665319323539734,0.3491924012943868,0.43389974760286854,0.0,0.2142675369977951,0.6163562049259967,0.536180681143053,0.0,0.9989585876464844,0.4831053652824512,0.5291729527058872,0.10634639043369662,0.9984824657440186,0.652021271151467,0.6649652179834022,0.07486613910343215,0.6,0.5121771516813642,0.6781026323636391,0.23068687987738704,0.6,0.6597479330865978,0.741153757823143,0.46511196619586065,0.6,0.5256218060679834,0.7745474402246824,0.5718055223168328,0.6,0.6565307145025234,0.7551599160518542,0.5320501859281591,0.6,0.41451653838157765,0.44357728958129994,0.0,0.6,0.6805997814228351,0.8111206842403806,0.3332192306619852,0.6,0.44545535600868874,0.8029314457990582,0.3194283476680715,0.6,high,high,high,high,high,high,high,high,high,high,high,high,high,medium,low,medium,low,medium,low,medium,low,low,low,high,high,medium,medium,medium,medium,medium,medium,medium,medium
200,6.666666666666667,0.46001555890470236,0.28351417899409725,0.0,0.9990203380584717,0.4872801258708504,0.26455481607458325,0.0,0.9985336661338806,0.5017070411802185,0.2636236520636061,0.0,0.9983789324760437,0.5164682166976542,0.26298334951445285,0.0,0.999040961265564,0.45675631197460453,0.2657740415879348,0.0,0.9984444975852966,0.45031683046223236,0.2648237465353286,0.0,0.9983517527580261,0.4441358117095808,0.2639321714014447,0.0,0.9986732602119446,0.547518182259341,0.26630837496344095,0.0,0.9992779493331909,0.45370876476481364,0.2663562432591461,0.0,0.9958170056343079,0.4841097811441056,0.29428747612418626,0.0,0.9983097910881042,0.459053367445798,0.2964782548117479,0.0,0.996892511844635,0.6735222060363628,0.3425632266453661,0.0,0.9998454451560974,0.414725503374092,0.3320658239242923,0.0,0.999383270740509,0.8177240981366551,0.4214150570072505,0.0,0.6555706262588501,0.3349784926656807,0.41155123526538834,0.0,0.1352679431438446,0.6763105935705865,0.4529417915083046,0.0,0.5603463053703308,0.314273451869583,0.41710763978652576,0.0,0.1728971153497696,0.635388689093936,0.468843186582442,0.0,0.5519623756408691,0.3463855868939206,0.42403635523327693,0.0,0.21150757372379303,0.6166037211329247,0.4503324623013443,0.0,0.5543171763420105,0.3605315388985735,0.4094794665079028,0.0,0.2158554643392563,0.6291190162127407,0.4458156949851353,0.0,0.48758718371391296,0.363634404915197,0.4075791512752757,0.0,0.20267155766487122,0.6223545532960175,0.5217741537483158,0.0,0.9989367723464966,0.4553835920659547,0.5165426890888983,0.06722600264409641,0.9984255433082581,0.6513250824567451,0.6661390549427773,0.07687439628549544,0.6,0.5095742807306105,0.6796053051948565,0.23094328210271697,0.6,0.6575198330377295,0.7436346454839977,0.46626209389222417,0.6,0.5234786600902177,0.7765862797868683,0.5749172763577839,0.6,0.6541999473291302,0.7577074018179222,0.5335317359251148,0.6,0.41451653838157765,0.44357728958129994,0.0,0.6,0.6784461117258277,0.8139694788876723,0.334083563556859,0.6,0.4462858785869221,0.8059495446408651,0.326151144352689,0.6,high,high,high,high,high,high,high,high,high,high,high,high,high,medium,low,medium,low,medium,low,medium,low,low,low,high,high,medium,medium,medium,medium,medium,medium,medium,medium
201,6.7,0.47833613332335057,0.2669603659278592,0.0,0.9991138577461243,0.5004412845159202,0.24980300317555384,0.0,0.9986696243286133,0.5125535427829337,0.2491444650785635,0.0,0.9985288977622986,0.5244151343415682,0.24884493180088296,0.0,0.9991289377212524,0.4732718939408846,0.25061604561227807,0.0,0.9985880851745605,0.4669922210258771,0.24958389167324435,0.0,0.9985018968582153,0.46114293213213087,0.2486067826236607,0.0,0.9987891912460327,0.5439128522828479,0.2527284685756783,0.0,0.9993423819541931,0.4640849766892443,0.2507180694169382,0.0,0.9961665868759155,0.4936251449974002,0.2757864045652205,0.0,0.9984511733055115,0.4720465473500733,0.2773132754928312,0.0,0.9971439242362976,0.6341355919560091,0.32843109499880296,0.0,0.9998579025268555,0.43078281530689366,0.30471348467267834,0.0,0.9993888735771179,0.758760816636899,0.41208819687227655,0.0,0.6818127036094666,0.37404357324113474,0.3615961559030013,0.0,0.13832561671733856,0.6604777596769373,0.4386386931081485,0.0,0.5868067741394043,0.4021550392632173,0.34924604981651486,0.0,0.1620251089334488,0.6293896183128418,0.45486076943802234,0.0,0.5770648121833801,0.44322283823034536,0.35244686654953505,0.0,0.1990419626235962,0.613379728752418,0.43685392976363063,0.0,0.5792489647865295,0.45689303342834897,0.33937974750023153,0.0,0.20259471237659454,0.6223827702598989,0.4312860564891009,0.0,0.5114573836326599,0.45430973404910024,0.3389925990418685,0.0,0.19010894000530243,0.5952636591899105,0.500180859665772,0.009190111727147695,0.9989045858383179,0.4527871687929125,0.49441853332352936,0.0,0.9982644319534302,0.6506288937620233,0.667312891902152,0.07888265346755872,0.6,0.5069714097798569,0.681107978026074,0.23119968432804694,0.6,0.6552917329888612,0.7461155331448525,0.46741222158858775,0.6,0.5213355141124519,0.7786251193490541,0.5780290303987349,0.6,0.651869180155737,0.7602548875839903,0.5350132859220706,0.6,0.41451653838157765,0.44357728958129994,0.0,0.6,0.6762924420288203,0.8168182735349638,0.33494789645173284,0.6,0.4471164011651555,0.808967643482672,0.3328739410373064,0.6,high,high,high,high,high,high,high,high,high,high,high,high,high,medium,low,medium,low,medium,low,medium,low,medium,low,high,high,medium,medium,medium,medium,medium,medium,medium,medium
202,6.733333333333333,0.49853435693643167,0.2676533233452517,0.0,0.9991816878318787,0.5151036547058404,0.2509464957427874,0.0,0.9987533688545227,0.5244390691493789,0.250533008005792,0.0,0.9986216425895691,0.532885335125291,0.25059974193573065,0.0,0.9991759657859802,0.49093426427085485,0.2509139843962416,0.0,0.9986832737922668,0.484174225574886,0.24965083901282023,0.0,0.9986051321029663,0.47796299678462495,0.24841875925069712,0.0,0.998862624168396,0.5384037505774524,0.2530033508172409,0.0,0.9993841648101807,0.4694521536221328,0.2482225397527919,0.0,0.9964179396629333,0.5033151383722314,0.27499993951309604,0.0,0.9985310435295105,0.4839425929637513,0.27526423480960943,0.0,0.9973023533821106,0.588278483955456,0.326852998325042,0.0613160999643777,0.9998651146888733,0.4292053173194132,0.2930289723309055,0.0,0.9993993639945984,0.6907928266447482,0.41666163827155966,0.010201803940437423,0.6982558369636536,0.4096745769460729,0.33441673913896863,0.0,0.15399660170078278,0.6370816093224763,0.4487736479385761,0.0,0.5821160078048706,0.4691726376404586,0.3179937894597206,0.0,0.15692423284053802,0.6193203709342279,0.46641199106658937,0.0,0.566956639289856,0.508122864268322,0.3199153967844309,0.0,0.18996745347976685,0.6039097439714817,0.4501219770430419,0.0,0.5672784447669983,0.5165813396791215,0.31011474099540015,0.0,0.191963329911232,0.608416697917842,0.44335727459623103,0.0,0.496894896030426,0.5117158834195095,0.3103297885620241,0.0,0.1792430877685547,0.5559134597961735,0.49753053107739736,0.06858662165710092,0.998947024345398,0.43822798355198245,0.4911197368359523,0.0,0.9983353614807129,0.6499327050673012,0.668486728861527,0.080890910649622,0.6,0.5043685388291033,0.6826106508572916,0.2314560865533769,0.6,0.653063632939993,0.7485964208057072,0.46856234928495133,0.6,0.5191923681346863,0.7806639589112401,0.5811407844396859,0.6,0.6495384129823439,0.7628023733500582,0.5364948359190262,0.6,0.41451653838157765,0.44357728958129994,0.0,0.6,0.6741387723318131,0.8196670681822555,0.3358122293466066,0.6,0.44794692374338896,0.811985742324479,0.3395967377219239,0.6,high,high,high,high,high,high,high,high,high,high,high,high,high,medium,low,medium,low,medium,low,medium,low,low,low,high,high,medium,medium,medium,medium,medium,medium,medium,medium
205,6.833333333333333,0.5265761301234066,0.2878176675531977,0.0,0.9992594122886658,0.5361838713114648,0.2701542572680616,0.0,0.9988721013069153,0.5428157962146631,0.26986053509590024,0.0,0.9987537860870361,0.5489330864174953,0.2701556510997548,0.0,0.9992555975914001,0.5126993958349841,0.2694826508874389,0.0,0.9988058805465698,0.5041556805024905,0.26807105496074285,0.0,0.998733401298523,0.4962046297141179,0.2666104845094799,0.0,0.9989665746688843,0.5405918448677166,0.27036316814400446,0.0,0.9994439482688904,0.4737274354293365,0.2643774414743306,0.0,0.9967489838600159,0.5201064635128978,0.2958506214451964,0.0,0.9986722469329834,0.4995949948445358,0.29525134585676294,0.0,0.9975599646568298,0.5546310185552491,0.34184975786642685,0.07674707243075762,0.9998777508735657,0.4103935654068893,0.3076523705309651,0.0,0.9994548559188843,0.6409199583085838,0.43369436187621985,0.13480492884462572,0.6976558566093445,0.4116724548917839,0.3391390289321099,0.0,0.235968679189682,0.6193295308760012,0.47354281261250813,0.07807425869789467,0.6145629286766052,0.49970444675647985,0.3232106522663498,0.0,0.23570464551448822,0.6125016577871824,0.491944982385859,0.06297790438006276,0.5985369086265564,0.5328767733140439,0.3231406598796942,0.0,0.2625543177127838,0.5983790282880803,0.4770826172856474,0.035702959328264824,0.5991268157958984,0.5386069845625308,0.3145560675011934,0.0,0.2641078531742096,0.5970995293491663,0.4697666970583121,0.06813070462856008,0.5342838764190674,0.532332237297562,0.3149874619879097,0.0,0.2514994144439697,0.5146958117301661,0.5180410973397738,0.10856968810508331,0.9990441203117371,0.41557924105570976,0.5146893206593054,0.0,0.9984908103942871,0.6492365163725792,0.669660565820902,0.0828991678316853,0.6,0.5017656678783495,0.6841133236885089,0.23171248877870687,0.6,0.6508355328911246,0.7510773084665621,0.4697124769813149,0.6,0.5170492221569206,0.7827027984734259,0.584252538480637,0.6,0.6472076458089508,0.7653498591161261,0.5379763859159821,0.6,0.41451653838157765,0.44357728958129994,0.0,0.6,0.6719851026348057,0.8225158628295473,0.33667656224148035,0.6,0.4487774463216223,0.8150038411662859,0.3463195344065414,0.6,high,high,high,high,high,high,high,high,high,high,high,high,high,medium,low,medium,low,medium,low,medium,low,medium,low,high,high,medium,medium,medium,medium,medium,medium,medium,medium
206,6.866666666666666,0.5496950201638109,0.29976520331311696,0.0,0.9965380430221558,0.5537458234455772,0.279972143106528,0.0,0.9956957697868347,0.5589072891187572,0.27956252588536706,0.0,0.9961512088775635,0.5637172891265599,0.2797683467328695,0.0,0.9976472854614258,0.5285246365970679,0.2791952343879054,0.0,0.994552493095398,0.5173305951770939,0.2778899772809109,0.0,0.9948428273200989,0.5067141642381553,0.2764570282333666,0.0,0.9956405758857727,0.5451637050766504,0.2794662063424689,0.0,0.9988707900047302,0.4688944387963892,0.27404636054328063,0.0,0.992853045463562,0.539074253855331,0.30999949536262494,0.0,0.9968656301498413,0.512216120333106,0.30903083523670355,0.0,0.9948533177375793,0.5371951728989763,0.3569801014203301,0.0,0.9997392296791077,0.3830325425643753,0.32201046748455947,0.0,0.9990126490592957,0.6052757830886589,0.461308288476963,0.12289305701678208,0.6546758413314819,0.4013904959032874,0.35534726465359806,0.0,0.28641989827156067,0.598941471471099,0.4978813578337792,0.05050437485838294,0.5973756313323975,0.5040216221537082,0.3344311728413575,0.0,0.2891833782196045,0.5955338379442012,0.5140241243483594,0.03478424685262593,0.5880138874053955,0.528425436614556,0.33223797087416596,0.0,0.31180620193481445,0.5866408864934977,0.4981272412346806,0.00029456403566696654,0.5894336104393005,0.5290120132180653,0.3231182772414398,0.0,0.31249403953552246,0.5813154911661497,0.49098764801081096,0.036604195277452095,0.5300847291946411,0.5224366699690599,0.32398326601181915,0.0,0.30087336897850037,0.4795880164160886,0.5466290420585593,0.12704026127464252,0.9987277984619141,0.38440259394945897,0.5433874551232892,0.0,0.9982053637504578,0.6485403276778574,0.6708344027802768,0.0849074250137486,0.6,0.4991627969275959,0.6856159965197264,0.23196889100403684,0.6,0.6486074328422564,0.7535581961274167,0.4708626046776784,0.6,0.5149060761791548,0.7847416380356118,0.587364292521588,0.6,0.6448768786355578,0.7678973448821942,0.5394579359129378,0.6,0.41451653838157765,0.44357728958129994,0.0,0.6,0.6698314329377983,0.8253646574768387,0.3375408951363541,0.6,0.44960796889985566,0.8180219400080928,0.35304233109115885,0.6,high,high,high,high,high,high,high,high,high,high,high,high,high,medium,low,medium,low,medium,low,medium,low,medium,low,high,high,medium,medium,medium,medium,medium,medium,medium,medium
208,6.933333333333334,0.5693129539350823,0.303873693991653,0.0,0.9886752367019653,0.5691887007587733,0.2822202135632929,0.0,0.9870143532752991,0.5743712372991048,0.28109453257286265,0.0,0.9878863096237183,0.5792846904073299,0.2807910614983471,0.0,0.9914242029190063,0.5448577213676395,0.28220838502848417,0.0,0.9883080720901489,0.5329311571337974,0.28151386437855197,0.0,0.9893625974655151,0.5213016242414101,0.2806077229948874,0.0,0.9915080070495605,0.5553531209072048,0.28099309019136615,0.0,0.9968137145042419,0.47230402427119933,0.2797683029672212,0.0,0.9880983233451843,0.5612692382091147,0.3163151384650419,0.0,0.9798943996429443,0.5302265517778344,0.31607146203379055,0.0,0.979871392250061,0.5301949663873611,0.36688826252252726,0.0,0.999565064907074,0.39757890717966676,0.3358510763564596,0.0,0.9989846348762512,0.5688536381804874,0.4810999096273555,0.06555859411096261,0.5895304083824158,0.4308565104063308,0.37450442572573783,0.0,0.27316632866859436,0.578398413313576,0.5169869596030064,0.032071847980950724,0.5377227067947388,0.527652810434085,0.35753079686131606,0.0,0.27135032415390015,0.5746095764053467,0.5309786203996855,0.019121294081350097,0.5293832421302795,0.5493421801181398,0.3558863958556623,0.0,0.29353058338165283,0.572566058807997,0.5150155272239307,0.0,0.5306487679481506,0.5481322650170286,0.34706798779381,0.0,0.29314738512039185,0.5672410711958706,0.508768495979844,0.011310097220894426,0.477266401052475,0.5410864173254503,0.3473900291539026,0.0,0.280406653881073,0.4531380354246627,0.5748203492664806,0.13766569283840854,0.9986999034881592,0.38388182087378164,0.5736776349288893,0.0,0.9983022212982178,0.6478441389831355,0.6720082397396518,0.08691568219581189,0.6,0.4965599259768422,0.6871186693509438,0.2322252932293668,0.6,0.646379332793388,0.7560390837882716,0.47201273237404195,0.6,0.5127629302013892,0.7867804775977977,0.5904760465625389,0.6,0.6425461114621647,0.7704448306482622,0.5409394859098935,0.6,0.41451653838157765,0.44357728958129994,0.0,0.6,0.6676777632407911,0.8282134521241303,0.33840522803122786,0.6,0.45043849147808895,0.8210400388498996,0.3597651277757763,0.6,high,high,high,high,high,high,high,high,high,high,high,high,high,medium,low,medium,low,medium,low,medium,low,low,low,high,high,medium,medium,medium,medium,medium,medium,medium,medium
211,7.033333333333333,0.5788902381222303,0.30697890171360104,0.0,0.9897537231445312,0.5800772032815553,0.28236611691110414,0.0,0.9882752299308777,0.5876149198947824,0.2811406176268089,0.0,0.9890601634979248,0.5956359641813191,0.2806548934369106,0.0,0.9922531247138977,0.5542255172501648,0.28302811398789673,0.0,0.989454448223114,0.5419361733056463,0.28283845735735624,0.0,0.9904053807258606,0.5293766740179854,0.28238408277918486,0.0,0.9923406839370728,0.5723394381972198,0.2826788462611631,0.0,0.9971230030059814,0.4815931947498068,0.28453979493576964,0.0,0.9892693161964417,0.5790567518947857,0.3219609093485465,0.0,0.9817957282066345,0.542483981672702,0.3230622048839275,0.0,0.9817854762077332,0.5465813333337971,0.3769818451298988,0.0,0.9995821118354797,0.41356041478666217,0.352811890291724,0.0,0.9989780187606812,0.5507880591012395,0.5103514453608964,0.0,0.5890052914619446,0.45365636540459703,0.40525855207359984,0.0,0.2835253179073334,0.543452153533768,0.5460371060388086,0.0,0.49872609972953796,0.5386034671937961,0.39314508170653717,0.0,0.25585252046585083,0.53458783426485,0.5569202349736155,0.0,0.49235793948173523,0.5596405419853199,0.3927643730680714,0.0,0.2755250036716461,0.5397910384031457,0.5384548189756768,0.0,0.4961230158805847,0.5589149103853823,0.38107416876059963,0.0,0.2777530550956726,0.5357273179334374,0.5334695747821218,0.0,0.4496289789676666,0.5522313233647328,0.3807122440604907,0.0,0.2649523615837097,0.44791543726876737,0.6064817462212015,0.1340854553709848,0.9986162185668945,0.3917804515306221,0.6061212036993135,0.0,0.998241126537323,0.6471479502884134,0.6731820766990266,0.08892393937787517,0.6,0.49395705502608855,0.6886213421821612,0.2324816954546967,0.6,0.6441512327445198,0.7585199714491262,0.47316286007040553,0.6,0.5106197842236235,0.7888193171599835,0.59358780060349,0.6,0.6402153442887716,0.7729923164143302,0.5424210359068492,0.6,0.41451653838157765,0.44357728958129994,0.0,0.6,0.6655240935437836,0.831062246771422,0.3392695609261017,0.6,0.45126901405632236,0.8240581376917064,0.3664879244603938,0.6,high,high,high,high,high,high,high,high,high,high,high,high,high,medium,low,low,low,low,low,low,low,low,low,high,high,medium,medium,medium,medium,medium,medium,medium,medium
212,7.066666666666666,0.5802133628677393,0.3078467605205691,0.0,0.9896695613861084,0.5851474221630824,0.28058619585348527,0.0,0.9879131317138672,0.5959094997608316,0.27899758517742235,0.0,0.9883248209953308,0.6076395023258154,0.27809154587886903,0.0,0.991629421710968,0.5545618702898507,0.2833105123543247,0.0,0.9896982908248901,0.5410358039510292,0.28442386303331546,0.0,0.9906594157218933,0.5272308072565889,0.2845285186122911,0.0,0.9926307797431946,0.5908006251830893,0.28292348206321194,0.0,0.996378481388092,0.4862502321496723,0.2891221755381794,0.0,0.989625096321106,0.5916392999790225,0.32551009095076444,0.0,0.9770714640617371,0.548331006145701,0.32917244860898176,0.0,0.9780300855636597,0.5761894799056879,0.3855470443939006,0.0,0.9992132782936096,0.4240282113318688,0.3735410768043754,0.0,0.9985506534576416,0.5631130253657332,0.5288776818550008,0.0,0.5310449004173279,0.4515804387889554,0.4466927027229952,0.0,0.268746942281723,0.5357074499963894,0.5443399731234807,0.0,0.44911304116249084,0.5226714131715428,0.4429077601932991,0.0,0.23702163994312286,0.5226374658949183,0.5467964749097283,0.0,0.44373688101768494,0.5401095615261376,0.44546335240899937,0.0,0.25576555728912354,0.5338974515874917,0.5270096775326709,0.0,0.44718942046165466,0.5413914286034383,0.4295820192996172,0.0,0.2581583857536316,0.5300518197196361,0.5256520059558909,0.0,0.40545278787612915,0.5368751042233773,0.42810379517523117,0.0,0.245478093624115,0.45378741608077394,0.6392417846026137,0.11033988237763093,0.9982389211654663,0.3972802732513233,0.6389497412251443,0.0,0.998136043548584,0.6464517615936916,0.6743559136584016,0.09093219655993846,0.6,0.49135418407533493,0.6901240150133787,0.2327380976800267,0.6,0.6419231326956516,0.7610008591099809,0.474312987766769,0.6,0.5084766382458579,0.7908581567221695,0.596699554644441,0.6,0.6378845771153784,0.7755398021803983,0.5439025859038049,0.6,0.41451653838157765,0.44357728958129994,0.0,0.6,0.6633704238467764,0.8339110414187136,0.3401338938209755,0.6,0.4520995366345557,0.8270762365335134,0.3732107211450113,0.6,high,high,high,high,high,high,high,high,high,high,high,high,high,medium,low,low,low,low,low,low,low,low,low,high,high,medium,medium,medium,medium,medium,medium,medium,medium
213,7.1,0.5754246743686843,0.3093886930486825,0.0,0.9901717305183411,0.5873436240049524,0.27909681492752203,0.0,0.9884388446807861,0.6026782793598591,0.2771039423825865,0.0,0.9886139631271362,0.618967872677429,0.275680460053169,0.0,0.9917165040969849,0.5496960526857635,0.2841762911814917,0.0,0.9903080463409424,0.5345781093988677,0.2856999910447433,0.0,0.9912172555923462,0.5191986895663491,0.2867135698700848,0.0,0.9931272268295288,0.6211670469015089,0.2835054742498005,0.0,0.9959878325462341,0.4941155069913633,0.2959528275719897,0.0,0.9902297258377075,0.6056084135473485,0.329870772771625,0.0,0.9772119522094727,0.5537344506292647,0.3366250323526796,0.0,0.9782240390777588,0.6479721019318071,0.39377012175002124,0.0,0.998976469039917,0.4460064668755443,0.3972297752306466,0.0,0.9984717965126038,0.6193610960509132,0.5335090188852294,0.0,0.4791240990161896,0.4254157408411975,0.5032487221600583,0.0,0.24512407183647156,0.5538998008607998,0.5146674016069435,0.0,0.4050935208797455,0.48585220066817614,0.5149465995582403,0.0,0.21795161068439484,0.531085861590638,0.5106443765210674,0.0,0.40147098898887634,0.504421484637095,0.5230951251718284,0.0,0.23700961470603943,0.5466065684676462,0.48655536190752235,0.0,0.4047270119190216,0.5064032037497135,0.5029247527668539,0.0,0.23916637897491455,0.5455582982454559,0.4880532462558004,0.0,0.3669741749763489,0.5059594442169163,0.4994635996701847,0.0,0.2265975922346115,0.5107289629799516,0.6741394678473769,0.051660334971453475,0.9979710578918457,0.427681938195841,0.6713858788663709,0.0,0.9981200695037842,0.6457555728989697,0.6755297506177766,0.09294045374200174,0.6,0.4887513131245813,0.6916266878445962,0.23299449990535664,0.6,0.6396950326467832,0.7634817467708357,0.4754631154631326,0.6,0.5063334922680922,0.7928969962843554,0.599811308685392,0.6,0.6355538099419854,0.7780872879464662,0.5453841359007605,0.6,0.41451653838157765,0.44357728958129994,0.0,0.6,0.6612167541497691,0.8367598360660053,0.34099822671584923,0.6,0.4529300592127891,0.8300943353753203,0.3799335178296287,0.6,high,high,high,high,high,high,high,high,high,high,high,high,high,low,low,low,low,low,low,low,low,low,low,high,high,medium,medium,medium,medium,medium,medium,medium,medium
214,7.133333333333334,0.5747207152398887,0.30574028318995444,0.0,0.9904282689094543,0.5925205199173852,0.27430370102673496,0.0,0.9885720014572144,0.6093830773324693,0.27192473751959617,0.0,0.9883489012718201,0.6278192817053334,0.27008428207505353,0.0,0.9914412498474121,0.5544077879760108,0.27972055329031675,0.0,0.9907321929931641,0.5406863756807826,0.28119331785849,0.0,0.9916415810585022,0.5266760815551522,0.2829533208917078,0.0,0.9935448169708252,0.6498836341437777,0.27978164231999564,0.0,0.9952783584594727,0.5192876230308796,0.29526001725580386,0.0,0.9907204508781433,0.6155423735266259,0.3268087140885831,0.0,0.9768474102020264,0.5638755323725717,0.33519041545185546,0.0,0.9781218767166138,0.7042030758791055,0.39037785920507806,0.0,0.9985492825508118,0.48165167816035526,0.40183915388889907,0.0,0.9984586238861084,0.6792522605621472,0.5072752239404038,0.0,0.43144533038139343,0.4385210839740614,0.5128909828084902,0.0,0.22377872467041016,0.608965699072486,0.4513377752545842,0.0,0.36476683616638184,0.4820710517865529,0.5282676531162587,0.0,0.20018599927425385,0.5886478535223134,0.43797569369380684,0.0,0.3619813919067383,0.4959399934276292,0.5394059532172211,0.0,0.22013631463050842,0.6053913956755541,0.4143868314844756,0.0,0.36499181389808655,0.49783835676444566,0.5186200773382534,0.0,0.22219176590442657,0.6047866796696952,0.41853865373245874,0.0,0.3310336768627167,0.5007780253331435,0.5140573161812665,0.0,0.21024243533611298,0.5468240108662289,0.6845397975617096,0.015788123567343344,0.9978607296943665,0.46218254689848076,0.6786616625207862,0.0,0.9981971383094788,0.6450593842042476,0.6767035875771514,0.09494871092406504,0.6,0.4861484421738276,0.6931293606758135,0.2332509021306866,0.6,0.6374669325979149,0.7659626344316904,0.47661324315949616,0.6,0.5041903462903266,0.7949358358465413,0.6029230627263431,0.6,0.6332230427685922,0.7806347737125343,0.5468656858977164,0.6,0.41451653838157765,0.44357728958129994,0.0,0.6,0.6590630844527618,0.8396086307132968,0.341862559610723,0.6,0.45376058179102247,0.8331124342171272,0.38665631451424615,0.6,high,high,high,high,high,high,high,high,high,high,high,high,high,low,low,low,low,low,low,low,low,low,low,high,high,medium,medium,medium,medium,medium,medium,medium,medium
215,7.166666666666667,0.5748788970055851,0.29197289907571117,0.0,0.9861642122268677,0.5954819832926324,0.261555833312182,0.0,0.9828388690948486,0.6122828089829664,0.25923599375711526,0.0,0.9817239046096802,0.6301936964332935,0.25724126711175227,0.0,0.9860629439353943,0.5628611840012483,0.26837302956269965,0.0,0.9874978065490723,0.5523024709908293,0.2699170934431488,0.0,0.9890123605728149,0.5415738416718451,0.2724529013975524,0.0,0.9915987849235535,0.6652577683364336,0.2671223326579681,0.0,0.9912383556365967,0.5517122174476425,0.2862364400377926,0.0,0.986713171005249,0.6203661573516756,0.3115644560549373,0.0,0.9681957364082336,0.5763627890940328,0.32174059929269816,0.0,0.967476487159729,0.7423824667930623,0.37321999946952245,0.0,0.9977233409881592,0.5290164121520006,0.39219171704945965,0.0,0.9971870183944702,0.7501595692756868,0.4463822945848223,0.0,0.3981398642063141,0.48114288200587507,0.4930231812950628,0.0,0.20519565045833588,0.6927213000528758,0.33754283175879796,0.0,0.33143189549446106,0.5157316806433098,0.4929769315641812,0.0,0.18572750687599182,0.6774787769451025,0.31295755613239296,0.0,0.33185863494873047,0.5284237400357276,0.49924564799228877,0.0,0.20922185480594635,0.6930982548318005,0.29052803128749416,0.0,0.33488255739212036,0.5273545037060643,0.4786622842430803,0.0,0.21142597496509552,0.6922008932887276,0.29889161384605933,0.0,0.30432501435279846,0.5318199456919059,0.4758433406447488,0.0,0.20008230209350586,0.5718070189436014,0.672307825449743,0.0014650178986377839,0.9974393844604492,0.49241789841985495,0.6657891455508074,0.0,0.9979097247123718,0.6443631955095256,0.6778774245365264,0.09695696810612833,0.6,0.4835455712230739,0.6946320335070312,0.23350730435601658,0.6,0.6352388325490467,0.7684435220925452,0.4777633708558597,0.6,0.5020472003125609,0.7969746754087271,0.606034816767294,0.6,0.6308922755951991,0.7831822594786023,0.5483472358946722,0.6,0.41451653838157765,0.44357728958129994,0.0,0.6,0.6569094147557544,0.8424574253605883,0.3427268925055968,0.6,0.45459110436925587,0.8361305330589341,0.39337911119886365,0.6,high,high,high,high,high,high,high,high,high,high,high,high,high,low,low,low,low,low,low,low,low,low,low,high,high,medium,medium,medium,medium,medium,medium,medium,medium
216,7.2,0.5564822347569869,0.2679664090032629,0.0,0.9123252630233765,0.5742612111540678,0.2415075268084081,0.0,0.903054416179657,0.5888752794210187,0.23961086612898216,0.0,0.9029610753059387,0.6032615909765389,0.2384841136790662,0.0,0.9140862822532654,0.5510970262380761,0.24933839434788285,0.0,0.9155800342559814,0.5446781875926034,0.2508915882288444,0.0,0.9208117127418518,0.540298333534829,0.2530799196177714,0.0,0.9299447536468506,0.6411873473154098,0.2481872167412224,0.0,0.9401825070381165,0.5603444155279588,0.27032001806305905,0.0,0.9192525744438171,0.6029730661487818,0.2847645216054857,0.0,0.9112371206283569,0.5713312153493901,0.2960676816932535,0.0,0.901254415512085,0.7158610990275334,0.3517665570571437,0.0,0.9971702694892883,0.573640170214061,0.3708637033031269,0.0,0.9924229979515076,0.7565685535644338,0.39656416463963184,0.0,0.36854246258735657,0.5563694391495156,0.4597070451244064,0.0,0.18520380556583405,0.7242630546465361,0.25814566881089845,0.0,0.311896413564682,0.5928620072233665,0.4373357446738345,0.0,0.16765883564949036,0.7161168701998856,0.22856033723671176,0.0,0.3211973309516907,0.6112101812323785,0.43608214506458404,0.0,0.1894213855266571,0.7320834102330527,0.2085893808197591,0.0,0.3256780505180359,0.6065087767886688,0.4184593895237496,0.0,0.1914852410554886,0.7334211003252418,0.21902322314141293,0.0,0.29560422897338867,0.6074477815544704,0.41869782484494833,0.0,0.18129383027553558,0.565344115862481,0.6538649579306044,0.019147449631096367,0.9967696666717529,0.5181053703203637,0.646131940377066,0.0,0.9969934225082397,0.6436670068148038,0.6790512614959012,0.0989652252881916,0.6,0.4809427002723202,0.6961347063382486,0.23376370658134654,0.6,0.6330107325001783,0.7709244097534,0.47891349855222326,0.6,0.49990405433479523,0.799013514970913,0.6091465708082451,0.6,0.628561508421806,0.7857297452446703,0.5498287858916279,0.6,0.41451653838157765,0.44357728958129994,0.0,0.6,0.6547557450587471,0.84530622000788,0.3435912254004706,0.6,0.45542162694748917,0.839148631900741,0.4001019078834811,0.6,high,high,high,high,high,high,high,high,high,high,high,high,high,low,low,low,low,low,low,low,low,low,low,high,high,medium,medium,medium,medium,medium,medium,medium,medium
217,7.233333333333333,0.5490563500733379,0.2806260556607821,0.0,0.8448353409767151,0.5616757243107542,0.25682924507242333,0.0,0.8316103219985962,0.5741451484062192,0.2552002440521496,0.0,0.830947756767273,0.5857384097881821,0.25360755747431707,0.0,0.8475559949874878,0.5450106072814884,0.2647916457175104,0.0,0.853596031665802,0.5399905826661984,0.2660099438159345,0.0,0.8630452156066895,0.5349078189520862,0.269132922405686,0.0,0.8815175890922546,0.6175047264788274,0.26062973347299373,0.0,0.8827465176582336,0.5505237148636163,0.2874316377934328,0.0,0.8582081198692322,0.5888575020925719,0.2947311922386817,0.0,0.8509948253631592,0.5660795101196909,0.3064088564374794,0.0,0.836916983127594,0.6985111721467879,0.3533215851355831,0.0,0.9963447451591492,0.5537563226161875,0.3808979467773225,0.0,0.9889158606529236,0.7861265819389525,0.3717931072056164,0.0,0.3391662538051605,0.5666449453447263,0.45887792457789656,0.0,0.1671566516160965,0.7861535565836466,0.24033106651617434,0.0,0.2890009582042694,0.6013012193577566,0.42852122522456493,0.0,0.15132459998130798,0.787212420454672,0.2126448071433675,0.0,0.3037092983722687,0.6202330400338001,0.4214119396426472,0.0,0.1714593470096588,0.799546323039317,0.19748298987086327,0.0,0.30868014693260193,0.6139803680228759,0.4064834351306206,0.0,0.17336209118366241,0.7973433549587564,0.2079571007918094,0.0,0.2795248031616211,0.6151399656887115,0.40864966556186827,0.0,0.16422396898269653,0.5525903498237242,0.6473318268924899,0.033469337681286765,0.9964308738708496,0.49202606880859473,0.6423075927165299,0.0,0.9966191053390503,0.6429708181200817,0.6802250984552762,0.1009734824702549,0.6,0.47833982932156655,0.6976373791694659,0.2340201088066765,0.6,0.63078263245131,0.7734052974142547,0.4800636262485868,0.6,0.4977609083570296,0.801052354533099,0.6122583248491962,0.6,0.6262307412484129,0.7882772310107383,0.5513103358885836,0.6,0.41451653838157765,0.44357728958129994,0.0,0.6,0.6526020753617399,0.8481550146551715,0.34445555829534436,0.6,0.4562521495257226,0.8421667307425478,0.40682470456809855,0.6,high,high,high,high,high,high,high,high,high,high,high,high,high,low,low,low,low,low,low,low,low,low,low,high,high,medium,medium,medium,medium,medium,medium,medium,medium
218,7.266666666666667,0.5416707028320078,0.310241478410635,0.0,0.8510617017745972,0.5496695052076901,0.28904170402280177,0.0,0.838670551776886,0.5604441170786937,0.2877730946371335,0.0,0.8374342918395996,0.569911164559408,0.28574460546870406,0.0,0.8561965823173523,0.5358327029746188,0.29581527311207334,0.0,0.8598538637161255,0.530935152844117,0.29658058695582046,0.0,0.8682621717453003,0.5227522316512542,0.30044654352125943,0.0,0.8872026205062866,0.5931031553895338,0.29221299648423926,0.0,0.8904529213905334,0.5240646756334474,0.3188832236197731,0.0,0.8578168749809265,0.572329562235547,0.3237268820509219,0.0,0.8512519598007202,0.5530411851850716,0.3341326839301423,0.0,0.8333460092544556,0.6698062294846665,0.37073999066730856,0.0,0.9964028000831604,0.5079559291298308,0.4030188870179914,0.0,0.9883413314819336,0.8022914084243351,0.36943166406004674,0.0,0.3435705304145813,0.5532110874608417,0.4756462968590667,0.0,0.15611585974693298,0.8412703207600667,0.2627790225344111,0.0,0.2977885901927948,0.6206741453189688,0.44302992276100683,0.0,0.14144131541252136,0.8513975645000864,0.2422522746877521,0.0,0.3195761442184448,0.6467134915726463,0.4353840151727906,0.0,0.16180992126464844,0.8588639174030122,0.23090344650067432,0.0,0.3256370425224304,0.6429264525294598,0.42026277167813875,0.0,0.16382302343845367,0.8508080323259337,0.24009658826953667,0.0,0.2976888418197632,0.6413333209661354,0.42229169822517365,0.0,0.15582914650440216,0.5260992077958625,0.64660537492979,0.05212670374479341,0.9966577291488647,0.4461544467296923,0.6464871273729924,0.0,0.9967599511146545,0.6422746294253597,0.681398935414651,0.10298173965231819,0.6,0.47573695837081287,0.6991400520006834,0.23427651103200647,0.6,0.6285545324024417,0.7758861850751095,0.48121375394495036,0.6,0.4956177623792639,0.8030911940952847,0.6153700788901472,0.6,0.6238999740750198,0.7908247167768063,0.5527918858855393,0.6,0.41451653838157765,0.44357728958129994,0.0,0.6,0.6504484056647324,0.8510038093024631,0.3453198911902181,0.6,0.4570826721039559,0.8451848295843547,0.413547501252716,0.6,high,high,high,high,high,high,high,high,high,high,high,high,high,low,low,low,low,low,low,low,low,low,low,high,high,medium,medium,medium,medium,medium,medium,medium,medium
219,7.3,0.5155782445327399,0.3226821587913806,0.0,0.8567798733711243,0.5205143073222034,0.3045897939544188,0.0,0.845687210559845,0.5303756482117674,0.30352080424070993,0.0,0.8438758254051208,0.5385663763626486,0.3012130096520029,0.0,0.8646420836448669,0.5063120839479099,0.31001833150714786,0.0,0.8669646382331848,0.4997041733253821,0.3105606080352018,0.0,0.8744934797286987,0.48867975852706347,0.31484892061262504,0.0,0.8937051296234131,0.5519993665057199,0.3074580261479455,0.0,0.8967559337615967,0.47920602143227764,0.33244867723582877,0.0,0.8560858964920044,0.5416212565415404,0.3354664459511959,0.0,0.8545817136764526,0.520976763644142,0.3442584306071142,0.0,0.8346731066703796,0.6309877461764657,0.3795495674465652,0.0,0.9965983033180237,0.45372652298920757,0.40565728210347063,0.0,0.9884938597679138,0.7883004675378353,0.38030888324295264,0.0,0.32079559564590454,0.5334317320849248,0.4726621655178527,0.0,0.15310926735401154,0.8569744805911783,0.30009559151176046,0.0,0.2957967519760132,0.6265588010246675,0.4349683889975926,0.0,0.1564689427614212,0.868349831698938,0.2863758049019574,0.0,0.32618415355682373,0.6606406408312177,0.42396372924873715,0.0,0.18534120917320251,0.8734144685151717,0.2744543310645584,0.0,0.3331751823425293,0.6602697109842651,0.41062303967687186,0.0,0.1866711974143982,0.8630481276200948,0.28135776759444486,0.0,0.3057708740234375,0.6561569122723505,0.4132580705733855,0.0,0.17358779907226562,0.49510478313430617,0.637723761699696,0.06648177537977028,0.9969270825386047,0.39465191237854336,0.6391227721890108,0.0,0.9969870448112488,0.641578440730638,0.682572772374026,0.10498999683438148,0.6,0.47313408742005925,0.7006427248319009,0.2345329132573364,0.6,0.6263264323535734,0.7783670727359642,0.48236388164131394,0.6,0.49347461640149826,0.8051300336574707,0.6184818329310983,0.6,0.6215692069016268,0.7933722025428743,0.554273435882495,0.6,0.41451653838157765,0.44357728958129994,0.0,0.6,0.6482947359677251,0.8538526039497547,0.34618422408509186,0.6,0.45791319468218933,0.8482029284261616,0.4202702979373335,0.6,high,high,high,high,high,high,high,high,high,high,high,high,high,low,low,low,low,low,low,low,low,low,low,high,high,medium,medium,medium,medium,medium,medium,medium,medium
220,7.333333333333333,0.50874233898861,0.3239716445649429,0.0,0.8703500628471375,0.5107880625830399,0.3090784785908705,0.0,0.8605345487594604,0.5195850744530885,0.3080555438509085,0.0,0.8588656783103943,0.5268456024445589,0.3056482253096884,0.0,0.8777841329574585,0.49629352573470487,0.3132384525729235,0.0,0.8796882629394531,0.48847736567606304,0.3138937560411608,0.0,0.8864670395851135,0.4759139807629986,0.3183303765761555,0.0,0.9038746356964111,0.5287822596120959,0.3126023910540253,0.0,0.9068430066108704,0.4576780933600218,0.3352197369078665,0.0,0.8692042231559753,0.5292540607335698,0.33673246673770807,0.0,0.868345320224762,0.5067061225434297,0.3435457383558198,0.0,0.8498797416687012,0.5967814048409199,0.38165214102029343,0.0,0.9969066381454468,0.43187662542283234,0.4038392663140964,0.0,0.98944091796875,0.7541800574822879,0.40078152407021617,0.0,0.3418147563934326,0.5222565139923909,0.4649266396369146,0.0,0.2041393220424652,0.8359666091578846,0.3600804533783382,0.0,0.3347610831260681,0.621438997122515,0.4330646075429906,0.0,0.23077096045017242,0.8401667528497055,0.35453536613282166,0.0,0.36405014991760254,0.6562502875333639,0.4284788583403156,0.0,0.2576412260532379,0.8446286283172949,0.34417635310085315,0.0,0.3717317581176758,0.6602138264890614,0.4159736574251902,0.0,0.25833743810653687,0.8360511190963535,0.34779075382056024,0.0,0.34773847460746765,0.6544407661005629,0.4165141035071075,0.0,0.2435067594051361,0.4657380072386961,0.6270574780055154,0.07751988586154246,0.9972034096717834,0.365802468536618,0.6325171656541908,0.0,0.9972431659698486,0.6408822520359159,0.683746609333401,0.10699825401644476,0.6,0.4705312164693056,0.7021453976631182,0.23478931548266635,0.6,0.6240983323047052,0.7808479603968189,0.4835140093376775,0.6,0.4913314704237326,0.8071688732196566,0.6215935869720493,0.6,0.6192384397282337,0.7959196883089423,0.5557549858794507,0.6,0.41451653838157765,0.44357728958129994,0.0,0.6,0.6461410662707179,0.8567013985970464,0.34704855697996567,0.6,0.4587437172604226,0.8512210272679686,0.42699309462195095,0.6,high,high,high,high,high,high,high,high,high,high,high,high,high,low,low,low,low,low,low,low,low,low,low,high,high,medium,medium,medium,medium,medium,medium,medium,medium
221,7.366666666666666,0.5307649772761878,0.31735675175845846,0.0,0.8791646957397461,0.5357871348763416,0.30302068226404205,0.0,0.8715481758117676,0.5461758975382466,0.3023186867192639,0.0,0.8700897097587585,0.5554705106572964,0.3001845525555963,0.0,0.8883734941482544,0.5163827287011505,0.3061390422927202,0.0,0.8883368372917175,0.5058359750362,0.30696430382056195,0.0,0.8940802812576294,0.4906452276628903,0.31100487007405736,0.0,0.910260796546936,0.5504963445218863,0.3088679233770001,0.0,0.9150768518447876,0.4702969989576552,0.32697478812057745,0.0,0.8735931515693665,0.5484444392033127,0.3308980107863197,0.0,0.8775267004966736,0.5184562063161602,0.3362759244052967,0.0,0.8566457033157349,0.6044057195003232,0.3851693939495764,0.0,0.9971632361412048,0.4283547356967893,0.3936243076702386,0.0,0.9892656207084656,0.7224365022632644,0.4493546600525208,0.0,0.35891544818878174,0.5097747434686127,0.441719867966393,0.0,0.2118118405342102,0.7762080885313628,0.4373144386531601,0.0,0.36949336528778076,0.6101200203378734,0.40112271373505465,0.0,0.2410873919725418,0.7663965057104082,0.4377713236428097,0.0,0.40035581588745117,0.6465632898824215,0.39890547173145596,0.0,0.2726994454860687,0.7728450413628356,0.420409274337454,0.0,0.4091000258922577,0.6570303834679538,0.38531437029927584,0.0,0.27345407009124756,0.7666575816961456,0.421808988863217,0.0,0.3861025273799896,0.6503612015630833,0.38563341583127564,0.0,0.25779619812965393,0.4683936145894745,0.6202411748868341,0.06856615658624807,0.9974091053009033,0.3574420549235987,0.6245000613875061,0.0,0.9973862171173096,0.640186063341194,0.6849204462927758,0.10900651119850806,0.6,0.4679283455185519,0.7036480704943358,0.23504571770799632,0.6,0.6218702322558369,0.7833288480576737,0.48466413703404104,0.6,0.48918832444596694,0.8092077127818424,0.6247053410130002,0.6,0.6169076725548405,0.7984671740750103,0.5572365358764064,0.6,0.41451653838157765,0.44357728958129994,0.0,0.6,0.6439873965737104,0.859550193244338,0.3479128898748395,0.6,0.4595742398386561,0.8542391261097755,0.4337158913065684,0.6,high,high,high,high,high,high,high,high,high,high,high,high,high,low,low,low,low,low,low,low,low,low,low,high,high,medium,medium,medium,medium,medium,medium,medium,medium
222,7.4,0.5552681628918608,0.3054578489079072,0.0,0.8875154852867126,0.5591907558880223,0.2910626023174173,0.0,0.8816225528717041,0.5695954071475091,0.2902040944927508,0.0,0.8799448013305664,0.5790863101021131,0.2881349368598363,0.0,0.8977746367454529,0.5347842110759464,0.29390475591579596,0.0,0.8970337510108948,0.5217490811031196,0.2953085423141101,0.0,0.9020735025405884,0.504692669792888,0.29871215579254173,0.0,0.9175535440444946,0.5685012454475293,0.29841943561058304,0.0,0.9219151735305786,0.47943115644243894,0.3122246437695207,0.0,0.8809641599655151,0.5673312067568733,0.32039185573449025,0.0,0.885286271572113,0.5337209114522659,0.3245962364968173,0.0,0.8645811676979065,0.614969504046275,0.384979819848544,0.0,0.9973253011703491,0.42003477849326876,0.3821507888240424,0.0,0.9897168874740601,0.6955093217618555,0.4841070960173809,0.0,0.3341878354549408,0.4901657497688342,0.424916747219358,0.0,0.20203973352909088,0.7309202722736191,0.48574358902194414,0.0,0.3396657705307007,0.5945356798755554,0.38195966528012304,0.0,0.22577407956123352,0.713904261311175,0.4873528174170261,0.0,0.37435412406921387,0.6265429437577325,0.3837675858627676,0.0,0.25906744599342346,0.7215246684623506,0.4649600185853353,0.0,0.38273516297340393,0.6400086960314609,0.3694570176390233,0.0,0.260496586561203,0.7156690427195516,0.4655706000564272,0.0,0.3625318706035614,0.634289924915022,0.3685662540105683,0.0,0.24734246730804443,0.4765116964186834,0.617108741562407,0.058347037654098315,0.9976149797439575,0.354896341587281,0.6185720592111992,0.0,0.9975852370262146,0.639489874646472,0.6860942832521508,0.11101476838057134,0.6,0.46532547456779827,0.7051507433255533,0.23530211993332628,0.6,0.6196421322069686,0.7858097357185283,0.48581426473040457,0.6,0.4870451784682012,0.8112465523440283,0.6278170950539513,0.6,0.6145769053814475,0.8010146598410783,0.5587180858733621,0.6,0.41451653838157765,0.44357728958129994,0.0,0.6,0.641833726876703,0.8623989878916295,0.34877722276971324,0.6,0.46040476241688943,0.8572572249515823,0.44043868799118585,0.6,high,high,high,high,high,high,high,high,high,high,high,high,high,low,low,low,low,low,low,low,low,low,low,high,high,medium,medium,medium,medium,medium,medium,medium,medium
223,7.433333333333334,0.566723569984482,0.29093864924841073,0.0,0.8894271850585938,0.5705214592265653,0.2756397109695811,0.0,0.8832324147224426,0.5804620784618375,0.27472717736984537,0.0,0.881537139415741,0.5906531929552987,0.27292250607397245,0.0,0.9009753465652466,0.5433204754804968,0.27730118269687004,0.0,0.8990863561630249,0.529276126053507,0.2784013005542318,0.0,0.9049557447433472,0.5121297982883912,0.28121804739489775,0.0,0.9209845662117004,0.5843559450758657,0.284405883966071,0.0,0.9256144762039185,0.4899025775474837,0.2937315293611632,0.0,0.8826152682304382,0.5800164849052356,0.3077240293120457,0.0,0.8904697299003601,0.542422846133338,0.3109007772310083,0.0,0.8699066042900085,0.6446807851324565,0.38035703254190734,0.0,0.9974699020385742,0.431219524089552,0.3673936114722486,0.0,0.9902788400650024,0.6848872858327604,0.5057140367153377,0.0,0.33434611558914185,0.4795600208508119,0.4132564565240653,0.0,0.18884700536727905,0.6884571205485968,0.5098051172800566,0.0,0.32206761837005615,0.583071799336615,0.38003589997897436,0.0,0.21158641576766968,0.6609237224627782,0.5131793955128245,0.0,0.3602842092514038,0.6078437097144865,0.3886317952182198,0.0,0.24706514179706573,0.6686449630277158,0.4844699823286719,0.0,0.3680894374847412,0.6200943072359061,0.3739553173799902,0.0,0.24824486672878265,0.6662623284857885,0.48301660754047204,0.0,0.3490503132343292,0.6168950603002729,0.3706555562419501,0.0,0.23697039484977722,0.5174220138357527,0.6154939261349781,0.03919061574632299,0.9978007078170776,0.3807473812069936,0.6155676768098416,0.0,0.997767448425293,0.6387936859517502,0.6872681202115256,0.11302302556263463,0.6,0.46272260361704454,0.7066534161567707,0.23555852215865627,0.6,0.6174140321581003,0.7882906233793832,0.48696439242676814,0.6,0.4849020324904356,0.8132853919062142,0.6309288490949023,0.6,0.6122461382080543,0.8035621456071464,0.560199635870318,0.6,0.41451653838157765,0.44357728958129994,0.0,0.6,0.6396800571796958,0.8652477825389211,0.349641555664587,0.6,0.4612352849951228,0.8602753237933891,0.44716148467580336,0.6,high,high,high,high,high,high,high,high,high,high,high,high,high,low,low,low,low,low,low,low,low,low,low,high,high,medium,medium,medium,medium,medium,medium,medium,medium
224,7.466666666666667,0.5670229159729757,0.2749636773462903,0.0,0.8920774459838867,0.5710507203371112,0.2583871360494825,0.0,0.8830544352531433,0.579653897138188,0.2573908877608944,0.0,0.8805249333381653,0.5898931518995971,0.25604908001589677,0.0,0.902001678943634,0.5420331760442076,0.25878122619121013,0.0,0.9006843566894531,0.5283524693447963,0.25959686837691043,0.0,0.9072792530059814,0.513348686528374,0.26153535282973156,0.0,0.9238835573196411,0.588812596939662,0.26836399063641725,0.0,0.9263649582862854,0.4956808825889681,0.27244984346392065,0.0,0.8828690052032471,0.5805818182188329,0.29390552417659616,0.0,0.8942404985427856,0.5419661484676099,0.2957933685440569,0.0,0.8747192621231079,0.6524052185056388,0.37001291855231966,0.0,0.9975821375846863,0.4396726649541133,0.3524965358364008,0.0,0.9909094572067261,0.6786673551117086,0.5055019660290596,0.0,0.32082444429397583,0.48523882309317995,0.40186409037430076,0.0,0.1842966377735138,0.6517782978244613,0.5025523642559998,0.0,0.30199554562568665,0.5946812063525067,0.37380973671699835,0.0,0.20679864287376404,0.6174840759008375,0.502337745922708,0.0,0.34189531207084656,0.6130885352621561,0.3869521208020645,0.0,0.2459239959716797,0.6247586844128623,0.4693888209082876,0.0,0.34880462288856506,0.6180020869472937,0.3713420500983179,0.0,0.24677549302577972,0.6265421801513742,0.46752453322733045,0.0,0.33088746666908264,0.6157959399523452,0.36600937543215545,0.0,0.23436130583286285,0.537892714316474,0.6111229466391626,0.036485883812374026,0.9979662299156189,0.4093109189352522,0.6121595972901474,0.0,0.9979392886161804,0.6380974972570281,0.6884419571709006,0.11503128274469793,0.6,0.4601197326662909,0.7081560889879881,0.2358149243839862,0.6,0.6144132792708379,0.7900778249558802,0.48443198564915296,0.6,0.4827588865126699,0.8153242314684,0.6340406031358534,0.6,0.6099153710346612,0.8061096313732143,0.5616811858672737,0.6,0.41451653838157765,0.44357728958129994,0.0,0.6,0.6375263874826885,0.8680965771862128,0.35050588855946074,0.6,0.46206580757335614,0.863293422635196,0.4538842813604208,0.6,high,high,high,high,high,high,high,high,high,high,high,high,high,low,low,low,low,low,low,low,low,low,low,high,high,medium,medium,medium,medium,medium,medium,medium,medium
225,7.5,0.5563221123668712,0.2547719543213618,0.0,0.9021526575088501,0.5563285664106041,0.23709516776052728,0.0,0.8940035104751587,0.5638379022513806,0.23615709232005822,0.0,0.8916167616844177,0.5728454322387025,0.23540796850111162,0.0,0.9112944602966309,0.5280030744892749,0.23872798893140532,0.0,0.9098853468894958,0.5151473286546485,0.23974469415235694,0.0,0.9158104658126831,0.5031562724035672,0.24086642636980551,0.0,0.930962860584259,0.5693228301746321,0.24657978753109977,0.0,0.9333765506744385,0.486128705086965,0.25005152248419316,0.0,0.8933439254760742,0.5700315420444211,0.27413018794604466,0.0,0.9042550325393677,0.5341788236494679,0.2767571778425255,0.0,0.8863056898117065,0.6410353872881642,0.3501157670310059,0.0,0.9977954030036926,0.4400808342964789,0.33796407841580267,0.0,0.9916849136352539,0.6749057354349096,0.4821912078729611,0.0,0.33876147866249084,0.48218671070945973,0.3999566970727393,0.0,0.20139239728450775,0.6240493955312092,0.4611694693982197,0.0,0.3213392496109009,0.6080583984201621,0.3786565005292991,0.0,0.22286456823349,0.5850069843805769,0.45752293955196155,0.0,0.3633940815925598,0.6268305040739649,0.391754863735958,0.0,0.2621128559112549,0.5900046341902742,0.4205797327148342,0.0,0.3685061037540436,0.6245989214568166,0.37381227401308903,0.0,0.26044565439224243,0.5958225231070633,0.41977287151596876,0.0,0.3479413688182831,0.6213108745766147,0.368006495606928,0.0,0.24801672995090485,0.5509719483224398,0.6037668331519723,0.05292091411804373,0.998138964176178,0.4298335037309262,0.6089104833580691,0.0,0.9981183409690857,0.6383358321575621,0.6887134850937684,0.11795128073928471,0.6,0.4572205161173518,0.7096897612362771,0.238796925965867,0.6,0.6122931954085864,0.7928057774095203,0.48443123600612065,0.6,0.4798068687105371,0.8175642532212284,0.6392631347267009,0.6,0.6071427719641774,0.8086761875526164,0.5618689396932899,0.6,0.41451653838157765,0.44357728958129994,0.0,0.6,0.6356089743499314,0.8708883856739793,0.34633926565122297,0.6,0.4628963301515895,0.866311521477003,0.4606070780450383,0.6,high,high,high,high,high,high,high,high,high,high,high,high,high,low,low,low,low,low,low,low,low,low,low,high,high,medium,medium,medium,medium,medium,medium,medium,medium
226,7.533333333333333,0.5346044969586518,0.2353930235742695,0.0,0.904761016368866,0.5327751986630327,0.21785685597183047,0.0,0.897624135017395,0.5400960264783932,0.21703232335044012,0.0,0.8959943652153015,0.5482528538970695,0.2171885727585618,0.0,0.9158269166946411,0.5030313897660853,0.22036496478638784,0.0,0.9118403792381287,0.49060166618485124,0.22140063571207508,0.0,0.9184261560440063,0.48180979754263553,0.22121661772955883,0.0,0.9332985281944275,0.5432117609849912,0.22704431171461756,0.0,0.9374404549598694,0.4625506425376273,0.23132157957915164,0.0,0.8911303877830505,0.5501293892210194,0.2539631085240209,0.0,0.9086386561393738,0.5142595070503266,0.25740640598299414,0.0,0.8892872333526611,0.6222795100756753,0.32893903563906346,0.0,0.9979683756828308,0.4256015096233175,0.32606381872595136,0.0,0.9923138618469238,0.6768952476116901,0.46848672114330137,0.0,0.32124629616737366,0.47045595065141466,0.40782205298508345,0.0,0.21842001378536224,0.6001537085135238,0.47183128573122135,0.0,0.30524858832359314,0.6085790766702681,0.39276550866507254,0.0,0.23927918076515198,0.5605307007447282,0.4764099691436576,0.0,0.35013607144355774,0.6307899199582496,0.40595942381378763,0.0,0.2827635109424591,0.5620383470903203,0.43734404785094116,0.0,0.35551220178604126,0.6240896164398387,0.38595567709638345,0.0,0.281468003988266,0.5708422605946918,0.4330678593306564,0.0,0.3357008695602417,0.6190403242767013,0.3796290890737023,0.0,0.2640843689441681,0.5630905064808476,0.5955122507813386,0.06396536361625585,0.9983177781105042,0.4405289334017092,0.605219917975385,0.0,0.9982956647872925,0.6387974845396523,0.6892451726405721,0.10639762502157338,0.6,0.4542291965474857,0.7105942064231945,0.2290236282260964,0.6,0.611381019248421,0.7962780476472044,0.47079260450406457,0.6,0.4778818712698469,0.8197721709307078,0.6225074673736717,0.6,0.6052703682359298,0.8114493216945875,0.542463811544273,0.6,0.41451653838157765,0.44357728958129994,0.0,0.6,0.6333966927650665,0.8742668153522755,0.3326396560057624,0.6,0.46463502922874234,0.8696863793577068,0.4494441713165289,0.6,high,high,high,high,high,high,high,high,high,high,high,high,high,low,low,low,low,low,low,low,low,low,low,high,high,medium,medium,medium,medium,medium,medium,medium,medium
227,7.566666666666666,0.49978460395808677,0.23244111493473069,0.0,0.9108133316040039,0.4941384935434617,0.2150588317976137,0.0,0.9043572545051575,0.5011508311980823,0.21410952932212235,0.0,0.9036520719528198,0.509102386055572,0.21352627449658146,0.0,0.9220883250236511,0.46534017964954544,0.2185074050665463,0.0,0.9169514775276184,0.45356996763836377,0.21969776685699216,0.0,0.9239448308944702,0.44324946202042614,0.22032751316651933,0.0,0.9375229477882385,0.5034812587402375,0.22219682802687213,0.0,0.9427445530891418,0.4233761638889235,0.2316810358445967,0.0,0.8969843983650208,0.5165292367096005,0.2501918670041862,0.0,0.9162140488624573,0.4826119369838078,0.25542255985987006,0.0,0.8974489569664001,0.5941762375387016,0.3169118172916785,0.0,0.9981570243835449,0.39449386878725085,0.33035454355475596,0.0,0.9929438233375549,0.6745753988519432,0.43663090120106707,0.0,0.3531898260116577,0.4530293365597459,0.42792891497378693,0.0,0.22256441414356232,0.5862197417479311,0.4335319796850643,0.0,0.3370315730571747,0.6129254647346104,0.4147803299563203,0.0,0.23917187750339508,0.5449443723494093,0.4357807495412027,0.0,0.3868527412414551,0.6414979085638823,0.423502946337621,0.0,0.28677603602409363,0.543853786163954,0.4013116947420838,0.0,0.39189568161964417,0.6295126517474807,0.40292860105599104,0.0,0.2857345640659332,0.5538573895856789,0.39916458795398646,0.0,0.36753395199775696,0.620681421879012,0.3980578452973943,0.0,0.26623526215553284,0.570547383148355,0.5895451546271102,0.07400835699717684,0.9984769821166992,0.4413646918076747,0.6038166727775198,0.0,0.9984514713287354,0.6377599775351839,0.6914021266413244,0.12393503739339994,0.6,0.45186786790086886,0.712256236602471,0.23293280747387018,0.6,0.6107512443084087,0.8000007753819522,0.5030347902554935,0.6,0.4763135271148353,0.8216778729067559,0.6381267625158316,0.6,0.6027450159800297,0.8141358374172665,0.5674512743584851,0.6,0.41451653838157765,0.44357728958129994,0.0,0.6,0.6311828658491695,0.8773835037933593,0.3541921799646066,0.6,0.46624798790197297,0.8728894029294032,0.47157795431831634,0.6,high,high,high,high,high,high,high,high,high,high,high,high,high,low,low,low,low,low,low,low,low,low,low,high,high,medium,medium,medium,medium,medium,medium,medium,medium
228,7.6,0.447712278171576,0.23822082728494917,0.0,0.9163092970848083,0.44174813321142603,0.22158037535933128,0.0,0.9090166091918945,0.4492000956218571,0.22063755919605482,0.0,0.908769428730011,0.4574113492365496,0.21976100141074054,0.0,0.9261082410812378,0.4131397632035353,0.22522648863303413,0.0,0.921540379524231,0.4026171192700501,0.22648634249235983,0.0,0.9289343357086182,0.392109712659619,0.22737651531929795,0.0,0.9416158199310303,0.4557439611230431,0.22856823867295512,0.0,0.9458470940589905,0.373003919710925,0.2391770705059698,0.0,0.9013824462890625,0.4675545716063416,0.25571924899563714,0.0,0.9212608337402344,0.43410765166049353,0.26177224183416103,0.0,0.9037407040596008,0.5614398483074088,0.3133435830091827,0.0,0.9983037710189819,0.350605465662786,0.3390982921445851,0.0,0.9935274124145508,0.6706615352964085,0.413740207473716,0.0,0.3418995141983032,0.4051220430221879,0.45721457735364096,0.0,0.24818956851959229,0.5844498278099912,0.4263178828435078,0.0,0.3149116039276123,0.5812754851954816,0.44608590687627403,0.0,0.2701742947101593,0.5463945491191683,0.4340720449711071,0.0,0.36564886569976807,0.6193787477094271,0.4514316143272652,0.0,0.31862324476242065,0.5403861110999604,0.4034127854244981,0.0,0.37060874700546265,0.6051893865728728,0.42886109695290187,0.0,0.3170592486858368,0.5509084086596008,0.4004330395401785,0.0,0.3467365503311157,0.5928783986396182,0.42511334119143296,0.0,0.2897733747959137,0.5710367310297254,0.5859657581591677,0.07359781540030176,0.9986194372177124,0.43403479852876575,0.6037750899930672,0.0,0.998595654964447,0.6349564015035466,0.6957686557489964,0.14563490264716225,0.6,0.45127141757826705,0.7153144996112526,0.24553939299600364,0.6,0.6099720731086944,0.8041468200826503,0.5434840432600292,0.5157290101051331,0.4755882526029821,0.823995684791194,0.6628490926527838,0.6,0.6008021929940905,0.8165239414983241,0.5933048963625773,0.6,0.41451653838157765,0.44357728958129994,0.0,0.6,0.6285725862297709,0.8798380135056918,0.38728879447768,0.6,0.4657858411289645,0.8756562013591643,0.4979903158292984,0.6,high,high,high,high,high,high,high,high,high,high,high,high,high,low,low,low,low,low,low,low,low,low,low,high,high,medium,medium,medium,medium,medium,medium,medium,medium
229,7.633333333333334,0.38252928033297534,0.24727642550057252,0.0,0.9241508841514587,0.3784278523532949,0.2310355547772149,0.0,0.9172354340553284,0.3867090058215581,0.22985514008498753,0.0,0.9170567393302917,0.39541695918236686,0.22868212772694002,0.0,0.9327701926231384,0.35010698771143384,0.23533922267126933,0.0,0.9287953972816467,0.3401714938503888,0.23680065026928,0.0,0.9356301426887512,0.33074646278139125,0.23792826368675427,0.0,0.9471107721328735,0.3995813516192236,0.23547586645835547,0.0,0.9506937861442566,0.3221548925607641,0.2483718449071855,0.0,0.9101918935775757,0.4075074928762762,0.263035997713641,0.0,0.9283050894737244,0.3750640863860969,0.2704845544619445,0.0,0.9124137163162231,0.5323825143711842,0.3111190369357048,0.0,0.9984456300735474,0.30698904228377255,0.34870779576835187,0.0,0.9940794706344604,0.6701783040464637,0.3841872709892301,0.0,0.3330698311328888,0.3555745521347571,0.48239930137332077,0.0,0.25934550166130066,0.5710121588412436,0.39566055791222515,0.0,0.29114240407943726,0.5190860047623842,0.4699780200814324,0.0,0.2703496813774109,0.530400117724649,0.4021255595040777,0.0,0.34099841117858887,0.5622419587104208,0.4697783928025865,0.0,0.320616751909256,0.5185181703461925,0.37556024632115004,0.0,0.3460179269313812,0.5478273490856314,0.44838791550734225,0.0,0.31885406374931335,0.531536188645242,0.373508922634148,0.0,0.3236771523952484,0.5349301926809049,0.44633838180061935,0.0,0.28795963525772095,0.5678841228529583,0.585928228768437,0.055431578481203156,0.998751163482666,0.4243561282997098,0.6056166277343037,0.0,0.998729407787323,0.6284610192401585,0.7021981667520016,0.16144040489781397,0.5337931513786316,0.4521120375288952,0.719753328181093,0.25478780602955653,0.5288098454475403,0.6090880201179095,0.8079523119717628,0.5753491742305866,0.5601681470870972,0.4756899809959045,0.8257056071955489,0.6870580869074456,0.5337846875190735,0.5994803987052187,0.8184768119919305,0.6182354233334573,0.5087304711341858,0.41451653838157765,0.44357728958129994,0.0,0.6,0.625556009376643,0.8816918345794245,0.4168787739033237,0.5335021018981934,0.4636941535786016,0.8778454334992035,0.5260465832334873,0.6,high,high,high,high,high,high,high,high,high,high,high,high,high,low,low,low,low,low,low,low,low,low,low,high,high,medium,medium,medium,medium,medium,medium,medium,medium
230,7.666666666666667,0.350820631275089,0.2571776855242009,0.0,0.931485652923584,0.34875454088469016,0.24093182308551656,0.0,0.9251143336296082,0.3581714138284439,0.2391853051516288,0.0,0.92495197057724,0.36771655020180377,0.23737624343180774,0.0,0.9391156435012817,0.31998670073378144,0.24616938211145445,0.0,0.9356709122657776,0.3105147364256273,0.24784157770774926,0.0,0.9418975710868835,0.30159263142616954,0.24923187150405068,0.0,0.9522606134414673,0.37726244788903557,0.2413452455908553,0.0,0.9553398489952087,0.298704089887771,0.2578193880878135,0.0,0.9187707304954529,0.3811814445993571,0.2707544752767877,0.0,0.93475341796875,0.3468444420324348,0.27993054205165396,0.0,0.9204283952713013,0.5240093718319798,0.3078159291149583,0.0,0.9985533952713013,0.2825016676684923,0.3604991310959939,0.0,0.994587242603302,0.6621943441999003,0.35438784373390186,0.0,0.34150731563568115,0.30559392367209665,0.5034000767972377,0.0,0.2745472192764282,0.5391023146175297,0.35413340098791285,0.0,0.27091434597969055,0.43580782892820835,0.4955115999097326,0.0,0.2953088879585266,0.49357285908052273,0.35634381853756186,0.0,0.3193328082561493,0.47507564299729166,0.499492035601246,0.0,0.3479062020778656,0.4795617031537026,0.33630264204837873,0.0,0.3241800367832184,0.46382321528482673,0.47777065613886815,0.0,0.3461223840713501,0.4942049746746796,0.3359040710336965,0.0,0.3037465214729309,0.453431227754603,0.47520630634748146,0.0,0.3103863000869751,0.5719461332667972,0.5849970827847387,0.025213364681059735,0.9988654851913452,0.42156236731644947,0.6044199527838306,0.0,0.9988475441932678,0.6202080230785606,0.7075401813210537,0.16093187498447808,0.575823187828064,0.45011553955056527,0.7209401836947331,0.25106325116945527,0.5649345517158508,0.6078777122155348,0.8108396039497157,0.611550370890545,0.598526120185852,0.4764200675347954,0.8251415396530104,0.7044303520315811,0.5717202425003052,0.5987638023033788,0.8199170089048446,0.6404881360129965,0.5413373708724976,0.41451653838157765,0.44357728958129994,0.0,0.6,0.6240591901815835,0.8825368348082916,0.4552924257910169,0.5726393461227417,0.46043784942042715,0.8793861101560888,0.5532687924623224,0.5219470262527466,high,high,high,high,high,high,high,high,high,high,high,high,high,low,low,low,low,low,low,low,low,low,low,high,high,medium,medium,medium,medium,medium,medium,medium,medium
231,7.7,0.34663618465403667,0.2674156399943063,0.0,0.9355925917625427,0.3484531910547297,0.25001235108275577,0.0,0.927819013595581,0.35989594139975084,0.24739333379379863,0.0,0.9278721809387207,0.37099963822564974,0.24471725929867202,0.0,0.9415872693061829,0.3188222165985827,0.256486794852711,0.0,0.9391729831695557,0.3098966637691426,0.2584024879968534,0.0,0.9453443288803101,0.30149775931051637,0.26009509832292244,0.0,0.9551711082458496,0.3874751876839957,0.2454310498593299,0.0,0.9574181437492371,0.30635952671646877,0.2661758339280022,0.0,0.9219294190406799,0.38373200036151245,0.2782902802342865,0.0,0.9359514713287354,0.34630961671020133,0.289090354056348,0.0,0.9227787256240845,0.5400778401148083,0.30541096902116,0.0,0.9985702633857727,0.29293839303485797,0.36786041323677465,0.0,0.99449223279953,0.6331849192683808,0.3277826444669212,0.0,0.39345496892929077,0.2902562926699239,0.5010054717252874,0.0,0.2599414587020874,0.48912715460315026,0.3037506239814366,0.0,0.318281888961792,0.37378500672904025,0.4911101470877254,0.0,0.28351086378097534,0.43973310090306317,0.299659786125025,0.0,0.35358157753944397,0.405390380006849,0.4943648676077538,0.0,0.33274030685424805,0.42529002860153864,0.28257782090377215,0.0,0.35662850737571716,0.3986891267044016,0.475405047962439,0.0,0.33060547709465027,0.44040013274877066,0.28532704638017714,0.0,0.33332371711730957,0.3931216837573451,0.4740862606010805,0.0,0.2949984073638916,0.587517414337551,0.5826727917422241,0.0,0.9989305734634399,0.4370080717515846,0.5983549196681236,0.02487727301086725,0.9988943338394165,0.606269037532784,0.7118395394581403,0.13428887578462886,0.5819507837295532,0.445999134990803,0.7194284672596349,0.2371932723567755,0.5395100712776184,0.603597087280077,0.8147911805725824,0.6156301800701375,0.5920214056968689,0.4775630490544428,0.8228041195340542,0.7147050979539611,0.5489706993103027,0.598582242741393,0.8208264741964151,0.6583428501080305,0.5192832350730896,0.41451653838157765,0.44357728958129994,0.0,0.6,0.6179374537881774,0.8852363165142279,0.46404956492163035,0.5631159543991089,0.4565012123246422,0.8802775940907422,0.57733568799467,0.5018879771232605,high,high,high,high,high,high,high,high,high,high,high,high,high,low,low,low,low,low,low,low,low,low,low,high,high,medium,medium,medium,medium,medium,medium,medium,medium
232,7.733333333333333,0.34113034765759354,0.2790474631152794,0.0,0.9417739510536194,0.34209536415435865,0.2608495855525942,0.0,0.9346145391464233,0.3527463754434973,0.2575392042979223,0.0,0.9346845746040344,0.36293560599947405,0.25407873698464706,0.0,0.9470919370651245,0.3144523421506512,0.2680907540526986,0.0,0.9449488520622253,0.306810619600448,0.2700075308134513,0.0,0.9505823850631714,0.29961073384696313,0.27176240690938314,0.0,0.9594685435295105,0.38499095723345667,0.25078341344019817,0.0,0.9613995552062988,0.30886541115932054,0.2747417967636276,0.0,0.9291313290596008,0.37843816722189727,0.28741431590560507,0.0,0.9418137669563293,0.3457870179122987,0.29868036293205485,0.0,0.9298250675201416,0.5411181240092917,0.3020304562328586,0.0,0.9986924529075623,0.2966724832852689,0.37555034920608066,0.0,0.9949797987937927,0.5769726427007127,0.29132182201444484,0.0,0.38860005140304565,0.2814486924307059,0.501158037177334,0.0,0.25804299116134644,0.4212131969856505,0.2513775787639736,0.0,0.300447016954422,0.3203610447528487,0.49751160125354643,0.0,0.2817239761352539,0.37181427017167,0.24068085786762836,0.0,0.3383972644805908,0.33587010243000215,0.5022112461097881,0.0,0.3345162570476532,0.3582274394070778,0.2294616705123645,0.0,0.34232985973358154,0.33008885598960824,0.4871517687966509,0.0,0.33362695574760437,0.37290786939623294,0.2346093133265606,0.0,0.3189179599285126,0.33083717834143733,0.4858240740143627,0.0,0.29558223485946655,0.584781687437517,0.5780837887372742,0.0,0.999017059803009,0.43775178731738384,0.5905400238114931,0.06764859681414992,0.9989857077598572,0.589072495933624,0.7147822630324334,0.08818566997362523,0.5937499403953552,0.44041936221459954,0.7158066073219833,0.21601139027444222,0.5365753769874573,0.5995412304172969,0.8175325455051063,0.5937012678910569,0.5926804542541504,0.47885350560693657,0.8192415096068766,0.717694069662586,0.5495392084121704,0.5988112287349422,0.8212465317785786,0.6701139162903589,0.5113816261291504,0.41451653838157765,0.44357728958129994,0.0,0.6,0.6107700505391357,0.8869834337086755,0.44874282401194665,0.566383421421051,0.45238788546210573,0.8805896000184408,0.5960827228568233,0.5083711743354797,high,high,high,high,high,high,high,high,high,high,high,high,high,low,low,low,low,low,low,low,low,low,low,high,high,medium,medium,medium,medium,medium,medium,medium,medium
233,7.766666666666667,0.3202007108635011,0.26525167710992353,0.0,0.9465043544769287,0.32292739348811783,0.2448706233001262,0.0,0.9392489790916443,0.3339738413031571,0.24117297972693652,0.0,0.9394130110740662,0.3443439418063584,0.2374191816314401,0.0,0.9506929516792297,0.29713089760644806,0.25259633393554487,0.0,0.9492717981338501,0.29081709443272485,0.2545133950688073,0.0,0.9545564651489258,0.2847576767275669,0.2563391988858205,0.0,0.962734580039978,0.3765336939227063,0.23165033709058178,0.0,0.9642409086227417,0.3018058800336094,0.257465357199694,0.0,0.9347021579742432,0.36150528876097976,0.2728061842056984,0.0,0.9452067017555237,0.32977927974609866,0.284793846534961,0.0,0.9338895678520203,0.5461942152682454,0.2783564007504566,0.0,0.9987590312957764,0.3093139442391615,0.3628069504157656,0.0,0.995326578617096,0.5048587686254163,0.2421722287759365,0.0,0.4429071843624115,0.2853159302875998,0.4879654936301415,0.0,0.2574976682662964,0.3238541941334326,0.1827610348001787,0.0,0.3624975383281708,0.2754700256811162,0.5042654455124929,0.0,0.3214702010154724,0.27332604527126175,0.16755375823566174,0.0,0.3931973874568939,0.27153020138507195,0.5153431294264507,0.0,0.37214699387550354,0.2614707338747452,0.15936730635332935,0.0,0.3964942395687103,0.26530906568457263,0.5019762975213702,0.0,0.3727223575115204,0.2767579200349773,0.16643671194712362,0.0,0.3708178997039795,0.2726974436592118,0.49922376044424677,0.0,0.33387884497642517,0.58738738423461,0.5782126935767697,0.0,0.9990441799163818,0.43866580217590534,0.5904188222818457,0.12356998522642226,0.999020516872406,0.5710306034371735,0.7160817360799904,0.029343332748552515,0.5887221097946167,0.43397208660441056,0.7106980596666865,0.19035710234722952,0.5312032699584961,0.5982411525466241,0.8173069469578638,0.5513527024876002,0.5768592953681946,0.47997606046166774,0.8150493980373931,0.713281547204686,0.5330111384391785,0.5992719387625643,0.8212778875158617,0.6741502201967455,0.6,0.41451653838157765,0.44357728958129994,0.0,0.6,0.6054793275957112,0.8856767248930849,0.4145033880808753,0.5541184544563293,0.44862087150433483,0.8804621946088157,0.6075020586225025,0.6,high,high,high,high,high,high,high,high,high,high,high,high,high,low,low,low,low,low,low,low,low,low,low,high,high,medium,medium,medium,medium,medium,medium,medium,medium
234,7.8,0.3253875519984817,0.3042449733733027,0.0,0.9505298733711243,0.32723938133611075,0.28586649575155726,0.0,0.9429305195808411,0.3365806988624991,0.2823315917542494,0.0,0.9431269764900208,0.34514683742067565,0.2787695126586312,0.0,0.9532790780067444,0.3059744107556518,0.2932876955309678,0.0,0.9531840682029724,0.30116007794867106,0.29510587151650863,0.0,0.9581812024116516,0.29653605485296,0.29694416400019186,0.0,0.9658131003379822,0.3776619668468183,0.27098271528601997,0.0,0.9660012125968933,0.3151129442495074,0.29593207751398676,0.0,0.9401854276657104,0.3629465446327681,0.30845123453018075,0.0,0.9472052454948425,0.33641081569078174,0.3197399845351159,0.0,0.9375507831573486,0.5360280056516622,0.298386436381263,0.0,0.9987929463386536,0.3311151062553032,0.3865128551329776,0.0,0.9957028031349182,0.4235558825217216,0.2373610820039453,0.0,0.47730979323387146,0.2929816789977208,0.4899899191233952,0.0,0.26740771532058716,0.2369997477059048,0.16644400653444566,0.0,0.4141483008861542,0.235931755397426,0.5132043544368046,0.0,0.379215270280838,0.19025489144322524,0.14757278231613044,0.0,0.4403369724750519,0.21208552109611672,0.5246195028989757,0.0,0.42442911863327026,0.1820165275537472,0.14413418598247332,0.0,0.44418302178382874,0.20487673090888123,0.5142384699452465,0.0,0.42610234022140503,0.19548799323313215,0.15217455905495306,0.0,0.41573643684387207,0.2206773310552394,0.5116270595775075,0.0,0.3884724974632263,0.5682859947353547,0.5592709797801407,0.0,0.9990249276161194,0.43632068083836595,0.572717788614039,0.11784865331590763,0.9990320205688477,0.5545393370248235,0.7154787048037532,0.0,0.5598608255386353,0.4271925005601569,0.7047613074173757,0.16307588274176069,0.514514684677124,0.6014637904011579,0.8128753776872653,0.49364995400666767,0.5442953705787659,0.4805653801053289,0.8108709983892395,0.701424345686721,0.5032797455787659,0.5997312210656562,0.8210806292253796,0.6688351824289175,0.6,0.41451653838157765,0.44357728958129994,0.0,0.6,0.6043307289376976,0.879920113058915,0.36600099444945194,0.5266253352165222,0.44574253262350505,0.8801057964858526,0.6097425654128549,0.6,high,high,high,high,high,high,high,high,high,high,high,high,high,low,low,low,low,low,low,low,low,low,low,high,high,medium,medium,medium,medium,medium,medium,medium,medium
235,7.833333333333333,0.32802600613285143,0.33042159315311637,0.0,0.9542813897132874,0.3284989426602859,0.3140565131233019,0.0,0.9468257427215576,0.3361795264663127,0.3107138636298399,0.0,0.9470544457435608,0.3426547196361578,0.3074487803421384,0.0,0.956249475479126,0.3130973708796343,0.3209068643532719,0.0,0.9569254517555237,0.31007262043186085,0.3224918139286539,0.0,0.961586594581604,0.30693121751149577,0.3241567504711649,0.0,0.9686837196350098,0.3739253750075281,0.2990744020138595,0.0,0.9681528210639954,0.3266005270825686,0.3215918213059583,0.0,0.9451239705085754,0.3600077333844912,0.332669868544266,0.0,0.9500083923339844,0.3412329895651989,0.34270615636052043,0.0,0.9416839480400085,0.507339866983864,0.313058651619025,0.0,0.998853862285614,0.3574818830529024,0.39669343016364467,0.0,0.9960753917694092,0.36672030239950065,0.24702540026122383,0.0,0.5222581028938293,0.3230466219511907,0.4837353588678911,0.0029808786157128134,0.25930333137512207,0.18903333591275606,0.18388112347859653,0.0,0.4688849151134491,0.2291690336240761,0.520071689760214,0.0,0.4326411187648773,0.14924182068982084,0.1674956258534,0.0,0.49195536971092224,0.19030606253441723,0.5333125833725887,0.0,0.4748607575893402,0.1425205477294114,0.16597006680109605,0.0,0.4956997334957123,0.1812677902705746,0.5261212393537282,0.0,0.47716453671455383,0.15486774027417072,0.17294582342490217,0.0,0.4677606523036957,0.20298144110155047,0.5228376354509869,0.0,0.4413662254810333,0.5423040997176196,0.5432026408491172,0.0,0.9990751147270203,0.43813535626673866,0.5558520506867732,0.11921295477185942,0.9990814924240112,0.5419784455032629,0.7127412775735497,0.0,0.5353431105613708,0.4205551234992245,0.6986898610364047,0.13701918236650823,0.6,0.6121651012024973,0.8052700592643475,0.43444352341698717,0.5162771344184875,0.48020617424191425,0.8073970496237716,0.6821518152743804,0.6,0.599901593648472,0.8208742266768363,0.6525867585535667,0.6,0.41451653838157765,0.44357728958129994,0.0,0.6,0.60893279536343,0.8690229056876324,0.30744393274083914,0.5005621910095215,0.4443145904924498,0.879801176227892,0.6011098218964546,0.6,high,high,high,high,high,high,high,high,high,high,high,high,high,medium,low,low,low,low,low,low,low,low,low,high,high,medium,medium,medium,medium,medium,medium,medium,medium
236,7.866666666666666,0.32791544945090056,0.3459930244164598,0.0,0.9577788710594177,0.3307509090933775,0.3309075391237005,0.0,0.9503269791603088,0.33766957936865,0.3280382609311804,0.0,0.950374186038971,0.34293388250546664,0.32535671194394516,0.0,0.95891934633255,0.31826413052899105,0.33664932110648704,0.0,0.9603530764579773,0.31636296584333934,0.33778042393130947,0.0,0.9646299481391907,0.3144086426371469,0.3389799419121874,0.0,0.9713228940963745,0.3741800205690887,0.3183140560185723,0.0,0.9696071743965149,0.33553359815568723,0.3364440450718362,0.0,0.9495093822479248,0.35534399060102706,0.34821340976617365,0.0,0.9509466290473938,0.34127143115708414,0.356251326126931,0.0,0.944067120552063,0.4821194821582264,0.3275098289365266,0.0,0.998837947845459,0.37735825881257856,0.4001127765589949,0.07456685715552555,0.996338963508606,0.3518490703789513,0.27575556037726173,0.0,0.5468854308128357,0.3573537878778996,0.4803561114625788,0.0993152712678023,0.23857524991035461,0.18387705462795917,0.2330231642598045,0.0,0.5036362409591675,0.24562709394729562,0.5231431816424537,0.0,0.44531193375587463,0.15043712667860387,0.2237209801004211,0.0,0.5235793590545654,0.20003977119227995,0.5374559146679935,0.0,0.4889243245124817,0.1436841518364173,0.22012439554248991,0.0,0.5279869437217712,0.18852856706628202,0.5313548035138151,0.0,0.4931514263153076,0.15499356375151896,0.2236018670952965,0.0,0.4967283010482788,0.21181276982480884,0.527852702668776,0.0,0.4573834538459778,0.5242173374393895,0.5324316349896532,0.0,0.9991066455841064,0.44221778502275455,0.5431125494705784,0.12027114872888006,0.9991090297698975,0.5333491815275816,0.7099457616572632,0.0,0.6,0.41522289767409926,0.6931338986872534,0.1081547193871792,0.6,0.6328047726537814,0.7919446302182767,0.38230986299214764,0.6,0.48047784401542504,0.8048572722292746,0.6502302646081226,0.6,0.6005580971291031,0.8208893258254866,0.6271278683122238,0.6,0.41451653838157765,0.44357728958129994,0.0,0.6,0.6218240843230488,0.8508435186250526,0.2570299263044955,0.6,0.44491812628466054,0.8798994563676283,0.5800661152893029,0.6,high,high,high,high,high,high,high,high,high,high,high,high,high,medium,low,medium,low,medium,low,medium,low,low,low,high,high,medium,medium,medium,medium,medium,medium,medium,medium
237,7.9,0.3295022923073855,0.35143329046823024,0.0,0.9586718082427979,0.3346420138171234,0.3374426978312459,0.0,0.9498500227928162,0.340945660929025,0.3351585996317706,0.0,0.9494844079017639,0.34544117008889563,0.3331255322986558,0.0,0.9581655859947205,0.3246605303876614,0.3419374952088434,0.0,0.9615176916122437,0.3237344541332947,0.3426735722101661,0.0,0.9657546281814575,0.32271766752907804,0.34343437708063373,0.0,0.9727131724357605,0.376356612066012,0.3283061701934663,0.0,0.9675745368003845,0.3436686611953602,0.3421281785259167,0.035251275382258807,0.9512304663658142,0.3524330149302681,0.35464510182678655,0.0,0.9429050087928772,0.3422986348192184,0.3606263287973302,0.0,0.9390674829483032,0.4665025922801957,0.3401834120700418,0.0,0.9985958933830261,0.3837669534838849,0.3994275192558637,0.1465369109368273,0.9963846206665039,0.3561195094824402,0.2988014131576039,0.0,0.550815999507904,0.3713211692991244,0.46516454303181376,0.14298025838214518,0.2193334400653839,0.21039246877173498,0.25059258076416646,0.0,0.5220242738723755,0.27329944313822996,0.4986871724778969,0.0,0.43474945425987244,0.18084879339366572,0.23961515436361502,0.0,0.5406704545021057,0.23467762473024192,0.5085465602385706,0.0,0.48118138313293457,0.17300611628449647,0.2364285107189687,0.0,0.5463883280754089,0.2234428413472815,0.5041040580867345,0.0,0.4875139594078064,0.18552793223749556,0.2418823203284708,0.0,0.5103639364242554,0.2431745429139044,0.5021947819591972,0.0,0.4529721438884735,0.5141441612254781,0.5239565760105653,0.0,0.9991227388381958,0.4488456031103524,0.5333399362775287,0.11548242396685934,0.999125599861145,0.5281564393243604,0.7084567423189176,0.0,0.6,0.4125041549022392,0.6903719706135214,0.10494481193852619,0.6,0.6589205933339686,0.7751194259503524,0.3878626398967985,0.6,0.48024073138937373,0.8036282262602074,0.6562450965801336,0.6,0.6001060605049149,0.8208954930305503,0.6436256170272844,0.6,0.41451653838157765,0.44357728958129994,0.0,0.6,0.6407386618894313,0.8276334896787918,0.2522374172380205,0.6,0.44585791230201843,0.879920303821566,0.590441524982454,0.6,high,high,high,high,high,high,high,high,high,high,high,high,high,medium,low,medium,low,medium,low,medium,low,medium,low,high,high,medium,medium,medium,medium,medium,medium,medium,medium
239,7.966666666666667,0.3308696689166676,0.34970069813839577,0.0,0.9627875685691833,0.3372416802636402,0.33680376014509483,0.0,0.9548438191413879,0.3428505402761748,0.33514449382439726,0.0,0.9545080065727234,0.34670346072225955,0.33377638181328584,0.0,0.9623258113861084,0.32986539664802106,0.3400089007157555,0.0,0.9653506278991699,0.32992683576815146,0.34042172359697837,0.0,0.9691643714904785,0.3298582110232693,0.34081240224115866,0.0,0.9754301905632019,0.3777366427135922,0.33108715730391547,0.0,0.9707971215248108,0.35083327982531376,0.34090491476314694,0.11220482727273949,0.9560799598693848,0.3501794648754022,0.35492620261121277,0.0,0.9485870599746704,0.3431415792667514,0.3588571673506633,0.0005886980391049471,0.9451341032981873,0.45730414597582547,0.35254281189614056,0.0,0.9987327456474304,0.3877713319027073,0.3956838859405839,0.19002693969678264,0.9967454671859741,0.37543512821753366,0.335889612982324,0.0,0.5278093814849854,0.3658547849505107,0.4381015409817518,0.1752119980978248,0.295683890581131,0.261849548155334,0.3105629482816713,0.0,0.5412057638168335,0.29162048859335127,0.45258043647368307,0.0436487749657467,0.4902714788913727,0.23771993418187315,0.3076223701516518,0.0,0.5687354207038879,0.26661583593675375,0.4557235781407313,0.005004731847064501,0.5315682291984558,0.2316619087887678,0.3018064011574355,0.0,0.5737116932868958,0.2567101272391835,0.4501319551940298,0.0,0.5370532870292664,0.2438940649682832,0.30534853485775515,0.0,0.5353679656982422,0.2709874463525971,0.4501851757506402,0.022690777260905744,0.5045807957649231,0.5153704887225647,0.5234038765891741,0.0,0.9992067813873291,0.46022208851256413,0.5333960078535116,0.10463613851781797,0.9992108941078186,0.5265728727087288,0.7085993073203365,0.0,0.6,0.4130369535276117,0.6906421584682882,0.11100362183956029,0.6,0.6869669068943388,0.7574172026905445,0.3976043448859449,0.6,0.4802018437352227,0.8042221361106947,0.6599734471394483,0.6,0.6001060605049149,0.8208954930305503,0.6436256170272844,0.6,0.41451653838157765,0.44357728958129994,0.0,0.6,0.6625474674718381,0.8026159471009461,0.2574219293110861,0.6,0.44585791230201843,0.879920303821566,0.590441524982454,0.6,high,high,high,high,high,high,high,high,high,high,high,high,high,medium,low,medium,low,medium,medium,medium,medium,medium,medium,high,high,medium,medium,medium,medium,medium,medium,medium,medium
241,8.033333333333333,0.3271624261126938,0.3453734026644345,0.0,0.9661315679550171,0.3343472013940353,0.33286519379882634,0.0,0.9588691592216492,0.3390295943180173,0.3316229785377893,0.0,0.9585262537002563,0.3421895278222642,0.33072830316348045,0.0,0.9657104015350342,0.32995356747876325,0.3349891814179641,0.0010963356022512805,0.9684650301933289,0.3313016231521313,0.3349985416396801,0.0004279580323290899,0.9718937277793884,0.33246934663999417,0.33493874213356606,0.00013323692661346836,0.9776051044464111,0.37535301094010814,0.32907657502414556,0.0,0.9735347628593445,0.35588712660304966,0.3349339752903082,0.11878685304126574,0.960116982460022,0.34564697902241603,0.3522832797262784,0.0,0.9531565308570862,0.34152861727979167,0.3544934574679626,0.02952986002176803,0.9497555494308472,0.4558764380730683,0.36185077972067636,0.0,0.9988481998443604,0.3951522080631533,0.3888993205585134,0.18463694257336113,0.9968894720077515,0.40774516486899387,0.36115392785528144,0.0,0.5402361750602722,0.367652660761125,0.4201924315977219,0.1418041013928008,0.26625266671180725,0.3112172615347495,0.3444261557155565,0.0,0.5390738248825073,0.3076524519836994,0.4271120806257219,0.007413428433083173,0.4431001543998718,0.2852973088205285,0.3445604272655683,0.0,0.5717196464538574,0.291384764970878,0.42748614277317365,0.0,0.48364266753196716,0.2807211477335524,0.3377422841139894,0.0,0.5772560238838196,0.28241594639413636,0.42363797617959087,0.0,0.4887164533138275,0.29406415410600417,0.3413157394993842,0.0,0.5304264426231384,0.29290392227245177,0.4243528151011978,0.0,0.4585566222667694,0.5249158195404475,0.53048628804845,0.0,0.9992614984512329,0.4785414403413016,0.5389839751181361,0.09828658593006649,0.9992429614067078,0.5268712794030477,0.7096943338434198,0.0,0.6,0.41503557562828175,0.6926798820495623,0.11592350155115158,0.6,0.7134849995999922,0.7404937324546176,0.41481337111035255,0.6,0.48021495342254766,0.8050605058670065,0.6623431444168109,0.6,0.6001060605049149,0.8208954930305503,0.6436256170272844,0.6,0.41451653838157765,0.44357728958129994,0.0,0.6,0.6846777417443033,0.7791018404049215,0.2722695089511945,0.6,0.44585791230201843,0.879920303821566,0.590441524982454,0.6,high,high,high,high,high,high,high,high,high,high,high,high,high,medium,low,medium,low,medium,low,medium,low,medium,low,high,high,medium,medium,medium,medium,medium,medium,medium,medium
242,8.066666666666666,0.33295964909878173,0.33713815206692305,0.0,0.9689602255821228,0.33974459871545626,0.3242508810022225,0.0,0.9622268080711365,0.34453270297784166,0.3231206127118962,0.0,0.961892306804657,0.34833637727446304,0.322290635748066,0.0,0.9684979319572449,0.33489263794083224,0.3257074584633051,0.0,0.9710862636566162,0.3360258007383022,0.3254361631986987,0.0,0.9742151498794556,0.33708639467235024,0.3251094461737821,0.0,0.9794682264328003,0.3803815761785139,0.32095496707307236,0.0,0.9755873084068298,0.360329415970472,0.32460658283500493,0.06557889052586419,0.9633691906929016,0.3513413748957903,0.3453361089135114,0.0,0.9556912183761597,0.3463642759756618,0.3466338292285288,0.0,0.9526932239532471,0.4573979683411439,0.3631095549304456,0.0,0.9987603425979614,0.40850529394227697,0.3783139799024685,0.15017448895391647,0.996813178062439,0.41614640307871165,0.3720843571396707,0.0,0.5118568539619446,0.3810155887009113,0.40712132424741465,0.13641032098959688,0.24054346978664398,0.33267277143982554,0.3603232311202106,0.0,0.5031017065048218,0.3418938221284013,0.4173260321428181,0.046579347269952685,0.4005892872810364,0.30525142235772673,0.36160986497129965,0.0,0.5452620983123779,0.3315519074668426,0.4192338556676489,0.013382139487630583,0.43956902623176575,0.3032306485260152,0.35410985301980424,0.0,0.5499931573867798,0.3235242951374796,0.4168504524481057,0.0,0.4440940022468567,0.31624101963771334,0.3579419071510409,0.0,0.5002564787864685,0.3313585778216391,0.41684335095065567,0.031233484785144226,0.41718506813049316,0.5383689731428966,0.5386960602306834,0.0,0.9993221759796143,0.5011973626269062,0.5443456699520295,0.09954907852800324,0.9993032217025757,0.5293924808502212,0.7095415592193621,0.0,0.6,0.41503557562828175,0.6926798820495623,0.11592350155115158,0.6,0.7346207353618615,0.7266930316711658,0.4461169891007309,0.5262550711631775,0.48021495342254766,0.8050605058670065,0.6623431444168109,0.6,0.6001060605049149,0.8208954930305503,0.6436256170272844,0.6,0.41451653838157765,0.44357728958129994,0.0,0.6,0.704498001328717,0.7600300949770273,0.30236077892196844,0.5200504660606384,0.44585791230201843,0.879920303821566,0.590441524982454,0.6,high,high,high,high,high,high,high,high,high,high,high,high,high,medium,low,medium,low,medium,low,medium,low,medium,low,high,high,medium,medium,medium,medium,medium,medium,medium,medium
243,8.1,0.33929046814814123,0.3241800489403437,0.0,0.9664594531059265,0.34572783682174146,0.31013781526983564,0.0,0.9597387313842773,0.3517446326209124,0.30882833929328735,0.0,0.9585101008415222,0.35733221502570933,0.30782151909974986,0.0,0.9666107892990112,0.3378682382456915,0.31142002330237695,0.0,0.9690454006195068,0.33789376876293176,0.31092570142034687,0.0,0.971786379814148,0.337987879078428,0.31039763664032277,0.0,0.9787265062332153,0.3886143531832672,0.30636371397749884,0.0,0.972368061542511,0.3616156962229109,0.3091469368873507,0.005202575352277375,0.9618456959724426,0.35886286848630755,0.3338834350203588,0.0,0.9436652064323425,0.35097633736394873,0.33449965340274285,0.0,0.943278968334198,0.4615988286780879,0.35932341092950076,0.0,0.9979355931282043,0.4243798411531615,0.3651088711681909,0.13508768117441755,0.996140718460083,0.4021987911565609,0.3711821820352471,0.0,0.48086610436439514,0.39679232288351807,0.3929675675772297,0.15726228567200704,0.2174127995967865,0.3233390743811656,0.35981581021439046,0.0,0.45628997683525085,0.3569835030879739,0.40335839326843065,0.0832862558325273,0.3609287440776825,0.2932650291106926,0.36020509283859514,0.0,0.49643057584762573,0.3474958360473046,0.4052097147161321,0.05786293099844943,0.396260142326355,0.29284220576147457,0.35239957512675557,0.0,0.5011247992515564,0.3403151153059282,0.4038463509999799,0.03564797070893384,0.40036362409591675,0.30602169115018263,0.35691421511984744,0.0,0.45477959513664246,0.34726218142848564,0.4038998013609783,0.06606934299488462,0.37627890706062317,0.5489217950191823,0.5506899511063863,0.0,0.9993542432785034,0.5222366063883824,0.5533590237577493,0.1201805200401723,0.9993481636047363,0.5293924808502212,0.7095415592193621,0.0,0.6,0.41503557562828175,0.6926798820495623,0.11592350155115158,0.6,0.746727066440184,0.7188744767284634,0.45547391644446844,0.6,0.48021495342254766,0.8050605058670065,0.6623431444168109,0.6,0.6001060605049149,0.8208954930305503,0.6436256170272844,0.6,0.41451653838157765,0.44357728958129994,0.0,0.6,0.7148119198692446,0.7491674516306632,0.310547899324578,0.6,0.44585791230201843,0.879920303821566,0.590441524982454,0.6,high,high,high,high,high,high,high,high,high,high,high,high,high,low,low,low,low,low,low,medium,low,low,low,high,high,medium,medium,medium,medium,medium,medium,medium,medium
244,8.133333333333333,0.3437252787999071,0.30661834911866703,0.0,0.9676259756088257,0.350622385462404,0.28963145495572645,0.0,0.9616677165031433,0.35715247728885846,0.2882195216514577,0.0,0.9599135518074036,0.3639606250610673,0.2871062921616311,0.0,0.967968761920929,0.34027319062839945,0.29092947364131405,0.0,0.9705421924591064,0.3392200857609311,0.29041737130471956,0.0,0.9729241132736206,0.3380916431233608,0.28991853211309604,0.0,0.9799368977546692,0.3990816339885171,0.2854272022947572,0.0,0.9732945561408997,0.36252047437610146,0.2886755499111752,0.0,0.964113175868988,0.36560700462136886,0.31783404300262963,0.0,0.9436877965927124,0.3558379205373627,0.3184121024636408,0.0,0.9435031414031982,0.46867552295431514,0.34956840549037815,0.0,0.9978599548339844,0.44777533134102665,0.3495394681995019,0.14769484236454392,0.9958778023719788,0.36880580348012704,0.35682224810540353,0.0,0.47562742233276367,0.42098422789629353,0.3877457105891142,0.20421059129190944,0.1958194375038147,0.2784226361861881,0.3412246035112377,0.0,0.41999897360801697,0.3735398186809265,0.4113047820426934,0.1395269206688159,0.32508614659309387,0.24558911227679817,0.33984922272064283,0.0,0.45826607942581177,0.3632889182973307,0.41687935229503853,0.12373371275536975,0.35718801617622375,0.2478328122472992,0.3314828570489292,0.0,0.4629949629306793,0.355274235035157,0.4172367394526254,0.08936260684039511,0.3609350025653839,0.2610490581580816,0.3368197892095668,0.0,0.41778141260147095,0.3613659779786517,0.4161710400125652,0.11790454555693655,0.3393137454986572,0.5540662651017566,0.5667617658635135,0.0,0.9993834495544434,0.5418429669244598,0.5663389249559342,0.1453248321280617,0.9993765354156494,0.5293924808502212,0.7095415592193621,0.0,0.6,0.41503557562828175,0.6926798820495623,0.11592350155115158,0.6,0.7528514456915708,0.7149192077574493,0.460207420865418,0.6,0.48021495342254766,0.8050605058670065,0.6623431444168109,0.6,0.6001060605049149,0.8208954930305503,0.6436256170272844,0.6,0.41451653838157765,0.44357728958129994,0.0,0.6,0.7200295492485704,0.7436722320554436,0.31468961905766285,0.6,0.44585791230201843,0.879920303821566,0.590441524982454,0.6,high,high,high,high,high,high,high,high,high,high,high,high,high,low,low,low,low,low,low,low,low,low,low,high,high,medium,medium,medium,medium,medium,medium,medium,medium
245,8.166666666666666,0.3433349001935599,0.28237699788489334,0.0,0.9707476496696472,0.35167598154717206,0.2613206799630525,0.0,0.9653543829917908,0.36030721476861743,0.25996015281666196,0.0,0.963675320148468,0.3693525077718687,0.259007489347792,0.0,0.9709829092025757,0.33751169701556316,0.2627752118316293,0.0,0.9734171628952026,0.33508254528601494,0.26243228873450786,0.0,0.9755467176437378,0.3324248109942003,0.2621714087216177,0.0,0.9818938374519348,0.407887409061264,0.25791905122203496,0.0,0.975631058216095,0.3593605967251581,0.26160969948157353,0.0,0.9675502777099609,0.3683459353057942,0.295632804190363,0.0,0.9476203322410583,0.35375055469277394,0.29675594521013526,0.0,0.9478439688682556,0.47704063352449366,0.3321418338444414,0.0,0.9979050755500793,0.47022215608672513,0.330998234885001,0.17233187055740645,0.9961538910865784,0.32179273008466686,0.3332774065313371,0.0,0.4453508257865906,0.4423663530038521,0.39090406026317903,0.26250053440288024,0.17638607323169708,0.20599562070378108,0.3069975490058782,0.0,0.3987111747264862,0.3830463434015965,0.42995430379758737,0.19490402835336648,0.2947425842285156,0.17416952630300944,0.30200456503110135,0.0,0.4400610327720642,0.3712221656368061,0.43957635044773813,0.18738180135826182,0.32549023628234863,0.1789701411496236,0.2935881471578343,0.0,0.44641223549842834,0.36176628784422094,0.43892758508106605,0.1373761705446358,0.32910066843032837,0.19072554904819972,0.3005054542373674,0.0,0.3989455997943878,0.36669249891679145,0.4366790728691309,0.16707364441978947,0.3091156482696533,0.5565303508496243,0.583329281884753,0.0,0.999371349811554,0.5583611288409703,0.5808800986874647,0.17303604370369546,0.9993785619735718,0.5293924808502212,0.7095415592193621,0.0,0.6,0.41503557562828175,0.6926798820495623,0.11592350155115158,0.6,0.7540620787994031,0.7141373522631791,0.46114311359979177,0.6,0.48021495342254766,0.8050605058670065,0.6623431444168109,0.6,0.6001060605049149,0.8208954930305503,0.6436256170272844,0.6,0.41451653838157765,0.44357728958129994,0.0,0.6,0.7210609411026234,0.7425859677208073,0.3155083310979238,0.6,0.44585791230201843,0.879920303821566,0.590441524982454,0.6,high,high,high,high,high,high,high,high,high,high,high,high,high,low,low,low,low,low,low,low,low,low,low,high,high,medium,medium,medium,medium,medium,medium,medium,medium
246,8.2,0.36103451974464285,0.3088186086613545,0.0,0.9736725091934204,0.36835822344937896,0.28846027287014236,0.0,0.9688184857368469,0.3766208299390096,0.28753844507924403,0.0,0.9673070311546326,0.3861998282807145,0.28694304948920213,0.0,0.9738839864730835,0.3556154946902981,0.2894261407824393,0.0,0.9760751724243164,0.35321651055262737,0.2891812730919239,0.0,0.9779916405677795,0.35049670135780464,0.28910470779959213,0.0,0.9837040901184082,0.4213977449145917,0.28611728875509307,0.0,0.9780663847923279,0.3764436256774388,0.28866303564507445,0.03205272660423556,0.970793604850769,0.3831534423889268,0.32127216868189473,0.0,0.952826201915741,0.36911256170217344,0.3221263527036555,0.0,0.9530287981033325,0.46700783563660697,0.35353161537008226,0.0,0.9980814456939697,0.5016265104422772,0.34843394590980337,0.21345387692704404,0.9964365363121033,0.2750662436713157,0.34540441548907763,0.0,0.47637373208999634,0.472167176661237,0.4133020619273474,0.29138934541068234,0.1597171425819397,0.146805070028022,0.312100040329087,0.0,0.42453286051750183,0.3946477381082692,0.4553783468572144,0.22708224846671082,0.2657260596752167,0.12022269426873267,0.3016868050976519,0.0,0.4645206928253174,0.3768021722773582,0.4635588498938068,0.22282778861604707,0.2936760485172272,0.1293669364703844,0.29606161042526963,0.0,0.4729393720626831,0.3655145583730765,0.46391937518731263,0.17418279811427353,0.2969312071800232,0.13742543367933874,0.30471353159917897,0.0,0.4223954975605011,0.3719231523833918,0.4622698871544759,0.20067607661348869,0.2790055274963379,0.5347491678519141,0.575534028745755,0.0,0.9993481636047363,0.5703801086871512,0.5725041502839217,0.15371866248079152,0.9993366599082947,0.5293924808502212,0.7095415592193621,0.0,0.6,0.41503557562828175,0.6926798820495623,0.11592350155115158,0.6,0.7521393085693165,0.7153791227540789,0.4596570133746099,0.6,0.48021495342254766,0.8050605058670065,0.6623431444168109,0.6,0.6001060605049149,0.8208954930305503,0.6436256170272844,0.6,0.41451653838157765,0.44357728958129994,0.0,0.6,0.7194228481579512,0.7443112110758181,0.3142080237398623,0.6,0.44585791230201843,0.879920303821566,0.590441524982454,0.6,high,high,high,high,high,high,high,high,high,high,high,high,high,low,low,low,low,low,low,low,low,low,low,high,high,medium,medium,medium,medium,medium,medium,medium,medium
247,8.233333333333333,0.3657648181303963,0.3052171134587498,0.0,0.9763044714927673,0.37413286815434443,0.28443530181071214,0.0,0.9719357490539551,0.38260097110466074,0.2837776402076649,0.0,0.9705748558044434,0.39284134036177626,0.2834356625180152,0.0,0.976494550704956,0.3624281236480731,0.2850162350770207,0.0,0.9784669876098633,0.3602808299876047,0.2848328959136028,0.0,0.9801915287971497,0.3574544813110565,0.28486615516644886,0.0,0.9853330254554749,0.42737715832003464,0.2832864866806918,0.0,0.9802571535110474,0.3853214025358508,0.284723732785468,0.05921916981251592,0.9737111330032349,0.38591150713689504,0.3187122767343952,0.0,0.9575130343437195,0.3724552559685884,0.3193241612755622,0.0,0.9576950073242188,0.4481983576621221,0.3510618288339166,0.0,0.998222827911377,0.5283104570317672,0.34251858867131835,0.25021396697192827,0.9966542720794678,0.2527729680974451,0.34728099034104964,0.0,0.4696861207485199,0.5216545698109221,0.4260802269676638,0.3620393259368308,0.14406047761440277,0.11140919129401126,0.31729561208567225,0.0,0.44447386264801025,0.4315898696998349,0.4746076333356083,0.33106026844510195,0.2407442033290863,0.08479899256587883,0.30937839269916023,0.0,0.486517995595932,0.41046768392160604,0.48401258020967997,0.33778197564063184,0.2672591805458069,0.09390900254527473,0.3026418944338827,0.0,0.49649637937545776,0.39517936978862667,0.48382651805877813,0.28216689640964454,0.27027302980422974,0.10157156096541267,0.3104872038731216,0.0,0.44193029403686523,0.4016423533151766,0.48243752649892035,0.30381584492249447,0.2540423572063446,0.5149794358473572,0.5711896497330757,0.0,0.999370813369751,0.5818705062766191,0.5656045061169264,0.16486524427548477,0.999363362789154,0.5293924808502212,0.7095415592193621,0.0,0.6,0.41503557562828175,0.6926798820495623,0.11592350155115158,0.6,0.7495756149292012,0.7170348167419452,0.4576755464077008,0.6,0.48021495342254766,0.8050605058670065,0.6623431444168109,0.6,0.6001060605049149,0.8208954930305503,0.6436256170272844,0.6,0.41451653838157765,0.44357728958129994,0.0,0.6,0.7172387242317219,0.7466115355491658,0.31247428059578025,0.6,0.44585791230201843,0.879920303821566,0.590441524982454,0.6,high,high,high,high,high,high,high,high,high,high,high,high,high,low,low,low,low,low,low,low,low,low,low,high,high,medium,medium,medium,medium,medium,medium,medium,medium
248,8.266666666666667,0.36868944409844023,0.29889559940302646,0.0,0.9786707162857056,0.378435721833668,0.2779281210232455,0.0,0.9747384786605835,0.38658436980003064,0.27759144300625394,0.0,0.9735118746757507,0.39683174044935954,0.27753320127934084,0.0,0.9788407683372498,0.3683863693461839,0.2779793091865138,0.0,0.9806180596351624,0.36685201164447995,0.27779195101666915,0.0,0.9821698069572449,0.36490755404903713,0.2778069868093333,0.0,0.9867979288101196,0.4307991133564291,0.27841568993521815,0.0,0.9822262525558472,0.39344451130131286,0.27854001876357626,0.08804924392721059,0.9763352870941162,0.38712872950347255,0.3131352360154096,0.0,0.9617276787757874,0.3751741344834273,0.3134809230868919,0.01120210003915369,0.9618933796882629,0.434366741727839,0.34610246743633566,0.0,0.9983917474746704,0.5429193062104282,0.33734681042202236,0.2758349490054567,0.9969670176506042,0.24940758953978198,0.35451887023476825,0.0,0.4832654595375061,0.5636429225370339,0.4382999351808253,0.40150994270831664,0.12979060411453247,0.08841562738299114,0.3271580422535929,0.0,0.48307594656944275,0.47354501478877786,0.4868147990781402,0.4019883662323307,0.2178364247083664,0.06935021606011285,0.318982562540851,0.0,0.5238004922866821,0.45410550251985327,0.49653652991170505,0.41537613604035517,0.2430524230003357,0.07845748268015754,0.30997439406134947,0.0,0.5335589647293091,0.43580681641340924,0.4936387542383389,0.35940562383139424,0.24581612646579742,0.08490208875049265,0.31637594756824516,0.0,0.47665950655937195,0.4408346355517161,0.4924347675068964,0.37658060482748834,0.2309267222881317,0.5028348375450494,0.5626882300788165,0.0,0.9994208812713623,0.5885536416427254,0.5555076012800361,0.16649728652202767,0.9994127154350281,0.5293924808502212,0.7095415592193621,0.0,0.6,0.41503557562828175,0.6926798820495623,0.11592350155115158,0.6,0.7495756149292012,0.7170348167419452,0.4576755464077008,0.6,0.48021495342254766,0.8050605058670065,0.6623431444168109,0.6,0.6001060605049149,0.8208954930305503,0.6436256170272844,0.6,0.41451653838157765,0.44357728958129994,0.0,0.6,0.7172387242317219,0.7466115355491658,0.31247428059578025,0.6,0.44585791230201843,0.879920303821566,0.590441524982454,0.6,high,high,high,high,high,high,high,high,high,high,high,high,high,low,low,low,low,medium,low,medium,low,low,low,high,high,medium,medium,medium,medium,medium,medium,medium,medium
249,8.3,0.3716699163535824,0.2897373935976236,0.017840195803236616,0.9807702898979187,0.38126650021904374,0.2692934446957291,0.0,0.9772230386734009,0.388245542705199,0.26925540151018157,0.0,0.9761043190956116,0.39743225648130953,0.26941192282107673,0.0,0.9809150695800781,0.3745298045915333,0.268773716577006,0.02609597771734631,0.9825301766395569,0.37448265565025324,0.2685156751137521,0.025276733549324845,0.9839248657226562,0.37389089774974393,0.26844877115774335,0.02510238555205736,0.9881016612052917,0.4315689576394642,0.2709841228726312,0.0,0.983952522277832,0.40404232815429153,0.2698384264271305,0.10965610112091839,0.9786643385887146,0.3878486308601363,0.3040981765115741,0.0,0.9652913808822632,0.3799138674230297,0.3042450294350141,0.06506562814776454,0.9654437899589539,0.4235161937477994,0.33706826555145464,0.0,0.9985337853431702,0.5477081867920506,0.33114737911380066,0.2800373084895268,0.9972167015075684,0.23674702508883105,0.3577974597751965,0.0,0.4748161733150482,0.5863513636005524,0.43266935337395773,0.42286311169882307,0.1168828010559082,0.08962279726644795,0.32540783251360106,0.0,0.4720805585384369,0.5000975391108964,0.4714392084619672,0.4657674802419479,0.1966635286808014,0.08079330333115636,0.3152974186799473,0.0,0.5149827599525452,0.4820120310311008,0.4790496316962044,0.4830486582362025,0.22008052468299866,0.09197989898128134,0.3059289100773137,0.0,0.5247990489006042,0.4648623651974697,0.47482914385540076,0.43464090506652686,0.2226029932498932,0.09726796938336559,0.31271145727251043,0.0,0.4639286398887634,0.46857866818532645,0.47430352974327145,0.4444943196845789,0.20908071100711823,0.4963784485985918,0.548582132601795,0.0,0.9994224905967712,0.5922030449469344,0.5427487967731249,0.1648665242122886,0.9994104504585266,0.5293924808502212,0.7095415592193621,0.0,0.6,0.41503557562828175,0.6926798820495623,0.11592350155115158,0.6,0.7495756149292012,0.7170348167419452,0.4576755464077008,0.6,0.48021495342254766,0.8050605058670065,0.6623431444168109,0.6,0.6001060605049149,0.8208954930305503,0.6436256170272844,0.6,0.41451653838157765,0.44357728958129994,0.0,0.6,0.7172387242317219,0.7466115355491658,0.31247428059578025,0.6,0.44585791230201843,0.879920303821566,0.590441524982454,0.6,high,high,high,high,high,high,high,high,high,high,high,high,high,low,low,low,low,medium,low,medium,low,low,low,high,high,medium,medium,medium,medium,medium,medium,medium,medium
250,8.333333333333334,0.3754578619014421,0.2787794343658268,0.1080103142833935,0.9825940132141113,0.3835100397502358,0.2609920091145529,0.04944314993483773,0.9793833494186401,0.3882684235945181,0.2613061606745071,0.04916854376420566,0.9783248901367188,0.3949874424851034,0.2617365788746554,0.049314317360763645,0.9826986789703369,0.38244597464452634,0.259634798779077,0.10221489082961122,0.9842142462730408,0.38455018185791257,0.25923400644933775,0.10141596328336903,0.9854682683944702,0.38645818232100704,0.25895539037275495,0.10126170253767583,0.9892571568489075,0.4277347536075933,0.26385760078063447,0.0,0.9854117631912231,0.4178815551432151,0.2613501534178547,0.12854669355984927,0.9807326793670654,0.38797520174013256,0.29336481188838653,0.0700752398211919,0.9681951999664307,0.38595943100802654,0.29307734348001535,0.1343476191284638,0.9684382081031799,0.4125623930862189,0.3287171021902765,0.0,0.9986568689346313,0.5540058265477086,0.3260489143691705,0.2725787012727118,0.9974557757377625,0.2301260803268234,0.36071244139215697,0.0,0.46246954798698425,0.5992941888340164,0.4208941185946798,0.4483359387982431,0.10530969500541687,0.10524465760220485,0.3213312842629181,0.0,0.4496627748012543,0.516309947817477,0.4466801592797956,0.5485583792477513,0.1787639856338501,0.1040156330991461,0.3104357903514995,0.0,0.49364617466926575,0.5013016508175789,0.4501106169396081,0.5704671212565386,0.20164228975772858,0.11872600826558564,0.30204479045523436,0.0,0.5036832094192505,0.4841448066534709,0.44470790674636534,0.524769231746526,0.204046830534935,0.12408600855262716,0.30843633184066266,0.0,0.4404242932796478,0.4854268961019462,0.4452856900669767,0.529449342118278,0.19107919931411743,0.4963539654697307,0.5373275513415584,0.0,0.9994118213653564,0.5958834685089999,0.5335243316519247,0.15343521413825373,0.9994028210639954,0.5293924808502212,0.7095415592193621,0.0,0.6,0.41503557562828175,0.6926798820495623,0.11592350155115158,0.6,0.7495756149292012,0.7170348167419452,0.4576755464077008,0.6,0.48021495342254766,0.8050605058670065,0.6623431444168109,0.6,0.6001060605049149,0.8208954930305503,0.6436256170272844,0.6,0.41451653838157765,0.44357728958129994,0.0,0.6,0.7172387242317219,0.7466115355491658,0.31247428059578025,0.6,0.44585791230201843,0.879920303821566,0.590441524982454,0.6,high,high,high,high,high,high,high,high,high,high,high,high,high,low,low,low,low,low,low,medium,low,low,low,high,high,medium,medium,medium,medium,medium,medium,medium,medium
251,8.366666666666667,0.37976672008876855,0.27041936261114885,0.19583789939994356,0.9842989444732666,0.38513535879430894,0.2553566916561356,0.12667631568052864,0.9814082980155945,0.38705234830474067,0.25581660574966447,0.1263603776832286,0.9804408550262451,0.390306747668274,0.25631814430921573,0.1264854634836285,0.9843904972076416,0.3910048235129654,0.25338701622469506,0.1773407513618752,0.9857704043388367,0.3955219728407615,0.25274156825942656,0.17655926717050197,0.986897885799408,0.40008082826098745,0.25203774671454593,0.17640519852474346,0.9903177618980408,0.42034813212903893,0.2597110622968436,0.0,0.9868218302726746,0.43173033561740004,0.2556326355967495,0.1505827761834843,0.9826314449310303,0.3886991369001803,0.28489715347201194,0.14068600842794377,0.9711291790008545,0.3937342154396174,0.2840530568069519,0.2025185212110867,0.9713752269744873,0.40249888755224905,0.32469509753869774,0.0,0.9987713098526001,0.563928756819462,0.3234106314765832,0.25917844668829704,0.9976668953895569,0.22361440675242023,0.3638821410966096,0.0,0.4653069078922272,0.6225778171510423,0.42102313722486095,0.4611854746347275,0.0949181467294693,0.13353419597401797,0.31450207798909,0.0,0.4495773911476135,0.5381496911282321,0.4407825997937266,0.6102995507089146,0.16229237616062164,0.13917907855380146,0.3043032835969288,0.0,0.49415791034698486,0.525191204322803,0.44240911072228734,0.6361109524756896,0.1844548135995865,0.1570596913427188,0.29690794987139524,0.0,0.504933774471283,0.5058870689991206,0.4369810955090968,0.5909237142973585,0.1867399513721466,0.162907258596593,0.3028316513780678,0.0,0.4358976483345032,0.506531252658174,0.4378486886307922,0.5925175751144807,0.1743549108505249,0.4979938288112912,0.5315074920654311,0.0,0.999427855014801,0.6026448743604573,0.5270492606785484,0.1368007049884972,0.9994154572486877,0.5293924808502212,0.7095415592193621,0.0,0.6,0.41503557562828175,0.6926798820495623,0.11592350155115158,0.6,0.7495756149292012,0.7170348167419452,0.4576755464077008,0.6,0.48021495342254766,0.8050605058670065,0.6623431444168109,0.6,0.6001060605049149,0.8208954930305503,0.6436256170272844,0.6,0.41451653838157765,0.44357728958129994,0.0,0.6,0.7172387242317219,0.7466115355491658,0.31247428059578025,0.6,0.44585791230201843,0.879920303821566,0.590441524982454,0.6,high,high,high,high,high,high,high,high,high,high,high,high,high,low,low,low,low,low,low,medium,low,low,low,high,high,medium,medium,medium,medium,medium,medium,medium,medium
252,8.4,0.38728827154719847,0.2662279416909036,0.32052464776244843,0.9858410954475403,0.39106260326914677,0.2532418411233771,0.24275381505350482,0.9832422137260437,0.39104879180312535,0.25365248280805375,0.24244864667073343,0.9823646545410156,0.3918735762159318,0.2540994571361237,0.24254289510853153,0.9859264492988586,0.4006759077657919,0.25098090321867683,0.2930901541020773,0.9871792197227478,0.4064355996938863,0.25013653534553615,0.29231609134893677,0.9881939888000488,0.4129981194342777,0.249109255614537,0.292186986160029,0.9912773370742798,0.41667877710782675,0.2588708962732824,0.0,0.9881195425987244,0.44507630832823397,0.25418042052875933,0.2192471444276808,0.9843557476997375,0.3928253823643808,0.2805504968394218,0.251587787430326,0.9739483594894409,0.40324611006639044,0.2794402668942946,0.3129712169282234,0.9741789102554321,0.3802801889556281,0.3262457372425328,0.0,0.9988875985145569,0.5932753558481227,0.32255593317372067,0.29843452117798847,0.997883141040802,0.1872116068165346,0.36639871109615774,0.0,0.499125599861145,0.6756130404127803,0.42478572044061447,0.5428823803688277,0.0861041471362114,0.14327851924307178,0.2987767821286394,0.0,0.47809311747550964,0.5954972609078706,0.4343853478248314,0.7756893853624405,0.14718513190746307,0.1520761323697643,0.2811930951399688,0.0,0.5195398926734924,0.5870340845106936,0.43543848249462214,0.8163179686783655,0.1679694801568985,0.1750557054798091,0.27547877610146654,0.0,0.5300440788269043,0.5642346221528146,0.42984359060134203,0.773136615266891,0.17004689574241638,0.1805491217852755,0.28330385976738104,0.0,0.45925623178482056,0.5632203526291273,0.43082678331917657,0.760807319155664,0.15866343677043915,0.49178923273975883,0.5339505843349284,0.0,0.999469518661499,0.6213050254019284,0.5267457015864513,0.13009215583959693,0.9994564056396484,0.5293924808502212,0.7095415592193621,0.0,0.6,0.41503557562828175,0.6926798820495623,0.11592350155115158,0.6,0.7495756149292012,0.7170348167419452,0.4576755464077008,0.6,0.48021495342254766,0.8050605058670065,0.6623431444168109,0.6,0.6001060605049149,0.8208954930305503,0.6436256170272844,0.6,0.41451653838157765,0.44357728958129994,0.0,0.6,0.7172387242317219,0.7466115355491658,0.31247428059578025,0.6,0.44585791230201843,0.879920303821566,0.590441524982454,0.6,high,high,high,high,high,high,high,high,high,high,high,high,high,low,low,low,low,medium,low,medium,low,low,low,high,high,medium,medium,medium,medium,medium,medium,medium,medium
253,8.433333333333334,0.40053114586776895,0.26554777586098943,0.29885725682223674,0.9871697425842285,0.4024413451031382,0.25464030461155795,0.22562257330734475,0.9848306775093079,0.4016857400779691,0.2547898499559974,0.22529310137380876,0.9840102195739746,0.400941400469601,0.255033668868748,0.22536011682801654,0.9872540831565857,0.4124159004999496,0.25275597288892054,0.2699851318151808,0.9884153008460999,0.4178751370845708,0.2519540521717856,0.26922693643675616,0.9893253445625305,0.4245611706396928,0.25094644596804616,0.2690886248137575,0.9921233057975769,0.421643621646442,0.2611220517914341,0.0,0.9892380237579346,0.4524150497707743,0.2576231923136684,0.1912117786097643,0.9858781099319458,0.4043141002560562,0.2793459534506149,0.23524328019027174,0.9763903617858887,0.41574222634444535,0.27841854644266395,0.2888632974910855,0.9766342043876648,0.3789668180447924,0.33162790814757714,0.0,0.9989871382713318,0.6016514210989997,0.3269352364790198,0.2563223599831826,0.9980685710906982,0.19092596292773653,0.37392811001319803,0.0,0.5258572697639465,0.6850655438044151,0.4227926947159101,0.5067868546728224,0.07940667122602463,0.18488960065347101,0.2994844746756395,0.0,0.4910396337509155,0.5866278254346707,0.4194987300948396,0.7562415039900598,0.13295234739780426,0.1946232992209204,0.2781316594227218,0.0,0.5293827652931213,0.5757089332614482,0.4179687918899787,0.7973824304578487,0.15181274712085724,0.21948170118329186,0.27358995718416984,0.0,0.5391846895217896,0.5523039539168779,0.4132021236947655,0.7528079506400602,0.15367184579372406,0.22327285108866451,0.2817526769526918,0.0,0.46707165241241455,0.5531170550551463,0.41522042845790585,0.7409459305254195,0.14340773224830627,0.49063228921734775,0.5355293197787462,0.0,0.9995023012161255,0.6216466567177333,0.5275206540848005,0.11276611634953485,0.99948650598526,0.5293924808502212,0.7095415592193621,0.0,0.6,0.41503557562828175,0.6926798820495623,0.11592350155115158,0.6,0.7495756149292012,0.7170348167419452,0.4576755464077008,0.6,0.48021495342254766,0.8050605058670065,0.6623431444168109,0.6,0.6001060605049149,0.8208954930305503,0.6436256170272844,0.6,0.41451653838157765,0.44357728958129994,0.0,0.6,0.7172387242317219,0.7466115355491658,0.31247428059578025,0.6,0.44585791230201843,0.879920303821566,0.590441524982454,0.6,high,high,high,high,high,high,high,high,high,high,high,high,high,medium,low,low,low,medium,low,medium,low,low,low,high,high,medium,medium,medium,medium,medium,medium,medium,medium
254,8.466666666666667,0.4133355305606124,0.2687507359992659,0.20737283265257273,0.9860599040985107,0.4153739575878457,0.2582371446080426,0.144780496964644,0.9835982322692871,0.4149374783316981,0.25821773197267506,0.14440601480590753,0.9822075366973877,0.4137178910917902,0.2583709111163673,0.1444433514888474,0.9863710403442383,0.4221622654191275,0.2566607990464971,0.18216948673163869,0.9878048300743103,0.4260597574266254,0.25596702244731995,0.1814398052809127,0.9884898066520691,0.4314022614405717,0.25510845977665453,0.18128059307734223,0.9918934106826782,0.4308429119331309,0.2652950944044658,0.0,0.9883724451065063,0.4534671998524178,0.26310283793158257,0.12209054918000226,0.9855320453643799,0.4177062480877618,0.28198627943481397,0.15883659121595664,0.972383439540863,0.4262713682262502,0.28121097646393217,0.20322730515525672,0.9731582999229431,0.3952867438048482,0.33921430042851586,0.0,0.9990369081497192,0.588424579733181,0.33480082365460695,0.18422335816985852,0.9981222152709961,0.22942635430878472,0.38647721968330806,0.0,0.48168742656707764,0.6632360776404418,0.4269197988204478,0.3847536298083825,0.07152219861745834,0.2399634261787083,0.31536085795967256,0.0,0.45030760765075684,0.5589479088505402,0.41852390168708076,0.5751792888541337,0.12004589289426804,0.2460065620033064,0.2941343332087251,0.0,0.4890163838863373,0.548431790653088,0.4155168067186318,0.6021789059494498,0.13744691014289856,0.26752191130723224,0.28905669466043205,0.0,0.498092383146286,0.5241161623756938,0.4123854853195477,0.5586981544127847,0.13915188610553741,0.27141237755616576,0.2970897921454386,0.0,0.4299052655696869,0.5263239623922304,0.41536465009331536,0.5587251498982638,0.12976694107055664,0.49345389446178645,0.5386480708500181,0.0,0.9994926452636719,0.6062625095699788,0.5309826758080165,0.08648822636784256,0.9994755983352661,0.5293924808502212,0.7095415592193621,0.0,0.6,0.41503557562828175,0.6926798820495623,0.11592350155115158,0.6,0.7495756149292012,0.7170348167419452,0.4576755464077008,0.6,0.48021495342254766,0.8050605058670065,0.6623431444168109,0.6,0.6001060605049149,0.8208954930305503,0.6436256170272844,0.6,0.41451653838157765,0.44357728958129994,0.0,0.6,0.7172387242317219,0.7466115355491658,0.31247428059578025,0.6,0.44585791230201843,0.879920303821566,0.590441524982454,0.6,high,high,high,high,high,high,high,high,high,high,high,high,high,low,low,low,low,low,low,low,low,low,low,high,high,medium,medium,medium,medium,medium,medium,medium,medium
255,8.5,0.42255292190260657,0.27239041777201817,0.04446957868226494,0.9874342679977417,0.4258672741604307,0.26129801776303624,0.0,0.9852187633514404,0.4274795261018493,0.2612973547481997,0.0,0.9839591383934021,0.427820694821699,0.2614766439218906,0.0,0.9877151250839233,0.4264041577880488,0.2601667263291106,0.027990713837124606,0.9890112280845642,0.4281501683182939,0.2596863694749519,0.027284770023017033,0.9896241426467896,0.43147292233013723,0.25902406694172214,0.02707908354647519,0.9926938414573669,0.4420066582850933,0.26837132575906586,0.0,0.9895146489143372,0.44823766053417746,0.2680270133457547,0.014095334809421142,0.9869577884674072,0.42945091346482966,0.2855783814177932,0.018769201559898245,0.9750381112098694,0.43146343011678356,0.2849758329925011,0.055058887267446344,0.9757497906684875,0.42289172408186304,0.3448583121066336,0.0,0.9991253018379211,0.5572892901919676,0.3419045930281117,0.08490464330970013,0.998290479183197,0.2875245334385166,0.39827133607475457,0.0,0.48611903190612793,0.6095163839541409,0.4315657373213835,0.22533952203386096,0.06568149477243423,0.3010270686555305,0.3386765540618728,0.0,0.4552265703678131,0.517086416066111,0.41108681619306375,0.33547196507731886,0.1085285171866417,0.30273415761324707,0.32047723313589555,0.0,0.4925907254219055,0.5114576523745824,0.4058662739805975,0.3438668949898594,0.12433299422264099,0.31907137672662267,0.3142893714157304,0.0,0.5009762048721313,0.4876568729018844,0.40106765283293483,0.3061117652135026,0.12587961554527283,0.32296392608147484,0.3216196079076317,0.0,0.43138647079467773,0.48952835204301304,0.40374983815880194,0.3193837425091892,0.11741065979003906,0.5016325025847477,0.5378163298526859,0.0,0.9995090961456299,0.5800614011732308,0.5309501975288494,0.057646168534815606,0.9994910955429077,0.5293924808502212,0.7095415592193621,0.0,0.6,0.41503557562828175,0.6926798820495623,0.11592350155115158,0.6,0.7495756149292012,0.7170348167419452,0.4576755464077008,0.6,0.48021495342254766,0.8050605058670065,0.6623431444168109,0.6,0.6001060605049149,0.8208954930305503,0.6436256170272844,0.6,0.41451653838157765,0.44357728958129994,0.0,0.6,0.7172387242317219,0.7466115355491658,0.31247428059578025,0.6,0.44585791230201843,0.879920303821566,0.590441524982454,0.6,high,high,high,high,high,high,high,high,high,high,high,high,high,low,low,low,low,low,low,medium,low,low,low,high,high,medium,medium,medium,medium,medium,medium,medium,medium
256,8.533333333333333,0.42742947563702804,0.276802224295957,0.0,0.9886480569839478,0.43333591718773856,0.2647887034849694,0.0,0.9866532683372498,0.4374008864372772,0.2646909697906128,0.0,0.9855027794837952,0.43991922547211576,0.26479249616047235,0.0,0.9889035224914551,0.4265298391138769,0.26414326673899013,0.0,0.9900798201560974,0.4257119076374261,0.2637710760940212,0.0,0.9906253218650818,0.4264491492218082,0.26324836968819926,0.0,0.9934015870094299,0.45538405883006683,0.27174429696200963,0.0,0.9905250668525696,0.4378564855852338,0.27187137607927997,0.0,0.9882063865661621,0.43800994385650505,0.28976851639214174,0.0,0.9773658514022827,0.43154894138549704,0.2894626604371423,0.0,0.9779948592185974,0.45984763455835653,0.34791505288133073,0.0,0.9992036819458008,0.5147492516013028,0.3470402664932625,0.0037482632172135474,0.9984377026557922,0.36294779007807293,0.40858462216693037,0.0,0.4606139361858368,0.5431885401130014,0.43307576820011295,0.07358328744525974,0.059252504259347916,0.36239218829950903,0.3637566642188813,0.0,0.43457186222076416,0.47527649581849285,0.4055488043592815,0.08003173681683771,0.09935987740755081,0.35406328689107347,0.350422195204489,0.0,0.4730479419231415,0.471904811811893,0.40026992608061585,0.06593472779769738,0.11535093933343887,0.36535770774304543,0.3418999446299813,0.0,0.4803752899169922,0.45456071722479807,0.3928401623016759,0.03562822882389979,0.11689009517431259,0.3699021637092391,0.3480491431165139,0.0,0.41087549924850464,0.4568794552401797,0.3945994535526206,0.06464803170213074,0.1086416095495224,0.5158194616819053,0.5328705123949176,0.0,0.9995149970054626,0.5500481808796922,0.5275857573622604,0.03150558589343294,0.999503493309021,0.5293924808502212,0.7095415592193621,0.0,0.6,0.41503557562828175,0.6926798820495623,0.11592350155115158,0.6,0.7495756149292012,0.7170348167419452,0.4576755464077008,0.6,0.48021495342254766,0.8050605058670065,0.6623431444168109,0.6,0.6001060605049149,0.8208954930305503,0.6436256170272844,0.6,0.41451653838157765,0.44357728958129994,0.0,0.6,0.7172387242317219,0.7466115355491658,0.31247428059578025,0.6,0.44585791230201843,0.879920303821566,0.590441524982454,0.6,high,high,high,high,high,high,high,high,high,high,high,high,high,low,low,low,low,low,low,low,low,low,low,high,high,medium,medium,medium,medium,medium,medium,medium,medium
258,8.6,0.42992471224500417,0.28041105608006534,0.0,0.9896858334541321,0.438973711642909,0.2669760774482387,0.0,0.9877364039421082,0.44548890953297504,0.2665600072253841,0.0,0.9866254925727844,0.45047135453124265,0.2664056177878442,0.0,0.9897906184196472,0.42382402943842445,0.2672588039528247,0.0,0.9909282326698303,0.4198923018567779,0.2670653718404288,0.0,0.9914215207099915,0.4173159427020388,0.2667603728237693,0.0,0.993964433670044,0.4668786310371553,0.27250272424626815,0.0,0.9912716746330261,0.42275029337489634,0.2740685972439389,0.0,0.9890338778495789,0.44409210358188544,0.2925595714773617,0.0,0.9794402718544006,0.4283546049555988,0.29296730198226684,0.0,0.9800155162811279,0.4970419581953476,0.34577123039252367,0.0,0.9992523193359375,0.4632085038648631,0.3496523662046962,0.0,0.9985517859458923,0.4429179242788229,0.41184389966351276,0.0,0.43296101689338684,0.4694138099124672,0.43086784286098995,0.0,0.0881769061088562,0.41932165282311806,0.3896865700230464,0.0,0.40625205636024475,0.43804230820604817,0.4002783975817951,0.0,0.13774153590202332,0.3990527026025298,0.3871131822779472,0.0,0.44696250557899475,0.4431872683596789,0.3980814926413122,0.0,0.1611863672733307,0.40141517347667155,0.37476191192101305,0.0,0.45448312163352966,0.4319288412104687,0.38623379417510684,0.0,0.16580736637115479,0.4076482562613109,0.37757062113090645,0.0,0.38658538460731506,0.43317387053321954,0.38688479742525994,0.0,0.15079574286937714,0.5318348209063226,0.5221312332264485,0.0,0.999531090259552,0.5140551740611918,0.5195441993522213,0.010557769187715248,0.9995257258415222,0.5293924808502212,0.7095415592193621,0.0,0.6,0.41503557562828175,0.6926798820495623,0.11592350155115158,0.6,0.7495756149292012,0.7170348167419452,0.4576755464077008,0.6,0.48021495342254766,0.8050605058670065,0.6623431444168109,0.6,0.6001060605049149,0.8208954930305503,0.6436256170272844,0.6,0.41451653838157765,0.44357728958129994,0.0,0.6,0.7172387242317219,0.7466115355491658,0.31247428059578025,0.6,0.44585791230201843,0.879920303821566,0.590441524982454,0.6,high,high,high,high,high,high,high,high,high,high,high,high,high,low,low,low,low,low,low,low,low,low,low,high,high,medium,medium,medium,medium,medium,medium,medium,medium
259,8.633333333333333,0.42805834451477687,0.28183484126082187,0.0,0.9901992082595825,0.43941029211580174,0.2666111314074428,0.0,0.987941563129425,0.4480540205687644,0.2658272839231654,0.0,0.9867442846298218,0.45528508392803163,0.2653925528615234,0.0,0.9900590181350708,0.41761483797382476,0.2680296229593689,0.0,0.9908579587936401,0.4111973917706596,0.2680114622299495,0.0,0.9913203120231628,0.4061481972118646,0.26788223331624883,0.0,0.9938100576400757,0.47398551166196645,0.27031387746473085,0.0,0.991642951965332,0.4065028029583006,0.2732665849315544,0.0,0.9875122904777527,0.4462317581915923,0.29259573412941964,0.0,0.9805691242218018,0.4230538027964561,0.29381042045035366,0.0,0.9806250333786011,0.529450224135029,0.3398142398654173,0.0,0.9992458820343018,0.4123700422284775,0.34981311076171007,0.0,0.9983660578727722,0.5183253079513861,0.4136661779491506,0.0,0.42941877245903015,0.404634961854051,0.4263489406842463,0.0,0.09545040130615234,0.46314327151347545,0.41175658080405675,0.0,0.3813149034976959,0.42121639687976187,0.39790373068033785,0.0,0.13032786548137665,0.44095304705602145,0.41650222453759933,0.0,0.42053183913230896,0.4364304935042964,0.3985995207077428,0.0,0.15293565392494202,0.43560527574210295,0.4017204224785458,0.0,0.42761683464050293,0.43170934345894596,0.38238453080048473,0.0,0.15687520802021027,0.44180709985030675,0.4015249025015853,0.0,0.3607107400894165,0.4307760917918121,0.3820103397875131,0.0,0.14163045585155487,0.5483428915758525,0.5089619963458103,0.004646066146401274,0.9994020462036133,0.4797720188722201,0.5100273701138721,0.0,0.9993334412574768,0.5293924808502212,0.7095415592193621,0.0,0.6,0.41503557562828175,0.6926798820495623,0.11592350155115158,0.6,0.7495756149292012,0.7170348167419452,0.4576755464077008,0.6,0.48021495342254766,0.8050605058670065,0.6623431444168109,0.6,0.6001060605049149,0.8208954930305503,0.6436256170272844,0.6,0.41451653838157765,0.44357728958129994,0.0,0.6,0.7172387242317219,0.7466115355491658,0.31247428059578025,0.6,0.44585791230201843,0.879920303821566,0.590441524982454,0.6,high,high,high,high,high,high,high,high,high,high,high,high,high,low,low,low,low,low,low,low,low,low,low,high,high,medium,medium,medium,medium,medium,medium,medium,medium
260,8.666666666666666,0.42091715717927114,0.2813634578581464,0.0,0.9910767078399658,0.4341063532795951,0.2642894933968442,0.0,0.9889549016952515,0.44422997107039086,0.2632019091180439,0.0,0.9878399968147278,0.4530628395108366,0.2625620060172677,0.0,0.9908875823020935,0.407696840229569,0.2667761696524283,0.0,0.9916159510612488,0.39995593971861654,0.2668672008114268,0.0,0.9920444488525391,0.3931540272313686,0.26685512628588715,0.0,0.994309663772583,0.47473779987622095,0.2662118087003844,0.0,0.9923563003540039,0.3920140162214543,0.2699841877102581,0.0,0.988392174243927,0.4425223820554083,0.2909933053530187,0.0,0.9821339845657349,0.41438341029596326,0.292979365809537,0.0,0.9821591377258301,0.5528536179126852,0.33122268603954097,0.0,0.9992319941520691,0.36862012320187365,0.34747805468963944,0.0,0.9983993172645569,0.5787124309714873,0.4075809514328049,0.0,0.42122167348861694,0.34430390360194296,0.4200308455592836,0.0,0.12971961498260498,0.5106747356744927,0.42210074175487977,0.0,0.3582932651042938,0.39821832510697086,0.3997263624256874,0.0,0.1331740766763687,0.4865037123640113,0.43312400628081127,0.0,0.4006745517253876,0.41670676555250186,0.4039621445543571,0.0,0.1564507782459259,0.47536350908257313,0.41604713272381605,0.0,0.408270001411438,0.4222083262977633,0.38641048728169364,0.0,0.1605103611946106,0.48139122684241026,0.4139796677447155,0.0,0.3436427116394043,0.4195250040376114,0.38441787260673643,0.0,0.14387451112270355,0.560962418576222,0.4946730475881451,0.01593062045847207,0.9993124604225159,0.44886812838641194,0.49921653529147303,0.0,0.999258816242218,0.5293924808502212,0.7095415592193621,0.0,0.6,0.41503557562828175,0.6926798820495623,0.11592350155115158,0.6,0.7495756149292012,0.7170348167419452,0.4576755464077008,0.6,0.48021495342254766,0.8050605058670065,0.6623431444168109,0.6,0.6001060605049149,0.8208954930305503,0.6436256170272844,0.6,0.41451653838157765,0.44357728958129994,0.0,0.6,0.7172387242317219,0.7466115355491658,0.31247428059578025,0.6,0.44585791230201843,0.879920303821566,0.590441524982454,0.6,high,high,high,high,high,high,high,high,high,high,high,high,high,low,low,low,low,low,low,low,low,low,low,high,high,medium,medium,medium,medium,medium,medium,medium,medium
261,8.7,0.4136412390323241,0.2795126901500994,0.0,0.9914280772209167,0.42693018948003797,0.2621865035631725,0.0,0.9885967373847961,0.4372302996111928,0.2610415491885524,0.0,0.9873449802398682,0.4464181945040521,0.2603789050401236,0.0,0.9906133413314819,0.3992993817045982,0.26512139799433776,0.0,0.9914052486419678,0.3909356833060037,0.2653233321396628,0.0,0.9919434785842896,0.38352001776228517,0.2653496292504404,0.0,0.9941820502281189,0.4674448201428495,0.26348754735815566,0.0,0.9922705888748169,0.380650978196752,0.26745878281571167,0.0,0.9875363707542419,0.4357679889196572,0.2887001085531469,0.0,0.9826450943946838,0.40550330628604153,0.2910753127995078,0.0,0.9825754165649414,0.5609003468688011,0.3228153280028105,0.0,0.9992544054985046,0.3342983894275905,0.3456137246324197,0.0,0.9985010027885437,0.6226644449300716,0.39560378229979415,0.0,0.4244661331176758,0.2953457347440839,0.4158605508732084,0.0,0.14813290536403656,0.5403994928984668,0.42471777885666095,0.0,0.34680458903312683,0.38247561975792665,0.40705271645303753,0.0,0.14365869760513306,0.5166108145580439,0.4404374648641052,0.0,0.390888512134552,0.4096487226325048,0.4143360584349076,0.0,0.17026951909065247,0.5007077050514723,0.4235529412617506,0.0,0.39793363213539124,0.4232407798578145,0.3951393014345424,0.0,0.17415055632591248,0.5072809853059164,0.41982176774865376,0.0,0.33223864436149597,0.41777410088997174,0.39210216836495937,0.0,0.15349876880645752,0.5659782909430006,0.4836097521520729,0.026005319881932512,0.9992778897285461,0.4261030431810804,0.4905488179835975,0.0,0.9992271065711975,0.5293924808502212,0.7095415592193621,0.0,0.6,0.41503557562828175,0.6926798820495623,0.11592350155115158,0.6,0.7495756149292012,0.7170348167419452,0.4576755464077008,0.6,0.48021495342254766,0.8050605058670065,0.6623431444168109,0.6,0.6001060605049149,0.8208954930305503,0.6436256170272844,0.6,0.41451653838157765,0.44357728958129994,0.0,0.6,0.7172387242317219,0.7466115355491658,0.31247428059578025,0.6,0.44585791230201843,0.879920303821566,0.590441524982454,0.6,high,high,high,high,high,high,high,high,high,high,high,high,high,low,low,low,low,low,low,low,low,low,low,high,high,medium,medium,medium,medium,medium,medium,medium,medium
262,8.733333333333333,0.4056722323794476,0.27828942798512313,0.0,0.9918172955513,0.41845773504330674,0.2614389020246233,0.0,0.9883922934532166,0.42798112635012386,0.26047875143431354,0.0,0.987145185470581,0.4366554756820353,0.25984496850789635,0.0,0.9905464053153992,0.39224680341207163,0.2642595644319537,0.0,0.9912468194961548,0.3841062643867005,0.26445131521402887,0.0,0.9918918013572693,0.3767484561268832,0.2643559638297926,0.0,0.9940546751022339,0.4548960033552364,0.2626560472108274,0.0,0.992420494556427,0.3726328737808007,0.2660973540969669,0.0,0.9870322346687317,0.42715883970538604,0.28755903382957193,0.0,0.9833978414535522,0.39761122519319814,0.28985915609173085,0.0,0.9832276105880737,0.5508845479060457,0.3179114366466913,0.0,0.9992903470993042,0.31817687940208594,0.3451728341462738,0.0,0.9985537528991699,0.6293669705624363,0.38341807805019207,0.0,0.4260183274745941,0.27402658520878687,0.41589089922416017,0.0,0.17474108934402466,0.5509591209582808,0.4166985824530508,0.0,0.33657121658325195,0.38595250735194075,0.4187464618877386,0.0,0.15558035671710968,0.5325313723865381,0.4340886842537605,0.0,0.3825076222419739,0.4196046692577564,0.42893419128198007,0.0,0.18385735154151917,0.5159504444865928,0.41847714094015376,0.0,0.39036303758621216,0.4373182558860546,0.4092713315864832,0.0,0.18727150559425354,0.5208640707817402,0.4139543182644265,0.0,0.3262813985347748,0.4293884364388773,0.4050786289579673,0.0,0.1627933382987976,0.5620060615884133,0.47871023541563995,0.032228141931908205,0.999165952205658,0.4165284723251861,0.48729231557646124,0.0,0.9990584850311279,0.5293924808502212,0.7095415592193621,0.0,0.6,0.41503557562828175,0.6926798820495623,0.11592350155115158,0.6,0.7495756149292012,0.7170348167419452,0.4576755464077008,0.6,0.48021495342254766,0.8050605058670065,0.6623431444168109,0.6,0.6001060605049149,0.8208954930305503,0.6436256170272844,0.6,0.41451653838157765,0.44357728958129994,0.0,0.6,0.7172387242317219,0.7466115355491658,0.31247428059578025,0.6,0.44585791230201843,0.879920303821566,0.590441524982454,0.6,high,high,high,high,high,high,high,high,high,high,high,high,high,low,low,low,low,low,low,low,low,low,low,high,high,medium,medium,medium,medium,medium,medium,medium,medium
263,8.766666666666667,0.3980437369891269,0.2797526463623099,0.0,0.9921720027923584,0.4088468788526008,0.26331315250385684,0.0,0.9879442453384399,0.41702070095878213,0.26220934541075447,0.0,0.9864239692687988,0.42469091300086376,0.2615847413217556,0.0,0.9900327324867249,0.3855443896947217,0.26622879866397814,0.0,0.9911485910415649,0.37812600762416254,0.2664184800255833,0.0,0.9919187426567078,0.37155107907204177,0.2662876957641066,0.0,0.9940963387489319,0.43933635741680765,0.26458418834737474,0.0,0.9917606115341187,0.36821962000329,0.2683820120799243,0.0,0.9867710471153259,0.41815402770375987,0.2888119253384213,0.0,0.9838057160377502,0.3913900183908877,0.2915078372388461,0.0,0.9837750792503357,0.5215484165784098,0.31774343970494473,0.04628203273370947,0.9993178844451904,0.32858594036324684,0.3455193793023392,0.017443008792515046,0.9986754059791565,0.6020094278531213,0.376649746875386,0.0,0.41503602266311646,0.2923219926429525,0.4177167291268892,0.0,0.21690881252288818,0.5394555879083839,0.40518091608594453,0.0,0.3227871060371399,0.4174389120859988,0.43193461289216983,0.0,0.20004141330718994,0.5237617778889241,0.41866870394675715,0.0,0.37167835235595703,0.4568763689283458,0.44549490834449673,0.0,0.22509321570396423,0.5091333760942903,0.40532657684701967,0.0,0.3798917531967163,0.4756166711970656,0.42622910012732135,0.0,0.22770731151103973,0.5123643049827002,0.40156985822813324,0.0,0.31661438941955566,0.46496541843269934,0.421906314738148,0.0,0.19534756243228912,0.5486506454316623,0.481370285466002,0.025935894894329056,0.9991815090179443,0.42306841788314276,0.4899993081748637,0.0,0.9991000890731812,0.5293924808502212,0.7095415592193621,0.0,0.6,0.41503557562828175,0.6926798820495623,0.11592350155115158,0.6,0.7495756149292012,0.7170348167419452,0.4576755464077008,0.6,0.48021495342254766,0.8050605058670065,0.6623431444168109,0.6,0.6001060605049149,0.8208954930305503,0.6436256170272844,0.6,0.41451653838157765,0.44357728958129994,0.0,0.6,0.7172387242317219,0.7466115355491658,0.31247428059578025,0.6,0.44585791230201843,0.879920303821566,0.590441524982454,0.6,high,high,high,high,high,high,high,high,high,high,high,high,high,low,low,low,low,low,low,low,low,low,low,high,high,medium,medium,medium,medium,medium,medium,medium,medium
264,8.8,0.40044092069139114,0.285568771731882,0.0,0.9928542375564575,0.40895654195116504,0.2696681291490175,0.0,0.9887884855270386,0.41679570252523107,0.26823133431670343,0.0,0.9873595833778381,0.42425540916291815,0.26739342208508915,0.0,0.9907894134521484,0.38495291689614974,0.2735980404562613,0.0,0.9917193651199341,0.37670623623963656,0.2743257647488786,0.0,0.9924099445343018,0.3690924146375466,0.27476674665660084,0.0,0.9944376945495605,0.43488580745694916,0.27056788696553674,0.0,0.9923409223556519,0.3606127458852497,0.27855047368225316,0.0,0.9870251417160034,0.4195349053208378,0.2939593739165023,0.0,0.9851927161216736,0.39186217630659886,0.29808174848278723,0.0,0.9850682616233826,0.5220128431186823,0.3207855831076224,0.04423128688596159,0.9993800520896912,0.3110795975565085,0.3570892591993301,0.0,0.9987742900848389,0.6179189469430846,0.3796749237256183,0.0,0.43856415152549744,0.26977292522961793,0.4288020497991222,0.0,0.21985618770122528,0.5673312015466772,0.41138921473131973,0.0,0.33494943380355835,0.4020092904845606,0.4539137327726638,0.0,0.18585620820522308,0.5545827389319197,0.4286969898047158,0.0,0.37877246737480164,0.4415237750067867,0.4700374163530936,0.0,0.20905956625938416,0.5393752196590954,0.41568063355826107,0.0,0.38686293363571167,0.46303623456221477,0.4503020533037086,0.0,0.21159209311008453,0.5395899246205831,0.410559374621977,0.0,0.32215529680252075,0.45365733213913867,0.4456722339689049,0.0,0.18216601014137268,0.5487521400540596,0.4843791913597191,0.03709496953036204,0.9992370009422302,0.4070391049890818,0.4972594009412765,0.0,0.999147355556488,0.5293924808502212,0.7095415592193621,0.0,0.6,0.41503557562828175,0.6926798820495623,0.11592350155115158,0.6,0.7495756149292012,0.7170348167419452,0.4576755464077008,0.6,0.48021495342254766,0.8050605058670065,0.6623431444168109,0.6,0.6001060605049149,0.8208954930305503,0.6436256170272844,0.6,0.41451653838157765,0.44357728958129994,0.0,0.6,0.7172387242317219,0.7466115355491658,0.31247428059578025,0.6,0.44585791230201843,0.879920303821566,0.590441524982454,0.6,high,high,high,high,high,high,high,high,high,high,high,high,high,low,low,low,low,low,low,low,low,low,low,high,high,medium,medium,medium,medium,medium,medium,medium,medium
265,8.833333333333334,0.3958492268632352,0.29095814444802104,0.0,0.993431031703949,0.4029516150484562,0.2760212021274174,0.0,0.9894075393676758,0.41022830694427687,0.27451795617461555,0.0,0.9880623817443848,0.4171431973263945,0.2736778127980406,0.0,0.9913488626480103,0.3798265288342973,0.27990992898707695,0.0,0.9921481609344482,0.37166363785872747,0.28076824504178793,0.0,0.9928026795387268,0.36410773328412205,0.2813666888744966,0.0,0.9946856498718262,0.42430550686685187,0.2763311046681489,0.0,0.9927888512611389,0.3549619547692777,0.2861909762823784,0.0,0.9871260523796082,0.4135244940961169,0.2993276942443189,0.0,0.9863271713256836,0.3873814914054259,0.30374860145273264,0.0,0.9861389398574829,0.5102303240682708,0.326645071203615,0.026218349629652814,0.9994351267814636,0.3121419137730196,0.36369942507265984,0.0,0.9988653659820557,0.6023033362724303,0.3892295836429784,0.0,0.4603610336780548,0.27270065689142564,0.43359242709644585,0.0,0.2329144924879074,0.5573329861625385,0.42229177901794973,0.0,0.35026106238365173,0.3955812847419785,0.46006169324710494,0.0,0.1821066439151764,0.5444208941745884,0.43928291052927343,0.0,0.39204660058021545,0.4323515568301961,0.4744366520629353,0.0,0.20457930862903595,0.5290648108804157,0.4262586717422203,0.0,0.4002663195133209,0.4507654063351516,0.4561444822447017,0.0,0.20647823810577393,0.5303722795072983,0.4216696446314292,0.0,0.3330576419830322,0.44260282949967933,0.45287325804606027,0.0,0.1762990802526474,0.5415130151318518,0.4900998729509086,0.033532293166070926,0.9992812275886536,0.4054442249533746,0.5040080695302349,0.0,0.9991806149482727,0.5293924808502212,0.7095415592193621,0.0,0.6,0.41503557562828175,0.6926798820495623,0.11592350155115158,0.6,0.7495756149292012,0.7170348167419452,0.4576755464077008,0.6,0.48021495342254766,0.8050605058670065,0.6623431444168109,0.6,0.6001060605049149,0.8208954930305503,0.6436256170272844,0.6,0.41451653838157765,0.44357728958129994,0.0,0.6,0.7172387242317219,0.7466115355491658,0.31247428059578025,0.6,0.44585791230201843,0.879920303821566,0.590441524982454,0.6,high,high,high,high,high,high,high,high,high,high,high,high,high,low,low,low,low,low,low,low,low,low,low,high,high,medium,medium,medium,medium,medium,medium,medium,medium
266,8.866666666666667,0.38510998902898946,0.29538058338465467,0.0,0.9939800500869751,0.39067966475353477,0.281316701418315,0.0,0.9901938438415527,0.39725578067463974,0.279995514032169,0.0,0.9889479875564575,0.40341808593078754,0.2792714923828639,0.0,0.9920099973678589,0.3703553767609995,0.284596993303522,0.0,0.9927336573600769,0.36312918958964147,0.2853970435254787,0.0,0.993336021900177,0.356582035065254,0.28592617417271116,0.0,0.9950772523880005,0.40952429237899357,0.28145406657443534,0.0,0.9932873249053955,0.34874764202913855,0.2912617647425564,0.0,0.9878900051116943,0.40132136104546057,0.30392845589797896,0.0,0.9874306321144104,0.37846445877513235,0.3079971489094918,0.0,0.9872298240661621,0.49055643827765266,0.33299803323957,0.0,0.9994810223579407,0.3300740462499907,0.36463991036781995,0.0,0.9989473819732666,0.5637414105288647,0.39971743235777135,0.0,0.45705446600914,0.2994125384689774,0.4336194006991009,0.0,0.2447333186864853,0.52193393914294,0.4301110410884833,0.0,0.34666210412979126,0.4035921756065264,0.4568010645034998,0.0,0.18581002950668335,0.5072966804315452,0.4462524205098909,0.0,0.3906067907810211,0.4353756180037441,0.4692669405248072,0.0,0.20888270437717438,0.49467501398566854,0.4332340317311554,0.0,0.3993060290813446,0.4472865831879759,0.45209358115018505,0.0,0.21067240834236145,0.49776749767901596,0.4292715309938918,0.0,0.3315514028072357,0.4403248334820188,0.44888487805575605,0.0,0.17817246913909912,0.5288659873959082,0.4963484310603655,0.024538543967569278,0.9993155598640442,0.41638861072091343,0.5082850417335008,0.0,0.9992177486419678,0.5293924808502212,0.7095415592193621,0.0,0.6,0.41503557562828175,0.6926798820495623,0.11592350155115158,0.6,0.7495756149292012,0.7170348167419452,0.4576755464077008,0.6,0.48021495342254766,0.8050605058670065,0.6623431444168109,0.6,0.6001060605049149,0.8208954930305503,0.6436256170272844,0.6,0.41451653838157765,0.44357728958129994,0.0,0.6,0.7172387242317219,0.7466115355491658,0.31247428059578025,0.6,0.44585791230201843,0.879920303821566,0.590441524982454,0.6,high,high,high,high,high,high,high,high,high,high,high,high,high,low,low,low,low,low,low,low,low,low,low,high,high,medium,medium,medium,medium,medium,medium,medium,medium
267,8.9,0.36507245154925533,0.2995898918116295,0.0,0.9944970607757568,0.36760001360397615,0.28653269110026136,0.0,0.9909263849258423,0.3724729807782572,0.2855460507608524,0.0,0.9897604584693909,0.37686442210402066,0.28515425011828305,0.0,0.992621123790741,0.353008283323898,0.28810595535176137,0.0,0.9932857155799866,0.3479550592688145,0.2882104761255935,0.0,0.9938449263572693,0.3433801593619358,0.28813742889668914,0.0,0.9954569339752197,0.3843298739903467,0.2866345594674009,0.0,0.9937186241149902,0.3436173204775466,0.29238610264860465,0.0,0.988593339920044,0.3792417321727558,0.3084983818041981,0.0,0.9884409308433533,0.36309542904644954,0.31094973119266744,0.0,0.98818439245224,0.4547730084065803,0.34310059940620546,0.0,0.9995257258415222,0.3662048035012546,0.3606954453847357,0.0,0.9990374445915222,0.49238541854289436,0.4200101961622716,0.0,0.45877641439437866,0.3461606644250305,0.4349570267406111,0.0,0.2519904375076294,0.44832773919983737,0.4408833453983149,0.0,0.3484967350959778,0.4051104819441186,0.457214452656278,0.0,0.19005553424358368,0.4299815004313754,0.4541357911966909,0.0,0.3920357823371887,0.4256842053019928,0.4661725404518202,0.0,0.213233083486557,0.4225936273247501,0.4411472889371141,0.0,0.4008254110813141,0.42920704738243587,0.45345116286844755,0.0,0.21441607177257538,0.4299404264746857,0.4374817130448947,0.0,0.3309738337993622,0.4250605898998289,0.45027587040043215,0.0,0.18024684488773346,0.5150084888045896,0.5103779455998574,0.0,0.9993427395820618,0.4540355355589552,0.5174876716864985,0.0019806687587694185,0.9992470741271973,0.5293924808502212,0.7095415592193621,0.0,0.6,0.41503557562828175,0.6926798820495623,0.11592350155115158,0.6,0.7495756149292012,0.7170348167419452,0.4576755464077008,0.6,0.48021495342254766,0.8050605058670065,0.6623431444168109,0.6,0.6001060605049149,0.8208954930305503,0.6436256170272844,0.6,0.41451653838157765,0.44357728958129994,0.0,0.6,0.7172387242317219,0.7466115355491658,0.31247428059578025,0.6,0.44585791230201843,0.879920303821566,0.590441524982454,0.6,high,high,high,high,high,high,high,high,high,high,high,high,high,low,low,low,low,low,low,low,low,low,low,high,high,medium,medium,medium,medium,medium,medium,medium,medium
268,8.933333333333334,0.35941691554231897,0.3030043146410196,0.0,0.9949737787246704,0.35830358601672485,0.29153613416187213,0.0,0.9916306734085083,0.36112634875835614,0.290523899740829,0.0,0.9905465245246887,0.36369852502862987,0.29012922126374396,0.0,0.99321049451828,0.34873954059082957,0.29248561878582335,0.0,0.9938035607337952,0.3454038493144216,0.29237573567804,0.0,0.9943042397499084,0.34234196642340015,0.29213983126175785,0.0,0.9957873821258545,0.3698125544127894,0.2905223867693155,0.0,0.994128942489624,0.3475981363049763,0.29602528403411177,0.002090186523251889,0.9891010522842407,0.3716684272795022,0.31091023978097815,0.0,0.9892155528068542,0.36147111202731375,0.3130960354021387,0.0,0.988854169845581,0.42517611863729954,0.3457204015938561,0.0,0.9995645880699158,0.4025576100760695,0.35475956302978595,0.04926325318279813,0.9990952610969543,0.42652637343028876,0.41371022487853903,0.0,0.4295450747013092,0.41383739375012296,0.41784447862274,0.10611034874176953,0.23378343880176544,0.40901147298046026,0.41624201684842965,0.0,0.3247672915458679,0.4553893591974177,0.42807472794206103,0.04184713674869862,0.17438384890556335,0.3946995458680721,0.42528007601524676,0.0,0.36878523230552673,0.4712030654881674,0.4345733000265147,0.016144214810191404,0.1971156746149063,0.39287909775069363,0.4136968633650633,0.0,0.3776581585407257,0.4668709318259947,0.4235866695711952,0.008625066016381758,0.1982807070016861,0.4005437801073214,0.4115470012862654,0.0,0.3102436065673828,0.46233861033733203,0.4235162376523862,0.037732787065572794,0.16637074947357178,0.49716855429269347,0.5085989837046283,0.0,0.9993718862533569,0.47934732521886436,0.5113300741552487,0.023548045310697697,0.9992688298225403,0.5293924808502212,0.7095415592193621,0.0,0.6,0.41503557562828175,0.6926798820495623,0.11592350155115158,0.6,0.7495756149292012,0.7170348167419452,0.4576755464077008,0.6,0.48021495342254766,0.8050605058670065,0.6623431444168109,0.6,0.6001060605049149,0.8208954930305503,0.6436256170272844,0.6,0.41451653838157765,0.44357728958129994,0.0,0.6,0.7172387242317219,0.7466115355491658,0.31247428059578025,0.6,0.44585791230201843,0.879920303821566,0.590441524982454,0.6,high,high,high,high,high,high,high,high,high,high,high,high,high,low,low,low,low,low,low,low,low,low,low,high,high,medium,medium,medium,medium,medium,medium,medium,medium
272,9.066666666666666,0.3512008509019047,0.3031390012699971,0.05223099102368183,0.9952669143676758,0.34955665851250767,0.29247098654022385,0.0284620939573765,0.9922801852226257,0.3518829583288082,0.2916890135456084,0.028075673363425653,0.9912362098693848,0.3538670214739722,0.29146988610009844,0.02817435194423438,0.993732750415802,0.343572178017566,0.2930680640510754,0.04758277118622857,0.9942687153816223,0.34166660439440233,0.29266294739741067,0.046982166094657864,0.9947057366371155,0.33996991726346315,0.29215163221726126,0.046778597128697114,0.9961186647415161,0.3638486943461688,0.2921192205591365,0.0,0.9945781826972961,0.3520830218052818,0.2949683684985962,0.061204407928568134,0.9899975061416626,0.36335451043013467,0.31085977236152057,0.04512693217167504,0.98978191614151,0.3568546698365743,0.3122375449100583,0.06694563278507265,0.9893593192100525,0.4108213982382032,0.34847929712497916,0.0,0.9995894432067871,0.4304912143792873,0.3447850674460271,0.0959340841064367,0.9991664886474609,0.3873769417231465,0.4129788731083736,0.0,0.40107786655426025,0.4635031319164742,0.398375019257442,0.18237242616695734,0.21065467596054077,0.3741893809992126,0.3982702917430239,0.0,0.295470267534256,0.4834342366193015,0.3968774708278817,0.1970723360290622,0.15807005763053894,0.3591324626218476,0.402440036718663,0.0,0.3360377848148346,0.49238947954350276,0.3986076823064508,0.18807568402835037,0.1794365793466568,0.36147405561450574,0.39157260131169136,0.0,0.3440309762954712,0.4829828613079524,0.39009107854260816,0.17746775592123765,0.18052121996879578,0.36974022945602,0.39141085841161216,0.0,0.2822430729866028,0.4787252030936723,0.392095053529407,0.19192110700207216,0.15141145884990692,0.4768832373869182,0.5010764620381927,0.0,0.9993762969970703,0.4886675991795293,0.496868745569306,0.04163608524192891,0.9993005394935608,0.5293924808502212,0.7095415592193621,0.0,0.6,0.41503557562828175,0.6926798820495623,0.11592350155115158,0.6,0.7495756149292012,0.7170348167419452,0.4576755464077008,0.6,0.48021495342254766,0.8050605058670065,0.6623431444168109,0.6,0.6001060605049149,0.8208954930305503,0.6436256170272844,0.6,0.41451653838157765,0.44357728958129994,0.0,0.6,0.7172387242317219,0.7466115355491658,0.31247428059578025,0.6,0.44585791230201843,0.879920303821566,0.590441524982454,0.6,high,high,high,high,high,high,high,high,high,high,high,high,high,low,low,low,low,low,low,low,low,low,low,high,high,medium,medium,medium,medium,medium,medium,medium,medium
273,9.1,0.3434755879960147,0.2998046336613065,0.0320099543927712,0.9951612949371338,0.3446530575379912,0.2896415271681235,0.0022226172241020248,0.9926264882087708,0.3473517313286984,0.2891916911918808,0.001854594875048965,0.9916435480117798,0.34944261079068045,0.28925472692454135,0.0019724768497449835,0.9940763711929321,0.3402418292068944,0.2891774470711651,0.02666613636733782,0.9944706559181213,0.33970188059451234,0.28845200262147586,0.026074965517004153,0.9948471188545227,0.339250674267194,0.2876032606844032,0.025857584807144854,0.99625563621521,0.36562285688651563,0.29061556626588947,0.0,0.9948592185974121,0.35793761801330737,0.28933800190756725,0.034908432035874216,0.9904215335845947,0.3568358321984618,0.30883456839548207,0.016642642743659834,0.9899621605873108,0.35247169160620684,0.3087992712612205,0.04541592358987108,0.9892295598983765,0.40985889215291627,0.3514234147149653,0.0,0.9995983242988586,0.44616836441424745,0.3309211107817572,0.07705609892909644,0.9991719722747803,0.37900702624054317,0.41047857913659835,0.0,0.38856324553489685,0.47797782708715025,0.3745387159722122,0.17579275211601597,0.18978038430213928,0.3526801028590667,0.3893259458052817,0.0,0.27495500445365906,0.4670437037736398,0.3679717702743344,0.24209211276961443,0.1427941769361496,0.335062304924141,0.3896194283084168,0.0,0.31495264172554016,0.46581452984215344,0.36725883696462824,0.24292365244496472,0.16269129514694214,0.33859961947083284,0.37912998853863633,0.0,0.32232943177223206,0.45644897260727146,0.3631782790164023,0.22517294448850386,0.16370238363742828,0.34855581698439986,0.380142526054161,0.0025367132368517564,0.26393601298332214,0.45415040715174365,0.36624303557378246,0.23300976617075136,0.13742487132549286,0.45636578553762314,0.48993668863267736,0.0,0.999399721622467,0.4794808389284685,0.47738750907646876,0.05356911097442646,0.9993351697921753,0.5293924808502212,0.7095415592193621,0.0,0.6,0.41503557562828175,0.6926798820495623,0.11592350155115158,0.6,0.7495756149292012,0.7170348167419452,0.4576755464077008,0.6,0.48021495342254766,0.8050605058670065,0.6623431444168109,0.6,0.6001060605049149,0.8208954930305503,0.6436256170272844,0.6,0.41451653838157765,0.44357728958129994,0.0,0.6,0.7172387242317219,0.7466115355491658,0.31247428059578025,0.6,0.44585791230201843,0.879920303821566,0.590441524982454,0.6,high,high,high,high,high,high,high,high,high,high,high,high,high,low,low,low,low,low,low,low,low,low,low,high,high,medium,medium,medium,medium,medium,medium,medium,medium
274,9.133333333333333,0.3370675997578468,0.29442291805794263,0.0,0.9953657388687134,0.34138058323960296,0.2846308727781263,0.0,0.9931319952011108,0.34485523024083387,0.28466043327794005,0.0,0.9921932220458984,0.3477790042375916,0.28504469747587874,0.0,0.9944761991500854,0.3378179235891871,0.28306543743693824,0.0,0.9948753714561462,0.33868949841230434,0.28224067032198324,0.0,0.9952110648155212,0.33924756176544046,0.281232363346852,0.0,0.9965430498123169,0.3715517133265952,0.2877100622737332,0.0,0.9951894283294678,0.3638126886946903,0.28256662346266437,0.0,0.9912295937538147,0.3523630208068803,0.3057241708665469,0.0,0.9904254078865051,0.3491907847789071,0.30416528383890873,0.0,0.9898102879524231,0.4196498632292103,0.3529337412549631,0.0,0.9995708465576172,0.447426331974133,0.3196899110759619,0.04109698270028578,0.999137282371521,0.4028983273150492,0.4040471684960507,0.0,0.3704071640968323,0.4664406550653065,0.3555522392957648,0.15049108666192026,0.17119690775871277,0.35727776152826507,0.3827369748712429,0.0,0.25419721007347107,0.42832903286099266,0.3471115165518167,0.22403203544916872,0.13038839399814606,0.3367621937901276,0.38002829604493527,0.0,0.29388561844825745,0.4196187441165642,0.3438297379544852,0.22380887607594535,0.15012843906879425,0.3385214841379717,0.37156602038648123,0.0,0.30124756693840027,0.41039295793274455,0.3425783765065929,0.2057213307399578,0.15109902620315552,0.3515938080690967,0.37284344365268973,0.0,0.2472788542509079,0.41168716921534126,0.34689727779868684,0.21479642860122555,0.12710897624492645,0.43725888052464756,0.4823414244990818,0.0,0.999383807182312,0.4606112819034749,0.4640943406623016,0.06690173966501856,0.9993119239807129,0.5293924808502212,0.7095415592193621,0.0,0.6,0.41503557562828175,0.6926798820495623,0.11592350155115158,0.6,0.7495756149292012,0.7170348167419452,0.4576755464077008,0.6,0.48021495342254766,0.8050605058670065,0.6623431444168109,0.6,0.6001060605049149,0.8208954930305503,0.6436256170272844,0.6,0.41451653838157765,0.44357728958129994,0.0,0.6,0.7172387242317219,0.7466115355491658,0.31247428059578025,0.6,0.44585791230201843,0.879920303821566,0.590441524982454,0.6,high,high,high,high,high,high,high,high,high,high,high,high,high,low,low,low,low,low,low,low,low,low,low,high,high,medium,medium,medium,medium,medium,medium,medium,medium
279,9.3,0.3409724208441657,0.28838151290422354,0.0,0.9956784248352051,0.35106285496469514,0.27832911467496685,0.0,0.993711531162262,0.35537280368082547,0.2789821939451719,0.0,0.9928426742553711,0.3600722644434674,0.27969213590755404,0.0,0.9949332475662231,0.34506750245750184,0.2757290413468597,0.0,0.9953200817108154,0.3456077613891708,0.27485650222062585,0.0,0.9956156015396118,0.3459573186638759,0.27379538962891126,0.0,0.9968336224555969,0.3889966536235153,0.28393672118375984,0.0,0.9955415725708008,0.37096053111803384,0.2752609393257647,0.0,0.991949200630188,0.35793503820201555,0.3020811770762605,0.0,0.990958571434021,0.3523000951830333,0.2993730055841263,0.0,0.9901872873306274,0.44033188072395885,0.3534893136480203,0.0,0.9995325207710266,0.43677201728165127,0.31201280017832855,0.0,0.9990850687026978,0.44506753984587016,0.4009579128318744,0.0,0.34206512570381165,0.436200944138019,0.3425995945791551,0.10043075560029877,0.16342927515506744,0.3867890393678413,0.38083765431717664,0.0,0.2725636959075928,0.37822561334202165,0.33189672002425646,0.13822905399721583,0.17822085320949554,0.3663748864666297,0.37648572510494877,0.0,0.32251983880996704,0.3634935244049513,0.3272889163388525,0.13015623185740247,0.20024174451828003,0.3702319717351661,0.3673346939481509,0.0,0.32935959100723267,0.35484309779319545,0.3287282210268905,0.10675907524037784,0.19797411561012268,0.38051107345205465,0.36886549864337814,0.0,0.2715536952018738,0.35971197996523097,0.33340328723400714,0.12556842309889574,0.17111319303512573,0.42295258507862066,0.4766652790399711,0.0,0.9994304776191711,0.43302994348230456,0.45563470400296846,0.07414804333451903,0.9993676543235779,0.5293924808502212,0.7095415592193621,0.0,0.6,0.41503557562828175,0.6926798820495623,0.11592350155115158,0.6,0.7495756149292012,0.7170348167419452,0.4576755464077008,0.6,0.48021495342254766,0.8050605058670065,0.6623431444168109,0.6,0.6001060605049149,0.8208954930305503,0.6436256170272844,0.6,0.41451653838157765,0.44357728958129994,0.0,0.6,0.7172387242317219,0.7466115355491658,0.31247428059578025,0.6,0.44585791230201843,0.879920303821566,0.590441524982454,0.6,high,high,high,high,high,high,high,high,high,high,high,high,high,low,low,low,low,low,low,low,low,low,low,high,high,medium,medium,medium,medium,medium,medium,medium,medium
283,9.433333333333334,0.3547888328006505,0.2823013819597825,0.0,0.9961061477661133,0.36929952424445167,0.2718356520562746,0.0,0.9943368434906006,0.37560733117701667,0.27255425385106213,0.0,0.993553876876831,0.38213143801633676,0.27341228959721636,0.0,0.9954370856285095,0.3593328889016515,0.269111185015499,0.0,0.9957845211029053,0.3588843604762525,0.26834142659649773,0.0,0.9960494041442871,0.35839064235176055,0.26739767221582034,0.0,0.997146487236023,0.41472517888307125,0.27947042962332225,0.0,0.9959853887557983,0.3801649285779976,0.2696819757664961,0.0,0.9927433729171753,0.37242759177179147,0.29776092939999355,0.0,0.9918540716171265,0.36276104990696945,0.2948377836139615,0.0,0.9911437630653381,0.4720102413134154,0.35314913243402785,0.0,0.9995750784873962,0.4151701073407582,0.3086613718863142,0.0,0.9991263151168823,0.5077355734673983,0.40019876494274376,0.0,0.40451300144195557,0.3919942693693665,0.3371500463891427,0.028717673789614356,0.15962669253349304,0.4506910696174171,0.3870475008771146,0.0,0.3395797610282898,0.32268188866007386,0.324903114344969,0.0,0.19592684507369995,0.43372421751628226,0.3844421266259024,0.0,0.3802817165851593,0.3034762441764631,0.3210333052909744,0.0,0.21685336530208588,0.4372687106713282,0.37466326355934243,0.0,0.38685810565948486,0.29769447171465857,0.32255417448935336,0.0,0.21511493623256683,0.4428128045060985,0.3755838337478114,0.0,0.32934001088142395,0.3057735618941998,0.32731687140353716,0.0,0.18579332530498505,0.4171188606387819,0.4751998887056527,0.0,0.9992265105247498,0.3977439083280552,0.4535272249947629,0.07209229752386664,0.9988654255867004,0.5293924808502212,0.7095415592193621,0.0,0.6,0.41503557562828175,0.6926798820495623,0.11592350155115158,0.6,0.7495756149292012,0.7170348167419452,0.4576755464077008,0.6,0.48021495342254766,0.8050605058670065,0.6623431444168109,0.6,0.6001060605049149,0.8208954930305503,0.6436256170272844,0.6,0.41451653838157765,0.44357728958129994,0.0,0.6,0.7172387242317219,0.7466115355491658,0.31247428059578025,0.6,0.44585791230201843,0.879920303821566,0.590441524982454,0.6,high,high,high,high,high,high,high,high,high,high,high,high,high,low,low,low,low,low,low,low,low,low,low,high,high,medium,medium,medium,medium,medium,medium,medium,medium
284,9.466666666666667,0.37780502042570413,0.2781309628542216,0.0,0.9964943528175354,0.39647201849864183,0.26686438327624873,0.0,0.9949007630348206,0.40550052327709707,0.2672512852923305,0.0,0.9941949248313904,0.41444541468764906,0.26788862706064415,0.0,0.9958911538124084,0.3790659346641648,0.2647872338622885,0.0,0.9962047934532166,0.3761000689509875,0.2645175939812256,0.0,0.9964430332183838,0.3734119405974329,0.26407366650643677,0.0,0.9974308609962463,0.4477057905741795,0.2756368164277029,0.0,0.9963856339454651,0.38742495583487657,0.2680998057613291,0.0,0.9934666752815247,0.3960397150410927,0.29462912421682297,0.0,0.9926672577857971,0.37953199012018407,0.29253402102243725,0.0,0.9920275807380676,0.5152712815847166,0.35313226654257346,0.0,0.9996159672737122,0.37957169264902424,0.3147009627107704,0.0,0.9992119669914246,0.5886060239134985,0.4016893169818791,0.0,0.4494362771511078,0.32820545598899376,0.34514817887252947,0.0,0.18346744775772095,0.5489700609570631,0.3999714602679372,0.0,0.36600345373153687,0.2584307238216451,0.33042313828890785,0.0,0.2635728716850281,0.539007893253319,0.4017381315186873,0.0,0.3964351415634155,0.23856202024957857,0.32766310971377977,0.0,0.2820645570755005,0.5410525949545966,0.3917522291481366,0.0,0.4050480127334595,0.23755495568047102,0.3270820116663321,0.0,0.28137391805648804,0.5404980076359717,0.39179283839005796,0.0,0.34731101989746094,0.24787997938953144,0.3309803275795259,0.0,0.25211256742477417,0.4233993190429717,0.48068113434009185,0.0,0.9992733001708984,0.3560035747664801,0.46226761752353246,0.06057181737075265,0.9989567399024963,0.5293924808502212,0.7095415592193621,0.0,0.6,0.41503557562828175,0.6926798820495623,0.11592350155115158,0.6,0.7495756149292012,0.7170348167419452,0.4576755464077008,0.6,0.48021495342254766,0.8050605058670065,0.6623431444168109,0.6,0.6001060605049149,0.8208954930305503,0.6436256170272844,0.6,0.41451653838157765,0.44357728958129994,0.0,0.6,0.7172387242317219,0.7466115355491658,0.31247428059578025,0.6,0.44585791230201843,0.879920303821566,0.590441524982454,0.6,high,high,high,high,high,high,high,high,high,high,high,high,high,low,low,low,low,low,low,low,low,low,low,high,high,medium,medium,medium,medium,medium,medium,medium,medium
285,9.5,0.39810431844148986,0.2716995711787882,0.0,0.9968119263648987,0.419534945404614,0.2599072058995572,0.0,0.9953299760818481,0.4301958794777221,0.26026523710686633,0.0,0.9946784377098083,0.4403099839365021,0.26095612621529746,0.0,0.9962158799171448,0.3973065044357515,0.2575123683139168,0.0,0.9965460300445557,0.39266265140269013,0.25750098639712815,0.0,0.9967682957649231,0.38859016905019994,0.2572748224079477,0.0,0.9976648092269897,0.4718310383511046,0.2701034625093427,0.0,0.9967102408409119,0.3966677789782599,0.26291867187528967,0.0,0.9940879344940186,0.41495904368120584,0.28980129297240986,0.0,0.9933289289474487,0.39310827080186533,0.2876409189406538,0.0,0.9927473068237305,0.5377597158605416,0.3541753486597742,0.0,0.9996084570884705,0.36440208394488627,0.31649099655084756,0.0,0.9992651343345642,0.6361497778158938,0.40588286366218285,0.0,0.46709954738616943,0.28845957380074794,0.3500565336300786,0.0,0.2023143619298935,0.6215115781430615,0.4155036509037029,0.0,0.35184958577156067,0.20349073531605477,0.33236654266055177,0.0,0.3199783265590668,0.6215330375519126,0.417520756765958,0.0,0.38226887583732605,0.18008544011202215,0.32941088247132555,0.0,0.3393445312976837,0.6234518955081787,0.4092568614821901,0.0,0.39231076836586,0.18068572797211227,0.3282802731562892,0.0,0.3403024673461914,0.6178076823691404,0.40968923343645214,0.0,0.3360861539840698,0.19273074518342165,0.33195616308347975,0.0,0.3123515546321869,0.4258452918562867,0.4905091779076427,0.0,0.999311089515686,0.33583716294426547,0.47258791959647106,0.05785876140866818,0.9990382194519043,0.5293924808502212,0.7095415592193621,0.0,0.6,0.41503557562828175,0.6926798820495623,0.11592350155115158,0.6,0.7495756149292012,0.7170348167419452,0.4576755464077008,0.6,0.48021495342254766,0.8050605058670065,0.6623431444168109,0.6,0.6001060605049149,0.8208954930305503,0.6436256170272844,0.6,0.41451653838157765,0.44357728958129994,0.0,0.6,0.7172387242317219,0.7466115355491658,0.31247428059578025,0.6,0.44585791230201843,0.879920303821566,0.590441524982454,0.6,high,high,high,high,high,high,high,high,high,high,high,high,high,low,low,low,low,low,low,low,low,low,low,high,high,medium,medium,medium,medium,medium,medium,medium,medium
286,9.533333333333333,0.41928716771530494,0.26917108886447616,0.0,0.9971296191215515,0.44058218501108903,0.2568288371835284,0.0,0.9957940578460693,0.4519344013887697,0.25727559330858063,0.0,0.9952077865600586,0.46231113551380043,0.2580716526591701,0.0,0.9965918064117432,0.414771103845055,0.25364017979804243,0.0,0.9968896508216858,0.40759085302864306,0.25345704147032155,0.0,0.9970900416374207,0.402093298437991,0.25324666764074893,0.0,0.9978967905044556,0.4876099112150565,0.2673894269066264,0.0,0.9970374703407288,0.4036754967171562,0.2601390521982062,0.0,0.9946744441986084,0.4329766558183668,0.2880041416569475,0.0,0.9939893484115601,0.40741635529033615,0.28572919131159025,0.0,0.9934641718864441,0.5480884594933985,0.35678351376995987,0.0,0.999641478061676,0.3579440518414789,0.31994874139765844,0.0,0.9993290901184082,0.6608897287112033,0.4119055175975775,0.0,0.5102752447128296,0.26077535953416203,0.3592842673505112,0.0,0.2544516921043396,0.6788480379086848,0.4318548691022658,0.0,0.39887750148773193,0.15836839777328515,0.33878487320768896,0.0,0.3769514858722687,0.6900920400391666,0.4353426162040607,0.0,0.42474618554115295,0.1327724194714243,0.33518674288874273,0.0,0.3952617943286896,0.692570154344565,0.429235659557068,0.0,0.4364696145057678,0.13289788250739792,0.33339012606994345,0.0,0.397708535194397,0.6820763114726922,0.42942536731700076,0.0,0.38509467244148254,0.14565959376541365,0.3366096080877851,0.0,0.3731222152709961,0.43035218196037595,0.5043739609090333,0.0,0.9993712306022644,0.33074510965869786,0.4873716012859135,0.042232290872031966,0.9991264343261719,0.5293924808502212,0.7095415592193621,0.0,0.6,0.41503557562828175,0.6926798820495623,0.11592350155115158,0.6,0.7495756149292012,0.7170348167419452,0.4576755464077008,0.6,0.48021495342254766,0.8050605058670065,0.6623431444168109,0.6,0.6001060605049149,0.8208954930305503,0.6436256170272844,0.6,0.41451653838157765,0.44357728958129994,0.0,0.6,0.7172387242317219,0.7466115355491658,0.31247428059578025,0.6,0.44585791230201843,0.879920303821566,0.590441524982454,0.6,high,high,high,high,high,high,high,high,high,high,high,high,high,medium,low,low,low,low,low,low,low,low,low,high,high,medium,medium,medium,medium,medium,medium,medium,medium
287,9.566666666666666,0.44134612183470945,0.27061874271828606,0.0,0.9974135160446167,0.45855022164491627,0.2579463431329445,0.0,0.9962034821510315,0.4686745804645533,0.2585359786773902,0.0,0.9956772923469543,0.4775206780794908,0.25953781222685857,0.0,0.9969246983528137,0.43257939836362136,0.25380564909992864,0.0,0.9971928596496582,0.42528331390905605,0.25328216811160176,0.0,0.9973748922348022,0.4187719849717656,0.25280147151791477,0.0,0.9981001019477844,0.49402912131278515,0.26783241744919606,0.0,0.9973302483558655,0.4154281284842468,0.25994690155093836,0.0,0.9951909184455872,0.44931160312988383,0.2891539421392773,0.0,0.9945811629295349,0.42390200975058073,0.2863510936707057,0.0,0.9941037893295288,0.5415907862025278,0.3606329524850521,0.0,0.999675989151001,0.36228601631029045,0.32389286216044566,0.0,0.9993877410888672,0.6516127204283707,0.42004903775828817,0.0,0.5568222999572754,0.24895906549094782,0.3699582921458301,0.0,0.30554327368736267,0.7119261864182018,0.4449817591752774,0.0,0.45515015721321106,0.12475778282313946,0.3478789169054774,0.0,0.42587175965309143,0.7366496330096747,0.4492566621664811,0.0,0.47533267736434937,0.0979630030465851,0.3422219897761498,0.0,0.4418596029281616,0.7418781405006554,0.4460185754410326,0.0,0.486889123916626,0.09689882159719401,0.3415734239947277,0.0,0.4458228647708893,0.7273162715918553,0.44568235647706284,0.0,0.4404934346675873,0.10920958656878488,0.3440859655400266,0.0,0.4242071509361267,0.43903058857628907,0.5218989746970744,0.0,0.9994321465492249,0.3477392390474582,0.5061185784412167,0.02882922272304285,0.9992106556892395,0.5293924808502212,0.7095415592193621,0.0,0.6,0.41503557562828175,0.6926798820495623,0.11592350155115158,0.6,0.7495756149292012,0.7170348167419452,0.4576755464077008,0.6,0.48021495342254766,0.8050605058670065,0.6623431444168109,0.6,0.6001060605049149,0.8208954930305503,0.6436256170272844,0.6,0.41451653838157765,0.44357728958129994,0.0,0.6,0.7172387242317219,0.7466115355491658,0.31247428059578025,0.6,0.44585791230201843,0.879920303821566,0.590441524982454,0.6,high,high,high,high,high,high,high,high,high,high,high,high,high,medium,low,low,low,low,low,low,low,low,low,high,high,medium,medium,medium,medium,medium,medium,medium,medium
288,9.6,0.4692480896180617,0.279556423634083,0.0,0.9976720809936523,0.4816387734768842,0.26622339874714473,0.0,0.9965828657150269,0.4902101334853063,0.2665363756509935,0.0,0.9961093664169312,0.4974559314184269,0.26731906813897244,0.0,0.9972320199012756,0.45451333674239786,0.26279725582449653,0.0,0.9974733591079712,0.44665333010377983,0.2625176502969166,0.0,0.9976372122764587,0.4386005448850452,0.2621884343924229,0.0,0.9982897639274597,0.5036552963834834,0.27455358585833467,0.0,0.9975970983505249,0.42608293001746356,0.2700905895038647,0.0,0.9956708550453186,0.4716542298560389,0.29691975107004115,0.0,0.9951223731040955,0.4455454908745562,0.2950800505134617,0.0,0.9946920871734619,0.5378434259296867,0.3633563449054896,0.0,0.9997078776359558,0.3527377453439451,0.3353044649104147,0.0,0.9994409084320068,0.6524734483176473,0.4145287879002411,0.03901794381734943,0.6004009246826172,0.2318904129288975,0.37730344553371786,0.0,0.36076053977012634,0.7791893917085984,0.43576813890383914,0.012073602900777455,0.5090168714523315,0.10153173917518096,0.34485164618158765,0.0,0.47287461161613464,0.8223284672607097,0.43974610697695266,0.011188448256962856,0.5263405442237854,0.07243319864803835,0.33618093738744953,0.0,0.4847952127456665,0.8299358041136436,0.44051179894200687,0.0,0.5370336174964905,0.07089529037128257,0.33315256335240784,0.0,0.49018627405166626,0.8085925897240382,0.44118918280501584,0.0,0.4952223300933838,0.08145459097026408,0.3377732350415014,0.0,0.4716695249080658,0.4557496790702539,0.5371621532456873,0.0011872631109087369,0.9994839429855347,0.3511730978538949,0.5237275080664188,0.0,0.9992784261703491,0.5293924808502212,0.7095415592193621,0.0,0.6,0.41503557562828175,0.6926798820495623,0.11592350155115158,0.6,0.7495756149292012,0.7170348167419452,0.4576755464077008,0.6,0.48021495342254766,0.8050605058670065,0.6623431444168109,0.6,0.6001060605049149,0.8208954930305503,0.6436256170272844,0.6,0.41451653838157765,0.44357728958129994,0.0,0.6,0.7172387242317219,0.7466115355491658,0.31247428059578025,0.6,0.44585791230201843,0.879920303821566,0.590441524982454,0.6,high,high,high,high,high,high,high,high,high,high,high,high,high,medium,low,medium,low,medium,low,medium,low,low,low,high,high,medium,medium,medium,medium,medium,medium,medium,medium
289,9.633333333333333,0.4938364111599124,0.2824259344792318,0.0,0.9979047179222107,0.5041504286941685,0.26964871672205787,0.0,0.9969239830970764,0.5114914635956163,0.2700763009922773,0.0,0.9964978694915771,0.5173201394942548,0.270951297663865,0.0,0.9975084066390991,0.4796453881097019,0.26587137722330006,0.0,0.9977254867553711,0.4721095404980634,0.2652478134715481,0.0,0.9978730082511902,0.4636451700628511,0.26456752325688276,0.0,0.998460054397583,0.5172058230652412,0.2781436617002072,0.0,0.9978370070457458,0.44524375257236537,0.2722389252035775,0.0,0.9961006045341492,0.49091339785180294,0.2986323198516338,0.0,0.9956081509590149,0.4661524597303585,0.2967194848821999,0.0,0.9952192306518555,0.5367639300984395,0.360611882243124,0.0,0.9997365474700928,0.35478986157126174,0.33676178138572943,0.0,0.9994841814041138,0.653334822410194,0.4098819566495502,0.023830728832793028,0.6388199925422668,0.2288367990360955,0.3817837382807886,0.0,0.409462034702301,0.8003110484087683,0.4289478686028161,0.0,0.5575264096260071,0.10220323143513911,0.3478964900637016,0.0,0.5114601254463196,0.8492939493039293,0.4310566959403345,0.0,0.5724676251411438,0.075593512583446,0.33701805711348387,0.0,0.5193005800247192,0.8569911808678621,0.4332601517647308,0.0,0.5823642611503601,0.07430174656750733,0.3320784106121205,0.0,0.5267360210418701,0.8330302994290176,0.435049309875027,0.0,0.5446901917457581,0.08210552535899054,0.33616460307494833,0.0,0.5116326212882996,0.45349703461696056,0.533132260357029,0.022139422274205574,0.9995239973068237,0.34687631627618665,0.5197270083260717,0.0,0.9993187785148621,0.5293924808502212,0.7095415592193621,0.0,0.6,0.41503557562828175,0.6926798820495623,0.11592350155115158,0.6,0.7495756149292012,0.7170348167419452,0.4576755464077008,0.6,0.48021495342254766,0.8050605058670065,0.6623431444168109,0.6,0.6001060605049149,0.8208954930305503,0.6436256170272844,0.6,0.41451653838157765,0.44357728958129994,0.0,0.6,0.7172387242317219,0.7466115355491658,0.31247428059578025,0.6,0.44585791230201843,0.879920303821566,0.590441524982454,0.6,high,high,high,high,high,high,high,high,high,high,high,high,high,medium,low,medium,medium,medium,medium,medium,medium,medium,medium,high,high,medium,medium,medium,medium,medium,medium,medium,medium
290,9.666666666666666,0.517534916009104,0.28109389237868554,0.0,0.9981139898300171,0.5269619925316689,0.2694943227690146,0.0,0.9972305297851562,0.5327284190899301,0.2699118499711406,0.0,0.9968469738960266,0.5371160326582027,0.27140597085574913,0.0,0.997756838798523,0.5064112536418146,0.26527800107057903,0.0,0.9979521036148071,0.4999992195820766,0.26444171497594016,0.0,0.9980848431587219,0.49196000998114775,0.2635035844810644,0.0,0.9986130595207214,0.5324377416175021,0.27730240618988145,0.0,0.9980523586273193,0.4703995831362863,0.2689245427613499,0.0,0.9964849352836609,0.5110255952898453,0.2964402109315075,0.0,0.9960445761680603,0.4893707314154498,0.2939726777704731,0.0,0.9956932067871094,0.5374427126559914,0.353397304430987,0.0,0.9997624158859253,0.36952200761208265,0.33075445966842937,0.0,0.9995298385620117,0.6466466377387252,0.4028634210149735,0.027635033500743422,0.6712297201156616,0.2548144420474288,0.376505324751626,0.0,0.46067512035369873,0.7886273038415107,0.42388181440480216,0.014145527356293432,0.6012468934059143,0.15118346187896142,0.34593476205716966,0.0,0.5525271892547607,0.8342950030084556,0.4262607671442021,0.02004577801291488,0.6139822006225586,0.13053482015441378,0.3345572323232273,0.0,0.555072546005249,0.8406163705534613,0.428766403164898,0.0,0.6231554746627808,0.12963000921172171,0.32907841616855166,0.0,0.5637577176094055,0.8213197279087613,0.42969011343442587,0.0,0.5891541838645935,0.13486030499835147,0.3328308243573693,0.0,0.5497404336929321,0.4404558726957639,0.5134118393862456,0.04639076865940326,0.9995566606521606,0.3396585631620643,0.500628103326252,0.0,0.9993555545806885,0.5293924808502212,0.7095415592193621,0.0,0.6,0.41503557562828175,0.6926798820495623,0.11592350155115158,0.6,0.7495756149292012,0.7170348167419452,0.4576755464077008,0.6,0.48021495342254766,0.8050605058670065,0.6623431444168109,0.6,0.6001060605049149,0.8208954930305503,0.6436256170272844,0.6,0.41451653838157765,0.44357728958129994,0.0,0.6,0.7172387242317219,0.7466115355491658,0.31247428059578025,0.6,0.44585791230201843,0.879920303821566,0.590441524982454,0.6,high,high,high,high,high,high,high,high,high,high,high,high,high,medium,low,medium,medium,medium,medium,medium,medium,medium,medium,high,high,medium,medium,medium,medium,medium,medium,medium,medium
291,9.7,0.536007752993725,0.2832151304036039,0.0,0.9983015656471252,0.5437242707589304,0.27258595692250076,0.0,0.9975029230117798,0.5473814007146668,0.273015469660015,0.0,0.9971581101417542,0.5501028460500417,0.2738114352965417,0.0,0.9979782104492188,0.5292100793831845,0.2679344363910064,0.0,0.998153805732727,0.5245833075268855,0.26665478771105305,0.0,0.9982736110687256,0.5177846714194296,0.265220015789524,0.0,0.9987486004829407,0.5424861101420624,0.2777524053494699,0.0,0.9982447624206543,0.49511282844143445,0.26742928073956485,0.0,0.9968239665031433,0.5265220614163206,0.29542116713134914,0.0,0.9964345693588257,0.5102099147571009,0.2930158988718116,0.0,0.9961170554161072,0.5317111080620964,0.34569679739036296,0.0,0.9997856616973877,0.39401020654987445,0.32113445263642615,0.0,0.9995694160461426,0.6304152374501012,0.39614953750219206,0.04492164447866738,0.701470673084259,0.3146784396924625,0.36706537369525893,0.0,0.5073361396789551,0.7643608088259951,0.4179197389345914,0.002657626445094756,0.6402082443237305,0.24844049665825135,0.3393568835614176,0.0,0.5909294486045837,0.8075255637680199,0.4208059002469481,0.004811400925362863,0.6506403088569641,0.23573064237902552,0.3268561973855221,0.0,0.5907941460609436,0.8114877730816417,0.4230232308238825,0.0,0.6592687368392944,0.23276668462233724,0.3210719407021591,0.0,0.5999247431755066,0.7975637191659108,0.4230603487480503,0.0,0.6285493969917297,0.2355095754379721,0.32485216939366035,0.0,0.5866048336029053,0.4196612603597719,0.4888726586089559,0.062153977157422324,0.9995952248573303,0.3355391672302246,0.4745623647888792,0.0,0.9994062781333923,0.5293924808502212,0.7095415592193621,0.0,0.6,0.41503557562828175,0.6926798820495623,0.11592350155115158,0.6,0.7495756149292012,0.7170348167419452,0.4576755464077008,0.6,0.48021495342254766,0.8050605058670065,0.6623431444168109,0.6,0.6001060605049149,0.8208954930305503,0.6436256170272844,0.6,0.41451653838157765,0.44357728958129994,0.0,0.6,0.7172387242317219,0.7466115355491658,0.31247428059578025,0.6,0.44585791230201843,0.879920303821566,0.590441524982454,0.6,high,high,high,high,high,high,high,high,high,high,high,high,high,high,medium,medium,medium,medium,medium,medium,medium,medium,medium,high,high,medium,medium,medium,medium,medium,medium,medium,medium
292,9.733333333333333,0.5569912370962988,0.28604526362774885,0.0,0.9984670281410217,0.565105542714225,0.276642824386384,0.0,0.9977397322654724,0.5669013727933948,0.277421247639579,0.0,0.9974326491355896,0.5686000834256079,0.27759036644077595,0.0,0.9981735348701477,0.5546558996041631,0.2717244798070074,0.0,0.9983264207839966,0.5507513192983788,0.27019773760597815,0.0,0.9984362125396729,0.5449107171911196,0.26848761983962677,0.0,0.9988595247268677,0.5588882525206182,0.28212293732416455,0.0,0.9984174966812134,0.5213430412721537,0.2665866990258928,0.0,0.9971002340316772,0.5450216277495978,0.296629521118734,0.0,0.9967755079269409,0.5324332397300895,0.29402892190815483,0.0,0.9964776635169983,0.5300512819579167,0.34060760762863873,0.0487283591901785,0.9998061656951904,0.42643854119283175,0.3092559869194928,0.0,0.9995630979537964,0.5878867551441253,0.3973615407110105,0.11243177779097062,0.729587972164154,0.3820968385273492,0.35128777580105713,0.0,0.5198113918304443,0.7065747981860662,0.42304901080531787,0.013127832597508049,0.6754355430603027,0.3554752904635219,0.33163028253819926,0.0,0.5771982669830322,0.7437260916460942,0.42795514254581235,0.0075029824406673,0.6837062239646912,0.35029677774036494,0.32120201797474324,0.0,0.5728983283042908,0.7515871973582379,0.42693357457925785,0.0,0.691824197769165,0.34814505874763374,0.31682445244355717,0.0,0.5862801671028137,0.7398297750588638,0.42574995255970566,0.0,0.663928747177124,0.34904049732885256,0.3197899683094255,0.0,0.5741299390792847,0.40140845906206607,0.45955007198529485,0.07620360604802164,0.999626100063324,0.3356991708278665,0.44254042364500734,0.0,0.9994258284568787,0.5293924808502212,0.7095415592193621,0.0,0.6,0.41503557562828175,0.6926798820495623,0.11592350155115158,0.6,0.7495756149292012,0.7170348167419452,0.4576755464077008,0.6,0.48021495342254766,0.8050605058670065,0.6623431444168109,0.6,0.6001060605049149,0.8208954930305503,0.6436256170272844,0.6,0.41451653838157765,0.44357728958129994,0.0,0.6,0.7172387242317219,0.7466115355491658,0.31247428059578025,0.6,0.44585791230201843,0.879920303821566,0.590441524982454,0.6,high,high,high,high,high,high,high,high,high,high,high,high,high,high,medium,medium,medium,medium,medium,medium,medium,medium,medium,high,high,medium,medium,medium,medium,medium,medium,medium,medium
295,9.833333333333334,0.5736481227102272,0.2827875007699427,0.0,0.9972594380378723,0.583632118913123,0.27673736350102934,0.0,0.9968307614326477,0.5855241030246243,0.2779251935876618,0.0,0.9962940216064453,0.5860685902042004,0.2779769533441902,0.0,0.9976987242698669,0.577285567988884,0.2716668029695687,0.0,0.9974663853645325,0.5749106812171463,0.2701318583913624,0.0,0.9974910616874695,0.5709312176093092,0.26838243396687966,0.0,0.9982210397720337,0.5783798286131228,0.284758944819858,0.03900524325199906,0.9980129599571228,0.5511097981657473,0.2646170729523779,0.0,0.9934499263763428,0.5611239452878927,0.292648085555831,0.0,0.9951474666595459,0.5528893046306855,0.2894101217562788,0.0,0.9942213296890259,0.5409554411203448,0.3340985640223496,0.1230855784563477,0.999737560749054,0.455424012281957,0.29333095033685724,0.0,0.9982969760894775,0.5891993276444919,0.3821676481853842,0.13116018873658974,0.6658183932304382,0.43847733871503425,0.3233355660260705,0.0,0.47101452946662903,0.6851739848688229,0.4005307583681086,0.0,0.6188361048698425,0.44895166077049853,0.31145873693597426,0.0,0.5293583869934082,0.7134720648363216,0.40360535448525714,0.0,0.6307226419448853,0.4498425493568263,0.3047100075613932,0.0,0.5294157266616821,0.7203702344483169,0.3999812084755986,0.0,0.6376842260360718,0.4513167694627833,0.3027594149946341,0.0,0.5417327880859375,0.7121855140010257,0.3989163544767119,0.0,0.6095638871192932,0.45034556669163656,0.3044893258101464,0.0,0.52877277135849,0.3816494863905839,0.42022261134672384,0.08107770106696605,0.999643087387085,0.32698168732347554,0.39754818202732434,0.0,0.999424397945404,0.5293924808502212,0.7095415592193621,0.0,0.6,0.41503557562828175,0.6926798820495623,0.11592350155115158,0.6,0.7495756149292012,0.7170348167419452,0.4576755464077008,0.6,0.48021495342254766,0.8050605058670065,0.6623431444168109,0.6,0.6001060605049149,0.8208954930305503,0.6436256170272844,0.6,0.41451653838157765,0.44357728958129994,0.0,0.6,0.7172387242317219,0.7466115355491658,0.31247428059578025,0.6,0.44585791230201843,0.879920303821566,0.590441524982454,0.6,high,high,high,high,high,high,high,high,high,high,high,high,high,medium,low,medium,medium,medium,medium,medium,medium,medium,medium,high,high,medium,medium,medium,medium,medium,medium,medium,medium
296,9.866666666666667,0.5918352469141961,0.26223075209241997,0.0,0.9975091218948364,0.6018813131572499,0.2577808123507429,0.0,0.997109055519104,0.6034515978017347,0.25891380293386035,0.0,0.996624231338501,0.6045911448263083,0.2584265304473181,0.0,0.9979064464569092,0.5965377894036992,0.2537637672502129,0.0,0.9976880550384521,0.5943284295238831,0.25279082931005104,0.0,0.9977091550827026,0.5911297792599212,0.251580719347601,0.0,0.9983710646629333,0.5984242163893797,0.2677558945331269,0.08074460308000225,0.9981974363327026,0.574711080614505,0.24865416168194063,0.024305915290659202,0.9940270185470581,0.5824640012565486,0.271956283520986,0.0,0.9955904483795166,0.5752172588190569,0.2696317840011533,0.0,0.994722843170166,0.5403007407844219,0.3133366790129041,0.1680315456641864,0.9997520446777344,0.5067008684426213,0.2735989138240866,0.0,0.9984307289123535,0.5602208976840098,0.36186769097557253,0.18609349050565666,0.6382057070732117,0.515705784543968,0.30162202269881,0.0,0.5100382566452026,0.634476557686614,0.38136431762388634,0.07762148821756855,0.6259990334510803,0.542307424899583,0.3026837753110284,0.0,0.5667078495025635,0.6556649855522583,0.3850797119535221,0.06473560021682237,0.6402194499969482,0.5458460378445404,0.3007958459131653,0.0,0.5667423009872437,0.663742363939198,0.3825381801817533,0.025206485502682438,0.647627592086792,0.5498298177004988,0.30105232344918675,0.0,0.5770979523658752,0.6597651549569394,0.3808801698656915,0.05892816861540026,0.6221544742584229,0.5472587990663561,0.3012441074375792,0.0,0.5642309784889221,0.36788023164222383,0.3898278225413023,0.08824004464085934,0.9996630549430847,0.34420700069074117,0.36579572550066797,0.0,0.9994623064994812,0.5293924808502212,0.7095415592193621,0.0,0.6,0.41503557562828175,0.6926798820495623,0.11592350155115158,0.6,0.7495756149292012,0.7170348167419452,0.4576755464077008,0.6,0.48021495342254766,0.8050605058670065,0.6623431444168109,0.6,0.6001060605049149,0.8208954930305503,0.6436256170272844,0.6,0.41451653838157765,0.44357728958129994,0.0,0.6,0.7172387242317219,0.7466115355491658,0.31247428059578025,0.6,0.44585791230201843,0.879920303821566,0.590441524982454,0.6,high,high,high,high,high,high,high,high,high,high,high,high,high,medium,medium,medium,medium,medium,medium,medium,medium,medium,medium,high,high,medium,medium,medium,medium,medium,medium,medium,medium
297,9.9,0.5954272645614658,0.25115870574971244,0.008172659138282731,0.9977482557296753,0.6067055490189237,0.2472649536557971,0.030681392277801596,0.9973888397216797,0.6092183991467774,0.24840860023643094,0.030216239375390197,0.9969514012336731,0.6119983572782075,0.24766180676458105,0.03025568336561018,0.9981099367141724,0.598889353392009,0.2443164997931689,0.023005833011337726,0.9979118704795837,0.5956457279501,0.24397544201576413,0.022517180230928815,0.9979289770126343,0.5921572689965626,0.24339045705773124,0.022287517881546343,0.9985255599021912,0.6098872359260272,0.2587054894937509,0.1295471561417022,0.99837327003479,0.5807404672349266,0.24236581521434447,0.10926706081642724,0.9945905804634094,0.5923397592453428,0.26149137022889923,0.04874174592534576,0.9960206747055054,0.5813791676834762,0.2600733731940639,0.036917123816568864,0.9952306747436523,0.5613409015404331,0.3072829470212095,0.20372654341317611,0.999774158000946,0.5285626700569158,0.26562274447132167,0.049098984258019424,0.9985800981521606,0.5575368307131445,0.3587309690344315,0.1782208333336829,0.6196321845054626,0.5300753073189378,0.2944397911742025,0.0,0.5050457119941711,0.587722029233036,0.3727332993404025,0.05514189841047744,0.6512959003448486,0.5767556059506405,0.30642294626691763,0.0,0.5851812362670898,0.5959820968287823,0.37729587379869145,0.03460936106758805,0.6649192571640015,0.5823449475608243,0.3096963265142249,0.0,0.5869807004928589,0.6032010354362184,0.3734388802296086,0.00776515466905698,0.6713833212852478,0.5894999186267402,0.3104443434096169,0.0,0.5950605869293213,0.6044375421283978,0.3715211676134106,0.04176139034382957,0.6466067433357239,0.5873265078156715,0.3093297945591683,0.0,0.58008873462677,0.37609971854792423,0.37974808022970463,0.08009970517197346,0.9996922612190247,0.3599204790619991,0.35408992825688274,0.0,0.9995113611221313,0.5293924808502212,0.7095415592193621,0.0,0.6,0.41503557562828175,0.6926798820495623,0.11592350155115158,0.6,0.7495756149292012,0.7170348167419452,0.4576755464077008,0.6,0.48021495342254766,0.8050605058670065,0.6623431444168109,0.6,0.6001060605049149,0.8208954930305503,0.6436256170272844,0.6,0.41451653838157765,0.44357728958129994,0.0,0.6,0.7172387242317219,0.7466115355491658,0.31247428059578025,0.6,0.44585791230201843,0.879920303821566,0.590441524982454,0.6,high,high,high,high,high,high,high,high,high,high,high,high,high,medium,medium,medium,medium,medium,medium,medium,medium,medium,medium,high,high,medium,medium,medium,medium,medium,medium,medium,medium
298,9.933333333333334,0.5931057386742898,0.2525369851461386,0.12846307241138638,0.9979264736175537,0.6034573145679677,0.24741987491543263,0.14643878062496693,0.997584342956543,0.6061732260497317,0.2484578903599503,0.14603661900355863,0.9971677660942078,0.6093720582537456,0.24752725956045452,0.14609590280445067,0.9982514977455139,0.5946035546300588,0.24593694094733543,0.14069032971258805,0.9980725646018982,0.5907240751739997,0.24607406532292106,0.14020256045120344,0.9980809092521667,0.5873442529798404,0.24600731117742108,0.13996814632471385,0.9986423850059509,0.6089854158443743,0.25889158151644437,0.2178551383134166,0.9984719157218933,0.5804084026035466,0.24708520834679434,0.20749226238552565,0.9949947595596313,0.5938178437017354,0.26299387973783245,0.15933593503245153,0.9963403344154358,0.5819030442993696,0.26267924932611086,0.15019146378623205,0.995611846446991,0.5552891779057089,0.3085037228805488,0.2661957077699393,0.9997863173484802,0.5549755948823664,0.2734636407354224,0.12343036766339884,0.9987190365791321,0.5257039872499627,0.3641497060691292,0.23315547404936762,0.5635146498680115,0.5530099413750625,0.30484824490436113,0.03840521108228857,0.5181745886802673,0.5118470637253684,0.37398714771915526,0.16262286003583562,0.5952495336532593,0.610204054515958,0.3227549307829859,0.008694320708721729,0.5959107279777527,0.5061871103751368,0.3782593554411189,0.15005597090109843,0.6121432781219482,0.6196773822629941,0.3297439371789261,0.0,0.5924146175384521,0.5152247527262561,0.3728132636952799,0.13472121964818845,0.6176875829696655,0.6270017576835945,0.3292530506224074,0.0,0.5987488031387329,0.5210130202881398,0.37093655136359693,0.15593185859335096,0.5931650996208191,0.6232567240065088,0.32701760773614375,0.008387098779211573,0.5800466537475586,0.3852992298858715,0.389054228445312,0.07831874710566328,0.9997164607048035,0.3881930459490477,0.3652722651447181,0.0,0.9995571374893188,0.5293924808502212,0.7095415592193621,0.0,0.6,0.41503557562828175,0.6926798820495623,0.11592350155115158,0.6,0.7495756149292012,0.7170348167419452,0.4576755464077008,0.6,0.48021495342254766,0.8050605058670065,0.6623431444168109,0.6,0.6001060605049149,0.8208954930305503,0.6436256170272844,0.6,0.41451653838157765,0.44357728958129994,0.0,0.6,0.7172387242317219,0.7466115355491658,0.31247428059578025,0.6,0.44585791230201843,0.879920303821566,0.590441524982454,0.6,high,high,high,high,high,high,high,high,high,high,high,high,high,medium,medium,medium,medium,medium,medium,medium,medium,medium,medium,high,high,medium,medium,medium,medium,medium,medium,medium,medium
299,9.966666666666667,0.5910550875541507,0.2618382257737209,0.17933907149693953,0.9980465769767761,0.5988988812431049,0.25541839291860513,0.1948267817931442,0.9976658821105957,0.6009768317073668,0.2560955571544761,0.19445985956833967,0.9972543716430664,0.6044712679369482,0.255110841392082,0.19452203939601592,0.9983017444610596,0.5897422475970446,0.25468970237773125,0.18843507468874135,0.9981512427330017,0.5859473312929253,0.2550526862586302,0.18794575198130228,0.9981583952903748,0.5823143798432444,0.2552601302559288,0.18772584727003633,0.9987085461616516,0.6037761695457242,0.26545518393561074,0.2568851783784821,0.9985202550888062,0.574854894117877,0.25748938120606407,0.24793868162397947,0.995249330997467,0.592653978537848,0.27298566164114607,0.20791714171724918,0.9964480400085449,0.5804559582874784,0.2731297788294886,0.19804965247810463,0.9957375526428223,0.546944528331847,0.31798665076146954,0.28783713097061114,0.9997792840003967,0.5606121071429812,0.2909886213866155,0.15496977888447186,0.9988038539886475,0.5198336245018855,0.37825508724837414,0.25459406609508106,0.5871741771697998,0.5391806317515043,0.3280042938558102,0.055214482135984067,0.48711463809013367,0.4925017882755044,0.3904317563230352,0.18079454980200177,0.5718395113945007,0.5931290524961803,0.34979576442069477,0.010000878628039483,0.5493475794792175,0.48240926118441796,0.3963750038113638,0.16548530034078354,0.5757221579551697,0.6032078685043591,0.35819568938308755,0.0,0.5461916327476501,0.4908255684625865,0.389372489113353,0.15460887697193218,0.5798510909080505,0.6111372537685179,0.35705091917153653,0.0,0.5525551438331604,0.4962995998509293,0.3875691837919908,0.17577899851790724,0.5541040301322937,0.6070319260611695,0.35434969599708344,0.009925643255660636,0.5338817834854126,0.4074368485898693,0.4181147065612831,0.07388810899558049,0.9997020363807678,0.41553951587988336,0.3982420617883866,0.0,0.9995653033256531,0.5293924808502212,0.7095415592193621,0.0,0.6,0.41503557562828175,0.6926798820495623,0.11592350155115158,0.6,0.7495756149292012,0.7170348167419452,0.4576755464077008,0.6,0.48021495342254766,0.8050605058670065,0.6623431444168109,0.6,0.6001060605049149,0.8208954930305503,0.6436256170272844,0.6,0.41451653838157765,0.44357728958129994,0.0,0.6,0.7172387242317219,0.7466115355491658,0.31247428059578025,0.6,0.44585791230201843,0.879920303821566,0.590441524982454,0.6,high,high,high,high,high,high,high,high,high,high,high,high,high,medium,low,medium,medium,medium,medium,medium,medium,medium,medium,high,high,medium,medium,medium,medium,medium,medium,medium,medium
309,10.3,0.5798464557785548,0.2750231065811262,0.13025787550877893,0.9982410669326782,0.5858314110960454,0.26672037136860455,0.14274265422618232,0.9978980422019958,0.5874910977059049,0.2671069821694521,0.14235436872933055,0.9975270628929138,0.5916486349139196,0.26647168397903515,0.14237909109303484,0.9984701871871948,0.575699006482995,0.2663486635351522,0.13385891085946514,0.9983353018760681,0.5712578109094328,0.2670751830219952,0.13336048978608842,0.9983415603637695,0.5672657682901233,0.26735221408741805,0.13314120791036246,0.998836874961853,0.5882534126301762,0.27472437789668086,0.2056430267660704,0.9986662864685059,0.5585949850249139,0.27097229416414925,0.18560100030501386,0.9957219958305359,0.5813290726888446,0.2868635128566998,0.16129393472677112,0.9967948794364929,0.5682733670259148,0.28714502212050985,0.14771376836324251,0.9961532950401306,0.5364355806148428,0.33291418694116104,0.2410495323248405,0.9997948408126831,0.5400449771147522,0.3160150778460344,0.12236342369850176,0.9989138245582581,0.5386480325724432,0.40043914887732945,0.2317572045867231,0.5294379591941833,0.4826909670462988,0.3664880492887307,0.006975611971391688,0.4496794641017914,0.5061167922470132,0.4042051412286747,0.17793802592234784,0.515430212020874,0.5205016271634548,0.38633730410140255,0.0,0.5033899545669556,0.4956084921921341,0.40940036140121894,0.16449941555797962,0.5195899605751038,0.5271638927759837,0.3941139197432922,0.0,0.5017147660255432,0.5023496527493986,0.40101250033556546,0.15334276167246055,0.5233591198921204,0.5341101931386353,0.39032130697112644,0.0,0.5063316822052002,0.5061916783278374,0.3996838472245189,0.17372044476317966,0.5001373291015625,0.5306553792008724,0.3874497582445622,0.0,0.48794081807136536,0.43951491299487055,0.464769538813261,0.06537043956045452,0.9996943473815918,0.43499601644513886,0.4508080137220586,0.0,0.9995865821838379,0.5293924808502212,0.7095415592193621,0.0,0.6,0.41503557562828175,0.6926798820495623,0.11592350155115158,0.6,0.7495756149292012,0.7170348167419452,0.4576755464077008,0.6,0.48021495342254766,0.8050605058670065,0.6623431444168109,0.6,0.6001060605049149,0.8208954930305503,0.6436256170272844,0.6,0.41451653838157765,0.44357728958129994,0.0,0.6,0.7172387242317219,0.7466115355491658,0.31247428059578025,0.6,0.44585791230201843,0.879920303821566,0.590441524982454,0.6,high,high,high,high,high,high,high,high,high,high,high,high,high,medium,low,medium,medium,medium,medium,medium,medium,medium,low,high,high,medium,medium,medium,medium,medium,medium,medium,medium
315,10.5,0.5795883829499195,0.28399542613185164,0.04859592096927851,0.9929793477058411,0.5849198404447753,0.2753964899094795,0.05707554695454803,0.9859539866447449,0.5863534890132645,0.2756696312855459,0.05667426777539012,0.9860737323760986,0.590813334866283,0.2757610687703804,0.056661468468137695,0.9915972948074341,0.5753184317986741,0.2738086410335735,0.04899840993863176,0.9907599091529846,0.5703623718592964,0.27369422793805254,0.04850142485611935,0.9919296503067017,0.5661768204682371,0.2736474416958987,0.048287259592807226,0.9941650032997131,0.5855471277848283,0.2821058181477045,0.11985328094491067,0.9936961531639099,0.5545970038934203,0.2782138312335344,0.10044573365096333,0.9834766387939453,0.5791158705324575,0.29582544001110306,0.08181866119878436,0.9917051196098328,0.5663148841379977,0.29544461339642747,0.06867125158313256,0.9882762432098389,0.5363039550803494,0.3412597305846946,0.15217151018706274,0.9997971653938293,0.5244681284977853,0.3318887660692353,0.0776881349809244,0.9989696145057678,0.5626449116737985,0.4106671155054819,0.11732771558229058,0.5117140412330627,0.4435636557482351,0.39623728443136963,0.0,0.40903809666633606,0.5187427709291601,0.4023530394325178,0.021943204022405655,0.4709205627441406,0.49001064792379756,0.4140471181113692,0.0,0.4578014016151428,0.5059114475072417,0.40186800253697036,0.0,0.47641292214393616,0.4990038614728803,0.42177755689565505,0.0,0.45853278040885925,0.5111653426866166,0.39210061204461333,0.0,0.4798480272293091,0.50753915226543,0.4150110037871463,0.0,0.46259957551956177,0.5134522769000994,0.3935234809255277,0.019505144468137448,0.4561614990234375,0.5033373416581645,0.41163597080535375,0.0,0.44479838013648987,0.45880348178056696,0.4944942276099914,0.04701422567757202,0.9996087551116943,0.44556972426134506,0.48619300432694396,0.0,0.9995218515396118,0.5293924808502212,0.7095415592193621,0.0,0.6,0.41503557562828175,0.6926798820495623,0.11592350155115158,0.6,0.7495756149292012,0.7170348167419452,0.4576755464077008,0.6,0.48021495342254766,0.8050605058670065,0.6623431444168109,0.6,0.6001060605049149,0.8208954930305503,0.6436256170272844,0.6,0.41451653838157765,0.44357728958129994,0.0,0.6,0.7172387242317219,0.7466115355491658,0.31247428059578025,0.6,0.44585791230201843,0.879920303821566,0.590441524982454,0.6,high,high,high,high,high,high,high,high,high,high,high,high,high,medium,low,low,low,low,low,low,low,low,low,high,high,medium,medium,medium,medium,medium,medium,medium,medium
316,10.533333333333333,0.5808271219680374,0.28703782886336254,0.0,0.9936105608940125,0.5861838835102711,0.2773564773978616,0.0,0.9872567653656006,0.5879984302120624,0.27754182415408757,0.0,0.9873713850975037,0.5925707237703832,0.2785210822706741,0.0,0.9923768639564514,0.5765222826481993,0.2756080430843343,0.0,0.9916045069694519,0.5708502487980696,0.2746554087925631,0.0,0.9926594495773315,0.5661660286930073,0.27424637650276473,0.0,0.9946810603141785,0.5853704002909466,0.2837900954248751,0.05633510164221836,0.9942781329154968,0.550573980752684,0.27787381007676987,0.02648828467592985,0.9848963618278503,0.5779049678560196,0.29930439410787724,0.012632317654354323,0.9921718835830688,0.5652269375074175,0.29774441245274746,0.0,0.9888811707496643,0.5454040039113643,0.3479822969936833,0.08828666500556184,0.9998122453689575,0.5009992271314425,0.34097352950445237,0.04075054532581286,0.9990370273590088,0.5928274998159135,0.422551845684475,0.04043456502389041,0.4692838490009308,0.41215639778506336,0.4184205163192093,0.0,0.3748779594898224,0.5320432424406364,0.40818749177150343,0.0,0.42578116059303284,0.4658745336921633,0.43257065495966873,0.0,0.4205469787120819,0.5130898166091861,0.40161601646796913,0.0,0.43133312463760376,0.4773219363255947,0.4396823814837817,0.0,0.4240938425064087,0.5165946293266239,0.3899003292991853,0.0,0.43440261483192444,0.4870163429450335,0.42969587243798285,0.0,0.4270619750022888,0.5210792814796079,0.39157558480898647,0.0,0.4130250811576843,0.48273458743428976,0.4261662158376976,0.0,0.40829306840896606,0.47997573914227915,0.5153286787735568,0.032020581818874,0.9995520114898682,0.44709101555508723,0.5115590916646957,0.0,0.9994375705718994,0.5293924808502212,0.7095415592193621,0.0,0.6,0.41503557562828175,0.6926798820495623,0.11592350155115158,0.6,0.7495756149292012,0.7170348167419452,0.4576755464077008,0.6,0.48021495342254766,0.8050605058670065,0.6623431444168109,0.6,0.6001060605049149,0.8208954930305503,0.6436256170272844,0.6,0.41451653838157765,0.44357728958129994,0.0,0.6,0.7172387242317219,0.7466115355491658,0.31247428059578025,0.6,0.44585791230201843,0.879920303821566,0.590441524982454,0.6,high,high,high,high,high,high,high,high,high,high,high,high,high,low,low,low,low,low,low,low,low,low,low,high,high,medium,medium,medium,medium,medium,medium,medium,medium
317,10.566666666666666,0.5878271224337596,0.29192482160799504,0.0,0.9941918849945068,0.5940151485529829,0.28150713356919577,0.0,0.9883084297180176,0.5967106639922097,0.2818643941190144,0.0,0.9883437156677246,0.6010593659394287,0.2826332923693542,0.0,0.992982029914856,0.5838584879061575,0.2786745113648464,0.0,0.9923215508460999,0.5774244916188982,0.27660156154271404,0.0,0.9932643175125122,0.572111508646213,0.27534836839823806,0.0,0.9951277375221252,0.5949793349612859,0.28707803469715776,0.09701965678926139,0.9946881532669067,0.5512325106522991,0.27734054767446437,0.034793352604016635,0.9860879182815552,0.5819033332915866,0.3032416413019317,0.022893037903176927,0.9928568601608276,0.5687943956790842,0.3003600089352733,0.0,0.9899089336395264,0.5619555179611524,0.3562086549672223,0.11913047862914367,0.9998279213905334,0.4767269531746857,0.33924304924922755,0.06345266183634199,0.999121904373169,0.6180678214226586,0.43774718984023786,0.05473017414200343,0.4644332230091095,0.38992941087776234,0.42838717243332525,0.0,0.36760061979293823,0.5496105475998162,0.4184202244787516,0.0,0.4189509451389313,0.44928704678039844,0.44096735710308665,0.0,0.4074280560016632,0.5272327294021789,0.4087202472564512,0.0,0.4240954518318176,0.4620343118141871,0.44837531357100635,0.0,0.413347989320755,0.5277353984353716,0.3956588949217951,0.0,0.42812708020210266,0.4724646736552956,0.437033692162077,0.0,0.41573822498321533,0.5334061310563624,0.3963572355833931,0.0,0.40199992060661316,0.4687750835518749,0.43322080373764155,0.0,0.3901582360267639,0.4958430186851888,0.5286724728582081,0.028890303057664095,0.9995851516723633,0.4366802874006047,0.524401936497723,0.0,0.9994745254516602,0.5293924808502212,0.7095415592193621,0.0,0.6,0.41503557562828175,0.6926798820495623,0.11592350155115158,0.6,0.7495756149292012,0.7170348167419452,0.4576755464077008,0.6,0.48021495342254766,0.8050605058670065,0.6623431444168109,0.6,0.6001060605049149,0.8208954930305503,0.6436256170272844,0.6,0.41451653838157765,0.44357728958129994,0.0,0.6,0.7172387242317219,0.7466115355491658,0.31247428059578025,0.6,0.44585791230201843,0.879920303821566,0.590441524982454,0.6,high,high,high,high,high,high,high,high,high,high,high,high,high,low,low,low,low,low,low,low,low,low,low,high,high,medium,medium,medium,medium,medium,medium,medium,medium
318,10.6,0.593406857866231,0.3007994183710413,0.0,0.993676483631134,0.5999242117354936,0.2907460322191117,0.01557416061595051,0.9852770566940308,0.6031602062545471,0.2912986948912524,0.015118071136427408,0.9843223094940186,0.606733800092223,0.292171723498054,0.015092983320876475,0.9907810688018799,0.5896209960495136,0.287600401884471,0.0,0.9906243681907654,0.5828550367644354,0.285071265794737,0.0,0.9914417266845703,0.5771977481864287,0.283480802824448,0.0,0.9940487146377563,0.600340581440427,0.29699454711867457,0.13667301367751267,0.9924551844596863,0.5524484540199082,0.2828633704663442,0.044560322340465065,0.9818345308303833,0.5840918395346988,0.3120930327541075,0.045440095934869355,0.9917880296707153,0.5717498415555724,0.3081849000670701,0.015144153400422009,0.989118218421936,0.5684429779475123,0.36244992950023847,0.1619665728304496,0.9998348951339722,0.45948310317971053,0.33813576271761914,0.07077912638932138,0.9991688132286072,0.6239877384164689,0.4479691312585411,0.08487105606848912,0.4606776833534241,0.38461212560291436,0.4298731472803452,0.0,0.33772769570350647,0.5608520779437411,0.42960651666968136,0.0,0.41181060671806335,0.44325542588889855,0.4412221651533001,0.0,0.3760525584220886,0.5366230181880778,0.41861287995929874,0.0,0.4089636504650116,0.45398532072981035,0.4473488694165426,0.0,0.38280341029167175,0.5361588026260177,0.4049542194757717,0.0,0.4105962812900543,0.46720312893529714,0.4366921574780447,0.0,0.38438543677330017,0.5424845655620252,0.40452039484933366,0.0,0.3793921172618866,0.4639445384204539,0.4328691297338848,0.0,0.35902050137519836,0.503069824827858,0.5285344665700753,0.036628836972122374,0.9995855689048767,0.42586343799715665,0.5238702871026985,0.0,0.9994528293609619,0.5293924808502212,0.7095415592193621,0.0,0.6,0.41503557562828175,0.6926798820495623,0.11592350155115158,0.6,0.7495756149292012,0.7170348167419452,0.4576755464077008,0.6,0.48021495342254766,0.8050605058670065,0.6623431444168109,0.6,0.6001060605049149,0.8208954930305503,0.6436256170272844,0.6,0.41451653838157765,0.44357728958129994,0.0,0.6,0.7172387242317219,0.7466115355491658,0.31247428059578025,0.6,0.44585791230201843,0.879920303821566,0.590441524982454,0.6,high,high,high,high,high,high,high,high,high,high,high,high,high,low,low,low,low,low,low,low,low,low,low,high,high,medium,medium,medium,medium,medium,medium,medium,medium
319,10.633333333333333,0.5957612292472038,0.3072079950140359,0.001068641516295342,0.9940584897994995,0.6029390054982875,0.29842664978721,0.024663270804987696,0.9858155250549316,0.6067083286238732,0.2990533261449195,0.024209031049327187,0.9847513437271118,0.6093302326046797,0.30008173551592876,0.02419197495097608,0.9909284710884094,0.5930092473685896,0.29548715815677584,0.0051629588806823765,0.990977942943573,0.5865895392455714,0.2929375488441315,0.00467239599892031,0.9917820692062378,0.5811265583360683,0.2913231771170128,0.004496731055088535,0.9942817091941833,0.6033730650003711,0.30475250671515736,0.14626192666225538,0.9923406839370728,0.5552297777785025,0.2896726444745683,0.059787497979465226,0.982237696647644,0.5845118648522399,0.31756792931290023,0.053424581451154945,0.9916280508041382,0.5736833371760421,0.3133408877399426,0.023944279686971198,0.9894025325775146,0.5746447852441496,0.36281955388042575,0.17995263521487942,0.9998319745063782,0.4491269476624925,0.33413139242670287,0.0725827761871486,0.9992190003395081,0.6503824092847224,0.4354901723650519,0.10267190000428766,0.4381854236125946,0.39526657444058144,0.41740022040469493,0.0,0.3192308843135834,0.5981024693359045,0.41061775098036046,0.0,0.3853360116481781,0.44691198807218524,0.4255869747041834,0.0,0.35645556449890137,0.5755861189676624,0.39696999717425735,0.0,0.38481375575065613,0.45449668648359776,0.42970356692523226,0.0,0.3681849241256714,0.5725803050822604,0.38426373985819706,0.0,0.38629457354545593,0.46867819064424987,0.4211132125559953,0.0,0.3701797425746918,0.5783099004160845,0.38412251943474984,0.0,0.3545772433280945,0.4661780827806836,0.417762165789283,0.0,0.343229740858078,0.4974641701975082,0.5145499404771636,0.049556929682705045,0.9995975494384766,0.4089550961564482,0.5081819675185477,0.0,0.9994627237319946,0.5293924808502212,0.7095415592193621,0.0,0.6,0.41503557562828175,0.6926798820495623,0.11592350155115158,0.6,0.7495756149292012,0.7170348167419452,0.4576755464077008,0.6,0.48021495342254766,0.8050605058670065,0.6623431444168109,0.6,0.6001060605049149,0.8208954930305503,0.6436256170272844,0.6,0.41451653838157765,0.44357728958129994,0.0,0.6,0.7172387242317219,0.7466115355491658,0.31247428059578025,0.6,0.44585791230201843,0.879920303821566,0.590441524982454,0.6,high,high,high,high,high,high,high,high,high,high,high,high,high,low,low,low,low,low,low,low,low,low,low,high,high,medium,medium,medium,medium,medium,medium,medium,medium
320,10.666666666666666,0.5984829368291218,0.3075742027559488,0.032824122214511905,0.9943332672119141,0.6023112396538135,0.29831589650718837,0.05351889934955234,0.9862945675849915,0.6049128005276765,0.2984693108044034,0.05311097156925093,0.9852224588394165,0.6069981846220304,0.29900440483382335,0.053127075130845136,0.9911125898361206,0.5937558313905514,0.29703633275343344,0.026800342355713762,0.9912445545196533,0.5879680110024421,0.29497386233790013,0.026301852021461933,0.9920628070831299,0.5828307279340053,0.2937150740679057,0.026136477319371784,0.9944679737091064,0.5984521652712983,0.301745887958643,0.16364878253676995,0.9923985600471497,0.5551481417842693,0.2909966216776484,0.043650021144820784,0.9826247096061707,0.585616710163776,0.31639750965269653,0.08270529163067872,0.9915239810943604,0.57699123087463,0.313529007432067,0.044164476373465295,0.98943030834198,0.5543719646119308,0.35045503291772606,0.21991804714525276,0.9998329877853394,0.4684333260798522,0.32750586182365415,0.03658993729761441,0.999259889125824,0.6136038712549337,0.41853947885386705,0.2224032318171788,0.41113296151161194,0.4401610795851366,0.40614109828477807,0.0,0.2993374466896057,0.583378059047087,0.4016359696438273,0.073592615216137,0.3550914227962494,0.47402433123622034,0.41842167145444625,0.0,0.3303939402103424,0.5674373715907558,0.38930514732718846,0.047515175924017834,0.35763028264045715,0.47531424737199046,0.421319348828777,0.0,0.3456933796405792,0.5660425712873345,0.3813168208499065,0.03200287241618957,0.35941553115844727,0.48857704624707454,0.41511935488883267,0.0,0.3481188714504242,0.5714753382689485,0.3803575582159715,0.06544362844808134,0.3289150297641754,0.48572370576691914,0.41230395644694884,0.0,0.3228234052658081,0.4808134485235872,0.5015407016366247,0.07195434586681218,0.9996161460876465,0.4142336543206579,0.49629807333290565,0.0,0.9994851350784302,0.5293924808502212,0.7095415592193621,0.0,0.6,0.41503557562828175,0.6926798820495623,0.11592350155115158,0.6,0.7495756149292012,0.7170348167419452,0.4576755464077008,0.6,0.48021495342254766,0.8050605058670065,0.6623431444168109,0.6,0.6001060605049149,0.8208954930305503,0.6436256170272844,0.6,0.41451653838157765,0.44357728958129994,0.0,0.6,0.7172387242317219,0.7466115355491658,0.31247428059578025,0.6,0.44585791230201843,0.879920303821566,0.590441524982454,0.6,high,high,high,high,high,high,high,high,high,high,high,high,high,low,low,low,low,low,low,low,low,low,low,high,high,medium,medium,medium,medium,medium,medium,medium,medium
321,10.7,0.582407549683588,0.3230383853256572,0.07575695598736808,0.9947431087493896,0.5849217022215585,0.31301912394437004,0.09746181607107487,0.9874789714813232,0.5877181034543869,0.3128273266873446,0.0970697591953972,0.9864823818206787,0.5895758414324084,0.3128292430669842,0.09712391663646669,0.9918542504310608,0.5758805195768412,0.31290390594300216,0.06761613762601013,0.9919777512550354,0.5706161385649583,0.3113493174661854,0.06711854480015944,0.9927142858505249,0.5655223304158339,0.31032402664075726,0.06694242408572951,0.9949220418930054,0.5823859950323498,0.31361482999263746,0.20955401287351233,0.9930418729782104,0.5395271293905801,0.30661590894063395,0.07326996062029095,0.9840736389160156,0.5722006442663568,0.3293589782186886,0.12667598349795578,0.9919319152832031,0.563443843023484,0.3277971654227294,0.08421115550301593,0.9899605512619019,0.5485735694011623,0.3566256960927755,0.2813163455966477,0.9998213648796082,0.46426736724960344,0.33265425803222387,0.039927380307119606,0.9993139505386353,0.5922788244027373,0.4168301769347747,0.28980664362683795,0.37258288264274597,0.45687695691635677,0.4005124468903452,0.0,0.29846295714378357,0.568896633622809,0.40355112551253547,0.16147736315821756,0.322773814201355,0.48959827631503683,0.4107158411910773,0.0,0.3191479444503784,0.5546460621979423,0.39542096054359577,0.14305899794146215,0.32779571413993835,0.4895437241017414,0.41260893403233456,0.0,0.33561983704566956,0.5534361415392883,0.38848221232563285,0.12577812043659092,0.3294391930103302,0.4997439346252357,0.4074969051323304,0.0,0.33795323967933655,0.5595545897950673,0.38674413824414977,0.15284167928295575,0.30161118507385254,0.49711651019838987,0.40561888358254083,0.0,0.3143325448036194,0.47113819826733105,0.5022112803581447,0.0915339767481344,0.9996384978294373,0.413500960195538,0.49626790740829096,0.0,0.999520480632782,0.5293924808502212,0.7095415592193621,0.0,0.6,0.41503557562828175,0.6926798820495623,0.11592350155115158,0.6,0.7495756149292012,0.7170348167419452,0.4576755464077008,0.6,0.48021495342254766,0.8050605058670065,0.6623431444168109,0.6,0.6001060605049149,0.8208954930305503,0.6436256170272844,0.6,0.41451653838157765,0.44357728958129994,0.0,0.6,0.7172387242317219,0.7466115355491658,0.31247428059578025,0.6,0.44585791230201843,0.879920303821566,0.590441524982454,0.6,high,high,high,high,high,high,high,high,high,high,high,high,high,low,low,low,low,low,low,low,low,low,low,high,high,medium,medium,medium,medium,medium,medium,medium,medium
328,10.933333333333334,0.5661954924221098,0.3375185800321183,0.15993400442572508,0.9946014881134033,0.5659811149388219,0.32659100291334475,0.1769426696193529,0.9879627823829651,0.5675534867184439,0.3260168431105322,0.17653359775811414,0.9868718981742859,0.5678169988529959,0.32538310082364563,0.1766111026051305,0.9920869469642639,0.5595795973475456,0.32767921873739636,0.138785177559564,0.9922543168067932,0.5559098567718129,0.3267624780431503,0.13828028901751543,0.9928815364837646,0.5517806260735854,0.32595947662711505,0.1381116124230391,0.9951082468032837,0.5593345177757171,0.3240108309370107,0.26190804334960965,0.9931366443634033,0.5270938152199872,0.32159091528757,0.08993967966174424,0.9844411611557007,0.5564006458629276,0.34174967402622786,0.20304901358814822,0.9906120300292969,0.5506613504636553,0.34146597891142966,0.14988847946127298,0.988750159740448,0.5078246114137303,0.35893580053514074,0.34899406999974913,0.9998108148574829,0.48280145752402304,0.34414419490140724,0.0019094612631764592,0.9993216395378113,0.5352369517018482,0.4126615188060674,0.4177468497835823,0.3355812132358551,0.5248721603885966,0.39984591023905397,0.0,0.28289416432380676,0.5360403798676885,0.4089124438923844,0.39064277665980596,0.29147055745124817,0.5571056273711603,0.40322557793352815,0.0304118314614664,0.348947674036026,0.5283726612171107,0.40535837641129235,0.3980908301639401,0.29681625962257385,0.559421991760082,0.4033019388472294,0.00486411535048685,0.36103323101997375,0.5304108805311879,0.4002536010075293,0.3732431964093443,0.29826104640960693,0.5645400390619457,0.3985729498879903,0.012296834856376036,0.36280059814453125,0.5350098630765115,0.3980206957647027,0.38118676590301326,0.27312731742858887,0.5582896321664617,0.39779698751467474,0.03354308000463995,0.333062082529068,0.45001617011490513,0.5086338641621307,0.12234955246284603,0.9993979930877686,0.42774254486555374,0.5045363701584746,0.0,0.9992713928222656,0.5293924808502212,0.7095415592193621,0.0,0.6,0.41503557562828175,0.6926798820495623,0.11592350155115158,0.6,0.7495756149292012,0.7170348167419452,0.4576755464077008,0.6,0.48021495342254766,0.8050605058670065,0.6623431444168109,0.6,0.6001060605049149,0.8208954930305503,0.6436256170272844,0.6,0.41451653838157765,0.44357728958129994,0.0,0.6,0.7172387242317219,0.7466115355491658,0.31247428059578025,0.6,0.44585791230201843,0.879920303821566,0.590441524982454,0.6,high,high,high,high,high,high,high,high,high,high,high,high,high,low,low,low,low,low,low,low,low,low,low,high,high,medium,medium,medium,medium,medium,medium,medium,medium
329,10.966666666666667,0.5520414690593476,0.35083790050520025,0.19463329803902008,0.9946214556694031,0.5505362982516537,0.34123834043671847,0.21151845082467036,0.9885910749435425,0.5508989356892384,0.3405224456514799,0.21105615300124264,0.9874187111854553,0.5505500221863786,0.3399162023634353,0.21114211948914186,0.9924517869949341,0.5459785642045931,0.34189586456005483,0.1670960178359966,0.99270099401474,0.5427157984469057,0.3413413272593136,0.1665840999577156,0.993239164352417,0.5391907662083789,0.3405582531070941,0.16642461409727224,0.9953675270080566,0.5381673516093448,0.3369640127901162,0.29075538083945757,0.9934907555580139,0.5144752206363337,0.33617505896619515,0.09040759709644178,0.9854042530059814,0.5428890259393737,0.3547779450883408,0.2367399791602946,0.9892539978027344,0.5390440143627456,0.3551489648980148,0.1752771692901924,0.9879601001739502,0.47927802870601605,0.36817935331440294,0.3926041604199898,0.9997718930244446,0.4898788415607608,0.35837861610737254,0.0,0.9993537068367004,0.5141124058436695,0.4108542187230581,0.5127173731568129,0.3032335638999939,0.5740548442432668,0.3998616401687935,0.0,0.2870025336742401,0.5526575379438348,0.4166410329180731,0.5197826157256732,0.2650570571422577,0.6080293169805235,0.3959729070568984,0.03284346942718226,0.3614325523376465,0.5554987706921333,0.41866719549074705,0.538407456279584,0.27161261439323425,0.6135347217390881,0.3943132013429861,0.0061112409935166305,0.37331801652908325,0.5566655677376386,0.4142713855196557,0.5037161033678736,0.2729198634624481,0.6143321969431336,0.3902235456974644,0.01631593756759789,0.37342286109924316,0.5579785100229985,0.41176699779250514,0.506210587554046,0.2502802610397339,0.6065423499732044,0.3906911179458077,0.036953639204338334,0.3368159234523773,0.43787356287171625,0.5217862644673519,0.1468635644841865,0.9994452595710754,0.4379524722660627,0.5199197611330842,0.0,0.999334990978241,0.5293924808502212,0.7095415592193621,0.0,0.6,0.41503557562828175,0.6926798820495623,0.11592350155115158,0.6,0.7495756149292012,0.7170348167419452,0.4576755464077008,0.6,0.48021495342254766,0.8050605058670065,0.6623431444168109,0.6,0.6001060605049149,0.8208954930305503,0.6436256170272844,0.6,0.41451653838157765,0.44357728958129994,0.0,0.6,0.7172387242317219,0.7466115355491658,0.31247428059578025,0.6,0.44585791230201843,0.879920303821566,0.590441524982454,0.6,high,high,high,high,high,high,high,high,high,high,high,high,high,low,low,low,low,low,low,low,low,low,low,high,high,medium,medium,medium,medium,medium,medium,medium,medium
330,11.0,0.5389816405334131,0.35526496873591146,0.17364431679735146,0.9948971271514893,0.5373433008616357,0.34642922669857623,0.19188068253107615,0.9893699288368225,0.5366109729091063,0.3457352018161819,0.19134908826861124,0.9881595969200134,0.5359308343111511,0.3453428190904907,0.1914288573453343,0.9929174780845642,0.5336018609000267,0.346576332698614,0.14130255109294074,0.9932475090026855,0.5303760364061205,0.3464982719410281,0.14077752314525369,0.9937359094619751,0.5269604289170482,0.34581729700237535,0.14059821257502367,0.9957173466682434,0.5189013690937384,0.3418929911021039,0.2752589645919274,0.9939280152320862,0.5020096520166033,0.34258903288619036,0.04670445489022019,0.9865835309028625,0.5301764688013887,0.35965562283576047,0.21787794434904054,0.9893544912338257,0.5273577481994554,0.36038544878259504,0.14815043655413057,0.9883987307548523,0.45960911344259336,0.3747644286889306,0.39961848152684276,0.9997403025627136,0.48869274879669106,0.3719639612105631,0.0,0.9993964433670044,0.508222944044568,0.41127046657886923,0.5621548453237364,0.27621105313301086,0.604067064943293,0.4032442542639656,0.0,0.3483180105686188,0.5637821837182938,0.41274958737802503,0.5996903544009652,0.24468810856342316,0.6504463648601586,0.3897214190804329,0.0,0.41775640845298767,0.5704774511999754,0.4163022024648184,0.6280617176838419,0.25269219279289246,0.6621806324917693,0.38549577613254904,0.0,0.42636728286743164,0.5701156569805471,0.4122265457134436,0.5878411205376934,0.25386539101600647,0.6594234595209865,0.38116026133090564,0.0,0.4254082143306732,0.5714397051117652,0.4098781741165626,0.5846324479315959,0.23349489271640778,0.6498846658320989,0.38227828176983125,0.0,0.385732501745224,0.4318953776831961,0.5357068994523221,0.16418199453042703,0.999488890171051,0.4430141166234639,0.5371845664677934,0.0,0.999393105506897,0.5293924808502212,0.7095415592193621,0.0,0.6,0.41503557562828175,0.6926798820495623,0.11592350155115158,0.6,0.7495756149292012,0.7170348167419452,0.4576755464077008,0.6,0.48021495342254766,0.8050605058670065,0.6623431444168109,0.6,0.6001060605049149,0.8208954930305503,0.6436256170272844,0.6,0.41451653838157765,0.44357728958129994,0.0,0.6,0.7172387242317219,0.7466115355491658,0.31247428059578025,0.6,0.44585791230201843,0.879920303821566,0.590441524982454,0.6,high,high,high,high,high,high,high,high,high,high,high,high,high,low,low,low,low,low,low,low,low,low,low,high,high,medium,medium,medium,medium,medium,medium,medium,medium
332,11.066666666666666,0.5339048453422152,0.35130502641340056,0.06328695090292236,0.9952080249786377,0.5319102616299018,0.342475003295846,0.0864085845110858,0.9902625679969788,0.5308399442192572,0.3418457595618464,0.08579795715987429,0.9891129732131958,0.5300768755532659,0.34160598528968794,0.08588477389969494,0.9934895038604736,0.5277085800270949,0.3419413938944721,0.03069264148220882,0.9937825202941895,0.5240805995214249,0.34153570675905576,0.030141295148776226,0.9942216873168945,0.5201894970901654,0.3408999966157909,0.029924890430240464,0.9960393905639648,0.5101407539872315,0.33952455705418266,0.1961942272551693,0.9943411350250244,0.49350544087814696,0.3395604069555287,0.0,0.987386167049408,0.5245882136560556,0.35766138035656503,0.11746900402539223,0.9892913103103638,0.522310175401071,0.35810110903842285,0.04072805126751233,0.9881195425987244,0.4560219536433421,0.3783054180912214,0.355493771949988,0.9996441006660461,0.4795636645147029,0.3806852146740014,0.0,0.9993206262588501,0.5153474175568796,0.4137825087094929,0.5157651796997789,0.2503165304660797,0.6105163858070256,0.4097298170442081,0.0,0.3602712154388428,0.5740143797058619,0.4103965693281536,0.5080787180499611,0.22639428079128265,0.6755803979082281,0.38608297629234223,0.0,0.4222104549407959,0.5846935873959741,0.4135602807804154,0.5293008843089505,0.2386380285024643,0.6940926735078834,0.38011280681703574,0.0,0.43408599495887756,0.5858357150654708,0.40819143193029406,0.4852561194510462,0.24014388024806976,0.6893681633027857,0.3744675186408437,0.0,0.4316917359828949,0.5840295611561611,0.40806555324223315,0.48999629129757827,0.2210327833890915,0.6791260621069768,0.37641723158754214,0.0,0.38774165511131287,0.43720549011564036,0.5475929122426864,0.17481502953109254,0.9995073080062866,0.4439206014285288,0.5521806750125278,0.0,0.9994117617607117,0.5293924808502212,0.7095415592193621,0.0,0.6,0.41503557562828175,0.6926798820495623,0.11592350155115158,0.6,0.7495756149292012,0.7170348167419452,0.4576755464077008,0.6,0.48021495342254766,0.8050605058670065,0.6623431444168109,0.6,0.6001060605049149,0.8208954930305503,0.6436256170272844,0.6,0.41451653838157765,0.44357728958129994,0.0,0.6,0.7172387242317219,0.7466115355491658,0.31247428059578025,0.6,0.44585791230201843,0.879920303821566,0.590441524982454,0.6,high,high,high,high,high,high,high,high,high,high,high,high,high,low,low,low,low,low,low,low,low,low,low,high,high,medium,medium,medium,medium,medium,medium,medium,medium
333,11.1,0.5335391930766886,0.33490801406351367,0.0,0.9947341680526733,0.5317681410929553,0.3251763777438308,0.0,0.9903951287269592,0.5313744378256645,0.32471422152919455,0.0,0.9891664981842041,0.5311461816300893,0.32462971541153607,0.0,0.9936152696609497,0.5253569984630563,0.32480134969546887,0.0,0.9937505125999451,0.5204615163636388,0.32433058498622735,0.0,0.9941567778587341,0.515244635877077,0.3238194655705174,0.0,0.9960008263587952,0.5092441984267793,0.3258104487593644,0.09640814120813987,0.9943470358848572,0.4869528614279842,0.3250707057250416,0.0,0.9866541028022766,0.5236812931396481,0.3445332756826103,0.0,0.9884573817253113,0.5199505203253754,0.34447059959242765,0.0,0.9868890047073364,0.4681523529104988,0.377267247799672,0.28182235026693087,0.9996128678321838,0.462624226069396,0.3827281968715873,0.0,0.9992219805717468,0.5392694988034002,0.41634222726166226,0.4323823401804305,0.22674427926540375,0.5981905475640924,0.4179685604183279,0.0,0.36858171224594116,0.5880179171795628,0.40810634873130214,0.36352960930785616,0.21005135774612427,0.6800552630202217,0.38651540083485153,0.0,0.4320131838321686,0.5990180885875158,0.4101195716079865,0.372220306782626,0.22562697529792786,0.706595084189259,0.3804308553258866,0.0,0.4475691616535187,0.6017569999594804,0.40200336260117675,0.3255823283501864,0.2274203598499298,0.7004928105360997,0.37213091409845606,0.0,0.4439255893230438,0.5963511369723,0.40234831725800896,0.3428700663635651,0.20952960848808289,0.6897259872832239,0.3745290618954292,0.0,0.3927032947540283,0.4541443664849789,0.5544922846458468,0.1736276061176425,0.9995309114456177,0.44025380100125866,0.561553072818233,0.0,0.9994356036186218,0.5293924808502212,0.7095415592193621,0.0,0.6,0.41503557562828175,0.6926798820495623,0.11592350155115158,0.6,0.7495756149292012,0.7170348167419452,0.4576755464077008,0.6,0.48021495342254766,0.8050605058670065,0.6623431444168109,0.6,0.6001060605049149,0.8208954930305503,0.6436256170272844,0.6,0.41451653838157765,0.44357728958129994,0.0,0.6,0.7172387242317219,0.7466115355491658,0.31247428059578025,0.6,0.44585791230201843,0.879920303821566,0.590441524982454,0.6,high,high,high,high,high,high,high,high,high,high,high,high,high,low,low,low,low,low,low,low,low,low,low,high,high,medium,medium,medium,medium,medium,medium,medium,medium
334,11.133333333333333,0.5370437639020832,0.3154844504136314,0.0,0.9938379526138306,0.5358194593505162,0.3048247642867223,0.0,0.9899104833602905,0.5371813365629518,0.30466737641599156,0.0,0.9883324503898621,0.5384769813442023,0.30491268745947075,0.0,0.9932226538658142,0.5245931111710347,0.3040073762684721,0.0,0.9934729337692261,0.5180135982019932,0.30353428857587794,0.0,0.9938713908195496,0.5111252174371897,0.3031477840630333,0.0,0.9958593249320984,0.5189203940905072,0.3087971181997339,0.005532583556114107,0.9934739470481873,0.4822643555544486,0.3071334200861301,0.0,0.985093891620636,0.5284380614062859,0.3286357262195694,0.0,0.9860224723815918,0.5207524603202363,0.32795704418406985,0.0,0.9847288131713867,0.489270052501373,0.37344721640462464,0.22711493019318585,0.9995203018188477,0.4429673442751667,0.37850250911601596,0.0,0.9991031289100647,0.5653088523513524,0.42066048929741445,0.3493738698540807,0.20624789595603943,0.5703706152928196,0.4285941730429254,0.0,0.3658057451248169,0.6049376246812477,0.40644722225227103,0.18168235653555526,0.19316604733467102,0.6761292369215657,0.39272024887147305,0.0,0.4234762191772461,0.6152790468055902,0.40871644402161733,0.17175153179836694,0.21024861931800842,0.7103102889372215,0.3879765511809539,0.0,0.4421975910663605,0.6181390191013735,0.39850097804358614,0.1217138422327445,0.2123020589351654,0.70365717027571,0.3771824685982623,0.0,0.43805843591690063,0.6110640226544216,0.39906345172362,0.15691263018510326,0.19581006467342377,0.6930320294864825,0.37916369607676537,0.0,0.38404297828674316,0.4723750172934067,0.558252095481456,0.1768612557357846,0.9995461702346802,0.43217171058232523,0.5668345514710982,0.0,0.9994528889656067,0.5293924808502212,0.7095415592193621,0.0,0.6,0.41503557562828175,0.6926798820495623,0.11592350155115158,0.6,0.7495756149292012,0.7170348167419452,0.4576755464077008,0.6,0.48021495342254766,0.8050605058670065,0.6623431444168109,0.6,0.6001060605049149,0.8208954930305503,0.6436256170272844,0.6,0.41451653838157765,0.44357728958129994,0.0,0.6,0.7172387242317219,0.7466115355491658,0.31247428059578025,0.6,0.44585791230201843,0.879920303821566,0.590441524982454,0.6,high,high,high,high,high,high,high,high,high,high,high,high,high,low,low,low,low,low,low,low,low,low,low,high,high,medium,medium,medium,medium,medium,medium,medium,medium
335,11.166666666666666,0.5355153376266965,0.3024240478630118,0.0,0.9942874312400818,0.5327831211484687,0.290752473341558,0.0,0.990723729133606,0.5353434406099356,0.29058575393992503,0.0,0.9892556071281433,0.5376666665494039,0.29084404295696875,0.0,0.9937343001365662,0.5173638750623171,0.2902273285639044,0.0,0.9940286874771118,0.5094174032722611,0.28993473290563543,0.0,0.9944074153900146,0.5013071312493114,0.28983382585443335,0.0,0.9962234497070312,0.5172947213088451,0.29590012247745884,0.0,0.993896484375,0.47216390431066346,0.29559570238306887,0.0,0.9863927364349365,0.5279387010561016,0.31768605272808914,0.0,0.9870060086250305,0.5172052099988191,0.317445703528145,0.0,0.9859768152236938,0.49564017525641924,0.36672279780561373,0.1950809627007221,0.9995120763778687,0.4241771164473965,0.37809625879312275,0.0,0.9991629719734192,0.5859554189763162,0.4219322196948234,0.26480247137638313,0.18666931986808777,0.5464698118624446,0.44482191952514316,0.0,0.4207732081413269,0.6323427253669809,0.40647084062749794,0.0,0.17834331095218658,0.6792602719682654,0.4025087757405156,0.0,0.47645923495292664,0.6478902093180426,0.4077154089520872,0.0,0.1982196420431137,0.7218527916150235,0.3954430120391456,0.0,0.4912576675415039,0.6506383738595585,0.39673528401723934,0.0,0.2006077766418457,0.7140543221871632,0.38262301815417643,0.0,0.4869658648967743,0.6399903195999179,0.3981452769054966,0.0,0.1845194548368454,0.7031749596684704,0.3849912660938887,0.0,0.43059423565864563,0.48805470677800517,0.5573628478116938,0.17512407871115226,0.9995768666267395,0.4280081652539049,0.5684860514038386,0.0,0.9994968771934509,0.5293924808502212,0.7095415592193621,0.0,0.6,0.41503557562828175,0.6926798820495623,0.11592350155115158,0.6,0.7495756149292012,0.7170348167419452,0.4576755464077008,0.6,0.48021495342254766,0.8050605058670065,0.6623431444168109,0.6,0.6001060605049149,0.8208954930305503,0.6436256170272844,0.6,0.41451653838157765,0.44357728958129994,0.0,0.6,0.7172387242317219,0.7466115355491658,0.31247428059578025,0.6,0.44585791230201843,0.879920303821566,0.590441524982454,0.6,high,high,high,high,high,high,high,high,high,high,high,high,high,low,low,low,low,low,low,low,low,low,low,high,high,medium,medium,medium,medium,medium,medium,medium,medium
336,11.2,0.5348707880729299,0.29346610685606456,0.0,0.9947192072868347,0.5286550224522069,0.2806311049661444,0.0,0.9914630055427551,0.5318822245914634,0.28033171104384547,0.0,0.9900907278060913,0.5348641789737574,0.28048435791389165,0.0,0.9941908121109009,0.5104708250585983,0.28066987466145304,0.0,0.9945343732833862,0.5015885346419341,0.2806390176564115,0.0,0.99489426612854,0.49271963040034106,0.2809071023981062,0.0,0.9965516328811646,0.5134824415742669,0.2858441572089303,0.0,0.9942630529403687,0.46267265803886304,0.2877021714662902,0.0,0.9875971674919128,0.5275997311085268,0.3100282380353051,0.0,0.9879728555679321,0.5144180253252296,0.3104565328373506,0.0,0.9871587753295898,0.5047171451411894,0.35994636644294586,0.14946009722345122,0.9995002150535583,0.4078724380834408,0.3769876848567626,0.0,0.9992033243179321,0.6044798933820585,0.4195898219005222,0.1907802346902785,0.17108263075351715,0.5154263205600521,0.4576849049621541,0.0,0.4702322781085968,0.6642434897122701,0.40392751293582624,0.0,0.16994021832942963,0.6724936926003676,0.4158181080590328,0.0,0.5242583155632019,0.6863164441846763,0.4034551195192459,0.0,0.19572299718856812,0.7210236675255801,0.4080008335046846,0.0,0.5351197719573975,0.689358699571838,0.3925738622258603,0.0,0.19917668402194977,0.7133077213536352,0.39381081442455135,0.0,0.5307295322418213,0.6750895927002398,0.3949658766493107,0.0,0.18181627988815308,0.7014020716115885,0.39611526170532846,0.0,0.4709133803844452,0.5018858218387582,0.5542392855757615,0.17016287323408794,0.999602198600769,0.4232606687745859,0.567606187228002,0.0,0.9995328783988953,0.5293924808502212,0.7095415592193621,0.0,0.6,0.41503557562828175,0.6926798820495623,0.11592350155115158,0.6,0.7495756149292012,0.7170348167419452,0.4576755464077008,0.6,0.48021495342254766,0.8050605058670065,0.6623431444168109,0.6,0.6001060605049149,0.8208954930305503,0.6436256170272844,0.6,0.41451653838157765,0.44357728958129994,0.0,0.6,0.7172387242317219,0.7466115355491658,0.31247428059578025,0.6,0.44585791230201843,0.879920303821566,0.590441524982454,0.6,high,high,high,high,high,high,high,high,high,high,high,high,high,low,low,low,medium,low,medium,low,medium,low,low,high,high,medium,medium,medium,medium,medium,medium,medium,medium
337,11.233333333333333,0.5301343313047117,0.2884949484627294,0.0,0.9951838254928589,0.5201792621112384,0.27436197540421103,0.0,0.9922254681587219,0.5235361051170434,0.2737689080077181,0.0,0.9909675121307373,0.5267114581622736,0.27366092335649933,0.0,0.9947007298469543,0.5007049850511676,0.27527135277127956,0.0,0.995036780834198,0.4915299801142912,0.27552197988216764,0.0,0.9953684210777283,0.4824720846884191,0.27612742865002315,0.0,0.9968711733818054,0.5047198846623627,0.27819707288053,0.0,0.9947552680969238,0.4528644058532104,0.2829525140059863,0.0,0.9887561202049255,0.5235991598842874,0.3050280070943996,0.0,0.9890521764755249,0.5086665500849846,0.3064519586540888,0.0,0.9883476495742798,0.5066034759119131,0.3505605746121405,0.08172303799426939,0.999519407749176,0.395660206918673,0.3734447421171736,0.0,0.9992267489433289,0.6161621047622413,0.41181918277051455,0.10648136106612828,0.16412301361560822,0.47762906641671277,0.4642604479700826,0.0,0.5072429180145264,0.6956608784504443,0.3989690741597922,0.0,0.17860352993011475,0.6519713123222626,0.43087887569463174,0.0,0.5593398213386536,0.72566701885148,0.3960916286026136,0.0,0.21240496635437012,0.704456787704034,0.4243568765533565,0.0,0.5656749606132507,0.7292573632616004,0.38719284048169467,0.0,0.21848461031913757,0.698555546068091,0.40916927593015673,0.0,0.561056911945343,0.7120458461465832,0.3902286800332291,0.0,0.19924712181091309,0.6857163679627568,0.4117271961309982,0.0,0.4940849840641022,0.5080256275919504,0.5443248436167538,0.1583770678350424,0.9996310472488403,0.419029807433105,0.5591206747890922,0.0,0.9995661973953247,0.5293924808502212,0.7095415592193621,0.0,0.6,0.41503557562828175,0.6926798820495623,0.11592350155115158,0.6,0.7495756149292012,0.7170348167419452,0.4576755464077008,0.6,0.48021495342254766,0.8050605058670065,0.6623431444168109,0.6,0.6001060605049149,0.8208954930305503,0.6436256170272844,0.6,0.41451653838157765,0.44357728958129994,0.0,0.6,0.7172387242317219,0.7466115355491658,0.31247428059578025,0.6,0.44585791230201843,0.879920303821566,0.590441524982454,0.6,high,high,high,high,high,high,high,high,high,high,high,high,high,low,medium,low,medium,low,medium,low,medium,low,low,high,high,medium,medium,medium,medium,medium,medium,medium,medium
338,11.266666666666667,0.5164182966961464,0.2846184302737948,0.0,0.9956580996513367,0.505408093298511,0.2691134146321355,0.0,0.9929925799369812,0.5097722890493767,0.26832395479395743,0.0,0.9918571710586548,0.5136877093420731,0.2677366707152705,0.0,0.9952216148376465,0.4830947892093449,0.2706574288420473,0.0,0.9955282807350159,0.4730871714356353,0.27112819271765737,0.0,0.9958274364471436,0.46341715110487713,0.2719138684250543,0.0,0.9971811175346375,0.4949886105555212,0.27182305317658717,0.0,0.995266854763031,0.4362497773620644,0.2789948747986132,0.0,0.9898704886436462,0.5139391065199628,0.2997035353611685,0.0,0.9901270866394043,0.4950088156964686,0.30224964849320957,0.0,0.9894993901252747,0.5146141703173289,0.3437779375584262,0.010143327893632863,0.9995527267456055,0.3789892250841324,0.3690897595215521,0.0,0.9992843270301819,0.6330281436304407,0.4045673066224818,0.0031858508568474164,0.16507312655448914,0.4422092450943316,0.468393419033443,0.0,0.5501976013183594,0.7316740812399467,0.39575889595460884,0.0,0.21133333444595337,0.6193466257382123,0.44311147990760386,0.0,0.5997849702835083,0.7693888065698284,0.3930915954646541,0.0,0.2530268430709839,0.6735290163880479,0.4395522468295698,0.0,0.6033862233161926,0.7729794078773573,0.3848231641145863,0.0,0.262133926153183,0.6684769411464966,0.4233309392467812,0.0,0.5990709066390991,0.7525390829795466,0.3879625932736841,0.0,0.23935428261756897,0.6564146521347125,0.4254631090970039,0.0,0.5317243337631226,0.5178914400108503,0.5383319518505012,0.1505104858701779,0.9996464848518372,0.41890684958104596,0.5541314741114651,0.0,0.9995866417884827,0.5293924808502212,0.7095415592193621,0.0,0.6,0.41503557562828175,0.6926798820495623,0.11592350155115158,0.6,0.7495756149292012,0.7170348167419452,0.4576755464077008,0.6,0.48021495342254766,0.8050605058670065,0.6623431444168109,0.6,0.6001060605049149,0.8208954930305503,0.6436256170272844,0.6,0.41451653838157765,0.44357728958129994,0.0,0.6,0.7172387242317219,0.7466115355491658,0.31247428059578025,0.6,0.44585791230201843,0.879920303821566,0.590441524982454,0.6,high,high,high,high,high,high,high,high,high,high,high,high,high,low,medium,low,medium,low,medium,low,medium,low,medium,high,high,medium,medium,medium,medium,medium,medium,medium,medium
339,11.3,0.5003493910347123,0.2809378317186056,0.0,0.9960247278213501,0.4892882422689526,0.26467520394525396,0.0,0.9935278296470642,0.49410149135511927,0.2636830613607578,0.0,0.9924834370613098,0.4983106653590315,0.2627324793305437,0.0,0.9955807328224182,0.46570809209819286,0.2668122292815395,0.0,0.9958951473236084,0.455278286497633,0.2674594113043145,0.0,0.9961807131767273,0.44538659552038523,0.26832381307662023,0.0,0.997417688369751,0.4831079309220093,0.26628166173165846,0.0,0.9956053495407104,0.42020261530831804,0.2753264398285844,0.0,0.9907407164573669,0.5014037574643591,0.29480218199583275,0.0,0.9910153150558472,0.47915779404984893,0.29819695314605277,0.0,0.9904767870903015,0.5182965733371429,0.335894135467379,0.0,0.9995900988578796,0.3649691150182898,0.3642218039308126,0.0,0.9993405938148499,0.6481806027305728,0.3937693627286357,0.0,0.18813902139663696,0.412330980414834,0.46836445430219986,0.0,0.5828954577445984,0.7801175034129557,0.3878984939663015,0.0,0.25560563802719116,0.5842523184411746,0.4505157190047234,0.0,0.6294713616371155,0.8252597716582705,0.3834814580726189,0.0,0.2962688207626343,0.6368796257844911,0.4497207031522331,0.0,0.6290128231048584,0.8295822139386553,0.37522306399189886,0.0,0.3079473674297333,0.6345277723871483,0.43322318938228743,0.0,0.6249905228614807,0.8069044837862761,0.38047399192979114,0.0,0.2832856774330139,0.6214022821896577,0.4345104888880459,0.0,0.5528185367584229,0.5249044524900854,0.5320415845561987,0.13583870990785846,0.9996649622917175,0.42110322509612347,0.5489778522844929,0.0,0.9996105432510376,0.5293924808502212,0.7095415592193621,0.0,0.6,0.41503557562828175,0.6926798820495623,0.11592350155115158,0.6,0.7495756149292012,0.7170348167419452,0.4576755464077008,0.6,0.48021495342254766,0.8050605058670065,0.6623431444168109,0.6,0.6001060605049149,0.8208954930305503,0.6436256170272844,0.6,0.41451653838157765,0.44357728958129994,0.0,0.6,0.7172387242317219,0.7466115355491658,0.31247428059578025,0.6,0.44585791230201843,0.879920303821566,0.590441524982454,0.6,high,high,high,high,high,high,high,high,high,high,high,high,high,low,medium,low,medium,low,medium,low,medium,low,medium,high,high,medium,medium,medium,medium,medium,medium,medium,medium
340,11.333333333333334,0.48035581670441124,0.2803778013427226,0.0,0.9963974356651306,0.47225401229236075,0.26467543638947477,0.0,0.994113564491272,0.4775000519546886,0.26369536152252854,0.0,0.9931720495223999,0.4820909908601467,0.2628654369385377,0.0,0.9959818720817566,0.44833127372748494,0.26701070767738394,0.0,0.9962706565856934,0.4380557378688904,0.2677751869171657,0.0,0.9965311288833618,0.4283977733069656,0.2685605630035452,0.0,0.997650146484375,0.4712559921202417,0.26702239588424115,0.0,0.9959936738014221,0.4054538834761917,0.27603123967464227,0.0,0.9915671944618225,0.48579662440818083,0.29367335637410563,0.0,0.9918645024299622,0.46075851537964685,0.2974867719314601,0.0,0.9913853406906128,0.5222367810341598,0.3335773052174459,0.0,0.9996286630630493,0.35343327784871814,0.36107583340509325,0.0,0.9993906617164612,0.661234915256502,0.3837593184623417,0.0,0.2332543581724167,0.3879421852129611,0.4644687898231287,0.0,0.6044032573699951,0.7889245266403094,0.3826279981986636,0.0,0.3040647506713867,0.5418036945494197,0.45530407064722533,0.0,0.6272466778755188,0.8283788823025509,0.37869492756736967,0.0,0.3381600081920624,0.5928670310335019,0.456976280206846,0.0,0.6156208515167236,0.8293186189967179,0.3687733504183096,0.0,0.3522634506225586,0.5917081763416474,0.44012873767417193,0.0,0.6128116250038147,0.8103849968432291,0.37476983853987145,0.0,0.32606735825538635,0.5790742316168243,0.4409084661857243,0.0,0.5321403741836548,0.5294208928143798,0.5278585800479911,0.10639726104201791,0.999684751033783,0.422468964731222,0.5450626078185516,0.0,0.9996305108070374,0.5293924808502212,0.7095415592193621,0.0,0.6,0.41503557562828175,0.6926798820495623,0.11592350155115158,0.6,0.7495756149292012,0.7170348167419452,0.4576755464077008,0.6,0.48021495342254766,0.8050605058670065,0.6623431444168109,0.6,0.6001060605049149,0.8208954930305503,0.6436256170272844,0.6,0.41451653838157765,0.44357728958129994,0.0,0.6,0.7172387242317219,0.7466115355491658,0.31247428059578025,0.6,0.44585791230201843,0.879920303821566,0.590441524982454,0.6,high,high,high,high,high,high,high,high,high,high,high,high,high,low,medium,low,medium,low,medium,low,medium,low,medium,high,high,medium,medium,medium,medium,medium,medium,medium,medium
341,11.366666666666667,0.46233127757663894,0.2779538105556744,0.0,0.9967541694641113,0.45689436313989396,0.26252054355361315,0.0,0.9946932792663574,0.461887798387133,0.26141832369468776,0.0,0.9938448071479797,0.4663949592824873,0.26044653324814176,0.0,0.9963764548301697,0.4345015140124423,0.26523919490389686,0.0,0.9966381192207336,0.42461622726945164,0.2660375780020012,0.0,0.9968727231025696,0.4152623938791691,0.266760591513072,0.0,0.9978803396224976,0.45922541375204795,0.2647244494000244,0.0,0.9963850378990173,0.3938297764821497,0.2739730007720723,0.0,0.9923879504203796,0.4706329801977388,0.29051618295393977,0.0,0.9926647543907166,0.4446748763948066,0.2944295400089325,0.0,0.9922341108322144,0.5233984247787863,0.3286816663258568,0.0,0.9996642470359802,0.34300796739705053,0.3582466661513278,0.0,0.99944007396698,0.668692681339239,0.3701855266566609,0.0,0.28687214851379395,0.3626009591948468,0.4588329513450893,0.0,0.6100136637687683,0.8021017796509771,0.37459527140175086,0.0,0.35019800066947937,0.49286726464480646,0.4603507811234004,0.0,0.6057019233703613,0.8391100800398648,0.3706934445109966,0.0,0.3787066638469696,0.5351998155072588,0.4636063620899675,0.0,0.5889115333557129,0.836183050295692,0.3595735821829541,0.0,0.3946187496185303,0.5379413078020239,0.4461818914730244,0.0,0.5877204537391663,0.8195880755677944,0.3657479844726892,0.0,0.3667331337928772,0.5277123459569237,0.4463932045967718,0.0,0.5050486922264099,0.5306501812312445,0.5231920659958913,0.07577444663507957,0.9997076988220215,0.4214317936163693,0.5404098270100606,0.0,0.9996553063392639,0.5293924808502212,0.7095415592193621,0.0,0.6,0.41503557562828175,0.6926798820495623,0.11592350155115158,0.6,0.7495756149292012,0.7170348167419452,0.4576755464077008,0.6,0.48021495342254766,0.8050605058670065,0.6623431444168109,0.6,0.6001060605049149,0.8208954930305503,0.6436256170272844,0.6,0.41451653838157765,0.44357728958129994,0.0,0.6,0.7172387242317219,0.7466115355491658,0.31247428059578025,0.6,0.44585791230201843,0.879920303821566,0.590441524982454,0.6,high,high,high,high,high,high,high,high,high,high,high,high,high,low,medium,low,medium,low,medium,low,medium,low,medium,high,high,medium,medium,medium,medium,medium,medium,medium,medium
342,11.4,0.4478416219180015,0.2753030067279352,0.0,0.9970631003379822,0.4448110187526083,0.26011877203043315,0.0,0.9951831698417664,0.44990029416995847,0.2589989598397615,0.0,0.994418203830719,0.4545563876212072,0.2580100539680968,0.0,0.9967083930969238,0.4233550520348949,0.2628969890532245,0.0,0.9969461560249329,0.41350463261971215,0.263651700981292,0.0,0.9971595406532288,0.40406288355936365,0.2642319271197693,0.0,0.998066782951355,0.45021741811212246,0.26271788438994914,0.0,0.9967162609100342,0.38390577367413675,0.2717594401541853,0.0,0.9930418729782104,0.45733816223544793,0.28753177880685166,0.0,0.9933499097824097,0.4307907672473057,0.291304660774334,0.0,0.99295574426651,0.5245500336160207,0.3260176816742468,0.0,0.9996949434280396,0.33407924565679914,0.35773290252630063,0.0,0.9994621872901917,0.6736557690691576,0.36757966952446275,0.0,0.3353792428970337,0.3401300115879886,0.4576180200059943,0.0,0.5891926884651184,0.7833129599655724,0.3760418317395778,0.0,0.39665478467941284,0.4555490298287864,0.4631166004495477,0.0,0.5700429677963257,0.8121605744728697,0.3745807854584613,0.0,0.4203135371208191,0.4939085379208175,0.4678341967937286,0.0,0.5539312362670898,0.8082879351708182,0.3599954257895073,0.0,0.43742814660072327,0.49894514144995405,0.44957999714882624,0.0,0.5537547469139099,0.7936891399341328,0.36606638546868175,0.0,0.4085809886455536,0.4894137318595597,0.44927339238442576,0.0,0.47321686148643494,0.5330088374775899,0.5202305289137349,0.04876067624199445,0.999733030796051,0.42011566505287745,0.5375387368502331,0.0,0.9996821284294128,0.5293924808502212,0.7095415592193621,0.0,0.6,0.41503557562828175,0.6926798820495623,0.11592350155115158,0.6,0.7495756149292012,0.7170348167419452,0.4576755464077008,0.6,0.48021495342254766,0.8050605058670065,0.6623431444168109,0.6,0.6001060605049149,0.8208954930305503,0.6436256170272844,0.6,0.41451653838157765,0.44357728958129994,0.0,0.6,0.7172387242317219,0.7466115355491658,0.31247428059578025,0.6,0.44585791230201843,0.879920303821566,0.590441524982454,0.6,high,high,high,high,high,high,high,high,high,high,high,high,high,low,medium,low,medium,low,medium,low,medium,low,low,high,high,medium,medium,medium,medium,medium,medium,medium,medium
343,11.433333333333334,0.4332746138800564,0.2746951996863312,0.0,0.9973154664039612,0.43371231523982967,0.25972353661810665,0.0,0.9955655932426453,0.43905935268024304,0.2588498134574141,0.0,0.994864284992218,0.44396287425136904,0.2581225649599158,0.0,0.9969542622566223,0.412928721913092,0.26207180296902405,0.0,0.9971928000450134,0.40330550303826074,0.26276286616747824,0.0,0.9973928332328796,0.3939073816601779,0.26326356539915285,0.0,0.9982171058654785,0.4432605137497129,0.2635099969821661,0.0,0.9969743490219116,0.37619899140371404,0.2713324994474031,0.0,0.9936070442199707,0.444021947247722,0.2873944009378525,0.0,0.993926465511322,0.4173736741075994,0.2906142987293527,0.0,0.9935739636421204,0.526292515940323,0.327099436716045,0.0,0.9997199773788452,0.3274897782257951,0.35982602911117845,0.0,0.9994930028915405,0.68395004225222,0.36956153542567616,0.0,0.3653428852558136,0.3245674477312679,0.4599049024648612,0.0,0.5857211351394653,0.7621699101997165,0.38094372161618584,0.0,0.41655418276786804,0.42191527085704517,0.46513746029291525,0.0,0.5802372097969055,0.7822852273643177,0.3818110959791091,0.0,0.43875929713249207,0.45517056555181235,0.4696772990526865,0.0,0.566458523273468,0.7749659905344755,0.36522256063692593,0.0,0.45759689807891846,0.461273515418972,0.45123889146151364,0.0,0.5665131211280823,0.7623917489618708,0.3703512738356789,0.0,0.42635467648506165,0.45234749172673205,0.4507838576545816,0.0,0.4812867045402527,0.5362853687126334,0.5199161005186882,0.02145953683914201,0.9997560381889343,0.41910743914839943,0.5369738572405227,0.0,0.9997086524963379,0.5293924808502212,0.7095415592193621,0.0,0.6,0.41503557562828175,0.6926798820495623,0.11592350155115158,0.6,0.7495756149292012,0.7170348167419452,0.4576755464077008,0.6,0.48021495342254766,0.8050605058670065,0.6623431444168109,0.6,0.6001060605049149,0.8208954930305503,0.6436256170272844,0.6,0.41451653838157765,0.44357728958129994,0.0,0.6,0.7172387242317219,0.7466115355491658,0.31247428059578025,0.6,0.44585791230201843,0.879920303821566,0.590441524982454,0.6,high,high,high,high,high,high,high,high,high,high,high,high,high,low,medium,low,medium,low,medium,low,medium,low,low,high,high,medium,medium,medium,medium,medium,medium,medium,medium
344,11.466666666666667,0.4197128024690368,0.2769044075673562,0.0,0.9975451231002808,0.42391417979638446,0.2621568307315282,0.0,0.9959005117416382,0.43036394581928233,0.26147686545943394,0.0,0.9952605366706848,0.43634478799946774,0.2609460660905556,0.0,0.9971729516983032,0.4020116492445941,0.2641892850676901,0.0,0.9974033832550049,0.3927051182532376,0.2648477480683856,0.0,0.997593343257904,0.3835927366793582,0.26530292991435955,0.0,0.9983453750610352,0.44066431673812534,0.2667261996330366,0.0,0.9972049593925476,0.3697033196618239,0.27346836548029474,0.0,0.9940792918205261,0.43329577804445496,0.29004474279486014,0.0,0.9944496154785156,0.40595635104846395,0.2931272825161068,0.0,0.9941226243972778,0.5312324427502431,0.3310645055937609,0.0,0.9997419118881226,0.32114298151923315,0.3631248083703733,0.0,0.9995210766792297,0.6732989648977934,0.37848143317760663,0.0,0.39334335923194885,0.31461828023125876,0.4635875750949623,0.0,0.5527937412261963,0.7079946720377845,0.39562536425246053,0.0,0.4148317873477936,0.3961499446616594,0.4666904043623352,0.0,0.5463330149650574,0.7173629612911572,0.39802562467979763,0.0,0.4393015503883362,0.4221072137216877,0.4714319050867809,0.0,0.5404404997825623,0.705001883990283,0.37998318943110476,0.0,0.45765984058380127,0.42848167976577356,0.452999061568357,0.0,0.5401971936225891,0.6981953274814695,0.3852372371650252,0.0,0.42117074131965637,0.4224618967874356,0.4519142512674944,0.0,0.4573841989040375,0.537950868373152,0.5219223804962955,0.0,0.9997767210006714,0.41835468285011634,0.5375962811750146,0.003028036230884171,0.9997321963310242,0.5293924808502212,0.7095415592193621,0.0,0.6,0.41503557562828175,0.6926798820495623,0.11592350155115158,0.6,0.7495756149292012,0.7170348167419452,0.4576755464077008,0.6,0.48021495342254766,0.8050605058670065,0.6623431444168109,0.6,0.6001060605049149,0.8208954930305503,0.6436256170272844,0.6,0.41451653838157765,0.44357728958129994,0.0,0.6,0.7172387242317219,0.7466115355491658,0.31247428059578025,0.6,0.44585791230201843,0.879920303821566,0.590441524982454,0.6,high,high,high,high,high,high,high,high,high,high,high,high,high,low,medium,low,medium,low,medium,low,medium,low,low,high,high,medium,medium,medium,medium,medium,medium,medium,medium
345,11.5,0.4043342232148419,0.27247837790242513,0.0,0.9977349638938904,0.41346922676602277,0.25707929909646166,0.0,0.9960783123970032,0.4211539777564569,0.25649109441083695,0.0,0.9954715967178345,0.4282880289988096,0.2560266516842215,0.0,0.9972675442695618,0.3902750679385144,0.25889380376933685,0.0,0.9975457787513733,0.3816274954027795,0.25944617210012566,0.0,0.997735321521759,0.37319388561871325,0.25972223129027994,0.0,0.998439610004425,0.44004520850303963,0.2620037520404191,0.0,0.9972692131996155,0.36579397820926307,0.2680490583111919,0.0,0.9944179654121399,0.42205709524643836,0.28688207977301666,0.0,0.9948490262031555,0.39405980268558527,0.29003452150138187,0.0,0.9945796728134155,0.5429597748465208,0.3326856296657136,0.0,0.9997572302818298,0.31786384664493367,0.3645225837653065,0.0,0.9995532035827637,0.6592295986789107,0.3951083070192592,0.0,0.4045877754688263,0.3019217587573275,0.46840949290560246,0.0,0.5473556518554688,0.6354355246592807,0.4164155832815293,0.0,0.40823301672935486,0.3578689833343177,0.47199440794391356,0.0,0.5473598837852478,0.6286250878047293,0.42663992125115585,0.0,0.4335857629776001,0.3726058769059357,0.4764291730238298,0.0,0.5427144765853882,0.6146229698663563,0.40596583207726306,0.0,0.4528343379497528,0.37920814127355285,0.4583946208714895,0.0,0.5433585047721863,0.613930511863639,0.40619216036129774,0.0,0.4150501489639282,0.37904889377958667,0.45695398702766077,0.0,0.46099090576171875,0.5399065877729933,0.5355103796734413,0.0,0.9997933506965637,0.41175234873533917,0.5485853488906572,0.033380634888153536,0.9997533559799194,0.5293924808502212,0.7095415592193621,0.0,0.6,0.41503557562828175,0.6926798820495623,0.11592350155115158,0.6,0.7495756149292012,0.7170348167419452,0.4576755464077008,0.6,0.48021495342254766,0.8050605058670065,0.6623431444168109,0.6,0.6001060605049149,0.8208954930305503,0.6436256170272844,0.6,0.41451653838157765,0.44357728958129994,0.0,0.6,0.7172387242317219,0.7466115355491658,0.31247428059578025,0.6,0.44585791230201843,0.879920303821566,0.590441524982454,0.6,high,high,high,high,high,high,high,high,high,high,high,high,high,low,medium,low,medium,low,medium,low,medium,low,low,high,high,medium,medium,medium,medium,medium,medium,medium,medium
346,11.533333333333333,0.39118511867134265,0.2916324306062337,0.0,0.9977609515190125,0.39949801369702725,0.2775532123231117,0.0,0.9960446357727051,0.40668027752485136,0.27702795167069405,0.0,0.9954769015312195,0.41341892516974355,0.27655112930944825,0.0,0.9972708225250244,0.3785404853331747,0.2790322523989607,0.0,0.9974576234817505,0.37127844027150303,0.279370268394342,0.0,0.9976366758346558,0.3641980507851768,0.2794596834199419,0.0,0.9983319044113159,0.4266515638166941,0.2807889270198936,0.0,0.9973744750022888,0.35951468605539555,0.28606543841061965,0.0,0.99421226978302,0.40941066272331117,0.30460187091138335,0.0,0.9951537847518921,0.3845926853187722,0.3074388298399251,0.0,0.9948053956031799,0.5322867918820384,0.3429819235018092,0.0,0.9997713565826416,0.32096966031270235,0.37404079731805717,0.011179486580523071,0.9995347261428833,0.6355218016879003,0.4083159836855812,0.0,0.423554390668869,0.32062361415449636,0.47058183913464435,0.0,0.5104097723960876,0.5906831426915049,0.43609827708253335,0.0,0.3957166075706482,0.3735591327393815,0.47783052018194616,0.0,0.5048837661743164,0.5773315947928366,0.4507727585472439,0.0,0.41704386472702026,0.38332136117773,0.4832891826029437,0.0,0.5011065602302551,0.5634884523067177,0.4323860149839275,0.0,0.433784157037735,0.39043237842046397,0.46662176683510503,0.0,0.5009056329727173,0.565590952451414,0.42811685349002143,0.0,0.39136022329330444,0.3917334188114523,0.46412342668691287,0.0,0.4237618148326874,0.5418877555773822,0.5228495857654488,0.0,0.999784529209137,0.41888807717459015,0.5349488824536487,0.05405484133080913,0.9997368454933167,0.5293924808502212,0.7095415592193621,0.0,0.6,0.41503557562828175,0.6926798820495623,0.11592350155115158,0.6,0.7495756149292012,0.7170348167419452,0.4576755464077008,0.6,0.48021495342254766,0.8050605058670065,0.6623431444168109,0.6,0.6001060605049149,0.8208954930305503,0.6436256170272844,0.6,0.41451653838157765,0.44357728958129994,0.0,0.6,0.7172387242317219,0.7466115355491658,0.31247428059578025,0.6,0.44585791230201843,0.879920303821566,0.590441524982454,0.6,high,high,high,high,high,high,high,high,high,high,high,high,high,low,medium,low,medium,low,medium,low,medium,low,low,high,high,medium,medium,medium,medium,medium,medium,medium,medium
347,11.566666666666666,0.3801737309613716,0.3095649445390376,0.0,0.9979228377342224,0.38779638683323636,0.29656154605058604,0.0,0.9962944388389587,0.39412506358884813,0.29590589648638094,0.0,0.9957771301269531,0.40017468626404806,0.2952840290008455,0.0,0.9974331855773926,0.3699082192424304,0.2982482969899841,0.0,0.9976073503494263,0.3643543393739741,0.29861401921107855,0.0,0.9977889657020569,0.3589080584632776,0.2987690269252367,0.0,0.9984337091445923,0.4150689427669243,0.2976830382169273,0.0,0.9975414872169495,0.3586860212968511,0.3036744771720654,0.0,0.9945619106292725,0.39892667712587404,0.3204563344830964,0.0,0.9955106377601624,0.3782412780748391,0.3234799018689811,0.0,0.99515300989151,0.5183873336354071,0.3527487660899316,0.0,0.9997888803482056,0.3325209573849107,0.38082421576226605,0.03271789641265001,0.9995676279067993,0.5932469444397184,0.42022910443219386,0.0,0.4466259777545929,0.3296473385431836,0.4657172984454472,0.021074542215654156,0.48174095153808594,0.5269763330757493,0.4461781857730638,0.0,0.41572943329811096,0.35994502151762786,0.47337348227734455,0.0,0.5179567337036133,0.5080959559320584,0.46376155125789276,0.0,0.4384087324142456,0.35991758557952735,0.4775648697133955,0.0,0.5229244232177734,0.49550717197237165,0.44695109823644974,0.0,0.45439612865448,0.3655892115233949,0.46353422782637976,0.0,0.5243197679519653,0.5003655891874189,0.4395883811381603,0.0,0.4050746262073517,0.37142073955291455,0.4618340242298067,0.0,0.4500199556350708,0.5378388497101414,0.512615847559799,0.0,0.9997954368591309,0.42823712593747854,0.5229415465623919,0.06524952371210736,0.9997506141662598,0.5293924808502212,0.7095415592193621,0.0,0.6,0.41503557562828175,0.6926798820495623,0.11592350155115158,0.6,0.7495756149292012,0.7170348167419452,0.4576755464077008,0.6,0.48021495342254766,0.8050605058670065,0.6623431444168109,0.6,0.6001060605049149,0.8208954930305503,0.6436256170272844,0.6,0.41451653838157765,0.44357728958129994,0.0,0.6,0.7172387242317219,0.7466115355491658,0.31247428059578025,0.6,0.44585791230201843,0.879920303821566,0.590441524982454,0.6,high,high,high,high,high,high,high,high,high,high,high,high,high,low,low,low,medium,low,medium,low,medium,low,low,high,high,medium,medium,medium,medium,medium,medium,medium,medium
348,11.6,0.37076592494002136,0.3234883786498258,0.0,0.9981017708778381,0.3782113309784657,0.31126068904127635,0.0,0.9966119527816772,0.38373964858221943,0.31041131583682946,0.0,0.996144711971283,0.3889911241464692,0.3096189364130967,0.0,0.9976472854614258,0.3636468621122819,0.3132584154744812,0.0,0.997803270816803,0.35970010637959215,0.3136584417664374,0.0,0.99797123670578,0.3558987314467673,0.3138619799575058,0.0,0.9985580444335938,0.40606111767408837,0.3108120545362823,0.0,0.9977431297302246,0.36116320415810366,0.3171302240628471,0.0,0.9949567914009094,0.3892235104298546,0.33244014439327263,0.0,0.9958412051200867,0.3731665291708398,0.3356765655231929,0.0,0.9954670071601868,0.503152517241477,0.36061970267818344,0.0,0.999803900718689,0.34742399369364385,0.3846556879840541,0.05105635782569175,0.9995929598808289,0.5446574093300716,0.4292698453217409,0.0,0.4751381278038025,0.3344651679475833,0.45698721085117255,0.05549764896293636,0.44450169801712036,0.46380124128226197,0.44755834827334295,0.0,0.4430435597896576,0.3407322288532088,0.46258098227438793,0.0,0.5010786652565002,0.4421644233045612,0.4664346348572457,0.0,0.4640744924545288,0.3332885303697395,0.466124846454546,0.0,0.5170997977256775,0.4343243126685814,0.4516893587051306,0.0,0.48008641600608826,0.33801627714873006,0.45448757419775254,0.0,0.5203506350517273,0.4407892791263441,0.44289289758755723,0.0,0.4243449568748474,0.3472015092839737,0.453136020815457,0.0,0.44895678758621216,0.5297456462205443,0.5055541969957342,0.0,0.9998021721839905,0.4359359933640863,0.5140776646026101,0.07844621310931041,0.9997599720954895,0.5293924808502212,0.7095415592193621,0.0,0.6,0.41503557562828175,0.6926798820495623,0.11592350155115158,0.6,0.7495756149292012,0.7170348167419452,0.4576755464077008,0.6,0.48021495342254766,0.8050605058670065,0.6623431444168109,0.6,0.6001060605049149,0.8208954930305503,0.6436256170272844,0.6,0.41451653838157765,0.44357728958129994,0.0,0.6,0.7172387242317219,0.7466115355491658,0.31247428059578025,0.6,0.44585791230201843,0.879920303821566,0.590441524982454,0.6,high,high,high,high,high,high,high,high,high,high,high,high,high,low,low,low,medium,low,medium,low,medium,low,low,high,high,medium,medium,medium,medium,medium,medium,medium,medium
349,11.633333333333333,0.3636215369462421,0.333187286600923,0.0,0.9982648491859436,0.37067702822474147,0.32137539586820885,0.0,0.9969101548194885,0.37518524463638103,0.3203569934084708,0.0,0.9964905977249146,0.37957058558653106,0.3194164132877394,0.0,0.9978512525558472,0.35951294647508103,0.32339825246717635,0.0,0.9979906678199768,0.3573120545535108,0.32370904643774673,0.0,0.9981430172920227,0.3552453507493435,0.32383542870863974,0.0,0.9986771941184998,0.3989426269258941,0.31903198979673497,0.0,0.9979407787322998,0.3665655998639026,0.32559079626501386,0.0,0.9953953623771667,0.3816284979834711,0.34068232156457967,0.0,0.9962171912193298,0.3697351390248422,0.3438560576427798,0.0,0.9958664774894714,0.48815645940931934,0.3661004897458857,0.0,0.9998188018798828,0.3629857959586156,0.38473142944015926,0.08817122460696825,0.9996252059936523,0.49598673764086676,0.43474565970870005,0.0,0.5120998024940491,0.33807784562066534,0.4461771039973895,0.09266216326982571,0.41691794991493225,0.4122159222622862,0.44156446191536636,0.0,0.4897785186767578,0.3268185993591397,0.4471302018576858,0.0,0.5247111320495605,0.3905507888132608,0.45918365875324285,0.0,0.507574737071991,0.3147093926519511,0.4503152066177434,0.0,0.5430346131324768,0.38847289527907614,0.44685670594513394,0.0,0.5220507383346558,0.3191641266946201,0.4406018976148204,0.0,0.5473072528839111,0.39648813419130957,0.4394129996811049,0.0,0.4642280340194702,0.3289832690934765,0.4396289828079298,0.0,0.47914111614227295,0.5184484329812746,0.5023862548641405,0.0,0.9997812509536743,0.4401716742760107,0.5091967832792069,0.09748283792547646,0.9997487664222717,0.5293924808502212,0.7095415592193621,0.0,0.6,0.41503557562828175,0.6926798820495623,0.11592350155115158,0.6,0.7495756149292012,0.7170348167419452,0.4576755464077008,0.6,0.48021495342254766,0.8050605058670065,0.6623431444168109,0.6,0.6001060605049149,0.8208954930305503,0.6436256170272844,0.6,0.41451653838157765,0.44357728958129994,0.0,0.6,0.7172387242317219,0.7466115355491658,0.31247428059578025,0.6,0.44585791230201843,0.879920303821566,0.590441524982454,0.6,high,high,high,high,high,high,high,high,high,high,high,high,high,medium,low,low,medium,medium,medium,medium,medium,low,low,high,high,medium,medium,medium,medium,medium,medium,medium,medium
356,11.866666666666667,0.356908025233063,0.3367658263736681,0.0,0.998028576374054,0.3635227480134774,0.32543248695371396,0.0,0.9966676831245422,0.36753124262625336,0.32432418839359145,0.0,0.9960216879844666,0.37115457334440727,0.3233436514169751,0.0,0.9974743127822876,0.3567251235871891,0.3273303818591556,0.0,0.9977355003356934,0.35663729343381056,0.3274376326368692,0.0,0.9978454113006592,0.35603311192461473,0.3273779851295462,0.0,0.9984942674636841,0.39401799857199715,0.3221516059689875,0.0,0.9976500868797302,0.37269706270355824,0.32803221161548995,0.0,0.995010495185852,0.37468999561730065,0.34336993667907184,0.0,0.9953358769416809,0.3669567502045141,0.346388845315903,0.0,0.9948982000350952,0.47496991370107866,0.36775452641896256,0.0,0.9997925162315369,0.3783580097424133,0.38036359759755445,0.14448692994344245,0.9995551705360413,0.45440685790735647,0.43539876947592027,0.0,0.5116425156593323,0.34081119083580247,0.43525649673177486,0.1609563784704207,0.37702253460884094,0.3509794622312346,0.4324206519515931,0.0,0.4797298312187195,0.3103756830269926,0.4314833245910976,0.0,0.47868508100509644,0.3256827417092454,0.4478170664716168,0.0,0.48953840136528015,0.29644579167688445,0.43385879942031563,0.0,0.49729999899864197,0.3278263646128025,0.4377062095628763,0.0,0.5014799237251282,0.29932375936519373,0.42502177372956995,0.0,0.5016207695007324,0.3383390952101407,0.4318645950797566,0.0,0.43894776701927185,0.3096890260567484,0.4248004600857255,0.0,0.4398244619369507,0.504838828926599,0.5014327008685323,0.0,0.9997814893722534,0.44158308301772387,0.5060228828366833,0.11928839572555568,0.9997438192367554,0.5293924808502212,0.7095415592193621,0.0,0.6,0.41503557562828175,0.6926798820495623,0.11592350155115158,0.6,0.7495756149292012,0.7170348167419452,0.4576755464077008,0.6,0.48021495342254766,0.8050605058670065,0.6623431444168109,0.6,0.6001060605049149,0.8208954930305503,0.6436256170272844,0.6,0.41451653838157765,0.44357728958129994,0.0,0.6,0.7172387242317219,0.7466115355491658,0.31247428059578025,0.6,0.44585791230201843,0.879920303821566,0.590441524982454,0.6,high,high,high,high,high,high,high,high,high,high,high,high,high,medium,low,low,low,low,low,medium,medium,low,low,high,high,medium,medium,medium,medium,medium,medium,medium,medium
361,12.033333333333333,0.35505256730637724,0.331876043256347,0.0,0.9977493286132812,0.36110492394520777,0.3209347338665346,0.0,0.9958630800247192,0.36480857727133126,0.31980807603378203,0.0,0.9953398108482361,0.36833739871189686,0.3187946932160224,0.0,0.9970213174819946,0.35703810382556345,0.3227291890791255,0.0,0.9972198605537415,0.35784965239482697,0.3227304172265788,0.0,0.9974099397659302,0.358125917005651,0.3225144711268818,0.0,0.9982479810714722,0.39275528730212494,0.3174356192975619,0.0,0.9973669052124023,0.3779793092004079,0.32284634513454924,0.016689358606917237,0.9946067333221436,0.3717548863871124,0.3382280121594329,0.0,0.9953150153160095,0.3666227591204486,0.34098855848912685,0.0,0.9948291778564453,0.4650412811821725,0.3654251769706095,0.0,0.9997930526733398,0.39061516050970185,0.37259602449435,0.17753981051224144,0.9995548725128174,0.42582356936726096,0.42929810806587976,0.0,0.5396173596382141,0.33966005827997203,0.42429854694780056,0.2199009918110638,0.34110701084136963,0.32818273383698626,0.4156453730343116,0.0,0.5186780691146851,0.29537633262869994,0.4198237145558393,0.009994750725222684,0.4626992344856262,0.30811581974263036,0.42590115523282857,0.0,0.5288941860198975,0.2780689319773717,0.4215654650212457,0.0,0.49978435039520264,0.31392830981936015,0.41822742818396796,0.0,0.5401496887207031,0.28186863789330624,0.41305771511751566,0.0,0.5065956711769104,0.32242220160844526,0.4146484145612439,0.0,0.4751831591129303,0.2925452736568903,0.41345711361556176,0.0,0.4493599236011505,0.49134733064191455,0.5024444984667242,0.0,0.9996528029441833,0.4392093541599943,0.5044716846692826,0.1342967441761414,0.9996464252471924,0.5293924808502212,0.7095415592193621,0.0,0.6,0.41503557562828175,0.6926798820495623,0.11592350155115158,0.6,0.7495756149292012,0.7170348167419452,0.4576755464077008,0.6,0.48021495342254766,0.8050605058670065,0.6623431444168109,0.6,0.6001060605049149,0.8208954930305503,0.6436256170272844,0.6,0.41451653838157765,0.44357728958129994,0.0,0.6,0.7172387242317219,0.7466115355491658,0.31247428059578025,0.6,0.44585791230201843,0.879920303821566,0.590441524982454,0.6,high,high,high,high,high,high,high,high,high,high,high,high,high,medium,low,medium,low,medium,low,medium,medium,low,low,high,high,medium,medium,medium,medium,medium,medium,medium,medium
362,12.066666666666666,0.3567075470944394,0.31989163021385614,0.0,0.9977938532829285,0.36378563033951006,0.30924912988444947,0.0,0.996018648147583,0.367981110002612,0.308401325365881,0.0,0.9955317974090576,0.37219265151968745,0.30766864061911425,0.0,0.9971532225608826,0.35930169774935894,0.3104686796804138,0.0,0.9972128868103027,0.35953787649983937,0.3103739081562824,0.0,0.9973761439323425,0.3598654507062383,0.3100484736732678,0.0,0.9982240200042725,0.3970504126626583,0.30749484868872223,0.0,0.9975228309631348,0.38062266439269016,0.31170631337277066,0.0,0.9943544268608093,0.3722516941579638,0.32741078651034833,0.0,0.9955286979675293,0.36706349809408845,0.3296402494807352,0.0,0.9948732256889343,0.4625919527246136,0.3608728367270855,0.0,0.9998067617416382,0.3967687541788285,0.363565149354491,0.16126086555056685,0.9995716214179993,0.4147631571148392,0.4283275768195566,0.0,0.5661157965660095,0.33488005420544853,0.416283408314477,0.22892790226079152,0.308871865272522,0.3014574410754214,0.4044929357258601,0.0,0.5417450070381165,0.2879103664960069,0.40586601395707134,0.04449920499554062,0.42413604259490967,0.27817779133369946,0.4103993853350074,0.0,0.5467039942741394,0.27382754338232307,0.40610002491857733,0.01945852095615084,0.46472740173339844,0.2857819892865524,0.40369912433179767,0.0,0.5556532144546509,0.27523172245575905,0.3979488452136666,0.0,0.47138020396232605,0.29491811247416666,0.4018935075589838,0.0,0.4800529181957245,0.28394335470138526,0.3993111930110248,0.02139521812876838,0.41766971349716187,0.4807554893977172,0.5047223662440885,0.0,0.9996649026870728,0.4333446209942,0.5053076227228138,0.14355108407619155,0.999654233455658,0.5293924808502212,0.7095415592193621,0.0,0.6,0.41503557562828175,0.6926798820495623,0.11592350155115158,0.6,0.7495756149292012,0.7170348167419452,0.4576755464077008,0.6,0.48021495342254766,0.8050605058670065,0.6623431444168109,0.6,0.6001060605049149,0.8208954930305503,0.6436256170272844,0.6,0.41451653838157765,0.44357728958129994,0.0,0.6,0.7172387242317219,0.7466115355491658,0.31247428059578025,0.6,0.44585791230201843,0.879920303821566,0.590441524982454,0.6,high,high,high,high,high,high,high,high,high,high,high,high,high,medium,low,medium,low,medium,low,medium,low,low,low,high,high,medium,medium,medium,medium,medium,medium,medium,medium
363,12.1,0.35695199921970416,0.30524492152643173,0.0,0.9979016780853271,0.3665373774119478,0.2944054461164638,0.0,0.9962376952171326,0.3715798292821392,0.29401538227543766,0.0,0.9957971572875977,0.376810880113038,0.29374519129455307,0.0,0.9973163604736328,0.36083242873767696,0.29478095697634227,0.0,0.997326135635376,0.3603472685341522,0.29457867777708885,0.0,0.9974753856658936,0.36081328390639517,0.2941593380519012,0.0,0.9983008503913879,0.4033301782496892,0.295200171031597,0.0,0.9976865649223328,0.3826614307773707,0.2970549173844174,0.0,0.9946351647377014,0.3724615807299857,0.31461388963363746,0.0,0.9957965612411499,0.36591463037582084,0.3159644109107962,0.0,0.9951208233833313,0.46885629064275514,0.3544500639666498,0.0,0.9998192191123962,0.39658051493006813,0.35289077589284107,0.14512956115506231,0.9996013641357422,0.41834455311715296,0.42383018129077665,0.0,0.5909648537635803,0.3271443253352656,0.40965337860278705,0.2232671278096863,0.2806946635246277,0.29226452139985665,0.3927624733436924,0.0,0.5580909252166748,0.27055691199980764,0.39449483427134535,0.034336724186138236,0.39569658041000366,0.26722977225319283,0.3940171542423321,0.0,0.5580949187278748,0.25647543139738427,0.39240034990933215,0.008544838053797438,0.4410848915576935,0.27476415819638333,0.38775301354748487,0.0,0.5646360516548157,0.25510451058685707,0.3847338031360885,0.0,0.44732773303985596,0.28400704042339175,0.3884454866945059,0.0,0.4824081063270569,0.2631851829293176,0.3870683481921137,0.009843567112734333,0.39780449867248535,0.4736613239441731,0.5071936535946431,0.0,0.9996819496154785,0.42442295142820774,0.5067163225098381,0.15053705098259462,0.9996728897094727,0.5293924808502212,0.7095415592193621,0.0,0.6,0.41503557562828175,0.6926798820495623,0.11592350155115158,0.6,0.7495756149292012,0.7170348167419452,0.4576755464077008,0.6,0.48021495342254766,0.8050605058670065,0.6623431444168109,0.6,0.6001060605049149,0.8208954930305503,0.6436256170272844,0.6,0.41451653838157765,0.44357728958129994,0.0,0.6,0.7172387242317219,0.7466115355491658,0.31247428059578025,0.6,0.44585791230201843,0.879920303821566,0.590441524982454,0.6,high,high,high,high,high,high,high,high,high,high,high,high,high,medium,low,medium,low,medium,low,medium,low,low,low,high,high,medium,medium,medium,medium,medium,medium,medium,medium
364,12.133333333333333,0.3588719839677398,0.2894782938045785,0.0,0.9980111122131348,0.37176010742054216,0.27809510649223224,0.0,0.9964538216590881,0.37829994446747883,0.27787043880193735,0.0,0.9960485100746155,0.38513290152683227,0.277703684457255,0.0,0.9974766373634338,0.36296908435843855,0.27806067049920213,0.0,0.9974344372749329,0.36147718996434874,0.2777571949786525,0.0,0.9975585341453552,0.3616622082698049,0.2771925162046391,0.0,0.9983586668968201,0.41436565116846863,0.2801127260103655,0.0,0.9978066086769104,0.3852556651427762,0.28112117498071115,0.0,0.9946346282958984,0.37547806370786396,0.30036771290507985,0.0,0.9959859251976013,0.3657391192196142,0.30159347540848824,0.0,0.9951964020729065,0.4845449927942471,0.3460854320398309,0.0,0.9998289346694946,0.39056741503568904,0.3411567970450395,0.12258626239283135,0.9996123313903809,0.4189215440016537,0.42068557799001505,0.0,0.6041954159736633,0.31639699995656756,0.4036282070311088,0.17488984247812905,0.2536119520664215,0.27188797958525257,0.38896922881786744,0.0,0.5658020973205566,0.2515768916943141,0.38638382656868897,0.0,0.36445170640945435,0.244686871350229,0.38846399671548,0.0,0.5620123147964478,0.23575831786458093,0.38394610733141254,0.0,0.4126845896244049,0.24964228453058251,0.3798514759484992,0.0,0.5673155188560486,0.23372190867687498,0.37486826845538185,0.0,0.41895994544029236,0.2607021788894998,0.38301139298852604,0.0,0.4766034781932831,0.24254463481041721,0.3767378419846098,0.0,0.37228697538375854,0.4698539735415055,0.5107733465574852,0.0,0.9996743202209473,0.41343140004676093,0.5088016189339569,0.15804745126645925,0.9996612668037415,0.5293924808502212,0.7095415592193621,0.0,0.6,0.41503557562828175,0.6926798820495623,0.11592350155115158,0.6,0.7495756149292012,0.7170348167419452,0.4576755464077008,0.6,0.48021495342254766,0.8050605058670065,0.6623431444168109,0.6,0.6001060605049149,0.8208954930305503,0.6436256170272844,0.6,0.41451653838157765,0.44357728958129994,0.0,0.6,0.7172387242317219,0.7466115355491658,0.31247428059578025,0.6,0.44585791230201843,0.879920303821566,0.590441524982454,0.6,high,high,high,high,high,high,high,high,high,high,high,high,high,medium,low,medium,low,medium,low,medium,low,low,low,high,high,medium,medium,medium,medium,medium,medium,medium,medium
365,12.166666666666666,0.3596299199652292,0.2710692576873004,0.0,0.9981708526611328,0.3764967435584489,0.2590945156720975,0.0,0.9967389106750488,0.3844507631860979,0.2590809204639539,0.0,0.9963707327842712,0.393005418958087,0.25906715901581623,0.0,0.997678816318512,0.3644053744269427,0.25870288634078,0.0,0.9976275563240051,0.36179967318381556,0.2583863701853725,0.0,0.997737467288971,0.36137610215407245,0.2577742826549608,0.0,0.9984768033027649,0.42618713421977317,0.26265371860046277,0.0,0.9979766011238098,0.3867435576893521,0.26299346285266545,0.0,0.9950123429298401,0.3782944889752191,0.28429367895170876,0.0,0.9962867498397827,0.3640492352155548,0.28514511247614954,0.0,0.9955291152000427,0.5036756575524404,0.33715680512515067,0.0,0.9998375177383423,0.3822687841378736,0.33170842943769596,0.062178892580605764,0.999629020690918,0.43269047710723374,0.4206846295953642,0.0,0.6161214709281921,0.30792052220631394,0.4015755347716513,0.12956131669955412,0.23157158493995667,0.26517560695990605,0.38690605662363775,0.0,0.5782573223114014,0.23363559875454998,0.38605763820501576,0.0,0.3433462679386139,0.23256016256926004,0.38966719823561724,0.0,0.5728068351745605,0.2127367108191927,0.38351243400907287,0.0,0.39490970969200134,0.23630415528387516,0.37733556764387133,0.0,0.5773168206214905,0.2101117677482975,0.3735646158109466,0.0,0.40164878964424133,0.24850570731785537,0.3782240726175296,0.0,0.47998911142349243,0.22204484354643889,0.37487279972830123,0.0,0.3576730191707611,0.472244622685138,0.5170965844934651,0.0,0.9996751546859741,0.401845635928753,0.5139410563837967,0.16487658369443955,0.9996597766876221,0.5293924808502212,0.7095415592193621,0.0,0.6,0.41503557562828175,0.6926798820495623,0.11592350155115158,0.6,0.7495756149292012,0.7170348167419452,0.4576755464077008,0.6,0.48021495342254766,0.8050605058670065,0.6623431444168109,0.6,0.6001060605049149,0.8208954930305503,0.6436256170272844,0.6,0.41451653838157765,0.44357728958129994,0.0,0.6,0.7172387242317219,0.7466115355491658,0.31247428059578025,0.6,0.44585791230201843,0.879920303821566,0.590441524982454,0.6,high,high,high,high,high,high,high,high,high,high,high,high,high,medium,low,medium,low,medium,low,medium,low,low,low,high,high,medium,medium,medium,medium,medium,medium,medium,medium
366,12.2,0.3666774309598492,0.274379448596137,0.0,0.998327910900116,0.3839266821221048,0.2637383225080857,0.0,0.9970267415046692,0.3921275741153674,0.264144679396859,0.0,0.9966902136802673,0.4011302015859219,0.26451356691636196,0.0,0.9978830218315125,0.36989453844813025,0.26259713684206587,0.0,0.9978267550468445,0.3662578942892445,0.26221816773181267,0.0,0.9979223012924194,0.3650439050925649,0.2616904309162733,0.0,0.9986013770103455,0.4313785046130639,0.268254830356523,0.0,0.9981461763381958,0.38707943757375185,0.2662564802975651,0.0,0.995379626750946,0.38455642547918745,0.2879179602180613,0.0,0.9965997338294983,0.36743148577796925,0.2879026311260845,0.0,0.9958835244178772,0.506583103627871,0.33677254210818985,0.0,0.9998456239700317,0.374786019255788,0.3300268460403798,0.01765706470900485,0.9996448755264282,0.44647127903980643,0.4160701521348853,0.0,0.6289739608764648,0.32393746519144406,0.39760838355217887,0.05895259396318525,0.21367621421813965,0.2931144132619701,0.38438016349897064,0.0,0.5879657864570618,0.26391375165580383,0.3860694431202683,0.0,0.32003992795944214,0.26185328581116485,0.3859787890405376,0.0,0.5805388689041138,0.24575446876056886,0.38449012038313246,0.0,0.3711118698120117,0.26405707300404085,0.37296123549099114,0.0,0.5840304493904114,0.24351911802530907,0.3749731544987037,0.0,0.37794744968414307,0.2747208829665247,0.37399252762883517,0.0,0.47784554958343506,0.25474235495348424,0.3750128613346394,0.0,0.336839497089386,0.47883445357943044,0.4987408678570563,0.0,0.999683141708374,0.40473444735531594,0.49567386153694765,0.158773386429796,0.9996656179428101,0.5293924808502212,0.7095415592193621,0.0,0.6,0.41503557562828175,0.6926798820495623,0.11592350155115158,0.6,0.7495756149292012,0.7170348167419452,0.4576755464077008,0.6,0.48021495342254766,0.8050605058670065,0.6623431444168109,0.6,0.6001060605049149,0.8208954930305503,0.6436256170272844,0.6,0.41451653838157765,0.44357728958129994,0.0,0.6,0.7172387242317219,0.7466115355491658,0.31247428059578025,0.6,0.44585791230201843,0.879920303821566,0.590441524982454,0.6,high,high,high,high,high,high,high,high,high,high,high,high,high,medium,low,medium,low,medium,low,medium,low,low,low,high,high,medium,medium,medium,medium,medium,medium,medium,medium
367,12.233333333333333,0.3750813488082184,0.27736624623790007,0.0,0.9984017610549927,0.39487294217089774,0.2672182875218654,0.0,0.9971659779548645,0.4026998057787801,0.2676852813689588,0.0,0.996843695640564,0.4121119373050336,0.2682057915034001,0.0,0.9979776740074158,0.3786397932014831,0.26637032489120893,0.0,0.9979063272476196,0.37451385569461393,0.2663002118364088,0.0,0.9979961514472961,0.37278943830158984,0.2661189159035412,0.0,0.9986514449119568,0.4409354724389424,0.27242195759064186,0.0,0.9981974959373474,0.3941684477118078,0.27072125117539875,0.0,0.9954602122306824,0.39387755849700534,0.2909853757817158,0.0,0.9967755079269409,0.37393800209174444,0.2911535650839069,0.0,0.9960585832595825,0.5162779677720073,0.3379139611910004,0.0,0.9998419880867004,0.37822001658397497,0.33110623648672477,0.01417187602630448,0.9996545314788818,0.45998132027390515,0.41493978700437856,0.0,0.6329786777496338,0.3294084236060554,0.39605425433679164,0.04385208194350319,0.19988195598125458,0.30145135132860823,0.3786580663322023,0.0,0.5963637828826904,0.2667129999829902,0.3855351939067984,0.0,0.3008052706718445,0.2664605727840421,0.37975086990770024,0.0,0.590137779712677,0.2446403441242967,0.382666735660225,0.0,0.3525906205177307,0.26881097413443256,0.36344420145719575,0.0,0.5935890674591064,0.24131558317960344,0.37475042298679406,0.0,0.3602229654788971,0.28012389993612097,0.3647717012392067,0.0,0.4779416024684906,0.25457251947242965,0.3748277301415985,0.0,0.32123592495918274,0.4834248570156555,0.4962519850486377,0.0,0.9995795488357544,0.4082492444759771,0.49161259666745327,0.15440314882250417,0.9995772242546082,0.5293924808502212,0.7095415592193621,0.0,0.6,0.41503557562828175,0.6926798820495623,0.11592350155115158,0.6,0.7495756149292012,0.7170348167419452,0.4576755464077008,0.6,0.48021495342254766,0.8050605058670065,0.6623431444168109,0.6,0.6001060605049149,0.8208954930305503,0.6436256170272844,0.6,0.41451653838157765,0.44357728958129994,0.0,0.6,0.7172387242317219,0.7466115355491658,0.31247428059578025,0.6,0.44585791230201843,0.879920303821566,0.590441524982454,0.6,high,high,high,high,high,high,high,high,high,high,high,high,high,medium,low,medium,low,medium,low,medium,low,low,low,high,high,medium,medium,medium,medium,medium,medium,medium,medium
368,12.266666666666667,0.38554670899620247,0.2843357589972888,0.0,0.9985337853431702,0.4049271673033576,0.27461198048713953,0.0,0.997403085231781,0.41318950008401334,0.2751302570451953,0.0,0.9971128106117249,0.4214144066358235,0.2757525300229353,0.0,0.9981472492218018,0.38809460943395546,0.27370383356001066,0.0,0.9980814456939697,0.38349855251801424,0.2737095902710813,0.0,0.9981674551963806,0.38050882612075104,0.2738029355908337,0.0,0.9987626075744629,0.44893366897300807,0.2803942368024998,0.0,0.998353123664856,0.40055285376824523,0.2782673789904675,0.0,0.9958398938179016,0.4035631446015873,0.2981117594214316,0.0,0.9970583319664001,0.3824892239970771,0.2980859674218103,0.0,0.9963887929916382,0.5242196711904811,0.34259241076060476,0.0,0.9998487830162048,0.38138077302134776,0.3368788084366947,0.0071109276534099645,0.9996684193611145,0.4846514298782495,0.4159821155187978,0.0,0.6533036231994629,0.33945533806905415,0.398294247252681,0.0,0.19603115320205688,0.32981507344679484,0.37094019593058863,0.0,0.6190265417098999,0.2779124060641365,0.3901969983583296,0.0,0.291517972946167,0.29287068069953814,0.3692954588325439,0.0,0.613028347492218,0.25565690684429765,0.38840708678419045,0.0,0.34680014848709106,0.29556537660963406,0.3518573434063892,0.0,0.6164782643318176,0.25342907192129144,0.3817283808490345,0.0,0.3550242781639099,0.3073436305239492,0.35363336668148,0.0,0.4994273781776428,0.26731894278165136,0.38128159540794493,0.0,0.31739315390586853,0.48772614388477126,0.49722874942637396,0.0,0.999484121799469,0.4097615304665698,0.49122546241555864,0.14670962576986718,0.999481201171875,0.5293924808502212,0.7095415592193621,0.0,0.6,0.41503557562828175,0.6926798820495623,0.11592350155115158,0.6,0.7495756149292012,0.7170348167419452,0.4576755464077008,0.6,0.48021495342254766,0.8050605058670065,0.6623431444168109,0.6,0.6001060605049149,0.8208954930305503,0.6436256170272844,0.6,0.41451653838157765,0.44357728958129994,0.0,0.6,0.7172387242317219,0.7466115355491658,0.31247428059578025,0.6,0.44585791230201843,0.879920303821566,0.590441524982454,0.6,high,high,high,high,high,high,high,high,high,high,high,high,high,medium,low,medium,low,medium,low,medium,low,low,low,high,high,medium,medium,medium,medium,medium,medium,medium,medium
369,12.3,0.3974886061428321,0.2938892871210911,0.0,0.9985122680664062,0.4160957166920741,0.28452468300477124,0.0,0.9973743557929993,0.4247508845823917,0.28506155739297473,0.0,0.9970883131027222,0.4331638375362328,0.285678854355446,0.0,0.998127818107605,0.39884439270535377,0.28405439207603955,0.0,0.9980168342590332,0.3944766153266668,0.2842716546881179,0.0,0.9980863332748413,0.39119562965173094,0.28440230549910206,0.0,0.9987007975578308,0.45787792307235825,0.28949169074738856,0.0,0.9983604550361633,0.4072904857722206,0.2884937243444944,0.0,0.9955692291259766,0.4148510661853232,0.3073068936387984,0.0,0.9972044825553894,0.3927583214425273,0.3077978045790354,0.0,0.9965369701385498,0.5288859818365204,0.3491282154630123,0.0,0.9998570680618286,0.3855902776990469,0.3441922722996541,0.021154907942339332,0.999681830406189,0.5090026219130132,0.41865844861333024,0.0,0.6815319657325745,0.3539794805722368,0.4022788520737416,0.0,0.18803822994232178,0.3556818348683409,0.37258836557537345,0.0,0.6509373188018799,0.29002514814997127,0.39555677125504074,0.0,0.29073941707611084,0.3171033122878539,0.3705480747567478,0.0,0.6428941488265991,0.2685577520332143,0.39585345865407573,0.0,0.3478434681892395,0.31811966213868853,0.35306322776076493,0.0,0.6451874375343323,0.2686490852099206,0.3901673547732535,0.0,0.35667115449905396,0.3307073380980467,0.35467412380071883,0.0,0.5276919007301331,0.2822477877973684,0.3891134329470176,0.0,0.3179405629634857,0.4912817069700561,0.500259162523809,0.0,0.9995071887969971,0.41026849943996974,0.49310607489172525,0.13561030186165707,0.9995023012161255,0.5293924808502212,0.7095415592193621,0.0,0.6,0.41503557562828175,0.6926798820495623,0.11592350155115158,0.6,0.7495756149292012,0.7170348167419452,0.4576755464077008,0.6,0.48021495342254766,0.8050605058670065,0.6623431444168109,0.6,0.6001060605049149,0.8208954930305503,0.6436256170272844,0.6,0.41451653838157765,0.44357728958129994,0.0,0.6,0.7172387242317219,0.7466115355491658,0.31247428059578025,0.6,0.44585791230201843,0.879920303821566,0.590441524982454,0.6,high,high,high,high,high,high,high,high,high,high,high,high,high,medium,low,medium,low,medium,low,medium,low,medium,low,high,high,medium,medium,medium,medium,medium,medium,medium,medium
370,12.333333333333334,0.414767251009153,0.30357204679842675,0.0,0.998590886592865,0.43111795471820635,0.29416270064307337,0.0,0.997511625289917,0.4402593344380539,0.2945792329061289,0.0,0.9972507357597351,0.4483957917957051,0.2952543789551261,0.0,0.9982374310493469,0.4136821735988975,0.29431090168741836,0.0,0.9981016516685486,0.40871285732253837,0.29489036977708,0.0,0.9981667995452881,0.4046113202760836,0.2951572628426949,0.0,0.9987331032752991,0.47204559638505894,0.299128360612132,0.0,0.9984604120254517,0.4143285567249184,0.2998650892353288,0.0,0.995577871799469,0.4304595294393315,0.3165501654842803,0.0,0.9973876476287842,0.4082703801579698,0.3175312461969744,0.0,0.9966773986816406,0.5331188633447497,0.3574318129977434,0.0,0.9998689889907837,0.39032393707817914,0.35311482627908763,0.00488438138560264,0.9996909499168396,0.5399406357106088,0.42430233795604066,0.0,0.709018886089325,0.3642544189255286,0.4135618405742256,0.0,0.17662106454372406,0.39419337155379996,0.3791996517798294,0.0,0.681887686252594,0.3051388767007356,0.4099995342445829,0.0,0.2787548303604126,0.3542658724151301,0.3775908709406029,0.0,0.6727663278579712,0.28726981125233686,0.4122453998157761,0.0,0.33959540724754333,0.35350746492961715,0.3604116257809824,0.0,0.6748399138450623,0.28960220474046505,0.4067208202846689,0.0,0.34912052750587463,0.36617455129579046,0.3617634366859099,0.0,0.5637460947036743,0.30164391778426924,0.4053277489327617,0.0,0.3116709291934967,0.4941686607879927,0.5052507746191861,0.0,0.9995185136795044,0.41078732480536084,0.4968206580980131,0.11060814467195826,0.999491274356842,0.5293924808502212,0.7095415592193621,0.0,0.6,0.41503557562828175,0.6926798820495623,0.11592350155115158,0.6,0.7495756149292012,0.7170348167419452,0.4576755464077008,0.6,0.48021495342254766,0.8050605058670065,0.6623431444168109,0.6,0.6001060605049149,0.8208954930305503,0.6436256170272844,0.6,0.41451653838157765,0.44357728958129994,0.0,0.6,0.7172387242317219,0.7466115355491658,0.31247428059578025,0.6,0.44585791230201843,0.879920303821566,0.590441524982454,0.6,high,high,high,high,high,high,high,high,high,high,high,high,high,high,low,medium,low,medium,low,medium,low,medium,low,high,high,medium,medium,medium,medium,medium,medium,medium,medium
371,12.366666666666667,0.43562967217329895,0.31317597919410844,0.0,0.998666524887085,0.44993340343862265,0.3038717961255773,0.0,0.9976599216461182,0.45905741514303866,0.3042722793864767,0.0,0.9974206686019897,0.4668147674390498,0.30404068804009615,0.0,0.9983463883399963,0.43204898183996143,0.30462068784764956,0.0,0.9981926083564758,0.42594460625470776,0.30549608646850845,0.0,0.9982343912124634,0.420987615357469,0.3056756771388873,0.0,0.9987565875053406,0.4871232451953545,0.3083750386060265,0.0,0.998532772064209,0.42091052723931377,0.31075754414349527,0.0,0.9955297708511353,0.4479474594820919,0.32591224598995816,0.0,0.9974081516265869,0.42594305465827287,0.32717588773140627,0.0,0.9964134097099304,0.5361189918640346,0.3638039409141728,0.0,0.9998775720596313,0.39251478221310987,0.36058900447992276,0.0,0.9996607303619385,0.5700619091520791,0.42389905591666954,0.0,0.7282787561416626,0.3811562812967466,0.4207524578054479,0.0,0.16081497073173523,0.4476700013195174,0.38928895841389655,0.0,0.7045413851737976,0.3420455477315516,0.42515797194067523,0.0,0.26229432225227356,0.4140577692807704,0.38805283095453275,0.0,0.6917502284049988,0.33157210086748123,0.4312426012990648,0.0,0.32254791259765625,0.41014968181823624,0.37173564513246593,0.0,0.6932306885719299,0.3373569977797559,0.4244008946529924,0.0,0.3320358097553253,0.41998952870324613,0.3719759124281255,0.0,0.584203839302063,0.3458661183471733,0.42203604251076954,0.0,0.29722675681114197,0.49540440588842316,0.507445324828854,0.0,0.9993301033973694,0.4092026769698094,0.49926318572117867,0.07494610299449651,0.9991104006767273,0.5293924808502212,0.7095415592193621,0.0,0.6,0.41503557562828175,0.6926798820495623,0.11592350155115158,0.6,0.7495756149292012,0.7170348167419452,0.4576755464077008,0.6,0.48021495342254766,0.8050605058670065,0.6623431444168109,0.6,0.6001060605049149,0.8208954930305503,0.6436256170272844,0.6,0.41451653838157765,0.44357728958129994,0.0,0.6,0.7172387242317219,0.7466115355491658,0.31247428059578025,0.6,0.44585791230201843,0.879920303821566,0.590441524982454,0.6,high,high,high,high,high,high,high,high,high,high,high,high,high,high,low,high,low,medium,low,medium,low,medium,low,high,high,medium,medium,medium,medium,medium,medium,medium,medium
372,12.4,0.46349720444990605,0.31686680675386636,0.0,0.9987000823020935,0.4760677314999511,0.3076554920289908,0.0,0.9976376295089722,0.48423239880508606,0.30839244927559784,0.0,0.9973351955413818,0.49151079651914964,0.3079802888534572,0.0,0.9982978701591492,0.45789030284592724,0.3089615691514012,0.0,0.9981967210769653,0.4504238892963172,0.30984231558713127,0.0,0.9982094168663025,0.44507571728357465,0.3095530872439457,0.0,0.9987195730209351,0.5047095207484464,0.3123288019136957,0.0,0.998410165309906,0.4331113154237932,0.31388094083412627,0.0,0.9951906800270081,0.47066807163345353,0.33072870747470723,0.0,0.9972887635231018,0.4496409803420526,0.33127470693110395,0.0,0.9962789416313171,0.5382246840528133,0.3650952260811022,0.0,0.9998700022697449,0.39569103335723,0.36199426470380935,0.0,0.9996066093444824,0.5920786840932368,0.42001403628529477,0.0,0.7063269019126892,0.40607544362961934,0.4245138788000976,0.0,0.15310436487197876,0.5051054141738212,0.399373378925947,0.0,0.663532555103302,0.4042123622132915,0.43325976989208237,0.0,0.24244330823421478,0.4780352792261932,0.3991936060376389,0.0,0.6506268382072449,0.40415423340869777,0.4422201560788511,0.0,0.2977171242237091,0.4746419299732567,0.38406335557257476,0.0,0.6519341468811035,0.41116409639378637,0.4347039878646266,0.0,0.30637386441230774,0.4811635558560746,0.3832676430126458,0.0,0.545245349407196,0.4147088027500617,0.43173298948294747,0.0,0.2735631763935089,0.4941102083607445,0.5066366244307222,0.0,0.999342679977417,0.4060251292509921,0.49965746877910505,0.02761733013320296,0.999118983745575,0.5293924808502212,0.7095415592193621,0.0,0.6,0.41503557562828175,0.6926798820495623,0.11592350155115158,0.6,0.7495756149292012,0.7170348167419452,0.4576755464077008,0.6,0.48021495342254766,0.8050605058670065,0.6623431444168109,0.6,0.6001060605049149,0.8208954930305503,0.6436256170272844,0.6,0.41451653838157765,0.44357728958129994,0.0,0.6,0.7172387242317219,0.7466115355491658,0.31247428059578025,0.6,0.44585791230201843,0.879920303821566,0.590441524982454,0.6,high,high,high,high,high,high,high,high,high,high,high,high,high,high,low,medium,low,medium,low,medium,low,medium,low,high,high,medium,medium,medium,medium,medium,medium,medium,medium
373,12.433333333333334,0.4914791741710178,0.31716445803920235,0.0,0.9988048076629639,0.5005327712544763,0.3069626479159988,0.0,0.9978087544441223,0.5074982294391653,0.3074559759704669,0.0,0.9975208640098572,0.5141787551916576,0.3080040945178709,0.0,0.9984096884727478,0.48344779660651865,0.3088791829583814,0.0,0.9983304142951965,0.4758698763130441,0.3093072924858493,0.0,0.9983454942703247,0.46996514711068904,0.30859326239510376,0.0,0.9988094568252563,0.5207876727019727,0.3121879092463255,0.0,0.998511791229248,0.4496360492039405,0.3121411107775779,0.0,0.9954999685287476,0.49357910860668663,0.3312626990960759,0.0,0.9974488615989685,0.4744390834183695,0.3312318018683196,0.0,0.9965352416038513,0.5385968257219378,0.3631908866492194,0.0,0.9998766779899597,0.402250977037671,0.3585886869119329,0.0,0.9996280670166016,0.6034379288172127,0.41316661308139746,0.0,0.6835960745811462,0.44122874306076454,0.4233548342486928,0.0,0.15536324679851532,0.5618962776827661,0.40785842543437595,0.0,0.6202350854873657,0.4722521879595212,0.4430652587285976,0.0,0.2399580478668213,0.5450410418438203,0.4088420853331383,0.0,0.6117832660675049,0.4803830420637476,0.45620754437568983,0.0,0.2965196669101715,0.5436260759969428,0.3955024666997391,0.0,0.6139030456542969,0.488432209808511,0.44829347340655057,0.0,0.30548998713493347,0.5460910004474636,0.3944593026087845,0.0,0.5104652643203735,0.48749798619663925,0.4438319147883607,0.0,0.26773908734321594,0.48824596856579766,0.5033824586923874,0.025011986311707528,0.9993863701820374,0.40241246776425305,0.49774973125724653,0.0,0.9991775751113892,0.5293924808502212,0.7095415592193621,0.0,0.6,0.41503557562828175,0.6926798820495623,0.11592350155115158,0.6,0.7495756149292012,0.7170348167419452,0.4576755464077008,0.6,0.48021495342254766,0.8050605058670065,0.6623431444168109,0.6,0.6001060605049149,0.8208954930305503,0.6436256170272844,0.6,0.41451653838157765,0.44357728958129994,0.0,0.6,0.7172387242317219,0.7466115355491658,0.31247428059578025,0.6,0.44585791230201843,0.879920303821566,0.590441524982454,0.6,high,high,high,high,high,high,high,high,high,high,high,high,high,medium,low,medium,low,medium,low,medium,low,medium,low,high,high,medium,medium,medium,medium,medium,medium,medium,medium
374,12.466666666666667,0.5206294047248962,0.31335741684431323,0.0,0.9989200830459595,0.5259108237036472,0.301895274357363,0.0,0.9980201125144958,0.5307677386107159,0.30185836115917203,0.0,0.997757613658905,0.5358508505743437,0.3032519839582474,0.0,0.998561441898346,0.5114159789674502,0.3042748232821493,0.0,0.9984933137893677,0.5042883812825454,0.3041059876377496,0.0,0.9985065460205078,0.49804739692272415,0.3030036122370997,0.0,0.9989251494407654,0.5342198943063665,0.30612400313079574,0.0,0.998652458190918,0.47113752497104067,0.30555004638669736,0.0,0.9959369897842407,0.5158570878433473,0.3271863998927723,0.0,0.9976745843887329,0.5005719728403172,0.32664485487626793,0.0,0.99686199426651,0.5387544336018877,0.35773688610339316,0.0,0.9998831152915955,0.40832832184704976,0.3507839766415692,0.0,0.999659538269043,0.6090281672411048,0.4046352138191403,0.0,0.6292374134063721,0.446672949618672,0.4136636573951572,0.0,0.21519319713115692,0.6177919782819742,0.41488188449597413,0.0,0.568385899066925,0.529600076255822,0.42947712804609917,0.0,0.28073394298553467,0.6147698102853253,0.41821803996613083,0.0,0.5644527673721313,0.5523471423101329,0.4432257647280938,0.0,0.3278878927230835,0.6139630172358265,0.40681128533848065,0.0,0.5664050579071045,0.5656042843709752,0.4330310215066374,0.0,0.3368781507015228,0.6115232578941174,0.4054979672243,0.0,0.4717177450656891,0.5571185219815854,0.4281119274926364,0.0,0.28978365659713745,0.48275998415369104,0.4992279766739678,0.06888078215438674,0.9994421005249023,0.398942725850153,0.4949567605565491,0.0,0.999254047870636,0.5293924808502212,0.7095415592193621,0.0,0.6,0.41503557562828175,0.6926798820495623,0.11592350155115158,0.6,0.7495756149292012,0.7170348167419452,0.4576755464077008,0.6,0.48021495342254766,0.8050605058670065,0.6623431444168109,0.6,0.6001060605049149,0.8208954930305503,0.6436256170272844,0.6,0.41451653838157765,0.44357728958129994,0.0,0.6,0.7172387242317219,0.7466115355491658,0.31247428059578025,0.6,0.44585791230201843,0.879920303821566,0.590441524982454,0.6,high,high,high,high,high,high,high,high,high,high,high,high,high,medium,low,medium,low,medium,low,medium,low,low,low,high,high,medium,medium,medium,medium,medium,medium,medium,medium
375,12.5,0.5503226865977411,0.3051731161304295,0.0,0.9989299774169922,0.5538258555330056,0.2925702690522439,0.0,0.9980596899986267,0.5566822905223701,0.29212940461707915,0.0,0.9978001713752747,0.5605576505194192,0.2942953633539612,0.0,0.9986178278923035,0.5414863480971424,0.2947116362187142,0.0,0.9985183477401733,0.5345269017147309,0.29386230122237295,0.0,0.9985190629959106,0.5277080876288173,0.2923796388791721,0.0,0.9989103674888611,0.5512516913992,0.29592743654906967,0.0,0.9987137913703918,0.4952862484332856,0.2930802948825017,0.0,0.9959644675254822,0.5399532914856389,0.3189496122873755,0.0,0.9977133870124817,0.5263564666529094,0.3173844600335154,0.0,0.9969502091407776,0.5456382526662259,0.3504320405996772,0.0,0.9998927116394043,0.41300776934290373,0.3397363903639209,0.0,0.9996744990348816,0.6241562071935852,0.39645408799042614,0.00934257525907255,0.6214184165000916,0.4285493720244706,0.4003022748690396,0.0,0.27282196283340454,0.687115101339102,0.4159772238392385,0.0,0.5893101692199707,0.5189229668506667,0.4177156162289761,0.0,0.32061246037483215,0.7024071144335216,0.42067796603227386,0.0,0.581231415271759,0.5402503311286732,0.4317130586761984,0.0,0.35549139976501465,0.703034819978658,0.41196231491915936,0.0,0.5853360891342163,0.5578504763977804,0.42254313736251015,0.0,0.3645818531513214,0.6942432296998592,0.4107688960634478,0.0,0.4963485896587372,0.5489219566047345,0.4179864248612555,0.0,0.3053514361381531,0.4822898992013833,0.4952865860540007,0.10999022876639775,0.9994931817054749,0.3961388015802656,0.49211037290957826,0.0,0.9993192553520203,0.5293924808502212,0.7095415592193621,0.0,0.6,0.41503557562828175,0.6926798820495623,0.11592350155115158,0.6,0.7495756149292012,0.7170348167419452,0.4576755464077008,0.6,0.48021495342254766,0.8050605058670065,0.6623431444168109,0.6,0.6001060605049149,0.8208954930305503,0.6436256170272844,0.6,0.41451653838157765,0.44357728958129994,0.0,0.6,0.7172387242317219,0.7466115355491658,0.31247428059578025,0.6,0.44585791230201843,0.879920303821566,0.590441524982454,0.6,high,high,high,high,high,high,high,high,high,high,high,high,high,medium,low,medium,low,medium,low,medium,low,low,low,high,high,medium,medium,medium,medium,medium,medium,medium,medium
376,12.533333333333333,0.5802020552830833,0.2939001477403804,0.0,0.9990195631980896,0.5833077878107295,0.2802284819818606,0.0,0.9982333779335022,0.5840014071314501,0.27965565619768873,0.0,0.997995913028717,0.5862164805819121,0.2826998483189899,0.0,0.9987419843673706,0.5729242987010321,0.2815095597491683,0.0,0.9986535906791687,0.5663315885133691,0.2799145193088868,0.0,0.998655378818512,0.5590913666017143,0.27818655606472203,0.0,0.9990105032920837,0.5689588811569851,0.2830969388390484,0.0,0.9988348484039307,0.5230777107335485,0.2767856112032233,0.0,0.9963529109954834,0.5644841820765779,0.30753693637592333,0.0,0.9979200959205627,0.5526420121843179,0.3044986995089034,0.0,0.9972347617149353,0.5508444473182141,0.34103752842872104,0.025209760106665896,0.9999011754989624,0.41748680080567313,0.3245365683571173,0.0,0.9997058510780334,0.611429152163594,0.39036925501756836,0.14028521364941227,0.5657724142074585,0.40675625864998277,0.38262121702407725,0.0,0.34299829602241516,0.7016163043208907,0.41774082878530827,0.021345073196576823,0.5559321045875549,0.5139380919210852,0.4072998840631038,0.0,0.38706129789352417,0.7261774912302885,0.42417926534072614,0.0,0.5583828687667847,0.5365386929684322,0.42044058747780744,0.0,0.4181077182292938,0.7311554242680975,0.41718878147207605,0.0,0.5628722906112671,0.5552753076686741,0.4126599670012247,0.0,0.4260821044445038,0.7192775331316036,0.4160116433680485,0.0,0.47905099391937256,0.5459629031883824,0.40857497559282996,0.0,0.3700214922428131,0.48093607792487636,0.49015100984584603,0.14267345456002722,0.9995428919792175,0.3946901714746223,0.48768499076783367,0.0,0.9993866086006165,0.5293924808502212,0.7095415592193621,0.0,0.6,0.41503557562828175,0.6926798820495623,0.11592350155115158,0.6,0.7495756149292012,0.7170348167419452,0.4576755464077008,0.6,0.48021495342254766,0.8050605058670065,0.6623431444168109,0.6,0.6001060605049149,0.8208954930305503,0.6436256170272844,0.6,0.41451653838157765,0.44357728958129994,0.0,0.6,0.7172387242317219,0.7466115355491658,0.31247428059578025,0.6,0.44585791230201843,0.879920303821566,0.590441524982454,0.6,high,high,high,high,high,high,high,high,high,high,high,high,high,medium,low,medium,low,medium,low,medium,low,low,low,high,high,medium,medium,medium,medium,medium,medium,medium,medium
377,12.566666666666666,0.6218404771981556,0.2920717606038766,0.0,0.9989429712295532,0.6262710380665366,0.2770060478668398,0.0,0.9980875253677368,0.6247724496123412,0.2761370742515536,0.0,0.9978411197662354,0.6251496687913569,0.2794879251843573,0.0,0.9986940026283264,0.6173685657811347,0.27747117201765176,0.0,0.9985253810882568,0.6110206442279432,0.2751974425254731,0.0,0.9985194206237793,0.6032510526252531,0.2732127301898599,0.0,0.9988991022109985,0.5983401459135947,0.2778203123377205,0.0,0.9988107085227966,0.5635477926208716,0.2699587545889526,0.0,0.9961158037185669,0.6002197342041227,0.3050887136609412,0.0,0.9978581666946411,0.5902019921160538,0.3010471142255351,0.0,0.9972054958343506,0.5507455641851018,0.3397682662054662,0.16711625797209534,0.999907910823822,0.44237734075192925,0.32130536992788955,0.0,0.9997267127037048,0.5822257806649035,0.3994762286856468,0.33841297241461954,0.5258154273033142,0.40157653360100165,0.3844135764873399,0.0,0.37614455819129944,0.6833460130891618,0.4337246864686769,0.28396984612643106,0.555295467376709,0.5313453714261258,0.4131949418908243,0.0,0.3981133699417114,0.7118998078894245,0.44201888911651965,0.28380219110381155,0.5584733486175537,0.5575925128095927,0.4246624574099954,0.0,0.4223085939884186,0.7240627660201165,0.43684161383233266,0.2207840587118851,0.5657669305801392,0.5764470795095678,0.41649424737983765,0.0,0.42922157049179077,0.7117231416674501,0.43497333673886324,0.25548946270437023,0.4865935742855072,0.5647543561069575,0.4130755369757728,0.0,0.3668844997882843,0.45388789679898645,0.503749637823284,0.1821163945455795,0.9995834231376648,0.3817945732659126,0.5026727702928881,0.0,0.9994405508041382,0.5293924808502212,0.7095415592193621,0.0,0.6,0.41503557562828175,0.6926798820495623,0.11592350155115158,0.6,0.7495756149292012,0.7170348167419452,0.4576755464077008,0.6,0.48021495342254766,0.8050605058670065,0.6623431444168109,0.6,0.6001060605049149,0.8208954930305503,0.6436256170272844,0.6,0.41451653838157765,0.44357728958129994,0.0,0.6,0.7172387242317219,0.7466115355491658,0.31247428059578025,0.6,0.44585791230201843,0.879920303821566,0.590441524982454,0.6,high,high,high,high,high,high,high,high,high,high,high,high,high,medium,low,medium,low,medium,low,medium,low,low,low,high,high,medium,medium,medium,medium,medium,medium,medium,medium
378,12.6,0.6240014472763594,0.28836522652552754,0.0,0.9990155696868896,0.6263058007041352,0.2728313845354367,0.0,0.9982141852378845,0.6244127655223828,0.27169614953872556,0.0,0.9979963898658752,0.6228649059792515,0.27481566845398203,0.0,0.9987981915473938,0.6197311847637879,0.27268020430089224,0.0,0.9986090064048767,0.6139289928482978,0.27014860427463044,0.0,0.998598039150238,0.6059099403850421,0.2683644881059525,0.0,0.9989467263221741,0.5924398619117175,0.27159006563655774,0.0,0.9989191293716431,0.5677656893268902,0.2644095206177325,0.0,0.9963674545288086,0.6007292544369391,0.30000284098800883,0.0,0.9980612397193909,0.5931305704694821,0.29595066242284784,0.0,0.9974682331085205,0.538310846943401,0.33417256395300043,0.19524154558534723,0.9999167919158936,0.45257655515537515,0.31901402781893407,0.0,0.9997484683990479,0.5544264013672779,0.4002617507269899,0.37902351081510355,0.5423987507820129,0.3937149630698857,0.3855847957389904,0.0,0.4338206946849823,0.6582829091515592,0.43312139479152645,0.3502246167311034,0.5952033400535583,0.5107237435443154,0.4217957246414721,0.0,0.4347260892391205,0.6865013282060086,0.44144963259463654,0.3605737849062705,0.5963951349258423,0.5320838669657999,0.4326239025398302,0.0,0.44899675250053406,0.701545051414096,0.436797208371975,0.2970434216161577,0.6037920713424683,0.5501415627402874,0.4260672233599338,0.0,0.4542193114757538,0.6903945963421643,0.43468466164904707,0.32388198875880836,0.5311318039894104,0.5402393554335165,0.4225038996526423,0.0,0.38509100675582886,0.4477336165649364,0.5036217936408005,0.19228880678787708,0.9996192455291748,0.38717539195136413,0.5046803449695219,0.0,0.999485433101654,0.5293924808502212,0.7095415592193621,0.0,0.6,0.41503557562828175,0.6926798820495623,0.11592350155115158,0.6,0.7495756149292012,0.7170348167419452,0.4576755464077008,0.6,0.48021495342254766,0.8050605058670065,0.6623431444168109,0.6,0.6001060605049149,0.8208954930305503,0.6436256170272844,0.6,0.41451653838157765,0.44357728958129994,0.0,0.6,0.7172387242317219,0.7466115355491658,0.31247428059578025,0.6,0.44585791230201843,0.879920303821566,0.590441524982454,0.6,high,high,high,high,high,high,high,high,high,high,high,high,high,medium,low,medium,low,medium,low,medium,low,medium,low,high,high,medium,medium,medium,medium,medium,medium,medium,medium
379,12.633333333333333,0.6154375140205701,0.2888974392469676,0.0,0.9991125464439392,0.6161457594735934,0.27381240661605605,0.0,0.9983887672424316,0.6139915941895322,0.2726483465908298,0.0,0.9981922507286072,0.6125765629720593,0.2751970202911713,0.0,0.998915433883667,0.6115899879337763,0.27320379616219476,0.0,0.9987461566925049,0.6070788058089782,0.2708621728809293,0.0,0.998736560344696,0.6007079159741096,0.26914390254687665,0.0,0.9990506172180176,0.5815115712739386,0.27043747332268453,0.029272433064252878,0.9990254044532776,0.5664444353891712,0.26461781557901265,0.0,0.9967274069786072,0.5940652340997921,0.29811760915187213,0.0,0.9982520341873169,0.5887374073475407,0.2948314579494635,0.0,0.9977191090583801,0.5230364404219305,0.32964103358053193,0.18840313133173664,0.9999240636825562,0.4678655788476107,0.3163967588981557,0.0,0.9997729063034058,0.5179290381761712,0.3989125727773557,0.33425541981915863,0.5105066895484924,0.3903134983458451,0.3819399505923132,0.0,0.4883730113506317,0.5932091547475844,0.4361695168596337,0.29689661530660666,0.5955607891082764,0.47867237990136036,0.4189849397241385,0.0,0.47610241174697876,0.6148000328274057,0.4477716136923493,0.2984774713263375,0.596810519695282,0.4950096640900867,0.4273732812393529,0.0,0.48049306869506836,0.6283610029654086,0.4437548524433095,0.24266342021577075,0.6073964238166809,0.5108305377699014,0.42262926850563554,0.0,0.48627129197120667,0.6209943435547807,0.44034455282427054,0.27208847495225835,0.5408192276954651,0.5026839458164369,0.41988659551093743,0.0,0.41846874356269836,0.4587979360477086,0.4921887062646305,0.16932917400187314,0.9996558427810669,0.4159223887470229,0.4945243360835091,0.0,0.9995356202125549,0.5293924808502212,0.7095415592193621,0.0,0.6,0.41503557562828175,0.6926798820495623,0.11592350155115158,0.6,0.7495756149292012,0.7170348167419452,0.4576755464077008,0.6,0.48021495342254766,0.8050605058670065,0.6623431444168109,0.6,0.6001060605049149,0.8208954930305503,0.6436256170272844,0.6,0.41451653838157765,0.44357728958129994,0.0,0.6,0.7172387242317219,0.7466115355491658,0.31247428059578025,0.6,0.44585791230201843,0.879920303821566,0.590441524982454,0.6,high,high,high,high,high,high,high,high,high,high,high,high,high,medium,low,medium,low,medium,low,medium,low,medium,low,high,high,medium,medium,medium,medium,medium,medium,medium,medium
380,12.666666666666666,0.5884758614715734,0.289001192871508,0.0,0.9981478452682495,0.5876992793627845,0.27551638725754335,0.0,0.9971526861190796,0.5857889305600491,0.2744934703364524,0.0,0.9968687891960144,0.5840865612585799,0.27610166075624304,0.0,0.9980751276016235,0.5847433537314282,0.27414242725272353,0.0,0.997711181640625,0.5811461958435047,0.27219360601374115,0.0,0.9978164434432983,0.5764449032453405,0.2708051264424987,0.0,0.9983657598495483,0.5605781859173378,0.2714938182375099,0.023459325107096786,0.9984816312789917,0.5507758282003439,0.26727359042023235,0.0,0.9957724213600159,0.5720301257285776,0.2968640718565684,0.0,0.9960108399391174,0.5693404323015473,0.29364393196461713,0.0,0.9959713816642761,0.50794472762477,0.32662343284189094,0.1330410637881932,0.9999074935913086,0.4876493976249574,0.3133392844583613,0.0,0.9997856020927429,0.4840839131450888,0.3975114999534377,0.23846464685765803,0.459848016500473,0.4113591453690084,0.37592625159483783,0.0,0.5200901031494141,0.5177984976129391,0.4351379533053012,0.2233152672266355,0.5364609956741333,0.47399083085549304,0.41575122094932526,0.0,0.4689684808254242,0.5300366189374248,0.44960978668886575,0.22030554173431813,0.5380662083625793,0.4863874389158275,0.4218520737472403,0.0,0.46327951550483704,0.5408723669730159,0.44564088512134004,0.18197777656304304,0.5475808382034302,0.49756250202239105,0.4192009200721921,0.0,0.46546438336372375,0.5376750674697917,0.4414449697468954,0.2069085997058245,0.48747631907463074,0.4911295905674545,0.41729486190077975,0.0,0.39183366298675537,0.49204173843899657,0.4748910473776876,0.1271904418310089,0.9996792674064636,0.47287726437017474,0.47521153905175073,0.0,0.9995754957199097,0.5293924808502212,0.7095415592193621,0.0,0.6,0.41503557562828175,0.6926798820495623,0.11592350155115158,0.6,0.7495756149292012,0.7170348167419452,0.4576755464077008,0.6,0.48021495342254766,0.8050605058670065,0.6623431444168109,0.6,0.6001060605049149,0.8208954930305503,0.6436256170272844,0.6,0.41451653838157765,0.44357728958129994,0.0,0.6,0.7172387242317219,0.7466115355491658,0.31247428059578025,0.6,0.44585791230201843,0.879920303821566,0.590441524982454,0.6,high,high,high,high,high,high,high,high,high,high,high,high,high,low,medium,medium,low,medium,low,medium,low,low,low,high,high,medium,medium,medium,medium,medium,medium,medium,medium
381,12.7,0.5563625373762542,0.288655932341423,0.0,0.9960574507713318,0.5545770045204887,0.2775602319857465,0.0,0.9940115213394165,0.5532254960848194,0.2769527689560317,0.0,0.9933750033378601,0.5517218163658149,0.2770679510417803,0.0,0.9958990812301636,0.5529375989120339,0.27618441659531745,0.0,0.9953018426895142,0.5505257129391327,0.2747129487407798,0.0,0.995549738407135,0.5474885472884559,0.2736424213244928,0.0,0.996753990650177,0.5365213133516303,0.2741921444039252,0.0,0.9972325563430786,0.5294036745747221,0.27068209689813966,0.0,0.9927511215209961,0.5462821799836252,0.29626093447069546,0.0,0.9882978796958923,0.5449026513210835,0.2930893477026407,0.0,0.9887320399284363,0.49531485088221805,0.32191177209218425,0.0,0.9998608827590942,0.5044850398610535,0.3084560422213769,0.0,0.9997588992118835,0.4511009620064078,0.38793915260088296,0.059745723550970055,0.41406187415122986,0.44996280019933643,0.3635761696836619,0.0,0.5152208805084229,0.4432585679150973,0.43161493449500227,0.06690325207643594,0.48292791843414307,0.4943388155498717,0.40436152290631117,0.0,0.4339850842952728,0.4466422653142679,0.4468448041202317,0.05535822182824296,0.48448294401168823,0.5041877135877577,0.40986170225488106,0.0,0.4278064966201782,0.4527215088580884,0.4426457735347315,0.032460594093883036,0.4930363595485687,0.5106957684724772,0.40824164731519313,0.0,0.4284871816635132,0.4543662371335342,0.43763903658706943,0.058469654241086355,0.43894675374031067,0.5052492399732563,0.4063472460199914,0.0,0.35845088958740234,0.5368375036266315,0.449236702877326,0.07347304210726774,0.9996741414070129,0.5391973831575804,0.44799854622020713,0.0,0.999591588973999,0.5293924808502212,0.7095415592193621,0.0,0.6,0.41503557562828175,0.6926798820495623,0.11592350155115158,0.6,0.7495756149292012,0.7170348167419452,0.4576755464077008,0.6,0.48021495342254766,0.8050605058670065,0.6623431444168109,0.6,0.6001060605049149,0.8208954930305503,0.6436256170272844,0.6,0.41451653838157765,0.44357728958129994,0.0,0.6,0.7172387242317219,0.7466115355491658,0.31247428059578025,0.6,0.44585791230201843,0.879920303821566,0.590441524982454,0.6,high,high,high,high,high,high,high,high,high,high,high,high,high,low,medium,low,low,low,low,low,low,low,low,high,high,medium,medium,medium,medium,medium,medium,medium,medium
388,12.933333333333334,0.5313748631166147,0.2835977471374973,0.0,0.9961531162261963,0.5275465049943737,0.2755863517175473,0.0,0.9942174553871155,0.5262011637637679,0.2761374719631985,0.0,0.9935426115989685,0.5249946554362926,0.2764754934466532,0.0,0.9959552884101868,0.5273494909415448,0.2733330206298613,0.0,0.9955063462257385,0.5260170916994148,0.27188650079262633,0.0,0.9957382082939148,0.5247337046342032,0.2706176473266324,0.0,0.9969367980957031,0.515020518591911,0.27639992017568205,0.0,0.9971310496330261,0.5138263355046178,0.26811218727163016,0.0,0.9930161237716675,0.5264690342621939,0.2921110083173213,0.0,0.9887543320655823,0.5268703179481716,0.28810496513660216,0.0,0.9893189668655396,0.4815308879583322,0.3209433246464727,0.0,0.9998430013656616,0.5265022919172465,0.298539972458131,0.0,0.9997230172157288,0.4088026830505391,0.38279263803731134,0.0,0.3940773904323578,0.515087724704566,0.3468617377303428,0.0,0.46729806065559387,0.3520583841072661,0.4306364358860863,0.0,0.44692614674568176,0.5634471533042861,0.37813444807257235,0.0,0.4083220064640045,0.34180144149384667,0.4464999695063205,0.0,0.44914573431015015,0.5786542113705408,0.38098773394987123,0.0,0.4045027196407318,0.345504483212403,0.44183673364021403,0.0,0.45736634731292725,0.5778743796276339,0.38041061051797853,0.0,0.4071415066719055,0.3527078428468513,0.43645162807478055,0.0,0.4044138491153717,0.5704542047632895,0.3800997599994118,0.0,0.3405531346797943,0.5882180340084455,0.42972388370331743,0.04288707125610694,0.9996668100357056,0.6175802111069933,0.41869172071799365,0.0,0.9995962381362915,0.5293924808502212,0.7095415592193621,0.0,0.6,0.41503557562828175,0.6926798820495623,0.11592350155115158,0.6,0.7495756149292012,0.7170348167419452,0.4576755464077008,0.6,0.48021495342254766,0.8050605058670065,0.6623431444168109,0.6,0.6001060605049149,0.8208954930305503,0.6436256170272844,0.6,0.41451653838157765,0.44357728958129994,0.0,0.6,0.7172387242317219,0.7466115355491658,0.31247428059578025,0.6,0.44585791230201843,0.879920303821566,0.590441524982454,0.6,high,high,high,high,high,high,high,high,high,high,high,high,high,low,low,low,low,low,low,low,low,low,low,high,high,medium,medium,medium,medium,medium,medium,medium,medium
389,12.966666666666667,0.5075530291715159,0.28038705284501086,0.0024241292979438056,0.9277489185333252,0.498472272307724,0.27426527826102537,0.0,0.9345941543579102,0.4969581735161926,0.2750769428439915,0.0,0.9393298029899597,0.4957228638492277,0.2761443488664568,0.0,0.9494750499725342,0.5011522495524324,0.27190777798354837,0.0,0.9359546303749084,0.5019874957613748,0.270438660483261,0.0,0.9377910494804382,0.5023481788196221,0.2693138599117882,0.0,0.9465762376785278,0.4907210665149301,0.2782280217239636,0.0,0.9619199633598328,0.49751465783252713,0.26776008693488396,0.0,0.9321209788322449,0.5065417928851303,0.2881530556645434,0.0,0.9147955179214478,0.5099449382100641,0.28418090168412824,0.005194155733797959,0.9110527634620667,0.47241595707017625,0.3147533660307361,0.0,0.999068021774292,0.5473518962070951,0.288414217375376,0.0,0.9952157139778137,0.39111963129821736,0.365808667280736,0.0,0.41295379400253296,0.5919629057526327,0.323422278349217,0.0,0.42076921463012695,0.3147625618186594,0.41676835934599077,0.0,0.459023654460907,0.6326359707367186,0.3426555935597373,0.03961385856871018,0.3680216073989868,0.3003336384301982,0.43199422434493495,0.0,0.4597410261631012,0.6491727356935733,0.34324673464248323,0.02569259530245957,0.36500853300094604,0.2986542095532236,0.42867821024292385,0.0,0.4657156765460968,0.6427280777123163,0.34287631212970404,0.020091007911114032,0.36740604043006897,0.3076438495329218,0.42315785569466746,0.0,0.3978967070579529,0.6346839772654597,0.3435191914335006,0.04027042040136815,0.30741143226623535,0.646611874198026,0.3966847545617121,0.016130899736931312,0.9967847466468811,0.6903170333319907,0.37865271434917414,0.0,0.9973567128181458,0.5293924808502212,0.7095415592193621,0.0,0.6,0.41503557562828175,0.6926798820495623,0.11592350155115158,0.6,0.7495756149292012,0.7170348167419452,0.4576755464077008,0.6,0.48021495342254766,0.8050605058670065,0.6623431444168109,0.6,0.6001060605049149,0.8208954930305503,0.6436256170272844,0.6,0.41451653838157765,0.44357728958129994,0.0,0.6,0.7172387242317219,0.7466115355491658,0.31247428059578025,0.6,0.44585791230201843,0.879920303821566,0.590441524982454,0.6,high,high,high,high,high,high,high,high,high,high,high,high,high,low,low,low,low,low,low,low,low,low,low,high,high,medium,medium,medium,medium,medium,medium,medium,medium
390,13.0,0.48725830966776196,0.28188244758786096,0.02143110697253208,0.934806227684021,0.47533501208801215,0.27689647695401404,0.0,0.9410288333892822,0.4735740454463705,0.2776097396175907,0.0,0.9452808499336243,0.4723450782554701,0.2788065250936929,0.0,0.9544475078582764,0.47964143746104954,0.27469921827594235,0.010963811571677286,0.9422568678855896,0.4816772739092522,0.2733512664591523,0.010300952869539116,0.9438849687576294,0.4831986047310164,0.2723958829899775,0.010234977181627518,0.9518164992332458,0.4722124541000343,0.28228445479642056,0.0,0.9656904935836792,0.48545524776676724,0.27055724649440505,0.0,0.9387416243553162,0.4890814912624861,0.28847189174665516,0.0038471486493250593,0.9229494333267212,0.49486816992293003,0.2848981643890175,0.031407893574547055,0.9195029139518738,0.47691910277991434,0.314252179333103,0.0,0.9991373419761658,0.558400186278049,0.28667119166234234,0.0,0.9953542947769165,0.40323247241251503,0.3580771908337707,0.0,0.46460068225860596,0.6302489969002356,0.3140895068645485,0.03649434563649574,0.3792963922023773,0.3152467607062466,0.40739126180435503,0.0,0.508884847164154,0.6692286873614055,0.31625669965377307,0.06553609306231543,0.33467334508895874,0.2951822084980419,0.42180574447402974,0.0,0.5083816647529602,0.6878677074447952,0.31396364200087495,0.05012185469113464,0.3348574638366699,0.2905627189677364,0.4188042489381948,0.0,0.5136198401451111,0.6793778915922144,0.31283880509696727,0.040983659268933936,0.33758601546287537,0.3005099642526861,0.41363830798433765,0.0,0.44725486636161804,0.6706370122921791,0.31471430324452265,0.0626302077380686,0.28300586342811584,0.6926162826431399,0.38270537676789085,0.0,0.9967663288116455,0.7336489317856211,0.36058121363877793,0.030003111557666044,0.9970518350601196,0.5293924808502212,0.7095415592193621,0.0,0.6,0.41503557562828175,0.6926798820495623,0.11592350155115158,0.6,0.7495756149292012,0.7170348167419452,0.4576755464077008,0.6,0.48021495342254766,0.8050605058670065,0.6623431444168109,0.6,0.6001060605049149,0.8208954930305503,0.6436256170272844,0.6,0.41451653838157765,0.44357728958129994,0.0,0.6,0.7172387242317219,0.7466115355491658,0.31247428059578025,0.6,0.44585791230201843,0.879920303821566,0.590441524982454,0.6,high,high,high,high,high,high,high,high,high,high,high,high,high,low,low,medium,low,medium,low,medium,low,low,low,high,high,medium,medium,medium,medium,medium,medium,medium,medium
391,13.033333333333333,0.475258942389545,0.2849660144819254,0.023065316568982003,0.9181010127067566,0.4635975479662847,0.2800988740437522,0.0,0.9216061234474182,0.46244743730360655,0.2806882649173833,0.0,0.9269508719444275,0.46251279337978707,0.281676813577995,0.0,0.9366128444671631,0.46730214482420934,0.2782938490797597,0.01946176958459247,0.9245586395263672,0.4695079671197294,0.27718187677554673,0.01878226591851611,0.9301891922950745,0.4712815481327087,0.2763797490746832,0.018746387777906534,0.9388382434844971,0.46868044957692373,0.2863706031462537,0.0,0.9587100744247437,0.47919159134229145,0.2743073900540677,0.0,0.9190483093261719,0.4810520476533552,0.29105635664679863,0.007446109058904228,0.8971027135848999,0.4859148723123248,0.2882879989130521,0.043164193834284645,0.9001385569572449,0.4904371010256827,0.318568268022338,0.0,0.9990952610969543,0.5638187006636948,0.29015934932759946,0.06790377109339762,0.9950101375579834,0.43676403741458747,0.36059816678365164,0.0,0.5079748034477234,0.6442878433874455,0.3162592104820669,0.1170385651516195,0.3471161425113678,0.34865173600214716,0.4015297318671977,0.0,0.5500251054763794,0.6447599203714418,0.31750291870746383,0.10594343945453522,0.31836313009262085,0.3301907496435667,0.41381759535182716,0.0,0.5497097969055176,0.6513088490023775,0.31555297831833307,0.09241122171816839,0.3303436040878296,0.32286713096923286,0.41108166337846985,0.0,0.5550325512886047,0.6437093625257637,0.31566439197335844,0.0703158573177482,0.33397430181503296,0.33210402741021017,0.40675744087824006,0.0,0.4888649582862854,0.640048280184643,0.3180087972215292,0.0953154184579817,0.276547908782959,0.7186650867923453,0.38681354396271084,0.0,0.9962279796600342,0.7536420974281304,0.3617112855394413,0.06823420182895151,0.9955808520317078,0.5293924808502212,0.7095415592193621,0.0,0.6,0.41503557562828175,0.6926798820495623,0.11592350155115158,0.6,0.7495756149292012,0.7170348167419452,0.4576755464077008,0.6,0.48021495342254766,0.8050605058670065,0.6623431444168109,0.6,0.6001060605049149,0.8208954930305503,0.6436256170272844,0.6,0.41451653838157765,0.44357728958129994,0.0,0.6,0.7172387242317219,0.7466115355491658,0.31247428059578025,0.6,0.44585791230201843,0.879920303821566,0.590441524982454,0.6,high,high,high,high,high,high,high,high,high,high,high,high,high,medium,low,medium,low,medium,low,medium,low,low,low,high,high,medium,medium,medium,medium,medium,medium,medium,medium
392,13.066666666666666,0.47596058701024035,0.2897673252023469,0.03822402076932478,0.9253333210945129,0.46671220597687424,0.28423792714283536,0.004307453605261767,0.9289746880531311,0.46622785446527243,0.28446195120022366,0.0037502677099549506,0.9338239431381226,0.4676098424098999,0.2852925349782404,0.00350489831227805,0.9426786303520203,0.4689530526702511,0.2830311831755523,0.0377565423517309,0.931587278842926,0.4708027001861105,0.28217891789538674,0.03709094455391874,0.9366759061813354,0.4723037229134499,0.2815952687969304,0.03707311207771592,0.9445734620094299,0.47797366886428033,0.28990155659911315,0.0,0.9627051949501038,0.4835278080615699,0.27964901368379114,0.023904805829301386,0.9262738227844238,0.4835320610405417,0.29607729519997517,0.026039246643409394,0.9057604074478149,0.48722761466508835,0.2938146687054142,0.06267424753817179,0.9073454141616821,0.5051354774228356,0.3273525295696623,0.0,0.9991739988327026,0.5654208311389947,0.2992803897613142,0.12919223626385234,0.9953293800354004,0.4634540268591246,0.3727918582640616,0.0,0.5538976788520813,0.6553729873298226,0.3269203129487168,0.1815763992411556,0.36245715618133545,0.36527623871823384,0.40845327576001594,0.0,0.5927034616470337,0.6581773083387851,0.33217513616824296,0.1683660512377614,0.3068200647830963,0.3435909486872898,0.41867969134748784,0.0,0.5914213061332703,0.6644782989453064,0.33120843698650615,0.1586090021295638,0.3160858452320099,0.33533227485376726,0.41542549205548945,0.0,0.5960066914558411,0.6505914097760402,0.3311202096772369,0.13779900846632492,0.31799769401550293,0.34562398510657355,0.4118077663274923,0.0,0.5324529409408569,0.6476362610891444,0.33299210577300187,0.15894263436787726,0.2609334886074066,0.7130252635562355,0.40878180447436263,0.0,0.996575653553009,0.7425580551296423,0.3838608879031567,0.09096262076031658,0.995932936668396,0.5293924808502212,0.7095415592193621,0.0,0.6,0.41503557562828175,0.6926798820495623,0.11592350155115158,0.6,0.7495756149292012,0.7170348167419452,0.4576755464077008,0.6,0.48021495342254766,0.8050605058670065,0.6623431444168109,0.6,0.6001060605049149,0.8208954930305503,0.6436256170272844,0.6,0.41451653838157765,0.44357728958129994,0.0,0.6,0.7172387242317219,0.7466115355491658,0.31247428059578025,0.6,0.44585791230201843,0.879920303821566,0.590441524982454,0.6,high,high,high,high,high,high,high,high,high,high,high,high,high,medium,low,medium,low,medium,low,medium,low,medium,low,high,high,medium,medium,medium,medium,medium,medium,medium,medium
393,13.1,0.4895568309408258,0.29835066136780397,0.04993977839027338,0.9321417808532715,0.48592718379758865,0.29065678127995814,0.02141409014766318,0.9353195428848267,0.4858904027994432,0.29044614402286456,0.02086261907344941,0.9394933581352234,0.4887362305239933,0.29093473475852016,0.020625519073440277,0.9477039575576782,0.4852931823902765,0.2900665494111876,0.04918783567932675,0.9378845691680908,0.486088229712352,0.2895158305590533,0.04855825250104329,0.9425230026245117,0.48689476266885545,0.28901505539745237,0.04852779888676056,0.9497774243354797,0.5004174705151925,0.29439232281315936,0.0,0.9656696319580078,0.4978015822964128,0.2880165903440452,0.04936072126135141,0.932466447353363,0.4970032746419497,0.30549422281605465,0.043277491934788664,0.9130781292915344,0.4991320208375006,0.30424297363052355,0.07266211315624803,0.9142645001411438,0.524036160368465,0.33999628460768583,0.0,0.9992012977600098,0.5703738936177516,0.3168611351426673,0.14694091781001306,0.9956167340278625,0.5076522062986338,0.39572238414993477,0.0,0.5209776759147644,0.6509586350345407,0.35096828955592624,0.20073314917671148,0.3301510214805603,0.413391177818215,0.4282413022918312,0.0,0.5538625717163086,0.6481238920371866,0.35956496250379427,0.21831429481402198,0.2902926206588745,0.3896248363531563,0.4355418327110364,0.0,0.5538539290428162,0.6501861306337227,0.3569528602219971,0.21322642943098988,0.3024264872074127,0.3824334400933949,0.4328574854316145,0.0,0.5570077300071716,0.6335543933865091,0.3587239268637491,0.19665628962304563,0.303951621055603,0.39240089704940473,0.430124216980035,0.0,0.4942675232887268,0.6326449518298232,0.3582867940405875,0.21083380412831434,0.24952112138271332,0.67294932995643,0.45283042016007247,0.0,0.9966434836387634,0.6960593038227749,0.4311672073283129,0.09313931498928389,0.9960104823112488,0.5293924808502212,0.7095415592193621,0.0,0.6,0.41503557562828175,0.6926798820495623,0.11592350155115158,0.6,0.7495756149292012,0.7170348167419452,0.4576755464077008,0.6,0.48021495342254766,0.8050605058670065,0.6623431444168109,0.6,0.6001060605049149,0.8208954930305503,0.6436256170272844,0.6,0.41451653838157765,0.44357728958129994,0.0,0.6,0.7172387242317219,0.7466115355491658,0.31247428059578025,0.6,0.44585791230201843,0.879920303821566,0.590441524982454,0.6,high,high,high,high,high,high,high,high,high,high,high,high,high,medium,low,medium,low,medium,low,medium,low,low,low,high,high,medium,medium,medium,medium,medium,medium,medium,medium
395,13.166666666666666,0.47036579022040853,0.30198283615090155,0.0,0.9389051795005798,0.4700314725612439,0.29250529366773403,0.0,0.941758394241333,0.4717619103707368,0.2915676475821683,0.0,0.9455127120018005,0.47654458831796126,0.29123873129869193,0.0,0.9529135227203369,0.46712441884832356,0.29345981342531385,0.0,0.9440706968307495,0.46739248122090904,0.2934953977455912,0.0,0.9482413530349731,0.4675154797819679,0.2935188085466006,0.0,0.9547757506370544,0.4946210480931213,0.29411497413417476,0.0,0.9690866470336914,0.4827065357378325,0.29377743594852157,0.0,0.939141571521759,0.4825866595431654,0.3094762201075796,0.0,0.9217307567596436,0.48252645628157875,0.31025757586761593,0.0,0.9227474331855774,0.5421933733222104,0.3439056508607807,0.0,0.9992799162864685,0.5553411737188607,0.3305964122563262,0.13968645219445822,0.9960311055183411,0.5748788323296827,0.4056626597206643,0.0,0.5634622573852539,0.6300289821235744,0.37063482931721836,0.24459607029086292,0.2973758578300476,0.4816756874392373,0.43179719730135,0.0,0.5864276885986328,0.6129822065502353,0.3852095177401484,0.27901621197626103,0.2631208598613739,0.45324752853189154,0.4375505238979858,0.0,0.5819844603538513,0.6127026752158495,0.39071616342851434,0.27946518992436453,0.27628907561302185,0.445948697470286,0.4327669179800796,0.0,0.5851042866706848,0.5950265810206236,0.38758606489721814,0.25607424492003206,0.2778272032737732,0.4577778793159355,0.43064590552192306,0.0,0.5165332555770874,0.5974591152095587,0.3882031519929856,0.26850393256671923,0.22863437235355377,0.6515769537512257,0.4808315547890887,0.0,0.9969661831855774,0.6560222606558918,0.4651548499132938,0.12835871049643707,0.9963883757591248,0.5293924808502212,0.7095415592193621,0.0,0.6,0.41503557562828175,0.6926798820495623,0.11592350155115158,0.6,0.7495756149292012,0.7170348167419452,0.4576755464077008,0.6,0.48021495342254766,0.8050605058670065,0.6623431444168109,0.6,0.6001060605049149,0.8208954930305503,0.6436256170272844,0.6,0.41451653838157765,0.44357728958129994,0.0,0.6,0.7172387242317219,0.7466115355491658,0.31247428059578025,0.6,0.44585791230201843,0.879920303821566,0.590441524982454,0.6,high,high,high,high,high,high,high,high,high,high,high,high,high,medium,low,medium,low,medium,low,medium,low,medium,low,high,high,medium,medium,medium,medium,medium,medium,medium,medium
396,13.2,0.4639124959220987,0.3059515595297166,0.0,0.9450143575668335,0.467912278044753,0.29452755595698576,0.0,0.9475821256637573,0.4715404283333504,0.29317683759547136,0.0,0.9509608745574951,0.47782991857795576,0.29230137582703425,0.0,0.9576218128204346,0.46290442361420525,0.2962734323420455,0.0,0.9496632218360901,0.4630430089982807,0.29663511492433603,0.0,0.9534167051315308,0.46257334926745397,0.2969506543416251,0.0,0.9592977166175842,0.5021167810146638,0.29409010162998267,0.0,0.9721775650978088,0.48240535159211184,0.29770439001785926,0.0,0.9452260732650757,0.4804140854548754,0.3141518044860777,0.0,0.9295555949211121,0.47809344599575,0.3159803453581047,0.0,0.9304684996604919,0.5665711046376721,0.3470218408774672,0.0,0.9993507266044617,0.5456875531406683,0.3405596476334801,0.18191247498985683,0.9964200854301453,0.6423781473180925,0.4133857361503425,0.0,0.5951551795005798,0.6000401784767931,0.3850036948433021,0.32718918512473383,0.2679884433746338,0.542423811964779,0.43914589028814294,0.0,0.6000061631202698,0.5635149732475251,0.39739223237915855,0.3630104788898182,0.24114279448986053,0.5132702580698734,0.4456158736091128,0.0,0.5926288962364197,0.5611533444800314,0.4077836386946264,0.3653778350556015,0.25774601101875305,0.502999984092647,0.4380538428857899,0.0,0.5959328413009644,0.5432339426659774,0.4006484414175129,0.3359783210648919,0.25902077555656433,0.5147407771129444,0.4357993660412202,0.0,0.5229983925819397,0.5475366219079315,0.4029417672913124,0.34898221608911395,0.21442121267318726,0.6319529560062451,0.5032651707842646,0.0,0.9972407817840576,0.6171199850269147,0.49353874931524533,0.15927611267528516,0.9967184662818909,0.5293924808502212,0.7095415592193621,0.0,0.6,0.41503557562828175,0.6926798820495623,0.11592350155115158,0.6,0.7495756149292012,0.7170348167419452,0.4576755464077008,0.6,0.48021495342254766,0.8050605058670065,0.6623431444168109,0.6,0.6001060605049149,0.8208954930305503,0.6436256170272844,0.6,0.41451653838157765,0.44357728958129994,0.0,0.6,0.7172387242317219,0.7466115355491658,0.31247428059578025,0.6,0.44585791230201843,0.879920303821566,0.590441524982454,0.6,high,high,high,high,high,high,high,high,high,high,high,high,high,medium,low,medium,low,medium,low,medium,low,medium,low,high,high,medium,medium,medium,medium,medium,medium,medium,medium
397,13.233333333333333,0.4531100974494217,0.30212840410101466,0.0,0.9503163695335388,0.46260288434151015,0.2893900780966795,0.0,0.9525690078735352,0.46858362120626257,0.2877972476132274,0.0,0.9556360840797424,0.47636878789166043,0.2864827672084736,0.0,0.9617278575897217,0.45434788063967535,0.2918439672821337,0.0,0.9544069170951843,0.4542607188502682,0.29248990476270453,0.0,0.9577596783638,0.45310587691260507,0.29318092058310774,0.0,0.9630933403968811,0.5079632662670887,0.28807504457749483,0.0,0.9749030470848083,0.47916912289210534,0.2953724395700832,0.0,0.9502332210540771,0.47509301848067115,0.31246039799321307,0.0,0.9363930821418762,0.4691035090348672,0.314715215654085,0.0,0.9367510080337524,0.592439094831895,0.3470595125412894,0.0,0.9994112849235535,0.5350068326874504,0.344332984694235,0.18411698186279504,0.9967120289802551,0.7040703215382335,0.4161662931069916,0.0,0.6173079609870911,0.574251629533747,0.3915310354082745,0.3697654180628169,0.24141916632652283,0.6048005610218152,0.4446752823732961,0.0,0.5943334698677063,0.5176524553265618,0.4029822353716508,0.40018397600917666,0.22000889480113983,0.5777204988441837,0.4530624220699153,0.0,0.5841849446296692,0.5111312539010628,0.41687261453875407,0.4037605463234081,0.2393151968717575,0.5648031584171719,0.44304678684625987,0.0,0.5871383547782898,0.49426130064717666,0.407701822427604,0.3641890129467265,0.24020648002624512,0.5743159845575602,0.44041996582960585,0.0,0.5098640322685242,0.5005131543099477,0.41111248564886993,0.3806191185176696,0.1997232735157013,0.6224757680248285,0.5192694886303184,0.0,0.9974963665008545,0.5881047508655466,0.5130461477316357,0.18022987052759243,0.9970160126686096,0.5293924808502212,0.7095415592193621,0.0,0.6,0.41503557562828175,0.6926798820495623,0.11592350155115158,0.6,0.7495756149292012,0.7170348167419452,0.4576755464077008,0.6,0.48021495342254766,0.8050605058670065,0.6623431444168109,0.6,0.6001060605049149,0.8208954930305503,0.6436256170272844,0.6,0.41451653838157765,0.44357728958129994,0.0,0.6,0.7172387242317219,0.7466115355491658,0.31247428059578025,0.6,0.44585791230201843,0.879920303821566,0.590441524982454,0.6,high,high,high,high,high,high,high,high,high,high,high,high,high,medium,low,medium,low,medium,low,medium,low,medium,low,high,high,medium,medium,medium,medium,medium,medium,medium,medium
398,13.266666666666667,0.4561215848911626,0.29398870912743136,0.0,0.9552745223045349,0.4705645357951152,0.2800884947771244,0.0,0.9573007225990295,0.47915718237281246,0.2785348074558461,0.0,0.9600619673728943,0.4885328758013011,0.27718678589189594,0.0,0.9655492305755615,0.45695956749516053,0.2830790354238531,0.0,0.958950400352478,0.4554549743940236,0.28388142328718124,0.0,0.9619630575180054,0.45288440946376796,0.28482992582387934,0.0,0.966762363910675,0.5238118791357913,0.27979580693311695,0.0,0.977410078048706,0.48103630737269243,0.2886426216794624,0.0,0.9551737308502197,0.481985825480838,0.30657381527907446,0.0,0.9427483677864075,0.47005605072408413,0.3090011182920646,0.0,0.9430531859397888,0.6199401596209403,0.34568125336042466,0.0,0.9994691610336304,0.5202093860764061,0.34314679196386716,0.11599610660372808,0.9969812631607056,0.7533533043794718,0.4140970601346398,0.0,0.6519498229026794,0.5308815613215355,0.3933813137746923,0.2618186834044675,0.22096459567546844,0.6618778465233222,0.4478123504104048,0.0,0.6324305534362793,0.4553632624360521,0.40014207335341057,0.1921342875035637,0.23445282876491547,0.6389433361572558,0.45915475251513604,0.0,0.6219450831413269,0.4429061784471955,0.41486764412659977,0.17521318175780068,0.26135513186454773,0.6222454431729456,0.44758395604042583,0.0,0.6247833967208862,0.4308138134735181,0.4039942071988043,0.13152948494632669,0.2629244029521942,0.6293533062323562,0.4439029426841481,0.0,0.5522199273109436,0.44000338403495154,0.40872417574440234,0.1670327912603612,0.22359061241149902,0.6188383294152229,0.5271188868926135,0.0,0.9976823925971985,0.5622293957463526,0.5227690365486781,0.1731413036244568,0.9971033334732056,0.5293924808502212,0.7095415592193621,0.0,0.6,0.41503557562828175,0.6926798820495623,0.11592350155115158,0.6,0.7495756149292012,0.7170348167419452,0.4576755464077008,0.6,0.48021495342254766,0.8050605058670065,0.6623431444168109,0.6,0.6001060605049149,0.8208954930305503,0.6436256170272844,0.6,0.41451653838157765,0.44357728958129994,0.0,0.6,0.7172387242317219,0.7466115355491658,0.31247428059578025,0.6,0.44585791230201843,0.879920303821566,0.590441524982454,0.6,high,high,high,high,high,high,high,high,high,high,high,high,high,medium,low,medium,low,medium,low,medium,low,medium,low,high,high,medium,medium,medium,medium,medium,medium,medium,medium
399,13.3,0.4697765242525482,0.2846231765541449,0.0,0.9597234725952148,0.48901357128347955,0.27041110972980315,0.0,0.9615323543548584,0.4997261922398383,0.26962058124564536,0.0,0.9640232920646667,0.5096287857958223,0.2688752398207478,0.0,0.9689711928367615,0.4706804026395859,0.2719569741845972,0.0,0.9630191326141357,0.4678746108964341,0.2723030668872227,0.0,0.9657348990440369,0.46404303106672684,0.2728732938949886,0.0,0.9700520038604736,0.5436054965554987,0.2730870456684449,0.0,0.979661226272583,0.4895330979412821,0.2779266813418256,0.0,0.9595896005630493,0.49700262176962856,0.29920358445260986,0.0,0.9484570026397705,0.47956399400751204,0.3007015262172502,0.0,0.9487033486366272,0.6418687473366049,0.34462252655229464,0.0,0.9995214343070984,0.5063074924451223,0.33592905871795975,0.05573615882033389,0.9972633123397827,0.7787455387048808,0.4099410761903227,0.0,0.6772213578224182,0.49603143466380506,0.38538384166630935,0.13408073751659697,0.200313538312912,0.6990445756412071,0.45043704997409595,0.0,0.6321227550506592,0.424286179817641,0.3777315901431736,0.0026327645306265107,0.21362878382205963,0.6839578690784534,0.46504868605198124,0.0,0.6153385043144226,0.4119995647654956,0.38906980380589695,0.0,0.2403029054403305,0.6633229844775806,0.4531282082998959,0.0,0.6188190579414368,0.40310973498649083,0.3757488824131894,0.0,0.24158406257629395,0.6662868197425558,0.4484473828113452,0.0,0.542169988155365,0.41394231404180126,0.382841438680263,0.0,0.20565947890281677,0.6248044164586473,0.5281596308821579,0.0,0.9979095458984375,0.5494916086152454,0.5195165175102265,0.13230836142770686,0.9973816275596619,0.5293924808502212,0.7095415592193621,0.0,0.6,0.41503557562828175,0.6926798820495623,0.11592350155115158,0.6,0.7495756149292012,0.7170348167419452,0.4576755464077008,0.6,0.48021495342254766,0.8050605058670065,0.6623431444168109,0.6,0.6001060605049149,0.8208954930305503,0.6436256170272844,0.6,0.41451653838157765,0.44357728958129994,0.0,0.6,0.7172387242317219,0.7466115355491658,0.31247428059578025,0.6,0.44585791230201843,0.879920303821566,0.590441524982454,0.6,high,high,high,high,high,high,high,high,high,high,high,high,high,medium,low,medium,low,medium,low,medium,low,medium,low,high,high,medium,medium,medium,medium,medium,medium,medium,medium
400,13.333333333333334,0.490285386016598,0.277116326463251,0.0,0.9637358784675598,0.5123832926049946,0.2621677289336996,0.0,0.9653464555740356,0.5246188853170501,0.2617354299221846,0.0,0.9675876498222351,0.5347649029918498,0.26126647926432894,0.0,0.9720500707626343,0.4892708052010538,0.2629749369232256,0.0,0.9666861891746521,0.48456033216767785,0.2629877892268573,0.0,0.9691347479820251,0.47952411558244734,0.2632527035988857,0.0,0.9730221033096313,0.5644362554961444,0.26581068291808685,0.0,0.981679379940033,0.49760804080463084,0.26801635411791663,0.0,0.9635547399520874,0.516837218841474,0.2918479539853439,0.0,0.9535921812057495,0.4929163502507567,0.2927141996808271,0.0,0.9537907838821411,0.6610939122024411,0.33560089339743215,0.0,0.9995672702789307,0.490434628544433,0.32887993082577893,0.0,0.9975137710571289,0.8008547961572966,0.39190377319331593,0.0,0.7024863362312317,0.4577513260024423,0.37425536035379986,0.010781595756957616,0.21326473355293274,0.756131921059048,0.4359722782820822,0.0,0.6624740958213806,0.3806320350347987,0.3587788025260259,0.0,0.2673552632331848,0.7569021901467483,0.45412133741767924,0.0,0.6463342905044556,0.36198854501986655,0.36707142905477697,0.0,0.29756268858909607,0.733286347561507,0.44517265069179157,0.0,0.6500412225723267,0.3590860879504607,0.35300978177633136,0.0,0.3000669479370117,0.7294677582098351,0.4399765388115314,0.0,0.5783215165138245,0.3734388080510236,0.3601228496133596,0.0,0.26442065834999084,0.6399727074694261,0.5100243361124083,0.0,0.9981124401092529,0.5364612381219322,0.5035970870987254,0.08748532550888147,0.9976321458816528,0.5293924808502212,0.7095415592193621,0.0,0.6,0.41503557562828175,0.6926798820495623,0.11592350155115158,0.6,0.7495756149292012,0.7170348167419452,0.4576755464077008,0.6,0.48021495342254766,0.8050605058670065,0.6623431444168109,0.6,0.6001060605049149,0.8208954930305503,0.6436256170272844,0.6,0.41451653838157765,0.44357728958129994,0.0,0.6,0.7172387242317219,0.7466115355491658,0.31247428059578025,0.6,0.44585791230201843,0.879920303821566,0.590441524982454,0.6,high,high,high,high,high,high,high,high,high,high,high,high,high,high,low,medium,low,medium,low,medium,low,medium,low,high,high,medium,medium,medium,medium,medium,medium,medium,medium
401,13.366666666666667,0.5167203847067076,0.27365467202413407,0.0,0.9673601388931274,0.540128358594189,0.2583178629825172,0.0,0.968806266784668,0.5529340120740163,0.2582507062625225,0.0,0.970823347568512,0.5630575539348857,0.25815723971887133,0.0,0.9748407006263733,0.5112780399255832,0.258112201393346,0.0,0.9700121283531189,0.5046251366883182,0.25795766829332895,0.0,0.9722162485122681,0.49695138289378366,0.2580938476087893,0.0,0.975713849067688,0.5875978435114008,0.2640612420641188,0.0,0.9835083484649658,0.508940400151941,0.2631579509703992,0.0,0.9671781659126282,0.5408896918480227,0.2891576522158028,0.0,0.9582265615463257,0.5103721216425209,0.28943655700672555,0.0,0.9583982229232788,0.6778680262587862,0.3358718404819924,0.0,0.9996089935302734,0.4754493128169679,0.33003496693008794,0.0,0.9977425336837769,0.8101263599240163,0.39052308883978315,0.0,0.7273277640342712,0.4126620584434574,0.380064343239045,0.0,0.2228023111820221,0.7978428610554963,0.4359470471774515,0.0,0.6912285685539246,0.3568041535107415,0.35478592905409223,0.0,0.29975584149360657,0.8085403076974406,0.4570759673774394,0.0,0.6755925416946411,0.34207842344448647,0.35890686859339915,0.0,0.3310195505619049,0.7837329404059566,0.4491942736791298,0.0,0.6796466708183289,0.348914024713157,0.34420475322049904,0.0,0.335207998752594,0.7743667002880232,0.44391122898021895,0.0,0.6131033897399902,0.3632775905665827,0.3513788967143693,0.0,0.3027552366256714,0.6464254154469878,0.5083970082945493,0.0,0.9982945322990417,0.519051649770538,0.5047458407484303,0.05566533961352887,0.997855007648468,0.5293924808502212,0.7095415592193621,0.0,0.6,0.41503557562828175,0.6926798820495623,0.11592350155115158,0.6,0.7495756149292012,0.7170348167419452,0.4576755464077008,0.6,0.48021495342254766,0.8050605058670065,0.6623431444168109,0.6,0.6001060605049149,0.8208954930305503,0.6436256170272844,0.6,0.41451653838157765,0.44357728958129994,0.0,0.6,0.7172387242317219,0.7466115355491658,0.31247428059578025,0.6,0.44585791230201843,0.879920303821566,0.590441524982454,0.6,high,high,high,high,high,high,high,high,high,high,high,high,high,high,low,medium,low,medium,low,medium,low,medium,low,high,high,medium,medium,medium,medium,medium,medium,medium,medium
402,13.4,0.5620001740666829,0.27573355830910673,0.0,0.9706234931945801,0.583596365018326,0.2603222029609287,0.0,0.9719239473342896,0.5949772836028294,0.26074643763073185,0.0,0.9737392663955688,0.6038820952663349,0.2610222782010528,0.0,0.9773553013801575,0.5522794296274667,0.2586010383281403,0.0,0.9730092883110046,0.5435479018654872,0.25807705799460756,0.0,0.9749930500984192,0.5338506467970393,0.2579833781107885,0.0,0.9781404733657837,0.618595438959439,0.2674391856004593,0.0,0.9851564168930054,0.533938322798079,0.26383814194819377,0.0,0.9704515933990479,0.5787756814684362,0.2924833736775368,0.0,0.9624010324478149,0.5469155180287542,0.29178236136625496,0.0,0.9625533223152161,0.6908216165218061,0.3409195919553726,0.0,0.9996469020843506,0.4719319033733905,0.33467224101364557,0.0,0.9979541301727295,0.8130857303981758,0.39796397722128773,0.0,0.7466197609901428,0.3734894334436306,0.38699614140259464,0.0,0.23742379248142242,0.8353287863842558,0.4427505381457467,0.0,0.717479407787323,0.33407224655707213,0.3568511451735651,0.0,0.34602805972099304,0.8576351568137595,0.4651926053570713,0.0,0.7038337588310242,0.3195994880510663,0.35637554720843123,0.0,0.3814851939678192,0.832564156233294,0.4595387476585418,0.0,0.7079505324363708,0.3353459391143781,0.34325619955440867,0.0,0.3857886493206024,0.8183939943224698,0.45458594541171893,0.0,0.6467770934104919,0.3500172383996443,0.3498783786119012,0.0,0.35566073656082153,0.6543661638017596,0.5083419473576949,0.0,0.9984560012817383,0.5140602942946921,0.506860964087063,0.019747466936822597,0.9980491995811462,0.5293924808502212,0.7095415592193621,0.0,0.6,0.41503557562828175,0.6926798820495623,0.11592350155115158,0.6,0.7495756149292012,0.7170348167419452,0.4576755464077008,0.6,0.48021495342254766,0.8050605058670065,0.6623431444168109,0.6,0.6001060605049149,0.8208954930305503,0.6436256170272844,0.6,0.41451653838157765,0.44357728958129994,0.0,0.6,0.7172387242317219,0.7466115355491658,0.31247428059578025,0.6,0.44585791230201843,0.879920303821566,0.590441524982454,0.6,high,high,high,high,high,high,high,high,high,high,high,high,high,high,low,high,low,high,low,high,low,medium,low,high,high,medium,medium,medium,medium,medium,medium,medium,medium
403,13.433333333333334,0.5840879053502666,0.2632234103474035,0.0,0.9735609292984009,0.6035973913186096,0.24896804436103515,0.0,0.9747309684753418,0.6130051938664957,0.24962525545578246,0.0,0.97636479139328,0.6205175567618078,0.25031171579322126,0.0,0.9796194434165955,0.5719699933951288,0.2461362368924363,0.0,0.9757077693939209,0.5620345254461263,0.2454231972599925,0.0,0.9774929881095886,0.5512879240762952,0.24515639061416566,0.0,0.9803254008293152,0.6260695978478135,0.2577007621318317,0.0,0.986640453338623,0.5413067933423829,0.2528009298659155,0.0,0.9734024405479431,0.5939275091622553,0.28114155719886086,0.0,0.9661591053009033,0.5626882516837635,0.27957368765399804,0.0,0.9662946462631226,0.6796266000309764,0.3346218615423002,0.0,0.9996811747550964,0.46335222796126807,0.32900767490302574,0.0,0.9981266260147095,0.7984214161103721,0.39043485965484326,0.0,0.7661591172218323,0.35285690857536123,0.38415111236639055,0.0,0.2528814375400543,0.839539124832289,0.42771301715524157,0.0,0.7432275414466858,0.3399068560355758,0.361183243545342,0.0,0.37013158202171326,0.8665233961630001,0.4481589924761199,0.0,0.7301473021507263,0.3295561585115117,0.3587412164483602,0.0,0.4056818187236786,0.8439066988049153,0.44364866378146295,0.0,0.7341068983078003,0.34464543550720395,0.34921249705594826,0.0,0.4099077582359314,0.8282957060353762,0.43996292519402785,0.0,0.6782369613647461,0.3578827599267591,0.35303817435856,0.0,0.38201093673706055,0.643780359438251,0.5050725747933211,0.006332541469675636,0.9985300898551941,0.503458077257331,0.5058089936529853,0.0,0.997981607913971,0.5293924808502212,0.7095415592193621,0.0,0.6,0.41503557562828175,0.6926798820495623,0.11592350155115158,0.6,0.7495756149292012,0.7170348167419452,0.4576755464077008,0.6,0.48021495342254766,0.8050605058670065,0.6623431444168109,0.6,0.6001060605049149,0.8208954930305503,0.6436256170272844,0.6,0.41451653838157765,0.44357728958129994,0.0,0.6,0.7172387242317219,0.7466115355491658,0.31247428059578025,0.6,0.44585791230201843,0.879920303821566,0.590441524982454,0.6,high,high,high,high,high,high,high,high,high,high,high,high,high,high,low,high,low,high,low,high,low,medium,low,high,high,medium,medium,medium,medium,medium,medium,medium,medium
404,13.466666666666667,0.5929979845916212,0.26669344813117957,0.0,0.9762047529220581,0.6094839431189173,0.25257777473031845,0.0,0.9772577285766602,0.6166813929319954,0.2532988494231713,0.0,0.9787281155586243,0.6231099153176348,0.2541769244870946,0.0,0.9816573858261108,0.5791381336314433,0.24936033705453559,0.0,0.9781368970870972,0.5686894175889624,0.2486594386728778,0.0,0.9797435402870178,0.5577145325831893,0.24830603842690896,0.0,0.9822927117347717,0.6230142579212072,0.2615593735710453,0.0,0.9879762530326843,0.5405110541757184,0.25719756047764647,0.0,0.9760614633560181,0.5984414821460268,0.28468665098532725,0.0,0.9695424437522888,0.5691455567216555,0.2830792518206695,0.0,0.9696642160415649,0.6726235595894322,0.3410039339865847,0.0,0.9997115731239319,0.4552607321655846,0.33492105303110864,0.0,0.9982962012290955,0.7877824200894747,0.4049774858501418,0.0,0.7692689895629883,0.3397052333905156,0.3970606095029491,0.0,0.2807709574699402,0.8386246807925373,0.44675549239545553,0.0,0.7537195086479187,0.32682363206134335,0.3907289828037059,0.0,0.38475823402404785,0.8659914645837483,0.46627979637026074,0.0,0.7423052787780762,0.31322552871593035,0.38647998122624405,0.0,0.4207090735435486,0.8452790939446675,0.4639274820442256,0.0,0.747263491153717,0.3273350417197176,0.38306021780678823,0.0,0.4258878529071808,0.8289879093637021,0.4605009048690897,0.0,0.6950048804283142,0.3432183376836897,0.38372576472920517,0.0,0.3998214900493622,0.6360396977626933,0.5138399356450803,0.014554975867230221,0.998561441898346,0.4968003473637556,0.5145025845174203,0.0,0.9979201555252075,0.5293924808502212,0.7095415592193621,0.0,0.6,0.41503557562828175,0.6926798820495623,0.11592350155115158,0.6,0.7495756149292012,0.7170348167419452,0.4576755464077008,0.6,0.48021495342254766,0.8050605058670065,0.6623431444168109,0.6,0.6001060605049149,0.8208954930305503,0.6436256170272844,0.6,0.41451653838157765,0.44357728958129994,0.0,0.6,0.7172387242317219,0.7466115355491658,0.31247428059578025,0.6,0.44585791230201843,0.879920303821566,0.590441524982454,0.6,high,high,high,high,high,high,high,high,high,high,high,high,high,high,low,high,low,high,low,high,low,medium,low,high,high,medium,medium,medium,medium,medium,medium,medium,medium
405,13.5,0.6013515884781789,0.29274704586931677,0.0,0.9785476326942444,0.6129121908219004,0.2786700594258482,0.0,0.97943115234375,0.6190361994685565,0.27917871928159527,0.0,0.9807518124580383,0.6247981057300451,0.279920496272319,0.0,0.9834156036376953,0.5851261551146756,0.27557146698583884,0.0,0.9802576899528503,0.5745948993520597,0.2748340061911343,0.0,0.9817126989364624,0.5632508287340904,0.2745097874205714,0.0,0.9840067625045776,0.6204199322731638,0.28661176735982546,0.0,0.9891184568405151,0.5391872302913459,0.28243606872769855,0.0,0.9783303737640381,0.6034846198864489,0.31016000396721927,0.0,0.9724833369255066,0.5760632863828368,0.30856243345565254,0.0,0.9725934267044067,0.6689863521736003,0.3649635464995067,0.0,0.9997167587280273,0.4500325864011603,0.3565792022468336,0.0,0.9983687996864319,0.7696174299800334,0.43924631299950423,0.0,0.7214342355728149,0.3556836146713702,0.4192653880530593,0.0,0.3241487145423889,0.8154802700300616,0.480023057171794,0.0,0.7107716798782349,0.36469144476599447,0.421584975330425,0.0,0.4363272786140442,0.837723418688165,0.4979192019203617,0.0,0.715198278427124,0.3609695146967491,0.42312757868866935,0.0,0.4687464237213135,0.8212422891096658,0.49326007801058264,0.0,0.7236465215682983,0.37323254826185687,0.41601478205972164,0.0,0.47285065054893494,0.8080391480928278,0.4900191052532431,0.0,0.6730411648750305,0.3854648402798714,0.4174903595781004,0.0,0.4461137652397156,0.6331005603561329,0.5338133830568466,0.011192477480801495,0.9980073571205139,0.49616041522481913,0.5336539985694544,0.0,0.9972368478775024,0.5293924808502212,0.7095415592193621,0.0,0.6,0.41503557562828175,0.6926798820495623,0.11592350155115158,0.6,0.7495756149292012,0.7170348167419452,0.4576755464077008,0.6,0.48021495342254766,0.8050605058670065,0.6623431444168109,0.6,0.6001060605049149,0.8208954930305503,0.6436256170272844,0.6,0.41451653838157765,0.44357728958129994,0.0,0.6,0.7172387242317219,0.7466115355491658,0.31247428059578025,0.6,0.44585791230201843,0.879920303821566,0.590441524982454,0.6,high,high,high,high,high,high,high,high,high,high,high,high,high,high,low,high,low,high,low,high,low,medium,low,high,high,medium,medium,medium,medium,medium,medium,medium,medium
406,13.533333333333333,0.59684736842598,0.31977255097080304,0.0,0.9806730151176453,0.6055579942701039,0.30440257569571005,0.0,0.9814258217811584,0.6117439767419612,0.30428063119208143,0.0,0.982606828212738,0.6180108188193456,0.3049397908307464,0.0,0.9850239157676697,0.5782999651971135,0.30233033046577995,0.0,0.982196569442749,0.5675130418408459,0.30190837327694914,0.0,0.9835094213485718,0.5556929271260079,0.30186908985629307,0.0,0.9855797290802002,0.6147688322967599,0.3113546732700241,0.0,0.990159273147583,0.5290570409147903,0.30983262274648843,0.0,0.9803990125656128,0.6006602658814222,0.33704905632214754,0.0,0.9751564264297485,0.5720764241574265,0.3363709985376247,0.0,0.9752718806266785,0.664465039621146,0.39254484004352025,0.0,0.9997361898422241,0.4492054701129329,0.38251864097335225,0.0,0.9984983801841736,0.7264660352315677,0.4765916213150081,0.0,0.7098767161369324,0.3721436053722898,0.44311195153456584,0.0,0.34930574893951416,0.7510322697095957,0.5069938469461086,0.0,0.6902046799659729,0.3669708943589316,0.44243416204041375,0.0,0.4387089014053345,0.7657408505886605,0.5204970639346654,0.0,0.6887893676757812,0.36250530700861533,0.44348241017137213,0.0,0.46277862787246704,0.7548604614529041,0.5115380039165084,0.0,0.7002211809158325,0.3699822924631746,0.43688602457235576,0.0,0.47030961513519287,0.744382275151208,0.5091225608384429,0.0,0.653355598449707,0.3817449891483877,0.4377573613937096,0.0,0.4448356032371521,0.6294988049215943,0.5690603893953619,0.0,0.9981296062469482,0.49876931802932056,0.5648053146742456,0.010828772675091896,0.9974165558815002,0.5293924808502212,0.7095415592193621,0.0,0.6,0.41503557562828175,0.6926798820495623,0.11592350155115158,0.6,0.7495756149292012,0.7170348167419452,0.4576755464077008,0.6,0.48021495342254766,0.8050605058670065,0.6623431444168109,0.6,0.6001060605049149,0.8208954930305503,0.6436256170272844,0.6,0.41451653838157765,0.44357728958129994,0.0,0.6,0.7172387242317219,0.7466115355491658,0.31247428059578025,0.6,0.44585791230201843,0.879920303821566,0.590441524982454,0.6,high,high,high,high,high,high,high,high,high,high,high,high,high,high,low,medium,low,medium,low,high,low,medium,low,high,high,medium,medium,medium,medium,medium,medium,medium,medium
411,13.7,0.5887240400681144,0.3371747468873902,0.0,0.9825230836868286,0.5954023796917414,0.3213454341832861,0.0,0.9831101298332214,0.6019582066224743,0.3210648910287941,0.0,0.984132707118988,0.6089007365397934,0.3211458937757785,0.0,0.9863619804382324,0.569129265063294,0.3204244870544878,0.0,0.9839050769805908,0.5584555450297195,0.32035526824303245,0.0,0.985097348690033,0.5469241634115487,0.32053939959941846,0.0,0.9869814515113831,0.6085176519302793,0.3274430876428439,0.0,0.990958571434021,0.5217586254184354,0.32859141367437766,0.0,0.9822420477867126,0.5954485762091521,0.35410895693552336,0.0,0.9773668646812439,0.5663250097722733,0.3543426878663497,0.0,0.9775496125221252,0.6597276907978653,0.40968268317776235,0.0,0.9997008442878723,0.45452549282487575,0.39812920761830983,0.0,0.9986105561256409,0.6920536621745113,0.4938132432929855,0.0,0.6455937623977661,0.4064745259034894,0.45478612754172776,0.0,0.3199623227119446,0.7004850545685348,0.514116884389403,0.0,0.6249164342880249,0.3941435373468565,0.45808542761213694,0.0,0.4091062545776367,0.706916621237092,0.5234870921064938,0.0,0.6270313858985901,0.38898284042076176,0.46070469363586175,0.0,0.4388113021850586,0.7011291254094727,0.510910765343892,0.0,0.6380597352981567,0.3928762609725242,0.45503280289245496,0.0,0.44681841135025024,0.6933855668648158,0.5090937622777245,0.0,0.5954681038856506,0.4032287221132747,0.45557435034038424,0.0,0.4234088063240051,0.6214329180739715,0.5885442937170724,0.0,0.9982823133468628,0.5012402826255865,0.5807563150540391,0.017085552451120513,0.9976509809494019,0.5293924808502212,0.7095415592193621,0.0,0.6,0.41503557562828175,0.6926798820495623,0.11592350155115158,0.6,0.7495756149292012,0.7170348167419452,0.4576755464077008,0.6,0.48021495342254766,0.8050605058670065,0.6623431444168109,0.6,0.6001060605049149,0.8208954930305503,0.6436256170272844,0.6,0.41451653838157765,0.44357728958129994,0.0,0.6,0.7172387242317219,0.7466115355491658,0.31247428059578025,0.6,0.44585791230201843,0.879920303821566,0.590441524982454,0.6,high,high,high,high,high,high,high,high,high,high,high,high,high,medium,low,medium,low,medium,low,medium,low,medium,low,high,high,medium,medium,medium,medium,medium,medium,medium,medium
414,13.8,0.5905791669736669,0.33075389179177583,0.0,0.9842252135276794,0.596185040918543,0.3147471275501882,0.0,0.9847661256790161,0.603399623662999,0.3144722558679567,0.0,0.9856793880462646,0.6111583826425209,0.3141937266279776,0.0,0.9876969456672668,0.5711099674929565,0.3144890856353839,0.0,0.9854941368103027,0.5608126330764713,0.3145326597915671,0.0,0.9865678548812866,0.5501425106486533,0.3146753922486925,0.0,0.9882701635360718,0.614157046471444,0.3204349106077834,0.0,0.9918418526649475,0.5278476760104001,0.32233774905160395,0.0,0.9839929342269897,0.5996858924974666,0.3463409249529703,0.0,0.9795120358467102,0.5702960927447532,0.3470171730279376,0.0,0.9796417951583862,0.6632898404048057,0.40141570255473047,0.0,0.9997069239616394,0.4741295676826054,0.3874409293933915,0.0,0.9986980557441711,0.6719343563615598,0.4821034347538638,0.0,0.6052192449569702,0.4527152033396824,0.44096706915290884,0.0,0.2986553907394409,0.6470164219677326,0.48883666629557976,0.0,0.5689027309417725,0.42071616719097077,0.45078538715978445,0.0,0.38191479444503784,0.6410341560145931,0.49445332777805945,0.0,0.5719144344329834,0.41031198200090335,0.45544616853718556,0.0,0.4110081195831299,0.6385460532072835,0.4784701806959863,0.0,0.5832119584083557,0.41144038010866324,0.4513876025493341,0.0,0.4196687638759613,0.6357632102944094,0.4771286326966376,0.0,0.5449655652046204,0.4222232949483655,0.45132038101449834,0.0,0.396552175283432,0.6137279366557709,0.5775816858787374,0.0,0.9984138607978821,0.5068783525264637,0.5658791538996589,0.016236943151532686,0.9978541135787964,0.5293924808502212,0.7095415592193621,0.0,0.6,0.41503557562828175,0.6926798820495623,0.11592350155115158,0.6,0.7495756149292012,0.7170348167419452,0.4576755464077008,0.6,0.48021495342254766,0.8050605058670065,0.6623431444168109,0.6,0.6001060605049149,0.8208954930305503,0.6436256170272844,0.6,0.41451653838157765,0.44357728958129994,0.0,0.6,0.7172387242317219,0.7466115355491658,0.31247428059578025,0.6,0.44585791230201843,0.879920303821566,0.590441524982454,0.6,high,high,high,high,high,high,high,high,high,high,high,high,high,medium,low,medium,low,medium,low,medium,low,medium,low,high,high,medium,medium,medium,medium,medium,medium,medium,medium
415,13.833333333333334,0.585276264132877,0.3251523169187408,0.0,0.9857314825057983,0.5930206941002192,0.3092699313497218,0.0,0.9862387180328369,0.6007882274669939,0.3089742759168851,0.0,0.9870458245277405,0.6088165964557868,0.30841178045823103,0.0,0.9888852834701538,0.5696711100481622,0.3096144762072538,0.0,0.9869099259376526,0.5601413690404751,0.3097164925092314,0.0,0.987871527671814,0.5506652600559614,0.309749298301333,0.0,0.9894176125526428,0.6125137375229182,0.31408181786537254,0.0,0.9926099181175232,0.5302033238199777,0.3161817596300507,0.0,0.9855452179908752,0.5964446698591164,0.33994979131749825,0.0,0.9810613989830017,0.5675068883212311,0.3407875299453744,0.0,0.9811317920684814,0.6519412836689511,0.3919326045435358,0.0,0.9996052384376526,0.4885152720071232,0.377055021224323,0.0,0.9986159205436707,0.6455146622407704,0.47164560454986715,0.0,0.5461359024047852,0.49484963649080754,0.43190191502059927,0.0,0.27371206879615784,0.6124103023455709,0.4703483196683153,0.0,0.5129643082618713,0.4686288306346319,0.4417103642906076,0.0,0.34715503454208374,0.6021610685995424,0.47371389649131207,0.0,0.5165723562240601,0.4579920704826065,0.446685725922908,0.0,0.3742450475692749,0.6036401649455105,0.45698367847707283,0.0,0.5270103812217712,0.4560506601572605,0.44166594729834896,0.0,0.3822499215602875,0.6023268876097991,0.4554134337774257,0.0,0.49254778027534485,0.4648522155962914,0.44147614881153263,0.0,0.3608647584915161,0.596837697398692,0.564908737347122,0.0007795529583325689,0.9985405802726746,0.5069450684638581,0.5518581816505456,0.0,0.9980502724647522,0.5293924808502212,0.7095415592193621,0.0,0.6,0.41503557562828175,0.6926798820495623,0.11592350155115158,0.6,0.7495756149292012,0.7170348167419452,0.4576755464077008,0.6,0.48021495342254766,0.8050605058670065,0.6623431444168109,0.6,0.6001060605049149,0.8208954930305503,0.6436256170272844,0.6,0.41451653838157765,0.44357728958129994,0.0,0.6,0.7172387242317219,0.7466115355491658,0.31247428059578025,0.6,0.44585791230201843,0.879920303821566,0.590441524982454,0.6,high,high,high,high,high,high,high,high,high,high,high,high,high,medium,low,medium,low,medium,low,medium,low,low,low,high,high,medium,medium,medium,medium,medium,medium,medium,medium
418,13.933333333333334,0.5792861789256558,0.3190534258986417,0.0,0.9871273636817932,0.5880035248113973,0.3043121438482155,0.0,0.98756343126297,0.5955516563984635,0.3039932742124401,0.0,0.9882639050483704,0.6031369625271633,0.30321866232198513,0.0,0.989940881729126,0.5668709297558103,0.3051016155656409,0.0,0.988193690776825,0.5579566209466322,0.3051593386001529,0.0,0.9890569448471069,0.5495483737725493,0.30497145117857594,0.0,0.9904579520225525,0.6049144107561861,0.3076162305953627,0.0,0.9932664036750793,0.530428470848325,0.30927424615635546,0.0,0.9869444370269775,0.5904466916909045,0.3330350741570377,0.0,0.9826377034187317,0.5623329445754468,0.3336163557075963,0.0,0.9827025532722473,0.6240795684027522,0.3809115025963827,0.0,0.9994766712188721,0.5005374449394258,0.3678811200154143,0.0,0.9985764026641846,0.6107580864624004,0.45874632940147986,0.0,0.4946974217891693,0.5255055656105224,0.4263121883074454,0.0,0.24877268075942993,0.584134150148829,0.44768424557917164,0.0,0.465320348739624,0.5151839720341445,0.4344100092813419,0.0,0.31934788823127747,0.5738078990738446,0.4480193148265086,0.0,0.4724298119544983,0.5068936610555328,0.4386018558398839,0.0,0.35061052441596985,0.5791503653659702,0.4325355054476334,0.0,0.4825504422187805,0.5046959228310008,0.43176238436799064,0.0,0.3581600487232208,0.5797944912265802,0.4325312869254259,0.0,0.4514857530593872,0.5104215636258929,0.4316824776031488,0.0,0.33913183212280273,0.5665094730181587,0.5518964177522918,0.034067672657799974,0.9985870718955994,0.502941203006221,0.5403686231110771,0.0,0.998185932636261,0.5293924808502212,0.7095415592193621,0.0,0.6,0.41503557562828175,0.6926798820495623,0.11592350155115158,0.6,0.7495756149292012,0.7170348167419452,0.4576755464077008,0.6,0.48021495342254766,0.8050605058670065,0.6623431444168109,0.6,0.6001060605049149,0.8208954930305503,0.6436256170272844,0.6,0.41451653838157765,0.44357728958129994,0.0,0.6,0.7172387242317219,0.7466115355491658,0.31247428059578025,0.6,0.44585791230201843,0.879920303821566,0.590441524982454,0.6,high,high,high,high,high,high,high,high,high,high,high,high,high,low,low,low,low,low,low,low,low,low,low,high,high,medium,medium,medium,medium,medium,medium,medium,medium
421,14.033333333333333,0.577058806285993,0.3167264854018791,0.0,0.9883731007575989,0.5842421140982015,0.3035408195221071,0.0,0.9887297749519348,0.5899981884133859,0.3032739155498148,0.0,0.9893309473991394,0.5957616706550276,0.302481926369779,0.0,0.9908878803253174,0.5667034135415019,0.3042381164077287,0.0,0.9893332719802856,0.5593228902850133,0.3042078104677742,0.0,0.9901072978973389,0.5516205279977187,0.3038894481314376,0.0,0.991382360458374,0.5921092228594931,0.3050992288094864,0.0,0.9938912987709045,0.5326869664909137,0.30629843525536493,0.0,0.9881778955459595,0.5840263452841146,0.3292513384824597,0.0,0.9842761158943176,0.5599343077147216,0.33025007078419844,0.0,0.98433518409729,0.5863282897950346,0.3726468671174048,0.0,0.9995176196098328,0.5097668915639681,0.3604307381006397,0.0,0.9987101554870605,0.5777730529819629,0.453137610272651,0.0,0.4522269070148468,0.5452881888215095,0.4256309106216575,0.0,0.2663350999355316,0.574410050343246,0.4389795717937418,0.0,0.4294333755970001,0.5788847122575869,0.4177816046840394,0.0,0.32037171721458435,0.5669671768075117,0.43594400351975743,0.0,0.4431309998035431,0.5828934135414796,0.41798185531076126,0.0,0.3519853353500366,0.5737665295600907,0.4220502061165863,0.0,0.4523596167564392,0.5834590737775227,0.40778515020728495,0.0,0.3567453622817993,0.5745306865318687,0.42324887733637423,0.0,0.4225786626338959,0.5824413626760885,0.40944077557339364,0.0,0.33235061168670654,0.5293970442874185,0.5409416996793606,0.07438736056392307,0.9987245798110962,0.4948535464304601,0.5314858378647104,0.0,0.9983642101287842,0.5293924808502212,0.7095415592193621,0.0,0.6,0.41503557562828175,0.6926798820495623,0.11592350155115158,0.6,0.7495756149292012,0.7170348167419452,0.4576755464077008,0.6,0.48021495342254766,0.8050605058670065,0.6623431444168109,0.6,0.6001060605049149,0.8208954930305503,0.6436256170272844,0.6,0.41451653838157765,0.44357728958129994,0.0,0.6,0.7172387242317219,0.7466115355491658,0.31247428059578025,0.6,0.44585791230201843,0.879920303821566,0.590441524982454,0.6,high,high,high,high,high,high,high,high,high,high,high,high,high,low,low,low,low,low,low,low,low,low,low,high,high,medium,medium,medium,medium,medium,medium,medium,medium
422,14.066666666666666,0.5804148877695183,0.3134152586018297,0.0,0.9893838763237,0.5852895918148118,0.30161784724755797,0.0,0.9895693063735962,0.5880515889410111,0.30140032572346215,0.0,0.9900755286216736,0.5908318288398526,0.30069241636282995,0.0,0.9915974736213684,0.5739815197624543,0.30161456405977627,0.0,0.9902079701423645,0.5680451605703463,0.3011525294511198,0.0,0.9909209609031677,0.5619593166804828,0.3005025657045821,0.0,0.9921054840087891,0.5788537440322233,0.3009655043170177,0.0,0.9943832755088806,0.5400736290952834,0.30054130254091993,0.0,0.9890027046203613,0.5794100639147651,0.32404281442120997,0.0,0.9855303764343262,0.5637618984097938,0.3249043895231269,0.0,0.9855436086654663,0.5441355792792542,0.36089711297642196,0.11233879202034677,0.9995551109313965,0.5151585814280402,0.3519170729569353,0.0,0.9988188147544861,0.5521965681256129,0.4422622376527553,0.16332858064513706,0.41424837708473206,0.5518081576535211,0.42624892839740874,0.0,0.2519116699695587,0.5768864695981404,0.4280828507769091,0.09850025902955986,0.394575834274292,0.6178111163747355,0.4115888736186894,0.0,0.30895712971687317,0.5749415976184247,0.4231743554135314,0.09052120680575627,0.41019517183303833,0.6285889211929222,0.4099845445795226,0.0,0.3455686867237091,0.5831818001253637,0.41127951967688536,0.06237750745319836,0.4180839955806732,0.6307117449931625,0.39806978130118376,0.0,0.3488301634788513,0.5846192515813403,0.4145020097841483,0.08486546888634897,0.3900052607059479,0.6260695871495439,0.4003000337899714,0.0,0.32250484824180603,0.4907867006071811,0.5274899795060961,0.12333761502083397,0.998839259147644,0.48174184317633395,0.5224819727988801,0.0,0.9985120296478271,0.5293924808502212,0.7095415592193621,0.0,0.6,0.41503557562828175,0.6926798820495623,0.11592350155115158,0.6,0.7495756149292012,0.7170348167419452,0.4576755464077008,0.6,0.48021495342254766,0.8050605058670065,0.6623431444168109,0.6,0.6001060605049149,0.8208954930305503,0.6436256170272844,0.6,0.41451653838157765,0.44357728958129994,0.0,0.6,0.7172387242317219,0.7466115355491658,0.31247428059578025,0.6,0.44585791230201843,0.879920303821566,0.590441524982454,0.6,high,high,high,high,high,high,high,high,high,high,high,high,high,low,low,low,low,low,low,low,low,low,low,high,high,medium,medium,medium,medium,medium,medium,medium,medium
429,14.3,0.5607886042072515,0.29678028842786053,0.04865045786459701,0.990288257598877,0.5632904160828595,0.28564837262347104,0.06666390546152524,0.9904487133026123,0.5636025675526881,0.28535865028421437,0.066176855263663,0.990878164768219,0.5639159939227976,0.2847399089164119,0.06626694635564097,0.9923235774040222,0.5575726292072214,0.2855190484326488,0.01727283625301233,0.9910757541656494,0.5533206996384216,0.2849111735195554,0.016714154623257888,0.9917170405387878,0.5488684128770198,0.28410743805634187,0.016510592187409714,0.9928194880485535,0.5455689173895176,0.2839075608270159,0.15728097458506843,0.9948412179946899,0.5262540509372894,0.2829270909229922,0.0,0.9898795485496521,0.5541952287122656,0.30569816865287536,0.09519441986656267,0.9861392974853516,0.5454044082225912,0.3068117435439769,0.026970477692244605,0.9862169623374939,0.4847077773862242,0.3392564693947781,0.30922648018890414,0.9995692372322083,0.5065294688259262,0.33685428244528604,0.0,0.998893678188324,0.5133261145689563,0.4210732181172282,0.42055797882569257,0.3734687268733978,0.5493781664571576,0.4270796209643226,0.0,0.2538157105445862,0.5628831945099212,0.40700525364953705,0.41809014822323953,0.35647052526474,0.6495188913701037,0.41726749788075446,0.0,0.31501659750938416,0.5655898968656594,0.40022575570431174,0.43648443846922214,0.37172389030456543,0.6694829042974904,0.4174153078130364,0.0,0.343805730342865,0.5742638879444787,0.3888205162711921,0.4055742049689626,0.37889689207077026,0.6725772937416771,0.4041135960664515,0.0,0.34516486525535583,0.577487671291913,0.3948060533939274,0.40571357138750264,0.3536798655986786,0.6637906057017684,0.4053391646810911,0.0,0.3111191987991333,0.4398171291762588,0.5132165433087841,0.16617063700388685,0.9988666772842407,0.45964732168715716,0.5133522673225639,0.0,0.998591959476471,0.5293924808502212,0.7095415592193621,0.0,0.6,0.41503557562828175,0.6926798820495623,0.11592350155115158,0.6,0.7495756149292012,0.7170348167419452,0.4576755464077008,0.6,0.48021495342254766,0.8050605058670065,0.6623431444168109,0.6,0.6001060605049149,0.8208954930305503,0.6436256170272844,0.6,0.41451653838157765,0.44357728958129994,0.0,0.6,0.7172387242317219,0.7466115355491658,0.31247428059578025,0.6,0.44585791230201843,0.879920303821566,0.590441524982454,0.6,high,high,high,high,high,high,high,high,high,high,high,high,high,low,low,low,low,low,low,low,low,low,low,high,high,medium,medium,medium,medium,medium,medium,medium,medium
430,14.333333333333334,0.5453612664084905,0.30433809871857065,0.11893272302645383,0.9904228448867798,0.5448349539216596,0.2924107821671287,0.13360477480299307,0.9902546405792236,0.5432591407726987,0.2918487962309305,0.13311435567054478,0.9903614521026611,0.541688129201637,0.2912400363486416,0.13316960172567097,0.9922043085098267,0.5434708534142925,0.29234663506487946,0.07891149676919423,0.991331160068512,0.5405243411486536,0.29162081141710916,0.07837942064607362,0.9919417500495911,0.5373240967730557,0.2907005092063991,0.07820907687130116,0.9931734800338745,0.5187459089956097,0.28819992474881717,0.2041628535116197,0.9946433901786804,0.5152297616004957,0.28748935995957864,0.0,0.9899584650993347,0.5344437626136225,0.31132479526085255,0.1589690411033543,0.9834273457527161,0.5311443429171081,0.31278461954254727,0.08395788579797159,0.9846060872077942,0.44422430432204163,0.339206593784142,0.3764932729772765,0.9995507001876831,0.49411700940354575,0.3417275855035502,0.0,0.9989708065986633,0.48837914896178203,0.42967597803313806,0.5794544682636144,0.33644893765449524,0.5345508416632686,0.44972574426022005,0.0,0.2430654913187027,0.564805123286371,0.4289467342388947,0.6832990662687605,0.3212362825870514,0.6577888324960979,0.4484238766290103,0.0,0.3285011947154999,0.5756606966743395,0.42326594739805123,0.7259695240945546,0.33546045422554016,0.6830197307335487,0.45054315700953496,0.0,0.3556579351425171,0.5811545802996725,0.41206770933869385,0.6888037650457369,0.34192413091659546,0.6876617543625128,0.4357204362923738,0.0,0.3557637333869934,0.5839716960222308,0.42034882883647773,0.6715233970980563,0.31927353143692017,0.6770094703961105,0.43604300488958936,0.0,0.31030070781707764,0.4039294628691295,0.5163794296049029,0.20046227979354425,0.9988154172897339,0.4423860076007321,0.5205803548261572,0.0,0.9986240863800049,0.5293924808502212,0.7095415592193621,0.0,0.6,0.41503557562828175,0.6926798820495623,0.11592350155115158,0.6,0.7495756149292012,0.7170348167419452,0.4576755464077008,0.6,0.48021495342254766,0.8050605058670065,0.6623431444168109,0.6,0.6001060605049149,0.8208954930305503,0.6436256170272844,0.6,0.41451653838157765,0.44357728958129994,0.0,0.6,0.7172387242317219,0.7466115355491658,0.31247428059578025,0.6,0.44585791230201843,0.879920303821566,0.590441524982454,0.6,high,high,high,high,high,high,high,high,high,high,high,high,high,low,low,low,low,low,low,low,low,low,low,high,high,medium,medium,medium,medium,medium,medium,medium,medium
431,14.366666666666667,0.5359341302118115,0.3279467300101602,0.17677090968285458,0.9898934364318848,0.5323939611028139,0.31571348987537196,0.18425192611426652,0.9888477325439453,0.5291391262363456,0.31486412987008877,0.18373687616560339,0.9883626699447632,0.5261089382193875,0.3143485503874745,0.1837459384248812,0.9912378787994385,0.5335320017554558,0.3156977720680223,0.12662417744666304,0.990885853767395,0.5313026018631778,0.31487538142776794,0.12608509324056877,0.9915048480033875,0.5288511353494973,0.313849908349676,0.12593484385968123,0.9930519461631775,0.4979086353645471,0.30835541290836815,0.22423145489328727,0.9938210248947144,0.5041861982890233,0.3081859051139213,0.0,0.9888370633125305,0.5210018485854013,0.3334999400557902,0.20749413123406477,0.9775916934013367,0.5209338320440915,0.3350725958953102,0.12874540670108442,0.9796761870384216,0.41043658877586264,0.35484170503827617,0.3999283172033894,0.9995330572128296,0.4820379168837233,0.3593551017743456,0.0,0.9990347027778625,0.4572500856050535,0.44951544795836723,0.6515411520615619,0.3029128909111023,0.5172114968994572,0.470952069286979,0.0,0.24556294083595276,0.5555364335333565,0.45246370320831547,0.8392502190957698,0.2892366945743561,0.6668480208147951,0.46910721702731417,0.0,0.3414158225059509,0.5725597191801731,0.44524770384624124,0.8966941736065449,0.3022037446498871,0.7004778154524353,0.4715384519322503,0.0,0.36406487226486206,0.5782055490778336,0.4335692371382869,0.8583162868078518,0.30801671743392944,0.7063029225056007,0.45439437267941596,0.0,0.3629380762577057,0.5799770634491141,0.44336526752351996,0.8289030516185844,0.2876511812210083,0.6925097332967763,0.4545734018295807,0.0,0.3086170256137848,0.37524377459134906,0.5334150100643554,0.21981041341811686,0.9988158345222473,0.43210565175487836,0.5401047767598048,0.0,0.9986907243728638,0.5293924808502212,0.7095415592193621,0.0,0.6,0.41503557562828175,0.6926798820495623,0.11592350155115158,0.6,0.7495756149292012,0.7170348167419452,0.4576755464077008,0.6,0.48021495342254766,0.8050605058670065,0.6623431444168109,0.6,0.6001060605049149,0.8208954930305503,0.6436256170272844,0.6,0.41451653838157765,0.44357728958129994,0.0,0.6,0.7172387242317219,0.7466115355491658,0.31247428059578025,0.6,0.44585791230201843,0.879920303821566,0.590441524982454,0.6,high,high,high,high,high,high,high,high,high,high,high,high,high,low,low,low,low,low,low,low,low,low,low,high,high,medium,medium,medium,medium,medium,medium,medium,medium
432,14.4,0.5207122693528676,0.34039174499628516,0.18731001950366286,0.9907593727111816,0.514322816769839,0.32697060072060874,0.1930435965041742,0.9897547960281372,0.5113050957104002,0.3255482896085672,0.19249128385301567,0.9892807602882385,0.5084310732521391,0.32500460083946014,0.19247585220700986,0.9919458627700806,0.5161043484727834,0.32739325843768885,0.1376762952360313,0.9916945099830627,0.5136085965416661,0.32674329281548053,0.13707616451980112,0.9922646284103394,0.5109117592409231,0.3258762731279813,0.13690251100261353,0.9936782717704773,0.4808305994475095,0.3188250893965754,0.22965547654534685,0.9943478107452393,0.4849428486573959,0.32033722939747006,0.0,0.9898188710212708,0.5063717864054358,0.34580212327844984,0.2174665266235467,0.9791775345802307,0.5055108671977538,0.3483346126157374,0.14171340473708335,0.9812066555023193,0.3912928360047606,0.3665705956084476,0.40580886880278966,0.9995532035827637,0.46862497967440053,0.37377253431818247,0.0,0.9991192817687988,0.42177780156646966,0.45859543301842554,0.6993075284090927,0.2727822959423065,0.4866677582402898,0.486172526310653,0.0,0.28480860590934753,0.523076994713649,0.45407684783002,0.9750091296323278,0.2607743740081787,0.6377940950415923,0.48096117717680803,0.0,0.39157527685165405,0.5428479601453249,0.4460183956545283,1.0,0.27310052514076233,0.6736033845058984,0.4838091487928995,0.0,0.4101337790489197,0.5496501000055359,0.43299583218870297,1.0,0.27836430072784424,0.6792592413219833,0.465330336407905,0.0,0.4089124798774719,0.552285603154235,0.44483944815355697,0.9675438454448508,0.26002535223960876,0.6662839307929549,0.46553943825490673,0.0,0.34825780987739563,0.3633257443810408,0.5575577151247408,0.21390688801423155,0.9988207817077637,0.42602666990184673,0.5642469618426074,0.0,0.9987531900405884,0.5293924808502212,0.7095415592193621,0.0,0.6,0.41503557562828175,0.6926798820495623,0.11592350155115158,0.6,0.7495756149292012,0.7170348167419452,0.4576755464077008,0.6,0.48021495342254766,0.8050605058670065,0.6623431444168109,0.6,0.6001060605049149,0.8208954930305503,0.6436256170272844,0.6,0.41451653838157765,0.44357728958129994,0.0,0.6,0.7172387242317219,0.7466115355491658,0.31247428059578025,0.6,0.44585791230201843,0.879920303821566,0.590441524982454,0.6,high,high,high,high,high,high,high,high,high,high,high,high,high,low,low,low,low,low,low,low,low,low,low,high,high,medium,medium,medium,medium,medium,medium,medium,medium
433,14.433333333333334,0.5209033350288728,0.3315054491544387,0.20037202391174255,0.9916423559188843,0.5120025274358984,0.31775411359080086,0.20599863220153847,0.9907212853431702,0.5093067500974748,0.3165155139975339,0.20544393830400792,0.9902870655059814,0.5066267743810906,0.31583160509318475,0.20538119454205989,0.9927093386650085,0.5141641362841592,0.3181075790684266,0.15300965880527892,0.9924930334091187,0.5116699753385602,0.31750503085154247,0.15239287152156944,0.993008553981781,0.5089642626422269,0.3166934611636166,0.15221517503539436,0.9942870736122131,0.479969380618809,0.3105969338706049,0.24069019326275878,0.9948925375938416,0.4822002966087182,0.31202575890890133,0.002714807405363978,0.9907829165458679,0.5062848293420043,0.33748423559960267,0.22880962279913966,0.9810600280761719,0.5049825062007054,0.3396803804071914,0.1563700639701387,0.9829085469245911,0.3950713876383011,0.3589552102527979,0.4189281068342827,0.9995904564857483,0.4642486304808887,0.36702972456013994,0.0,0.9992032647132874,0.42502356520343765,0.43939829720205986,0.7447862937733846,0.2457941472530365,0.46605652813866993,0.4761936554125147,0.0,0.32031917572021484,0.5171687340402937,0.430558972216987,1.0,0.2351982593536377,0.620320308180678,0.4805488196008413,0.0,0.43598806858062744,0.537039589631808,0.42429237807547315,1.0,0.24689169228076935,0.6587895330015601,0.4878183438644544,0.0,0.45404618978500366,0.5414822048796365,0.40997391334780475,1.0,0.25160691142082214,0.6665998440244538,0.46914391355081053,0.0,0.4527759253978729,0.5450161902498812,0.42207794429816886,1.0,0.23512762784957886,0.6534710889096028,0.4690646732742695,0.0,0.3875911235809326,0.36649285795249603,0.5513849686353636,0.21405435841539258,0.9988656640052795,0.42321947863051934,0.5589704627479429,0.0,0.9988314509391785,0.52939248085022,0.7095415592193605,0.0,0.6,0.4150355756282808,0.692679882049561,0.11592350155115128,0.6,0.7495756149291991,0.7170348167419437,0.4576755464076996,0.6,0.4802149534225467,0.8050605058670046,0.6623431444168092,0.6,0.6001060605049134,0.8208954930305481,0.6436256170272826,0.6,0.4145165383815767,0.44357728958129883,0.0,0.6,0.7172387242317203,0.7466115355491637,0.3124742805957794,0.6,0.4458579123020174,0.8799203038215643,0.5904415249824526,0.6,high,high,high,high,high,high,high,high,high,high,high,high,high,low,low,low,low,low,low,low,low,low,low,high,high,medium,medium,medium,medium,medium,medium,medium,medium
434,14.466666666666667,0.5230672203855357,0.319008200492337,0.1756678126179251,0.9923160076141357,0.5127479160304389,0.30508914912914087,0.18371635671956837,0.9914059638977051,0.5109045024101551,0.30409329643338456,0.1831527445942927,0.9909701943397522,0.5088546405305394,0.3033464233497364,0.1830534670666935,0.993285059928894,0.5143067568610044,0.3053511608661198,0.13282907598745267,0.9931127429008484,0.5117665321537943,0.30476964860807254,0.13219193225869746,0.9935863018035889,0.5089011823797559,0.30398878614941416,0.13198549760666203,0.9947691559791565,0.48423772654333314,0.3001348923692062,0.2290326368219994,0.9953289031982422,0.4811670641590666,0.3007941744474824,0.0006918411089714416,0.9914025068283081,0.5084092774730187,0.326247823266161,0.20676821312218,0.9822590351104736,0.5062314415033596,0.327790067398743,0.1371948409278489,0.9839814901351929,0.40960682609003457,0.3505585333614645,0.41356596347196406,0.9996187686920166,0.458420401512882,0.3588786817444513,0.0,0.9992766380310059,0.4387901779307629,0.41879120274579396,0.7611661509617228,0.22148708999156952,0.44677643762740793,0.4643390246412979,0.0,0.3677298426628113,0.5175975271455058,0.40612446928357815,1.0,0.21216973662376404,0.6026690022234039,0.4777636670079822,0.0,0.4812968671321869,0.5362838162825662,0.4022186192182396,1.0,0.22323086857795715,0.642817250915341,0.48878464269471344,0.0,0.49741488695144653,0.5380426529959923,0.3871985834378468,1.0,0.2274072915315628,0.6524012088080944,0.4703270360514836,0.0,0.49595314264297485,0.542075161194746,0.39865748632899023,1.0,0.21260273456573486,0.6392224481055789,0.46997665851822024,0.0,0.4298723042011261,0.37948393057554214,0.5437632264235084,0.20996516852667851,0.9989348649978638,0.42072910216304793,0.5521006518866355,0.0,0.9989160299301147,0.5293924808502198,0.7095415592193605,0.0,0.6,0.4150355756282808,0.692679882049561,0.11592350155115128,0.6,0.7495756149291989,0.7170348167419437,0.4576755464076996,0.6,0.48021495342254666,0.8050605058670046,0.6623431444168093,0.6,0.6001060605049134,0.820895493030548,0.6436256170272826,0.6,0.41451653838157665,0.44357728958129883,0.0,0.6,0.7172387242317202,0.7466115355491637,0.3124742805957794,0.6,0.4458579123020173,0.8799203038215642,0.5904415249824525,0.6,high,high,high,high,high,high,high,high,high,high,high,high,high,low,low,low,low,low,low,low,low,low,low,high,high,medium,medium,medium,medium,medium,medium,medium,medium
435,14.5,0.524994309270854,0.3060831795761363,0.10415409685987367,0.9928238391876221,0.5148391941766357,0.2921353594545443,0.11767792594043802,0.9918552041053772,0.514362445939115,0.29133639253658583,0.11709208091794736,0.991331160068512,0.5133520973312271,0.29067681149725055,0.11697717193331723,0.993669331073761,0.5147232752302032,0.29234520938151964,0.0675573333455268,0.9935898780822754,0.5121626980376965,0.2917395372699195,0.06689301222597493,0.9940333962440491,0.5090129528290185,0.2909425906923826,0.06662392184694046,0.9951738715171814,0.4916166609678513,0.2905541049155882,0.1892417040859763,0.9955698847770691,0.4799500876790161,0.2896646774940561,0.0,0.9917599558830261,0.5102525679937333,0.3152500015872347,0.14376486055900292,0.9829299449920654,0.5071147384343442,0.3158818339551249,0.07515081732874666,0.9846352934837341,0.4323136102069506,0.3446403975253345,0.38694646725287796,0.9996247291564941,0.44880449570420206,0.35280459924733465,0.0,0.9993419051170349,0.4596363864578564,0.4027523492877584,0.7448008977449859,0.19961479306221008,0.4295633401904074,0.45582295158804226,0.0,0.41520988941192627,0.5241682669777412,0.3877583877606833,1.0,0.19170500338077545,0.5875176503941728,0.47514213645930625,0.0,0.5267240405082703,0.5407604029128603,0.38638947073952035,1.0,0.20229293406009674,0.6284114221037134,0.48800201335431265,0.0,0.5408737063407898,0.5399698349701498,0.37168064623168073,1.0,0.20601218938827515,0.6388324713095642,0.470052958924176,0.0,0.5393753051757812,0.5437673613741683,0.3815724871931103,1.0,0.19265210628509521,0.6255233173881658,0.46948048097270373,0.0,0.4732325077056885,0.40076078471048193,0.539027431489149,0.20237856971356155,0.9989548325538635,0.41698051318699925,0.5480870243969498,0.0,0.9989678859710693,0.5293924808502198,0.7095415592193605,0.0,0.6,0.4150355756282808,0.692679882049561,0.11592350155115128,0.6,0.7495756149291987,0.7170348167419437,0.45767554640769953,0.6,0.4802149534225466,0.8050605058670044,0.6623431444168093,0.6,0.6001060605049134,0.8208954930305479,0.6436256170272825,0.6,0.41451653838157654,0.4435772895812987,0.0,0.6,0.7172387242317201,0.7466115355491637,0.3124742805957795,0.6,0.4458579123020173,0.879920303821564,0.5904415249824525,0.6,high,high,high,high,high,high,high,high,high,high,high,high,high,low,low,low,medium,low,medium,low,medium,low,low,high,high,medium,medium,medium,medium,medium,medium,medium,medium
436,14.533333333333333,0.5244749855328268,0.2959135669719927,0.0,0.9934300780296326,0.5165565734976652,0.2820523966859274,0.0,0.9925004243850708,0.5179446739750305,0.28129955792760514,0.0,0.9919636249542236,0.5183565704138963,0.2809505254238637,0.0,0.9941409826278687,0.5136047564186413,0.2823109301653778,0.0,0.994159460067749,0.5111229040405965,0.28161708802193236,0.0,0.9945684671401978,0.5075900083655241,0.28073521739953083,0.0,0.9956116080284119,0.500087207639134,0.28496971153296,0.11587629191759763,0.9958721399307251,0.47665630353914273,0.2816594695294657,0.0,0.9924635291099548,0.5093221380994037,0.3076478858719346,0.032222128075944295,0.9841251373291016,0.5054894623222879,0.30717384044107054,0.0,0.985896110534668,0.46060619883603937,0.3444606353352959,0.33629364671407025,0.999607503414154,0.4330651159886716,0.3522926704450088,0.0,0.9993937015533447,0.4841209374941307,0.3972599364660842,0.6920443318940545,0.18032747507095337,0.415153089311573,0.4558597538437883,0.0,0.4683624505996704,0.5366858464854577,0.38244577637919247,0.9661721439211511,0.17719292640686035,0.5775437259173892,0.47522064501589006,0.0,0.5679594278335571,0.5506491123379527,0.38339728429600906,1.0,0.19026733934879303,0.6182969304231501,0.4867644239138891,0.0,0.577576756477356,0.5479021414176569,0.3704309055021597,0.9859914189868867,0.19389107823371887,0.6280627671655243,0.4694949371831404,0.0,0.575793445110321,0.5503976361734884,0.3778173598376191,0.9571686785121052,0.180983766913414,0.6143590057646482,0.46878122762366614,0.0,0.506744921207428,0.4287852428176187,0.5415125268322609,0.19203381334151437,0.9990319609642029,0.41039868438994115,0.5513790754171518,0.0,0.9990489482879639,0.5293924808502197,0.7095415592193602,0.0,0.6,0.4150355756282808,0.6926798820495609,0.11592350155115129,0.6,0.7495756149291984,0.7170348167419436,0.45767554640769936,0.6,0.4802149534225465,0.8050605058670042,0.6623431444168094,0.6,0.6001060605049132,0.8208954930305478,0.6436256170272824,0.6,0.41451653838157637,0.4435772895812986,0.0,0.6,0.7172387242317197,0.7466115355491637,0.3124742805957795,0.6,0.44585791230201727,0.8799203038215638,0.5904415249824524,0.6,high,high,high,high,high,high,high,high,high,high,high,high,high,low,low,low,medium,low,medium,low,medium,low,medium,high,high,medium,medium,medium,medium,medium,medium,medium,medium
437,14.566666666666666,0.5192996330194534,0.2916825432460628,0.0,0.9936672449111938,0.5161802656167033,0.2779999129422064,0.0,0.9924455285072327,0.5199152798085774,0.2770375482269098,0.0,0.9916698336601257,0.5221054854092899,0.27729532101771215,0.0,0.993982195854187,0.5091422654532046,0.27846952876844616,0.0,0.9944267272949219,0.5069115812128236,0.2776046920489601,0.0,0.9948549270629883,0.5029227833647824,0.276547008877868,0.0,0.9958946704864502,0.5076303903039519,0.28649685224453103,0.0034952971797717718,0.9956508278846741,0.4693926481100229,0.27980075203455446,0.0,0.9928634166717529,0.5031254249852853,0.306598591429371,0.0,0.9841499328613281,0.49921267849582013,0.30488424722131346,0.0,0.986457109451294,0.4918990508242913,0.3532790793822368,0.25883153039258633,0.9995664358139038,0.4088664653001133,0.3608280887136926,0.0,0.9994343519210815,0.5088025777489983,0.40829216391890244,0.5992502511798083,0.16265293955802917,0.40428153847480974,0.46966374899957597,0.0,0.49402204155921936,0.5549551586171123,0.397171683869996,0.746113019493909,0.15994177758693695,0.5754247020174573,0.48053560973881015,0.0,0.5648574829101562,0.5661297073731051,0.39983441154439936,0.7838739829880357,0.1722952127456665,0.6151986597301247,0.48636584244407977,0.0,0.5657576322555542,0.5624779629540609,0.3904601650221369,0.7288799300477212,0.17557020485401154,0.6222612320126355,0.46982622584262956,0.0,0.5608608722686768,0.5622708309780464,0.3943865172096069,0.7275460617733982,0.1640012115240097,0.6077148222423105,0.4690839854570534,0.0,0.48560088872909546,0.46201912735725603,0.5555534554528194,0.17967015077600962,0.9991240501403809,0.3994085884594415,0.5664263000855077,0.0,0.9991406798362732,0.5293924808502196,0.70954155921936,0.0,0.6,0.4150355756282808,0.6926798820495605,0.11592350155115128,0.6,0.7495756149291981,0.7170348167419432,0.45767554640769914,0.6,0.4802149534225464,0.8050605058670038,0.6623431444168094,0.6,0.600106060504913,0.8208954930305477,0.6436256170272822,0.6,0.41451653838157615,0.4435772895812984,0.0,0.6,0.7172387242317193,0.7466115355491636,0.31247428059577953,0.6,0.44585791230201727,0.8799203038215635,0.5904415249824523,0.6,high,high,high,high,high,high,high,high,high,high,high,high,high,low,low,low,medium,low,medium,low,medium,low,low,high,high,medium,medium,medium,medium,medium,medium,medium,medium
