frame,timestamp,NOSE_x,NOSE_y,NOSE_z,NOSE_visibility,LEFT_EYE_INNER_x,LEFT_EYE_INNER_y,LEFT_EYE_INNER_z,LEFT_EYE_INNER_visibility,LEFT_EYE_x,LEFT_EYE_y,LEFT_EYE_z,LEFT_EYE_visibility,LEFT_EYE_OUTER_x,LEFT_EYE_OUTER_y,LEFT_EYE_OUTER_z,LEFT_EYE_OUTER_visibility,RIGHT_EYE_INNER_x,RIGHT_EYE_INNER_y,RIGHT_EYE_INNER_z,RIGHT_EYE_INNER_visibility,RIGHT_EYE_x,RIGHT_EYE_y,RIGHT_EYE_z,RIGHT_EYE_visibility,RIGHT_EYE_OUTER_x,RIGHT_EYE_OUTER_y,RIGHT_EYE_OUTER_z,RIGHT_EYE_OUTER_visibility,LEFT_EAR_x,LEFT_EAR_y,LEFT_EAR_z,LEFT_EAR_visibility,RIGHT_EAR_x,RIGHT_EAR_y,RIGHT_EAR_z,RIGHT_EAR_visibility,MOUTH_LEFT_x,MOUTH_LEFT_y,MOUTH_LEFT_z,MOUTH_LEFT_visibility,MOUTH_RIGHT_x,MOUTH_RIGHT_y,MOUTH_RIGHT_z,MOUTH_RIGHT_visibility,LEFT_SHOULDER_x,LEFT_SHOULDER_y,LEFT_SHOULDER_z,LEFT_SHOULDER_visibility,RIGHT_SHOULDER_x,RIGHT_SHOULDER_y,RIGHT_SHOULDER_z,RIGHT_SHOULDER_visibility,LEFT_ELBOW_x,LEFT_ELBOW_y,LEFT_ELBOW_z,LEFT_ELBOW_visibility,RIGHT_ELBOW_x,RIGHT_ELBOW_y,RIGHT_ELBOW_z,RIGHT_ELBOW_visibility,LEFT_WRIST_x,LEFT_WRIST_y,LEFT_WRIST_z,LEFT_WRIST_visibility,RIGHT_WRIST_x,RIGHT_WRIST_y,RIGHT_WRIST_z,RIGHT_WRIST_visibility,LEFT_PINKY_x,LEFT_PINKY_y,LEFT_PINKY_z,LEFT_PINKY_visibility,RIGHT_PINKY_x,RIGHT_PINKY_y,RIGHT_PINKY_z,RIGHT_PINKY_visibility,LEFT_INDEX_x,LEFT_INDEX_y,LEFT_INDEX_z,LEFT_INDEX_visibility,RIGHT_INDEX_x,RIGHT_INDEX_y,RIGHT_INDEX_z,RIGHT_INDEX_visibility,LEFT_THUMB_x,LEFT_THUMB_y,LEFT_THUMB_z,LEFT_THUMB_visibility,RIGHT_THUMB_x,RIGHT_THUMB_y,RIGHT_THUMB_z,RIGHT_THUMB_visibility,LEFT_HIP_x,LEFT_HIP_y,LEFT_HIP_z,LEFT_HIP_visibility,RIGHT_HIP_x,RIGHT_HIP_y,RIGHT_HIP_z,RIGHT_HIP_visibility,LEFT_KNEE_x,LEFT_KNEE_y,LEFT_KNEE_z,LEFT_KNEE_visibility,RIGHT_KNEE_x,RIGHT_KNEE_y,RIGHT_KNEE_z,RIGHT_KNEE_visibility,LEFT_ANKLE_x,LEFT_ANKLE_y,LEFT_ANKLE_z,LEFT_ANKLE_visibility,RIGHT_ANKLE_x,RIGHT_ANKLE_y,RIGHT_ANKLE_z,RIGHT_ANKLE_visibility,LEFT_HEEL_x,LEFT_HEEL_y,LEFT_HEEL_z,LEFT_HEEL_visibility,RIGHT_HEEL_x,RIGHT_HEEL_y,RIGHT_HEEL_z,RIGHT_HEEL_visibility,LEFT_FOOT_INDEX_x,LEFT_FOOT_INDEX_y,LEFT_FOOT_INDEX_z,LEFT_FOOT_INDEX_visibility,RIGHT_FOOT_INDEX_x,RIGHT_FOOT_INDEX_y,RIGHT_FOOT_INDEX_z,RIGHT_FOOT_INDEX_visibility
8,0.26666666666666666,0.7346283793449402,0.5519736409187317,0.49220889806747437,0.9967384934425354,0.7362806797027588,0.5563259124755859,0.5341275930404663,0.9940085411071777,0.7343640923500061,0.5571287274360657,0.5338221788406372,0.9943647384643555,0.7319654822349548,0.5577878355979919,0.533870279788971,0.9948437213897705,0.7441559433937073,0.5525152683258057,0.5257283449172974,0.9971893429756165,0.7470388412475586,0.55083829164505,0.5253914594650269,0.9980462789535522,0.7502793073654175,0.5492432117462158,0.5253666639328003,0.9978341460227966,0.734377384185791,0.5523599982261658,0.6600457429885864,0.996008038520813,0.7610384821891785,0.5399434566497803,0.6171801686286926,0.9945565462112427,0.7311195135116577,0.5457425117492676,0.5354633927345276,0.9872891902923584,0.7398227453231812,0.5419747829437256,0.5207698941230774,0.9875718355178833,0.7309717535972595,0.5390645265579224,0.5175183415412903,0.9999474287033081,0.7619798183441162,0.505535364151001,0.6039044857025146,0.999555766582489,0.7135928869247437,0.5317942500114441,0.2706579864025116,0.061580151319503784,0.7625278234481812,0.4842085838317871,0.4046576917171478,0.014678399078547955,0.7548271417617798,0.5344433188438416,0.008274479769170284,0.1711455136537552,0.7513839602470398,0.4769640564918518,0.21509696543216705,0.06069765239953995,0.7655442357063293,0.5377132296562195,-0.048802874982357025,0.29700523614883423,0.7457208633422852,0.47526711225509644,0.17578084766864777,0.13122239708900452,0.7716391086578369,0.5392255783081055,-0.025018662214279175,0.27071046829223633,0.746334433555603,0.4788352847099304,0.18210247159004211,0.1199876070022583,0.7695035934448242,0.5367084741592407,0.010592790320515633,0.2142075151205063,0.7495149374008179,0.48017987608909607,0.20943981409072876,0.10493343323469162,0.6438931226730347,0.48139476776123047,-0.06428937613964081,0.9999263286590576,0.6510015726089478,0.4594857096672058,0.06292762607336044,0.999921441078186,0.7877572178840637,0.42214733362197876,-0.1825861781835556,0.9704410433769226,0.7690072059631348,0.4186387062072754,-0.05723927170038223,0.624146044254303,0.7607110142707825,0.33747804164886475,-0.31865841150283813,0.8957381844520569,0.7751002907752991,0.3313096761703491,-0.18543663620948792,0.7526313066482544,0.7409422397613525,0.32298779487609863,-0.33459556102752686,0.9746323227882385,0.7517165541648865,0.3176718056201935,-0.2020825445652008,0.9614307284355164,0.78606116771698,0.30850154161453247,-0.46902573108673096,0.9681748747825623,0.8215636610984802,0.30259788036346436,-0.3369985520839691,0.9239499568939209
9,0.3,0.7242133021354675,0.5597541332244873,0.6309362649917603,0.9970168471336365,0.7284387946128845,0.5611370205879211,0.6840468645095825,0.9945418834686279,0.7283821105957031,0.5611781477928162,0.683820903301239,0.9948444962501526,0.7281171083450317,0.5613169074058533,0.6838192343711853,0.9952975511550903,0.7327812314033508,0.558763861656189,0.6521415114402771,0.9974510669708252,0.7342995405197144,0.5580881237983704,0.6516831517219543,0.9982280731201172,0.7361429929733276,0.5575142502784729,0.6515194773674011,0.9980393052101135,0.7187333703041077,0.5575267672538757,0.8091655373573303,0.9963520169258118,0.7431749105453491,0.5516757965087891,0.6600398421287537,0.9950629472732544,0.7191048264503479,0.5535906553268433,0.6718361377716064,0.988326370716095,0.7289718389511108,0.5533965229988098,0.62694251537323,0.9885676503181458,0.6966917514801025,0.5420681238174438,0.7398359775543213,0.999940812587738,0.75291508436203,0.519463062286377,0.4653738737106323,0.9995836615562439,0.7135928869247437,0.5424218773841858,0.7341833114624023,0.05572647601366043,0.7782107591629028,0.5141134262084961,0.07626523822546005,0.03289717435836792,0.7494430541992188,0.5427078008651733,0.7050663232803345,0.15551714599132538,0.7677584290504456,0.5511085987091064,-0.17952483892440796,0.06456983089447021,0.7544936537742615,0.5416792631149292,0.7086620926856995,0.2718828618526459,0.757439911365509,0.5490964651107788,-0.24690552055835724,0.13089334964752197,0.7592572569847107,0.5432595610618591,0.7059755325317383,0.248123899102211,0.7538520097732544,0.554176926612854,-0.19457334280014038,0.11815472692251205,0.7592371702194214,0.5437896251678467,0.701978325843811,0.19714054465293884,0.7575436234474182,0.5521291494369507,-0.1669851839542389,0.10293537378311157,0.6089097857475281,0.48106223344802856,0.05177190154790878,0.9999306797981262,0.6412492990493774,0.46338003873825073,-0.05274033546447754,0.9999268054962158,0.6842302083969116,0.3906680941581726,-0.09503241628408432,0.9567408561706543,0.7204694151878357,0.3993138372898102,-0.20829181373119354,0.6424998641014099,0.8000801205635071,0.33074435591697693,-0.22281435132026672,0.8281503915786743,0.8188697099685669,0.3421995937824249,-0.33555421233177185,0.6986969709396362,0.808099091053009,0.32072019577026367,-0.23741817474365234,0.9634450078010559,0.823427677154541,0.33639830350875854,-0.34754249453544617,0.9468445777893066,0.8585621118545532,0.30539125204086304,-0.37407925724983215,0.9520831108093262,0.859873354434967,0.32244813442230225,-0.4820876717567444,0.906197726726532
10,0.3333333333333333,0.6954860091209412,0.559295654296875,0.4597841799259186,0.9972561597824097,0.6995419263839722,0.5607118606567383,0.505967378616333,0.9950277805328369,0.6996229887008667,0.5609163045883179,0.5056502223014832,0.9953062534332275,0.6977224946022034,0.5611897706985474,0.5056850910186768,0.9957196712493896,0.7003459334373474,0.559688925743103,0.4903225004673004,0.9976783990859985,0.7029972672462463,0.5584398508071899,0.4899556040763855,0.9983861446380615,0.7060032486915588,0.5573252439498901,0.4898379445075989,0.9982103109359741,0.6816129088401794,0.5577646493911743,0.6298468112945557,0.9966644644737244,0.7109470963478088,0.5494973659515381,0.5551272630691528,0.9954696893692017,0.6882273554801941,0.5531783103942871,0.5000569820404053,0.9892446994781494,0.69514399766922,0.5513779520988464,0.47642654180526733,0.9893807768821716,0.6561089754104614,0.5419057011604309,0.5142920613288879,0.9999406337738037,0.7110455632209778,0.5174046754837036,0.4659702777862549,0.9995954632759094,0.6622244715690613,0.5405930876731873,0.3431083858013153,0.05358384922146797,0.7286459803581238,0.5118703246116638,0.1914832890033722,0.03320545703172684,0.7157052755355835,0.5415278673171997,0.16724075376987457,0.1555151492357254,0.7273707985877991,0.534328818321228,-0.03587934002280235,0.07477390766143799,0.7256373763084412,0.5414894223213196,0.139681875705719,0.27790477871894836,0.7237456440925598,0.5384365320205688,-0.08702608942985535,0.15102706849575043,0.7370315790176392,0.5432018041610718,0.150711789727211,0.2546459138393402,0.7253449559211731,0.5433988571166992,-0.07069205492734909,0.13643081486225128,0.7344446182250977,0.5433213710784912,0.16875547170639038,0.20101720094680786,0.7282442450523376,0.541552722454071,-0.03757724538445473,0.11654623597860336,0.5658484101295471,0.4805522561073303,0.0024744791444391012,0.9999210238456726,0.5940278172492981,0.4567941725254059,-0.003592486958950758,0.9999193549156189,0.6862315535545349,0.4422626495361328,-0.11900627613067627,0.9520650506019592,0.6939114332199097,0.4035375714302063,-0.2104448527097702,0.6578249335289001,0.8365260362625122,0.39768415689468384,-0.4369240701198578,0.835970938205719,0.7878003716468811,0.35426634550094604,-0.35858163237571716,0.6964909434318542,0.8398551344871521,0.3813400864601135,-0.4698081910610199,0.965675413608551,0.7936385273933411,0.3448374569416046,-0.37361472845077515,0.9472764134407043,0.9151980876922607,0.3981841504573822,-0.6248024702072144,0.9543720483779907,0.8339217305183411,0.3403124213218689,-0.5017901659011841,0.9045811295509338
11,0.36666666666666664,0.6835460662841797,0.5432718396186829,0.47875162959098816,0.9975230097770691,0.6835801005363464,0.5443223714828491,0.5237173438072205,0.9955062866210938,0.6821718215942383,0.5442409515380859,0.5234079957008362,0.9957633018493652,0.6861110329627991,0.541999876499176,0.5234351754188538,0.9961332678794861,0.6925767660140991,0.5424256920814514,0.5051803588867188,0.9979008436203003,0.6966540813446045,0.5413492918014526,0.5048839449882507,0.9985421895980835,0.7010664343833923,0.5404218435287476,0.5048553943634033,0.9983800649642944,0.6885477304458618,0.5358642935752869,0.6439862847328186,0.9969927668571472,0.7216770648956299,0.5289337038993835,0.5544897317886353,0.9958985447883606,0.6872808933258057,0.5346229672431946,0.5189926624298096,0.9902992248535156,0.6967689394950867,0.5338460206985474,0.4955224394798279,0.9904138445854187,0.6783505082130432,0.5216064453125,0.5346670746803284,0.9999464750289917,0.7539557814598083,0.48369351029396057,0.4946264624595642,0.999634861946106,0.6156594157218933,0.5228854417800903,0.3429911732673645,0.07365633547306061,0.7373032569885254,0.4760412573814392,0.1799837350845337,0.03824485093355179,0.6852152943611145,0.5366851091384888,0.10514115542173386,0.19422608613967896,0.7304027080535889,0.5285834670066833,-0.03238800913095474,0.09366004168987274,0.7029688954353333,0.5381442308425903,0.064033143222332,0.31159451603889465,0.7159968614578247,0.5347033739089966,-0.08386343717575073,0.1684541553258896,0.7175729274749756,0.542356014251709,0.09290175884962082,0.28426674008369446,0.7201981544494629,0.5399543642997742,-0.046220116317272186,0.14869287610054016,0.7162636518478394,0.5412911176681519,0.11157111078500748,0.22496092319488525,0.7254750728607178,0.5367738008499146,-0.0249815434217453,0.12263448536396027,0.585903525352478,0.4545428156852722,-0.012846026569604874,0.9999231696128845,0.6534370183944702,0.4281265139579773,0.011513369157910347,0.9999186396598816,0.7169808149337769,0.5024154186248779,-0.13961440324783325,0.9506559371948242,0.7873227596282959,0.44487565755844116,-0.06830096989870071,0.6735052466392517,0.7709295749664307,0.4715431332588196,-0.37987345457077026,0.8051829934120178,0.847723126411438,0.3530775010585785,-0.2989075183868408,0.686927855014801,0.7581220865249634,0.4547637104988098,-0.4043850898742676,0.9653221964836121,0.8200342059135437,0.3388180732727051,-0.30635789036750793,0.9504620432853699,0.8269940614700317,0.4778645634651184,-0.5393480062484741,0.9482957124710083,0.9289193749427795,0.33264651894569397,-0.4885377585887909,0.9082719683647156
12,0.4,0.842363715171814,0.47232913970947266,0.35708087682724,0.957728922367096,0.8454583287239075,0.47741442918777466,0.3710692524909973,0.9533518552780151,0.844112753868103,0.47898954153060913,0.3706693947315216,0.9548754096031189,0.8426662683486938,0.48028430342674255,0.37068358063697815,0.9671650528907776,0.8508197069168091,0.4738721251487732,0.3742067515850067,0.9641962051391602,0.8524491190910339,0.47304391860961914,0.37376174330711365,0.9657856225967407,0.8544204831123352,0.4723106324672699,0.37364691495895386,0.9696177244186401,0.8379905819892883,0.4867761731147766,0.39741769433021545,0.9824159145355225,0.8573397397994995,0.47472578287124634,0.41337838768959045,0.9438732266426086,0.8328849077224731,0.473430335521698,0.36946776509284973,0.9695504307746887,0.8363446593284607,0.47012242674827576,0.37153980135917664,0.9600896239280701,0.7720279097557068,0.4995368421077728,0.3191930055618286,0.9999484419822693,0.8614898920059204,0.45913562178611755,0.3352013826370239,0.9996492266654968,0.6204231381416321,0.49441879987716675,0.12031643837690353,0.06662347912788391,0.7965368628501892,0.4379417300224304,0.12337076663970947,0.034488361328840256,0.6907333135604858,0.5121305584907532,-0.10986900329589844,0.1775028109550476,0.8326807618141174,0.46030569076538086,-0.09692466259002686,0.08554642647504807,0.7117900252342224,0.5234836935997009,-0.14521420001983643,0.28668421506881714,0.84114009141922,0.4657663404941559,-0.14652429521083832,0.15462325513362885,0.7194578647613525,0.5257951021194458,-0.13676220178604126,0.26191192865371704,0.8551769852638245,0.47084465622901917,-0.13131055235862732,0.13657385110855103,0.7425307631492615,0.5220822691917419,-0.11028783768415451,0.20665453374385834,0.8522287011146545,0.4703039526939392,-0.10010556131601334,0.11219135671854019,0.6820532083511353,0.43574970960617065,-0.007738636806607246,0.9999172687530518,0.7549095749855042,0.4203837513923645,0.006760076619684696,0.9999102354049683,0.6318351626396179,0.47281211614608765,-0.04866470396518707,0.8594731688499451,0.7754331231117249,0.43579602241516113,-0.16651716828346252,0.6123119592666626,0.7365811467170715,0.4497792720794678,0.07383433729410172,0.7254191637039185,0.8438769578933716,0.38566553592681885,-0.2857818305492401,0.6224148273468018,0.7454655766487122,0.44266724586486816,0.08629642426967621,0.8718279600143433,0.8310169577598572,0.37198570370674133,-0.273589164018631,0.8662886619567871,0.7782478928565979,0.4447270929813385,0.05054226890206337,0.8545882105827332,0.9066914916038513,0.37603089213371277,-0.30291667580604553,0.8220572471618652
15,0.5,0.9063835740089417,0.13686475157737732,-0.18654046952724457,0.9161636233329773,0.9239457845687866,0.1189141497015953,-0.24396666884422302,0.901530921459198,0.9281697869300842,0.11916625499725342,-0.24442893266677856,0.8988004922866821,0.9321063756942749,0.11929142475128174,-0.24440741539001465,0.9183210134506226,0.9260364770889282,0.11833357810974121,-0.1715824455022812,0.9181596636772156,0.9317154884338379,0.11820175498723984,-0.17237059772014618,0.9255801439285278,0.9374778866767883,0.11772718280553818,-0.17299431562423706,0.9405381083488464,0.9739630222320557,0.1275387406349182,-0.4298996925354004,0.9460967779159546,0.9787983298301697,0.12557604908943176,-0.09928523004055023,0.9189949631690979,0.9247673749923706,0.15717363357543945,-0.24057510495185852,0.9282186627388,0.9263140559196472,0.15706223249435425,-0.14904101192951202,0.9156208634376526,0.9440126419067383,0.22677405178546906,-0.48554694652557373,0.9984973073005676,1.1029878854751587,0.22196166217327118,-0.0032023154199123383,0.9990437030792236,0.8769172430038452,0.38054195046424866,-0.5621613264083862,0.06170506402850151,1.0608776807785034,0.36580491065979004,0.04331592470407486,0.031190909445285797,0.8193680047988892,0.4764114022254944,-0.3849591016769409,0.16004317998886108,0.9276528358459473,0.4463459849357605,0.09685638546943665,0.07708942145109177,0.8198605179786682,0.4951102137565613,-0.3911875784397125,0.2585102319717407,0.8890910744667053,0.458059698343277,0.11993397772312164,0.1392967849969864,0.8080486059188843,0.49159979820251465,-0.38883066177368164,0.23620758950710297,0.8762288689613342,0.465701162815094,0.07576350122690201,0.12305515259504318,0.8104235529899597,0.48452892899513245,-0.3758755028247833,0.1864079385995865,0.89247065782547,0.46233105659484863,0.0776776522397995,0.10116291791200638,0.882750391960144,0.3901548385620117,-0.14796970784664154,0.9983929395675659,0.980391800403595,0.3830296993255615,0.1470016986131668,0.9993090033531189,0.6223368644714355,0.4530007839202881,-0.18191002309322357,0.7794326543807983,0.8999113440513611,0.4265812039375305,0.15361744165420532,0.5534749031066895,0.8381325602531433,0.38483765721321106,-0.01812467724084854,0.6570082306861877,0.8427144289016724,0.46241241693496704,0.1532524675130844,0.5641293525695801,0.8844655156135559,0.37373998761177063,0.0049233585596084595,0.7918576598167419,0.8305519223213196,0.4602002203464508,0.16138219833374023,0.78574538230896,0.8279889225959778,0.3622434139251709,0.0943901464343071,0.7738078236579895,0.8150380253791809,0.4862900376319885,0.23382045328617096,0.743591845035553
16,0.5333333333333333,0.9047032594680786,0.14188961684703827,-0.4082566201686859,0.8816798329353333,0.9195384383201599,0.12380059063434601,-0.4858408272266388,0.8637056946754456,0.9231449365615845,0.12387941777706146,-0.486413836479187,0.858008086681366,0.9264428615570068,0.1237909346818924,-0.4864383339881897,0.8788166046142578,0.9220277667045593,0.12323995679616928,-0.4241310656070709,0.8852509260177612,0.9275545477867126,0.12279193103313446,-0.42506346106529236,0.8992142081260681,0.9333062767982483,0.1220003217458725,-0.42574962973594666,0.9212544560432434,0.9634168744087219,0.1330079883337021,-0.692048966884613,0.9192634224891663,0.9726909399032593,0.13118259608745575,-0.4151919186115265,0.9025081992149353,0.9229615330696106,0.15984861552715302,-0.4603748023509979,0.8800835609436035,0.9250616431236267,0.16031844913959503,-0.38394463062286377,0.8720089197158813,0.9153378009796143,0.21226295828819275,-0.6567762494087219,0.9960667490959167,1.1031805276870728,0.21961000561714172,-0.3042077124118805,0.998552143573761,0.8416965007781982,0.3386344909667969,-0.6557558178901672,0.057618822902441025,1.0548540353775024,0.3664579391479492,-0.24172969162464142,0.02891928143799305,0.8111327290534973,0.4302985668182373,-0.41899681091308594,0.14429999887943268,0.9269989728927612,0.44698482751846313,-0.19412977993488312,0.06971563398838043,0.8093346357345581,0.4451272487640381,-0.4062967002391815,0.23313240706920624,0.8897771835327148,0.46035313606262207,-0.1754690259695053,0.1257937252521515,0.807975709438324,0.4433484971523285,-0.4155086874961853,0.213063582777977,0.8764033913612366,0.4665999412536621,-0.21564418077468872,0.11119277775287628,0.8104231953620911,0.4388744831085205,-0.4127759635448456,0.16821932792663574,0.8924550414085388,0.46284446120262146,-0.20920072495937347,0.09157926589250565,0.8596422076225281,0.37224557995796204,-0.12358976900577545,0.997462272644043,0.9793412685394287,0.3753284215927124,0.1226021945476532,0.9989817142486572,0.622687816619873,0.4500645101070404,0.0002963932347483933,0.7123763561248779,0.9000049233436584,0.45420438051223755,0.19248294830322266,0.5051788687705994,0.8402920365333557,0.3986682891845703,0.0018209719564765692,0.612064778804779,0.8449505567550659,0.4707603454589844,0.10815417021512985,0.5259071588516235,0.8875385522842407,0.3952482342720032,0.008388827554881573,0.7509531378746033,0.8313326239585876,0.46887484192848206,0.1040143296122551,0.7351354360580444,0.8300431966781616,0.37903231382369995,0.08646583557128906,0.7130039930343628,0.815293550491333,0.48860159516334534,0.1557854562997818,0.681233286857605
17,0.5666666666666667,0.8728991746902466,0.14673495292663574,-0.31439727544784546,0.8744806051254272,0.8878679871559143,0.12838396430015564,-0.3826785981655121,0.8586680889129639,0.895018458366394,0.1277530938386917,-0.3831568956375122,0.848693311214447,0.9018313884735107,0.12689632177352905,-0.38307398557662964,0.8675631880760193,0.8850318193435669,0.12865480780601501,-0.3116753399372101,0.8840978145599365,0.8906223773956299,0.12810172140598297,-0.312555730342865,0.8989399671554565,0.8970205783843994,0.1269335299730301,-0.3131769597530365,0.9221938848495483,0.9461055397987366,0.13390830159187317,-0.5642378330230713,0.9102677702903748,0.9446679949760437,0.13269451260566711,-0.2578687071800232,0.9056156873703003,0.8977928161621094,0.16412055492401123,-0.3600684404373169,0.848497211933136,0.894923746585846,0.16465657949447632,-0.2733514904975891,0.8458293676376343,0.9221698045730591,0.20189809799194336,-0.6020214557647705,0.9904065132141113,1.075857162475586,0.21728865802288055,-0.255374550819397,0.9979391694068909,0.8612590432167053,0.28604069352149963,-0.6489579677581787,0.05228254571557045,1.012952208518982,0.32570481300354004,-0.1448056697845459,0.02635047398507595,0.865698516368866,0.3044247031211853,-0.37196677923202515,0.12993067502975464,0.8821601867675781,0.3873979449272156,-0.05636545643210411,0.06310465186834335,0.866898238658905,0.3059237599372864,-0.3623577952384949,0.20999287068843842,0.8446007370948792,0.3994160592556,-0.04772661626338959,0.11382032185792923,0.8823405504226685,0.3001996874809265,-0.3707299530506134,0.19195052981376648,0.835347592830658,0.4060453772544861,-0.0888373926281929,0.10073980689048767,0.8867447972297668,0.3023461103439331,-0.36691009998321533,0.15159009397029877,0.851031482219696,0.4036868214607239,-0.07558814436197281,0.08317018300294876,0.852671205997467,0.3886234164237976,-0.1529817432165146,0.9938969016075134,0.941528856754303,0.38911476731300354,0.15207816660404205,0.9979466795921326,0.6377608180046082,0.43720632791519165,0.11051461100578308,0.6444915533065796,0.8018611669540405,0.41349735856056213,0.4567304849624634,0.4566650986671448,0.8159400224685669,0.4541422426700592,0.365861713886261,0.5640180706977844,0.8208120465278625,0.4760029911994934,0.5937075018882751,0.4805365800857544,0.8593332171440125,0.467334121465683,0.3942696750164032,0.6971672177314758,0.827065110206604,0.4857557415962219,0.612201452255249,0.6757398843765259,0.7720591425895691,0.44774317741394043,0.41792726516723633,0.6539351940155029,0.7866060733795166,0.49248725175857544,0.6375125646591187,0.6202378869056702
18,0.6,0.8484862446784973,0.15384356677532196,0.151926651597023,0.8434227705001831,0.8660790920257568,0.13854840397834778,0.12168299406766891,0.8278774619102478,0.8743553757667542,0.1379234492778778,0.1212652325630188,0.8178415298461914,0.8827789425849915,0.1363956779241562,0.12136418372392654,0.8334851861000061,0.8595349788665771,0.13878503441810608,0.19209124147891998,0.8611868619918823,0.8628929853439331,0.1384035050868988,0.19131988286972046,0.8827689290046692,0.8664048910140991,0.13752481341362,0.1907328963279724,0.9101781249046326,0.9250283241271973,0.14013080298900604,0.050714895129203796,0.8833761811256409,0.9102562665939331,0.14295408129692078,0.36792171001434326,0.8956246376037598,0.8730601668357849,0.1678474247455597,0.1386348456144333,0.805353581905365,0.8648844957351685,0.1686776578426361,0.22594648599624634,0.8043219447135925,0.9420464634895325,0.20280902087688446,-0.0657782107591629,0.987535297870636,0.9794563055038452,0.21856360137462616,0.4617323577404022,0.9959571361541748,0.8978856205940247,0.2695810794830322,-0.39046820998191833,0.048755329102277756,0.9143697023391724,0.333500474691391,0.4809681475162506,0.023913005366921425,0.8744397759437561,0.28426393866539,-0.539347767829895,0.11839914321899414,0.8151335120201111,0.40481892228126526,0.3163488507270813,0.05858028307557106,0.8768247961997986,0.2858090102672577,-0.5949335098266602,0.19352677464485168,0.7885563373565674,0.4189424514770508,0.2992163896560669,0.10615160316228867,0.8827500343322754,0.2805446684360504,-0.5725351572036743,0.17771287262439728,0.7795686721801758,0.42386776208877563,0.24710169434547424,0.09465809166431427,0.8848984837532043,0.2824402451515198,-0.5311140418052673,0.14036747813224792,0.7924051880836487,0.41955289244651794,0.2872278094291687,0.07896901667118073,0.8512219786643982,0.3811056613922119,-0.17387846112251282,0.9916960597038269,0.8725168704986572,0.38866937160491943,0.172999307513237,0.9970000982284546,0.6614260077476501,0.4325951039791107,-0.011923185549676418,0.5836136341094971,0.6663734912872314,0.4245734214782715,0.34017330408096313,0.4128049314022064,0.8139479756355286,0.46025794744491577,0.18830877542495728,0.5212871432304382,0.791524350643158,0.4745956063270569,0.36679425835609436,0.4359522759914398,0.8550348281860352,0.4716980457305908,0.16384907066822052,0.6483056545257568,0.819960355758667,0.48102277517318726,0.37927183508872986,0.6198498010635376,0.7723517417907715,0.4562264382839203,-0.01307353563606739,0.6022698283195496,0.776445746421814,0.4912508428096771,0.4883468747138977,0.5637215971946716
19,0.6333333333333333,0.8378756046295166,0.16998913884162903,0.20157553255558014,0.8427050709724426,0.8562226295471191,0.16277097165584564,0.1725379377603531,0.8303933143615723,0.8594768047332764,0.16199859976768494,0.17206443846225739,0.8224911689758301,0.8623502850532532,0.1609325408935547,0.17211633920669556,0.8361424803733826,0.8527360558509827,0.16188260912895203,0.2413264960050583,0.8637403845787048,0.8535856604576111,0.1608647257089615,0.24051012098789215,0.8867449760437012,0.8541575074195862,0.1596689373254776,0.23996052145957947,0.912754237651825,0.9272706508636475,0.15862099826335907,0.10625871270895004,0.8870009779930115,0.9093725681304932,0.17181526124477386,0.41739606857299805,0.8986528515815735,0.8646511435508728,0.1771499663591385,0.18924908339977264,0.7976141571998596,0.8578444719314575,0.18303182721138,0.27489322423934937,0.7956051230430603,0.9655348658561707,0.1989581286907196,-0.005317714996635914,0.9879061579704285,0.9604042172431946,0.22469952702522278,0.4950507581233978,0.9955543875694275,0.894986629486084,0.22465386986732483,-0.18423302471637726,0.056540828198194504,0.8853817582130432,0.2951635420322418,0.47124001383781433,0.022605516016483307,0.8640861511230469,0.23471792042255402,-0.2115313708782196,0.13154634833335876,0.8293598890304565,0.35402312874794006,0.24271216988563538,0.06440866738557816,0.8661794066429138,0.23804154992103577,-0.24294999241828918,0.21612967550754547,0.810329794883728,0.3692912459373474,0.2235914170742035,0.11674615740776062,0.8695730566978455,0.23656675219535828,-0.2367827147245407,0.20389007031917572,0.8068219423294067,0.37155941128730774,0.17461837828159332,0.10719797760248184,0.8710839748382568,0.23825664818286896,-0.20469219982624054,0.1637534499168396,0.8185741901397705,0.36745795607566833,0.21444068849086761,0.09255911409854889,0.8538039922714233,0.3851427137851715,-0.16854965686798096,0.9911971092224121,0.845883846282959,0.39336416125297546,0.16772690415382385,0.996589720249176,0.7833966016769409,0.42854127287864685,-0.14351950585842133,0.5424266457557678,0.6998025178909302,0.42216071486473083,0.04095049574971199,0.3825063109397888,0.8123307228088379,0.45667973160743713,-0.26691383123397827,0.5126316547393799,0.79384446144104,0.4629741609096527,-0.19096826016902924,0.40889695286750793,0.8305339217185974,0.4659997522830963,-0.28400734066963196,0.6424912214279175,0.8185406923294067,0.4675474762916565,-0.21001097559928894,0.5928512811660767,0.774762749671936,0.4675687253475189,-0.42137014865875244,0.5858888030052185,0.782531201839447,0.4911024570465088,-0.30825579166412354,0.5340914130210876
20,0.6666666666666666,0.8444876670837402,0.2018263339996338,0.10484466701745987,0.8427217602729797,0.8540999293327332,0.18803948163986206,0.05449668690562248,0.830452561378479,0.8581358194351196,0.18745245039463043,0.05405351147055626,0.8207834362983704,0.8606798648834229,0.18655799329280853,0.05410430580377579,0.8353283405303955,0.8536102175712585,0.1894208788871765,0.12137478590011597,0.8656928539276123,0.8552289605140686,0.1887015998363495,0.12055602669715881,0.8884669542312622,0.8565846681594849,0.18796277046203613,0.11998681724071503,0.9151483178138733,0.8922829627990723,0.18698596954345703,-0.06952150911092758,0.889578104019165,0.8851034641265869,0.19122160971164703,0.23469148576259613,0.9019583463668823,0.8630411028862,0.21320852637290955,0.07740670442581177,0.7951886653900146,0.8601254224777222,0.21467363834381104,0.1611507087945938,0.7926235795021057,0.9624394178390503,0.23101279139518738,-0.11690445244312286,0.988369882106781,0.9691981077194214,0.27341538667678833,0.3156454861164093,0.9956281185150146,0.893807053565979,0.2795906364917755,-0.18930089473724365,0.05309645086526871,0.867295503616333,0.32840949296951294,0.3523707389831543,0.020909365266561508,0.8189404010772705,0.3253221809864044,-0.09585022181272507,0.11971817165613174,0.8016830682754517,0.3758942782878876,0.24000994861125946,0.0608333945274353,0.798565149307251,0.33465316891670227,-0.1125841811299324,0.1974000781774521,0.7821818590164185,0.3964579701423645,0.21782073378562927,0.11012917757034302,0.8047551512718201,0.33163881301879883,-0.11832939833402634,0.18659797310829163,0.7884432673454285,0.40046781301498413,0.17900890111923218,0.10215466469526291,0.8148707151412964,0.33115503191947937,-0.0909302830696106,0.14995437860488892,0.7951478958129883,0.389747679233551,0.21752910315990448,0.08888710290193558,0.8405112624168396,0.4582003057003021,-0.13246066868305206,0.9889315962791443,0.8561078310012817,0.47425025701522827,0.13160020112991333,0.9958475232124329,0.7847438454627991,0.42522698640823364,0.029906228184700012,0.49110621213912964,0.8240635395050049,0.46780410408973694,0.14994613826274872,0.34756168723106384,0.7930102944374084,0.5092056393623352,0.05839107930660248,0.46941909193992615,0.8013752698898315,0.6081299781799316,0.05632464215159416,0.37227633595466614,0.8075448870658875,0.5317205190658569,0.05501323193311691,0.5918112397193909,0.817857027053833,0.6290615797042847,0.06085839122533798,0.5410981178283691,0.7429649233818054,0.5139631628990173,-0.3061770796775818,0.5359732508659363,0.7851890325546265,0.6506028771400452,0.03403444215655327,0.48575809597969055
22,0.7333333333333333,0.8681026697158813,0.2639329433441162,-0.15593071281909943,0.7903704643249512,0.8705059289932251,0.25007402896881104,-0.16737602651119232,0.7679247856140137,0.8743286728858948,0.24737699329853058,-0.16766482591629028,0.7566074132919312,0.8782227635383606,0.24505014717578888,-0.16754500567913055,0.7721232175827026,0.8627114295959473,0.2555682063102722,-0.14643922448158264,0.8134574294090271,0.8610712885856628,0.2571595311164856,-0.1470605432987213,0.8450248837471008,0.8592323064804077,0.2585769593715668,-0.14776618778705597,0.8827329874038696,0.9027962684631348,0.2389468252658844,-0.14388665556907654,0.8326429128646851,0.878000020980835,0.2564907670021057,-0.04641850292682648,0.8772239089012146,0.8922903537750244,0.26365047693252563,-0.13515642285346985,0.7565332651138306,0.8819698095321655,0.2708372473716736,-0.10971058905124664,0.7497048377990723,0.986908495426178,0.2827846109867096,-0.10964170843362808,0.9868466258049011,0.917503297328949,0.2828325033187866,0.028235485777258873,0.9946937561035156,0.9714763164520264,0.3803873360157013,-0.0986354798078537,0.04919127747416496,0.8984805345535278,0.3636356592178345,-0.035910945385694504,0.021240005269646645,0.9274650812149048,0.4349125325679779,-0.07345695793628693,0.10815262049436569,0.8676975965499878,0.399042010307312,-0.22224161028862,0.05948736518621445,0.9202407598495483,0.4480372965335846,-0.0837499275803566,0.1785297840833664,0.8557724952697754,0.4098184108734131,-0.26811522245407104,0.10632649064064026,0.9167195558547974,0.442516028881073,-0.11103884130716324,0.16904938220977783,0.8552471399307251,0.4045824408531189,-0.27993065118789673,0.09972330182790756,0.9200200438499451,0.4369756579399109,-0.08088944107294083,0.13603806495666504,0.863979697227478,0.4011358320713043,-0.2326756864786148,0.08691669255495071,0.948731005191803,0.431458055973053,-0.08253259211778641,0.9837846755981445,0.9175828099250793,0.41294583678245544,0.08206652104854584,0.9939463138580322,0.7764809727668762,0.4102664589881897,-0.15051911771297455,0.4646967053413391,0.7440260052680969,0.3615213930606842,-0.018340935930609703,0.33344390988349915,0.7524592280387878,0.49823540449142456,0.06832186877727509,0.47370830178260803,0.773512601852417,0.478936105966568,0.20097389817237854,0.3529462516307831,0.7751362919807434,0.5096480250358582,0.09232132881879807,0.5711141228675842,0.7998800277709961,0.49040406942367554,0.22732695937156677,0.5070049166679382,0.667949914932251,0.5301634669303894,0.011831585317850113,0.5236257314682007,0.723024308681488,0.5267810821533203,0.16994978487491608,0.4512868821620941
23,0.7666666666666667,0.8401422500610352,0.2651906907558441,0.11041899025440216,0.7873815298080444,0.8348103761672974,0.25440096855163574,0.08391250669956207,0.7652928829193115,0.8402978777885437,0.2538371682167053,0.08358855545520782,0.751964271068573,0.8415175676345825,0.25321877002716064,0.08361171185970306,0.7704911231994629,0.8327644467353821,0.2575579583644867,0.12905533611774445,0.8104156851768494,0.8323659300804138,0.258159339427948,0.12851440906524658,0.8415922522544861,0.8314967751502991,0.2588920593261719,0.1281442493200302,0.8808444142341614,0.8559801578521729,0.25121814012527466,0.024498583748936653,0.8339271545410156,0.8535944819450378,0.2600330114364624,0.2299506664276123,0.8693848848342896,0.8549637794494629,0.27397817373275757,0.09920479357242584,0.7468966245651245,0.8530402183532715,0.27494892477989197,0.15569032728672028,0.729663610458374,0.9168703556060791,0.286958783864975,-0.07407116144895554,0.9878445267677307,0.9230359196662903,0.2980419993400574,0.3570985198020935,0.993730366230011,0.9221926927566528,0.3722682595252991,-0.15028715133666992,0.04862324148416519,0.9053611159324646,0.3641784191131592,0.3499246835708618,0.019388101994991302,0.875066876411438,0.43267568945884705,-0.09881887584924698,0.09879429638385773,0.868104100227356,0.40014559030532837,0.2144864797592163,0.05581773445010185,0.8678637742996216,0.44593802094459534,-0.11335190385580063,0.16309311985969543,0.8559378981590271,0.4103519320487976,0.1996067315340042,0.10028581321239471,0.8615273237228394,0.44240760803222656,-0.11639145761728287,0.1546260118484497,0.8552842140197754,0.4079320430755615,0.17687442898750305,0.09435172379016876,0.8668452501296997,0.43731918931007385,-0.09453809261322021,0.12461591511964798,0.8638358116149902,0.40505465865135193,0.19809287786483765,0.08261101692914963,0.8952106833457947,0.44263702630996704,-0.15905390679836273,0.9848687648773193,0.9129250645637512,0.4392887055873871,0.1581975817680359,0.9942291378974915,0.7251699566841125,0.38686469197273254,-0.054168786853551865,0.4516717791557312,0.7441019415855408,0.3763427436351776,0.38327163457870483,0.3044259250164032,0.7285279035568237,0.5003513097763062,-0.0551849827170372,0.49542632699012756,0.781703531742096,0.485537052154541,0.1945638805627823,0.3431864082813263,0.7573329210281372,0.5197955369949341,-0.056958213448524475,0.5760409832000732,0.8108704686164856,0.5058315992355347,0.17564035952091217,0.49470311403274536,0.6594492197036743,0.5200601816177368,-0.09826486557722092,0.5336863994598389,0.7224365472793579,0.5168699622154236,0.13302911818027496,0.434360533952713
24,0.8,0.8354138135910034,0.2637665569782257,0.09830277413129807,0.8077992796897888,0.8426634669303894,0.25422510504722595,0.09463780373334885,0.7878009676933289,0.8480565547943115,0.2532966434955597,0.09430517256259918,0.7754971981048584,0.8505584001541138,0.2521687150001526,0.09432290494441986,0.7923446893692017,0.8351995944976807,0.256251722574234,0.13174818456172943,0.8289737105369568,0.8165897130966187,0.25677910447120667,0.1312258392572403,0.8570889830589294,0.8071889877319336,0.25742414593696594,0.1308494508266449,0.8925413489341736,0.8541625142097473,0.25452470779418945,0.10619587451219559,0.8497223854064941,0.8194296360015869,0.2608028054237366,0.2745007872581482,0.8820585012435913,0.8543412089347839,0.27250462770462036,0.10683990269899368,0.7694829702377319,0.8415611386299133,0.2746676802635193,0.15252473950386047,0.7540633678436279,0.9386287331581116,0.29111582040786743,0.01648608408868313,0.9883605241775513,0.8655987977981567,0.31485140323638916,0.3397971987724304,0.9939150810241699,0.9166609048843384,0.3011065125465393,-0.08744003623723984,0.056687645614147186,0.8302193284034729,0.37505823373794556,0.30069607496261597,0.021944351494312286,0.8004859685897827,0.2699090838432312,-0.0359790101647377,0.09443385154008865,0.7929362058639526,0.4256155490875244,0.10766778886318207,0.06299329549074173,0.8132904767990112,0.2919841706752777,-0.0577743723988533,0.15756556391716003,0.7782661318778992,0.44235309958457947,0.0761806070804596,0.11229284852743149,0.8115454912185669,0.28605979681015015,-0.049094267189502716,0.15206965804100037,0.786406934261322,0.44218116998672485,0.04491792619228363,0.1099199578166008,0.8212169408798218,0.2888813018798828,-0.02887921780347824,0.12407656013965607,0.7967928647994995,0.43739446997642517,0.08783247321844101,0.09877510368824005,0.9017555117607117,0.45928072929382324,-0.1349441260099411,0.9841793179512024,0.8614232540130615,0.45594072341918945,0.13413512706756592,0.9936128854751587,0.7300649881362915,0.36880239844322205,-0.04609522968530655,0.4432888925075531,0.7207902669906616,0.374065101146698,0.2453208714723587,0.287301629781723,0.7328905463218689,0.48936399817466736,-0.10076981782913208,0.5219046473503113,0.7271499633789062,0.49123844504356384,0.09840766340494156,0.35329917073249817,0.7585489749908447,0.5158542394638062,-0.10789281129837036,0.5964824557304382,0.7564285397529602,0.5162169933319092,0.08003434538841248,0.5013107657432556,0.6612070202827454,0.512868344783783,-0.1843203604221344,0.5605708360671997,0.6692992448806763,0.517681360244751,0.004361158702522516,0.44000497460365295
25,0.8333333333333334,0.837157666683197,0.28871074318885803,0.344674289226532,0.8097954988479614,0.8447012901306152,0.27907949686050415,0.359650582075119,0.7913694977760315,0.8498042821884155,0.27807706594467163,0.3593508303165436,0.7775335311889648,0.8535925149917603,0.27737072110176086,0.35928046703338623,0.7959319353103638,0.8358596563339233,0.2817283272743225,0.3803761899471283,0.8408507704734802,0.826253354549408,0.28290075063705444,0.379905104637146,0.8664963245391846,0.82054603099823,0.2838817536830902,0.3796197772026062,0.8998339176177979,0.8652164936065674,0.280983567237854,0.4088088870048523,0.8518390655517578,0.8325064778327942,0.289896160364151,0.506969690322876,0.8892038464546204,0.8512462377548218,0.2821304500102997,0.3643113076686859,0.7742702960968018,0.8407145142555237,0.3018452525138855,0.38988175988197327,0.762410581111908,0.944616436958313,0.30636656284332275,0.3089299201965332,0.9884293675422668,0.8210538029670715,0.34491512179374695,0.500321090221405,0.9941114783287048,0.9636805057525635,0.2544713616371155,0.12422119081020355,0.052169304341077805,0.7823143601417542,0.42231860756874084,0.4368954598903656,0.02000986412167549,0.9417320489883423,0.1854267418384552,0.014051154255867004,0.08917026966810226,0.7387458682060242,0.48730072379112244,0.28956666588783264,0.0579073503613472,0.939308762550354,0.165948748588562,-0.022968240082263947,0.15306192636489868,0.7234878540039062,0.5051453113555908,0.2722778618335724,0.103985995054245,0.9344602823257446,0.16144809126853943,-0.006744398735463619,0.14946885406970978,0.7271584272384644,0.5058490633964539,0.22789454460144043,0.10198210924863815,0.930316686630249,0.1687573492527008,0.017643656581640244,0.12098352611064911,0.7393866777420044,0.499822199344635,0.26745811104774475,0.09176726639270782,0.9033612012863159,0.46483293175697327,-0.10309486091136932,0.9821912050247192,0.828764021396637,0.46357402205467224,0.10178689658641815,0.9928429126739502,0.9153207540512085,0.33032137155532837,-0.13883326947689056,0.4113459587097168,0.6921988725662231,0.37240830063819885,-0.09606525301933289,0.29415225982666016,0.7948744297027588,0.29901331663131714,-0.28753453493118286,0.48658570647239685,0.7156325578689575,0.512666642665863,-0.25006768107414246,0.34610527753829956,0.7834290266036987,0.33257800340652466,-0.30345743894577026,0.5761167407035828,0.7502830624580383,0.5432319045066833,-0.2637760043144226,0.510215699672699,0.7721768021583557,0.25858592987060547,-0.41130366921424866,0.5238465070724487,0.6521241068840027,0.5196905136108398,-0.3748157024383545,0.4164492189884186
26,0.8666666666666667,0.8581153750419617,0.32735323905944824,0.2764001488685608,0.8257185816764832,0.8668180704116821,0.3153872489929199,0.23792102932929993,0.8080176711082458,0.8680310845375061,0.31352847814559937,0.2376556247472763,0.7945845723152161,0.8689499497413635,0.3120916187763214,0.2376522272825241,0.8125038743019104,0.8702422380447388,0.3196874260902405,0.28241440653800964,0.8549571633338928,0.8722526431083679,0.3211497664451599,0.2819506824016571,0.8781510591506958,0.8748226761817932,0.3224010169506073,0.2817241847515106,0.9089066386222839,0.8863878846168518,0.310823529958725,0.134857177734375,0.8640952706336975,0.8993046879768372,0.3241496682167053,0.32879289984703064,0.898722231388092,0.859369158744812,0.32951995730400085,0.248384490609169,0.790774941444397,0.8678524494171143,0.33606261014938354,0.3048553466796875,0.7811416983604431,0.9178705811500549,0.3257848620414734,0.2831241488456726,0.9891945719718933,0.9271898865699768,0.37405818700790405,0.39993998408317566,0.9942138195037842,0.8481577634811401,0.29398292303085327,-0.16128090023994446,0.07287237793207169,0.8245717287063599,0.43281060457229614,0.4005410075187683,0.018587343394756317,0.7863649725914001,0.27092957496643066,-0.1716945916414261,0.09358559548854828,0.7369193434715271,0.47178182005882263,0.26852360367774963,0.05391811206936836,0.7697740197181702,0.2641863226890564,-0.2135990560054779,0.15618757903575897,0.7174997925758362,0.481144517660141,0.26198622584342957,0.09710025787353516,0.7866188287734985,0.2541908621788025,-0.18644990026950836,0.153377503156662,0.7098263502120972,0.4809201657772064,0.21301677823066711,0.09562147408723831,0.7872593998908997,0.26932626962661743,-0.15947392582893372,0.12346672266721725,0.7174965739250183,0.47784847021102905,0.2427777647972107,0.08675190806388855,0.8829755187034607,0.5019830465316772,-0.11310525238513947,0.9833048582077026,0.870739221572876,0.517382800579071,0.11201289296150208,0.9931374788284302,0.8472280502319336,0.5654319524765015,-0.04106440022587776,0.3852549195289612,0.8423134088516235,0.6350858807563782,0.241507425904274,0.27225616574287415,0.7312248349189758,0.6559122204780579,-0.19702894985675812,0.4725185036659241,0.8300315141677856,0.7534818053245544,0.3137153685092926,0.3266075849533081,0.7279782891273499,0.6771388649940491,-0.17040099203586578,0.5574612617492676,0.8373870253562927,0.772948682308197,0.3182830214500427,0.4835265874862671,0.6961373090744019,0.6558911800384521,-0.19360461831092834,0.49651190638542175,0.7936810255050659,0.7753729224205017,0.21885982155799866,0.38723430037498474
28,0.9333333333333333,0.7360798120498657,0.21830657124519348,0.16011162102222443,0.8430882096290588,0.7427008748054504,0.2152247130870819,0.20287178456783295,0.8271578550338745,0.7481184005737305,0.21573372185230255,0.20251955091953278,0.8150539994239807,0.7538658380508423,0.21621224284172058,0.20252123475074768,0.8312141299247742,0.7279881238937378,0.2158777266740799,0.20599499344825745,0.8694016933441162,0.7229547500610352,0.21682074666023254,0.20564264059066772,0.8902667760848999,0.7174160480499268,0.21765151619911194,0.20553956925868988,0.9179588556289673,0.7670184373855591,0.226583793759346,0.33101290464401245,0.8776521682739258,0.7155282497406006,0.22576804459095,0.34904322028160095,0.9086298942565918,0.7468656897544861,0.22872412204742432,0.2028895765542984,0.8116025924682617,0.7299560308456421,0.22771234810352325,0.20533600449562073,0.8028715252876282,0.8095746636390686,0.2620946764945984,0.26843520998954773,0.9902642965316772,0.6748504042625427,0.27911391854286194,0.3529821038246155,0.9947398900985718,0.8887122869491577,0.3104959726333618,0.14131318032741547,0.07144485414028168,0.6075443625450134,0.2863951623439789,0.2235761284828186,0.0672316700220108,0.8990166783332825,0.36745044589042664,-0.043531883507966995,0.1050543412566185,0.5703195929527283,0.22918972373008728,0.09480160474777222,0.13992244005203247,0.91229248046875,0.382855623960495,-0.08269314467906952,0.1640181690454483,0.5538341999053955,0.2113191783428192,0.0601704902946949,0.17628969252109528,0.8872678279876709,0.3832405209541321,-0.09455608576536179,0.16055327653884888,0.5711021423339844,0.20659497380256653,0.07455452531576157,0.1742730289697647,0.8780800104141235,0.3791770935058594,-0.0514029823243618,0.12853354215621948,0.5826357007026672,0.2167857587337494,0.09390969574451447,0.1601606011390686,0.8215032815933228,0.3637712001800537,-0.04731675609946251,0.9849046468734741,0.7332524657249451,0.37055131793022156,0.04624060168862343,0.9937349557876587,0.8374132513999939,0.3504946529865265,-0.4173262417316437,0.40595945715904236,0.6226547956466675,0.3546920418739319,-0.019239164888858795,0.25706931948661804,0.7479977011680603,0.41430574655532837,-0.5152408480644226,0.4525803327560425,0.593675971031189,0.41433945298194885,-0.18011616170406342,0.3075433671474457,0.7384810447692871,0.4266548156738281,-0.5271854400634766,0.547923743724823,0.6155742406845093,0.43080443143844604,-0.19810542464256287,0.4663858115673065,0.710688591003418,0.43610769510269165,-0.6782015562057495,0.47638100385665894,0.526240348815918,0.4342811107635498,-0.31676483154296875,0.3659873306751251
29,0.9666666666666667,0.7247475385665894,0.21864421665668488,0.16096025705337524,0.8587768077850342,0.730669379234314,0.21494552493095398,0.19314990937709808,0.8444385528564453,0.7348899245262146,0.21527428925037384,0.1927868276834488,0.8335455656051636,0.7386845350265503,0.21554510295391083,0.19277702271938324,0.848090410232544,0.7195382118225098,0.21507403254508972,0.20595592260360718,0.8824582695960999,0.7150285243988037,0.21527579426765442,0.2056010514497757,0.9012373685836792,0.7101953029632568,0.2152027189731598,0.2055005133152008,0.9261595606803894,0.7470757961273193,0.22190678119659424,0.2922956943511963,0.889885425567627,0.7070509791374207,0.21944543719291687,0.3598766624927521,0.9177532196044922,0.731436014175415,0.22856411337852478,0.20121970772743225,0.8304367065429688,0.7203972935676575,0.22770945727825165,0.21341931819915771,0.822571337223053,0.796964168548584,0.25319889187812805,0.20470046997070312,0.9912376999855042,0.6705219745635986,0.2681247591972351,0.4430204927921295,0.995254635810852,0.8903452754020691,0.3034643530845642,0.09123920649290085,0.15703849494457245,0.6431835889816284,0.321800172328949,0.346718966960907,0.06456278264522552,0.8803755640983582,0.37337183952331543,-0.061949387192726135,0.18588265776634216,0.6530721187591553,0.3534610867500305,0.12724310159683228,0.13140693306922913,0.8827294111251831,0.38383468985557556,-0.10632417351007462,0.23671133816242218,0.6523786783218384,0.3640602231025696,0.09556703269481659,0.1688741147518158,0.8685122132301331,0.3847591280937195,-0.11427287757396698,0.23342382907867432,0.6582595109939575,0.35663264989852905,0.07662874460220337,0.16727133095264435,0.8600241541862488,0.38536056876182556,-0.06628328561782837,0.2012178599834442,0.6616904735565186,0.3524797260761261,0.11110225319862366,0.15482591092586517,0.8055444359779358,0.36476320028305054,-0.08303003013134003,0.986409068107605,0.7207358479499817,0.37137705087661743,0.08222335577011108,0.9943498969078064,0.7151402831077576,0.32876870036125183,-0.3938906788825989,0.4646686911582947,0.61335688829422,0.32089680433273315,-0.14672039449214935,0.3206556737422943,0.6317553520202637,0.4118390679359436,-0.6330608129501343,0.5051334500312805,0.5987441539764404,0.4199240803718567,-0.4224497973918915,0.3629893660545349,0.6344444155693054,0.4278414249420166,-0.6635218858718872,0.5914057493209839,0.6215360164642334,0.4435346722602844,-0.454584538936615,0.5131106972694397,0.5694196224212646,0.4257837235927582,-0.8207706809043884,0.5274760723114014,0.5380036234855652,0.4406050145626068,-0.5886214971542358,0.42250171303749084
30,1.0,0.6867771744728088,0.20826485753059387,0.12768347561359406,0.8728008270263672,0.7030433416366577,0.20573563873767853,0.158083975315094,0.8598516583442688,0.7108500003814697,0.20682671666145325,0.1577516496181488,0.8500224351882935,0.7172419428825378,0.2078976184129715,0.15775415301322937,0.8631653189659119,0.6875128149986267,0.20463936030864716,0.17785726487636566,0.8941114544868469,0.6832210421562195,0.2053394615650177,0.17744305729866028,0.9110242128372192,0.6794784069061279,0.20561833679676056,0.17728430032730103,0.9334681630134583,0.7346798181533813,0.215601846575737,0.26569369435310364,0.9008018374443054,0.6868407726287842,0.21210980415344238,0.3594837188720703,0.9256992936134338,0.6991129517555237,0.22089612483978271,0.16546641290187836,0.8471807837486267,0.6841090321540833,0.21951362490653992,0.18985489010810852,0.8400176763534546,0.7810183167457581,0.24721956253051758,0.21052169799804688,0.9920953512191772,0.6495533585548401,0.25846201181411743,0.4077892005443573,0.9957018494606018,0.8662601709365845,0.2879892587661743,0.043916262686252594,0.15068916976451874,0.5957198739051819,0.3035310208797455,0.2623119056224823,0.09641388803720474,0.8236743211746216,0.3223012387752533,-0.17811886966228485,0.1818886697292328,0.5939949750900269,0.2710190415382385,-0.026772843673825264,0.20753636956214905,0.8161600828170776,0.33491891622543335,-0.22620126605033875,0.23337823152542114,0.5931737422943115,0.2583876848220825,-0.07828758656978607,0.24206730723381042,0.7972993850708008,0.32649701833724976,-0.23114202916622162,0.23010043799877167,0.5952080488204956,0.2399655133485794,-0.07322398573160172,0.23985712230205536,0.7971492409706116,0.32385292649269104,-0.18306410312652588,0.19672636687755585,0.6002471446990967,0.24467892944812775,-0.03448878973722458,0.22326542437076569,0.7799901962280273,0.3615573048591614,-0.0792521983385086,0.98768550157547,0.6918389797210693,0.3625921607017517,0.07833836227655411,0.9948509335517883,0.727622389793396,0.30801331996917725,-0.4213999807834625,0.4910712242126465,0.5968751907348633,0.29420042037963867,-0.10892506688833237,0.3273874521255493,0.6386210918426514,0.3897905945777893,-0.6199642419815063,0.5157479047775269,0.5642277002334595,0.40168794989585876,-0.3876526355743408,0.38391807675361633,0.636515200138092,0.40728598833084106,-0.6450366377830505,0.6033143401145935,0.585946798324585,0.4291871190071106,-0.42047199606895447,0.5371835231781006,0.5748587250709534,0.40466785430908203,-0.8166678547859192,0.5398744940757751,0.47994592785835266,0.42184776067733765,-0.5654875040054321,0.44144710898399353
31,1.0333333333333334,0.6979258060455322,0.21233800053596497,-0.012858174741268158,0.8855106830596924,0.7023391723632812,0.2058131992816925,0.012605130672454834,0.8738460540771484,0.7058320045471191,0.2073095738887787,0.01224514003843069,0.8649988770484924,0.7092253565788269,0.2085762917995453,0.012264329940080643,0.8768333792686462,0.6896457076072693,0.20510613918304443,0.017645027488470078,0.9046831727027893,0.6844200491905212,0.20639431476593018,0.017340272665023804,0.9199064373970032,0.6791399121284485,0.2070905715227127,0.01724214293062687,0.9401048421859741,0.7066581845283508,0.21635329723358154,0.11230189353227615,0.9107100367546082,0.6677446961402893,0.21426160633563995,0.1366206854581833,0.9330611228942871,0.7056629061698914,0.2221369743347168,0.023676138371229172,0.8624335527420044,0.6918958425521851,0.22030296921730042,0.028154542669653893,0.8559659719467163,0.760017454624176,0.24856650829315186,0.07070916146039963,0.9928844571113586,0.6187187433242798,0.25927311182022095,0.19237186014652252,0.9961084127426147,0.8402844667434692,0.29025140404701233,-0.04871579259634018,0.2062918096780777,0.5820757746696472,0.31035786867141724,-0.0030478769913315773,0.11140839010477066,0.8082727789878845,0.33476635813713074,-0.23013263940811157,0.23529314994812012,0.5762616991996765,0.28723806142807007,-0.2758532464504242,0.24031658470630646,0.8081187009811401,0.3501376211643219,-0.2722771465778351,0.28007784485816956,0.5753724575042725,0.2828056812286377,-0.32824936509132385,0.2773725390434265,0.7819513082504272,0.3463481664657593,-0.28062134981155396,0.27719658613204956,0.5765685439109802,0.27158230543136597,-0.3306014835834503,0.2750570774078369,0.7787780165672302,0.3423173725605011,-0.23524309694766998,0.23988737165927887,0.5814260840415955,0.27333730459213257,-0.285951167345047,0.25397077202796936,0.7383447289466858,0.35654008388519287,-0.06014513596892357,0.9888902306556702,0.6522175073623657,0.35680556297302246,0.059540167450904846,0.995312511920929,0.7300996780395508,0.3027946949005127,-0.33469417691230774,0.5039186477661133,0.581577718257904,0.28945502638816833,-0.2109578400850296,0.3258894681930542,0.6719859838485718,0.3905196189880371,-0.46618691086769104,0.5217325687408447,0.527788519859314,0.40157246589660645,-0.3717908561229706,0.39704644680023193,0.6652202010154724,0.40743333101272583,-0.48708370327949524,0.59493488073349,0.5425692200660706,0.4269216060638428,-0.3921901285648346,0.5441185832023621,0.6164133548736572,0.40858712792396545,-0.6340985894203186,0.5464265942573547,0.4568222165107727,0.42156824469566345,-0.5101132988929749,0.45231881737709045
32,1.0666666666666667,0.6814390420913696,0.21620464324951172,0.10843804478645325,0.8966437578201294,0.6816457509994507,0.21281354129314423,0.12861694395542145,0.8857784271240234,0.6835837960243225,0.2140670269727707,0.12828423082828522,0.8778789639472961,0.6853857040405273,0.214946910738945,0.12825366854667664,0.8887326717376709,0.670093834400177,0.21183991432189941,0.10678815841674805,0.9136771559715271,0.6654378175735474,0.2128814160823822,0.10691364109516144,0.9274835586547852,0.6594555974006653,0.21356995403766632,0.10704915970563889,0.9456372261047363,0.6791279315948486,0.2204757183790207,0.19151681661605835,0.9194269776344299,0.6473690867424011,0.22118470072746277,0.2412247359752655,0.9383475184440613,0.6859341263771057,0.2269883155822754,0.12527288496494293,0.8758739829063416,0.6746864914894104,0.22647377848625183,0.07612673938274384,0.8698453903198242,0.7282576560974121,0.24980071187019348,0.1557995229959488,0.9935940504074097,0.5928086638450623,0.2593202590942383,0.2559397518634796,0.9964608550071716,0.8095070719718933,0.29242366552352905,0.01670420914888382,0.22370873391628265,0.5678797960281372,0.3077455759048462,0.07132002711296082,0.11748853325843811,0.7681810855865479,0.3204280734062195,-0.21035675704479218,0.2747438848018646,0.5756333470344543,0.2790467143058777,-0.17003320157527924,0.2914879620075226,0.7631349563598633,0.3326771855354309,-0.25798314809799194,0.3177083134651184,0.5755646228790283,0.27345871925354004,-0.22074195742607117,0.33041417598724365,0.7373545169830322,0.3241662085056305,-0.25496721267700195,0.31468465924263,0.5771304368972778,0.26190561056137085,-0.21653352677822113,0.3275647759437561,0.7360296249389648,0.3212452530860901,-0.21267659962177277,0.2723507583141327,0.5812039971351624,0.2626357972621918,-0.1766931712627411,0.30034658312797546,0.6955011487007141,0.34609177708625793,-0.035897307097911835,0.9899392127990723,0.6141907572746277,0.34241580963134766,0.035204462707042694,0.9956486225128174,0.7075687646865845,0.3145885467529297,-0.2859490215778351,0.4846648871898651,0.5558286905288696,0.30134543776512146,-0.21437031030654907,0.307047575712204,0.6305772066116333,0.39478784799575806,-0.3113979399204254,0.48604097962379456,0.46406522393226624,0.39197105169296265,-0.37259796261787415,0.38249966502189636,0.620688796043396,0.41001075506210327,-0.3191490173339844,0.5590927004814148,0.47033217549324036,0.41542211174964905,-0.39150652289390564,0.5260688066482544,0.5923111438751221,0.4131591320037842,-0.43671464920043945,0.5076076984405518,0.3916459083557129,0.4065263867378235,-0.5054870843887329,0.4316650629043579
33,1.1,0.616176962852478,0.2481619417667389,0.1757514923810959,0.906480073928833,0.6223214864730835,0.23888549208641052,0.18240958452224731,0.896359384059906,0.6299766302108765,0.23661620914936066,0.1820431798696518,0.8893417119979858,0.6344730257987976,0.2360762655735016,0.18199825286865234,0.899385392665863,0.6103118658065796,0.23906007409095764,0.20471157133579254,0.9214075803756714,0.6084686517715454,0.23888905346393585,0.20448046922683716,0.9339416027069092,0.6069241166114807,0.2383737862110138,0.2044362872838974,0.95026695728302,0.6476015448570251,0.2372405230998993,0.2254541665315628,0.9272140264511108,0.6151029467582703,0.23901593685150146,0.33375284075737,0.941333532333374,0.6334095597267151,0.2544946074485779,0.1873845010995865,0.8877109885215759,0.6201207637786865,0.255085289478302,0.2136390507221222,0.8810617923736572,0.7086135149002075,0.263132244348526,0.15133213996887207,0.9942342638969421,0.5874452590942383,0.2673839330673218,0.3902571499347687,0.9967989921569824,0.8024411797523499,0.31726664304733276,0.000189617567230016,0.23452536761760712,0.573637843132019,0.3338579535484314,0.32186922430992126,0.1063600555062294,0.7480038404464722,0.36440739035606384,-0.17003819346427917,0.2874097228050232,0.6070812344551086,0.37970811128616333,0.16517136991024017,0.26452597975730896,0.7435744404792786,0.38681215047836304,-0.21515072882175446,0.3263326585292816,0.6108026504516602,0.3931558132171631,0.13847114145755768,0.3011452555656433,0.7184379696846008,0.37732914090156555,-0.2116188406944275,0.3226064443588257,0.6141049861907959,0.3869795799255371,0.12208689749240875,0.2985212802886963,0.7200251817703247,0.372385174036026,-0.16962729394435883,0.2727523446083069,0.6149930357933044,0.3818257749080658,0.15263868868350983,0.2734140157699585,0.6797464489936829,0.36624830961227417,-0.08309928327798843,0.9909287691116333,0.6066387295722961,0.35672757029533386,0.08218789845705032,0.9960549473762512,0.6209858655929565,0.318582147359848,-0.24076621234416962,0.47121599316596985,0.5052175521850586,0.30865779519081116,0.05909767001867294,0.28786611557006836,0.6039338707923889,0.3531799912452698,-0.2675708830356598,0.4512583017349243,0.4300306439399719,0.3837882876396179,-0.13117070496082306,0.3606956899166107,0.6051904559135437,0.3660108149051666,-0.2729746401309967,0.5297214984893799,0.44114506244659424,0.4076038897037506,-0.15407030284404755,0.5112456679344177,0.5826937556266785,0.3508917987346649,-0.3597041368484497,0.4773191213607788,0.34711170196533203,0.38730907440185547,-0.24692721664905548,0.4107246398925781
34,1.1333333333333333,0.5929906964302063,0.2644091248512268,0.23910686373710632,0.9158262014389038,0.5990592241287231,0.25460973381996155,0.24296383559703827,0.9067065119743347,0.6048080921173096,0.25320297479629517,0.24274198710918427,0.9003890156745911,0.6101567149162292,0.25203704833984375,0.2427671253681183,0.9094323515892029,0.5891148447990417,0.2562888264656067,0.2780102789402008,0.9292556643486023,0.5877296924591064,0.2562595009803772,0.27771687507629395,0.9405370354652405,0.5864968299865723,0.2560466229915619,0.27773213386535645,0.9552305340766907,0.6268954873085022,0.2515092194080353,0.25876501202583313,0.934480607509613,0.6011243462562561,0.25616374611854553,0.4329173266887665,0.947158694267273,0.6149769425392151,0.26859432458877563,0.2504126727581024,0.8989244699478149,0.5990703701972961,0.27194303274154663,0.2947867810726166,0.8929258584976196,0.6918945908546448,0.2720174789428711,0.17178860306739807,0.9948107600212097,0.5880165696144104,0.30015867948532104,0.490335077047348,0.9971172213554382,0.7716704607009888,0.31846490502357483,-0.06625346839427948,0.2970834970474243,0.5779885053634644,0.3631367087364197,0.4183521270751953,0.10055316984653473,0.7387818098068237,0.3623250126838684,-0.3183583915233612,0.34319576621055603,0.5854884386062622,0.4214708209037781,0.2082395702600479,0.255103200674057,0.734789252281189,0.38023287057876587,-0.3788762390613556,0.377362996339798,0.584568202495575,0.4377591013908386,0.17294488847255707,0.2936748266220093,0.7158388495445251,0.37477824091911316,-0.37219297885894775,0.3736954629421234,0.5865298509597778,0.4352746903896332,0.14762964844703674,0.29142820835113525,0.7160475850105286,0.37103429436683655,-0.31765955686569214,0.3177516460418701,0.5903186202049255,0.429243266582489,0.19012607634067535,0.2657504379749298,0.6650686264038086,0.38403892517089844,-0.10462432354688644,0.9918216466903687,0.5988808274269104,0.3893648386001587,0.10376614332199097,0.9964296221733093,0.5978432297706604,0.31452441215515137,-0.4385514259338379,0.5185667276382446,0.5003995299339294,0.31280815601348877,-0.2130812704563141,0.30555832386016846,0.6367465853691101,0.3833504915237427,-0.6657029986381531,0.48570123314857483,0.3782931864261627,0.39763206243515015,-0.370158314704895,0.34552228450775146,0.6360028982162476,0.4112863540649414,-0.6944062113761902,0.566410481929779,0.37808099389076233,0.4242386221885681,-0.3917199373245239,0.526180624961853,0.6063230037689209,0.37600404024124146,-0.8550595641136169,0.5230726003646851,0.30218619108200073,0.40166550874710083,-0.5132321119308472,0.42804792523384094
35,1.1666666666666667,0.6134272217750549,0.2662927508354187,0.20360933244228363,0.9242058992385864,0.6116276979446411,0.26158517599105835,0.22684334218502045,0.9159453511238098,0.6142857670783997,0.2613737881183624,0.22655697166919708,0.9102561473846436,0.6165155172348022,0.2613505423069,0.22661364078521729,0.9184204936027527,0.6011490821838379,0.2621598541736603,0.23732416331768036,0.9362895488739014,0.5974806547164917,0.2627478241920471,0.23703354597091675,0.9464526772499084,0.5938530564308167,0.2632649540901184,0.2369929701089859,0.9596784710884094,0.6188980937004089,0.2662169933319092,0.2901808023452759,0.9409968852996826,0.5906656384468079,0.2702485918998718,0.32839861512184143,0.9523813724517822,0.6207695007324219,0.27360787987709045,0.22708015143871307,0.908999502658844,0.6115459203720093,0.27485084533691406,0.24885381758213043,0.9035964608192444,0.6731405258178711,0.2956600785255432,0.23352155089378357,0.995328962802887,0.554255485534668,0.3189072012901306,0.29525864124298096,0.9973998069763184,0.7524269223213196,0.33685922622680664,0.06131583824753761,0.3223232626914978,0.5392626523971558,0.3730679154396057,0.24052196741104126,0.10582495480775833,0.7342288494110107,0.3713882565498352,-0.27001839876174927,0.3693598508834839,0.5578750371932983,0.44068583846092224,0.11423750966787338,0.25802499055862427,0.7357890605926514,0.3848150968551636,-0.3666223883628845,0.40601590275764465,0.5481547713279724,0.45881348848342896,0.0768231600522995,0.29692545533180237,0.7141386866569519,0.38042137026786804,-0.32706886529922485,0.403584361076355,0.5517486333847046,0.45698094367980957,0.06780911982059479,0.29517465829849243,0.7103979587554932,0.3769567608833313,-0.31097137928009033,0.34487947821617126,0.5558236837387085,0.4492584764957428,0.10275216400623322,0.26953718066215515,0.6473633050918579,0.39152058959007263,-0.023196306079626083,0.9926340579986572,0.569776177406311,0.3849062919616699,0.022601379081606865,0.9967790842056274,0.6528940200805664,0.41496604681015015,-0.11490530520677567,0.5340486168861389,0.5086294412612915,0.3370586633682251,-0.31920260190963745,0.34122735261917114,0.5867093801498413,0.4510272443294525,0.025485001504421234,0.4694231450557709,0.38922199606895447,0.3977903723716736,-0.4585684537887573,0.3730722963809967,0.5741128325462341,0.45778781175613403,0.03537757322192192,0.5435367226600647,0.38684701919555664,0.420051634311676,-0.47502800822257996,0.5450221300125122,0.5585311055183411,0.46689707040786743,-0.06713585555553436,0.5005362629890442,0.32122719287872314,0.4004710614681244,-0.599510133266449,0.4521928131580353
36,1.2,0.5854130983352661,0.2709711194038391,0.2878934144973755,0.9317845106124878,0.5897468328475952,0.2642867863178253,0.3039359450340271,0.9243493676185608,0.5922956466674805,0.2646160125732422,0.3037163317203522,0.9192293882369995,0.5973863005638123,0.2653249204158783,0.30367934703826904,0.9265772700309753,0.5831091403961182,0.26398423314094543,0.32722270488739014,0.942659854888916,0.5812733769416809,0.26584476232528687,0.32694950699806213,0.951806902885437,0.5793405175209045,0.26612740755081177,0.3269292414188385,0.9637100100517273,0.609623372554779,0.2703092098236084,0.341367244720459,0.9468966722488403,0.5895159244537354,0.27224576473236084,0.4492048919200897,0.9571418166160583,0.5948907732963562,0.2808532118797302,0.2989530563354492,0.9180987477302551,0.5876427292823792,0.2816372513771057,0.3290103077888489,0.913235604763031,0.662135124206543,0.3016583323478699,0.2248726338148117,0.9957960247993469,0.5520021915435791,0.330305278301239,0.4507470726966858,0.9976593255996704,0.7266591191291809,0.34798309206962585,-0.03181564062833786,0.389146625995636,0.5473127365112305,0.3981980085372925,0.33983391523361206,0.1348589062690735,0.6940488815307617,0.4022909104824066,-0.3139805197715759,0.43143779039382935,0.5529197454452515,0.46915674209594727,0.1456499695777893,0.3083323836326599,0.6936119198799133,0.4164075255393982,-0.3822009563446045,0.464307576417923,0.5441710352897644,0.48154011368751526,0.10521700233221054,0.34845513105392456,0.673201858997345,0.4116910398006439,-0.37736082077026367,0.46207916736602783,0.5483410358428955,0.4742094874382019,0.08461608737707138,0.3452024459838867,0.6703351736068726,0.4089445173740387,-0.3193354904651642,0.408638596534729,0.5499433875083923,0.47149842977523804,0.12997841835021973,0.3205771744251251,0.629941999912262,0.4036044180393219,-0.07834230363368988,0.993369996547699,0.5604760646820068,0.4077363610267639,0.07756883651018143,0.9971000552177429,0.5621380805969238,0.3684338331222534,-0.4574846923351288,0.580636203289032,0.47683030366897583,0.3580922484397888,-0.2064095139503479,0.40656405687332153,0.44236987829208374,0.4295516908168793,-0.7018493413925171,0.5223506093025208,0.4009566903114319,0.4122994840145111,-0.41134434938430786,0.43104392290115356,0.4590502083301544,0.4430321156978607,-0.7310893535614014,0.5891339778900146,0.40777459740638733,0.433396577835083,-0.4367142915725708,0.5899835228919983,0.3884270191192627,0.45190244913101196,-0.9006452560424805,0.5504592657089233,0.3366568982601166,0.4075604975223541,-0.5612580180168152,0.5066012144088745
37,1.2333333333333334,0.5618578791618347,0.2723996341228485,0.21883894503116608,0.9386027455329895,0.5657805800437927,0.26637130975723267,0.19342102110385895,0.9319104552268982,0.5674270391464233,0.2655721604824066,0.19321209192276,0.9273020625114441,0.571267306804657,0.26605457067489624,0.19319549202919006,0.9339168071746826,0.5632101893424988,0.2662850022315979,0.23637321591377258,0.9483912587165833,0.5626283288002014,0.2669459879398346,0.23616163432598114,0.9566236138343811,0.561659038066864,0.2671913504600525,0.23624686896800995,0.9673363566398621,0.584770143032074,0.27184876799583435,0.15874162316322327,0.9522046446800232,0.5693895220756531,0.27556487917900085,0.32222437858581543,0.9614158868789673,0.5713862180709839,0.28195688128471375,0.18922007083892822,0.9262840151786804,0.5685149431228638,0.2840231955051422,0.24572421610355377,0.9219005107879639,0.6402855515480042,0.3019464313983917,0.05830014497041702,0.996216356754303,0.5748644471168518,0.3240925669670105,0.3557139039039612,0.9978896975517273,0.7293685078620911,0.3587605655193329,-0.1642659455537796,0.407807856798172,0.5511089563369751,0.4066650867462158,0.29790163040161133,0.12284065037965775,0.6911309361457825,0.41267794370651245,-0.36712929606437683,0.4560738801956177,0.5469833612442017,0.468189001083374,0.11275256425142288,0.28445860743522644,0.6898525953292847,0.4258267283439636,-0.41854599118232727,0.48425066471099854,0.5329471826553345,0.4775972366333008,0.07455191016197205,0.3231908977031708,0.6687673330307007,0.4209476113319397,-0.4144494831562042,0.4820846915245056,0.5322555899620056,0.4731244444847107,0.066524438560009,0.32014229893684387,0.6677765846252441,0.41884270310401917,-0.3672305643558502,0.42125555872917175,0.5369046926498413,0.47131338715553284,0.10828585922718048,0.29734155535697937,0.6124040484428406,0.4044150412082672,-0.10555360466241837,0.9940270781517029,0.5754846334457397,0.41058245301246643,0.10470283031463623,0.9973793625831604,0.513018012046814,0.36349937319755554,-0.3949340283870697,0.6055527329444885,0.49760204553604126,0.37454643845558167,-0.052716366946697235,0.37697020173072815,0.41418206691741943,0.4196346402168274,-0.6331557631492615,0.5499976873397827,0.41245803236961365,0.41511717438697815,-0.2461431324481964,0.39688634872436523,0.4107261598110199,0.435936838388443,-0.6654824018478394,0.610114336013794,0.4142765998840332,0.4337979257106781,-0.2684858441352844,0.56824791431427,0.35854071378707886,0.401142418384552,-0.8134141564369202,0.5807944536209106,0.3435575067996979,0.40677088499069214,-0.34466278553009033,0.4787094295024872
38,1.2666666666666666,0.5727728009223938,0.2716390788555145,0.1304154247045517,0.9446231722831726,0.5805490016937256,0.26321178674697876,0.13410474359989166,0.9385377764701843,0.5842425227165222,0.26230162382125854,0.13382460176944733,0.9343342185020447,0.5882691144943237,0.2618778645992279,0.13387857377529144,0.9403759837150574,0.5725210905075073,0.2646405100822449,0.14514896273612976,0.9534416198730469,0.5711442828178406,0.26527318358421326,0.14476509392261505,0.9608577489852905,0.5695863366127014,0.26569247245788574,0.14458978176116943,0.9705246090888977,0.60624098777771,0.26420068740844727,0.17092259228229523,0.9568808674812317,0.5790053606033325,0.2690460681915283,0.22152282297611237,0.9650856256484985,0.5852047204971313,0.2785486578941345,0.14631173014640808,0.9334207773208618,0.5778068900108337,0.28117406368255615,0.16052141785621643,0.9294071793556213,0.6617048382759094,0.3070061504840851,0.1573127806186676,0.9965916872024536,0.5680743455886841,0.3121219873428345,0.1978047490119934,0.9980879426002502,0.6979969143867493,0.37726444005966187,0.1403266191482544,0.372282475233078,0.552975058555603,0.3772568106651306,0.16105230152606964,0.1121525764465332,0.7056407332420349,0.4283602237701416,0.0506613627076149,0.4165985584259033,0.5416563749313354,0.4455091059207916,0.10081444680690765,0.25738760828971863,0.7147170305252075,0.44070735573768616,0.03470313176512718,0.44461312890052795,0.531600832939148,0.45986586809158325,0.07246458530426025,0.29255688190460205,0.7019992470741272,0.43691450357437134,0.006828351877629757,0.44326555728912354,0.5304454565048218,0.45847779512405396,0.05871221795678139,0.28981882333755493,0.6965526342391968,0.4324742257595062,0.038773681968450546,0.3868587017059326,0.536685049533844,0.45726218819618225,0.0927586629986763,0.2693450450897217,0.6213222742080688,0.41896185278892517,-0.005301534663885832,0.9946213364601135,0.557479977607727,0.4041244089603424,0.004795677028596401,0.997637152671814,0.5591540336608887,0.506219744682312,-0.10074173659086227,0.6035394072532654,0.4790489971637726,0.4154765009880066,-0.06507938355207443,0.3674336075782776,0.5343261957168579,0.5174049735069275,-0.14420272409915924,0.554543673992157,0.38998281955718994,0.4134824275970459,-0.24704621732234955,0.3746144771575928,0.4139921963214874,0.5220352411270142,-0.15534816682338715,0.600043535232544,0.41451653838157654,0.44357728958129883,-0.2621150016784668,0.5332244634628296,0.5490086674690247,0.5160897374153137,-0.30536535382270813,0.5799835324287415,0.3609004020690918,0.4180564880371094,-0.3738826811313629,0.4583441913127899
40,1.3333333333333333,0.5275163650512695,0.23736467957496643,-0.19247086346149445,0.9500781893730164,0.5226427316665649,0.22849158942699432,-0.16491128504276276,0.9445658922195435,0.5243864059448242,0.2273138463497162,-0.16537094116210938,0.940746009349823,0.5258169174194336,0.22606590390205383,-0.16532698273658752,0.9462464451789856,0.5079467296600342,0.23576316237449646,-0.16031746566295624,0.9580183625221252,0.5038204193115234,0.2385852336883545,-0.16076767444610596,0.9646825790405273,0.49938344955444336,0.24135729670524597,-0.16107428073883057,0.9734089374542236,0.5353116989135742,0.22543616592884064,-0.022963931784033775,0.9611177444458008,0.5011958479881287,0.2525411546230316,-0.0009831946808844805,0.9683760404586792,0.5436258912086487,0.24141153693199158,-0.13537795841693878,0.9398565888404846,0.5306135416030884,0.2507655620574951,-0.1325857937335968,0.936150074005127,0.6375028491020203,0.23315580189228058,0.013071587309241295,0.9967735409736633,0.546390950679779,0.2954138219356537,0.06636945903301239,0.9976418018341064,0.7049047946929932,0.2141675502061844,-0.04280141741037369,0.3792436420917511,0.5482377409934998,0.2991126477718353,-0.01976105198264122,0.13451726734638214,0.6231590509414673,0.1948034167289734,-0.15200474858283997,0.42687591910362244,0.41715553402900696,0.2788412570953369,-0.18151292204856873,0.28828778862953186,0.6033238172531128,0.19149766862392426,-0.18231800198554993,0.4517662525177002,0.41103020310401917,0.2669919729232788,-0.22840720415115356,0.31993672251701355,0.5721455812454224,0.17971748113632202,-0.18710197508335114,0.4511343240737915,0.37781351804733276,0.2744027078151703,-0.23552173376083374,0.31804099678993225,0.5945801734924316,0.19212228059768677,-0.15565526485443115,0.39415255188941956,0.3944520652294159,0.2668987214565277,-0.19409170746803284,0.29777589440345764,0.8111953139305115,0.3426399528980255,-0.019152546301484108,0.9949091672897339,0.7556232213973999,0.3776237368583679,0.018629595637321472,0.9976016879081726,0.8939425349235535,0.3817794620990753,0.03743470460176468,0.5516631007194519,0.7966018915176392,0.43649426102638245,0.15659946203231812,0.3354603946208954,0.9449447393417358,0.42360013723373413,0.3178956210613251,0.5059336423873901,0.8803343176841736,0.45587271451950073,0.47166162729263306,0.34168386459350586,0.9548689126968384,0.4290817379951477,0.3424117863178253,0.5482556223869324,0.8989949822425842,0.45522746443748474,0.5025239586830139,0.4862991273403168,0.9562695026397705,0.44647496938705444,0.22258462011814117,0.5298625230789185,0.9062985777854919,0.4752655029296875,0.41254669427871704,0.41688427329063416
41,1.3666666666666667,0.5286015868186951,0.23988187313079834,-0.34957170486450195,0.9549923539161682,0.5242932438850403,0.23355384171009064,-0.31186187267303467,0.9500035643577576,0.5271828770637512,0.23252137005329132,-0.3124074637889862,0.9464883208274841,0.5299486517906189,0.23157231509685516,-0.3124796748161316,0.9515358209609985,0.5092371702194214,0.23947839438915253,-0.3247608542442322,0.9621493816375732,0.503917932510376,0.24213936924934387,-0.32523113489151,0.9681161642074585,0.49928513169288635,0.2454589605331421,-0.325469434261322,0.9760097861289978,0.5375176072120667,0.2352820187807083,-0.14401984214782715,0.9649152755737305,0.49818119406700134,0.2560366988182068,-0.20290911197662354,0.9711856842041016,0.544954240322113,0.24603669345378876,-0.28482377529144287,0.9451830387115479,0.5306322574615479,0.25318050384521484,-0.3057510554790497,0.9418556690216064,0.6338310241699219,0.2639963924884796,-0.08926583081483841,0.996993362903595,0.546083927154541,0.31202659010887146,-0.17746974527835846,0.9970629811286926,0.6695005893707275,0.21633735299110413,-0.15990182757377625,0.357588529586792,0.5605831742286682,0.31018078327178955,-0.2632070481777191,0.1265304833650589,0.5840491056442261,0.20260031521320343,-0.27722951769828796,0.39457109570503235,0.47339990735054016,0.30432701110839844,-0.31543606519699097,0.2667187452316284,0.5233889818191528,0.20183400809764862,-0.30437377095222473,0.4166611135005951,0.4464612603187561,0.303450345993042,-0.353794664144516,0.2954389750957489,0.5214869976043701,0.20037142932415009,-0.30893561244010925,0.4155621826648712,0.4407806098461151,0.30588704347610474,-0.36413493752479553,0.29387134313583374,0.5530139207839966,0.20292258262634277,-0.2824774384498596,0.36368560791015625,0.45277565717697144,0.30411937832832336,-0.3262196183204651,0.2754031717777252,0.8126474022865295,0.36718741059303284,0.03661613166332245,0.9953539371490479,0.7554110884666443,0.39347919821739197,-0.037345658987760544,0.9976838231086731,0.8963205218315125,0.3689884543418884,0.12206287682056427,0.5024823546409607,0.7181110978126526,0.3806338906288147,0.017395609989762306,0.30331653356552124,0.9187081456184387,0.42142218351364136,0.4866804778575897,0.45626604557037354,0.6030164361000061,0.4097701907157898,0.20751355588436127,0.3081737160682678,0.9156996607780457,0.4280274510383606,0.5230416655540466,0.4951515793800354,0.6010076999664307,0.41779622435569763,0.23015062510967255,0.43915584683418274,0.9360643029212952,0.4437755048274994,0.5043534636497498,0.47774600982666016,0.5568040013313293,0.4120151996612549,0.22912512719631195,0.37596192955970764
42,1.4,0.49018821120262146,0.24907700717449188,-0.1443663388490677,0.9594419002532959,0.49966391921043396,0.23981504142284393,-0.13138414919376373,0.9548985958099365,0.5064646601676941,0.23813700675964355,-0.13181938230991364,0.9517084956169128,0.5141231417655945,0.23635049164295197,-0.13181477785110474,0.9562825560569763,0.4843897521495819,0.24441321194171906,-0.10318630188703537,0.9658761620521545,0.48118990659713745,0.24617084860801697,-0.10366824269294739,0.9712544679641724,0.47811540961265564,0.24824050068855286,-0.10378392785787582,0.978370726108551,0.5317519307136536,0.23709158599376678,-0.05323914438486099,0.9683777689933777,0.48541101813316345,0.2558469772338867,0.08197708427906036,0.9739931225776672,0.5097209215164185,0.25636452436447144,-0.10749992728233337,0.9505487084388733,0.49364665150642395,0.26035434007644653,-0.07444430142641068,0.9475482702255249,0.6080667972564697,0.25806888937950134,-0.07866831868886948,0.9971767663955688,0.5187850594520569,0.31415051221847534,0.21378490328788757,0.997192919254303,0.6435433626174927,0.21626639366149902,-0.33596816658973694,0.4058568775653839,0.5566537976264954,0.36606544256210327,0.1596205234527588,0.14167876541614532,0.5613471269607544,0.2210925817489624,-0.5953702330589294,0.42493435740470886,0.49333876371383667,0.4143497943878174,-0.06471601873636246,0.2971039116382599,0.5378939509391785,0.2253863364458084,-0.6760266423225403,0.44207704067230225,0.4886193871498108,0.42486125230789185,-0.1008477434515953,0.3297734558582306,0.5249528884887695,0.22856052219867706,-0.653708279132843,0.4404295086860657,0.48902490735054016,0.42561402916908264,-0.14546410739421844,0.3294857144355774,0.5366159081459045,0.22858352959156036,-0.5937404036521912,0.3870795965194702,0.4869338572025299,0.41790732741355896,-0.0919220820069313,0.31153392791748047,0.7976973056793213,0.3790208697319031,-0.08327356725931168,0.9957755208015442,0.7281736731529236,0.4064817428588867,0.08249971270561218,0.997864842414856,0.8749784827232361,0.46792513132095337,-0.14843255281448364,0.5188838839530945,0.7351706027984619,0.5161168575286865,0.07612384855747223,0.3273364305496216,0.9223775267601013,0.512721836566925,0.227929025888443,0.4386177361011505,0.7507491111755371,0.582190990447998,0.2869996428489685,0.3275245130062103,0.9232734441757202,0.5174335241317749,0.259613960981369,0.4703826308250427,0.7603957056999207,0.588896632194519,0.30454114079475403,0.4474281072616577,0.9382703900337219,0.5424427390098572,0.135508731007576,0.4568997025489807,0.7309431433677673,0.6197255253791809,0.19027239084243774,0.3819330036640167
43,1.4333333333333333,0.46100950241088867,0.2513185143470764,-0.3265758156776428,0.9634575247764587,0.46929818391799927,0.24277210235595703,-0.3112022280693054,0.9593600034713745,0.47437986731529236,0.2413337677717209,-0.31169378757476807,0.9564642310142517,0.47991350293159485,0.2398606240749359,-0.31165462732315063,0.9606133699417114,0.460525244474411,0.24644534289836884,-0.28767046332359314,0.9692319631576538,0.4590948820114136,0.247765451669693,-0.28821325302124023,0.9740582704544067,0.4565838575363159,0.2489515244960785,-0.2883976697921753,0.9804853200912476,0.5003090500831604,0.23928973078727722,-0.21891427040100098,0.9714975357055664,0.46883624792099,0.25571975111961365,-0.112005814909935,0.9763727784156799,0.47635984420776367,0.2577395439147949,-0.2870711088180542,0.9552666544914246,0.4667997658252716,0.2610477805137634,-0.2602021396160126,0.9524822235107422,0.573099672794342,0.2604336738586426,-0.2177719920873642,0.9974175095558167,0.4903485178947449,0.3135475218296051,0.05397387593984604,0.9971597194671631,0.6175504326820374,0.2214377373456955,-0.27696657180786133,0.4158923923969269,0.3939080536365509,0.31894513964653015,0.08537722378969193,0.1615080088376999,0.5764265060424805,0.22098705172538757,-0.3741852939128876,0.4266296327114105,0.36977604031562805,0.2696675658226013,0.045422740280628204,0.2929011881351471,0.5577074885368347,0.2223852425813675,-0.4195494055747986,0.43678152561187744,0.3705393075942993,0.25616127252578735,0.021114438772201538,0.31805866956710815,0.5501554012298584,0.22325071692466736,-0.41901668906211853,0.4338342249393463,0.3900463879108429,0.24890729784965515,0.016892042011022568,0.31711629033088684,0.5488210320472717,0.2241382598876953,-0.37635892629623413,0.38102805614471436,0.3791917562484741,0.25983965396881104,0.037655171006917953,0.2994782626628876,0.730472981929779,0.37242695689201355,-0.09516480565071106,0.9961434006690979,0.6681555509567261,0.40065836906433105,0.09465965628623962,0.997941792011261,0.8395119309425354,0.43074434995651245,-0.13024243712425232,0.4989386796951294,0.6504576802253723,0.4827830195426941,0.18492037057876587,0.2968420088291168,0.94545578956604,0.4746200442314148,0.06064451113343239,0.405368834733963,0.4934256970882416,0.46405497193336487,0.2755337655544281,0.2979393005371094,0.9652446508407593,0.47991853952407837,0.07246585935354233,0.4332534968852997,0.4890480041503906,0.4744814336299896,0.2797517478466034,0.41250887513160706,0.962164580821991,0.5008536577224731,-0.06916511058807373,0.4207721948623657,0.40514954924583435,0.44474345445632935,0.20386475324630737,0.34854719042778015
44,1.4666666666666666,0.47509416937828064,0.27107828855514526,-0.16798241436481476,0.9668425917625427,0.4753461480140686,0.2602551281452179,-0.17698311805725098,0.9630054235458374,0.4779059588909149,0.2585933804512024,-0.17746110260486603,0.9604240655899048,0.4805731773376465,0.2570365369319916,-0.1774507611989975,0.9642871022224426,0.4679757356643677,0.26584407687187195,-0.143530935049057,0.9718739986419678,0.4662781059741974,0.2671428322792053,-0.14405076205730438,0.9762776494026184,0.4616294801235199,0.2625502049922943,-0.1442422866821289,0.9820978045463562,0.4935053586959839,0.25287485122680664,-0.1303836852312088,0.9742162823677063,0.4671154320240021,0.26310643553733826,-0.0009253620519302785,0.977864682674408,0.4876859486103058,0.27524590492248535,-0.14773835241794586,0.9593777060508728,0.48130306601524353,0.2780756652355194,-0.10773344337940216,0.9565081596374512,0.5737839341163635,0.2743209898471832,-0.16426748037338257,0.9976651668548584,0.4918190836906433,0.3126737177371979,0.19934898614883423,0.9973263144493103,0.6387133598327637,0.3094106912612915,-0.24182067811489105,0.4639666676521301,0.4646667540073395,0.35610178112983704,0.22948379814624786,0.17200125753879547,0.6156842708587646,0.37847694754600525,-0.32943296432495117,0.4701167941093445,0.5023229122161865,0.39454999566078186,0.06436574459075928,0.3046022653579712,0.6131103038787842,0.3989563584327698,-0.37786391377449036,0.4754441976547241,0.5071070194244385,0.4086482524871826,0.03916832059621811,0.33196133375167847,0.6117419004440308,0.3996562063694,-0.37534040212631226,0.47270527482032776,0.5129972696304321,0.40618807077407837,-0.004556168802082539,0.33221301436424255,0.6016140580177307,0.39342883229255676,-0.329955518245697,0.4169125556945801,0.5127447843551636,0.4006277024745941,0.03955419734120369,0.3164821267127991,0.7403277158737183,0.3889753520488739,-0.11142783612012863,0.9965143203735352,0.6815569400787354,0.4110627770423889,0.11100387573242188,0.9981244206428528,0.808790922164917,0.47910842299461365,-0.15795224905014038,0.5235153436660767,0.7026379704475403,0.5039244890213013,0.05087262764573097,0.3224906921386719,0.894758939743042,0.5617141127586365,-0.03394872695207596,0.4435608983039856,0.7488906979560852,0.5725570917129517,0.11189455538988113,0.3319879174232483,0.9120210409164429,0.572790265083313,-0.03117852658033371,0.44541066884994507,0.7867357730865479,0.5795122981071472,0.11286263912916183,0.4299037754535675,0.9015960097312927,0.6011172533035278,-0.1969868391752243,0.4489991068840027,0.720339298248291,0.613055944442749,-0.02702091820538044,0.3744482100009918
45,1.5,0.47081485390663147,0.27620112895965576,-0.22596141695976257,0.970119297504425,0.4696863293647766,0.2717806100845337,-0.2313799113035202,0.9666575193405151,0.47277188301086426,0.2697293162345886,-0.23186834156513214,0.964328944683075,0.474862277507782,0.2686580717563629,-0.23186492919921875,0.9678293466567993,0.4653751850128174,0.2751321494579315,-0.20881567895412445,0.9746508002281189,0.46425214409828186,0.2763475775718689,-0.20933407545089722,0.9786104559898376,0.4608989655971527,0.27756407856941223,-0.2094966471195221,0.9838547110557556,0.4840455651283264,0.2673400342464447,-0.1789366900920868,0.976772665977478,0.4617960751056671,0.2763320207595825,-0.08430033922195435,0.9799855351448059,0.4827340543270111,0.28124552965164185,-0.20246948301792145,0.9633625149726868,0.4771716296672821,0.2856209874153137,-0.17481905221939087,0.9606916904449463,0.5657362341880798,0.2861930727958679,-0.23606239259243011,0.9978770613670349,0.4984395205974579,0.3282316327095032,0.1105259582400322,0.9971767067909241,0.5882067084312439,0.27444154024124146,-0.4235604703426361,0.4978732764720917,0.4834100604057312,0.354469358921051,0.1425369828939438,0.17118997871875763,0.5207364559173584,0.2945675253868103,-0.5952432155609131,0.5054805874824524,0.47412189841270447,0.3657796382904053,0.007803997956216335,0.3061923086643219,0.5084007978439331,0.3017430901527405,-0.6646208167076111,0.5078107118606567,0.455353319644928,0.3698544502258301,-0.053364429622888565,0.3382840156555176,0.4946826994419098,0.3000186085700989,-0.6549541354179382,0.5056028366088867,0.48070335388183594,0.3687848448753357,-0.06103154644370079,0.33880531787872314,0.4997413754463196,0.2998703122138977,-0.595952033996582,0.44872531294822693,0.4812091886997223,0.3660382032394409,0.01869870349764824,0.3218831717967987,0.7414607405662537,0.4122132658958435,-0.11574450880289078,0.9968423247337341,0.6848723292350769,0.42648977041244507,0.11521176248788834,0.9982731938362122,0.7376524806022644,0.5205832719802856,-0.17214949429035187,0.5329782366752625,0.6669899225234985,0.5104870200157166,0.07333314418792725,0.31133124232292175,0.7730678915977478,0.6353102922439575,-0.17631025612354279,0.4850097596645355,0.7450634241104126,0.5915786027908325,0.1564984768629074,0.3402392566204071,0.7926105856895447,0.6502992510795593,-0.18684422969818115,0.47382885217666626,0.7813530564308167,0.5995534658432007,0.15962791442871094,0.43502363562583923,0.7306815385818481,0.6746397614479065,-0.375899076461792,0.48850521445274353,0.7103238105773926,0.6343885660171509,0.038674816489219666,0.3839767277240753
47,1.5666666666666667,0.4882396161556244,0.3567650318145752,0.0731433555483818,0.9730364084243774,0.490494042634964,0.3504285514354706,0.028486497700214386,0.9699046611785889,0.4874679446220398,0.35133224725723267,0.028166376054286957,0.967792809009552,0.4847186505794525,0.35256630182266235,0.02811797522008419,0.9709755778312683,0.5027437210083008,0.3474736511707306,0.04010870307683945,0.9771209359169006,0.5092616081237793,0.34649160504341125,0.03957592323422432,0.9806820750236511,0.515558123588562,0.34538817405700684,0.03934602439403534,0.9854238033294678,0.4949125051498413,0.3578340411186218,-0.10490425676107407,0.97902512550354,0.5397594571113586,0.34671705961227417,-0.05399608239531517,0.981905460357666,0.4892803728580475,0.3651200532913208,0.04107620194554329,0.9668334126472473,0.5031183362007141,0.3619967997074127,0.052912648767232895,0.9644342064857483,0.4689227342605591,0.4185524880886078,-0.13859449326992035,0.9980546832084656,0.6162846684455872,0.36918705701828003,-0.07027584314346313,0.9974266886711121,0.3820079267024994,0.4517154097557068,-0.08107402920722961,0.47719553112983704,0.6115190386772156,0.3373628258705139,-0.13886740803718567,0.1588701605796814,0.3952843248844147,0.3953891396522522,0.055781375616788864,0.5065455436706543,0.5880204439163208,0.28533363342285156,-0.1394163966178894,0.3113619089126587,0.381805956363678,0.3814886808395386,0.06233956664800644,0.5242559313774109,0.5790911316871643,0.2684447169303894,-0.16321422159671783,0.35292091965675354,0.3983084261417389,0.3750845193862915,0.04063672944903374,0.5242007374763489,0.5791437029838562,0.27097266912460327,-0.1536637246608734,0.35105520486831665,0.4050845801830292,0.37895816564559937,0.05248694494366646,0.4638700783252716,0.5778284072875977,0.2798945903778076,-0.14047729969024658,0.33153143525123596,0.5451015830039978,0.5580172538757324,-0.033123262226581573,0.9971169233322144,0.6229205131530762,0.5424858927726746,0.03248189389705658,0.9984143972396851,0.570716381072998,0.6766777038574219,0.0009200547356158495,0.4836314022541046,0.6522296667098999,0.6524523496627808,0.04139845818281174,0.28217819333076477,0.6610467433929443,0.7637967467308044,0.0077759986743330956,0.4430786967277527,0.7105157971382141,0.7617660760879517,0.0687675029039383,0.3093806505203247,0.6942475438117981,0.7760896682739258,0.0035490314476191998,0.4396861493587494,0.7181159853935242,0.7752780914306641,0.07144320756196976,0.40246886014938354,0.608101487159729,0.7890592813491821,-0.038302309811115265,0.443147748708725,0.6765207648277283,0.7817544937133789,0.05609141290187836,0.3474738299846649
48,1.6,0.43648821115493774,0.3182576298713684,-0.2059115767478943,0.9756777882575989,0.4487273693084717,0.30175885558128357,-0.22871623933315277,0.9728724956512451,0.4597932696342468,0.299750953912735,-0.2292099893093109,0.9709629416465759,0.4671485126018524,0.29838913679122925,-0.22920286655426025,0.9738443493843079,0.42711666226387024,0.30440571904182434,-0.1734730452299118,0.979373574256897,0.42201754450798035,0.304243266582489,-0.1741780787706375,0.982566773891449,0.41648346185684204,0.30362629890441895,-0.17462658882141113,0.986851692199707,0.49491259455680847,0.29813703894615173,-0.24303314089775085,0.9811002016067505,0.454990416765213,0.31119126081466675,-0.015221523120999336,0.9836580157279968,0.45465320348739624,0.3322141766548157,-0.198126882314682,0.9700108766555786,0.4452301561832428,0.33418527245521545,-0.12970523536205292,0.9678268432617188,0.5164858102798462,0.3743537664413452,-0.2704918384552002,0.9981993436813354,0.5231560468673706,0.37030935287475586,0.18761132657527924,0.997616708278656,0.3887476623058319,0.4603385925292969,-0.19259828329086304,0.46090561151504517,0.5045168995857239,0.4398447573184967,0.29471731185913086,0.14435714483261108,0.3874776065349579,0.3997035026550293,0.10844779759645462,0.47626402974128723,0.5064802169799805,0.36641842126846313,0.2511492669582367,0.2878723740577698,0.3720090985298157,0.3860209584236145,0.11970924586057663,0.49426034092903137,0.5147968530654907,0.34792429208755493,0.24300414323806763,0.33069270849227905,0.3937389850616455,0.3795638978481293,0.11584537476301193,0.492967426776886,0.5098047852516174,0.3368697166442871,0.24358713626861572,0.32791706919670105,0.40047210454940796,0.38345402479171753,0.11923534423112869,0.43281373381614685,0.509002149105072,0.3438023030757904,0.24490886926651,0.3087490200996399,0.5672426819801331,0.5568588972091675,-0.13023222982883453,0.9973868727684021,0.5643153190612793,0.5500927567481995,0.13026376068592072,0.9985613226890564,0.6093905568122864,0.6815551519393921,0.06226842850446701,0.4461042881011963,0.608170211315155,0.666289210319519,0.19568434357643127,0.259899765253067,0.6626927852630615,0.7793947458267212,0.31385537981987,0.42165136337280273,0.6591824293136597,0.7752025127410889,0.3839268684387207,0.29232698678970337,0.6919599175453186,0.7926721572875977,0.3321900963783264,0.41446205973625183,0.6846197247505188,0.7948246598243713,0.40168172121047974,0.3842237591743469,0.6262152791023254,0.8118380308151245,0.2364555299282074,0.4209287762641907,0.604771614074707,0.8050123453140259,0.33262762427330017,0.33337920904159546
52,1.7333333333333334,0.3974895775318146,0.2912910580635071,-0.21707786619663239,0.978092610836029,0.40452244877815247,0.27817586064338684,-0.24442172050476074,0.9755626916885376,0.40900060534477234,0.2773424983024597,-0.2449401468038559,0.9738473892211914,0.41246888041496277,0.2773270606994629,-0.24490244686603546,0.9764472246170044,0.394767165184021,0.2803305983543396,-0.19139565527439117,0.981407880783081,0.3945389986038208,0.2804279923439026,-0.19192124903202057,0.9842802882194519,0.393679141998291,0.28082478046417236,-0.1921403706073761,0.9881400465965271,0.44323477149009705,0.2761218547821045,-0.2742321491241455,0.9829835891723633,0.41304832696914673,0.2834645211696625,-0.03195131942629814,0.9852132201194763,0.42033278942108154,0.30024421215057373,-0.21413540840148926,0.9729880690574646,0.40925589203834534,0.3036102056503296,-0.14841440320014954,0.9709879755973816,0.5267740488052368,0.34204670786857605,-0.3504336476325989,0.9983780980110168,0.43998637795448303,0.3385099768638611,0.2009357064962387,0.9978365302085876,0.5127623677253723,0.44292932748794556,-0.42419877648353577,0.5119606256484985,0.41623640060424805,0.40618085861206055,0.2647337317466736,0.13192829489707947,0.38532036542892456,0.43173304200172424,-0.38718631863594055,0.5222525596618652,0.37986481189727783,0.38822296261787415,0.0695863887667656,0.26851263642311096,0.3570705056190491,0.4287870526313782,-0.42714187502861023,0.5350164771080017,0.37227800488471985,0.38664281368255615,0.03927204757928848,0.31731122732162476,0.3646191954612732,0.41741031408309937,-0.4171489179134369,0.5334714651107788,0.36884361505508423,0.37578409910202026,0.011539985425770283,0.31501492857933044,0.37265744805336,0.4192087650299072,-0.37542030215263367,0.4715566039085388,0.37352997064590454,0.37647178769111633,0.048069968819618225,0.2968731224536896,0.5320405960083008,0.520906925201416,-0.16674639284610748,0.9976362586021423,0.47229284048080444,0.5234606266021729,0.1667499542236328,0.9986859560012817,0.5472895503044128,0.6379268765449524,-0.10515735298395157,0.43768826127052307,0.492994487285614,0.6373271346092224,0.21271395683288574,0.241629958152771,0.5942901968955994,0.7553618550300598,0.0733850970864296,0.41677168011665344,0.5500346422195435,0.749869704246521,0.39259257912635803,0.2799649238586426,0.6188952326774597,0.7691283226013184,0.08082611858844757,0.3973211944103241,0.5774424076080322,0.7716931104660034,0.4050677716732025,0.3700052797794342,0.5478335618972778,0.7866553664207458,-0.06870435923337936,0.42338964343070984,0.48513394594192505,0.7789561152458191,0.3073963224887848,0.3289899230003357
53,1.7666666666666666,0.39084652066230774,0.28258875012397766,-0.3011704087257385,0.9802619218826294,0.4024689197540283,0.26841944456100464,-0.3281674087047577,0.977976381778717,0.40828192234039307,0.2675965428352356,-0.3287038803100586,0.9764347672462463,0.4124452769756317,0.2673129439353943,-0.3285774290561676,0.9787842631340027,0.3906923532485962,0.27033379673957825,-0.27043724060058594,0.9832298755645752,0.3899769186973572,0.27045685052871704,-0.27095749974250793,0.9858109951019287,0.3887701630592346,0.27054354548454285,-0.27111583948135376,0.9892884492874146,0.444296270608902,0.2681848406791687,-0.3459159731864929,0.9846717119216919,0.40789833664894104,0.2744334936141968,-0.08152181655168533,0.9865499138832092,0.41329827904701233,0.2927625775337219,-0.2931239604949951,0.9756515622138977,0.4012790620326996,0.294686496257782,-0.22124610841274261,0.9737879633903503,0.5267170667648315,0.33228209614753723,-0.41889482736587524,0.9985389113426208,0.4387997090816498,0.32891547679901123,0.18429315090179443,0.9980244040489197,0.5520724654197693,0.42970746755599976,-0.5839613676071167,0.5578517317771912,0.4277867078781128,0.4015042185783386,0.268314391374588,0.11953802406787872,0.4107489287853241,0.4297591745853424,-0.6921799182891846,0.5654897689819336,0.3750517964363098,0.3967530131340027,0.08243771642446518,0.25246763229370117,0.37761548161506653,0.42855364084243774,-0.7583740949630737,0.5745878219604492,0.3609485924243927,0.3989042639732361,0.05347299948334694,0.3074212670326233,0.378158837556839,0.4166885316371918,-0.7445305585861206,0.5730802416801453,0.3501282334327698,0.39142313599586487,0.01182585395872593,0.306032657623291,0.38743293285369873,0.4179961085319519,-0.6825045347213745,0.5111169815063477,0.3578108847141266,0.3916466534137726,0.05447697266936302,0.28768572211265564,0.5236886739730835,0.5154246091842651,-0.18476416170597076,0.9978508949279785,0.46481725573539734,0.5160036087036133,0.1846289485692978,0.9987730383872986,0.5178048610687256,0.6367408037185669,-0.06738285720348358,0.4072350561618805,0.47445958852767944,0.6321011781692505,0.29029080271720886,0.21910512447357178,0.5479137301445007,0.7553717494010925,0.12580592930316925,0.3955318331718445,0.5170124769210815,0.7471749782562256,0.49186497926712036,0.2566208839416504,0.5773161053657532,0.7713029384613037,0.13351386785507202,0.37506306171417236,0.5461053848266602,0.7705820798873901,0.5059197545051575,0.34472593665122986,0.492692768573761,0.7874432802200317,-0.009862788952887058,0.40761715173721313,0.4291233420372009,0.7712953090667725,0.4275364875793457,0.30625098943710327
54,1.8,0.386299729347229,0.2711091935634613,-0.37351199984550476,0.9821656346321106,0.39995336532592773,0.257893830537796,-0.38373929262161255,0.9800592064857483,0.4062741696834564,0.2565881609916687,-0.38425880670547485,0.9786799550056458,0.41116634011268616,0.2555164694786072,-0.3841955363750458,0.9808391332626343,0.3847748935222626,0.2621050775051117,-0.3326417803764343,0.9847734570503235,0.3829377591609955,0.2622174918651581,-0.3331358730792999,0.9870762228965759,0.38077864050865173,0.2621456980705261,-0.3333190381526947,0.9902174472808838,0.4442313611507416,0.2576701045036316,-0.3447093367576599,0.9861562252044678,0.3955555260181427,0.2651937007904053,-0.10551543533802032,0.9872632622718811,0.40635934472084045,0.2798769176006317,-0.34563374519348145,0.9780066013336182,0.39349165558815,0.2830183506011963,-0.2819156050682068,0.9761731028556824,0.5204647779464722,0.31840699911117554,-0.4009610116481781,0.998683750629425,0.4307965636253357,0.3281460106372833,0.17843195796012878,0.9981798529624939,0.5865017771720886,0.4076153635978699,-0.5508191585540771,0.5995748043060303,0.44197824597358704,0.402294397354126,0.2866095304489136,0.10824786871671677,0.43321070075035095,0.42046022415161133,-0.6721924543380737,0.6025004982948303,0.411120742559433,0.4480840563774109,0.10858789086341858,0.23038677871227264,0.39671754837036133,0.42093372344970703,-0.7422288060188293,0.6063346266746521,0.40335914492607117,0.46389564871788025,0.07956219464540482,0.2830857038497925,0.3908393979072571,0.41187405586242676,-0.727481484413147,0.6050168871879578,0.39221352338790894,0.4607282280921936,0.0236623864620924,0.2820073664188385,0.4036477506160736,0.4128774106502533,-0.6618642807006836,0.5408575534820557,0.39834052324295044,0.45558643341064453,0.07735616713762283,0.26522600650787354,0.5116724967956543,0.5016087889671326,-0.18871822953224182,0.9980452656745911,0.45637691020965576,0.5041611790657043,0.1885036677122116,0.9988535642623901,0.49432966113090515,0.625728964805603,-0.13513284921646118,0.3837105631828308,0.4568656086921692,0.6208977103233337,0.2789834439754486,0.1994686722755432,0.522838830947876,0.7507750988006592,0.08061827719211578,0.3805534541606903,0.4838152527809143,0.7338151335716248,0.4687005877494812,0.23975886404514313,0.551000714302063,0.7700048685073853,0.0894528403878212,0.3549608886241913,0.5145914554595947,0.7657932639122009,0.47083520889282227,0.32419222593307495,0.45873603224754333,0.77825528383255,-0.09901007264852524,0.39645513892173767,0.39539769291877747,0.7664048075675964,0.3111036419868469,0.2903810441493988
58,1.9333333333333333,0.4407528042793274,0.7371708154678345,0.2921842932701111,0.9838098287582397,0.43224552273750305,0.7429876327514648,0.3151501417160034,0.9818334579467773,0.42832157015800476,0.7433898448944092,0.3147928714752197,0.9805421233177185,0.4243316352367401,0.7434384226799011,0.3148100972175598,0.9826071858406067,0.444017618894577,0.7419455051422119,0.3313143253326416,0.986137866973877,0.44739019870758057,0.7413278222084045,0.3309793770313263,0.9881826639175415,0.450907826423645,0.7409193515777588,0.33090394735336304,0.9910838603973389,0.41514474153518677,0.7383049130439758,0.3771034777164459,0.9873674511909485,0.4524233639240265,0.7358825206756592,0.4542298913002014,0.9880577921867371,0.43365851044654846,0.7290800213813782,0.3151985704898834,0.979846715927124,0.446554958820343,0.727651834487915,0.3342016637325287,0.9780659675598145,0.3784128427505493,0.6952016949653625,0.2534298300743103,0.9987981915473938,0.4970329999923706,0.7009698748588562,0.44255053997039795,0.9983209371566772,0.37234777212142944,0.6831292510032654,0.030734527856111526,0.5687560439109802,0.49643900990486145,0.7064191102981567,0.3024212121963501,0.11429700255393982,0.4447326362133026,0.7065386176109314,-0.1103689968585968,0.5631063580513,0.43021732568740845,0.7543372511863708,0.1564440131187439,0.24652694165706635,0.46258533000946045,0.710150957107544,-0.1568443477153778,0.5655731558799744,0.43276849389076233,0.7479327321052551,0.11755722016096115,0.2946794331073761,0.4644220471382141,0.714096188545227,-0.13036122918128967,0.5629884600639343,0.41811302304267883,0.7630901336669922,0.13014701008796692,0.2920778691768646,0.4584484398365021,0.7120961546897888,-0.10210325568914413,0.5003991723060608,0.41807979345321655,0.7622815370559692,0.15210479497909546,0.27217379212379456,0.4301193356513977,0.5705978274345398,-0.060843326151371,0.9982314705848694,0.5043425559997559,0.5697810053825378,0.060222990810871124,0.9989603161811829,0.41881293058395386,0.4656345844268799,-0.2370544821023941,0.36445483565330505,0.49450716376304626,0.464057058095932,-0.05172707885503769,0.1849970519542694,0.3942467272281647,0.382079541683197,-0.28981199860572815,0.35776233673095703,0.4843370318412781,0.3670404553413391,-0.028103208169341087,0.22197523713111877,0.38878870010375977,0.3686986565589905,-0.3041401505470276,0.33549588918685913,0.47252824902534485,0.3519183397293091,-0.0314512737095356,0.3004704713821411,0.40493595600128174,0.35761186480522156,-0.5066590905189514,0.3811165392398834,0.5102480053901672,0.33835339546203613,-0.20112615823745728,0.27161967754364014
59,1.9666666666666666,0.4260357618331909,0.7649215459823608,0.1691656857728958,0.9853619337081909,0.41735267639160156,0.7719154953956604,0.19484983384609222,0.9834498167037964,0.41265738010406494,0.7720366716384888,0.19455206394195557,0.9822447299957275,0.407905250787735,0.7718051671981812,0.19459964334964752,0.9841833710670471,0.4313760995864868,0.7718987464904785,0.19749760627746582,0.9874141812324524,0.43578478693962097,0.7717012166976929,0.19710685312747955,0.9892644882202148,0.440324604511261,0.77167809009552,0.1969866007566452,0.9919053912162781,0.4009377360343933,0.7663681507110596,0.29709750413894653,0.9884873628616333,0.4452321231365204,0.7668923139572144,0.31195682287216187,0.9889724850654602,0.4179885983467102,0.7553585767745972,0.20957857370376587,0.9816769957542419,0.4345342814922333,0.75510174036026,0.21042583882808685,0.9800611734390259,0.3749276399612427,0.7220048308372498,0.2606143057346344,0.9989078640937805,0.4901534914970398,0.7143100500106812,0.29803791642189026,0.9984721541404724,0.33646705746650696,0.6821492910385132,0.08227371424436569,0.5506700277328491,0.5150341391563416,0.6889204978942871,0.07446201145648956,0.12475614249706268,0.41689592599868774,0.6984366774559021,-0.09893198311328888,0.5296752452850342,0.4684165418148041,0.7073226571083069,-0.1895793080329895,0.2642481029033661,0.44104424118995667,0.7000803351402283,-0.14283445477485657,0.5288843512535095,0.4586228132247925,0.7087590098381042,-0.2501700520515442,0.3083013594150543,0.4444543123245239,0.7082961797714233,-0.12326062470674515,0.5252149701118469,0.4502009451389313,0.7159017324447632,-0.23495067656040192,0.30376431345939636,0.4366321265697479,0.7064141631126404,-0.093403659760952,0.46422988176345825,0.4522896111011505,0.7145199775695801,-0.19299101829528809,0.2790490984916687,0.42306676506996155,0.5746978521347046,-0.003212836105376482,0.99839848279953,0.4996609091758728,0.5768800377845764,0.0027906603645533323,0.999054491519928,0.3987824022769928,0.46788477897644043,-0.1607172191143036,0.3415988087654114,0.45482397079467773,0.4644926190376282,-0.13693773746490479,0.1741187423467636,0.39629846811294556,0.3630644977092743,-0.23667022585868835,0.33553943037986755,0.4846031069755554,0.3610669672489166,-0.1282026767730713,0.20888622105121613,0.3968043923377991,0.3452904224395752,-0.2561408281326294,0.3117697834968567,0.48335006833076477,0.34255534410476685,-0.1337253302335739,0.2768439054489136,0.4076332151889801,0.333291620016098,-0.46288156509399414,0.3599436581134796,0.5001769661903381,0.33309900760650635,-0.3097316324710846,0.2554096281528473
60,2.0,0.37837421894073486,0.7328305244445801,0.152556374669075,0.9867857098579407,0.37839648127555847,0.7421869039535522,0.18820160627365112,0.9850313067436218,0.37660104036331177,0.7422878742218018,0.18788191676139832,0.9839314222335815,0.3746625781059265,0.7419832944869995,0.18796665966510773,0.985709011554718,0.3880743682384491,0.7436096668243408,0.14836333692073822,0.9886320233345032,0.3927556872367859,0.7443305253982544,0.1480150669813156,0.9903017282485962,0.3975486755371094,0.7452955842018127,0.1479613482952118,0.992683470249176,0.38692161440849304,0.7411264777183533,0.32187917828559875,0.9895857572555542,0.4185164272785187,0.7458066940307617,0.14679667353630066,0.9899715185165405,0.3817959129810333,0.7240957021713257,0.21002326905727386,0.9833179116249084,0.39295920729637146,0.7251328229904175,0.15551893413066864,0.9818604588508606,0.389717698097229,0.6883965730667114,0.42027345299720764,0.9989968538284302,0.4493497610092163,0.7066228985786438,0.012609397061169147,0.9985955953598022,0.3325575590133667,0.6380500197410583,0.3277952969074249,0.506105363368988,0.3801919221878052,0.6744670271873474,-0.20365573465824127,0.16029484570026398,0.3095458745956421,0.6443698406219482,0.028525736182928085,0.5077074766159058,0.2961927056312561,0.6815522909164429,-0.3040826916694641,0.30169379711151123,0.3027665317058563,0.6439352631568909,-0.009881433099508286,0.516660749912262,0.2778065502643585,0.6816273927688599,-0.370322585105896,0.3457810580730438,0.30599358677864075,0.6540984511375427,-0.033600643277168274,0.5139563083648682,0.2753019630908966,0.6865857839584351,-0.3480524718761444,0.3398120701313019,0.30841726064682007,0.6542313694953918,0.01093059778213501,0.4531552493572235,0.28462156653404236,0.6858916282653809,-0.29983195662498474,0.30508849024772644,0.43027809262275696,0.5500537753105164,0.12366397678852081,0.998538076877594,0.48033562302589417,0.5589758157730103,-0.12407562136650085,0.9991260170936584,0.37887662649154663,0.44332432746887207,0.05203618109226227,0.3280899226665497,0.4094540476799011,0.45709261298179626,-0.24709564447402954,0.1990007609128952,0.4248151481151581,0.35402825474739075,0.043351609259843826,0.33360180258750916,0.5050430297851562,0.3545159101486206,-0.2786434292793274,0.2376706302165985,0.4398874044418335,0.33731141686439514,0.03305557742714882,0.3269946873188019,0.532686710357666,0.33347180485725403,-0.28560808300971985,0.28772249817848206,0.41983285546302795,0.33601003885269165,-0.10554026812314987,0.36655426025390625,0.5004448890686035,0.3324348032474518,-0.4250275194644928,0.28097468614578247
61,2.033333333333333,0.4366264343261719,0.735111653804779,0.09774605184793472,0.9880797266960144,0.4244117736816406,0.7468130588531494,0.11474695056676865,0.9864645004272461,0.41789916157722473,0.7475274205207825,0.11438076943159103,0.9854675531387329,0.4113219380378723,0.7478794455528259,0.11436276137828827,0.9870852828025818,0.44350120425224304,0.7491031885147095,0.12808525562286377,0.9897352457046509,0.44494378566741943,0.7496902942657471,0.12763935327529907,0.991242527961731,0.44845321774482727,0.7464659810066223,0.12741900980472565,0.9933910965919495,0.39181140065193176,0.7455853223800659,0.19423726201057434,0.9905886054039001,0.44293534755706787,0.7451030611991882,0.2567765414714813,0.9908995032310486,0.4187909960746765,0.7251633405685425,0.13247139751911163,0.984898030757904,0.4366413950920105,0.7257223129272461,0.14787691831588745,0.9835800528526306,0.3600913882255554,0.6898474097251892,0.25277280807495117,0.9990907311439514,0.4592609107494354,0.6953951120376587,0.23070746660232544,0.9987245202064514,0.30365991592407227,0.6499566435813904,0.190775066614151,0.4849749505519867,0.42929837107658386,0.6317563652992249,0.07940319180488586,0.16924460232257843,0.24914345145225525,0.6480425000190735,0.06378482282161713,0.5007236003875732,0.4248393177986145,0.6157335638999939,-0.14362619817256927,0.32708337903022766,0.2291906327009201,0.6456126570701599,0.034277115017175674,0.5175784826278687,0.41793057322502136,0.608435332775116,-0.20527321100234985,0.3743739426136017,0.2323020100593567,0.653366208076477,0.006720336154103279,0.5174584984779358,0.40514111518859863,0.6155780553817749,-0.2135583907365799,0.3703397214412689,0.2419995665550232,0.6537842750549316,0.05082999914884567,0.4576084017753601,0.40347009897232056,0.6185819506645203,-0.15637755393981934,0.33302056789398193,0.41378524899482727,0.5476230382919312,0.04623881354928017,0.998664915561676,0.48335638642311096,0.5522123575210571,-0.04699460044503212,0.999193549156189,0.3821677267551422,0.4463884234428406,-0.09382779896259308,0.3359423279762268,0.4369216859340668,0.44811129570007324,-0.15945857763290405,0.2068677693605423,0.39882892370224,0.35475367307662964,-0.1176179051399231,0.3435512185096741,0.5365151166915894,0.3627694249153137,-0.1845891922712326,0.2377244234085083,0.41034194827079773,0.3369206190109253,-0.12785446643829346,0.33323803544044495,0.5491282939910889,0.34656816720962524,-0.1690182089805603,0.2781752943992615,0.3945326507091522,0.33598774671554565,-0.312214732170105,0.37733155488967896,0.5552810430526733,0.3423491418361664,-0.2769329845905304,0.28309327363967896
62,2.066666666666667,0.3669532835483551,0.729507565498352,-0.2133418172597885,0.9888125061988831,0.3646447956562042,0.7394205331802368,-0.1921166479587555,0.9869232177734375,0.36112362146377563,0.7401715517044067,-0.19262614846229553,0.9859265089035034,0.35747459530830383,0.7405129075050354,-0.1926998496055603,0.9877198934555054,0.3774900734424591,0.738735556602478,-0.21175852417945862,0.990376353263855,0.38166821002960205,0.738155722618103,-0.2123054563999176,0.9918104410171509,0.3862082064151764,0.736643373966217,-0.21271470189094543,0.9938474297523499,0.3563919961452484,0.7347520589828491,-0.07232179492712021,0.9912418127059937,0.3960226774215698,0.7299164533615112,-0.15859998762607574,0.9914838075637817,0.3595525920391083,0.7185205221176147,-0.16261182725429535,0.9860815405845642,0.37482714653015137,0.7168765068054199,-0.19070369005203247,0.9849782586097717,0.32187315821647644,0.6558016538619995,0.05266100913286209,0.9991559982299805,0.44620540738105774,0.6673476099967957,-0.18634448945522308,0.9988365769386292,0.314794659614563,0.5790892243385315,0.18944920599460602,0.4437267482280731,0.4606497585773468,0.6074900031089783,-0.3182128965854645,0.23658356070518494,0.3320713937282562,0.567949116230011,0.013097782619297504,0.4648747146129608,0.4492642283439636,0.5981830954551697,-0.5174666047096252,0.3815380036830902,0.3337165415287018,0.5619410872459412,-0.010009783320128918,0.4904664158821106,0.4433135688304901,0.5923265218734741,-0.5902100801467896,0.4264785349369049,0.3310457766056061,0.5694852471351624,-0.04332667589187622,0.49183499813079834,0.42639219760894775,0.6002369523048401,-0.5936737656593323,0.42330285906791687,0.33300209045410156,0.5725566148757935,-0.0012391955824568868,0.43559256196022034,0.425506591796875,0.6025597453117371,-0.524713397026062,0.38541585206985474,0.3766818046569824,0.49594226479530334,0.07635797560214996,0.9987861514091492,0.455981582403183,0.4993758201599121,-0.0767233818769455,0.9992656111717224,0.32882562279701233,0.41486185789108276,0.06113801151514053,0.3523315191268921,0.4304642677307129,0.37540656328201294,-0.19144202768802643,0.27383989095687866,0.3932817578315735,0.3518444001674652,0.28355976939201355,0.37514442205429077,0.5535935163497925,0.3628515601158142,0.017576752230525017,0.2942313551902771,0.4079830050468445,0.34101441502571106,0.29932743310928345,0.3590032458305359,0.5657400488853455,0.35983872413635254,0.04774313420057297,0.3105652630329132,0.3924224078655243,0.32557302713394165,0.22084712982177734,0.40911462903022766,0.6152440309524536,0.3619038462638855,0.0005781768704764545,0.3341946005821228
65,2.1666666666666665,0.4542686343193054,0.2730073928833008,-0.5417705178260803,0.9899293184280396,0.4715392589569092,0.2656376361846924,-0.5392553806304932,0.9882277846336365,0.47718289494514465,0.2663683295249939,-0.539708137512207,0.9873297214508057,0.48271089792251587,0.2674258053302765,-0.5396978259086609,0.9889457821846008,0.45750096440315247,0.26337695121765137,-0.5228878259658813,0.9913355112075806,0.45346885919570923,0.2628405690193176,-0.5232197046279907,0.9926245212554932,0.44938355684280396,0.2621387839317322,-0.5233222842216492,0.9944589734077454,0.4946761131286621,0.27434849739074707,-0.44991984963417053,0.9921159148216248,0.44710689783096313,0.2661135196685791,-0.37037959694862366,0.9923152923583984,0.45800426602363586,0.2851676344871521,-0.49864304065704346,0.9874703884124756,0.44175541400909424,0.28295430541038513,-0.4789332151412964,0.9864733815193176,0.517530083656311,0.34219029545783997,-0.3747774660587311,0.999239981174469,0.36831602454185486,0.30334746837615967,-0.2092370092868805,0.9989389181137085,0.6330193281173706,0.38605934381484985,-0.4999590516090393,0.49600809812545776,0.27104613184928894,0.33100929856300354,-0.21503978967666626,0.24748709797859192,0.5266728401184082,0.3930074870586395,-0.7422081232070923,0.5111276507377625,0.19803208112716675,0.35034623742103577,-0.3929532468318939,0.3723410964012146,0.5022010207176208,0.40940433740615845,-0.814740002155304,0.5297726988792419,0.17511332035064697,0.35460925102233887,-0.44038769602775574,0.41316574811935425,0.48808753490448,0.3949837386608124,-0.8221985101699829,0.531005322933197,0.18081021308898926,0.3547643721103668,-0.48801153898239136,0.4125504195690155,0.49266815185546875,0.39193427562713623,-0.7480541467666626,0.47404658794403076,0.19184595346450806,0.35527700185775757,-0.41943496465682983,0.37728989124298096,0.3866395652294159,0.44208043813705444,-0.03531373292207718,0.9989031553268433,0.29912376403808594,0.4247134327888489,0.03481563553214073,0.9993225932121277,0.38834381103515625,0.5299816131591797,-0.17811457812786102,0.36498382687568665,0.2217867076396942,0.4919513165950775,-0.05882023274898529,0.2579900622367859,0.36848095059394836,0.6337587833404541,-0.0717267096042633,0.38030362129211426,0.28783029317855835,0.5301927924156189,0.2507871091365814,0.2678316831588745,0.3526206612586975,0.6496275663375854,-0.07013387233018875,0.3509220480918884,0.3009082078933716,0.5382559299468994,0.280876487493515,0.28461745381355286,0.3786270022392273,0.665015697479248,-0.22293022274971008,0.4097714424133301,0.29263564944267273,0.541382908821106,0.21966110169887543,0.3052157163619995
66,2.2,0.41644033789634705,0.2741006910800934,-1.131066918373108,0.9909340143203735,0.4391859173774719,0.2654385566711426,-1.1079293489456177,0.9894005656242371,0.4488089680671692,0.2662622034549713,-1.1085216999053955,0.988590657711029,0.4582212567329407,0.2673881947994232,-1.1085253953933716,0.9900473952293396,0.3970508277416229,0.2596053183078766,-1.1020163297653198,0.9921971559524536,0.38494640588760376,0.2575961947441101,-1.1023763418197632,0.9933551549911499,0.3813178241252899,0.25619497895240784,-1.1025625467300415,0.9950066208839417,0.4622866213321686,0.2716740369796753,-0.8666294813156128,0.9929009675979614,0.3805057406425476,0.25801119208335876,-0.8331296443939209,0.9930452108383179,0.4165970981121063,0.28519949316978455,-1.0273810625076294,0.9887146353721619,0.3804263174533844,0.28281643986701965,-1.0212128162384033,0.9878063797950745,0.5057303309440613,0.3384268879890442,-0.6560912728309631,0.9993148446083069,0.30372920632362366,0.2979148328304291,-0.586537778377533,0.9990214705467224,0.6218158602714539,0.386279433965683,-0.850452184677124,0.5429723858833313,0.2253771722316742,0.3420049846172333,-0.7152061462402344,0.26382768154144287,0.4942258298397064,0.40464624762535095,-1.2468504905700684,0.5344050526618958,0.2382041960954666,0.3714037835597992,-1.01601243019104,0.34850817918777466,0.4662671387195587,0.4138758182525635,-1.358499526977539,0.5382252931594849,0.23953910171985626,0.38500073552131653,-1.1153441667556763,0.38426458835601807,0.45115116238594055,0.40972718596458435,-1.3674743175506592,0.5380361676216125,0.26203832030296326,0.3766217827796936,-1.1367230415344238,0.3839474618434906,0.4579296410083771,0.4063038229942322,-1.2572550773620605,0.4738655090332031,0.26440685987472534,0.37219345569610596,-1.0341684818267822,0.348639577627182,0.3773651421070099,0.44105783104896545,-0.017328210175037384,0.9989920854568481,0.2664361894130707,0.42448586225509644,0.01695680432021618,0.9993529319763184,0.3912387788295746,0.529833972454071,-0.17809751629829407,0.33546414971351624,0.21935564279556274,0.5179343223571777,-0.12308631837368011,0.239038348197937,0.3831799328327179,0.6286693811416626,0.14011648297309875,0.34953030943870544,0.19964474439620972,0.6127784252166748,0.26804378628730774,0.24938473105430603,0.3725273907184601,0.6435649991035461,0.15769638121128082,0.3234780430793762,0.20356996357440948,0.6302973031997681,0.2996450364589691,0.26421085000038147,0.3866358995437622,0.6630504131317139,-0.060568735003471375,0.3785894215106964,0.16802038252353668,0.6410030722618103,0.1264318823814392,0.28166094422340393
67,2.2333333333333334,0.3785858154296875,0.2728428244590759,-0.9060195088386536,0.9918399453163147,0.4091949462890625,0.2606329321861267,-0.877264678478241,0.9904595017433167,0.41901928186416626,0.2619435787200928,-0.8777520656585693,0.9897302389144897,0.428893119096756,0.26353055238723755,-0.8776907324790955,0.9910418391227722,0.37530726194381714,0.25584039092063904,-0.8704886436462402,0.9929763078689575,0.3664317727088928,0.2541634142398834,-0.8708525896072388,0.9940177798271179,0.3603891134262085,0.25297099351882935,-0.8710258603096008,0.9955041408538818,0.4425446689128876,0.2695332467556,-0.6553528904914856,0.9936099648475647,0.3617803752422333,0.25518831610679626,-0.6160570979118347,0.9937283992767334,0.39531999826431274,0.2849594056606293,-0.8122968673706055,0.9898415207862854,0.3583526909351349,0.2827480733394623,-0.8049724102020264,0.9890213012695312,0.5006166100502014,0.33609530329704285,-0.6055852770805359,0.9993826150894165,0.28282836079597473,0.30454352498054504,-0.43328365683555603,0.9990891814231873,0.5994895100593567,0.39129310846328735,-0.6823569536209106,0.5868082642555237,0.17333772778511047,0.36059877276420593,-0.5430558323860168,0.289817214012146,0.48680537939071655,0.40912285447120667,-0.9770129919052124,0.5755372643470764,0.22959382832050323,0.37291333079338074,-0.8127284646034241,0.3362012505531311,0.45549118518829346,0.4159218370914459,-1.065977931022644,0.5754296183586121,0.21909210085868835,0.38296329975128174,-0.8964282274246216,0.36644604802131653,0.4426569640636444,0.4082539677619934,-1.0759963989257812,0.5752488970756531,0.23849175870418549,0.37231895327568054,-0.912719190120697,0.36699315905570984,0.4480201303958893,0.40393584966659546,-0.985705554485321,0.5129614472389221,0.24084144830703735,0.3692971467971802,-0.8271510004997253,0.33198416233062744,0.3745622932910919,0.44651371240615845,0.018220243975520134,0.9990667700767517,0.2564604580402374,0.4379599094390869,-0.01863158494234085,0.9993513822555542,0.43033289909362793,0.5311785340309143,-0.33151283860206604,0.3262319564819336,0.2415902018547058,0.5212074518203735,-0.3914870321750641,0.2392881214618683,0.41522979736328125,0.6454943418502808,-0.18143469095230103,0.3417458236217499,0.23792016506195068,0.6331345438957214,-0.05255996808409691,0.24226199090480804,0.40251389145851135,0.6621425151824951,-0.18002641201019287,0.31448543071746826,0.23216146230697632,0.6477854251861572,-0.02342238649725914,0.2520747780799866,0.41598087549209595,0.6875171661376953,-0.42666095495224,0.3722763657569885,0.24503380060195923,0.6775552034378052,-0.20499269664287567,0.2701714038848877
68,2.2666666666666666,0.38523897528648376,0.26783475279808044,-0.8333478569984436,0.9926491975784302,0.4268262982368469,0.255450963973999,-0.7976981997489929,0.9913947582244873,0.4350183308124542,0.2565496861934662,-0.7982242107391357,0.9907334446907043,0.4427095949649811,0.2570704221725464,-0.7982587218284607,0.9919252395629883,0.40060314536094666,0.25213441252708435,-0.8100779056549072,0.9936625361442566,0.3916495740413666,0.2516629993915558,-0.8104673624038696,0.99459308385849,0.3852459490299225,0.2507142424583435,-0.8106908798217773,0.9959347248077393,0.4459955096244812,0.26220467686653137,-0.5898526310920715,0.994236409664154,0.37149688601493835,0.2540733218193054,-0.620674192905426,0.9942626953125,0.4113115966320038,0.28203755617141724,-0.7414687871932983,0.990845799446106,0.3828137218952179,0.2800441384315491,-0.7594106793403625,0.9901000261306763,0.4866856336593628,0.3364870548248291,-0.41382619738578796,0.9994432926177979,0.2701317369937897,0.30618834495544434,-0.46104559302330017,0.9991540312767029,0.5665851831436157,0.4014693796634674,-0.4619077146053314,0.6142429709434509,0.15556813776493073,0.35881301760673523,-0.5406092405319214,0.32560744881629944,0.46744054555892944,0.4169255793094635,-0.7834160923957825,0.5707942247390747,0.2528316378593445,0.38589295744895935,-0.6844955086708069,0.31047889590263367,0.44754108786582947,0.4261399805545807,-0.8581875562667847,0.562495231628418,0.27965056896209717,0.40227776765823364,-0.7474194765090942,0.33514150977134705,0.43630918860435486,0.4127882122993469,-0.8701850175857544,0.5618277192115784,0.2987414300441742,0.38980650901794434,-0.7556447386741638,0.3353045582771301,0.43719282746315,0.4107092022895813,-0.7923911213874817,0.4977254271507263,0.29029572010040283,0.3837198317050934,-0.6900527477264404,0.3028329014778137,0.3674411475658417,0.45510926842689514,0.031776461750268936,0.9991391897201538,0.2486499398946762,0.4437331557273865,-0.03223671019077301,0.9993704557418823,0.42826831340789795,0.5442067384719849,-0.26325568556785583,0.30567553639411926,0.23215116560459137,0.5312817692756653,-0.2952744960784912,0.22270745038986206,0.41422954201698303,0.6616635918617249,-0.11561689525842667,0.3238847553730011,0.171818345785141,0.6421571373939514,-0.012413929216563702,0.23123577237129211,0.40057727694511414,0.6796124577522278,-0.11477719247341156,0.29540154337882996,0.16872712969779968,0.6615409851074219,0.007864433340728283,0.23412998020648956,0.4116521179676056,0.6999011635780334,-0.3107673227787018,0.35134032368659973,0.1472158133983612,0.6733595132827759,-0.18489278852939606,0.2527061998844147
69,2.3,0.3963380455970764,0.27083927392959595,-0.8129943013191223,0.9933842420578003,0.42326968908309937,0.25634437799453735,-0.7761287093162537,0.9922552108764648,0.43233180046081543,0.25779989361763,-0.7765923142433167,0.9916599988937378,0.441163033246994,0.2584781050682068,-0.7765735983848572,0.9927326440811157,0.39246994256973267,0.25228410959243774,-0.7764079570770264,0.9942962527275085,0.382637619972229,0.2519281506538391,-0.7768316268920898,0.9951336979866028,0.37401440739631653,0.2509326934814453,-0.7770216464996338,0.9963411688804626,0.451131135225296,0.2641756534576416,-0.5562047958374023,0.9948126673698425,0.3617090880870819,0.2542642652988434,-0.552416205406189,0.9948358535766602,0.41240936517715454,0.28406375646591187,-0.7157970070838928,0.9917610287666321,0.3761710822582245,0.2834245562553406,-0.7178037166595459,0.9910897016525269,0.48317641019821167,0.3447461724281311,-0.3799840211868286,0.9994982481002808,0.28458327054977417,0.3064687252044678,-0.36475083231925964,0.9992327094078064,0.5349845290184021,0.41094088554382324,-0.528731107711792,0.6476015448570251,0.18563179671764374,0.34484368562698364,-0.47973495721817017,0.37018945813179016,0.4433402121067047,0.42235198616981506,-0.9550079107284546,0.6075747609138489,0.13025090098381042,0.3450806736946106,-0.6190779209136963,0.3295946419239044,0.42870351672172546,0.4244317412376404,-1.051037311553955,0.5985710620880127,0.10149805247783661,0.348896324634552,-0.6806579828262329,0.3485659062862396,0.41770556569099426,0.41219019889831543,-1.0752259492874146,0.5985369682312012,0.09762272238731384,0.34749799966812134,-0.7160857319831848,0.35186997056007385,0.4167229235172272,0.41341763734817505,-0.9730274677276611,0.536769449710846,0.11022213101387024,0.3466251790523529,-0.6381407380104065,0.32061201333999634,0.3624404966831207,0.4615819454193115,0.0050576371140778065,0.9992047548294067,0.2513872981071472,0.4524926245212555,-0.005737295374274254,0.9994032382965088,0.39600181579589844,0.5415951609611511,-0.4727696180343628,0.335803359746933,0.21387439966201782,0.5401520729064941,-0.24772116541862488,0.229497030377388,0.44160211086273193,0.6642441749572754,-0.5727791786193848,0.35495617985725403,0.16218064725399017,0.643825888633728,-0.09417712688446045,0.23376236855983734,0.4440920948982239,0.686796247959137,-0.6003104448318481,0.32004514336586,0.16405174136161804,0.6637906432151794,-0.09112756699323654,0.23554618656635284,0.45245784521102905,0.6952732801437378,-0.8771926760673523,0.39203646779060364,0.12313686311244965,0.6669391989707947,-0.29991623759269714,0.25705528259277344
70,2.3333333333333335,0.4002627432346344,0.27739715576171875,-0.8370453715324402,0.9940453171730042,0.4210119843482971,0.2627928853034973,-0.8088597655296326,0.9930287003517151,0.43097031116485596,0.2640538811683655,-0.8093636631965637,0.9924927949905396,0.4387490153312683,0.26493561267852783,-0.8093345761299133,0.9934585690498352,0.39117079973220825,0.2579125165939331,-0.8078464865684509,0.9948656558990479,0.38104990124702454,0.25599971413612366,-0.808359682559967,0.995618999004364,0.3732294738292694,0.2542441785335541,-0.8085851669311523,0.9967058897018433,0.45032167434692383,0.27002137899398804,-0.5715280771255493,0.995330274105072,0.3627311587333679,0.2549770474433899,-0.5627484321594238,0.9953449964523315,0.41052931547164917,0.28968557715415955,-0.7362136244773865,0.9925829172134399,0.37827834486961365,0.2888781726360321,-0.7371140122413635,0.9919777512550354,0.46402159333229065,0.3437601625919342,-0.3657142221927643,0.9995471239089966,0.2968977689743042,0.30100753903388977,-0.3233116865158081,0.9993005394935608,0.4837195575237274,0.4081076681613922,-0.3582784831523895,0.6706209182739258,0.1977226734161377,0.32374560832977295,-0.203639417886734,0.40547338128089905,0.4492333233356476,0.43304187059402466,-0.5872805714607239,0.6396068334579468,0.11835168302059174,0.33702731132507324,-0.2912853956222534,0.36082467436790466,0.44175368547439575,0.43260034918785095,-0.6467503309249878,0.6282868981361389,0.08900795876979828,0.3436133563518524,-0.3260180950164795,0.37047141790390015,0.4310525357723236,0.4215303957462311,-0.6931537985801697,0.629077672958374,0.08496883511543274,0.3440737724304199,-0.3912169635295868,0.3776609003543854,0.4308736026287079,0.42790156602859497,-0.6084636449813843,0.569412112236023,0.09921731054782867,0.3437366783618927,-0.32156702876091003,0.34792560338974,0.35842642188072205,0.4603846073150635,0.00015952743706293404,0.9992313981056213,0.252822607755661,0.45218998193740845,-0.0007543364190496504,0.9993952512741089,0.397196501493454,0.5435148477554321,-0.34395530819892883,0.35934534668922424,0.21757763624191284,0.5357291102409363,-0.2126840353012085,0.24378463625907898,0.4224197268486023,0.6601748466491699,-0.28466081619262695,0.3686242699623108,0.1953253448009491,0.6403409242630005,0.003214126918464899,0.2368171066045761,0.41686978936195374,0.6793564558029175,-0.2925950884819031,0.3190475404262543,0.19837601482868195,0.6579089164733887,0.014732739888131618,0.22617778182029724,0.43211662769317627,0.6908884048461914,-0.5296353101730347,0.40880516171455383,0.1767731010913849,0.6662248373031616,-0.18971675634384155,0.256121426820755
71,2.3666666666666667,0.41240179538726807,0.2875627875328064,-0.7902432084083557,0.9946393370628357,0.4315420389175415,0.27730971574783325,-0.7940982580184937,0.9937228560447693,0.4403320848941803,0.27900299429893494,-0.7945126891136169,0.9932395219802856,0.44701844453811646,0.2805667817592621,-0.7947866916656494,0.9941100478172302,0.39429184794425964,0.2718682289123535,-0.7632028460502625,0.995376706123352,0.38571277260780334,0.2699275612831116,-0.763649582862854,0.9960541725158691,0.38228878378868103,0.26839902997016907,-0.7638586163520813,0.9970325827598572,0.45412036776542664,0.28589168190956116,-0.4381748139858246,0.9957942366600037,0.36963751912117004,0.2707543969154358,-0.546355664730072,0.9957944750785828,0.41397106647491455,0.30224722623825073,-0.6987543106079102,0.993319571018219,0.38348859548568726,0.2991582155227661,-0.7041510343551636,0.9927735924720764,0.4666498303413391,0.35866779088974,-0.19465136528015137,0.9995893836021423,0.2765156030654907,0.32497841119766235,-0.40479356050491333,0.999352753162384,0.507904052734375,0.4404434561729431,-0.26165205240249634,0.6951265335083008,0.1750875562429428,0.3716873526573181,-0.5537394881248474,0.4481809735298157,0.4456194043159485,0.439505010843277,-0.6240853667259216,0.6535940766334534,0.2803700566291809,0.4005698561668396,-0.7530864477157593,0.3538419008255005,0.42913898825645447,0.43779054284095764,-0.6976845860481262,0.6377794146537781,0.3161008059978485,0.4168485701084137,-0.8278772234916687,0.35315588116645813,0.4254879355430603,0.4303584098815918,-0.7155945897102356,0.6385743618011475,0.3190131187438965,0.40430158376693726,-0.8194999694824219,0.35891076922416687,0.426870733499527,0.4297401010990143,-0.637083113193512,0.5761817693710327,0.3214832544326782,0.3990059494972229,-0.7514497637748718,0.32723483443260193,0.3535868227481842,0.48577800393104553,0.06842760741710663,0.9992746710777283,0.25215622782707214,0.48113560676574707,-0.06875328719615936,0.9993954300880432,0.4139419198036194,0.5686408281326294,-0.3345717489719391,0.36260873079299927,0.26816511154174805,0.57026207447052,-0.31939253211021423,0.2433326691389084,0.42246347665786743,0.685637354850769,-0.36370155215263367,0.3829488456249237,0.25619253516197205,0.6830829977989197,-0.08839242160320282,0.2300616204738617,0.41080331802368164,0.7058184742927551,-0.38391587138175964,0.33674269914627075,0.2506270110607147,0.7012350559234619,-0.07508185505867004,0.21909648180007935,0.4532897472381592,0.7179986238479614,-0.6755979061126709,0.4269604980945587,0.27159804105758667,0.7181302905082703,-0.3167334794998169,0.247892826795578
72,2.4,0.42179247736930847,0.29311543703079224,-0.9924192428588867,0.9951750636100769,0.4358157217502594,0.2827771306037903,-0.9510008692741394,0.9943497776985168,0.44366133213043213,0.2838584780693054,-0.95154869556427,0.9939146041870117,0.44941359758377075,0.2849652171134949,-0.951599657535553,0.9946984052658081,0.39650726318359375,0.27889543771743774,-0.9747794270515442,0.995838463306427,0.3881758749485016,0.2775142788887024,-0.9753257036209106,0.9964480400085449,0.3869565427303314,0.27627795934677124,-0.9756479263305664,0.9973286986351013,0.4560369849205017,0.2905280590057373,-0.6625190377235413,0.9962140917778015,0.3728567361831665,0.28064367175102234,-0.7801117897033691,0.996211588382721,0.4233454465866089,0.30585500597953796,-0.8787580728530884,0.9939866065979004,0.38968589901924133,0.3040286898612976,-0.914087176322937,0.9934951663017273,0.46195775270462036,0.36181432008743286,-0.3359045684337616,0.999629557132721,0.27313232421875,0.33669355511665344,-0.5846314430236816,0.9994114637374878,0.4871562123298645,0.4437841475009918,-0.30695509910583496,0.7131190896034241,0.1526048332452774,0.3937680721282959,-0.5297845005989075,0.48450252413749695,0.44803667068481445,0.4560472369194031,-0.5370841026306152,0.6524908542633057,0.24689488112926483,0.43821996450424194,-0.610056459903717,0.3318593502044678,0.43329933285713196,0.46448057889938354,-0.5910171270370483,0.6293392181396484,0.2699195146560669,0.45839443802833557,-0.6446691155433655,0.32561367750167847,0.4276789426803589,0.4485122561454773,-0.6259077191352844,0.630326509475708,0.28620514273643494,0.446320116519928,-0.6384389996528625,0.3309743404388428,0.43252626061439514,0.4458063244819641,-0.5530126094818115,0.5682671070098877,0.2800845801830292,0.4377966523170471,-0.5890101194381714,0.3014976382255554,0.35608622431755066,0.4812800884246826,0.08118227124214172,0.999327540397644,0.25552070140838623,0.4755069613456726,-0.08145666867494583,0.999427855014801,0.4139387905597687,0.5732787251472473,-0.21681787073612213,0.3700096011161804,0.31264784932136536,0.5543208122253418,-0.3758930563926697,0.26079919934272766,0.3828873038291931,0.6875668168067932,-0.0022118575870990753,0.37287700176239014,0.2593330144882202,0.6813105344772339,-0.0859123021364212,0.2490541636943817,0.3634893596172333,0.7026153802871704,0.005583659280091524,0.32241833209991455,0.24994412064552307,0.7002121210098267,-0.06539914011955261,0.21531398594379425,0.3956581652164459,0.7292805910110474,-0.22742235660552979,0.41198739409446716,0.2708275020122528,0.7225319743156433,-0.28745031356811523,0.2542315721511841
73,2.433333333333333,0.43033289909362793,0.2925451099872589,-0.7678154706954956,0.9956570863723755,0.4383607506752014,0.28174659609794617,-0.7175196409225464,0.9949136972427368,0.4439100921154022,0.2822216749191284,-0.7181484699249268,0.9945217967033386,0.450695663690567,0.28279638290405273,-0.7182709574699402,0.9952276945114136,0.4085840582847595,0.27936190366744995,-0.7620239853858948,0.9962539076805115,0.39966198801994324,0.2786647081375122,-0.7626350522041321,0.9968023896217346,0.3936919867992401,0.2776945233345032,-0.763043224811554,0.9975951313972473,0.4531853497028351,0.2880313992500305,-0.45405927300453186,0.9965916872024536,0.3753834664821625,0.2816213071346283,-0.6754676699638367,0.9965864419937134,0.42687296867370605,0.30627331137657166,-0.6593714952468872,0.9945862889289856,0.40258288383483887,0.3038615882396698,-0.7244399785995483,0.9941441416740417,0.4494544565677643,0.35814014077186584,-0.18414154648780823,0.9996657371520996,0.2664864659309387,0.34210020303726196,-0.463744580745697,0.9994651675224304,0.47748568654060364,0.44330042600631714,0.09647206962108612,0.7057957649230957,0.15362724661827087,0.39682596921920776,-0.5110145211219788,0.5081831216812134,0.48067906498908997,0.4491392970085144,0.14805206656455994,0.6432017683982849,0.2356230616569519,0.44478845596313477,-0.4047814607620239,0.310698539018631,0.49411603808403015,0.4595111012458801,0.14978715777397156,0.6113367676734924,0.25386884808540344,0.46250438690185547,-0.44073036313056946,0.30008411407470703,0.4896872937679291,0.4567031264305115,0.09295129030942917,0.6141095161437988,0.2748572528362274,0.45498672127723694,-0.4459824860095978,0.30505362153053284,0.4791940152645111,0.4529402256011963,0.12913507223129272,0.5556721091270447,0.26949000358581543,0.44724830985069275,-0.40251046419143677,0.27720558643341064,0.3580997586250305,0.48043861985206604,0.08764229714870453,0.9993863701820374,0.256697416305542,0.47851958870887756,-0.08794982731342316,0.9994699954986572,0.4119850695133209,0.567724883556366,-0.14616163074970245,0.3628219962120056,0.28512081503868103,0.5664228796958923,-0.2359289824962616,0.24752509593963623,0.3814774751663208,0.6884265542030334,0.08364800363779068,0.354108601808548,0.24796396493911743,0.6845089197158813,0.12407804280519485,0.2411864697933197,0.3627218008041382,0.7034584283828735,0.09402761608362198,0.30470749735832214,0.2370457500219345,0.7022148370742798,0.14968767762184143,0.2002778798341751,0.3977782726287842,0.7295726537704468,-0.11076189577579498,0.39094340801239014,0.2554210126399994,0.722588837146759,-0.05343833565711975,0.24109934270381927
74,2.466666666666667,0.44161850214004517,0.2906089425086975,-0.9415172338485718,0.9960913062095642,0.4397568106651306,0.2798759937286377,-0.8932041525840759,0.9954222440719604,0.44475656747817993,0.2801938056945801,-0.8938608765602112,0.9950695037841797,0.46015048027038574,0.2820858359336853,-0.893911600112915,0.9957048296928406,0.42017990350723267,0.278107613325119,-0.9336305260658264,0.99662846326828,0.41041135787963867,0.2771974802017212,-0.9341404438018799,0.997122049331665,0.4015091061592102,0.2760952115058899,-0.9344058632850647,0.9978355169296265,0.4545535147190094,0.2872055768966675,-0.5895491242408752,0.9969323873519897,0.37468889355659485,0.2819209694862366,-0.7755873799324036,0.9969272613525391,0.4312642812728882,0.30586910247802734,-0.819445013999939,0.9951273202896118,0.4108066260814667,0.3040178418159485,-0.8757171034812927,0.9947293400764465,0.4330138862133026,0.3556164503097534,-0.272783100605011,0.9996986389160156,0.271236389875412,0.3396310806274414,-0.6018345952033997,0.9995124936103821,0.4622635245323181,0.436586856842041,-0.10250457376241684,0.7100276350975037,0.16683641076087952,0.4106050133705139,-0.6016287803649902,0.5218358039855957,0.4891764223575592,0.4475814700126648,-0.18956580758094788,0.6570007801055908,0.22992759943008423,0.45689740777015686,-0.6476659774780273,0.2964683771133423,0.5133901834487915,0.45658278465270996,-0.21452783048152924,0.6205959916114807,0.2529580593109131,0.4726598262786865,-0.7034833431243896,0.2822136878967285,0.5073986649513245,0.4535977840423584,-0.2770769000053406,0.6254547238349915,0.2561185956001282,0.46424540877342224,-0.7267676591873169,0.2875938415527344,0.4951898455619812,0.4513794779777527,-0.21510165929794312,0.5686764717102051,0.2563324272632599,0.457447350025177,-0.6561799645423889,0.25951525568962097,0.3590860962867737,0.4901397228240967,0.09823209047317505,0.9994306564331055,0.2581935524940491,0.4897701144218445,-0.09853407740592957,0.9994867444038391,0.38364872336387634,0.6058022975921631,0.023609839379787445,0.3488043248653412,0.2559000551700592,0.5935888290405273,-0.1842641830444336,0.23578882217407227,0.3371366262435913,0.7088446021080017,0.2816219627857208,0.3380570709705353,0.19364728033542633,0.7008813619613647,0.17467227578163147,0.23561786115169525,0.3147508502006531,0.7237710952758789,0.2929129898548126,0.288589209318161,0.18589292466640472,0.7192279100418091,0.19978497922420502,0.18758827447891235,0.35925671458244324,0.7462370991706848,0.09619635343551636,0.3729357421398163,0.1901721954345703,0.7337683439254761,0.0053153675980865955,0.23047573864459991
75,2.5,0.4396209716796875,0.28700608015060425,-0.9234551191329956,0.9964820742607117,0.4389643669128418,0.2771949768066406,-0.8771376013755798,0.9958797693252563,0.4437912702560425,0.27795472741127014,-0.8777551651000977,0.9955621957778931,0.4529814124107361,0.27947521209716797,-0.8778367638587952,0.9961341023445129,0.41584473848342896,0.27479270100593567,-0.9131091833114624,0.9969654679298401,0.4104706645011902,0.2756941616535187,-0.9136250019073486,0.9974096417427063,0.3941549062728882,0.27444013953208923,-0.9138863682746887,0.9980517625808716,0.448064386844635,0.28619974851608276,-0.5913349390029907,0.99723881483078,0.36745330691337585,0.27991238236427307,-0.7565615177154541,0.9972331523895264,0.4313398003578186,0.3015702962875366,-0.8092705607414246,0.9956140518188477,0.40707746148109436,0.3013603091239929,-0.8599280714988708,0.9952558279037476,0.42935824394226074,0.35407477617263794,-0.2993316948413849,0.9997279644012451,0.2675939202308655,0.33740147948265076,-0.621106743812561,0.9995554685592651,0.4430396258831024,0.4315618872642517,-0.09762819856405258,0.7218315601348877,0.16197559237480164,0.4000842571258545,-0.7699585556983948,0.5538433194160461,0.4878354072570801,0.44231024384498596,-0.1608201265335083,0.6753765940666199,0.15922945737838745,0.4398116171360016,-1.026845097541809,0.29853177070617676,0.5113847255706787,0.4514061510562897,-0.18270064890384674,0.6352078914642334,0.15078391134738922,0.45162826776504517,-1.1132872104644775,0.27756643295288086,0.5091115236282349,0.44684210419654846,-0.2550607919692993,0.6422213315963745,0.16678297519683838,0.4464344084262848,-1.146089792251587,0.28471672534942627,0.4928215742111206,0.4446428418159485,-0.19048267602920532,0.5890175104141235,0.17368300259113312,0.44189682602882385,-1.0466022491455078,0.25439515709877014,0.3517405688762665,0.4879177510738373,0.10388316214084625,0.9994707107543945,0.2496720850467682,0.4824973940849304,-0.10428202152252197,0.9995068907737732,0.3725375235080719,0.5927112102508545,-0.07789100706577301,0.3391530513763428,0.23797717690467834,0.5861480236053467,-0.2684343755245209,0.22911083698272705,0.3295328915119171,0.7082489728927612,0.15949875116348267,0.3282434344291687,0.1781679391860962,0.7008302807807922,0.04226231202483177,0.23844832181930542,0.3056688606739044,0.7263777852058411,0.1672351360321045,0.2812044322490692,0.16976307332515717,0.7195247411727905,0.060111623257398605,0.17915873229503632,0.3658861815929413,0.7453047633171082,-0.05175971984863281,0.36481037735939026,0.17667824029922485,0.7346614599227905,-0.17367622256278992,0.22918863594532013
76,2.533333333333333,0.4270322620868683,0.2728821337223053,-0.6869931221008301,0.9968329668045044,0.4307491183280945,0.2640378773212433,-0.638496458530426,0.9962897300720215,0.43421414494514465,0.2639525532722473,-0.6390768885612488,0.9960030913352966,0.43815264105796814,0.2639161944389343,-0.6391177177429199,0.996518611907959,0.4101698100566864,0.26299458742141724,-0.6842796802520752,0.99726802110672,0.3997914493083954,0.26268020272254944,-0.6848362684249878,0.9976677894592285,0.388229101896286,0.2620140612125397,-0.6851671934127808,0.9982457756996155,0.43219825625419617,0.27214691042900085,-0.3710850477218628,0.997512936592102,0.35978424549102783,0.27053147554397583,-0.5844876170158386,0.9975073337554932,0.420671284198761,0.2857055962085724,-0.5805169939994812,0.9960504770278931,0.3983246684074402,0.2848453223705292,-0.6443133354187012,0.9957287311553955,0.41973206400871277,0.3460143208503723,-0.11469338834285736,0.9997491240501404,0.2648666203022003,0.3355373442173004,-0.5370873212814331,0.9995920658111572,0.43139350414276123,0.4306594431400299,0.0015593974385410547,0.6747753620147705,0.1678071767091751,0.41042524576187134,-0.7476078271865845,0.5817303657531738,0.4862120449542999,0.4406546950340271,-0.17776578664779663,0.6433457136154175,0.1352836787700653,0.47374075651168823,-1.0309174060821533,0.3019440770149231,0.5051293969154358,0.449942409992218,-0.2162625789642334,0.6107631325721741,0.11088984459638596,0.4890561103820801,-1.1314959526062012,0.2767866253852844,0.507335901260376,0.4435632824897766,-0.28551915287971497,0.6223912835121155,0.12549032270908356,0.49013131856918335,-1.1630619764328003,0.28582027554512024,0.491078644990921,0.4414457678794861,-0.21192260086536407,0.5722070932388306,0.13985279202461243,0.4850693345069885,-1.0521469116210938,0.2520211338996887,0.35065385699272156,0.4887828230857849,0.12339552491903305,0.9994944334030151,0.25121068954467773,0.48084038496017456,-0.12373803555965424,0.9995278716087341,0.3619866371154785,0.6019497513771057,0.15800583362579346,0.326914519071579,0.23208889365196228,0.5918455123901367,-0.1515335887670517,0.2319411039352417,0.3326919674873352,0.7114553451538086,0.47970664501190186,0.3249312937259674,0.17368410527706146,0.697143018245697,0.1749361753463745,0.2502264976501465,0.31175506114959717,0.7312173843383789,0.4960330128669739,0.2804614007472992,0.16685204207897186,0.7158946990966797,0.19561578333377838,0.17680707573890686,0.3737361431121826,0.7453449964523315,0.29458487033843994,0.36255693435668945,0.16792450845241547,0.7288303971290588,-0.025009017437696457,0.23425345122814178
77,2.566666666666667,0.37077704071998596,0.3075708746910095,0.6009556651115417,0.9942716360092163,0.3731255829334259,0.3013286292552948,0.6530272960662842,0.9935711026191711,0.3762284219264984,0.3018503487110138,0.6527054309844971,0.9928141236305237,0.37931445240974426,0.3026425242424011,0.652923047542572,0.9946879744529724,0.3611641824245453,0.2989763021469116,0.6267468929290771,0.9952089190483093,0.3560752868652344,0.2983054220676422,0.6262876987457275,0.9952186942100525,0.35086876153945923,0.2973264157772064,0.6263054609298706,0.9960613250732422,0.37722134590148926,0.3071499466896057,0.7968584895133972,0.9962880611419678,0.33571481704711914,0.2996164560317993,0.6785486936569214,0.993411660194397,0.3723067343235016,0.31767740845680237,0.6536853909492493,0.9913033246994019,0.3585760295391083,0.315608412027359,0.6158975958824158,0.9871535897254944,0.38381367921829224,0.35865283012390137,0.7378901839256287,0.999402642250061,0.28193533420562744,0.3344932794570923,0.5051050782203674,0.9986231923103333,0.43880143761634827,0.4254477620124817,0.47861722111701965,0.6088378429412842,0.31184375286102295,0.3341447412967682,0.4138191342353821,0.530460000038147,0.46820661425590515,0.4152933955192566,0.08130825310945511,0.5925245881080627,0.3326602876186371,0.3305741250514984,0.494933158159256,0.2849300503730774,0.49438926577568054,0.41795676946640015,0.034692201763391495,0.5836476683616638,0.334642231464386,0.3291110396385193,0.4737839996814728,0.2725788652896881,0.48680785298347473,0.4122954308986664,0.025041986256837845,0.5985971093177795,0.33309996128082275,0.32938486337661743,0.4917181134223938,0.28115373849868774,0.4757806062698364,0.41229575872421265,0.06706275790929794,0.5463743805885315,0.3313044309616089,0.33085837960243225,0.5003460645675659,0.24713794887065887,0.31512027978897095,0.49431729316711426,0.09904668480157852,0.9971116781234741,0.2494293600320816,0.4776346683502197,-0.0991034060716629,0.9971175193786621,0.3316173255443573,0.5961581468582153,-0.018295330926775932,0.32898059487342834,0.2069939225912094,0.5460366010665894,-0.3681762218475342,0.26894238591194153,0.1713295578956604,0.6594080924987793,0.046299006789922714,0.31551697850227356,0.16055691242218018,0.662295937538147,-0.43903762102127075,0.25489863753318787,0.1459370255470276,0.6646166443824768,0.04471748694777489,0.3083325922489166,0.15954168140888214,0.6878814101219177,-0.4466283619403839,0.20714518427848816,0.1188875287771225,0.6851601600646973,-0.026358800008893013,0.352020263671875,0.13246780633926392,0.6948462128639221,-0.6153020858764648,0.22960253059864044
78,2.6,0.3334421217441559,0.2897651493549347,0.7678951621055603,0.9948322176933289,0.3350604772567749,0.29096874594688416,0.7592719793319702,0.994206428527832,0.3347630500793457,0.2895908057689667,0.758927583694458,0.9935223460197449,0.3298910856246948,0.286286324262619,0.7589575052261353,0.9952141046524048,0.3340388834476471,0.2914316654205322,0.7788415551185608,0.9956814646720886,0.34251296520233154,0.29002538323402405,0.778546929359436,0.995686948299408,0.3451903760433197,0.2882010340690613,0.7788342833518982,0.9964469075202942,0.33327344059944153,0.28809598088264465,0.661655068397522,0.9966525435447693,0.34651052951812744,0.29286307096481323,0.7517487406730652,0.9940279722213745,0.3321739435195923,0.2950586974620819,0.7344149947166443,0.9921507835388184,0.3358224630355835,0.30370932817459106,0.7580172419548035,0.9883795976638794,0.3069548010826111,0.2993166744709015,0.4486862123012543,0.9994615912437439,0.38911867141723633,0.33832859992980957,0.5775555372238159,0.9987460970878601,0.3853340446949005,0.3215743899345398,0.13655023276805878,0.5743640661239624,0.43425771594047546,0.3582622706890106,0.41454729437828064,0.4812479615211487,0.44651997089385986,0.3609517514705658,-0.16414125263690948,0.5928578972816467,0.4468950629234314,0.3601844906806946,0.32242462038993835,0.26892781257629395,0.4699115455150604,0.37395742535591125,-0.2126697152853012,0.5948218107223511,0.46241289377212524,0.3730347752571106,0.29429495334625244,0.26721668243408203,0.46723514795303345,0.3802095353603363,-0.20782817900180817,0.6075935959815979,0.44716954231262207,0.37040677666664124,0.29916295409202576,0.2733941078186035,0.4624801576137543,0.3708942234516144,-0.16731835901737213,0.5495430827140808,0.43644633889198303,0.36889761686325073,0.3161889910697937,0.23923462629318237,0.25635555386543274,0.4441588521003723,-0.02751193754374981,0.9973897933959961,0.3154989778995514,0.46942344307899475,0.026161713525652885,0.9973959922790527,0.0943981185555458,0.5503252148628235,-0.04181395098567009,0.386638343334198,0.25254547595977783,0.5475800037384033,-0.06884545087814331,0.3276345431804657,-0.018954379484057426,0.5626511573791504,-0.24006909132003784,0.3669643700122833,0.24584423005580902,0.6476259231567383,-0.3097880780696869,0.3116993308067322,-0.02308262698352337,0.5685800313949585,-0.2613222002983093,0.37441423535346985,0.2380916327238083,0.6597091555595398,-0.3349001705646515,0.2821843922138214,-0.0814303308725357,0.5674857497215271,-0.37355706095695496,0.4025117754936218,0.25335702300071716,0.6826924085617065,-0.45806682109832764,0.28489089012145996
79,2.6333333333333333,0.3533655107021332,0.30075475573539734,0.8556815385818481,0.9953346848487854,0.3550770878791809,0.29745393991470337,0.9066153764724731,0.9947687983512878,0.3564480245113373,0.2972302734851837,0.9062156081199646,0.99415522813797,0.3571084439754486,0.29678070545196533,0.9065385460853577,0.9956790208816528,0.3489719033241272,0.29675230383872986,0.8902735114097595,0.9961037039756775,0.34901973605155945,0.29644346237182617,0.8897757530212402,0.9961099624633789,0.34789809584617615,0.2958492636680603,0.8897689580917358,0.9967928528785706,0.36044803261756897,0.3011430501937866,0.998826265335083,0.9969830513000488,0.3460785448551178,0.29960501194000244,0.9266371130943298,0.9946178793907166,0.35681113600730896,0.30762994289398193,0.8871462345123291,0.992917537689209,0.3500109910964966,0.3101094961166382,0.8631884455680847,0.9895167946815491,0.36687251925468445,0.30378589034080505,0.9046444296836853,0.9995047450065613,0.34950897097587585,0.3249937891960144,0.7296525835990906,0.9988624453544617,0.41841426491737366,0.363433837890625,0.7015243768692017,0.537489116191864,0.33540281653404236,0.28895333409309387,0.8689733147621155,0.5287453532218933,0.47048068046569824,0.37532857060432434,0.4744410514831543,0.6203625202178955,0.3327150344848633,0.2623629868030548,1.250423550605774,0.34106215834617615,0.4931725859642029,0.38532736897468567,0.46240004897117615,0.630987286567688,0.3509249985218048,0.2530481815338135,1.2807765007019043,0.3398243188858032,0.49566617608070374,0.38030749559402466,0.4532826840877533,0.6427466869354248,0.4068342447280884,0.2521085739135742,1.2990056276321411,0.34530171751976013,0.4839633107185364,0.3784278631210327,0.4646799862384796,0.5899339318275452,0.3537285327911377,0.2594105899333954,1.2615821361541748,0.31448060274124146,0.2931174337863922,0.45368441939353943,0.040784407407045364,0.9975676536560059,0.3001348376274109,0.4466845989227295,-0.04194052889943123,0.9976257681846619,0.24600887298583984,0.557038426399231,-0.013190376572310925,0.4478376805782318,0.1709265112876892,0.5398562550544739,-0.32797810435295105,0.39484643936157227,0.11828892678022385,0.5945192575454712,0.08650999516248703,0.41801974177360535,0.040879324078559875,0.6394367814064026,-0.5519850850105286,0.37962275743484497,0.09447113424539566,0.6005681157112122,0.10041889548301697,0.4364793002605438,0.025629201903939247,0.6607536673545837,-0.5763960480690002,0.3538012206554413,0.06514749675989151,0.6125419735908508,-0.004169559571892023,0.4610981047153473,0.018763035535812378,0.6622760891914368,-0.7878046631813049,0.356017142534256
80,2.6666666666666665,0.3817397654056549,0.3075980842113495,0.7773612141609192,0.9883930087089539,0.37835782766342163,0.30209463834762573,0.8188000917434692,0.9805833697319031,0.37429970502853394,0.30174416303634644,0.8183563351631165,0.9789236783981323,0.36685070395469666,0.30161210894584656,0.8186388611793518,0.9823821187019348,0.38344502449035645,0.30244848132133484,0.8166901469230652,0.9861425161361694,0.38406902551651,0.3028322458267212,0.8160985112190247,0.9864422678947449,0.38461706042289734,0.3029075264930725,0.8160362243652344,0.9894316792488098,0.3676595985889435,0.30416339635849,0.8853312134742737,0.9914180636405945,0.38283732533454895,0.3047667443752289,0.8772926330566406,0.9884862303733826,0.3671153485774994,0.3094322383403778,0.8001083135604858,0.9831609725952148,0.3747856914997101,0.3094269633293152,0.7942571043968201,0.9798245429992676,0.41927364468574524,0.3043821454048157,0.7676854729652405,0.9994233846664429,0.35196080803871155,0.32209083437919617,0.7950940728187561,0.9988839626312256,0.42239823937416077,0.3661879897117615,0.6293074488639832,0.4841986298561096,0.33447059988975525,0.28219074010849,1.1226608753204346,0.4925585687160492,0.47069379687309265,0.4219972491264343,0.5440104007720947,0.5592915415763855,0.31687167286872864,0.2562974989414215,1.6435580253601074,0.3674079179763794,0.4889666736125946,0.4334128797054291,0.5523616671562195,0.5709311962127686,0.28912553191185,0.24650220572948456,1.7095240354537964,0.37542539834976196,0.4951307475566864,0.4335899353027344,0.5427629947662354,0.58156418800354,0.2959807813167572,0.2479023039340973,1.7156580686569214,0.38119786977767944,0.4837229549884796,0.4287407398223877,0.5404108166694641,0.5338661670684814,0.2869398593902588,0.2534160017967224,1.6528031826019287,0.3488062024116516,0.33737170696258545,0.4503054618835449,0.01147528737783432,0.9967091083526611,0.2953360974788666,0.43722671270370483,-0.012323444709181786,0.9972196817398071,0.3228068947792053,0.5642665028572083,-0.14654748141765594,0.4845094382762909,0.16805125772953033,0.5299401879310608,-0.30724188685417175,0.42729732394218445,0.31930011510849,0.6970364451408386,-0.12947501242160797,0.387752890586853,-0.0023941663093864918,0.6372396349906921,-0.34203851222991943,0.3586403727531433,0.31159666180610657,0.7168911695480347,-0.12996023893356323,0.42308324575424194,-0.021526820957660675,0.6587680578231812,-0.3562847971916199,0.34868884086608887,0.3124341070652008,0.7301293611526489,-0.32107457518577576,0.436066597700119,-0.04446389526128769,0.6552731394767761,-0.5811087489128113,0.3382204473018646
81,2.7,0.39708849787712097,0.3172721564769745,0.8406333923339844,0.9752054810523987,0.3933843970298767,0.3098379373550415,0.8379584550857544,0.9633156657218933,0.38220593333244324,0.3087945580482483,0.837695300579071,0.9580907821655273,0.37520647048950195,0.3080943822860718,0.8377599716186523,0.9672000408172607,0.41012078523635864,0.31238803267478943,0.8308992385864258,0.9773410558700562,0.4144124388694763,0.3135221302509308,0.8304535150527954,0.9786009192466736,0.4185711443424225,0.31437209248542786,0.830293595790863,0.9845965504646301,0.3696213662624359,0.3098050057888031,0.7621670365333557,0.972335696220398,0.42957720160484314,0.31760886311531067,0.7314113974571228,0.9752284288406372,0.38767334818840027,0.32009804248809814,0.8198633790016174,0.949045717716217,0.40636274218559265,0.32324862480163574,0.808473527431488,0.9466285109519958,0.38290807604789734,0.3189617693424225,0.6274924874305725,0.9993089437484741,0.47028324007987976,0.34461256861686707,0.49537429213523865,0.9988926649093628,0.3139232397079468,0.3111308515071869,0.5787492394447327,0.45291078090667725,0.44602763652801514,0.35435688495635986,0.39327964186668396,0.4541805386543274,0.2582000195980072,0.2813321650028229,0.6044055819511414,0.5147314071655273,0.43047600984573364,0.4134605824947357,0.5514209866523743,0.3368522822856903,0.23522302508354187,0.27568596601486206,0.6093595027923584,0.5294026136398315,0.43162158131599426,0.4295700490474701,0.5527017116546631,0.3438933193683624,0.23539072275161743,0.27472788095474243,0.61474609375,0.5393170118331909,0.42474114894866943,0.4337640404701233,0.5113986134529114,0.3485240042209625,0.24600720405578613,0.27904075384140015,0.6094169616699219,0.4931505024433136,0.41817644238471985,0.42666786909103394,0.5349413752555847,0.31860029697418213,0.32315653562545776,0.4531562924385071,0.025712257251143456,0.9969576597213745,0.3807266652584076,0.45321401953697205,-0.02732095681130886,0.9974482655525208,0.18859019875526428,0.5383464097976685,0.04795852676033974,0.480267196893692,0.32382309436798096,0.5543181300163269,-0.008402139879763126,0.43422383069992065,0.055336326360702515,0.5940902233123779,-0.11366605758666992,0.38290295004844666,0.28370237350463867,0.669137716293335,-0.1215866208076477,0.3622039258480072,0.044164806604385376,0.6065365672111511,-0.13188983500003815,0.45208433270454407,0.27273550629615784,0.6880987882614136,-0.1361341029405594,0.37817779183387756,3.400536661501974e-05,0.5977681279182434,-0.26412782073020935,0.4070483148097992,0.2823837399482727,0.6940887570381165,-0.25442126393318176,0.31593823432922363
82,2.7333333333333334,0.42097634077072144,0.33386561274528503,0.8418342471122742,0.9685259461402893,0.41988706588745117,0.3258001208305359,0.8532624840736389,0.952233076095581,0.41529667377471924,0.32576486468315125,0.8529536128044128,0.94004225730896,0.4107895791530609,0.3264855444431305,0.8531609177589417,0.9534519910812378,0.4258996844291687,0.3254580497741699,0.8450626134872437,0.9732537865638733,0.4391842782497406,0.32992467284202576,0.8445872664451599,0.9752568602561951,0.44310104846954346,0.3304162323474884,0.8445318341255188,0.9830314517021179,0.4129764437675476,0.3273720145225525,0.8255512714385986,0.9526894092559814,0.45456111431121826,0.3322548270225525,0.7871822118759155,0.9699211716651917,0.41518452763557434,0.3367100954055786,0.8352088928222656,0.929399847984314,0.4290332496166229,0.3389340341091156,0.8219166398048401,0.933646559715271,0.38357552886009216,0.3252663016319275,0.6887037754058838,0.9992807507514954,0.48186591267585754,0.3521915078163147,0.5273564457893372,0.9989817142486572,0.35917168855667114,0.34663844108581543,0.5386655330657959,0.4086967408657074,0.4341886341571808,0.3734160363674164,0.2959582805633545,0.42374956607818604,0.3360425531864166,0.37350425124168396,0.38236203789711,0.46531593799591064,0.38335472345352173,0.4358662962913513,0.17317995429039001,0.3272252380847931,0.3279934525489807,0.3876504600048065,0.3625789284706116,0.4808200001716614,0.3755255341529846,0.4521176218986511,0.12401580810546875,0.3350885212421417,0.33347287774086,0.39823344349861145,0.35224926471710205,0.4898529052734375,0.36917686462402344,0.4571317732334137,0.1386793851852417,0.33756014704704285,0.3386962115764618,0.39279258251190186,0.3754948079586029,0.44740357995033264,0.368966281414032,0.4502289295196533,0.17238157987594604,0.30571112036705017,0.35053110122680664,0.4509296417236328,0.02740492857992649,0.9972202777862549,0.4026647210121155,0.4536478519439697,-0.02829749509692192,0.9976861476898193,0.2428295761346817,0.5468355417251587,-0.006097387056797743,0.4856427311897278,0.2808550000190735,0.5486992597579956,-0.07265906780958176,0.4323139488697052,0.09839577227830887,0.6096593737602234,-0.13741005957126617,0.38040655851364136,0.22032982110977173,0.6403892636299133,-0.15018035471439362,0.3663831651210785,0.07899963855743408,0.6201696991920471,-0.15501715242862701,0.4816456139087677,0.2000095397233963,0.6558704972267151,-0.17375096678733826,0.40823501348495483,0.0481988750398159,0.6248474717140198,-0.31715288758277893,0.39544573426246643,0.15943264961242676,0.6567540764808655,-0.3195124566555023,0.3059404790401459
83,2.7666666666666666,0.44041532278060913,0.3719920516014099,0.6575753092765808,0.9494312405586243,0.4445841610431671,0.3652135729789734,0.6843046545982361,0.9147127866744995,0.4436319172382355,0.36520713567733765,0.6838582158088684,0.8973504900932312,0.4425760507583618,0.3656928837299347,0.6840290427207947,0.9164019823074341,0.446449875831604,0.36362260580062866,0.669399619102478,0.9498615860939026,0.4494573473930359,0.36341267824172974,0.668730616569519,0.9558632969856262,0.45064806938171387,0.3625797927379608,0.6684366464614868,0.9690743684768677,0.4460401237010956,0.362583190202713,0.7412249445915222,0.9255289435386658,0.4533330798149109,0.35748565196990967,0.6698459386825562,0.9490442872047424,0.4364732503890991,0.37408486008644104,0.6827571988105774,0.8865427374839783,0.44150495529174805,0.37333858013153076,0.6593592166900635,0.895068883895874,0.44984298944473267,0.37616828083992004,0.6954195499420166,0.9991390705108643,0.4262741804122925,0.3472713530063629,0.5299072861671448,0.9989822506904602,0.46367916464805603,0.40412697196006775,0.8596845865249634,0.3679346442222595,0.39973732829093933,0.3274107873439789,0.40405306220054626,0.39193135499954224,0.5156301259994507,0.4385523796081543,1.0747015476226807,0.419126033782959,0.24824412167072296,0.281882643699646,0.3504377603530884,0.3181380331516266,0.5328637957572937,0.4452441334724426,1.1320704221725464,0.4334171712398529,0.22747722268104553,0.2728065550327301,0.326290488243103,0.327020525932312,0.5392703413963318,0.4493167996406555,1.0909205675125122,0.44160327315330505,0.22166705131530762,0.27306225895881653,0.3423914313316345,0.3304304778575897,0.5323079824447632,0.44607114791870117,1.0634905099868774,0.40340539813041687,0.22662107646465302,0.27722954750061035,0.3479002118110657,0.29743269085884094,0.3820684254169464,0.4782785475254059,0.03820095956325531,0.996882975101471,0.36110806465148926,0.46342116594314575,-0.03906797617673874,0.9976239204406738,0.33418428897857666,0.5957455635070801,0.042416587471961975,0.4400279223918915,0.1946031153202057,0.5429357290267944,-0.2410437911748886,0.394485741853714,0.13753819465637207,0.657913327217102,0.05474766716361046,0.3432435393333435,0.027987167239189148,0.6357206106185913,-0.29134705662727356,0.33173882961273193,0.08270173519849777,0.6620717644691467,0.05330091714859009,0.4367177188396454,0.011109165847301483,0.6509618759155273,-0.2980952262878418,0.37151065468788147,0.12164751440286636,0.6798235177993774,-0.09047459810972214,0.3569444715976715,-0.03414279222488403,0.6566148996353149,-0.4738695025444031,0.2768022418022156
84,2.8,0.4409739077091217,0.3914054036140442,0.7965320944786072,0.8698124289512634,0.44924211502075195,0.38004523515701294,0.7804322242736816,0.8347837924957275,0.44899988174438477,0.3780377507209778,0.7799633741378784,0.8175658583641052,0.44865384697914124,0.3764699101448059,0.7799881100654602,0.840350329875946,0.4524969756603241,0.38491207361221313,0.8117786049842834,0.8719304800033569,0.45463141798973083,0.3864594101905823,0.8114103674888611,0.8777245879173279,0.45637309551239014,0.3876626491546631,0.8112843036651611,0.8961933255195618,0.4588361084461212,0.3711773157119751,0.686959981918335,0.8487697243690491,0.46911126375198364,0.3855854570865631,0.8277855515480042,0.8630270957946777,0.4394618272781372,0.39035266637802124,0.7693448662757874,0.8056873679161072,0.4440527558326721,0.39578112959861755,0.8083006739616394,0.8119848966598511,0.46684378385543823,0.3657774329185486,0.467568576335907,0.999152660369873,0.46531349420547485,0.40824729204177856,0.7620198726654053,0.9985031485557556,0.374143123626709,0.3348773121833801,0.18631815910339355,0.3423728048801422,0.3680161237716675,0.44194990396499634,0.5586487650871277,0.35289520025253296,0.2550385892391205,0.29701194167137146,0.15963567793369293,0.38692235946655273,0.32250508666038513,0.47959718108177185,0.3396744132041931,0.28655731678009033,0.2279718667268753,0.28608813881874084,0.10911351442337036,0.4032268822193146,0.3284450173377991,0.494634211063385,0.3102169334888458,0.29475653171539307,0.23345328867435455,0.28459110856056213,0.17861516773700714,0.410476416349411,0.3347538113594055,0.4877464771270752,0.31798797845840454,0.29782459139823914,0.24352167546749115,0.2893807888031006,0.19241859018802643,0.3703301250934601,0.3286738991737366,0.4796806275844574,0.3336468040943146,0.26806482672691345,0.3888721168041229,0.4858221113681793,-0.1040879338979721,0.9970060586929321,0.39200785756111145,0.5016282200813293,0.1027793139219284,0.9976551532745361,0.2446041703224182,0.5598651766777039,-0.14958082139492035,0.4010462164878845,0.186411052942276,0.5413267612457275,0.07340740412473679,0.35684287548065186,0.10613720118999481,0.6261488795280457,-0.2555755078792572,0.31279078125953674,0.08065992593765259,0.6264759302139282,0.010404172353446484,0.3005955219268799,0.09080341458320618,0.6400707960128784,-0.26792317628860474,0.4114514887332916,0.07349985092878342,0.642044723033905,0.0030912726651877165,0.3509351909160614,0.04804570972919464,0.6385106444358826,-0.42309772968292236,0.3232050836086273,0.021055342629551888,0.646345317363739,-0.13339726626873016,0.25028160214424133
85,2.8333333333333335,0.43982234597206116,0.3704436421394348,0.5569978356361389,0.8765066862106323,0.4418966472148895,0.35863378643989563,0.5557905435562134,0.8442727327346802,0.442246675491333,0.3568580448627472,0.5553049445152283,0.8270443081855774,0.44261980056762695,0.35550564527511597,0.5554872155189514,0.8509102463722229,0.44152310490608215,0.3630751073360443,0.5728655457496643,0.8798409104347229,0.44336146116256714,0.3646026849746704,0.5724831819534302,0.8845468759536743,0.4450143277645111,0.3658418655395508,0.5723261833190918,0.9031798243522644,0.4606729745864868,0.3540404140949249,0.3297882378101349,0.858860969543457,0.4701651334762573,0.3677390217781067,0.6103993654251099,0.867651641368866,0.4332910180091858,0.373054563999176,0.5685896873474121,0.811996340751648,0.43504565954208374,0.3783676028251648,0.5787645578384399,0.8124648332595825,0.4803258180618286,0.3652767241001129,0.05177927017211914,0.9992098212242126,0.5136193037033081,0.41394156217575073,0.6277509331703186,0.9984596371650696,0.36184120178222656,0.3368836045265198,-0.22939914464950562,0.3966089189052582,0.4583052396774292,0.46506643295288086,0.6291002035140991,0.3179384469985962,0.2476474940776825,0.2912343144416809,-0.24366934597492218,0.42632797360420227,0.37288957834243774,0.5109656453132629,0.5363734364509583,0.2590712308883667,0.21776817739009857,0.277961403131485,-0.29822057485580444,0.43794047832489014,0.36269551515579224,0.5245453119277954,0.5348765850067139,0.26700133085250854,0.218441903591156,0.2738395929336548,-0.24289125204086304,0.44413894414901733,0.35734468698501587,0.5203710794448853,0.5061172842979431,0.2697469890117645,0.22977027297019958,0.27948594093322754,-0.21726468205451965,0.39354103803634644,0.3588922619819641,0.5141259431838989,0.5179575681686401,0.24300093948841095,0.38839563727378845,0.5154737234115601,-0.17054450511932373,0.9971851706504822,0.4163779020309448,0.5296007394790649,0.16972428560256958,0.9977604746818542,0.21415302157402039,0.5832353830337524,-0.1310199797153473,0.3666459023952484,0.19482119381427765,0.5817681550979614,0.25221922993659973,0.3225220739841461,0.08554530888795853,0.6484376788139343,-0.05502878874540329,0.28577902913093567,0.09792985022068024,0.6669696569442749,0.3559935688972473,0.27155038714408875,0.08419628441333771,0.668114185333252,-0.04050809144973755,0.38300764560699463,0.11180039495229721,0.6850793361663818,0.3654845654964447,0.3226485848426819,0.004450338892638683,0.6480538845062256,-0.12874165177345276,0.293117493391037,0.05599765107035637,0.6769145131111145,0.2889330983161926,0.2260957658290863
86,2.8666666666666667,0.40778300166130066,0.3574461042881012,0.10936471074819565,0.8878984451293945,0.42658674716949463,0.3462989330291748,0.06630819290876389,0.8590316772460938,0.43247273564338684,0.3451371192932129,0.06581663340330124,0.8433464169502258,0.4381329119205475,0.34439000487327576,0.0658939778804779,0.8652628064155579,0.42105260491371155,0.348964124917984,0.13735996186733246,0.8911228179931641,0.4222939908504486,0.3499845266342163,0.13683493435382843,0.8951654434204102,0.4241604208946228,0.35068801045417786,0.1365407109260559,0.9123068451881409,0.4617254137992859,0.3451687693595886,-0.059342510998249054,0.8724932670593262,0.4525706470012665,0.35307326912879944,0.27118390798568726,0.8793949484825134,0.4244350790977478,0.3636462390422821,0.07933175563812256,0.8283309936523438,0.4203048646450043,0.3673151433467865,0.16995729506015778,0.8273343443870544,0.4929262697696686,0.3710687756538391,-0.2213936746120453,0.9992128610610962,0.4681336581707001,0.39794084429740906,0.5039361715316772,0.9982311129570007,0.35404008626937866,0.33884763717651367,-0.3740810751914978,0.4024949073791504,0.42962342500686646,0.4176258146762848,0.5113932490348816,0.28657472133636475,0.26347264647483826,0.29381245374679565,-0.2776297926902771,0.4287910759449005,0.2713662385940552,0.3336632549762726,0.44352585077285767,0.23539505898952484,0.24023883044719696,0.28232723474502563,-0.31417417526245117,0.44389501214027405,0.2514607310295105,0.3108154833316803,0.4460037648677826,0.2446201741695404,0.2425755113363266,0.2766342759132385,-0.278544157743454,0.44850635528564453,0.2476029098033905,0.3072945773601532,0.4105651378631592,0.2474450170993805,0.25243037939071655,0.2858419418334961,-0.2568046450614929,0.38879263401031494,0.2506943345069885,0.30980461835861206,0.4225344657897949,0.22358952462673187,0.3840520679950714,0.534426212310791,-0.16892138123512268,0.9974145293235779,0.38699331879615784,0.5328124165534973,0.16827569901943207,0.9979312419891357,0.24416817724704742,0.6275296807289124,-0.12507236003875732,0.3325263261795044,0.19699181616306305,0.5950087308883667,0.2249564230442047,0.2914468050003052,0.17321071028709412,0.6929289698600769,0.20207443833351135,0.2611456513404846,0.15473535656929016,0.675804853439331,0.47886526584625244,0.24587538838386536,0.18015411496162415,0.7081759572029114,0.22823525965213776,0.3520209789276123,0.17443758249282837,0.692781388759613,0.5056203007698059,0.29632869362831116,0.11780449748039246,0.6990600228309631,0.15660613775253296,0.2677057087421417,0.08187761157751083,0.6870883107185364,0.4653739631175995,0.20569606125354767
87,2.9,0.4482072591781616,0.36245492100715637,0.5719692707061768,0.8941769003868103,0.457512229681015,0.3551188111305237,0.5839102268218994,0.8572118878364563,0.45978233218193054,0.35478726029396057,0.5834410786628723,0.8434977531433105,0.46196529269218445,0.35487115383148193,0.5833914279937744,0.8667203187942505,0.4529763162136078,0.35434046387672424,0.591762363910675,0.8920451998710632,0.4523530602455139,0.3539787232875824,0.5913215279579163,0.8968804478645325,0.45192307233810425,0.3533765375614166,0.5911927819252014,0.9130499958992004,0.47051337361335754,0.35265347361564636,0.5977017879486084,0.8800730109214783,0.456265389919281,0.35033997893333435,0.6353952288627625,0.87815922498703,0.44925999641418457,0.365987092256546,0.5838285088539124,0.8344380855560303,0.44614893198013306,0.36616051197052,0.5912709832191467,0.8295135498046875,0.48851364850997925,0.37490609288215637,0.4518158435821533,0.9992608428001404,0.44253700971603394,0.36888569593429565,0.6003535389900208,0.9983194470405579,0.5704451203346252,0.39241307973861694,0.31308096647262573,0.36736077070236206,0.3612063527107239,0.3223932385444641,0.4732172191143036,0.28158658742904663,0.6613912582397461,0.4172280430793762,0.25711700320243835,0.39310428500175476,0.25416299700737,0.27886494994163513,0.40481504797935486,0.2650718688964844,0.6960704922676086,0.4098854660987854,0.24928398430347443,0.4097285270690918,0.22926783561706543,0.26516616344451904,0.41108912229537964,0.2767433524131775,0.6836473941802979,0.41012054681777954,0.23373481631278992,0.4146393835544586,0.22345206141471863,0.26241832971572876,0.38598179817199707,0.27939122915267944,0.678400993347168,0.41012701392173767,0.24705535173416138,0.36009007692337036,0.23218075931072235,0.2672128975391388,0.4027567505836487,0.25716522336006165,0.3776911795139313,0.5116744041442871,-0.09863582998514175,0.9973589181900024,0.34345459938049316,0.5211767554283142,0.09802340716123581,0.9978634715080261,0.25084272027015686,0.6047021746635437,-0.11263072490692139,0.32062044739723206,0.21341389417648315,0.5864120721817017,0.0714205652475357,0.269374281167984,0.14465957880020142,0.6906580924987793,-0.034661952406167984,0.24071788787841797,0.11805173754692078,0.6785534024238586,0.14691443741321564,0.22378437221050262,0.12874332070350647,0.7087558507919312,-0.044801533222198486,0.34487006068229675,0.110884889960289,0.7007596492767334,0.14967790246009827,0.28115931153297424,0.1014137715101242,0.7026036381721497,-0.21292299032211304,0.2525283098220825,0.05244894698262215,0.6850487589836121,0.018921805545687675,0.18919703364372253
92,3.066666666666667,0.3368816077709198,0.32486021518707275,0.23741532862186432,0.9039395451545715,0.3227808475494385,0.31448090076446533,0.1984904557466507,0.8700604438781738,0.31595808267593384,0.31441381573677063,0.19813041388988495,0.8572292923927307,0.30947232246398926,0.31474146246910095,0.1981668472290039,0.8786344528198242,0.33897632360458374,0.314156711101532,0.18390309810638428,0.9021811485290527,0.34411776065826416,0.314105361700058,0.18329666554927826,0.9066386222839355,0.349012553691864,0.3139081299304962,0.1831076443195343,0.921417236328125,0.29279083013534546,0.31976598501205444,0.06919164955615997,0.8910829424858093,0.34862422943115234,0.3181843161582947,0.0017740564653649926,0.8897696733474731,0.3252178132534027,0.33385980129241943,0.21048042178153992,0.8482301831245422,0.3434494435787201,0.33385032415390015,0.18706177175045013,0.8447030782699585,0.22333452105522156,0.37789762020111084,0.07262146472930908,0.9992455840110779,0.42618903517723083,0.361395001411438,-0.07148908823728561,0.99845951795578,0.25540995597839355,0.3989347517490387,0.3442525863647461,0.3344380259513855,0.5182228684425354,0.3909127116203308,0.0002148681232938543,0.310698926448822,0.29784899950027466,0.3838253617286682,0.7610459327697754,0.3543173372745514,0.6088892221450806,0.4091646671295166,0.21389171481132507,0.3040221929550171,0.2989976406097412,0.3793150782585144,0.8247285485267639,0.36953115463256836,0.6471685767173767,0.4034497141838074,0.21414266526699066,0.3108859062194824,0.3084790110588074,0.3768761157989502,0.8013891577720642,0.3739081025123596,0.6355304718017578,0.4156433939933777,0.22298367321491241,0.31112977862358093,0.3188946545124054,0.37798601388931274,0.764615535736084,0.3247630298137665,0.6158435344696045,0.4150410294532776,0.22156009078025818,0.2746943235397339,0.30835598707199097,0.55572909116745,0.025826433673501015,0.9975680708885193,0.4249759316444397,0.5451387166976929,-0.026370657607913017,0.9980376958847046,0.32998234033584595,0.6758559346199036,0.2783815562725067,0.30522412061691284,0.47217386960983276,0.6529048085212708,0.18014411628246307,0.2499767690896988,0.3785904049873352,0.8122245073318481,0.25656822323799133,0.25506725907325745,0.4756335914134979,0.7693732380867004,0.21471159160137177,0.2194339483976364,0.3906111717224121,0.8270516395568848,0.2486780434846878,0.3707842230796814,0.46408921480178833,0.7890831232070923,0.21644090116024017,0.29037588834762573,0.3567139804363251,0.8166766166687012,0.19974596798419952,0.24333719909191132,0.48185184597969055,0.7650943398475647,0.18152330815792084,0.17748579382896423
93,3.1,0.3556891679763794,0.32505202293395996,0.23857980966567993,0.9108853936195374,0.34391653537750244,0.31504955887794495,0.21002241969108582,0.8783109784126282,0.33903735876083374,0.3149421215057373,0.20968025922775269,0.8646355271339417,0.3344886898994446,0.31523817777633667,0.20963819324970245,0.8860240578651428,0.35433676838874817,0.3148592412471771,0.19056938588619232,0.9101293683052063,0.3571571409702301,0.3148660361766815,0.18997493386268616,0.9142799973487854,0.35979482531547546,0.31472083926200867,0.1897045373916626,0.9283289313316345,0.3186655044555664,0.3199736773967743,0.12683622539043427,0.8975719809532166,0.35608983039855957,0.3188278079032898,0.034500688314437866,0.8987770676612854,0.347377210855484,0.33386722207069397,0.22270984947681427,0.8529419898986816,0.3583265542984009,0.3338750898838043,0.19326414167881012,0.853994607925415,0.24868547916412354,0.36913740634918213,0.16347835958003998,0.9991563558578491,0.4276944398880005,0.3618287742137909,-0.07016725838184357,0.9985843896865845,0.2553114891052246,0.34329795837402344,0.3788207471370697,0.3070548474788666,0.523845374584198,0.38891884684562683,0.00022672381601296365,0.33731213212013245,0.2738480567932129,0.29156216979026794,0.7306853532791138,0.3224048614501953,0.6287978291511536,0.40470224618911743,0.20640763640403748,0.3559611141681671,0.25812095403671265,0.2764318585395813,0.7822955846786499,0.3371555209159851,0.6745767593383789,0.40990081429481506,0.20117028057575226,0.35893991589546204,0.2632811963558197,0.27456745505332947,0.7734902501106262,0.34087392687797546,0.6738503575325012,0.41665396094322205,0.21168820559978485,0.35781344771385193,0.2685994803905487,0.27883487939834595,0.738047182559967,0.2956918179988861,0.6560646295547485,0.4153873920440674,0.21591468155384064,0.3079073131084442,0.30845680832862854,0.552811324596405,0.06325937062501907,0.9977238774299622,0.4130924642086029,0.5424622893333435,-0.06392764300107956,0.9981784224510193,0.32340192794799805,0.6529487371444702,0.3364422023296356,0.2757001519203186,0.4617196023464203,0.648663341999054,0.06881348043680191,0.22884276509284973,0.3607720732688904,0.7838798761367798,0.3864310681819916,0.2333986461162567,0.4488988220691681,0.7765841484069824,0.06218902766704559,0.20583246648311615,0.37290048599243164,0.8041826486587524,0.3883994519710541,0.3497764468193054,0.43431228399276733,0.8020105361938477,0.06206025928258896,0.27727752923965454,0.3564490079879761,0.8036161661148071,0.38248151540756226,0.22097967565059662,0.4803420305252075,0.7952002286911011,0.02243060991168022,0.16299261152744293
94,3.1333333333333333,0.4143220782279968,0.2774915099143982,0.015221577137708664,0.9197518825531006,0.41246676445007324,0.2691273093223572,0.007614069618284702,0.8904074430465698,0.41083037853240967,0.26993128657341003,0.007296205032616854,0.8780544400215149,0.4094303250312805,0.27116212248802185,0.007277190685272217,0.8973424434661865,0.4134006202220917,0.2667979300022125,-0.010538528673350811,0.9190883040428162,0.41304898262023926,0.2661413550376892,-0.011156128719449043,0.9228222966194153,0.41249558329582214,0.26533064246177673,-0.011352849192917347,0.9354773163795471,0.39309945702552795,0.2792396545410156,0.017357664182782173,0.9077310562133789,0.40088513493537903,0.27109038829803467,-0.06874116510152817,0.9088463187217712,0.4047229290008545,0.2901255786418915,0.03335501253604889,0.8674667477607727,0.40461719036102295,0.28724172711372375,0.004765219520777464,0.8684900999069214,0.29402729868888855,0.3289702534675598,0.07251925766468048,0.9992230534553528,0.42961153388023376,0.3433721363544464,-0.07858163863420486,0.9987165927886963,0.30540087819099426,0.3209077715873718,0.25338274240493774,0.29357004165649414,0.5237154960632324,0.384574830532074,-0.006091965362429619,0.346352756023407,0.2773338258266449,0.2821221649646759,0.4959198534488678,0.305338978767395,0.6269475221633911,0.4067440629005432,0.1378779113292694,0.39694786071777344,0.26467186212539673,0.2739081084728241,0.525262176990509,0.32033443450927734,0.6700202226638794,0.42065638303756714,0.12767393887043,0.3966613709926605,0.269646018743515,0.2693781554698944,0.5215513706207275,0.3231523633003235,0.6659929752349854,0.42335206270217896,0.11781547218561172,0.39478015899658203,0.2753479778766632,0.2766490578651428,0.5047405958175659,0.2788010239601135,0.6489524841308594,0.41928014159202576,0.1391102522611618,0.3331538736820221,0.3166389763355255,0.5181633830070496,0.05835992097854614,0.9978984594345093,0.4088587462902069,0.5145177841186523,-0.05868129804730415,0.9983178973197937,0.32369646430015564,0.641472339630127,0.25071626901626587,0.24923385679721832,0.44687846302986145,0.631653368473053,-0.00328784785233438,0.20725859701633453,0.3040093183517456,0.7572038173675537,0.3226706087589264,0.2131321281194687,0.42990222573280334,0.776432454586029,-0.00456776050850749,0.1899316906929016,0.3113536238670349,0.7750898003578186,0.33379894495010376,0.32547762989997864,0.42159804701805115,0.7999006509780884,-0.006824730429798365,0.25865742564201355,0.26782119274139404,0.7841764092445374,0.2859199643135071,0.20125330984592438,0.4418422281742096,0.7967919111251831,-0.07866018265485764,0.14973169565200806
95,3.1666666666666665,0.45152363181114197,0.284726083278656,0.06268490105867386,0.9277747273445129,0.447537362575531,0.2723887860774994,0.07370029389858246,0.9013639092445374,0.44756266474723816,0.2720564901828766,0.07331036776304245,0.8902446627616882,0.4538477063179016,0.27570030093193054,0.07333869487047195,0.907604455947876,0.44085150957107544,0.2729274034500122,0.038462329655885696,0.9271782636642456,0.44167375564575195,0.27244699001312256,0.03790611773729324,0.9305388331413269,0.43677547574043274,0.2717761695384979,0.03777183219790459,0.9419286251068115,0.4268951714038849,0.28325289487838745,0.14631159603595734,0.9169536828994751,0.408732146024704,0.2780914902687073,-0.04647801071405411,0.9179587364196777,0.4316162168979645,0.29830244183540344,0.0968126729130745,0.8806795477867126,0.4282761514186859,0.2977939248085022,0.04646877571940422,0.8816178441047668,0.31729716062545776,0.3357795178890228,0.21051442623138428,0.9992832541465759,0.4295803904533386,0.3466947674751282,-0.07845629751682281,0.998839259147644,0.34401291608810425,0.34697866439819336,0.45130103826522827,0.2696995437145233,0.5198971033096313,0.389648973941803,-0.06908610463142395,0.39258724451065063,0.3737466037273407,0.3360804617404938,0.7098228931427002,0.27990418672561646,0.6075478196144104,0.4225592017173767,0.09746356308460236,0.4467334747314453,0.3786758780479431,0.34230735898017883,0.7636692523956299,0.2950696349143982,0.6386114358901978,0.4313833713531494,0.09263791888952255,0.4445748031139374,0.38331183791160583,0.34239834547042847,0.7402134537696838,0.2975797951221466,0.6422112584114075,0.4318053126335144,0.10094968974590302,0.44209110736846924,0.3883117735385895,0.34297552704811096,0.7084168791770935,0.2576771378517151,0.6248303651809692,0.4295196533203125,0.10599207133054733,0.3777301609516144,0.3277348279953003,0.51780766248703,0.0683099776506424,0.9980776309967041,0.40454691648483276,0.5164174437522888,-0.06891890615224838,0.9984637498855591,0.35758742690086365,0.6360215544700623,0.23255889117717743,0.237343892455101,0.446567565202713,0.6252354383468628,0.048740144819021225,0.19784556329250336,0.3453578054904938,0.7475537061691284,0.23506948351860046,0.20822091400623322,0.432023286819458,0.7601511478424072,0.027837077155709267,0.19861100614070892,0.3456423878669739,0.7659928202629089,0.23505982756614685,0.33593466877937317,0.4216096103191376,0.7845591902732849,0.02518603578209877,0.27183443307876587,0.34746161103248596,0.7781922221183777,0.26738178730010986,0.19524194300174713,0.4494447112083435,0.7901039123535156,0.002174770925194025,0.15237542986869812
96,3.2,0.4396449625492096,0.2926844656467438,0.10999034345149994,0.934434711933136,0.43881916999816895,0.28220483660697937,0.14391954243183136,0.9105445742607117,0.44041526317596436,0.28217813372612,0.1432035118341446,0.9003365635871887,0.44232913851737976,0.2836262881755829,0.1432477831840515,0.9164478182792664,0.42945730686187744,0.28173625469207764,0.07757485657930374,0.9338589906692505,0.42552298307418823,0.2814928889274597,0.07692466676235199,0.9368425607681274,0.4205175042152405,0.28109896183013916,0.07679634541273117,0.9472931623458862,0.41951489448547363,0.29102376103401184,0.3654513359069824,0.9247630834579468,0.40622401237487793,0.28694918751716614,0.08390799909830093,0.924227774143219,0.43196550011634827,0.303194135427475,0.17405666410923004,0.8909209370613098,0.42108970880508423,0.3050462603569031,0.08675859123468399,0.891132116317749,0.4018617868423462,0.3560638129711151,0.5249302983283997,0.9992862939834595,0.34530821442604065,0.3414965569972992,-0.07654815912246704,0.9988154172897339,0.46641266345977783,0.41164761781692505,0.6860262751579285,0.2466210275888443,0.4369012713432312,0.341620534658432,-0.3249759376049042,0.4340665936470032,0.5292023420333862,0.4278433322906494,0.6196811199188232,0.2799965739250183,0.5637170076370239,0.2840051054954529,-0.3981677293777466,0.4795593023300171,0.5559712648391724,0.4363415837287903,0.6299408674240112,0.29640573263168335,0.5903390645980835,0.2723914682865143,-0.47618892788887024,0.47150740027427673,0.5563228726387024,0.43632110953330994,0.56986403465271,0.30037257075309753,0.5893794894218445,0.26998406648635864,-0.4327394366264343,0.46633318066596985,0.5477052927017212,0.4344187378883362,0.5925455093383789,0.2612646818161011,0.5790168046951294,0.2733270823955536,-0.38660866022109985,0.394252210855484,0.38693299889564514,0.5176647901535034,0.1620354950428009,0.9982467293739319,0.34914031624794006,0.5131394267082214,-0.16251571476459503,0.998585045337677,0.45026659965515137,0.6414781808853149,0.20709794759750366,0.21681861579418182,0.41577860713005066,0.6299155354499817,-0.13336999714374542,0.18940651416778564,0.4568345248699188,0.7573866844177246,0.3050268590450287,0.19391018152236938,0.42362383008003235,0.7609617710113525,0.005641308147460222,0.19528447091579437,0.44287216663360596,0.7766836881637573,0.30699852108955383,0.3124034106731415,0.4142696261405945,0.7838505506515503,0.013039249926805496,0.2558143734931946,0.5155413150787354,0.7845920324325562,0.19499905407428741,0.18567712604999542,0.45306214690208435,0.7916633486747742,-0.1370883285999298,0.15132200717926025
97,3.2333333333333334,0.4353143572807312,0.2973701059818268,0.11403148621320724,0.940575361251831,0.43158799409866333,0.2899780571460724,0.1947948932647705,0.918925404548645,0.43129873275756836,0.2900584936141968,0.194151371717453,0.909558892250061,0.43133455514907837,0.28998681902885437,0.1941954493522644,0.9244533777236938,0.4249807894229889,0.28818750381469727,0.11901338398456573,0.9400469064712524,0.42099517583847046,0.28768664598464966,0.1184750348329544,0.9427409768104553,0.41654306650161743,0.286928653717041,0.1183030903339386,0.9522767066955566,0.4070902168750763,0.29214397072792053,0.365769624710083,0.931906521320343,0.39513829350471497,0.28769999742507935,0.08981209993362427,0.9307068586349487,0.42634230852127075,0.3080013394355774,0.220429927110672,0.9007331728935242,0.4194718301296234,0.3085783123970032,0.11968210339546204,0.9006198048591614,0.3953213691711426,0.3597114682197571,0.5111903548240662,0.9993166923522949,0.34763652086257935,0.3436943590641022,-0.09104259312152863,0.9988908171653748,0.4711012542247772,0.4108361601829529,0.6307489275932312,0.2267502248287201,0.4505162239074707,0.3280109167098999,-0.29767024517059326,0.48325496912002563,0.5085709095001221,0.4416115880012512,0.49380746483802795,0.27414995431900024,0.5689173936843872,0.27242735028266907,-0.3036937117576599,0.5267592072486877,0.5273687839508057,0.4498123228549957,0.4932359457015991,0.29233503341674805,0.5981091260910034,0.2555214464664459,-0.3769993185997009,0.5176596641540527,0.5252472758293152,0.4438524842262268,0.43739208579063416,0.2966984212398529,0.595450758934021,0.2507830262184143,-0.3428863286972046,0.5122508406639099,0.5175685286521912,0.4430817663669586,0.46732449531555176,0.25883105397224426,0.5843217372894287,0.25796598196029663,-0.2944062650203705,0.44136226177215576,0.39777103066444397,0.5158766508102417,0.17366620898246765,0.9984028935432434,0.35627010464668274,0.5115343928337097,-0.17413917183876038,0.9987061023712158,0.46920061111450195,0.6424583792686462,0.19152463972568512,0.19904391467571259,0.45108330249786377,0.6312299370765686,-0.25037887692451477,0.19244925677776337,0.45863625407218933,0.7631431221961975,0.24594256281852722,0.18080903589725494,0.4309896230697632,0.7606932520866394,-0.17009124159812927,0.1934392899274826,0.443055123090744,0.7831450700759888,0.24126730859279633,0.293353796005249,0.41714245080947876,0.7823877930641174,-0.1661989390850067,0.24436266720294952,0.5224237442016602,0.7886096239089966,0.11507197469472885,0.17703652381896973,0.4773685336112976,0.7944575548171997,-0.29115408658981323,0.1521083563566208
98,3.2666666666666666,0.46175506711006165,0.2853353023529053,-0.02086753398180008,0.9463584423065186,0.4600386321544647,0.27366894483566284,0.026705602183938026,0.926806628704071,0.46010491251945496,0.27325043082237244,0.026148192584514618,0.9182478785514832,0.46035537123680115,0.2727949619293213,0.02616247534751892,0.9318627715110779,0.4507255554199219,0.2710486054420471,-0.03624468296766281,0.9458937644958496,0.44114306569099426,0.2694917321205139,-0.036711685359478,0.9482896327972412,0.4379982054233551,0.2708701491355896,-0.03680906444787979,0.9569387435913086,0.43800413608551025,0.27814674377441406,0.24734634160995483,0.9385494589805603,0.39670318365097046,0.2702816426753998,-0.04808228835463524,0.9371248483657837,0.45019492506980896,0.29513272643089294,0.0643354132771492,0.9102080464363098,0.43966764211654663,0.2947281002998352,-0.022076349705457687,0.9099970459938049,0.4158475697040558,0.33397436141967773,0.37436848878860474,0.9993501901626587,0.3331556022167206,0.3172007203102112,-0.1898697316646576,0.9989595413208008,0.5514271855354309,0.33395975828170776,0.3795498013496399,0.2089214026927948,0.4151483178138733,0.31351709365844727,-0.44534775614738464,0.5237898230552673,0.5705879330635071,0.31046050786972046,0.09335362166166306,0.25536829233169556,0.5654622316360474,0.2717193067073822,-0.49757295846939087,0.5445908308029175,0.5768614411354065,0.3103989362716675,0.054737016558647156,0.2740094065666199,0.5999428629875183,0.26533135771751404,-0.5736081600189209,0.5276406407356262,0.5593752264976501,0.30202603340148926,0.035125602036714554,0.2776828706264496,0.5871662497520447,0.25374963879585266,-0.539800763130188,0.5194939970970154,0.5572448968887329,0.30224865674972534,0.07705975323915482,0.2415655553340912,0.5872238278388977,0.2644399404525757,-0.48824170231819153,0.44164732098579407,0.40613800287246704,0.5021005272865295,0.17321276664733887,0.9985531568527222,0.3442884087562561,0.5040342807769775,-0.17365294694900513,0.998824417591095,0.47290679812431335,0.6365097165107727,0.2503249943256378,0.17974860966205597,0.44667744636535645,0.6307054162025452,-0.2294943481683731,0.18333837389945984,0.4567653238773346,0.7535424828529358,0.4046213924884796,0.1644679605960846,0.4276840090751648,0.7612179517745972,-0.13508950173854828,0.18772470951080322,0.4359845817089081,0.7751661539077759,0.40716615319252014,0.26851677894592285,0.4038538336753845,0.7828484773635864,-0.13052061200141907,0.22981053590774536,0.5322592258453369,0.7804279923439026,0.27521783113479614,0.16324086487293243,0.49409085512161255,0.7970622181892395,-0.28221574425697327,0.15093360841274261
99,3.3,0.4537219703197479,0.2651567757129669,-0.35474222898483276,0.9514819979667664,0.4530718922615051,0.2498079538345337,-0.3185148537158966,0.9336364269256592,0.45648735761642456,0.24985170364379883,-0.3192092776298523,0.9258554577827454,0.45951610803604126,0.24991460144519806,-0.3192090690135956,0.9384015202522278,0.4385101795196533,0.2489086389541626,-0.36286163330078125,0.9509133100509644,0.4286385476589203,0.2489118129014969,-0.36331239342689514,0.9530118107795715,0.42494404315948486,0.24927937984466553,-0.36341023445129395,0.9608466625213623,0.4421849846839905,0.2547864019870758,-0.11246660351753235,0.944425642490387,0.39570727944374084,0.2553313672542572,-0.3120054304599762,0.9417455196380615,0.4487558901309967,0.2796376645565033,-0.26822519302368164,0.9180791974067688,0.4341532289981842,0.28037089109420776,-0.32989805936813354,0.9172910451889038,0.44409531354904175,0.31666892766952515,0.05350716412067413,0.9993768930435181,0.33262357115745544,0.3121495842933655,-0.3458101451396942,0.9985933899879456,0.6147949695587158,0.30635663866996765,-0.03628210350871086,0.209877610206604,0.38974815607070923,0.33310431241989136,-0.49971723556518555,0.4980160593986511,0.6054255366325378,0.29705512523651123,-0.3140048086643219,0.24881651997566223,0.5133277177810669,0.32767027616500854,-0.4902568757534027,0.4965512156486511,0.6052600741386414,0.3015994131565094,-0.36633431911468506,0.2663837969303131,0.5431727170944214,0.3419991135597229,-0.544183075428009,0.4820195436477661,0.5808265805244446,0.29350629448890686,-0.3700825572013855,0.26989755034446716,0.5447275638580322,0.314735472202301,-0.5357333421707153,0.4746120572090149,0.5803337693214417,0.2941863238811493,-0.3235120475292206,0.2348143756389618,0.5336012244224548,0.3053765892982483,-0.48880866169929504,0.40298306941986084,0.435467392206192,0.4955103397369385,0.1447383314371109,0.9986362457275391,0.35013872385025024,0.49986428022384644,-0.14521948993206024,0.9987909197807312,0.489987850189209,0.631952166557312,0.25050798058509827,0.16283611953258514,0.4350547790527344,0.6254714727401733,-0.13590459525585175,0.16935205459594727,0.4748225212097168,0.7459312081336975,0.42394310235977173,0.1514892280101776,0.4177984893321991,0.7599434852600098,0.024994559586048126,0.1789313554763794,0.45335495471954346,0.7676678895950317,0.42870229482650757,0.24744226038455963,0.40356335043907166,0.7810328006744385,0.04487469419836998,0.2122361809015274,0.5400158166885376,0.7745741009712219,0.29155537486076355,0.15231694281101227,0.49106118083000183,0.7960109114646912,-0.27841126918792725,0.1441095471382141
100,3.3333333333333335,0.46714991331100464,0.25838273763656616,-0.8492397665977478,0.9563255906105042,0.4626612365245819,0.23950454592704773,-0.8124805092811584,0.940252959728241,0.4657268822193146,0.23920932412147522,-0.8132022619247437,0.9332442879676819,0.4692261517047882,0.23891718685626984,-0.8131171464920044,0.9445465207099915,0.44346195459365845,0.23979434370994568,-0.8559516072273254,0.9558123350143433,0.43163520097732544,0.24042420089244843,-0.8565183281898499,0.9577004909515381,0.4255989193916321,0.2396421730518341,-0.8567222356796265,0.9647539854049683,0.44992634654045105,0.24323347210884094,-0.559138298034668,0.9499708414077759,0.39443960785865784,0.25277307629585266,-0.7526381611824036,0.9475444555282593,0.4614987373352051,0.2744152843952179,-0.7396501302719116,0.9262503981590271,0.4433532655239105,0.2758250832557678,-0.800201416015625,0.925543487071991,0.46391016244888306,0.3154057264328003,-0.2676723599433899,0.9994287490844727,0.3185805082321167,0.3125823140144348,-0.6207874417304993,0.998711884021759,0.6163803339004517,0.33035555481910706,-0.21450510621070862,0.19975540041923523,0.2518216371536255,0.42410388588905334,-0.4839257001876831,0.4878081977367401,0.5676141381263733,0.30293580889701843,-0.430184006690979,0.22771009802818298,0.3371582329273224,0.4732707142829895,-0.3167279064655304,0.45250168442726135,0.5555939674377441,0.34012123942375183,-0.48254281282424927,0.24431392550468445,0.3599264919757843,0.49310803413391113,-0.3466223180294037,0.43936941027641296,0.5357804298400879,0.32402774691581726,-0.49822574853897095,0.24754521250724792,0.37657439708709717,0.4782337248325348,-0.36431095004081726,0.4329555630683899,0.5392250418663025,0.31470972299575806,-0.44047021865844727,0.21502892673015594,0.3665253818035126,0.4693733751773834,-0.31715235114097595,0.3670831322669983,0.4540657103061676,0.5014458894729614,0.14191152155399323,0.9987328052520752,0.35919830203056335,0.5045241117477417,-0.1423465460538864,0.9988633394241333,0.5066729784011841,0.6423157453536987,0.23956860601902008,0.14822760224342346,0.4168941080570221,0.636294960975647,-0.13793352246284485,0.15973396599292755,0.4675646424293518,0.7484596371650696,0.6275484561920166,0.1408400982618332,0.406677782535553,0.7673229575157166,0.2121274769306183,0.18830040097236633,0.443532258272171,0.7681306600570679,0.6551520228385925,0.2336818277835846,0.38221949338912964,0.7913837432861328,0.2404627501964569,0.2053428590297699,0.5315749049186707,0.7725023627281189,0.4800418019294739,0.14581719040870667,0.4898357093334198,0.8038592338562012,-0.004276788327842951,0.1505514532327652
101,3.3666666666666667,0.45068079233169556,0.260655015707016,-0.9453480243682861,0.9606788158416748,0.4493337869644165,0.23888130486011505,-0.9155491590499878,0.9461723566055298,0.453800231218338,0.23827826976776123,-0.9161995053291321,0.9398341774940491,0.4586550295352936,0.23790767788887024,-0.916262149810791,0.9500443339347839,0.4363875389099121,0.2408551722764969,-0.9460421800613403,0.9602092504501343,0.42386817932128906,0.2416100949048996,-0.946638822555542,0.9619045853614807,0.4061020016670227,0.2422349750995636,-0.9468539953231812,0.968260645866394,0.4463954567909241,0.24225738644599915,-0.6642791628837585,0.9549296498298645,0.37539389729499817,0.25044912099838257,-0.7996342182159424,0.9527108073234558,0.449821799993515,0.27530908584594727,-0.836292028427124,0.9335590600967407,0.43447425961494446,0.2774670720100403,-0.8796826004981995,0.9329382181167603,0.49449458718299866,0.31259021162986755,-0.44966045022010803,0.9994795322418213,0.2950056791305542,0.3220822215080261,-0.6489925384521484,0.9988147020339966,0.6754096746444702,0.2523079514503479,-0.5831447839736938,0.26312366127967834,0.2267148792743683,0.43390029668807983,-0.723972737789154,0.48307573795318604,0.5951002240180969,0.20807257294654846,-0.8387202024459839,0.2471475452184677,0.29725217819213867,0.5235496759414673,-0.8233969807624817,0.41301873326301575,0.5747196674346924,0.2001347541809082,-0.9290223121643066,0.24628755450248718,0.31666797399520874,0.5480645895004272,-0.8871006369590759,0.399503618478775,0.5502774715423584,0.19379596412181854,-0.9092904925346375,0.24743804335594177,0.33617621660232544,0.5417708158493042,-0.9200226068496704,0.3937101662158966,0.5574228763580322,0.20078995823860168,-0.840264618396759,0.21391215920448303,0.3272530138492584,0.5285395383834839,-0.8384062647819519,0.33350858092308044,0.47529733180999756,0.5050206184387207,0.10552996397018433,0.9988558292388916,0.3633602559566498,0.5062650442123413,-0.10601683706045151,0.9989705085754395,0.556338906288147,0.6434635519981384,0.013269715942442417,0.14072762429714203,0.39861243963241577,0.649250864982605,-0.10795219242572784,0.14818163216114044,0.5186452269554138,0.7542530298233032,0.36335480213165283,0.1347423642873764,0.4129050374031067,0.7722247242927551,0.35557010769844055,0.17866447567939758,0.4812139868736267,0.7728078961372375,0.3968557119369507,0.21879784762859344,0.3933946490287781,0.793043851852417,0.3864000141620636,0.18918591737747192,0.5701534748077393,0.8053947687149048,0.12318088859319687,0.14074492454528809,0.4888466000556946,0.8253006935119629,0.15700452029705048,0.14140157401561737
102,3.4,0.45267483592033386,0.2583279013633728,-0.423747181892395,0.9645941853523254,0.4501834809780121,0.23860439658164978,-0.4010877311229706,0.9514955282211304,0.45415574312210083,0.2377166748046875,-0.40165236592292786,0.9457782506942749,0.45823314785957336,0.2370188981294632,-0.4017210304737091,0.9549986124038696,0.4314242899417877,0.240553617477417,-0.43564242124557495,0.9641613960266113,0.4201793968677521,0.24109844863414764,-0.4362296760082245,0.9656848311424255,0.4056572914123535,0.2417864054441452,-0.43642666935920715,0.9714113473892212,0.4418380856513977,0.24012239277362823,-0.2453669011592865,0.9593977332115173,0.37489157915115356,0.246795654296875,-0.4052048623561859,0.9573554992675781,0.4503452777862549,0.27350085973739624,-0.3512519896030426,0.940140962600708,0.42794498801231384,0.2766879200935364,-0.4000650644302368,0.9395932555198669,0.48545151948928833,0.30834659934043884,-0.10224568098783493,0.9995291233062744,0.29753822088241577,0.32623007893562317,-0.5445694327354431,0.9989142417907715,0.6727641820907593,0.2547484040260315,-0.11970113962888718,0.30500146746635437,0.23190051317214966,0.438554048538208,-0.569521963596344,0.4685441553592682,0.7105531692504883,0.21898098289966583,-0.3219091594219208,0.2783496081829071,0.30400756001472473,0.511028528213501,-0.4368460476398468,0.37488433718681335,0.727940022945404,0.21000592410564423,-0.37671008706092834,0.2725912928581238,0.32486408948898315,0.5362838506698608,-0.47599002718925476,0.36278486251831055,0.7074933648109436,0.2008812129497528,-0.38662227988243103,0.2756101191043854,0.3381325900554657,0.5262773036956787,-0.4965742230415344,0.3578041195869446,0.6997417211532593,0.20715633034706116,-0.3341824412345886,0.24125312268733978,0.33208799362182617,0.5161635875701904,-0.446116179227829,0.30341002345085144,0.47571346163749695,0.5051963329315186,0.09281459450721741,0.9989674091339111,0.3636435270309448,0.5072917938232422,-0.09328179061412811,0.9990670680999756,0.5643251538276672,0.6482626795768738,0.07624004781246185,0.13782398402690887,0.4004482626914978,0.6505130529403687,-0.11542829871177673,0.14661435782909393,0.5428978204727173,0.7572802305221558,0.2602156400680542,0.14057575166225433,0.43575209379196167,0.7717822790145874,0.21377825736999512,0.1918930858373642,0.5139691829681396,0.7729582190513611,0.2694460451602936,0.21274755895137787,0.4243602454662323,0.7907063961029053,0.22345663607120514,0.18365660309791565,0.5770853757858276,0.8149822354316711,0.0846833661198616,0.15169428288936615,0.5042561292648315,0.8234628438949585,0.12807339429855347,0.15396271646022797
103,3.433333333333333,0.4513547122478485,0.2573505938053131,-0.3762686848640442,0.9681275486946106,0.4481969475746155,0.23913827538490295,-0.3430078327655792,0.95632004737854,0.4524520933628082,0.23842041194438934,-0.34365469217300415,0.9511709213256836,0.4567508399486542,0.237839013338089,-0.34376925230026245,0.9594786763191223,0.4281507134437561,0.23997652530670166,-0.3727169334888458,0.9677330255508423,0.41840294003486633,0.240052729845047,-0.3732605278491974,0.9691036939620972,0.4025978147983551,0.24042217433452606,-0.37350791692733765,0.9742578268051147,0.44084781408309937,0.2406446486711502,-0.16918134689331055,0.9634419083595276,0.36945486068725586,0.24606481194496155,-0.3477000892162323,0.9615785479545593,0.4516332745552063,0.27239251136779785,-0.29581987857818604,0.946096658706665,0.4250129163265228,0.2759796977043152,-0.33826005458831787,0.9456035494804382,0.48830240964889526,0.3068303167819977,-0.04861132428050041,0.9995733499526978,0.2837962210178375,0.3323827385902405,-0.22602473199367523,0.99897700548172,0.6411218643188477,0.2732076644897461,-0.03556327521800995,0.36402297019958496,0.2391849160194397,0.43176716566085815,-0.4461938738822937,0.4701783061027527,0.7147091627120972,0.23223939538002014,-0.21108970046043396,0.3433071970939636,0.18944977223873138,0.46268004179000854,-0.6051698923110962,0.3799785375595093,0.7289208173751831,0.221854567527771,-0.24908621609210968,0.3349775969982147,0.1568007916212082,0.5090747475624084,-0.6637534499168396,0.36930596828460693,0.7234282493591309,0.21315321326255798,-0.28425368666648865,0.33887341618537903,0.16051572561264038,0.5066330432891846,-0.7076255083084106,0.3675990700721741,0.713761031627655,0.21836154162883759,-0.23209887742996216,0.30675897002220154,0.17842108011245728,0.48195475339889526,-0.633212685585022,0.3163281977176666,0.48848986625671387,0.5075016617774963,0.05472578853368759,0.999065637588501,0.3660060465335846,0.5131464004516602,-0.055203888565301895,0.9991457462310791,0.5885878801345825,0.6528192758560181,0.04509564861655235,0.15020877122879028,0.393361359834671,0.650296151638031,-0.11463199555873871,0.14466284215450287,0.5596041083335876,0.7618086338043213,0.27184292674064636,0.151898592710495,0.43730252981185913,0.7682902216911316,0.25485146045684814,0.18742603063583374,0.5373135805130005,0.7742010951042175,0.28349587321281433,0.20553064346313477,0.44259199500083923,0.7751493453979492,0.28718677163124084,0.17390404641628265,0.579795777797699,0.8266198039054871,0.12460703402757645,0.15944580733776093,0.46374624967575073,0.8228093981742859,0.1705525666475296,0.15025800466537476
104,3.466666666666667,0.4165447950363159,0.2623157501220703,-0.8892039656639099,0.9713138937950134,0.43667352199554443,0.24519462883472443,-0.8558396100997925,0.9606853723526001,0.4506895840167999,0.24488118290901184,-0.8565548658370972,0.9560505747795105,0.45123279094696045,0.2448369264602661,-0.856647253036499,0.9635283350944519,0.39894556999206543,0.24469032883644104,-0.8606382608413696,0.9709582924842834,0.38607317209243774,0.2441806048154831,-0.8612551093101501,0.9721916913986206,0.37277740240097046,0.24395377933979034,-0.8616102337837219,0.9768303632736206,0.4435197114944458,0.2483905851840973,-0.6004372239112854,0.9670946598052979,0.3492952585220337,0.2501215934753418,-0.6210992932319641,0.9654130339622498,0.4368152916431427,0.2765842080116272,-0.7841028571128845,0.9514785408973694,0.3918769061565399,0.278009295463562,-0.793964147567749,0.9510357975959778,0.4889400601387024,0.30899691581726074,-0.42075449228286743,0.9996106624603271,0.2796659767627716,0.3331438899040222,-0.4042052924633026,0.9990483522415161,0.6391088962554932,0.28325945138931274,-0.4934437572956085,0.4194566607475281,0.22072666883468628,0.42249616980552673,-0.4991941750049591,0.4841718375682831,0.7142524123191833,0.23567768931388855,-0.7867817282676697,0.39818185567855835,0.160558819770813,0.44503849744796753,-0.7728775143623352,0.3756956160068512,0.7232144474983215,0.22321388125419617,-0.8607012629508972,0.38689956068992615,0.1268569976091385,0.46543994545936584,-0.8386272192001343,0.3591994345188141,0.7135298252105713,0.21331548690795898,-0.9049520492553711,0.3922445476055145,0.1255549043416977,0.4624715745449066,-0.9064911007881165,0.36132699251174927,0.7060553431510925,0.2225845605134964,-0.8136428594589233,0.3610166013240814,0.1531377136707306,0.44981279969215393,-0.8108258843421936,0.31657543778419495,0.475452721118927,0.491886705160141,0.0015426513273268938,0.9991413950920105,0.3626825213432312,0.5018357038497925,-0.002151195891201496,0.9991956949234009,0.5624858140945435,0.6376909017562866,-0.026810865849256516,0.1496189534664154,0.39800092577934265,0.6300970911979675,-0.1229517012834549,0.13824820518493652,0.5624142289161682,0.7368035912513733,0.1613265424966812,0.1616203635931015,0.45085442066192627,0.7300530076026917,0.26083019375801086,0.1777344048023224,0.5439433455467224,0.7571830749511719,0.16389814019203186,0.2000516653060913,0.46954426169395447,0.7411655783653259,0.2926997244358063,0.16654613614082336,0.5801680684089661,0.8021531105041504,-0.06534656137228012,0.16885514557361603,0.457716166973114,0.7781350016593933,0.1433062106370926,0.14450012147426605
105,3.5,0.4064790606498718,0.26687464118003845,-0.8742165565490723,0.9741793274879456,0.4334139823913574,0.2502528131008148,-0.8414050340652466,0.9646065831184387,0.4474816918373108,0.24946880340576172,-0.8420235514640808,0.96042799949646,0.4475485384464264,0.2488897144794464,-0.842081606388092,0.9671633243560791,0.39295217394828796,0.25260818004608154,-0.8482389450073242,0.9738590717315674,0.37911418080329895,0.2526830732822418,-0.8489208817481995,0.9749683737754822,0.36538729071617126,0.25206446647644043,-0.8492916822433472,0.9791446924209595,0.44942280650138855,0.25001809000968933,-0.5994873642921448,0.9703657031059265,0.3429192304611206,0.2531929612159729,-0.6264866590499878,0.9688602685928345,0.4322172701358795,0.2810700535774231,-0.7728275060653687,0.9562931656837463,0.3830808997154236,0.2803294062614441,-0.7851915955543518,0.955914318561554,0.48655396699905396,0.30948230624198914,-0.4287460446357727,0.9996262192726135,0.2782054841518402,0.34311050176620483,-0.4044592082500458,0.9991294741630554,0.6349464654922485,0.29393401741981506,-0.46917304396629333,0.41712743043899536,0.2152826339006424,0.4324178099632263,-0.42654138803482056,0.48319265246391296,0.6451568007469177,0.25805604457855225,-0.6301841139793396,0.37173914909362793,0.21695032715797424,0.4890434741973877,-0.5450772643089294,0.38358211517333984,0.6495572924613953,0.24567122757434845,-0.6909969449043274,0.3607783317565918,0.20060262084007263,0.5195866823196411,-0.5943863987922668,0.36015841364860535,0.6429911255836487,0.23626473546028137,-0.7076836228370667,0.36563557386398315,0.2326556146144867,0.5158541798591614,-0.6367776989936829,0.3632853627204895,0.6383726000785828,0.24540749192237854,-0.6411363482475281,0.3360641598701477,0.24061352014541626,0.5058597326278687,-0.5658116936683655,0.31840458512306213,0.48355281352996826,0.49620136618614197,-0.028678355738520622,0.9992116689682007,0.36428409814834595,0.5063866972923279,0.027958838269114494,0.9992594718933105,0.5586879253387451,0.6423354744911194,-0.08768900483846664,0.14053617417812347,0.40078064799308777,0.6307086944580078,-0.07290463894605637,0.12580089271068573,0.5700398087501526,0.7498681545257568,0.03803696110844612,0.15768058598041534,0.45848172903060913,0.7354936003684998,0.27185919880867004,0.16371192038059235,0.5597884058952332,0.7578238248825073,0.03542766347527504,0.18931223452091217,0.48705846071243286,0.745267927646637,0.2979256212711334,0.15532566606998444,0.5812585353851318,0.8143233060836792,-0.1602277010679245,0.16374365985393524,0.43318408727645874,0.7814976572990417,0.17358805239200592,0.13367179036140442
106,3.533333333333333,0.41124457120895386,0.27710795402526855,-0.6130216121673584,0.976756751537323,0.434569776058197,0.2626747786998749,-0.5817391872406006,0.9681347012519836,0.4455679655075073,0.26136040687561035,-0.5823754668235779,0.964368462562561,0.4488573670387268,0.2604665756225586,-0.5823917388916016,0.970437228679657,0.3944077789783478,0.2675614655017853,-0.5998093485832214,0.9764670729637146,0.38255348801612854,0.2690403461456299,-0.6003942489624023,0.9774631857872009,0.3704710602760315,0.2697674632072449,-0.6006463766098022,0.9812236428260803,0.4503103792667389,0.260603129863739,-0.3855542540550232,0.9733102917671204,0.3454567790031433,0.2723933756351471,-0.5987338423728943,0.9719324707984924,0.4356417655944824,0.28506895899772644,-0.5265874266624451,0.9605967402458191,0.38876670598983765,0.2895514667034149,-0.5537813305854797,0.9602552652359009,0.4809577465057373,0.31421738862991333,-0.24815192818641663,0.9996438026428223,0.3009781539440155,0.3458196818828583,-0.2943149209022522,0.9991008043289185,0.6310148239135742,0.2978472113609314,-0.3220159411430359,0.4124760925769806,0.23543597757816315,0.4293816089630127,-0.42097967863082886,0.45286351442337036,0.6102334260940552,0.2731185257434845,-0.4978087544441223,0.3664770722389221,0.23386873304843903,0.4235486090183258,-0.5136392116546631,0.3733040690422058,0.5896968245506287,0.2726677358150482,-0.5453213453292847,0.354637086391449,0.21300742030143738,0.4240992069244385,-0.5614811182022095,0.35286128520965576,0.5640305280685425,0.26079031825065613,-0.5477771162986755,0.35935601592063904,0.21669436991214752,0.41879305243492126,-0.5938966870307922,0.35722172260284424,0.5669654607772827,0.26535624265670776,-0.5028324127197266,0.32984718680381775,0.23103578388690948,0.4189035892486572,-0.5335175395011902,0.3133963346481323,0.48286759853363037,0.4963720738887787,0.000994894769974053,0.9992424249649048,0.38188308477401733,0.5060908794403076,-0.001633146544918418,0.9992582201957703,0.5482119917869568,0.6383494734764099,-0.0030730743892490864,0.1280391663312912,0.45535197854042053,0.6234784126281738,-0.059439949691295624,0.11428745836019516,0.5766531825065613,0.7379620671272278,0.1400441974401474,0.1449866145849228,0.5187267065048218,0.7350355386734009,0.15334172546863556,0.1503383368253708,0.5750967860221863,0.7531072497367859,0.14479054510593414,0.17591048777103424,0.5384491086006165,0.7518845796585083,0.16722744703292847,0.14417171478271484,0.6004971861839294,0.7745653986930847,0.10713029652833939,0.15155065059661865,0.4924560487270355,0.7733016610145569,0.12311188131570816,0.12392884492874146
107,3.566666666666667,0.4278731048107147,0.2838352620601654,-0.3928813934326172,0.978711724281311,0.43879953026771545,0.2749970555305481,-0.3718768358230591,0.9702419638633728,0.44660136103630066,0.2742460370063782,-0.37251901626586914,0.9666889309883118,0.4501313865184784,0.27372369170188904,-0.37256479263305664,0.9726961851119995,0.4017927348613739,0.28002265095710754,-0.3761594891548157,0.9782275557518005,0.3897271752357483,0.2819669842720032,-0.3766670227050781,0.9790723919868469,0.3752039670944214,0.28403109312057495,-0.3768652677536011,0.982640266418457,0.4478716254234314,0.27778393030166626,-0.24499297142028809,0.9751328229904175,0.36537572741508484,0.28988710045814514,-0.2653872072696686,0.9727091789245605,0.44444406032562256,0.29300302267074585,-0.33687976002693176,0.9634463787078857,0.40713953971862793,0.29963362216949463,-0.34480661153793335,0.962975800037384,0.4996412396430969,0.32004356384277344,-0.20658563077449799,0.999664306640625,0.34292012453079224,0.35748109221458435,-0.14086376130580902,0.9990707635879517,0.6388921141624451,0.3256945312023163,-0.3534602224826813,0.4343413710594177,0.34265369176864624,0.42924103140830994,-0.16194525361061096,0.4131120443344116,0.5691176652908325,0.2991792559623718,-0.5534763336181641,0.3772093653678894,0.3436271846294403,0.4616888463497162,-0.23635663092136383,0.3424260914325714,0.5404024720191956,0.29793015122413635,-0.6119133234024048,0.3588252663612366,0.3376537263393402,0.4754243791103363,-0.26708391308784485,0.32542502880096436,0.5213380455970764,0.2887187600135803,-0.5966416597366333,0.3624807298183441,0.33942005038261414,0.4731873869895935,-0.30449479818344116,0.32957181334495544,0.5282232165336609,0.29211223125457764,-0.5505737662315369,0.33050400018692017,0.3495037257671356,0.46707916259765625,-0.2555840313434601,0.2897726893424988,0.5073378682136536,0.4983096122741699,-0.02115805074572563,0.9992916584014893,0.40887463092803955,0.5071848034858704,0.02055666409432888,0.9992883205413818,0.5545679926872253,0.639516294002533,0.022781183943152428,0.11687829345464706,0.4589598774909973,0.6270188093185425,-0.00916400644928217,0.10344596207141876,0.5847184062004089,0.7388273477554321,0.18122975528240204,0.1335696578025818,0.49858275055885315,0.7394088506698608,0.15850868821144104,0.13717710971832275,0.5873934626579285,0.7530720829963684,0.18605054914951324,0.1620790958404541,0.5155259370803833,0.7562413811683655,0.17120243608951569,0.1317194402217865,0.6012706160545349,0.7760885953903198,0.07840313017368317,0.14051499962806702,0.47131627798080444,0.7788246273994446,0.08799436688423157,0.11385108530521393
108,3.6,0.36568719148635864,0.29826241731643677,-0.32827287912368774,0.9807043671607971,0.3829156756401062,0.281918466091156,-0.3301372528076172,0.9729138612747192,0.3938658535480499,0.2798933684825897,-0.33068445324897766,0.9696947932243347,0.40462926030158997,0.27815887331962585,-0.3305604159832001,0.9751893877983093,0.35526320338249207,0.28677666187286377,-0.29196420311927795,0.9801703095436096,0.3498951196670532,0.2874962091445923,-0.29250770807266235,0.9809357523918152,0.3444654047489166,0.2880761921405792,-0.29264938831329346,0.9841828346252441,0.43840301036834717,0.2773151099681854,-0.2506178617477417,0.9774506092071533,0.3614790141582489,0.28836381435394287,-0.07678918540477753,0.9748438596725464,0.3942614793777466,0.30540353059768677,-0.2891571819782257,0.9666253328323364,0.36636102199554443,0.3112059235572815,-0.24213165044784546,0.9659522175788879,0.5144228339195251,0.3216135799884796,-0.2533188462257385,0.999687671661377,0.3599497973918915,0.35728153586387634,0.08723476529121399,0.9990916848182678,0.6622738838195801,0.3242986798286438,-0.6155745387077332,0.48754557967185974,0.33735761046409607,0.4401465058326721,0.04438920319080353,0.3741151690483093,0.5164011716842651,0.2996078133583069,-0.8869590163230896,0.4258559048175812,0.34091299772262573,0.4841163158416748,-0.15484823286533356,0.3152671754360199,0.473467081785202,0.2972331643104553,-0.9748245477676392,0.39788517355918884,0.33616903424263,0.4990667402744293,-0.19638125598430634,0.30278104543685913,0.45807507634162903,0.2890160381793976,-0.9269443154335022,0.3988874554634094,0.3379335105419159,0.49529141187667847,-0.22986221313476562,0.30660220980644226,0.4733717739582062,0.2932714819908142,-0.8719295263290405,0.3593193590641022,0.34833380579948425,0.4899936318397522,-0.1772901713848114,0.2702772915363312,0.5099884271621704,0.5097174644470215,-0.08562205731868744,0.999336302280426,0.4247756898403168,0.5151299238204956,0.08513165265321732,0.9993109703063965,0.573173463344574,0.6504191160202026,-0.07440551370382309,0.1188022568821907,0.468046098947525,0.636775016784668,-0.00702899694442749,0.09745927900075912,0.5948644280433655,0.7507246732711792,0.10470236837863922,0.13975954055786133,0.5005233287811279,0.7472838163375854,0.19758720695972443,0.13076679408550262,0.6249967217445374,0.7760922908782959,0.10913362354040146,0.1620764434337616,0.5329197645187378,0.77055823802948,0.21143364906311035,0.12781615555286407,0.5887836813926697,0.793451726436615,-0.07361491024494171,0.15108643472194672,0.4708593189716339,0.7912153005599976,0.09253241121768951,0.11381161212921143
109,3.6333333333333333,0.36595863103866577,0.29477813839912415,-0.37366005778312683,0.9825769662857056,0.38531821966171265,0.2789125144481659,-0.34976062178611755,0.9755023717880249,0.39654895663261414,0.27743059396743774,-0.35057002305984497,0.9726007580757141,0.4060799777507782,0.27629536390304565,-0.349934846162796,0.9775866270065308,0.35765960812568665,0.28239330649375916,-0.370844304561615,0.9820491075515747,0.351280152797699,0.2829096019268036,-0.37136682868003845,0.9827331304550171,0.3455459177494049,0.2833680808544159,-0.3715282082557678,0.9856613874435425,0.43815863132476807,0.2764170467853546,-0.30681392550468445,0.9796571731567383,0.3600561022758484,0.2852015197277069,-0.14435938000679016,0.9770634770393372,0.39200663566589355,0.30349063873291016,-0.33178842067718506,0.9698010087013245,0.36342480778694153,0.3079463243484497,-0.32396116852760315,0.969048798084259,0.5132184028625488,0.3289199471473694,-0.3449353575706482,0.9996966123580933,0.3518561124801636,0.35951974987983704,0.031042419373989105,0.9988800883293152,0.6632721424102783,0.3168831169605255,-0.7392845153808594,0.5366566777229309,0.3016074001789093,0.43332967162132263,-0.1259029358625412,0.34581708908081055,0.5078375935554504,0.28247731924057007,-1.068931221961975,0.48002925515174866,0.21242910623550415,0.4192458689212799,-0.4844055473804474,0.3164091408252716,0.47000935673713684,0.2934398055076599,-1.1802951097488403,0.4514152705669403,0.20617260038852692,0.42519116401672363,-0.5670804381370544,0.31328049302101135,0.44828322529792786,0.28599709272384644,-1.1394646167755127,0.45179983973503113,0.21064919233322144,0.417987197637558,-0.5983420014381409,0.3176763653755188,0.46233317255973816,0.29202693700790405,-1.0599530935287476,0.4116717278957367,0.22306200861930847,0.41926607489585876,-0.5156261920928955,0.28118279576301575,0.5151772499084473,0.5262418389320374,-0.09948647022247314,0.9993530511856079,0.42588451504707336,0.5351381301879883,0.09907444566488266,0.9992727637290955,0.5620327591896057,0.667075514793396,-0.04184583202004433,0.12571564316749573,0.4071451425552368,0.6450582146644592,0.08282961696386337,0.0948946475982666,0.5757039189338684,0.7667946219444275,0.35097894072532654,0.146877259016037,0.4657220244407654,0.7517335414886475,0.46049606800079346,0.12997868657112122,0.591321587562561,0.7811821699142456,0.37799614667892456,0.16029256582260132,0.5131937861442566,0.7737573385238647,0.49150559306144714,0.12930935621261597,0.5683891773223877,0.811519980430603,0.17203880846500397,0.1613377183675766,0.3965233564376831,0.7934542894363403,0.34439191222190857,0.11863699555397034
110,3.6666666666666665,0.37839096784591675,0.2610824406147003,-0.4542730450630188,0.982985258102417,0.38863781094551086,0.24757587909698486,-0.4565473794937134,0.9750339984893799,0.3982876241207123,0.24710604548454285,-0.4572005867958069,0.972057580947876,0.4073268473148346,0.24657300114631653,-0.45689624547958374,0.9774556756019592,0.3590127229690552,0.2484321892261505,-0.4065074920654297,0.9820110201835632,0.3594833314418793,0.24832439422607422,-0.4070588946342468,0.9826920628547668,0.35214167833328247,0.2487654983997345,-0.40732622146606445,0.9858942031860352,0.45489251613616943,0.2515687644481659,-0.39355987310409546,0.9799851179122925,0.376431405544281,0.25243908166885376,-0.2086307555437088,0.9768261313438416,0.39386698603630066,0.2777566909790039,-0.4235852062702179,0.9691670536994934,0.3669532835483551,0.28040459752082825,-0.351098895072937,0.9678147435188293,0.5282192230224609,0.31554824113845825,-0.4461967945098877,0.9994945526123047,0.37025028467178345,0.33664295077323914,-0.020876089110970497,0.9983788132667542,0.6382970809936523,0.3164125382900238,-0.8775545954704285,0.5285182595252991,0.33147141337394714,0.4068699777126312,-0.027118634432554245,0.31231236457824707,0.4530569314956665,0.2950289845466614,-1.2232717275619507,0.4511830508708954,0.24676662683486938,0.3965933918952942,-0.1984023004770279,0.2897210121154785,0.40688320994377136,0.29775702953338623,-1.334377408027649,0.4241928458213806,0.22843746840953827,0.39450275897979736,-0.2429032176733017,0.2905537188053131,0.3969517648220062,0.2878568768501282,-1.2900192737579346,0.42364272475242615,0.22154130041599274,0.3902667164802551,-0.28541532158851624,0.2948025166988373,0.4135033190250397,0.2929134666919708,-1.2131603956222534,0.38202965259552,0.23559971153736115,0.3918761610984802,-0.22655239701271057,0.2611987292766571,0.5291869640350342,0.5222024917602539,-0.11230508983135223,0.9992308616638184,0.4337802529335022,0.5181695818901062,0.11189069598913193,0.9991375803947449,0.5529274344444275,0.6472185850143433,0.05972124636173248,0.11448496580123901,0.40583500266075134,0.6329606771469116,0.1374654471874237,0.08637470752000809,0.5672134160995483,0.7518106698989868,0.5637569427490234,0.13505667448043823,0.43215009570121765,0.7378426790237427,0.5364296436309814,0.11934395134449005,0.5785421133041382,0.7690709829330444,0.6001595258712769,0.1487710177898407,0.46495386958122253,0.7593754529953003,0.5711915493011475,0.12034353613853455,0.5228471755981445,0.7868961095809937,0.4255351126194,0.14944317936897278,0.35969188809394836,0.7685137391090393,0.4262245297431946,0.11025088280439377
111,3.7,0.34488222002983093,0.26498910784721375,-0.590147078037262,0.9845874309539795,0.36241281032562256,0.2464796006679535,-0.6360607147216797,0.9774112701416016,0.372821182012558,0.2454078644514084,-0.6366816163063049,0.9747012257575989,0.3825198709964752,0.24477705359458923,-0.6365237832069397,0.9795994162559509,0.3447644114494324,0.2475862056016922,-0.55784010887146,0.9837356209754944,0.34440794587135315,0.2471286803483963,-0.5584920048713684,0.9843510389328003,0.34158894419670105,0.24685189127922058,-0.5589005351066589,0.9872634410858154,0.4408106803894043,0.24667084217071533,-0.6944217681884766,0.9819214344024658,0.3789970278739929,0.2532355487346649,-0.3354451656341553,0.9790669679641724,0.3727489411830902,0.2793504595756531,-0.5934433341026306,0.972127377986908,0.35556522011756897,0.2820262908935547,-0.49239403009414673,0.970879316329956,0.5340945720672607,0.31698325276374817,-0.727415919303894,0.9995200037956238,0.3900986611843109,0.3296574354171753,-0.088493712246418,0.998523473739624,0.5487381815910339,0.39355751872062683,-1.0373399257659912,0.4984097182750702,0.3650777041912079,0.41554775834083557,-0.02266879938542843,0.2845456898212433,0.3809584677219391,0.40735507011413574,-1.2498648166656494,0.4141661822795868,0.2513701617717743,0.39980775117874146,-0.22547516226768494,0.29957863688468933,0.336053729057312,0.41621333360671997,-1.3461171388626099,0.39391857385635376,0.22183100879192352,0.40596938133239746,-0.2754800617694855,0.31605350971221924,0.33486559987068176,0.39705878496170044,-1.3316454887390137,0.39335861802101135,0.20910413563251495,0.3977200984954834,-0.33112213015556335,0.3210563063621521,0.3539236783981323,0.3966830372810364,-1.2444401979446411,0.3509126901626587,0.22581632435321808,0.4002484381198883,-0.2597086429595947,0.2834183871746063,0.5361166000366211,0.5225120782852173,-0.17030717432498932,0.9992724657058716,0.45291993021965027,0.5221449136734009,0.1700081080198288,0.9992005825042725,0.5521478652954102,0.6469432711601257,-0.07605239748954773,0.11053533107042313,0.40890243649482727,0.6415756940841675,0.29789960384368896,0.07997506856918335,0.5661954879760742,0.7713902592658997,0.3833787739276886,0.13662871718406677,0.4398018717765808,0.7395538687705994,0.7617884874343872,0.11106646806001663,0.5848766565322876,0.7930117845535278,0.40916144847869873,0.15241509675979614,0.46567103266716003,0.762276291847229,0.8058148622512817,0.11738903820514679,0.47664332389831543,0.8088680505752563,0.2426026612520218,0.15532612800598145,0.372469425201416,0.7750662565231323,0.7163476943969727,0.10603421926498413
112,3.7333333333333334,0.33173292875289917,0.2655559480190277,-0.48397353291511536,0.9824677109718323,0.3478870987892151,0.24456563591957092,-0.5716989040374756,0.9748499989509583,0.3561519980430603,0.2433643639087677,-0.5724805593490601,0.9714351296424866,0.36384522914886475,0.24258732795715332,-0.5728150010108948,0.9780155420303345,0.3362449109554291,0.24567155539989471,-0.4646373391151428,0.9818519949913025,0.3370763063430786,0.24492046236991882,-0.46541014313697815,0.982376217842102,0.3370828926563263,0.24417522549629211,-0.46587562561035156,0.9866200089454651,0.41265740990638733,0.244501993060112,-0.5904178619384766,0.9801002144813538,0.3774174153804779,0.24445636570453644,-0.3029024600982666,0.9770490527153015,0.3569742441177368,0.2799583077430725,-0.5105660557746887,0.9684382081031799,0.3450752794742584,0.28116220235824585,-0.4072057902812958,0.9658280611038208,0.5092102289199829,0.31580406427383423,-0.6277235746383667,0.9994427561759949,0.3997303545475006,0.3221697211265564,-0.06467131525278091,0.9984898567199707,0.5129074454307556,0.36698052287101746,-0.8621543049812317,0.467422753572464,0.39666253328323364,0.38751915097236633,0.22718234360218048,0.25637394189834595,0.3423486649990082,0.3906453251838684,-0.9958672523498535,0.3784899413585663,0.3299592435359955,0.4002853333950043,0.36436915397644043,0.2711848020553589,0.29799970984458923,0.4022965431213379,-1.0674484968185425,0.3615195155143738,0.31547799706459045,0.4068237841129303,0.37457749247550964,0.2872471213340759,0.28991273045539856,0.38621753454208374,-1.0473819971084595,0.36105504631996155,0.2989169955253601,0.40301305055618286,0.3177887797355652,0.29197147488594055,0.3094261884689331,0.3842751085758209,-0.9857775568962097,0.32032790780067444,0.30633363127708435,0.4024754464626312,0.3409709334373474,0.25806695222854614,0.522915244102478,0.5213215351104736,-0.15708282589912415,0.9992360472679138,0.44406718015670776,0.5174498558044434,0.15679983794689178,0.9991666674613953,0.5398036241531372,0.6442416310310364,-0.03636801242828369,0.0996231958270073,0.41867610812187195,0.6303662061691284,0.1574186533689499,0.07205314934253693,0.5419071912765503,0.7702058553695679,0.21237729489803314,0.1239238828420639,0.4428868889808655,0.7364817261695862,0.5244468450546265,0.10014902800321579,0.5784218907356262,0.7906646728515625,0.22038087248802185,0.13879212737083435,0.46709197759628296,0.756460428237915,0.5588311553001404,0.10637217015028,0.43344026803970337,0.809928297996521,0.022196028381586075,0.14159387350082397,0.3910309970378876,0.7693318128585815,0.42066895961761475,0.09598373621702194
113,3.7666666666666666,0.33250921964645386,0.2563375234603882,-0.21166032552719116,0.9838063716888428,0.3586793541908264,0.23836573958396912,-0.24548369646072388,0.9769081473350525,0.3659397065639496,0.23823578655719757,-0.24601665139198303,0.9737023711204529,0.38086998462677,0.2380836308002472,-0.24598564207553864,0.9798234701156616,0.3572993278503418,0.23807887732982635,-0.17756038904190063,0.9833816885948181,0.3603881895542145,0.23722577095031738,-0.17838908731937408,0.9837936758995056,0.3618793785572052,0.23637740314006805,-0.1788334995508194,0.9877761602401733,0.43493494391441345,0.24220943450927734,-0.3051336407661438,0.9816146492958069,0.39419081807136536,0.23887713253498077,0.0019420506432652473,0.9790142178535461,0.36397895216941833,0.2713387906551361,-0.22119522094726562,0.9701396822929382,0.35506904125213623,0.2710438072681427,-0.13721106946468353,0.9683103561401367,0.49286380410194397,0.31386107206344604,-0.44176432490348816,0.9992251396179199,0.4225260317325592,0.31765156984329224,0.19305405020713806,0.9985226988792419,0.322336882352829,0.29769662022590637,-0.43161073327064514,0.4336825907230377,0.38645973801612854,0.3325255215167999,0.4919218420982361,0.2328280210494995,0.3411273956298828,0.28273242712020874,-0.2126302719116211,0.34422382712364197,0.3512892723083496,0.33626511693000793,0.6648591160774231,0.2467012107372284,0.34805476665496826,0.2768878936767578,-0.23788882791996002,0.3303644061088562,0.3546305000782013,0.3405751585960388,0.6862678527832031,0.26201075315475464,0.3597979247570038,0.28013089299201965,-0.25698912143707275,0.3302655816078186,0.3648960590362549,0.3407357335090637,0.6404308676719666,0.2664816081523895,0.36117100715637207,0.2837262451648712,-0.21585595607757568,0.292633056640625,0.3631919026374817,0.33986929059028625,0.6448286771774292,0.23607148230075836,0.5219630599021912,0.5205327272415161,-0.1717798411846161,0.9992743730545044,0.446466326713562,0.5158101320266724,0.17139402031898499,0.9992238283157349,0.5160964727401733,0.6443988084793091,-0.15411202609539032,0.09079362452030182,0.4201284646987915,0.63483726978302,0.19075840711593628,0.06530902534723282,0.5154072046279907,0.7762645483016968,0.035863928496837616,0.11476540565490723,0.44705814123153687,0.7548574805259705,0.42649778723716736,0.09116671979427338,0.570146918296814,0.8006812334060669,0.04609702527523041,0.12824100255966187,0.47904694080352783,0.7754842042922974,0.4299373924732208,0.09828817844390869,0.439625084400177,0.8192623257637024,-0.09882048517465591,0.13116426765918732,0.40050357580184937,0.7866735458374023,0.3795219361782074,0.08827817440032959
114,3.8,0.3481140434741974,0.2600671648979187,-0.3073430061340332,0.9854167699813843,0.3756216764450073,0.2425302267074585,-0.31616899371147156,0.9792079329490662,0.39171046018600464,0.24196496605873108,-0.31673046946525574,0.9763206839561462,0.41089940071105957,0.24025726318359375,-0.31658095121383667,0.9818328619003296,0.3606802523136139,0.24250230193138123,-0.2590083181858063,0.9850354790687561,0.35978007316589355,0.24190907180309296,-0.25977298617362976,0.9854034781455994,0.35573244094848633,0.24136650562286377,-0.26016658544540405,0.9889902472496033,0.452443391084671,0.2517334818840027,-0.28056690096855164,0.9834407567977905,0.3803330361843109,0.24445995688438416,-0.016334863379597664,0.9810843467712402,0.37355515360832214,0.273292601108551,-0.2827877998352051,0.9730003476142883,0.35702812671661377,0.2738703489303589,-0.21292385458946228,0.9713395833969116,0.4847465455532074,0.3210863769054413,-0.34749284386634827,0.9992558360099792,0.41536951065063477,0.3170662522315979,0.23189455270767212,0.9986001253128052,0.3865923285484314,0.3188604414463043,-0.3275272846221924,0.41677892208099365,0.3723452687263489,0.3371228575706482,0.5406946539878845,0.2104533463716507,0.29912886023521423,0.2952956557273865,-0.07798999547958374,0.3251492381095886,0.35117417573928833,0.3170125186443329,0.7288643717765808,0.22495202720165253,0.27212315797805786,0.29371756315231323,-0.08539432287216187,0.3157159090042114,0.3522886633872986,0.31422367691993713,0.7586434483528137,0.24092622101306915,0.2773003876209259,0.29020118713378906,-0.07723130285739899,0.31586119532585144,0.35577061772346497,0.3078288435935974,0.7300161719322205,0.24498698115348816,0.2922635078430176,0.29331231117248535,-0.06362538784742355,0.2769864499568939,0.3561595380306244,0.3100404739379883,0.7170615196228027,0.21756649017333984,0.5167890191078186,0.5164685845375061,-0.16112136840820312,0.9993098974227905,0.44233080744743347,0.5136670470237732,0.16079163551330566,0.9992627501487732,0.5083224177360535,0.6405988931655884,-0.11033816635608673,0.0832122415304184,0.4132576286792755,0.632474958896637,0.15863031148910522,0.05996650457382202,0.5188080072402954,0.7677927017211914,0.1433219611644745,0.10648617148399353,0.4170457720756531,0.7499758005142212,0.42406174540519714,0.08425835520029068,0.568480372428894,0.7888877987861633,0.15610741078853607,0.11998654901981354,0.4420473277568817,0.7723501920700073,0.4226316809654236,0.09298264980316162,0.4474942982196808,0.8027598261833191,-0.0923304483294487,0.12293831259012222,0.34273767471313477,0.7820312976837158,0.3376956284046173,0.08311805874109268
115,3.8333333333333335,0.33765628933906555,0.2649585008621216,-0.09336110204458237,0.9868227243423462,0.3575604259967804,0.2511140704154968,-0.15228791534900665,0.9812270998954773,0.3652482330799103,0.25153449177742004,-0.1526222974061966,0.9786039590835571,0.36993908882141113,0.24456122517585754,-0.15238618850708008,0.9835904836654663,0.35227081179618835,0.24771471321582794,-0.07590382546186447,0.9864940047264099,0.3538723289966583,0.2462116777896881,-0.0766436755657196,0.986818790435791,0.3531759977340698,0.24471065402030945,-0.07686132192611694,0.9900655150413513,0.41884645819664,0.2547987997531891,-0.29945847392082214,0.9850200414657593,0.3978866934776306,0.25029700994491577,0.040641751140356064,0.9829132556915283,0.36097854375839233,0.2798954248428345,-0.1313539445400238,0.9754002094268799,0.35280632972717285,0.27896058559417725,-0.035195328295230865,0.9738887548446655,0.4298740327358246,0.32224220037460327,-0.408030241727829,0.9992812871932983,0.4837116599082947,0.31913334131240845,0.26439106464385986,0.9987019896507263,0.3636566698551178,0.3615516722202301,-0.5845047235488892,0.4039282202720642,0.47752001881599426,0.3495204746723175,0.6678476333618164,0.18952254951000214,0.23750288784503937,0.3136312961578369,-0.3448529839515686,0.3088322877883911,0.3826568126678467,0.3285844922065735,0.9369485378265381,0.20528551936149597,0.20103012025356293,0.3097802996635437,-0.421202689409256,0.302633136510849,0.36753132939338684,0.3316982090473175,0.9922559857368469,0.2223149836063385,0.2009970098733902,0.2960143983364105,-0.46500539779663086,0.30292123556137085,0.3532359302043915,0.3493730425834656,0.930760383605957,0.2261647880077362,0.21731853485107422,0.3027763068675995,-0.3979484438896179,0.2620295584201813,0.3577517569065094,0.3375336229801178,0.9150240421295166,0.20114366710186005,0.4788680672645569,0.5273982286453247,-0.1988588273525238,0.9992998838424683,0.5076167583465576,0.5161786675453186,0.19845303893089294,0.9992753267288208,0.43244755268096924,0.6455621719360352,-0.06150776520371437,0.07507280260324478,0.4772312641143799,0.6331716775894165,0.3102812170982361,0.05401989072561264,0.43595772981643677,0.7738448977470398,-0.018501337617635727,0.0972069799900055,0.4612005949020386,0.7531006932258606,0.435316801071167,0.07596190273761749,0.47276705503463745,0.7978484630584717,-0.028370074927806854,0.11294936388731003,0.47171398997306824,0.7767202854156494,0.4424976706504822,0.0845356285572052,0.3336455821990967,0.796502947807312,-0.16824164986610413,0.11302260309457779,0.3866581916809082,0.7786878347396851,0.3884678781032562,0.07515925168991089
116,3.8666666666666667,0.34258416295051575,0.28147605061531067,-0.1938829869031906,0.9878267049789429,0.3586615324020386,0.2673235535621643,-0.2387770116329193,0.9826868772506714,0.3656262159347534,0.26743361353874207,-0.23925170302391052,0.9802002310752869,0.37254536151885986,0.2654404044151306,-0.23913399875164032,0.9848353862762451,0.3516652286052704,0.26556581258773804,-0.16597001254558563,0.987602949142456,0.35241571068763733,0.2647830545902252,-0.1666785627603531,0.9878697991371155,0.3518562614917755,0.26365500688552856,-0.16706974804401398,0.9909096360206604,0.4182297885417938,0.2686634659767151,-0.3210618793964386,0.9859427213668823,0.3966284394264221,0.2673886716365814,-0.002000749111175537,0.984128475189209,0.36433789134025574,0.2964312434196472,-0.21118804812431335,0.9762377738952637,0.35457655787467957,0.29556936025619507,-0.11997311562299728,0.974905788898468,0.44059234857559204,0.3394441306591034,-0.4655122458934784,0.9992804527282715,0.469547301530838,0.332318514585495,0.22552284598350525,0.9987781047821045,0.3537265360355377,0.37767019867897034,-0.6301371455192566,0.42337876558303833,0.45687898993492126,0.4197915494441986,0.45694389939308167,0.17080357670783997,0.20525303483009338,0.3359931707382202,-0.3755413889884949,0.3289392292499542,0.3681883215904236,0.46920791268348694,0.4537489116191864,0.18749354779720306,0.15910154581069946,0.3249741494655609,-0.47877731919288635,0.32255902886390686,0.3526930809020996,0.4858817160129547,0.4599330425262451,0.20518097281455994,0.16564542055130005,0.31233102083206177,-0.5092166662216187,0.3237779140472412,0.3442566990852356,0.4890260696411133,0.3961220979690552,0.20882102847099304,0.18053314089775085,0.319725900888443,-0.4505031108856201,0.27301856875419617,0.34912288188934326,0.47744736075401306,0.4236573576927185,0.18623122572898865,0.4986152946949005,0.5449560284614563,-0.20004615187644958,0.9993100166320801,0.48812487721443176,0.5409010648727417,0.19981443881988525,0.9993019104003906,0.46241849660873413,0.676857590675354,0.15646162629127502,0.06777817755937576,0.4765119254589081,0.6492773294448853,0.41364482045173645,0.04871724545955658,0.4763566255569458,0.794204592704773,0.38298407196998596,0.08818989992141724,0.46968552470207214,0.7770522832870483,0.67093825340271,0.06855824589729309,0.5294144153594971,0.8182655572891235,0.3933849632740021,0.10355156660079956,0.4925389289855957,0.8028815388679504,0.6928927302360535,0.07715675979852676,0.39970695972442627,0.8128876686096191,0.25489795207977295,0.1027841567993164,0.3921889066696167,0.7980157732963562,0.6185123324394226,0.06807036697864532
117,3.9,0.3460085690021515,0.2905924618244171,-0.3605920672416687,0.9889183640480042,0.360565721988678,0.27526718378067017,-0.40790116786956787,0.9843173027038574,0.3674153983592987,0.2750377655029297,-0.40848761796951294,0.9820571541786194,0.37509885430336,0.2741689383983612,-0.4084460735321045,0.9862620830535889,0.3525638282299042,0.2744580805301666,-0.32520705461502075,0.9887645840644836,0.3529815077781677,0.27388378977775574,-0.3259493410587311,0.9889799952507019,0.35232219099998474,0.27297651767730713,-0.32647261023521423,0.9917547702789307,0.4171353578567505,0.27678820490837097,-0.4797605276107788,0.9872317314147949,0.3932799994945526,0.2774137854576111,-0.10582875460386276,0.9855213165283203,0.368053138256073,0.30458682775497437,-0.370733380317688,0.9779501557350159,0.3565690219402313,0.3060206472873688,-0.26591208577156067,0.9766385555267334,0.4473120868206024,0.3556998372077942,-0.5735765099525452,0.9993012547492981,0.4630733132362366,0.34212809801101685,0.16397427022457123,0.9988480806350708,0.30440253019332886,0.3911559581756592,-0.6551418900489807,0.43556180596351624,0.47973230481147766,0.444206565618515,0.5673605799674988,0.15380804240703583,0.1650932878255844,0.35038554668426514,-0.4607066810131073,0.3369891941547394,0.4249699115753174,0.4917822778224945,0.7625300884246826,0.16920846700668335,0.12523819506168365,0.3371950089931488,-0.5095558762550354,0.3292413055896759,0.41686099767684937,0.5063303709030151,0.8011060953140259,0.1856137365102768,0.13655249774456024,0.3248853087425232,-0.4909786283969879,0.33034393191337585,0.39947792887687683,0.5047147870063782,0.734525740146637,0.1888982057571411,0.14889958500862122,0.3329438269138336,-0.45309847593307495,0.27000778913497925,0.4045428931713104,0.4995606541633606,0.7372548580169678,0.16857878863811493,0.5095285773277283,0.553155779838562,-0.20945227146148682,0.9993495345115662,0.4763098955154419,0.5503753423690796,0.20939239859580994,0.9993453621864319,0.4908127784729004,0.6873528957366943,0.12889845669269562,0.06132904812693596,0.4604935646057129,0.6583787202835083,0.46143051981925964,0.04404284060001373,0.5636453628540039,0.7882894277572632,0.49954953789711,0.07990869879722595,0.4768972098827362,0.7753483057022095,0.8274184465408325,0.06198742985725403,0.6027357578277588,0.8103330731391907,0.5292264223098755,0.0944228321313858,0.5045022368431091,0.7980197668075562,0.8627448081970215,0.070729561150074,0.49366793036460876,0.8162497282028198,0.42131203413009644,0.09328566491603851,0.399241179227829,0.802380383014679,0.8037889003753662,0.06178103759884834
118,3.933333333333333,0.34903404116630554,0.30404818058013916,-0.023864656686782837,0.9898974299430847,0.3605641722679138,0.2901938557624817,-0.08693167567253113,0.9857515096664429,0.3667249381542206,0.28964459896087646,-0.08732568472623825,0.9836888909339905,0.3717721700668335,0.2891271710395813,-0.08719320595264435,0.9875239729881287,0.3541279435157776,0.288585901260376,-0.014983444474637508,0.9897804856300354,0.3541784882545471,0.2871388792991638,-0.015676898881793022,0.9899588227272034,0.35604357719421387,0.28552109003067017,-0.01592843607068062,0.9925039410591125,0.4084797203540802,0.2888084948062897,-0.2630493938922882,0.9884100556373596,0.3930130898952484,0.2877282500267029,0.0675162822008133,0.9868177175521851,0.37001892924308777,0.3168204426765442,-0.06736844033002853,0.9797359704971313,0.36059078574180603,0.3171059489250183,0.022873809561133385,0.9784303903579712,0.44790971279144287,0.3620140552520752,-0.4185084402561188,0.9993517994880676,0.4955046474933624,0.3554219603538513,0.2794182300567627,0.9989242553710938,0.2863008975982666,0.4043866693973541,-0.49651676416397095,0.4718208611011505,0.4769124388694763,0.4432729184627533,0.6433374285697937,0.13854072988033295,0.147385373711586,0.3634411692619324,-0.3112123906612396,0.37727805972099304,0.41148537397384644,0.4670032858848572,0.8621703386306763,0.1537315547466278,0.11271341890096664,0.3519694209098816,-0.3454449772834778,0.36750805377960205,0.4023505449295044,0.4752723276615143,0.9096531271934509,0.1701298952102661,0.12254689633846283,0.34030681848526,-0.3091925084590912,0.3682219684123993,0.3893253207206726,0.4720996916294098,0.855419933795929,0.17316484451293945,0.13428939878940582,0.3466825783252716,-0.2881530523300171,0.29852035641670227,0.3919762969017029,0.47002118825912476,0.8423462510108948,0.1548364907503128,0.5014050602912903,0.5536789894104004,-0.19054321944713593,0.9993672966957092,0.49898862838745117,0.5538102388381958,0.19038976728916168,0.9993624091148376,0.47922489047050476,0.6798626780509949,0.08381018787622452,0.05548360198736191,0.4639013409614563,0.658571183681488,0.34608569741249084,0.03976668417453766,0.5244502425193787,0.789232611656189,0.44412609934806824,0.0725959837436676,0.4840589761734009,0.7780988812446594,0.7166435122489929,0.05599091947078705,0.556936502456665,0.8098288774490356,0.45496511459350586,0.08738978952169418,0.5047310590744019,0.8003667593002319,0.6972480416297913,0.06483406573534012,0.4576530158519745,0.8164470791816711,0.24463556706905365,0.08495567739009857,0.425345242023468,0.8035590052604675,0.5707348585128784,0.0560586042702198
119,3.966666666666667,0.3576928973197937,0.3090786933898926,-0.16407719254493713,0.9909066557884216,0.3653639853000641,0.293438196182251,-0.2035217136144638,0.9871750473976135,0.36971813440322876,0.2929835021495819,-0.2038753777742386,0.9853180050849915,0.3761070668697357,0.2924032211303711,-0.20370052754878998,0.9887701272964478,0.36028528213500977,0.2926234006881714,-0.14308488368988037,0.9908015727996826,0.35999777913093567,0.29170188307762146,-0.14375771582126617,0.9909616708755493,0.3603123128414154,0.2906135618686676,-0.14396986365318298,0.993252694606781,0.413411021232605,0.29157593846321106,-0.2715316414833069,0.9895663261413574,0.39211738109588623,0.2924033999443054,0.0022043657954782248,0.9881321787834167,0.3796388804912567,0.3225504755973816,-0.17034906148910522,0.9817374348640442,0.3714951276779175,0.3224906325340271,-0.09565407782793045,0.9805589914321899,0.43452441692352295,0.3685591518878937,-0.3772296905517578,0.9993925094604492,0.5107675194740295,0.3558967709541321,0.25610148906707764,0.998979389667511,0.26042047142982483,0.4067140221595764,-0.43004927039146423,0.4837135672569275,0.4536482095718384,0.4309674799442291,0.4799869954586029,0.12482312321662903,0.12964269518852234,0.36746692657470703,-0.2400122582912445,0.389922171831131,0.28394633531570435,0.4195623993873596,0.5872632265090942,0.14081043004989624,0.09547162801027298,0.35369041562080383,-0.2654050290584564,0.38095423579216003,0.18419045209884644,0.38004833459854126,0.6473845839500427,0.15867045521736145,0.10601841658353806,0.3432096838951111,-0.24405011534690857,0.38332876563072205,0.223816379904747,0.4075978398323059,0.561678946018219,0.16166247427463531,0.11868996918201447,0.3504332900047302,-0.2236112356185913,0.3105500638484955,0.23737627267837524,0.4129776060581207,0.5426000356674194,0.14496120810508728,0.49289700388908386,0.5548418760299683,-0.1848832070827484,0.9991860389709473,0.5247658491134644,0.5507013201713562,0.18459883332252502,0.9992355108261108,0.44713863730430603,0.6787335872650146,0.03477519005537033,0.050268884748220444,0.4836640954017639,0.6615278720855713,0.3463664650917053,0.035855114459991455,0.4739799499511719,0.798193097114563,0.1478954702615738,0.06603950262069702,0.4961075186729431,0.7859051823616028,0.5597363114356995,0.05053646117448807,0.5099545121192932,0.8223522901535034,0.15202106535434723,0.08224037289619446,0.5129491090774536,0.8121280670166016,0.5491719841957092,0.059288498014211655,0.3836388885974884,0.8155398368835449,0.09320663660764694,0.07764510810375214,0.43496817350387573,0.8016511797904968,0.5151994824409485,0.05079437792301178
120,4.0,0.3538810908794403,0.30807802081108093,0.14834515750408173,0.9918085932731628,0.3598436713218689,0.29410427808761597,0.07822859287261963,0.9884501695632935,0.3622106909751892,0.293788343667984,0.07794870436191559,0.9867756366729736,0.3648676872253418,0.29345324635505676,0.0780913382768631,0.9898867011070251,0.35981208086013794,0.29291391372680664,0.13489419221878052,0.9917158484458923,0.3600479066371918,0.29176729917526245,0.13425198197364807,0.9918586611747742,0.3623563051223755,0.29020798206329346,0.1341957449913025,0.993923544883728,0.3932884633541107,0.2937184274196625,-0.1404479295015335,0.9906032085418701,0.4069240093231201,0.29251721501350403,0.11552861332893372,0.9893100261688232,0.3760373294353485,0.3224455714225769,0.08853240311145782,0.9835342764854431,0.37158170342445374,0.3214639723300934,0.15867458283901215,0.9824700951576233,0.41659703850746155,0.36689549684524536,-0.26984915137290955,0.9994485378265381,0.5180245637893677,0.352764755487442,0.25090470910072327,0.9990684390068054,0.24493494629859924,0.40327778458595276,-0.29945874214172363,0.5169342756271362,0.4587083160877228,0.4260832369327545,0.469472199678421,0.11243975907564163,0.1243913546204567,0.36589109897613525,-0.0918591320514679,0.4247451424598694,0.3070773780345917,0.42044082283973694,0.605461597442627,0.12761658430099487,0.09472719579935074,0.35516470670700073,-0.10544934868812561,0.4127541780471802,0.2289160192012787,0.3946085572242737,0.6445958614349365,0.14463591575622559,0.10690117627382278,0.34685295820236206,-0.08385466039180756,0.41509589552879333,0.2731444537639618,0.4146096110343933,0.6004917025566101,0.1473763883113861,0.11768607795238495,0.3518066108226776,-0.07495442777872086,0.3378172814846039,0.28444862365722656,0.41704481840133667,0.58617103099823,0.13234199583530426,0.4730573296546936,0.5513509511947632,-0.154635488986969,0.9992334842681885,0.5521711111068726,0.5472453236579895,0.15423157811164856,0.9992812275886536,0.4141780138015747,0.6672672033309937,0.09137534350156784,0.04575065150856972,0.539314329624176,0.6589643955230713,0.3503829836845398,0.03235352039337158,0.4204109311103821,0.7949785590171814,0.17702412605285645,0.060407452285289764,0.561420202255249,0.7817510366439819,0.3776375651359558,0.04567835479974747,0.4504322409629822,0.8181616067886353,0.18157663941383362,0.07931943237781525,0.5665057897567749,0.8064984083175659,0.3745456635951996,0.05442780256271362,0.33934736251831055,0.8123900294303894,0.12031005322933197,0.07125958055257797,0.5338913798332214,0.7949906587600708,0.348808616399765,0.04612261801958084
121,4.033333333333333,0.34968942403793335,0.303433895111084,0.2240665704011917,0.9926139712333679,0.35132211446762085,0.29052841663360596,0.15496812760829926,0.9895885586738586,0.35282087326049805,0.29045969247817993,0.15469321608543396,0.9880759119987488,0.3539527952671051,0.290401428937912,0.15483759343624115,0.9908861517906189,0.35588112473487854,0.2887960970401764,0.20767784118652344,0.9925282001495361,0.35812127590179443,0.2876260280609131,0.20701253414154053,0.9926522970199585,0.363004207611084,0.2869969606399536,0.20698250830173492,0.9945196509361267,0.37667664885520935,0.2890658378601074,-0.06860151886940002,0.991530179977417,0.40879592299461365,0.2888360023498535,0.1702146679162979,0.9903498291969299,0.3670136034488678,0.31763431429862976,0.16239121556282043,0.9851256012916565,0.3708948791027069,0.31820303201675415,0.2273842692375183,0.9841433763504028,0.397062212228775,0.3621061146259308,-0.18255525827407837,0.999499499797821,0.5206238627433777,0.34592682123184204,0.27083897590637207,0.999144971370697,0.24215346574783325,0.3981398940086365,-0.23099462687969208,0.5443295836448669,0.4701020419597626,0.40152573585510254,0.5376331210136414,0.10128940641880035,0.13607487082481384,0.36285847425460815,-0.07456822693347931,0.4506461024284363,0.40179964900016785,0.3782188594341278,0.7864927649497986,0.11526014655828476,0.10107047855854034,0.3542305529117584,-0.0944380834698677,0.4367354214191437,0.3951542377471924,0.369053453207016,0.8318109512329102,0.13104335963726044,0.11348134279251099,0.34540578722953796,-0.06705301254987717,0.43818119168281555,0.38943231105804443,0.3664911091327667,0.8071686625480652,0.13352297246456146,0.12613847851753235,0.34964001178741455,-0.05609360337257385,0.35328608751296997,0.38244396448135376,0.370168536901474,0.7790849208831787,0.11991622298955917,0.4655801057815552,0.5489615201950073,-0.11858091503381729,0.9992763996124268,0.5595113039016724,0.5395081043243408,0.11806967109441757,0.9993181228637695,0.4092792868614197,0.6621255278587341,0.08949948102235794,0.04129069671034813,0.5827522277832031,0.6524368524551392,0.23892471194267273,0.02917422167956829,0.431581974029541,0.7936081886291504,0.13682308793067932,0.054548367857933044,0.5669788718223572,0.7824517488479614,0.16946016252040863,0.04119464382529259,0.46009477972984314,0.8159998655319214,0.13775819540023804,0.07291202992200851,0.5632277727127075,0.808085560798645,0.16257789731025696,0.04948557913303375,0.37223103642463684,0.8118029832839966,0.11945174634456635,0.0644708201289177,0.5453398823738098,0.7949069738388062,0.14425961673259735,0.04171239584684372
122,4.066666666666666,0.3481142818927765,0.3023504316806793,0.4452313780784607,0.9933329224586487,0.3466377258300781,0.287554532289505,0.3731779456138611,0.9906031489372253,0.34716203808784485,0.2872557044029236,0.3729255199432373,0.9892351031303406,0.3471895754337311,0.28699755668640137,0.37304824590682983,0.9917779564857483,0.35385429859161377,0.2872048020362854,0.41790759563446045,0.9932537078857422,0.35729947686195374,0.28634530305862427,0.4172855019569397,0.9933620095252991,0.36282938718795776,0.28678032755851746,0.4172764718532562,0.9950534105300903,0.3703993856906891,0.28754332661628723,0.10834477841854095,0.9923614263534546,0.40821439027786255,0.2852634787559509,0.3117026090621948,0.9912914037704468,0.36566752195358276,0.31418028473854065,0.3677234947681427,0.9865645170211792,0.3708498775959015,0.3112857937812805,0.42256224155426025,0.985662043094635,0.3844323754310608,0.35886794328689575,-0.03389656916260719,0.9995465874671936,0.5267494916915894,0.3385516107082367,0.33503326773643494,0.9992225766181946,0.24030239880084991,0.39322951436042786,-0.10744838416576385,0.5586618185043335,0.5087493658065796,0.3923030495643616,0.6352583169937134,0.09135273098945618,0.1522493213415146,0.3595399260520935,0.046729136258363724,0.460721880197525,0.44952812790870667,0.357652872800827,1.0052746534347534,0.10590942203998566,0.11457455158233643,0.3522656559944153,0.044058725237846375,0.4462135136127472,0.44888606667518616,0.3466968834400177,1.068141222000122,0.12192919105291367,0.12434239685535431,0.3432793915271759,0.07343491166830063,0.44632312655448914,0.4324090778827667,0.3408055603504181,1.0563528537750244,0.12408605217933655,0.13841840624809265,0.347244530916214,0.06673124432563782,0.355437695980072,0.42424342036247253,0.346244215965271,1.0065956115722656,0.11107159405946732,0.46524903178215027,0.5469492077827454,-0.09285126626491547,0.9992746114730835,0.573615550994873,0.5388645529747009,0.09229212999343872,0.9993164539337158,0.3770107626914978,0.6624353528022766,0.04536661133170128,0.037410441786050797,0.5893956422805786,0.6513007283210754,0.1596478670835495,0.0263258945196867,0.41522449254989624,0.8032739758491516,-0.06439176946878433,0.04931527376174927,0.5439257025718689,0.7915346026420593,0.03642841801047325,0.03712673857808113,0.4515917897224426,0.8290689587593079,-0.07566605508327484,0.06778033822774887,0.5471572279930115,0.8210265040397644,0.02461392804980278,0.0449221171438694,0.3461609184741974,0.8167303800582886,-0.08521108329296112,0.058348171412944794,0.5208689570426941,0.7994945049285889,0.017911938950419426,0.037637948989868164
123,4.1,0.34584730863571167,0.2934243381023407,0.3293857276439667,0.9939422607421875,0.3398924171924591,0.2822467088699341,0.25514066219329834,0.9914621114730835,0.33898502588272095,0.2831963896751404,0.25488150119781494,0.990208625793457,0.33758312463760376,0.28434374928474426,0.2550130784511566,0.992534875869751,0.35019853711128235,0.2786954641342163,0.29845911264419556,0.9938727617263794,0.35477325320243835,0.2772390842437744,0.29779648780822754,0.9939655661582947,0.36073556542396545,0.27599990367889404,0.2977372407913208,0.9955145716667175,0.35574424266815186,0.2855760455131531,0.00672466354444623,0.9930728673934937,0.3956667184829712,0.2736280858516693,0.20507773756980896,0.992107629776001,0.36137470602989197,0.3048801124095917,0.25967323780059814,0.9877865314483643,0.36939743161201477,0.3007674217224121,0.3126976788043976,0.9869653582572937,0.3805994689464569,0.3514590263366699,-0.12027270346879959,0.999587893486023,0.523144006729126,0.3256944417953491,0.2705475091934204,0.9992924332618713,0.23689469695091248,0.3923916518688202,-0.17478430271148682,0.5846371054649353,0.5092907547950745,0.39605066180229187,0.5524073839187622,0.08250883221626282,0.1506420224905014,0.3572322726249695,-0.02388911321759224,0.47333019971847534,0.45196542143821716,0.37587088346481323,0.8462793231010437,0.09747562557458878,0.1149684265255928,0.350283145904541,-0.0335410013794899,0.45673081278800964,0.44917169213294983,0.38135093450546265,0.8982771039009094,0.11335555464029312,0.12960578501224518,0.34140804409980774,-0.009724915027618408,0.45604613423347473,0.43325385451316833,0.37487953901290894,0.8685441017150879,0.11528278142213821,0.14210954308509827,0.3458089232444763,-0.006405987776815891,0.3602263629436493,0.42734062671661377,0.37601178884506226,0.8397805690765381,0.10307702422142029,0.45961180329322815,0.536506712436676,-0.09249266237020493,0.9992966055870056,0.5687828660011292,0.5294430255889893,0.09196451306343079,0.9993402361869812,0.4038829803466797,0.6604150533676147,0.1222948208451271,0.03437497839331627,0.5938981771469116,0.6391836404800415,0.1856875717639923,0.02388802170753479,0.4118220806121826,0.8013873100280762,0.08003164827823639,0.04531426727771759,0.5630002617835999,0.7811084985733032,0.2289649397134781,0.033619172871112823,0.4432225525379181,0.8246728181838989,0.08135758340358734,0.06606945395469666,0.5584583282470703,0.8147053718566895,0.229605033993721,0.04169036075472832,0.32666951417922974,0.8103564977645874,-0.02913602441549301,0.05335557460784912,0.5512586236000061,0.7826710343360901,0.21007035672664642,0.03412646800279617
124,4.133333333333334,0.346709281206131,0.27647528052330017,0.2845458686351776,0.9945105314254761,0.34374821186065674,0.2646292746067047,0.2175685316324234,0.992264986038208,0.34400299191474915,0.2653302550315857,0.2173181176185608,0.9911214709281921,0.34367701411247253,0.2660475969314575,0.21744385361671448,0.9932389259338379,0.35028475522994995,0.2616618275642395,0.25733068585395813,0.9944517016410828,0.35533440113067627,0.260757178068161,0.25666937232017517,0.9945325255393982,0.36086732149124146,0.2596546411514282,0.25659915804862976,0.9959424734115601,0.3611084520816803,0.263457715511322,-0.001402120920829475,0.9937335848808289,0.39486390352249146,0.2601701617240906,0.17913441359996796,0.9928627014160156,0.36176568269729614,0.2883610427379608,0.2253783941268921,0.9889256954193115,0.36951905488967896,0.2849724590778351,0.27340683341026306,0.9881830811500549,0.38000309467315674,0.3400977849960327,-0.1073477566242218,0.9996254444122314,0.5257619023323059,0.3238542675971985,0.25081080198287964,0.9993532299995422,0.24672845005989075,0.3879558742046356,-0.11382222920656204,0.6069657802581787,0.5240938067436218,0.40531978011131287,0.5180255174636841,0.07444275915622711,0.15730410814285278,0.35586950182914734,0.06427506357431412,0.4922725558280945,0.4717228412628174,0.42318686842918396,0.7578979730606079,0.08892987668514252,0.12207856774330139,0.3501192331314087,0.058172326534986496,0.47388944029808044,0.46901676058769226,0.43058282136917114,0.7997313737869263,0.10419517755508423,0.13688409328460693,0.3410090506076813,0.07814182341098785,0.47278210520744324,0.4535687267780304,0.42699289321899414,0.7680453658103943,0.105942502617836,0.14774243533611298,0.3452150225639343,0.08091945946216583,0.37342020869255066,0.4480179250240326,0.42585667967796326,0.7492729425430298,0.09470880776643753,0.4560157060623169,0.5306203961372375,-0.08581996709108353,0.9993263483047485,0.5646337270736694,0.5214070677757263,0.08535907417535782,0.9993642568588257,0.41471630334854126,0.6499413847923279,0.15457148849964142,0.03187498450279236,0.5985098481178284,0.6341302394866943,0.21550880372524261,0.02166951261460781,0.41676291823387146,0.7876124978065491,0.15837237238883972,0.042065463960170746,0.5700496435165405,0.7685999870300293,0.2574344277381897,0.030466947704553604,0.4467354714870453,0.8120379447937012,0.15626215934753418,0.06516698747873306,0.564482569694519,0.7984909415245056,0.260367214679718,0.038548342883586884,0.3279273211956024,0.7979419231414795,0.13346053659915924,0.04926539957523346,0.5536364912986755,0.7717531323432922,0.24395741522312164,0.03101501800119877
125,4.166666666666667,0.338480681180954,0.27831482887268066,0.29790303111076355,0.9950459599494934,0.33270618319511414,0.26619821786880493,0.22865740954875946,0.9930230975151062,0.33261600136756897,0.2667720913887024,0.22840160131454468,0.9919894337654114,0.33202654123306274,0.26732271909713745,0.2285572737455368,0.9939011931419373,0.33985501527786255,0.26352551579475403,0.27068203687667847,0.9949968457221985,0.3440607786178589,0.26259198784828186,0.2700011432170868,0.9950693249702454,0.3479967713356018,0.2614634931087494,0.26993492245674133,0.9963423013687134,0.3521439731121063,0.26605314016342163,-2.9525892387027852e-05,0.9943494200706482,0.37644216418266296,0.26238489151000977,0.18958979845046997,0.9935671091079712,0.3511561155319214,0.2901685833930969,0.23495237529277802,0.9899981617927551,0.3599632680416107,0.287409245967865,0.28603121638298035,0.989330530166626,0.3721062242984772,0.33574438095092773,-0.1167759969830513,0.9996588230133057,0.5190235376358032,0.31636056303977966,0.25344645977020264,0.9994097948074341,0.24147574603557587,0.38748008012771606,-0.09972120076417923,0.6279314756393433,0.5142645835876465,0.39436742663383484,0.5072405934333801,0.06756438314914703,0.15982094407081604,0.35496407747268677,0.11345988512039185,0.512873649597168,0.4440253674983978,0.42174988985061646,0.720059871673584,0.08473927527666092,0.12592662870883942,0.3483859896659851,0.11685310304164886,0.4962983727455139,0.43480461835861206,0.427496999502182,0.7608979940414429,0.10163819789886475,0.13941606879234314,0.3384578227996826,0.12925264239311218,0.49548038840293884,0.4253666400909424,0.4239395558834076,0.7259474992752075,0.10336095094680786,0.15053267776966095,0.3429167866706848,0.12780797481536865,0.39483779668807983,0.42321938276290894,0.42324313521385193,0.7089267373085022,0.09206471592187881,0.4558789134025574,0.5247672200202942,-0.09707347303628922,0.9993459582328796,0.5668763518333435,0.5115562081336975,0.09659930318593979,0.9993829131126404,0.41430482268333435,0.647494912147522,0.133211150765419,0.03233714401721954,0.5957677364349365,0.6254763603210449,0.22824864089488983,0.01986623741686344,0.40829259157180786,0.7860497236251831,0.050896741449832916,0.04171852767467499,0.6002029180526733,0.7558645009994507,0.2550382614135742,0.027842583134770393,0.4394954741001129,0.8115401268005371,0.044947512447834015,0.07418282330036163,0.6043037176132202,0.7835702896118164,0.2561456561088562,0.03726179525256157,0.31716710329055786,0.7860180735588074,0.03157168999314308,0.04768367484211922,0.5715672969818115,0.7599937319755554,0.2627588212490082,0.02847234718501568
126,4.2,0.3399598300457001,0.279075562953949,0.43514284491539,0.9955281615257263,0.3365594446659088,0.2671767771244049,0.3700483441352844,0.9937087297439575,0.33805444836616516,0.26766863465309143,0.3697012960910797,0.9927780032157898,0.33867377042770386,0.2680853605270386,0.3698901832103729,0.9945034384727478,0.3408137559890747,0.2647148370742798,0.3989030718803406,0.9954854249954224,0.3449474275112152,0.26376181840896606,0.3982985317707062,0.9955498576164246,0.36392685770988464,0.26162034273147583,0.3983049988746643,0.9966992735862732,0.35348257422447205,0.2675454914569855,0.1338983178138733,0.9949089288711548,0.37775951623916626,0.2636098563671112,0.26404711604118347,0.9941967725753784,0.35403189063072205,0.29023513197898865,0.36911022663116455,0.9909684062004089,0.360889732837677,0.2874378263950348,0.402651309967041,0.9903507232666016,0.3615882992744446,0.33680403232574463,0.011944363825023174,0.9996896982192993,0.5150677561759949,0.31684213876724243,0.27504873275756836,0.9994452595710754,0.24317705631256104,0.3872348368167877,0.06231386214494705,0.64656662940979,0.5102154016494751,0.3469737768173218,0.5363168120384216,0.06165869161486626,0.1606755256652832,0.35451048612594604,0.29572978615760803,0.5427827835083008,0.45617103576660156,0.2868645191192627,0.8855661749839783,0.08096212148666382,0.12884128093719482,0.3473716676235199,0.3093058168888092,0.5278040170669556,0.4541134238243103,0.2679465115070343,0.9348150491714478,0.10033392161130905,0.14135074615478516,0.3375045657157898,0.31944090127944946,0.5270774364471436,0.4392995536327362,0.26130884885787964,0.9323603510856628,0.10180991142988205,0.15236979722976685,0.3421819508075714,0.30935224890708923,0.4266561269760132,0.4178849458694458,0.26548856496810913,0.8892021179199219,0.08981812745332718,0.45178109407424927,0.5243195295333862,-0.06793776899576187,0.9993203282356262,0.5696837306022644,0.5114380717277527,0.06744862347841263,0.9993245005607605,0.39716270565986633,0.6379224061965942,0.11557566374540329,0.030659284442663193,0.6130442023277283,0.6208494901657104,0.19522041082382202,0.018285581842064857,0.39133474230766296,0.7755654454231262,0.002347670728340745,0.03930842876434326,0.628352165222168,0.745757520198822,0.14737816154956818,0.02532953768968582,0.42326438426971436,0.8021368980407715,-0.008536562323570251,0.07921282947063446,0.6294146180152893,0.7735942602157593,0.1450629085302353,0.03593634441494942,0.2989532947540283,0.7758875489234924,-0.02174554020166397,0.04485109820961952,0.6271972060203552,0.7432125806808472,0.15701141953468323,0.026001490652561188
127,4.233333333333333,0.3411473035812378,0.2908168137073517,0.43421897292137146,0.9959357380867004,0.3394641578197479,0.28019949793815613,0.36765000224113464,0.9943037033081055,0.3407380282878876,0.2804965078830719,0.3673251271247864,0.9934623837471008,0.3411502540111542,0.2810181975364685,0.36747482419013977,0.9950301051139832,0.34201115369796753,0.27749544382095337,0.40408656001091003,0.9959041476249695,0.3454783856868744,0.2764587700366974,0.40343013405799866,0.9959587454795837,0.36370450258255005,0.2743353843688965,0.40336063504219055,0.9970059990882874,0.35742899775505066,0.28033164143562317,0.12838603556156158,0.9954010844230652,0.37852761149406433,0.27342405915260315,0.290159672498703,0.9947381615638733,0.3547057509422302,0.30008548498153687,0.36664360761642456,0.991779625415802,0.3610001504421234,0.2962144613265991,0.40943413972854614,0.9911797642707825,0.36277151107788086,0.3462675213813782,0.005787918344140053,0.9997158050537109,0.5165284276008606,0.31928297877311707,0.31585463881492615,0.9994722008705139,0.2518500089645386,0.3892531096935272,0.06653878092765808,0.6545234322547913,0.5183515548706055,0.3672792315483093,0.596918523311615,0.05568205192685127,0.16412138938903809,0.3593814969062805,0.3404429256916046,0.5570186972618103,0.4698352515697479,0.3383635878562927,0.9478486776351929,0.07358989119529724,0.13268715143203735,0.34838464856147766,0.36072060465812683,0.543560802936554,0.4697099030017853,0.3278006613254547,1.004651427268982,0.09182971715927124,0.145440474152565,0.3388134837150574,0.3746481239795685,0.542884349822998,0.4528847932815552,0.3239387571811676,0.9970139265060425,0.09316087514162064,0.156170055270195,0.34368643164634705,0.3574110269546509,0.43976926803588867,0.4423777163028717,0.3286583423614502,0.9501851201057434,0.08212725073099136,0.4472401440143585,0.5284994840621948,-0.07600220292806625,0.9993137717247009,0.5715878009796143,0.5141971707344055,0.0754847526550293,0.9992898106575012,0.3858502209186554,0.6420491933822632,0.10788515955209732,0.028325898572802544,0.6056617498397827,0.6244422197341919,0.19515515863895416,0.01665358804166317,0.4056267738342285,0.7744122743606567,0.006408801302313805,0.03623693063855171,0.6176978945732117,0.7495984435081482,0.10515843331813812,0.022962329909205437,0.4389704763889313,0.7987638711929321,-0.003514762967824936,0.07707872241735458,0.6185253858566284,0.7759149670600891,0.09829217940568924,0.03356911242008209,0.31577038764953613,0.7804030179977417,-0.024335552006959915,0.04143378138542175,0.6111578345298767,0.7496126890182495,0.09308386594057083,0.023657115176320076
128,4.266666666666667,0.34146854281425476,0.2940237820148468,0.38619235157966614,0.9963273406028748,0.34175604581832886,0.28575873374938965,0.32739579677581787,0.9948601126670837,0.3424111604690552,0.28678691387176514,0.32702744007110596,0.9941006898880005,0.3410082459449768,0.28453660011291504,0.3272053301334381,0.9955175518989563,0.34617534279823303,0.28274720907211304,0.354541152715683,0.9963019490242004,0.35392388701438904,0.2823633551597595,0.353887677192688,0.9963503479957581,0.3677975535392761,0.28147298097610474,0.3538043200969696,0.9972979426383972,0.3589309751987457,0.28725123405456543,0.12010128051042557,0.9958516359329224,0.39702969789505005,0.2825624942779541,0.2426089346408844,0.9952487945556641,0.3502906858921051,0.3029492497444153,0.32922565937042236,0.9925635457038879,0.36101964116096497,0.3013418912887573,0.3598022162914276,0.9920114278793335,0.36556488275527954,0.3585415482521057,0.044013358652591705,0.9997397661209106,0.5145747661590576,0.3222910761833191,0.26473701000213623,0.999517023563385,0.25304722785949707,0.39283913373947144,0.1399771124124527,0.6475412249565125,0.5126093626022339,0.3564970791339874,0.5559206604957581,0.051441892981529236,0.16267681121826172,0.36734431982040405,0.38590672612190247,0.5697574615478516,0.45948880910873413,0.30274683237075806,0.863923192024231,0.0759039968252182,0.13344265520572662,0.355193555355072,0.4078139364719391,0.5599533319473267,0.46581220626831055,0.2968858480453491,0.9090427756309509,0.0987403392791748,0.1461503505706787,0.34380483627319336,0.41121041774749756,0.559808611869812,0.4520801603794098,0.2933014929294586,0.9034981727600098,0.09993090480566025,0.15642231702804565,0.3484027087688446,0.39749234914779663,0.45633989572525024,0.4441424608230591,0.3003794252872467,0.8668261170387268,0.08629241585731506,0.4401719868183136,0.5317941904067993,-0.046411678194999695,0.9993537664413452,0.5689626932144165,0.5162293314933777,0.045733492821455,0.9993368983268738,0.36116823554039,0.6059470772743225,0.2319749891757965,0.02579895593225956,0.6190519332885742,0.6030756235122681,0.22003398835659027,0.015347943641245365,0.4007261395454407,0.720329761505127,0.19994167983531952,0.033139560371637344,0.6263885498046875,0.730256199836731,0.13553906977176666,0.021179474890232086,0.4354703724384308,0.7374667525291443,0.198029562830925,0.07400108873844147,0.6212188005447388,0.7555882930755615,0.1278463900089264,0.03262269124388695,0.3267807960510254,0.737308144569397,0.21957136690616608,0.03833601996302605,0.641563355922699,0.7373007535934448,0.11795703321695328,0.02220906876027584
129,4.3,0.3443107604980469,0.3013898730278015,0.19738945364952087,0.996619462966919,0.3498416543006897,0.29109761118888855,0.15686839818954468,0.9953109622001648,0.35359349846839905,0.2906647324562073,0.15646237134933472,0.9946075081825256,0.356595903635025,0.28912463784217834,0.15665408968925476,0.995913565158844,0.3465477526187897,0.2912798225879669,0.2029702365398407,0.9966211318969727,0.35363590717315674,0.29124701023101807,0.202290877699852,0.9966512322425842,0.3609499931335449,0.2918570041656494,0.202097088098526,0.9975312948226929,0.378109872341156,0.2893827557563782,0.10532236844301224,0.9961969256401062,0.3966202735900879,0.29332348704338074,0.21768222749233246,0.9956141710281372,0.3598785698413849,0.3108033537864685,0.17171809077262878,0.9929085969924927,0.3620012402534485,0.31133216619491577,0.22774755954742432,0.9923475980758667,0.3668239712715149,0.3686775863170624,-0.03747401013970375,0.999726414680481,0.5195791721343994,0.34498485922813416,0.30348724126815796,0.9994698762893677,0.23829129338264465,0.39597946405410767,-0.016079386696219444,0.5945433974266052,0.5506463646888733,0.39187729358673096,0.6128621101379395,0.046434566378593445,0.1601906567811966,0.37113091349601746,0.20112244784832,0.5204513072967529,0.4915585517883301,0.3354330062866211,0.9098811745643616,0.07004611194133759,0.13327400386333466,0.3577093482017517,0.20686717331409454,0.5152583718299866,0.4911448657512665,0.32651782035827637,0.9507181644439697,0.09287900477647781,0.1432061493396759,0.347648024559021,0.21731111407279968,0.5154045224189758,0.4680458903312683,0.32112300395965576,0.9311341047286987,0.09405453503131866,0.15301650762557983,0.3528296947479248,0.2152951955795288,0.41917502880096436,0.46249932050704956,0.32761844992637634,0.9052425026893616,0.08073626458644867,0.43770819902420044,0.5495902895927429,-0.07183399796485901,0.9993050694465637,0.5667698979377747,0.5361332297325134,0.07075706869363785,0.9992941617965698,0.3779138922691345,0.6445809006690979,0.2119784951210022,0.023429440334439278,0.6216427087783813,0.6133344769477844,0.32474565505981445,0.013883241452276707,0.40563300251960754,0.7640374898910522,0.2015404850244522,0.030183203518390656,0.6398617029190063,0.7336585521697998,0.3447480797767639,0.019207419827580452,0.43808799982070923,0.7819750905036926,0.20835651457309723,0.068645179271698,0.643916130065918,0.7613590359687805,0.34962913393974304,0.03005492500960827,0.33206793665885925,0.7856559753417969,0.2029130756855011,0.03496364504098892,0.6322267651557922,0.7407995462417603,0.3564276695251465,0.020210575312376022
131,4.366666666666666,0.3522099554538727,0.302192747592926,-0.06413409858942032,0.9969567656517029,0.3597768247127533,0.2916179597377777,-0.11410897225141525,0.9957787394523621,0.36180445551872253,0.2919009327888489,-0.1143852025270462,0.9951451420783997,0.36206740140914917,0.2901448607444763,-0.11432338505983353,0.9963212013244629,0.3636598289012909,0.29026806354522705,-0.0663592740893364,0.9969584345817566,0.36534255743026733,0.2900652289390564,-0.06683788448572159,0.9969854354858398,0.3726046681404114,0.2923571765422821,-0.0669570192694664,0.9977778196334839,0.38867515325546265,0.29458320140838623,-0.2410769760608673,0.9965760707855225,0.40641894936561584,0.2960154712200165,-0.02350012958049774,0.9960516095161438,0.3716767132282257,0.31514984369277954,-0.09470655769109726,0.9936143159866333,0.3732597231864929,0.3137679994106293,-0.034700907766819,0.9931092858314514,0.40030914545059204,0.3651885688304901,-0.3216101825237274,0.9997467994689941,0.5066697597503662,0.3502853214740753,0.1427326649427414,0.999514102935791,0.24848392605781555,0.39552223682403564,-0.3400757312774658,0.6050463914871216,0.41817331314086914,0.4056006371974945,0.25478672981262207,0.042297061532735825,0.15214192867279053,0.3622099459171295,-0.192596897482872,0.5273600816726685,0.22883805632591248,0.3812107443809509,0.22518710792064667,0.07254744321107864,0.12394207715988159,0.35328322649002075,-0.2226574420928955,0.5254674553871155,0.18958503007888794,0.36461254954338074,0.22955474257469177,0.10380148142576218,0.13354113698005676,0.3453598618507385,-0.20580868422985077,0.5247291922569275,0.1688089370727539,0.36469531059265137,0.17850574851036072,0.10429360717535019,0.14100861549377441,0.34886634349823,-0.18234358727931976,0.4317866563796997,0.18079471588134766,0.3722441792488098,0.1982397884130478,0.09233327209949493,0.4674279987812042,0.517227828502655,-0.12659642100334167,0.9993700981140137,0.5330541133880615,0.5102018117904663,0.12620143592357635,0.9993619322776794,0.38483619689941406,0.6013213992118835,0.09943106025457382,0.034706588834524155,0.5686315894126892,0.5979353189468384,0.3736354410648346,0.014484874904155731,0.4040929973125458,0.7230325937271118,0.2623012363910675,0.06568140536546707,0.6053377985954285,0.7086406946182251,0.4959297180175781,0.027998048812150955,0.42522889375686646,0.7433167099952698,0.2742030620574951,0.11886432021856308,0.6177552938461304,0.7287120819091797,0.5070750713348389,0.05028144270181656,0.35042694211006165,0.7428944706916809,0.24239423871040344,0.0661609023809433,0.5756818652153015,0.7229628562927246,0.47624561190605164,0.03220599889755249
132,4.4,0.3403717577457428,0.2894209027290344,-0.17867439985275269,0.9972608685493469,0.35208413004875183,0.2787996828556061,-0.22307796776294708,0.9962005019187927,0.35576990246772766,0.27937784790992737,-0.22330455482006073,0.995630145072937,0.35619819164276123,0.27681607007980347,-0.22319431602954865,0.9966887831687927,0.3508647382259369,0.27688199281692505,-0.16918613016605377,0.9972623586654663,0.35310542583465576,0.2763322591781616,-0.1697487235069275,0.9972866177558899,0.3527572453022003,0.2784992754459381,-0.16987469792366028,0.9979998469352722,0.3878662586212158,0.28110137581825256,-0.3132686913013458,0.9969180822372437,0.38945862650871277,0.28154081106185913,-0.07109134644269943,0.9964459538459778,0.36320212483406067,0.3045647442340851,-0.19481705129146576,0.994251549243927,0.36198508739471436,0.3035745620727539,-0.12819261848926544,0.9937968850135803,0.4026612937450409,0.36418530344963074,-0.3685784637928009,0.9997659921646118,0.49007144570350647,0.3348259925842285,0.13684456050395966,0.9995569586753845,0.25434356927871704,0.3918883800506592,-0.41895151138305664,0.6361525058746338,0.3809501528739929,0.38060814142227173,0.2995239496231079,0.03947371616959572,0.14987841248512268,0.35564202070236206,-0.2869241237640381,0.5590436458587646,0.21588897705078125,0.35728874802589417,0.3238754868507385,0.07962575554847717,0.120260089635849,0.34658098220825195,-0.320288747549057,0.5550153255462646,0.19344764947891235,0.3570512533187866,0.3357846438884735,0.11729950457811356,0.1295272558927536,0.33702367544174194,-0.30042994022369385,0.5537676811218262,0.17935799062252045,0.35680443048477173,0.289099782705307,0.11703335493803024,0.1371452361345291,0.33957499265670776,-0.27411097288131714,0.4640561044216156,0.18823574483394623,0.3631257116794586,0.3008285462856293,0.10630670189857483,0.4549933075904846,0.517941951751709,-0.1329285055398941,0.9994186162948608,0.5292134284973145,0.5105913877487183,0.13257238268852234,0.9994171261787415,0.36441799998283386,0.6100181937217712,0.06360447406768799,0.04266094043850899,0.5568365454673767,0.5995082259178162,0.29797717928886414,0.01513700745999813,0.39377978444099426,0.7376991510391235,0.20569895207881927,0.08250576257705688,0.6024154424667358,0.7151718735694885,0.41265708208084106,0.029372038319706917,0.42164358496665955,0.7601929903030396,0.21541404724121094,0.14999382197856903,0.6166207790374756,0.7378475666046143,0.4235997498035431,0.057774774730205536,0.31740736961364746,0.7528886795043945,0.18246957659721375,0.08457162976264954,0.5665068030357361,0.725675642490387,0.40521442890167236,0.03660796582698822
133,4.433333333333334,0.3399706482887268,0.26906618475914,-0.17954817414283752,0.9975327253341675,0.3526735007762909,0.2603916525840759,-0.22298847138881683,0.9965779185295105,0.3561440706253052,0.2627515196800232,-0.22323331236839294,0.9960634708404541,0.35856929421424866,0.2637679874897003,-0.22316241264343262,0.9970178008079529,0.35224631428718567,0.2577621340751648,-0.16839908063411713,0.9975342154502869,0.35451391339302063,0.25735750794410706,-0.16900667548179626,0.9975552558898926,0.35611170530319214,0.256833016872406,-0.16918343305587769,0.9981984496116638,0.3923616111278534,0.2685496211051941,-0.3142225742340088,0.9972236156463623,0.3918386995792389,0.2615751028060913,-0.0692233145236969,0.9967982769012451,0.362470805644989,0.2890395522117615,-0.19635191559791565,0.9948151111602783,0.3618883788585663,0.2876654863357544,-0.12918129563331604,0.9944050908088684,0.41200676560401917,0.3635234236717224,-0.3873754143714905,0.9997478127479553,0.49056753516197205,0.3150036334991455,0.14171674847602844,0.9995712041854858,0.2691478133201599,0.38589826226234436,-0.5092781186103821,0.6471741795539856,0.3905707597732544,0.3161054253578186,0.3179291784763336,0.036626338958740234,0.14278051257133484,0.33983322978019714,-0.44117045402526855,0.5753654837608337,0.3191301226615906,0.24361717700958252,0.3760114908218384,0.08672412484884262,0.11005517095327377,0.3320862054824829,-0.4859466254711151,0.5692634582519531,0.29118192195892334,0.2421460598707199,0.3874998688697815,0.12981167435646057,0.12042954564094543,0.3210708498954773,-0.46374252438545227,0.567179262638092,0.31253209710121155,0.229754239320755,0.3622293174266815,0.12807969748973846,0.130301833152771,0.3240355849266052,-0.42896053194999695,0.47498902678489685,0.3043517470359802,0.23396047949790955,0.3622681796550751,0.11572756618261337,0.4558725655078888,0.518171489238739,-0.16462863981723785,0.9994401335716248,0.5295270085334778,0.508872389793396,0.16431692242622375,0.9994546175003052,0.3583739399909973,0.6138144135475159,-0.12289691716432571,0.040651872754096985,0.5569409132003784,0.6055552363395691,0.17621509730815887,0.013929357752203941,0.4211929440498352,0.7425199151039124,-0.10897747427225113,0.08211071789264679,0.6005203723907471,0.7268508672714233,0.17644073069095612,0.027088437229394913,0.46755486726760864,0.7657027840614319,-0.11370604485273361,0.15543857216835022,0.6166859269142151,0.7512678503990173,0.17474734783172607,0.05563568323850632,0.3227240741252899,0.7597100138664246,-0.17764393985271454,0.08713387697935104,0.5364763736724854,0.7379765510559082,0.14219729602336884,0.03493201360106468
134,4.466666666666667,0.39216044545173645,0.2782799005508423,-0.045018937438726425,0.9977582693099976,0.40372517704963684,0.2680620551109314,-0.09514059126377106,0.996884286403656,0.4048469066619873,0.269019216299057,-0.09542696177959442,0.9964138269424438,0.40628349781036377,0.2693435251712799,-0.09549389034509659,0.9972886443138123,0.4076232612133026,0.2665276527404785,-0.04554881528019905,0.9977597594261169,0.4116579592227936,0.2662929594516754,-0.046206988394260406,0.997776448726654,0.4145762622356415,0.2665426433086395,-0.04636068269610405,0.9983653426170349,0.4274579882621765,0.2747793197631836,-0.22272181510925293,0.9974862337112427,0.4436250329017639,0.27094629406929016,0.0027987277135252953,0.9970982074737549,0.4000225365161896,0.29310137033462524,-0.07374812662601471,0.9952852725982666,0.4023621082305908,0.29225969314575195,-0.01300839427858591,0.994918167591095,0.42979562282562256,0.36346426606178284,-0.3545033633708954,0.9997649192810059,0.5134989619255066,0.32121577858924866,0.21307939291000366,0.9995937943458557,0.28670036792755127,0.3684502840042114,-0.4494202136993408,0.6752392053604126,0.43946394324302673,0.35462573170661926,0.47694316506385803,0.03351214900612831,0.14836525917053223,0.3291330635547638,-0.2621736526489258,0.601140558719635,0.3688884377479553,0.34829509258270264,0.6329600811004639,0.08232610672712326,0.11088480055332184,0.32189127802848816,-0.29055142402648926,0.5909057259559631,0.3589273691177368,0.3613508343696594,0.6683721542358398,0.1245575025677681,0.12061432003974915,0.3127182424068451,-0.2626318633556366,0.589212954044342,0.35069459676742554,0.36050528287887573,0.6181002259254456,0.12319242209196091,0.13447897136211395,0.31671664118766785,-0.24111351370811462,0.5003646612167358,0.34872519969940186,0.3585895895957947,0.6131398677825928,0.11234435439109802,0.45687273144721985,0.5453307032585144,-0.160567045211792,0.9994816780090332,0.5349762439727783,0.538720965385437,0.16023750603199005,0.9994964003562927,0.3325461149215698,0.6347516775131226,-0.05949603021144867,0.053814616054296494,0.5785645842552185,0.6239257454872131,0.22154590487480164,0.015150872059166431,0.40265515446662903,0.7693048715591431,-0.013976084999740124,0.09715069085359573,0.5521087050437927,0.7559078335762024,0.11958037316799164,0.0288824662566185,0.458657443523407,0.7915504574775696,-0.013826950453221798,0.1731262356042862,0.5529873371124268,0.7829152941703796,0.10661251097917557,0.05913802608847618,0.2978993058204651,0.7894021272659302,-0.06748945266008377,0.10177131742238998,0.4966576099395752,0.764858067035675,0.04728638380765915,0.03881363570690155
135,4.5,0.38908517360687256,0.2740480601787567,-0.00396587373688817,0.9979645609855652,0.4032503366470337,0.26481035351753235,-0.05853496491909027,0.9971744418144226,0.40260687470436096,0.26552027463912964,-0.058823902159929276,0.9967438578605652,0.4015028178691864,0.2661724388599396,-0.05878451094031334,0.9975422620773315,0.40000274777412415,0.2632649838924408,0.002927948022261262,0.9979677200317383,0.40474891662597656,0.26273372769355774,0.0021700363140553236,0.997978150844574,0.40041840076446533,0.26225948333740234,0.0019729500636458397,0.9985172152519226,0.4184834361076355,0.2686799466609955,-0.20932242274284363,0.9977242350578308,0.43563681840896606,0.2682299315929413,0.06998901814222336,0.9973694682121277,0.3822764456272125,0.2887752652168274,-0.04169923812150955,0.995684802532196,0.38215816020965576,0.28966811299324036,0.03487875312566757,0.9953411817550659,0.4254806637763977,0.3561508059501648,-0.33749714493751526,0.9997707009315491,0.5190905928611755,0.3268294930458069,0.24893569946289062,0.9996050000190735,0.30069443583488464,0.35659903287887573,-0.4276469349861145,0.6814500093460083,0.46590766310691833,0.3603462874889374,0.5381649732589722,0.030550802126526833,0.16687555611133575,0.31710100173950195,-0.2761862576007843,0.6071848273277283,0.4320693910121918,0.35240381956100464,0.7610604166984558,0.07798529416322708,0.13943657279014587,0.31136569380760193,-0.301263689994812,0.5964383482933044,0.43316251039505005,0.36042729020118713,0.8039990663528442,0.11915820091962814,0.14433205127716064,0.30025386810302734,-0.27367180585861206,0.5945824980735779,0.42748764157295227,0.3598504662513733,0.7703908085823059,0.11781610548496246,0.15597738325595856,0.30515724420547485,-0.2570500671863556,0.5056082010269165,0.42191576957702637,0.35792654752731323,0.7495667934417725,0.10809779167175293,0.4552966356277466,0.5578303933143616,-0.17316202819347382,0.999515175819397,0.5338588356971741,0.5431329011917114,0.17272229492664337,0.9995306134223938,0.3362294137477875,0.6658525466918945,-0.05164225399494171,0.0533883199095726,0.5791724920272827,0.6236304044723511,0.27162474393844604,0.014123131521046162,0.40839383006095886,0.7845585346221924,-0.07532770186662674,0.09871096909046173,0.5517822504043579,0.7449654340744019,0.18067431449890137,0.026841390877962112,0.46564972400665283,0.804427981376648,-0.08100625872612,0.17851915955543518,0.5581773519515991,0.7699735760688782,0.17041698098182678,0.05688957870006561,0.3070774972438812,0.810244083404541,-0.11656510829925537,0.10610814392566681,0.48885577917099,0.7576554417610168,0.16845068335533142,0.0372144915163517
136,4.533333333333333,0.37941741943359375,0.2756631076335907,-0.021370308473706245,0.9980455636978149,0.3924596607685089,0.2637636363506317,-0.07800189405679703,0.9973392486572266,0.3920782804489136,0.2633904814720154,-0.07831069827079773,0.9969075322151184,0.39230042695999146,0.2632748484611511,-0.07822156697511673,0.9976888298988342,0.39174410700798035,0.2631094753742218,-0.014226280152797699,0.9980832934379578,0.3951271176338196,0.2623414397239685,-0.014961433596909046,0.9980701804161072,0.3947247266769409,0.2614683210849762,-0.015148083679378033,0.998603105545044,0.41584956645965576,0.26412665843963623,-0.227469801902771,0.9978708028793335,0.43099284172058105,0.2675169110298157,0.06271255016326904,0.9975321292877197,0.38136401772499084,0.28931087255477905,-0.05897311493754387,0.9957835674285889,0.3812739849090576,0.28912708163261414,0.02170943096280098,0.9954105615615845,0.4206363558769226,0.33435148000717163,-0.37541377544403076,0.9997144937515259,0.5222159028053284,0.3295782208442688,0.280584454536438,0.999508261680603,0.32612326741218567,0.3621132969856262,-0.4391097128391266,0.6606612801551819,0.47630488872528076,0.35491740703582764,0.6229599714279175,0.028025155887007713,0.23398098349571228,0.3191490173339844,-0.23679760098457336,0.5862127542495728,0.3860809803009033,0.325288325548172,0.8586353659629822,0.07973472028970718,0.20154154300689697,0.30959728360176086,-0.24642592668533325,0.5802240371704102,0.3706332743167877,0.31499141454696655,0.9054689407348633,0.12430207431316376,0.20195995271205902,0.30231237411499023,-0.2259075939655304,0.578364372253418,0.36983779072761536,0.31381332874298096,0.8625930547714233,0.123145692050457,0.21616946160793304,0.3075237274169922,-0.21660739183425903,0.4896320700645447,0.3719640076160431,0.32022470235824585,0.8411893844604492,0.11353173106908798,0.4519883394241333,0.5541589260101318,-0.20384477078914642,0.9995294809341431,0.520420253276825,0.5424206852912903,0.20350657403469086,0.9995504021644592,0.36682799458503723,0.6795071363449097,-0.07813290506601334,0.05152557045221329,0.4830493927001953,0.6607763767242432,0.2809693515300751,0.01362494844943285,0.4082573652267456,0.8074599504470825,0.0422075092792511,0.10132158547639847,0.48954200744628906,0.7795255780220032,0.2279280722141266,0.026396170258522034,0.46059510111808777,0.8274021148681641,0.048857688903808594,0.18195830285549164,0.508491039276123,0.8001096844673157,0.2576551139354706,0.0588451623916626,0.31543901562690735,0.8329453468322754,0.0002578057465143502,0.10776299983263016,0.41839689016342163,0.8062947988510132,0.26269301772117615,0.03730477765202522
137,4.566666666666666,0.3802642524242401,0.26800140738487244,-0.08642109483480453,0.9980180263519287,0.3946531116962433,0.2533767521381378,-0.13558825850486755,0.9973660111427307,0.4009510576725006,0.2529914379119873,-0.13612857460975647,0.9969501495361328,0.407075971364975,0.2487068474292755,-0.13597343862056732,0.9977352023124695,0.39350008964538574,0.2530776858329773,-0.05744986981153488,0.9981071949005127,0.3958117961883545,0.25239020586013794,-0.05832837522029877,0.9980894327163696,0.39708566665649414,0.251564085483551,-0.05868235602974892,0.9986308813095093,0.44367659091949463,0.25452524423599243,-0.2541831433773041,0.9979575872421265,0.4332256019115448,0.2579994797706604,0.06194595620036125,0.9975962042808533,0.3938324749469757,0.28094351291656494,-0.11372435837984085,0.9957845211029053,0.3911006450653076,0.28009557723999023,-0.01456416305154562,0.9954097270965576,0.4987510144710541,0.325884610414505,-0.3919014036655426,0.9996934533119202,0.4882064461708069,0.33095645904541016,0.29506269097328186,0.9994773268699646,0.3880665600299835,0.3663560748100281,-0.4248885214328766,0.6627101302146912,0.46820738911628723,0.38050684332847595,0.6133766770362854,0.02603529579937458,0.3072776794433594,0.3161056339740753,-0.18561358749866486,0.5754696130752563,0.37692582607269287,0.35719946026802063,0.7475096583366394,0.07766420394182205,0.2785269021987915,0.3079270124435425,-0.19782361388206482,0.5728539228439331,0.3575301766395569,0.34281817078590393,0.7764232158660889,0.12375375628471375,0.28492307662963867,0.30023303627967834,-0.18583419919013977,0.5715556144714355,0.3577360510826111,0.3432595133781433,0.7298192977905273,0.12349444627761841,0.2970384955406189,0.30537527799606323,-0.1689298152923584,0.4819421172142029,0.360895574092865,0.34252414107322693,0.7260867357254028,0.11495089530944824,0.48021838068962097,0.5477955341339111,-0.20461367070674896,0.9995399117469788,0.46840012073516846,0.5378633737564087,0.20453256368637085,0.9995591640472412,0.45159006118774414,0.6681333780288696,-0.03558804467320442,0.050712499767541885,0.4289812445640564,0.6636859178543091,0.24971961975097656,0.01408371515572071,0.43347877264022827,0.7931736707687378,0.18059484660625458,0.10454630851745605,0.42461565136909485,0.7856716513633728,0.377044677734375,0.028080331161618233,0.4813987612724304,0.8260005116462708,0.19487836956977844,0.17743279039859772,0.44732192158699036,0.8079835176467896,0.4005214273929596,0.06244044750928879,0.36194267868995667,0.8221400380134583,0.022432975471019745,0.11196662485599518,0.3490027189254761,0.8015784025192261,0.29061704874038696,0.04149694740772247
138,4.6,0.39775148034095764,0.262045681476593,-0.08314269781112671,0.9980862140655518,0.411967396736145,0.2455337792634964,-0.13796845078468323,0.9975171089172363,0.41661375761032104,0.2449636459350586,-0.13853102922439575,0.9971109628677368,0.42526617646217346,0.24348747730255127,-0.13838864862918854,0.9978658556938171,0.4082924425601959,0.24583718180656433,-0.060317594558000565,0.9982185959815979,0.4097343981266022,0.24531415104866028,-0.06124047562479973,0.9981932044029236,0.4136655926704407,0.24417245388031006,-0.06159375607967377,0.9987154006958008,0.46613582968711853,0.2469635307788849,-0.2817133367061615,0.9980885982513428,0.44907405972480774,0.24774424731731415,0.04853493720293045,0.997753381729126,0.4129755198955536,0.2765682637691498,-0.11575992405414581,0.9958608746528625,0.41008466482162476,0.2757745683193207,-0.014929072000086308,0.9955478310585022,0.47980716824531555,0.318170964717865,-0.3885381519794464,0.9996480941772461,0.5098114013671875,0.3287838101387024,0.2574717402458191,0.9994391798973083,0.3506234288215637,0.3201861083507538,-0.33888939023017883,0.6197003722190857,0.46120673418045044,0.3743094801902771,0.598195493221283,0.02421911247074604,0.32654333114624023,0.30481451749801636,0.007127481512725353,0.536449670791626,0.38910627365112305,0.3508545756340027,0.8017943501472473,0.07505317777395248,0.33074405789375305,0.2986176609992981,0.006748799700289965,0.5405676364898682,0.37759608030319214,0.34309202432632446,0.8402699828147888,0.12082168459892273,0.3468077480792999,0.2968093454837799,-0.007013767957687378,0.5402230024337769,0.37726160883903503,0.34272369742393494,0.7821311950683594,0.12144871801137924,0.34821975231170654,0.3010684847831726,0.012294722720980644,0.45476484298706055,0.3793937563896179,0.34289804100990295,0.7766398787498474,0.11402685940265656,0.4842013418674469,0.5455284118652344,-0.19546708464622498,0.9995706677436829,0.47179362177848816,0.5379147529602051,0.1950700283050537,0.9995896220207214,0.4912327229976654,0.6884475946426392,0.019807100296020508,0.0501888133585453,0.4049053490161896,0.6634775400161743,0.26309797167778015,0.015439440496265888,0.44852980971336365,0.7941438555717468,0.2601303458213806,0.11116471886634827,0.3793880343437195,0.7801006436347961,0.4594794809818268,0.030153343454003334,0.4780510663986206,0.8179306983947754,0.2742040753364563,0.17479722201824188,0.38881081342697144,0.7928286194801331,0.4790147542953491,0.06331249326467514,0.4257262647151947,0.8253143429756165,0.13472037017345428,0.11710402369499207,0.32573172450065613,0.7970163822174072,0.382125586271286,0.044822920113801956
139,4.633333333333334,0.45496708154678345,0.2663288712501526,-0.4918619692325592,0.9978234767913818,0.4849205017089844,0.25167787075042725,-0.4787733852863312,0.9969808459281921,0.49587371945381165,0.2517545819282532,-0.4793936014175415,0.9964319467544556,0.5058072209358215,0.25073471665382385,-0.47930389642715454,0.9972929954528809,0.45888668298721313,0.2508062720298767,-0.43947169184684753,0.9979850649833679,0.4528454542160034,0.25031715631484985,-0.4402306079864502,0.9980186820030212,0.4497397243976593,0.24979379773139954,-0.44060665369033813,0.9986176490783691,0.5329257845878601,0.2514781951904297,-0.344509094953537,0.9975866675376892,0.45915064215660095,0.2543449103832245,-0.1644396036863327,0.9974455833435059,0.4692171812057495,0.28110817074775696,-0.4327946603298187,0.9949426054954529,0.4469221234321594,0.27960407733917236,-0.38620826601982117,0.9950785040855408,0.5790507197380066,0.32722869515419006,-0.384211003780365,0.99940025806427,0.41458752751350403,0.32918959856033325,0.062269777059555054,0.999424397945404,0.5439003705978394,0.3375583589076996,-0.5984253287315369,0.6010290384292603,0.40647178888320923,0.3902793824672699,0.1366076022386551,0.040059152990579605,0.4673400819301605,0.31459805369377136,-0.7671916484832764,0.5036976933479309,0.37227529287338257,0.4308505058288574,-0.04675356671214104,0.1235286220908165,0.4505651295185089,0.3068508505821228,-0.8499059081077576,0.507845401763916,0.35137465596199036,0.4531365931034088,-0.08607925474643707,0.1698460876941681,0.4567875266075134,0.30296194553375244,-0.8371809124946594,0.5072574019432068,0.3477635383605957,0.46125882863998413,-0.14669828116893768,0.1728239804506302,0.46025916934013367,0.3070445954799652,-0.7657257914543152,0.42549362778663635,0.35776951909065247,0.44831833243370056,-0.07940830290317535,0.16249606013298035,0.5138083100318909,0.5439218878746033,-0.1262616515159607,0.9995971918106079,0.4331197142601013,0.5316387414932251,0.12582707405090332,0.9996193051338196,0.49979057908058167,0.6755684614181519,-0.11829328536987305,0.07967408746480942,0.3623892068862915,0.6520384550094604,0.01413994375616312,0.04732544347643852,0.4648287892341614,0.7905756235122681,0.2363775223493576,0.1484266221523285,0.3590906858444214,0.7698959708213806,0.3657744526863098,0.07178003340959549,0.4689811170101166,0.8081340789794922,0.2577334940433502,0.1823081225156784,0.37781834602355957,0.7812501192092896,0.39992278814315796,0.08431674540042877,0.4877146780490875,0.8388182520866394,0.051490459591150284,0.15597864985466003,0.3295711576938629,0.7948960065841675,0.18704569339752197,0.08593936264514923
140,4.666666666666667,0.4408665597438812,0.2648025155067444,-0.6820788979530334,0.9976015090942383,0.46839988231658936,0.24834290146827698,-0.6697378158569336,0.9967474341392517,0.4801086485385895,0.24918024241924286,-0.67046719789505,0.9961740374565125,0.48992398381233215,0.24975904822349548,-0.670278012752533,0.9971781373023987,0.4475677013397217,0.24663715064525604,-0.6225571036338806,0.9977549314498901,0.4442065358161926,0.24610881507396698,-0.6232449412345886,0.9977462887763977,0.4415019452571869,0.24540284276008606,-0.6235631704330444,0.9984205365180969,0.5181871056556702,0.2556786835193634,-0.5311251878738403,0.9976136088371277,0.45739200711250305,0.2513851523399353,-0.3184795677661896,0.9970711469650269,0.46351319551467896,0.2826237082481384,-0.6213859915733337,0.9949030876159668,0.44077903032302856,0.2809513211250305,-0.5651730298995972,0.9948025345802307,0.5891937017440796,0.3406406342983246,-0.4844590127468109,0.9991754293441772,0.40178295969963074,0.3293721675872803,-0.03719395399093628,0.9989721179008484,0.7108249068260193,0.360055536031723,-0.8007469773292542,0.6056846976280212,0.3872939944267273,0.3897591233253479,0.25484779477119446,0.039599280804395676,0.5491849780082703,0.33031389117240906,-1.0010027885437012,0.4821488559246063,0.2853851020336151,0.35045942664146423,0.3373660743236542,0.1477643847465515,0.5037010312080383,0.32094699144363403,-1.074355959892273,0.47747164964675903,0.27073636651039124,0.3462288975715637,0.3463780879974365,0.19605381786823273,0.4913557767868042,0.3099139332771301,-1.0294419527053833,0.47443556785583496,0.2549023926258087,0.3393387198448181,0.29064127802848816,0.19926601648330688,0.5047365427017212,0.3163103759288788,-0.9840750694274902,0.39514726400375366,0.2740519642829895,0.34457045793533325,0.30887502431869507,0.18550468981266022,0.5221800208091736,0.555594265460968,-0.10662917792797089,0.999595046043396,0.4187394976615906,0.5427491664886475,0.10631077736616135,0.9996045827865601,0.5040261745452881,0.6881345510482788,-0.17453105747699738,0.08767564594745636,0.3455218970775604,0.6487794518470764,-0.08861126750707626,0.05947919562458992,0.46770787239074707,0.7935356497764587,0.3221593201160431,0.15542681515216827,0.38442879915237427,0.7646178007125854,0.36848658323287964,0.08331674337387085,0.4644027650356293,0.8060467839241028,0.36279958486557007,0.18206530809402466,0.4032028615474701,0.7782557606697083,0.40623295307159424,0.09083672612905502,0.48795491456985474,0.8453900218009949,0.11731233447790146,0.16971342265605927,0.3470539450645447,0.7961560487747192,0.20955441892147064,0.09904016554355621
141,4.7,0.44614070653915405,0.2668958306312561,-0.46651190519332886,0.9977080225944519,0.4807128608226776,0.2511260211467743,-0.45107582211494446,0.9968459010124207,0.49241456389427185,0.2518421411514282,-0.4517661929130554,0.9963127374649048,0.5023917555809021,0.25225913524627686,-0.4516579210758209,0.9973143339157104,0.4558267295360565,0.2494167983531952,-0.41270825266838074,0.9977865219116211,0.4509255588054657,0.24877777695655823,-0.4133044481277466,0.9977742433547974,0.44640421867370605,0.24811477959156036,-0.4135857820510864,0.9984334707260132,0.5284655690193176,0.25828129053115845,-0.3784896433353424,0.9977755546569824,0.4646846055984497,0.2534029185771942,-0.15935631096363068,0.9970269203186035,0.4682876467704773,0.28406354784965515,-0.40979865193367004,0.995281457901001,0.44317877292633057,0.2823469042778015,-0.36436110734939575,0.9951171278953552,0.6028773188591003,0.3561040759086609,-0.2963032126426697,0.9992038011550903,0.39164766669273376,0.3309406340122223,0.05856721103191376,0.9988821148872375,0.7642978429794312,0.37385237216949463,-0.6031127572059631,0.6351357698440552,0.3119618892669678,0.38925695419311523,0.10693789273500443,0.05231040343642235,0.6174131035804749,0.3516795039176941,-0.9004437923431396,0.5170882940292358,0.21323905885219574,0.3405359983444214,-0.06362747400999069,0.19029441475868225,0.588599681854248,0.35803553462028503,-0.9951930642127991,0.5066149830818176,0.18952906131744385,0.33133360743522644,-0.11694606393575668,0.24278044700622559,0.5711389183998108,0.3441545069217682,-0.9704881310462952,0.5022606253623962,0.1863844096660614,0.3251260221004486,-0.148954376578331,0.2466147392988205,0.5799857974052429,0.34860867261886597,-0.8958591222763062,0.4230349659919739,0.1973930299282074,0.33231431245803833,-0.08872959762811661,0.2307678759098053,0.5184419751167297,0.5628112554550171,-0.09287057816982269,0.9996132254600525,0.40743395686149597,0.5519928932189941,0.09247557073831558,0.999613344669342,0.5046701431274414,0.7037948966026306,-0.10264675319194794,0.10684524476528168,0.36742278933525085,0.6738280653953552,0.08159104734659195,0.06951373815536499,0.4741930365562439,0.7895616292953491,0.5286428928375244,0.15496957302093506,0.41257086396217346,0.7730104327201843,0.6150362491607666,0.09097275882959366,0.4749773144721985,0.8034343719482422,0.5813592076301575,0.17989546060562134,0.43420669436454773,0.788284420967102,0.6632639169692993,0.09896979480981827,0.47813093662261963,0.8361325263977051,0.38846153020858765,0.17326878011226654,0.3695167601108551,0.8094016313552856,0.49393823742866516,0.10883570462465286
142,4.733333333333333,0.5147173404693604,0.2681565582752228,-0.4756788909435272,0.9979332685470581,0.5351521968841553,0.25303933024406433,-0.42889076471328735,0.997151255607605,0.5440152287483215,0.2534797489643097,-0.4294954538345337,0.9966689348220825,0.5511381030082703,0.2529126703739166,-0.429365336894989,0.9975736737251282,0.5030468106269836,0.25129541754722595,-0.42370814085006714,0.998002290725708,0.49157723784446716,0.2506564259529114,-0.42428505420684814,0.9979912042617798,0.48055145144462585,0.2500956654548645,-0.424457848072052,0.9985854029655457,0.551580011844635,0.26236116886138916,-0.19068902730941772,0.9979900121688843,0.46891647577285767,0.2554415464401245,-0.15958979725837708,0.9973106980323792,0.5248581171035767,0.2845138907432556,-0.379586786031723,0.9957370758056641,0.4847310483455658,0.28293707966804504,-0.37720075249671936,0.9955891966819763,0.6069088578224182,0.3615739643573761,-0.11726611107587814,0.9992399215698242,0.3809838891029358,0.33708906173706055,0.018617575988173485,0.9989256262779236,0.8025986552238464,0.37946969270706177,-0.39222726225852966,0.6460101008415222,0.2798214256763458,0.38475316762924194,-0.017524590715765953,0.09726104885339737,0.726489782333374,0.362327516078949,-0.7916275262832642,0.5167202949523926,0.18795354664325714,0.33839017152786255,-0.21934238076210022,0.24702002108097076,0.7482532262802124,0.3734942078590393,-0.8867074847221375,0.5068061351776123,0.15968294441699982,0.3313693404197693,-0.27942830324172974,0.2972825765609741,0.7279914021492004,0.35888320207595825,-0.892894983291626,0.5042513012886047,0.1650518923997879,0.3287895619869232,-0.31887954473495483,0.301914781332016,0.7254889607429504,0.36138656735420227,-0.8050181269645691,0.4284431040287018,0.18045233190059662,0.33332931995391846,-0.2464897781610489,0.2855018377304077,0.5198858380317688,0.5621912479400635,-0.04491492733359337,0.9996262788772583,0.4038621783256531,0.5550095438957214,0.044427353888750076,0.9996252059936523,0.5153935551643372,0.7057620286941528,-0.07008718699216843,0.13482290506362915,0.37236252427101135,0.6739498376846313,-0.03792186826467514,0.09574253857135773,0.47468435764312744,0.7936297059059143,0.4966648519039154,0.16913197934627533,0.4200117290019989,0.7825103998184204,0.4601570963859558,0.11978989094495773,0.4748295545578003,0.8154444694519043,0.5392377376556396,0.1920025795698166,0.44232702255249023,0.7998428344726562,0.5378549098968506,0.12230922281742096,0.4868369996547699,0.8400490880012512,0.36057794094085693,0.19103555381298065,0.38229209184646606,0.8243210911750793,0.2910667061805725,0.13576509058475494
143,4.766666666666667,0.540002703666687,0.26902544498443604,-0.4004609286785126,0.9981257319450378,0.5559481978416443,0.256540447473526,-0.3687099516391754,0.9973815679550171,0.5630112290382385,0.2579711377620697,-0.3692731261253357,0.9969416260719299,0.5690149664878845,0.2592979371547699,-0.369168758392334,0.9977760314941406,0.5256920456886292,0.25297626852989197,-0.36490708589553833,0.9981682300567627,0.5134697556495667,0.25210821628570557,-0.36550983786582947,0.9981585144996643,0.5012035965919495,0.2512724995613098,-0.36571934819221497,0.9986951351165771,0.5635858178138733,0.27077025175094604,-0.10754194110631943,0.9981502890586853,0.4778939485549927,0.2609497010707855,-0.1625991314649582,0.9974629878997803,0.5422648787498474,0.2888721823692322,-0.3307449221611023,0.9961158037185669,0.507328987121582,0.28749820590019226,-0.3257998526096344,0.9959741830825806,0.6114354729652405,0.3664618134498596,-0.031149011105298996,0.9993036389350891,0.3799475431442261,0.35173293948173523,-0.056916818022727966,0.9989665150642395,0.7793775200843811,0.3878675699234009,-0.22144809365272522,0.6554508805274963,0.23219595849514008,0.38460004329681396,-0.2626652121543884,0.13737742602825165,0.8551631569862366,0.3735964894294739,-0.673108696937561,0.535518229007721,0.16293750703334808,0.33783775568008423,-0.6179367303848267,0.2730730473995209,0.8835102319717407,0.3661882281303406,-0.7579247951507568,0.5257910490036011,0.129501610994339,0.33061960339546204,-0.7010356187820435,0.32013484835624695,0.8701423406600952,0.3563653528690338,-0.7933116555213928,0.5262421369552612,0.1411256492137909,0.3282720446586609,-0.7464852929115295,0.3265710175037384,0.852111279964447,0.3609727919101715,-0.6993961930274963,0.45479053258895874,0.15621782839298248,0.33262956142425537,-0.6524861454963684,0.31009620428085327,0.5249829888343811,0.5666443109512329,0.005158233921974897,0.9996535181999207,0.40844979882240295,0.563008725643158,-0.00577413709834218,0.9996472597122192,0.5381491780281067,0.7046210169792175,0.011820250190794468,0.1375172734260559,0.3741875886917114,0.684682309627533,-0.12061788886785507,0.10069195926189423,0.48513150215148926,0.8012479543685913,0.4332774579524994,0.16711865365505219,0.3877356946468353,0.8067523241043091,0.2551019787788391,0.12577971816062927,0.4775753915309906,0.8139171600341797,0.46156731247901917,0.18693402409553528,0.4056233763694763,0.824445366859436,0.2879643738269806,0.12394644320011139,0.5081319212913513,0.847946047782898,0.2921516001224518,0.18864339590072632,0.3502582907676697,0.855577290058136,0.10799171775579453,0.13804535567760468
144,4.8,0.5716631412506104,0.2712528109550476,-0.38394859433174133,0.9983083605766296,0.5754544138908386,0.2572935223579407,-0.2971803545951843,0.9976201057434082,0.5779519081115723,0.258383184671402,-0.2979587912559509,0.9972245097160339,0.5804933905601501,0.259779691696167,-0.29802003502845764,0.9979825019836426,0.5568491816520691,0.2536782920360565,-0.32863882184028625,0.9983358383178711,0.5461062788963318,0.25222957134246826,-0.329275906085968,0.9983285665512085,0.532827615737915,0.2519799470901489,-0.32950565218925476,0.998810350894928,0.5646726489067078,0.27070939540863037,-0.04261070862412453,0.9983199834823608,0.49969080090522766,0.26129257678985596,-0.17212112247943878,0.9976555705070496,0.5610782504081726,0.2902611196041107,-0.24661500751972198,0.99648118019104,0.5368723273277283,0.28807830810546875,-0.28793036937713623,0.9963486194610596,0.6006021499633789,0.36451590061187744,0.05759072303771973,0.9993710517883301,0.38249558210372925,0.34849029779434204,-0.10400435328483582,0.9990459680557251,0.7656571269035339,0.3904181718826294,-0.018007878214120865,0.6799755692481995,0.24943427741527557,0.3893258571624756,-0.38446760177612305,0.19539038836956024,0.8858112096786499,0.37036973237991333,-0.3807363212108612,0.5780898928642273,0.1611405313014984,0.33950290083885193,-0.7898165583610535,0.32301804423332214,0.9249381422996521,0.360126256942749,-0.4418838918209076,0.5673055648803711,0.11616378277540207,0.33115243911743164,-0.8795182704925537,0.36399444937705994,0.9147754907608032,0.3499144911766052,-0.5069935321807861,0.5686720013618469,0.1304236352443695,0.3277493417263031,-0.9216128587722778,0.37202560901641846,0.8942314386367798,0.3543476462364197,-0.41977912187576294,0.5036444664001465,0.14819465577602386,0.33181673288345337,-0.8246152400970459,0.35446226596832275,0.5273030400276184,0.5577021837234497,0.057792212814092636,0.9996798038482666,0.41607505083084106,0.5621193647384644,-0.058349449187517166,0.9996646046638489,0.5489678978919983,0.6962325572967529,0.11596475541591644,0.13699142634868622,0.3908275067806244,0.681915283203125,-0.13331422209739685,0.10069510340690613,0.4959658682346344,0.8052959442138672,0.4559476971626282,0.1622864156961441,0.3859524130821228,0.8138270378112793,0.23910215497016907,0.12474467605352402,0.4774925112724304,0.8164798021316528,0.4751977324485779,0.18164962530136108,0.37973645329475403,0.8252172470092773,0.26790377497673035,0.11936721205711365,0.5185173749923706,0.8497608304023743,0.30259349942207336,0.1867547482252121,0.364870548248291,0.8609356880187988,0.09344884008169174,0.13589617609977722
145,4.833333333333333,0.5671209096908569,0.27602481842041016,-0.4268867075443268,0.9984725117683411,0.5765222311019897,0.26193350553512573,-0.38436752557754517,0.9978351593017578,0.5783486366271973,0.26215675473213196,-0.3851887285709381,0.9974818825721741,0.5802145600318909,0.2629186809062958,-0.38529548048973083,0.9981700778007507,0.5585148334503174,0.26019740104675293,-0.4161272346973419,0.9984863996505737,0.5442031621932983,0.25929194688796997,-0.4167787730693817,0.998481273651123,0.5319898128509521,0.25843876600265503,-0.4170492887496948,0.9989135265350342,0.5769060254096985,0.2749554514884949,-0.12291260808706284,0.9984761476516724,0.4949619770050049,0.2639611065387726,-0.3152780830860138,0.9978384375572205,0.5544975996017456,0.29328006505966187,-0.3345986306667328,0.9968034029006958,0.531474769115448,0.29108816385269165,-0.38127610087394714,0.9966772198677063,0.5895013809204102,0.3639076054096222,-0.07987705618143082,0.9994311928749084,0.38542449474334717,0.3472497761249542,-0.23166806995868683,0.9991044998168945,0.73883056640625,0.3884081244468689,-0.042077261954545975,0.7035022974014282,0.25099602341651917,0.38238847255706787,-0.3993145823478699,0.24891948699951172,0.8964454531669617,0.3651002049446106,-0.17389793694019318,0.6158316731452942,0.16127842664718628,0.34011849761009216,-0.6408551335334778,0.3485243320465088,0.942629337310791,0.35983631014823914,-0.19430963695049286,0.6036629676818848,0.12617658078670502,0.3313583433628082,-0.6956681609153748,0.38074392080307007,0.9419527053833008,0.3466905951499939,-0.26217278838157654,0.6061274409294128,0.1410188227891922,0.3282333314418793,-0.7402733564376831,0.3915957808494568,0.9228869676589966,0.3511962592601776,-0.20817048847675323,0.5473377108573914,0.15573902428150177,0.33214667439460754,-0.6719067692756653,0.3768623471260071,0.5287623405456543,0.5573056936264038,0.04851866140961647,0.9997033476829529,0.41760292649269104,0.5577951669692993,-0.049100361764431,0.9996798038482666,0.5380495190620422,0.6956518888473511,0.1630689799785614,0.13580287992954254,0.38104546070098877,0.6866819262504578,-0.06250864267349243,0.09927370399236679,0.4890211820602417,0.8090806007385254,0.41318902373313904,0.16485324501991272,0.3904516100883484,0.8164040446281433,0.2689364552497864,0.12484831362962723,0.48128581047058105,0.8282759785652161,0.4277898073196411,0.18428762257099152,0.397720605134964,0.834356427192688,0.2936795949935913,0.11727756261825562,0.513198971748352,0.8480777740478516,0.2749883830547333,0.19302722811698914,0.37195828557014465,0.8584614992141724,0.12332341074943542,0.13585975766181946
147,4.9,0.6098645925521851,0.26959267258644104,-0.694350004196167,0.9986121654510498,0.6216531991958618,0.2561483383178711,-0.6598129868507385,0.9980127811431885,0.6217843294143677,0.25655442476272583,-0.6605482697486877,0.9976907968521118,0.6224921345710754,0.25714051723480225,-0.6607536673545837,0.998329222202301,0.6104757189750671,0.2513240575790405,-0.6937499046325684,0.9986140131950378,0.6011209487915039,0.24819116294384003,-0.6943078637123108,0.99860680103302,0.5937666893005371,0.24677467346191406,-0.6946552991867065,0.9989984631538391,0.5932158827781677,0.2540838122367859,-0.42605021595954895,0.9986127614974976,0.5474679470062256,0.2419494390487671,-0.579383134841919,0.9979793429374695,0.5885635018348694,0.2791752219200134,-0.5962722301483154,0.9970853924751282,0.5734961032867432,0.27411139011383057,-0.6443336606025696,0.9969741106033325,0.5891242623329163,0.3309518098831177,-0.23562660813331604,0.9994845390319824,0.3977048099040985,0.2974979281425476,-0.469853937625885,0.9991428256034851,0.7199887037277222,0.3625014126300812,-0.1401582807302475,0.6891838312149048,0.26822999119758606,0.33810776472091675,-0.7810757756233215,0.2760605216026306,0.862422525882721,0.34632226824760437,-0.26838579773902893,0.6306414604187012,0.3789553642272949,0.3139164447784424,-1.164280652999878,0.3341529667377472,0.9079405069351196,0.3418649435043335,-0.3140113055706024,0.6179414987564087,0.4066992402076721,0.3089945614337921,-1.2703038454055786,0.361623078584671,0.9115301370620728,0.3353464603424072,-0.3677524924278259,0.6229367852210999,0.43095695972442627,0.2985031008720398,-1.2682429552078247,0.371896356344223,0.8929067850112915,0.3386276960372925,-0.29649266600608826,0.5660660266876221,0.42316386103630066,0.3014282286167145,-1.176562786102295,0.35350093245506287,0.4650968909263611,0.49934816360473633,0.0475156269967556,0.9997156262397766,0.3390367031097412,0.4848087430000305,-0.0478447750210762,0.9996616244316101,0.507180392742157,0.6477527618408203,0.004171448294073343,0.12742367386817932,0.284699946641922,0.6215256452560425,-0.05449661239981651,0.09039992094039917,0.46351706981658936,0.7823916077613831,0.22664955258369446,0.16037338972091675,0.2384784072637558,0.7174708247184753,0.3670479655265808,0.114615298807621,0.4407173991203308,0.8047796487808228,0.2318039834499359,0.1804632842540741,0.2385181188583374,0.7366139888763428,0.40094342827796936,0.1088598370552063,0.49905502796173096,0.8321162462234497,-0.004629763308912516,0.18643231689929962,0.2001863420009613,0.7420313358306885,0.22527138888835907,0.12479694932699203
148,4.933333333333334,0.5744876265525818,0.26347801089286804,-0.11676700413227081,0.9987058639526367,0.5834567546844482,0.25321799516677856,-0.1520068198442459,0.9981032609939575,0.5832270979881287,0.25328361988067627,-0.15245798230171204,0.997799813747406,0.5829251408576965,0.25372156500816345,-0.1524544507265091,0.9984093308448792,0.584625780582428,0.2512112259864807,-0.13567499816417694,0.9986884593963623,0.5848917961120605,0.24897639453411102,-0.13620305061340332,0.9986852407455444,0.5847497582435608,0.2486145943403244,-0.13630466163158417,0.9990575909614563,0.5767230987548828,0.25551292300224304,-0.23020382225513458,0.9986756443977356,0.5678853392601013,0.2543483376502991,-0.1557658314704895,0.9980888962745667,0.5648190975189209,0.27454015612602234,-0.12705770134925842,0.9972187876701355,0.5635320544242859,0.2731638550758362,-0.10966089367866516,0.9971750378608704,0.48868733644485474,0.32088738679885864,-0.2430349588394165,0.9995254278182983,0.5545167326927185,0.31918057799339294,-0.031246598809957504,0.9992139339447021,0.3766132891178131,0.37006211280822754,-0.26534098386764526,0.6773509383201599,0.4421803057193756,0.36554282903671265,0.08699354529380798,0.25103920698165894,0.3330680727958679,0.33201414346694946,-0.23348206281661987,0.6080656051635742,0.4473820924758911,0.3371240198612213,0.15008608996868134,0.3322608172893524,0.3120149075984955,0.32207342982292175,-0.264542818069458,0.5994423031806946,0.45190170407295227,0.3310962915420532,0.14518851041793823,0.3699500560760498,0.3285229504108429,0.3111729621887207,-0.2537800371646881,0.6024903655052185,0.46579521894454956,0.3249291777610779,0.12358357012271881,0.3794366121292114,0.33838939666748047,0.31693947315216064,-0.22510820627212524,0.5412841439247131,0.4596494436264038,0.32733285427093506,0.14008957147598267,0.3592274785041809,0.4076792001724243,0.49674004316329956,-0.02192605659365654,0.999703586101532,0.4285215139389038,0.4963298439979553,0.021503450348973274,0.9996612071990967,0.42382630705833435,0.6434767246246338,0.12619717419147491,0.11761324107646942,0.46966952085494995,0.6230517625808716,0.02496294490993023,0.0828232616186142,0.39963623881340027,0.7745677828788757,0.2212793529033661,0.15476371347904205,0.42163580656051636,0.7697464227676392,0.141105517745018,0.1073460578918457,0.3897748589515686,0.7981039881706238,0.2216475009918213,0.18081878125667572,0.4115851819515228,0.7947415113449097,0.1476505696773529,0.10463528335094452,0.4082490801811218,0.7986508011817932,0.13116197288036346,0.17461001873016357,0.41478288173675537,0.7986401319503784,0.08185108751058578,0.11553574353456497
149,4.966666666666667,0.5441117286682129,0.3008856177330017,0.3345320522785187,0.998518705368042,0.5506648421287537,0.2916247546672821,0.36334818601608276,0.9977511167526245,0.5541777014732361,0.29191118478775024,0.36295318603515625,0.9973711967468262,0.5575467348098755,0.29270246624946594,0.36312136054039,0.9982122182846069,0.5399636626243591,0.28927624225616455,0.33574604988098145,0.9984405040740967,0.5360720157623291,0.28827032446861267,0.33519309759140015,0.9983830451965332,0.5318734645843506,0.28709715604782104,0.3350527286529541,0.9988894462585449,0.5568808913230896,0.29524338245391846,0.4705011546611786,0.998403012752533,0.5215967297554016,0.28718459606170654,0.34815073013305664,0.9974666833877563,0.5452918410301208,0.31065982580184937,0.38297751545906067,0.9968142509460449,0.5327178239822388,0.3086485266685486,0.3432059586048126,0.9967220425605774,0.52491694688797,0.353107750415802,0.5157942771911621,0.9995285868644714,0.49629002809524536,0.31546157598495483,0.24444951117038727,0.9992731809616089,0.5264821648597717,0.42124924063682556,0.3297407031059265,0.6167337894439697,0.37283262610435486,0.30634647607803345,0.21141523122787476,0.27682527899742126,0.537528395652771,0.3751324713230133,0.018336059525609016,0.5600834488868713,0.4262920916080475,0.2788406312465668,0.3171665072441101,0.3664158582687378,0.5371891856193542,0.36757826805114746,-0.024137351661920547,0.5572507977485657,0.44508472084999084,0.27422475814819336,0.2946481704711914,0.39722946286201477,0.5415580868721008,0.35346245765686035,-0.022396553307771683,0.5592775344848633,0.4615660011768341,0.270500123500824,0.3127073347568512,0.40362972021102905,0.5376513004302979,0.3553861081600189,0.012253856286406517,0.5006194710731506,0.45398277044296265,0.2730873227119446,0.3234119117259979,0.38088178634643555,0.4203827679157257,0.49617090821266174,0.11406152695417404,0.9997023940086365,0.4007674753665924,0.4927096366882324,-0.11470293253660202,0.9996752142906189,0.43356892466545105,0.6201716661453247,0.15978853404521942,0.1086345836520195,0.4507896900177002,0.6233454346656799,-0.17627425491809845,0.08929859101772308,0.31469884514808655,0.7503460645675659,0.03606364503502846,0.14781510829925537,0.4583573341369629,0.8048679232597351,-0.2883814871311188,0.12014102935791016,0.27853015065193176,0.7708838582038879,0.0114948321133852,0.18139372766017914,0.4488206207752228,0.8394377827644348,-0.30353084206581116,0.1262185275554657,0.3352416455745697,0.7879096865653992,-0.13760942220687866,0.16500039398670197,0.5006975531578064,0.841175377368927,-0.47470393776893616,0.11746835708618164
151,5.033333333333333,0.5244952440261841,0.2476225197315216,-0.21717289090156555,0.9986597895622253,0.5307893753051758,0.23556604981422424,-0.16732555627822876,0.9979568719863892,0.5373607277870178,0.23583407700061798,-0.16792333126068115,0.9976078271865845,0.5440799593925476,0.23663032054901123,-0.16790089011192322,0.9983731508255005,0.49438971281051636,0.23313772678375244,-0.21424606442451477,0.9985886216163635,0.4892175793647766,0.23327121138572693,-0.21496209502220154,0.9985374212265015,0.4732908606529236,0.23225882649421692,-0.21532632410526276,0.9989955425262451,0.535980224609375,0.24497869610786438,0.060306038707494736,0.9985432028770447,0.4554396867752075,0.2437598705291748,-0.1527077555656433,0.9977058172225952,0.5161070823669434,0.26874440908432007,-0.12496247887611389,0.9971055388450623,0.4990675747394562,0.2634543478488922,-0.19105491042137146,0.9970337748527527,0.5527106523513794,0.3482244610786438,0.2587954103946686,0.9995485544204712,0.35782867670059204,0.328735888004303,-0.23569665849208832,0.9993407130241394,0.5751772522926331,0.4437316954135895,0.3814374804496765,0.5618047714233398,0.2317688763141632,0.40574097633361816,-0.45258569717407227,0.33943408727645874,0.6600905656814575,0.4387635588645935,0.27409595251083374,0.5160274505615234,0.1835513710975647,0.5071725249290466,-0.6430964469909668,0.3854127824306488,0.6857969760894775,0.4449314475059509,0.2588978111743927,0.5178964734077454,0.1518547236919403,0.5327640771865845,-0.7201592922210693,0.40468189120292664,0.6880483031272888,0.44338011741638184,0.19188684225082397,0.5216444134712219,0.17732149362564087,0.5377629399299622,-0.7463700771331787,0.41221657395362854,0.6828582286834717,0.44672244787216187,0.24126270413398743,0.4683544337749481,0.1931207925081253,0.5301638841629028,-0.6609915494918823,0.3904822766780853,0.49162155389785767,0.5550897717475891,0.1617918461561203,0.9997171759605408,0.38050681352615356,0.5551420450210571,-0.16228938102722168,0.9996989965438843,0.5546399354934692,0.6960331797599792,0.24165521562099457,0.11175847798585892,0.38591739535331726,0.690481424331665,-0.07973838597536087,0.11672836542129517,0.48205244541168213,0.8276786804199219,0.5594774484634399,0.15692339837551117,0.3906702995300293,0.8373240232467651,0.28329986333847046,0.15670160949230194,0.4708784818649292,0.8575358390808105,0.5773500800132751,0.19086043536663055,0.38004153966903687,0.8636075258255005,0.3127833306789398,0.14557000994682312,0.5425211191177368,0.8607150912284851,0.39853203296661377,0.17868486046791077,0.45271509885787964,0.8760414123535156,0.12026871740818024,0.14734488725662231
158,5.266666666666667,0.699436604976654,0.7525178790092468,0.4589483439922333,0.9987754225730896,0.6948462724685669,0.7678375244140625,0.4264601767063141,0.9981439113616943,0.6936909556388855,0.7690437436103821,0.42624858021736145,0.9978168606758118,0.6923258900642395,0.7699220180511475,0.42619216442108154,0.9985138177871704,0.6924640536308289,0.7659186720848083,0.4737074673175812,0.9987211227416992,0.6896758079528809,0.7655849456787109,0.4731649160385132,0.9986735582351685,0.6872230768203735,0.7653756737709045,0.47319915890693665,0.9990900158882141,0.6725042462348938,0.7702308893203735,0.3219650685787201,0.9986699819564819,0.6607769727706909,0.7657601237297058,0.5378698110580444,0.9979218244552612,0.6866225600242615,0.7467073798179626,0.43349960446357727,0.9973424077033997,0.685754656791687,0.7441272735595703,0.4920830726623535,0.9972730278968811,0.6684668064117432,0.7306615710258484,0.11961620301008224,0.9995884895324707,0.5683627724647522,0.7124529480934143,0.5236770510673523,0.999398946762085,0.5764923095703125,0.7280868291854858,-0.3019352853298187,0.5911741256713867,0.41875922679901123,0.6764289140701294,0.3719964623451233,0.3572230935096741,0.5079169869422913,0.7308954000473022,-0.6008434295654297,0.5175199508666992,0.2999923825263977,0.660682737827301,0.14294816553592682,0.4399963915348053,0.48872753977775574,0.7304425239562988,-0.6804119348526001,0.5257147550582886,0.269057959318161,0.6540275812149048,0.08192060142755508,0.45884913206100464,0.48846435546875,0.7309990525245667,-0.6705958247184753,0.5308216214179993,0.271523118019104,0.6552993059158325,0.08310815691947937,0.4652010500431061,0.48802515864372253,0.727872371673584,-0.6023594737052917,0.48082807660102844,0.2891709804534912,0.6572350859642029,0.13200613856315613,0.4438731372356415,0.6098380088806152,0.5142150521278381,-0.17965252697467804,0.9997446537017822,0.5252867341041565,0.52503502368927,0.17861796915531158,0.9997284412384033,0.7478238344192505,0.35379865765571594,-0.22160759568214417,0.19828714430332184,0.4725211560726166,0.3874288499355316,0.1660607010126114,0.18647800385951996,0.6445690393447876,0.22136206924915314,-0.2849885821342468,0.23535095155239105,0.2708947956562042,0.3302651047706604,0.17720192670822144,0.19849328696727753,0.5925639867782593,0.208693265914917,-0.2907695472240448,0.26441657543182373,0.2608427405357361,0.3607671856880188,0.18169865012168884,0.2150527685880661,0.734061598777771,0.1634635329246521,-0.3557072579860687,0.24892613291740417,0.239650160074234,0.2967298626899719,0.18386103212833405,0.19282174110412598
160,5.333333333333333,0.42211851477622986,0.25778329372406006,0.35090282559394836,0.9971186518669128,0.42330050468444824,0.2475607693195343,0.2913883626461029,0.9970721006393433,0.421306312084198,0.24774113297462463,0.29093095660209656,0.9965373873710632,0.4158673584461212,0.24888882040977478,0.2909087836742401,0.9978904128074646,0.431679368019104,0.24833795428276062,0.32276108860969543,0.9976628422737122,0.44131332635879517,0.24678325653076172,0.3221850097179413,0.9974437355995178,0.44875016808509827,0.24540452659130096,0.3220590353012085,0.9983702301979065,0.4273163974285126,0.25313302874565125,0.09588256478309631,0.998046338558197,0.47318407893180847,0.25081002712249756,0.23925140500068665,0.9961615204811096,0.4260368049144745,0.27243077754974365,0.30022376775741577,0.9934457540512085,0.4369574785232544,0.2712574005126953,0.3377021849155426,0.9911960959434509,0.40708479285240173,0.3152049779891968,-0.04483816772699356,0.9995770454406738,0.5675462484359741,0.29546377062797546,0.26776042580604553,0.999129593372345,0.2578888237476349,0.34265679121017456,-0.014003810472786427,0.570824921131134,0.6125833988189697,0.3028595447540283,0.3617244362831116,0.32319721579551697,0.13953816890716553,0.3400362730026245,0.1936264932155609,0.4993363618850708,0.6534155607223511,0.23686334490776062,0.48334506154060364,0.4031628966331482,0.11013206839561462,0.3355839252471924,0.18886905908584595,0.5099948048591614,0.6806620359420776,0.21868017315864563,0.48577582836151123,0.42463600635528564,0.1238396093249321,0.32303324341773987,0.2037232220172882,0.5134151577949524,0.6779298186302185,0.18368375301361084,0.4921392798423767,0.43001556396484375,0.1351023018360138,0.3267260491847992,0.20949900150299072,0.45470306277275085,0.6483227014541626,0.21692883968353271,0.48536744713783264,0.40615543723106384,0.4884786903858185,0.5025092959403992,-0.09658783674240112,0.9996961355209351,0.584669828414917,0.49272117018699646,0.09583551436662674,0.9996567368507385,0.453093945980072,0.6113194227218628,-0.06647197157144547,0.17961548268795013,0.586601734161377,0.6207437515258789,0.1562613695859909,0.16821250319480896,0.41623544692993164,0.7450398802757263,-0.16203776001930237,0.2142263799905777,0.6157832145690918,0.759445071220398,0.08297345787286758,0.17936764657497406,0.4333869218826294,0.7669172286987305,-0.17413347959518433,0.24900247156620026,0.628358781337738,0.784011960029602,0.07625237107276917,0.19781038165092468,0.3380057215690613,0.7673851251602173,-0.234409898519516,0.2255425751209259,0.5821617841720581,0.7838748097419739,0.029376285150647163,0.17421770095825195
161,5.366666666666666,0.42465537786483765,0.2577878534793854,0.3280986249446869,0.9973670244216919,0.4240224063396454,0.24666476249694824,0.2600666880607605,0.9973065257072449,0.4225289523601532,0.2468378245830536,0.25966283679008484,0.9968132376670837,0.4188117980957031,0.24771828949451447,0.25972145795822144,0.99805748462677,0.43293875455856323,0.24650530517101288,0.2888091206550598,0.9978552460670471,0.4409010708332062,0.24577109515666962,0.2882198691368103,0.997653067111969,0.44852203130722046,0.2447369545698166,0.28816309571266174,0.9985061287879944,0.42846226692199707,0.25312739610671997,0.026966867968440056,0.9982053637504578,0.47285473346710205,0.25053495168685913,0.15780125558376312,0.9964935183525085,0.428854376077652,0.27250057458877563,0.26695483922958374,0.9939194917678833,0.44105979800224304,0.27124840021133423,0.30068594217300415,0.9918814301490784,0.40489640831947327,0.32195034623146057,-0.11017043143510818,0.9996046423912048,0.5681430101394653,0.3056644797325134,0.22142507135868073,0.9991225004196167,0.24722476303577423,0.3424009084701538,-0.0009575386648066342,0.5554946064949036,0.5195319056510925,0.36549490690231323,0.3846534788608551,0.2910687029361725,0.13466939330101013,0.32794392108917236,0.3370862305164337,0.48413747549057007,0.3558679223060608,0.31663236021995544,0.5940626263618469,0.3645259737968445,0.09927987307310104,0.32364290952682495,0.353321373462677,0.495415598154068,0.32645270228385925,0.2984089255332947,0.6284968852996826,0.3854289948940277,0.11292539536952972,0.3127569258213043,0.35342615842819214,0.4991935193538666,0.3032064735889435,0.29516738653182983,0.6000328660011292,0.3903154730796814,0.12725788354873657,0.31737467646598816,0.34795600175857544,0.437324196100235,0.3064858615398407,0.30369555950164795,0.5823462009429932,0.3684692978858948,0.4900527000427246,0.5311464071273804,-0.09074291586875916,0.9996424317359924,0.5949211716651917,0.5220361948013306,0.09017549455165863,0.9995588660240173,0.4617292284965515,0.6529718637466431,0.11597179621458054,0.1627737134695053,0.5885165929794312,0.6554247140884399,0.30906394124031067,0.15158140659332275,0.5363749265670776,0.7960885167121887,0.1647087037563324,0.1943320482969284,0.5921438932418823,0.797592282295227,0.4118756055831909,0.16172179579734802,0.5577250123023987,0.8221240043640137,0.16339552402496338,0.22820143401622772,0.5861178636550903,0.8140077590942383,0.42219242453575134,0.17918603122234344,0.48088955879211426,0.8203153610229492,0.11450426280498505,0.20415864884853363,0.5430222153663635,0.8027675747871399,0.41110366582870483,0.15715093910694122
163,5.433333333333334,0.3846898376941681,0.28195250034332275,-0.005504871252924204,0.997602641582489,0.3920748829841614,0.2699068486690521,-0.07231757044792175,0.9975482225418091,0.3969828188419342,0.26954081654548645,-0.07273606210947037,0.9970902800559998,0.4002772569656372,0.26933524012565613,-0.07247394323348999,0.9982198476791382,0.3910640776157379,0.2701050043106079,-0.009582237340509892,0.9980536699295044,0.39265280961990356,0.27015501260757446,-0.010393988341093063,0.9978692531585693,0.3938557803630829,0.2700878977775574,-0.010605921968817711,0.9986448287963867,0.4294365644454956,0.2726149260997772,-0.25408387184143066,0.9983474016189575,0.427263468503952,0.2730723023414612,0.030806589871644974,0.9968234300613403,0.39985114336013794,0.29536643624305725,-0.04914426431059837,0.9942797422409058,0.3974376618862152,0.2959458529949188,0.028715558350086212,0.9924976229667664,0.42940300703048706,0.34139540791511536,-0.3506509065628052,0.9995539784431458,0.5621753334999084,0.3337438702583313,0.1895350068807602,0.9990996718406677,0.24314695596694946,0.33122098445892334,-0.299465149641037,0.5105968117713928,0.5647417902946472,0.3833780884742737,0.46901240944862366,0.2621341943740845,0.2506202459335327,0.32315611839294434,0.02439810521900654,0.44257548451423645,0.45316287875175476,0.35026615858078003,0.6994530558586121,0.32956698536872864,0.24570053815841675,0.31745976209640503,0.029981281608343124,0.45627331733703613,0.4349055290222168,0.34117990732192993,0.735509991645813,0.34995171427726746,0.2619462311267853,0.3133973181247711,0.02045353129506111,0.46006229519844055,0.41803714632987976,0.3400864601135254,0.6943994760513306,0.3544168770313263,0.27316877245903015,0.317402184009552,0.03048446774482727,0.4028496742248535,0.419624924659729,0.3449743390083313,0.6821682453155518,0.3346078097820282,0.5293241143226624,0.5578253865242004,-0.16324247419834137,0.9996273517608643,0.6210218667984009,0.5478650331497192,0.16282619535923004,0.9995604753494263,0.5406601428985596,0.6781330108642578,0.2048635333776474,0.14768511056900024,0.5986831188201904,0.6617913246154785,0.448970764875412,0.13665646314620972,0.5921117067337036,0.8060515522956848,0.4429965019226074,0.1788567751646042,0.609915018081665,0.7913911938667297,0.6280526518821716,0.14619705080986023,0.6243868470191956,0.826901912689209,0.4602389335632324,0.21334081888198853,0.6267551779747009,0.8074994087219238,0.6456493139266968,0.16358277201652527,0.509121298789978,0.8314140439033508,0.4089636206626892,0.18729540705680847,0.5369080901145935,0.8029422760009766,0.639187753200531,0.14252609014511108
164,5.466666666666667,0.3817155063152313,0.2890724539756775,-0.05837288871407509,0.9978074431419373,0.3890579640865326,0.27283722162246704,-0.11652065068483353,0.9977570176124573,0.39469990134239197,0.27186551690101624,-0.11679378896951675,0.9973281621932983,0.3991989195346832,0.2711099088191986,-0.11650259047746658,0.9983481168746948,0.38587236404418945,0.27287915349006653,-0.04926145821809769,0.9982303977012634,0.38819190859794617,0.2720174789428711,-0.050185080617666245,0.9980650544166565,0.3899797797203064,0.27115532755851746,-0.05053550750017166,0.998769998550415,0.43538492918014526,0.27261587977409363,-0.2735430896282196,0.9984521865844727,0.428006112575531,0.2728028893470764,0.02738591842353344,0.9971269965171814,0.39986318349838257,0.30121397972106934,-0.0965382382273674,0.9944983124732971,0.39725783467292786,0.30139806866645813,-0.012960330583155155,0.9929945468902588,0.4625977873802185,0.3475431799888611,-0.35816094279289246,0.9994015097618103,0.5755545496940613,0.3308553099632263,0.15219084918498993,0.9990921020507812,0.28934457898139954,0.32784077525138855,-0.45754101872444153,0.49788281321525574,0.5806822180747986,0.39004287123680115,0.36581090092658997,0.2375706285238266,0.3040032684803009,0.2851552665233612,-0.3081663250923157,0.4104739725589752,0.4857575297355652,0.40092307329177856,0.5381293296813965,0.2972675561904907,0.2953813374042511,0.27499231696128845,-0.32382938265800476,0.4281875789165497,0.46451377868652344,0.4037550091743469,0.5710756778717041,0.3159177303314209,0.30654844641685486,0.26869872212409973,-0.3212278485298157,0.43278104066848755,0.45254966616630554,0.4042232632637024,0.5312456488609314,0.31993812322616577,0.3179144263267517,0.2742806077003479,-0.30329862236976624,0.37964653968811035,0.4595556855201721,0.4038213789463043,0.5221189260482788,0.30215829610824585,0.5296371579170227,0.5532599687576294,-0.1710069328546524,0.9996098279953003,0.6225085854530334,0.5448600053787231,0.17041850090026855,0.999555766582489,0.45918887853622437,0.6793011426925659,0.028538133949041367,0.14154979586601257,0.5559049844741821,0.6535680890083313,0.424612432718277,0.12364406138658524,0.588890016078949,0.7984500527381897,-0.005944086238741875,0.20875130593776703,0.6045867204666138,0.7774800062179565,0.4210737943649292,0.1340162754058838,0.6310502290725708,0.8169706463813782,-0.014760656282305717,0.2618364989757538,0.6347656846046448,0.7976044416427612,0.4184448719024658,0.15601235628128052,0.5110247135162354,0.8309415578842163,-0.09272179007530212,0.22274309396743774,0.5365703701972961,0.8029303550720215,0.39863303303718567,0.13331429660320282
166,5.533333333333333,0.42284199595451355,0.30300650000572205,-0.15110020339488983,0.9979028105735779,0.44099506735801697,0.28504881262779236,-0.15812698006629944,0.9978681802749634,0.45070430636405945,0.2829591631889343,-0.1586492359638214,0.9974662065505981,0.46065157651901245,0.28131401538848877,-0.15852688252925873,0.9984394311904907,0.42172694206237793,0.2897096872329712,-0.10962212085723877,0.9983205199241638,0.4176349341869354,0.2912232577800751,-0.11030136048793793,0.9981665015220642,0.4131186902523041,0.29256439208984375,-0.11065565794706345,0.9988301992416382,0.5071955919265747,0.28365981578826904,-0.110805943608284,0.9985741972923279,0.440582275390625,0.29786014556884766,0.11457458138465881,0.9973261952400208,0.4549996256828308,0.31823208928108215,-0.11942072212696075,0.9949215054512024,0.44344502687454224,0.31965547800064087,-0.05919191613793373,0.9934947490692139,0.6384568810462952,0.3470590114593506,-0.11250842362642288,0.9994034171104431,0.45472192764282227,0.373271644115448,0.24021652340888977,0.9990095496177673,0.7246609926223755,0.37090909481048584,-0.16486656665802002,0.5341694355010986,0.4563271403312683,0.4230043292045593,0.4355567395687103,0.21975253522396088,0.5399497747421265,0.35792234539985657,0.00441772909834981,0.3981398642063141,0.46249091625213623,0.3902478814125061,0.5736374258995056,0.2734683156013489,0.4869708716869354,0.3609435558319092,0.007998988032341003,0.4091011583805084,0.46529421210289,0.3873583674430847,0.5892598032951355,0.2946563959121704,0.4752582013607025,0.34984034299850464,0.04391597956418991,0.4117026925086975,0.4681532084941864,0.3757641911506653,0.5887873768806458,0.2980818748474121,0.4959580600261688,0.351634681224823,0.030101630836725235,0.3586733937263489,0.4693997800350189,0.3768262267112732,0.5750903487205505,0.2827492952346802,0.6520274877548218,0.5720852613449097,-0.08079630136489868,0.9996423721313477,0.5045887231826782,0.5867976546287537,0.08071071654558182,0.9995940923690796,0.8403570652008057,0.7156375050544739,-0.491068959236145,0.22039909660816193,0.33503466844558716,0.6918878555297852,-0.5117348432540894,0.20739446580410004,0.6238837242126465,0.7153276801109314,0.05080104246735573,0.22101104259490967,0.5607982277870178,0.7698543071746826,-0.250931054353714,0.19239750504493713,0.5974895358085632,0.7006387114524841,0.11726175248622894,0.2702324092388153,0.6104974150657654,0.7713369727134705,-0.2098102569580078,0.20915749669075012,0.5236031413078308,0.7501905560493469,0.09931277483701706,0.2282949686050415,0.5486689805984497,0.8171433210372925,-0.25884342193603516,0.1852581650018692
167,5.566666666666666,0.42052075266838074,0.28950756788253784,-0.4560391306877136,0.9972285628318787,0.43820902705192566,0.2707695960998535,-0.4542563259601593,0.9972763061523438,0.4483991265296936,0.26853570342063904,-0.45480215549468994,0.9966434240341187,0.4587731957435608,0.26676109433174133,-0.4546436369419098,0.9979436993598938,0.42148467898368835,0.27191752195358276,-0.40742164850234985,0.997953474521637,0.41553014516830444,0.2744152545928955,-0.40809187293052673,0.9977587461471558,0.41177400946617126,0.2754577696323395,-0.4085269570350647,0.9985525012016296,0.503363311290741,0.2703273892402649,-0.339028537273407,0.9983393549919128,0.42764994502067566,0.2862618863582611,-0.12531864643096924,0.9969211220741272,0.4529607594013214,0.3048303723335266,-0.398691862821579,0.9943040013313293,0.4364032745361328,0.30934280157089233,-0.3420686721801758,0.9926270842552185,0.6356645226478577,0.34016045928001404,-0.32580429315567017,0.9988175630569458,0.43402808904647827,0.36810439825057983,0.0640338584780693,0.9973395466804504,0.7578633427619934,0.36693626642227173,-0.6698755025863647,0.5558223128318787,0.4451351463794708,0.42574769258499146,0.11101580411195755,0.20185285806655884,0.6170785427093506,0.29723066091537476,-0.9246806502342224,0.39437246322631836,0.46271759271621704,0.41266363859176636,-0.007957656867802143,0.25158238410949707,0.5783179402351379,0.28065916895866394,-1.0020278692245483,0.4034571945667267,0.4671885669231415,0.41543644666671753,-0.041523952037096024,0.2738583981990814,0.5642040967941284,0.2652336359024048,-0.9554349184036255,0.40369805693626404,0.47132641077041626,0.40378397703170776,-0.059961769729852676,0.2771337032318115,0.5778226852416992,0.2744094729423523,-0.9065345525741577,0.3456059694290161,0.47234565019607544,0.40289825201034546,-0.0213558841496706,0.26375892758369446,0.6523969173431396,0.5804587602615356,-0.08654927462339401,0.9995962381362915,0.5038620829582214,0.587324321269989,0.0864170640707016,0.9995524883270264,0.8409093022346497,0.7344828248023987,-0.3109648823738098,0.2602306604385376,0.30387651920318604,0.7252784371376038,-0.5042409896850586,0.26790985465049744,0.6765836477279663,0.7697281837463379,0.11945989727973938,0.23639126121997833,0.5762869715690613,0.7612988352775574,-0.12895320355892181,0.2160070389509201,0.6572848558425903,0.7674525380134583,0.16438651084899902,0.2734017074108124,0.623759388923645,0.7582293748855591,-0.07980646938085556,0.24063421785831451,0.5875206589698792,0.8029919862747192,0.019206982105970383,0.23653154075145721,0.6153679490089417,0.8029707074165344,-0.19965828955173492,0.20678913593292236
168,5.6,0.4726545214653015,0.27322208881378174,-0.3729279041290283,0.9974970817565918,0.4915025532245636,0.2537992596626282,-0.34008079767227173,0.9975380301475525,0.5045214891433716,0.25343596935272217,-0.3406239449977875,0.9969660639762878,0.5137963891029358,0.25345441699028015,-0.3404651880264282,0.9981421828269958,0.4577409625053406,0.2543703317642212,-0.31316280364990234,0.9981460571289062,0.444418340921402,0.2550138533115387,-0.3138239085674286,0.9979639649391174,0.4351870119571686,0.25498300790786743,-0.3141888380050659,0.9986809492111206,0.5350525379180908,0.26172110438346863,-0.18883101642131805,0.9984998106956482,0.4357929527759552,0.26353996992111206,-0.03420785814523697,0.9971928596496582,0.49513304233551025,0.2889103293418884,-0.29642361402511597,0.9948394298553467,0.4616878926753998,0.2938203811645508,-0.26620811223983765,0.9932818412780762,0.6356936693191528,0.340579092502594,-0.1364835500717163,0.998893141746521,0.440718412399292,0.34584325551986694,0.1344854086637497,0.997259259223938,0.8235588073730469,0.38097333908081055,-0.420195996761322,0.5800583958625793,0.38174039125442505,0.3259929418563843,0.20541247725486755,0.22261330485343933,0.6843883395195007,0.3179975748062134,-0.6395600438117981,0.422737181186676,0.478036105632782,0.23453561961650848,0.3208344578742981,0.2525533139705658,0.6447153687477112,0.3107419013977051,-0.6974486708641052,0.4238396883010864,0.5085660815238953,0.21159911155700684,0.3198655843734741,0.265115350484848,0.6242893934249878,0.29567962884902954,-0.6524838805198669,0.4216444194316864,0.515146017074585,0.20716197788715363,0.2896396517753601,0.26498717069625854,0.6356021165847778,0.30204346776008606,-0.6215104460716248,0.3573210537433624,0.507230281829834,0.21859809756278992,0.31661975383758545,0.25289076566696167,0.6478525400161743,0.5707575678825378,-0.10619848221540451,0.9995094537734985,0.5130876898765564,0.5754198431968689,0.10567773133516312,0.9994307160377502,0.6275933980941772,0.6959125995635986,-0.19184920191764832,0.237955704331398,0.473450243473053,0.7115766406059265,0.08446547389030457,0.24312981963157654,0.6644502878189087,0.7961834073066711,0.06448854506015778,0.2164933681488037,0.5848159790039062,0.7947401404380798,0.40490102767944336,0.19628846645355225,0.6738030314445496,0.8129969835281372,0.07058112323284149,0.2531304955482483,0.6228220462799072,0.8058101534843445,0.4355456829071045,0.22331847250461578,0.583812415599823,0.8324183225631714,-0.09433329850435257,0.21824327111244202,0.5522198677062988,0.8298552632331848,0.35307052731513977,0.1888568103313446
170,5.666666666666667,0.48360586166381836,0.2683808505535126,-0.5249912738800049,0.9977458119392395,0.49298781156539917,0.2558479607105255,-0.5320678353309631,0.9977827072143555,0.4992740750312805,0.2552828788757324,-0.5325113534927368,0.9972670674324036,0.5059163570404053,0.2550266683101654,-0.5324606895446777,0.9983267784118652,0.47684547305107117,0.255536824464798,-0.5099456310272217,0.9983304142951965,0.47277650237083435,0.2547767758369446,-0.5105280876159668,0.9981663227081299,0.46836966276168823,0.25392264127731323,-0.5107805728912354,0.9988119602203369,0.5280279517173767,0.2506755590438843,-0.47295328974723816,0.998648464679718,0.47250786423683167,0.2498791515827179,-0.3709618151187897,0.9974684715270996,0.4938910901546478,0.27654677629470825,-0.49067187309265137,0.995348334312439,0.4771316647529602,0.2728564441204071,-0.4643322825431824,0.9939433336257935,0.6096484065055847,0.2848169803619385,-0.4126152992248535,0.9990021586418152,0.4482644498348236,0.2874377965927124,-0.22183886170387268,0.9975262880325317,0.7300716042518616,0.30697891116142273,-0.4674781262874603,0.5509724617004395,0.3625577390193939,0.30319687724113464,-0.25440332293510437,0.2296275496482849,0.7858794927597046,0.31232184171676636,-0.5412903428077698,0.3990313708782196,0.27119967341423035,0.31551146507263184,-0.3917166292667389,0.2658964693546295,0.8014208674430847,0.30956023931503296,-0.5738002061843872,0.39943286776542664,0.2232143133878708,0.3182486891746521,-0.4238491356372833,0.2711288332939148,0.78642737865448,0.30318132042884827,-0.6118631362915039,0.4002402424812317,0.2385723888874054,0.31603625416755676,-0.4605262875556946,0.2736406624317169,0.779603898525238,0.30489519238471985,-0.5582512617111206,0.3419262170791626,0.2566876709461212,0.31731855869293213,-0.4154597520828247,0.263394832611084,0.6379119157791138,0.40308743715286255,-0.08570664376020432,0.9995502829551697,0.5563850402832031,0.39432433247566223,0.08482120931148529,0.9994727373123169,0.5339343547821045,0.4923474192619324,-0.061471741646528244,0.2695195972919464,0.48139119148254395,0.41506463289260864,0.2520984709262848,0.22146926820278168,0.46003660559654236,0.6107946634292603,-0.0563012957572937,0.2793952226638794,0.4155787229537964,0.39833375811576843,0.30017155408859253,0.17961543798446655,0.4664982259273529,0.6285135746002197,-0.06362598389387131,0.30615538358688354,0.4238207936286926,0.4051223397254944,0.3029709458351135,0.20922142267227173,0.37770843505859375,0.641769289970398,-0.26525792479515076,0.2832200527191162,0.35877275466918945,0.38105884194374084,0.2045203149318695,0.1800764948129654
171,5.7,0.5101221799850464,0.2555767893791199,-0.6629126667976379,0.9979711174964905,0.5306779742240906,0.23813311755657196,-0.6386180520057678,0.9980042576789856,0.5401678681373596,0.23832817375659943,-0.6390629410743713,0.9975401163101196,0.5499321818351746,0.23883816599845886,-0.6391916275024414,0.9984939694404602,0.5045664310455322,0.2392442524433136,-0.6257340908050537,0.9984972476959229,0.4955713450908661,0.24001295864582062,-0.6263532638549805,0.9983495473861694,0.49266865849494934,0.2394489347934723,-0.6266485452651978,0.9989306330680847,0.5699981451034546,0.24249562621116638,-0.4728357493877411,0.998783528804779,0.4821608364582062,0.24004192650318146,-0.4034164845943451,0.9977211952209473,0.524953305721283,0.26676779985427856,-0.5900716781616211,0.995813250541687,0.5052357316017151,0.26768696308135986,-0.5761663913726807,0.9945486187934875,0.6504656076431274,0.30964234471321106,-0.3758499026298523,0.9991009831428528,0.4459702670574188,0.3026699423789978,-0.20539109408855438,0.9977678656578064,0.8019998073577881,0.3450537323951721,-0.4807354807853699,0.5937236547470093,0.40870794653892517,0.35922569036483765,-0.16188761591911316,0.28070133924484253,0.8882155418395996,0.32628658413887024,-0.7112470865249634,0.45439469814300537,0.40195637941360474,0.37011805176734924,-0.28905317187309265,0.2861796021461487,0.9133989214897156,0.3157818615436554,-0.7808239459991455,0.45199859142303467,0.3945971131324768,0.3753977417945862,-0.3220691382884979,0.28938400745391846,0.9054279923439026,0.31176355481147766,-0.8226763606071472,0.45392104983329773,0.39789170026779175,0.3674803376197815,-0.3661532402038574,0.29435425996780396,0.8921199440956116,0.3128248155117035,-0.7350427508354187,0.40071597695350647,0.40583452582359314,0.3657585382461548,-0.31201499700546265,0.28613296151161194,0.6618420481681824,0.4314303398132324,-0.0825975090265274,0.9995784759521484,0.5521636009216309,0.43052616715431213,0.08187302201986313,0.9994984865188599,0.6251932978630066,0.5080302357673645,-0.5016213059425354,0.3337206542491913,0.4763745069503784,0.4955979287624359,-0.2645842134952545,0.2613719403743744,0.5489743947982788,0.6495009064674377,-0.46120917797088623,0.33352431654930115,0.43973422050476074,0.6054137945175171,-0.12497774511575699,0.20164377987384796,0.5431393384933472,0.6704396605491638,-0.4676777422428131,0.3486584424972534,0.45572954416275024,0.6257203817367554,-0.11752460151910782,0.22546398639678955,0.5050846934318542,0.6896063089370728,-0.720108687877655,0.3384072780609131,0.38470932841300964,0.6345779299736023,-0.3088056445121765,0.20554108917713165
172,5.733333333333333,0.5139080286026001,0.24900579452514648,-0.6837846040725708,0.9981421828269958,0.5274761915206909,0.23620501160621643,-0.6784335970878601,0.9980619549751282,0.5341737270355225,0.2362908124923706,-0.6789616942405701,0.9976508021354675,0.5413166284561157,0.23673181235790253,-0.6790462136268616,0.9985101222991943,0.5101647973060608,0.2360205203294754,-0.6627015471458435,0.9985581636428833,0.5054776668548584,0.23599231243133545,-0.6633166074752808,0.9984564185142517,0.5022666454315186,0.23550233244895935,-0.6636524200439453,0.998981237411499,0.5601561665534973,0.24129867553710938,-0.5713365077972412,0.9988584518432617,0.5003805160522461,0.23868480324745178,-0.4980974495410919,0.9978772401809692,0.5269725322723389,0.2612558603286743,-0.6348859667778015,0.9961389303207397,0.5103393197059631,0.261286199092865,-0.6169962286949158,0.9949963688850403,0.6432167291641235,0.30458131432533264,-0.4728713929653168,0.9991148114204407,0.4527120292186737,0.30269163846969604,-0.33622604608535767,0.997926652431488,0.7793806195259094,0.3400181531906128,-0.571517288684845,0.6259357929229736,0.40116530656814575,0.3421526253223419,-0.46429088711738586,0.3481605350971222,0.9013153314590454,0.3319350481033325,-0.770488977432251,0.4731161892414093,0.2546856701374054,0.3665541708469391,-0.7667025923728943,0.3528229892253876,0.9401014447212219,0.3250889182090759,-0.8203896284103394,0.46412393450737,0.21025621891021729,0.34447187185287476,-0.8276844620704651,0.35339513421058655,0.9407782554626465,0.31977730989456177,-0.880814790725708,0.470380574464798,0.19641859829425812,0.3406439423561096,-0.8801785111427307,0.3592640459537506,0.9362334609031677,0.3146851360797882,-0.8024340867996216,0.4232825040817261,0.21676240861415863,0.34712034463882446,-0.8027476072311401,0.35238412022590637,0.6575580835342407,0.45120635628700256,-0.05601608380675316,0.9993972182273865,0.5500825047492981,0.45329561829566956,0.055379994213581085,0.9993738532066345,0.7061710953712463,0.527603268623352,-0.29704150557518005,0.3879387080669403,0.4863934814929962,0.5361008048057556,-0.09877732396125793,0.31060391664505005,0.7942715287208557,0.6111623048782349,-0.07987798750400543,0.37296438217163086,0.4419955313205719,0.6433769464492798,0.10647457838058472,0.25046056509017944,0.8041171431541443,0.6210198998451233,-0.06177832931280136,0.37504342198371887,0.45214521884918213,0.662371814250946,0.1165676862001419,0.2609700858592987,0.8066468238830566,0.6306068301200867,-0.28305360674858093,0.37893784046173096,0.3953622579574585,0.6688241958618164,-0.06334858387708664,0.2528645694255829
173,5.766666666666667,0.5840437412261963,0.24024271965026855,-0.7546939253807068,0.9983003735542297,0.5879828929901123,0.22908742725849152,-0.7213858962059021,0.9980908036231995,0.5986833572387695,0.2291247546672821,-0.7219803929328918,0.9977321624755859,0.6048991680145264,0.23147816956043243,-0.7220908999443054,0.9985045194625854,0.5739251971244812,0.22757355868816376,-0.7309170961380005,0.9986127018928528,0.5663472414016724,0.22702129185199738,-0.7314927577972412,0.9985487461090088,0.5587021708488464,0.226255863904953,-0.7318480014801025,0.9990180134773254,0.6119909286499023,0.24013462662696838,-0.5308137536048889,0.9989205002784729,0.5368139743804932,0.2338593453168869,-0.5557899475097656,0.998016357421875,0.589630663394928,0.257341206073761,-0.6709890961647034,0.9964504837989807,0.5646032691001892,0.2551676332950592,-0.687435507774353,0.9954402446746826,0.6771740913391113,0.32182225584983826,-0.3942166566848755,0.9991376399993896,0.4505738615989685,0.3246021866798401,-0.3956288993358612,0.9980892539024353,0.8251526951789856,0.34774303436279297,-0.4653945863246918,0.6585506200790405,0.3417300879955292,0.34341883659362793,-0.5597119927406311,0.41218066215515137,0.9569855332374573,0.32808223366737366,-0.692592442035675,0.5147190690040588,0.16539981961250305,0.3440077602863312,-0.9079760909080505,0.41698843240737915,0.9809750318527222,0.32260558009147644,-0.7426773309707642,0.5057074427604675,0.12976399064064026,0.32510703802108765,-0.9923184514045715,0.41731444001197815,0.9839103817939758,0.316758930683136,-0.808017373085022,0.5133979916572571,0.1360590159893036,0.32393988966941833,-1.043114423751831,0.42274630069732666,0.9725173711776733,0.31414398550987244,-0.7269847393035889,0.47157037258148193,0.1528031826019287,0.324449747800827,-0.9453684687614441,0.41657039523124695,0.662945568561554,0.4752586781978607,-0.0014352977741509676,0.9992568492889404,0.540238082408905,0.48742222785949707,0.0008849970763549209,0.9992949962615967,0.8124085068702698,0.5473716855049133,-0.12683972716331482,0.43601521849632263,0.492947518825531,0.5881281495094299,-0.30290916562080383,0.37427783012390137,0.9405755996704102,0.6223572492599487,0.20276673138141632,0.4247676730155945,0.4603257179260254,0.7146373987197876,-0.01830253191292286,0.31804823875427246,0.9505394697189331,0.6351467370986938,0.2176467925310135,0.4176858067512512,0.46918216347694397,0.7330054044723511,0.0005778492777608335,0.3153611421585083,0.9897802472114563,0.6415194869041443,-0.029818961396813393,0.4291025996208191,0.43471112847328186,0.7587829828262329,-0.2500631511211395,0.3149954676628113
174,5.8,0.6597120761871338,0.24503520131111145,-0.33854377269744873,0.9984667301177979,0.6566977500915527,0.23183245956897736,-0.3018553853034973,0.9982665181159973,0.657918393611908,0.23179002106189728,-0.3025578260421753,0.9979445338249207,0.6594042778015137,0.23266105353832245,-0.3026973009109497,0.9986448287963867,0.6408410668373108,0.2310694009065628,-0.35630425810813904,0.9987421631813049,0.6289156079292297,0.23088359832763672,-0.35685375332832336,0.9986855983734131,0.6279376149177551,0.2295212298631668,-0.3570888042449951,0.9991077184677124,0.6315242052078247,0.2411327362060547,-0.11581780016422272,0.9990247488021851,0.5702945590019226,0.2360086441040039,-0.3713681399822235,0.9981982707977295,0.6364094614982605,0.25901293754577637,-0.258852481842041,0.996793270111084,0.6177628040313721,0.2566774785518646,-0.33562925457954407,0.9958832263946533,0.660527229309082,0.323330819606781,0.02397957444190979,0.9992210268974304,0.43975257873535156,0.33509400486946106,-0.3224877417087555,0.998262882232666,0.7985022664070129,0.35240060091018677,0.23642215132713318,0.6773921251296997,0.2870190441608429,0.365528404712677,-0.43564245104789734,0.46827012300491333,0.9315422773361206,0.3308395743370056,0.2860631048679352,0.5578041672706604,0.14199046790599823,0.3442842364311218,-0.6223190426826477,0.47200602293014526,0.9684205651283264,0.32118239998817444,0.308659166097641,0.5458715558052063,0.12122388184070587,0.3380421996116638,-0.6728442907333374,0.46995580196380615,0.971801221370697,0.31558728218078613,0.23386406898498535,0.5542082190513611,0.1262311041355133,0.33196935057640076,-0.7168263792991638,0.4755938649177551,0.9579926133155823,0.31766456365585327,0.2539268732070923,0.5165280699729919,0.14843487739562988,0.33715757727622986,-0.6515087485313416,0.46895259618759155,0.6379426121711731,0.504125714302063,0.08963597565889359,0.9992381930351257,0.527165412902832,0.5152975916862488,-0.09010975062847137,0.9992104172706604,0.736986517906189,0.6002434492111206,0.18763065338134766,0.3971434235572815,0.49181124567985535,0.633510947227478,-0.16923940181732178,0.3450964391231537,0.7130623459815979,0.7143667936325073,0.4367476999759674,0.3857574164867401,0.4582834541797638,0.7619107365608215,0.09981980919837952,0.291008323431015,0.7062564492225647,0.7361666560173035,0.4487248659133911,0.3845859169960022,0.452260285615921,0.7836464047431946,0.09534642100334167,0.28937578201293945,0.734849214553833,0.7369556427001953,0.3014735281467438,0.39157670736312866,0.4191640615463257,0.7945734262466431,-0.068820521235466,0.2879561483860016
175,5.833333333333333,0.6877156496047974,0.24922072887420654,-0.18524311482906342,0.9986134767532349,0.6840490698814392,0.2327524721622467,-0.14984528720378876,0.9984198212623596,0.6814444065093994,0.2323574721813202,-0.15061761438846588,0.9981306195259094,0.6826162934303284,0.23430463671684265,-0.1507093608379364,0.9987686276435852,0.6739163994789124,0.231941819190979,-0.19928129017353058,0.9988552331924438,0.6574742197990417,0.23183615505695343,-0.19987735152244568,0.9988042116165161,0.648793637752533,0.231124609708786,-0.20015740394592285,0.9991855025291443,0.6538237929344177,0.2513456344604492,0.019565774127840996,0.9991171360015869,0.5957906246185303,0.2400316447019577,-0.20979364216327667,0.998359203338623,0.6542901992797852,0.26604753732681274,-0.11257018148899078,0.997098445892334,0.6484185457229614,0.26818352937698364,-0.1829202026128769,0.9962794184684753,0.65501868724823,0.33113333582878113,0.09990634024143219,0.9992954134941101,0.4401493966579437,0.3445013463497162,-0.17495197057724,0.9984139800071716,0.7527915835380554,0.35900384187698364,0.3810907006263733,0.6524885892868042,0.29116886854171753,0.37024545669555664,-0.3283192217350006,0.5071560740470886,0.8973988890647888,0.3387628495693207,0.5703557133674622,0.5808253884315491,0.16359400749206543,0.339999258518219,-0.39505141973495483,0.5069796442985535,0.9325813055038452,0.3284013271331787,0.6057541966438293,0.5671254396438599,0.13357605040073395,0.3331248164176941,-0.44096115231513977,0.5015172362327576,0.9352196455001831,0.32404088973999023,0.5307892560958862,0.5776565670967102,0.13571105897426605,0.32735127210617065,-0.4487924873828888,0.5079085826873779,0.9222621321678162,0.3283115327358246,0.541495680809021,0.5445336699485779,0.14698496460914612,0.3316521942615509,-0.40907567739486694,0.4990341067314148,0.6283028721809387,0.5386489629745483,0.0681910365819931,0.9992725849151611,0.5151407718658447,0.5455646514892578,-0.06871826201677322,0.9992288947105408,0.6874474287033081,0.6584450602531433,0.3685716986656189,0.3608245849609375,0.48479461669921875,0.674297571182251,0.17801029980182648,0.313326895236969,0.6638607382774353,0.7503310441970825,0.8094424605369568,0.34917643666267395,0.4530552625656128,0.791273295879364,0.5737631320953369,0.2662934958934784,0.6593557596206665,0.7664875388145447,0.8449215292930603,0.3495129346847534,0.45568498969078064,0.8136407136917114,0.6050650477409363,0.26445263624191284,0.6563768982887268,0.7777339220046997,0.7483911514282227,0.35541248321533203,0.4197714924812317,0.8181067705154419,0.47615882754325867,0.26308977603912354
176,5.866666666666666,0.7044087052345276,0.27977174520492554,-0.39255934953689575,0.9987085461616516,0.7012909650802612,0.2601410150527954,-0.3792512118816376,0.9984918832778931,0.6973520517349243,0.258942574262619,-0.37985116243362427,0.998217761516571,0.6939297914505005,0.2581408619880676,-0.3799011707305908,0.9988490343093872,0.6974419355392456,0.2600507438182831,-0.3419508934020996,0.9989168047904968,0.6901524662971497,0.25920480489730835,-0.3431273400783539,0.9988593459129333,0.6803001165390015,0.257795512676239,-0.3440912663936615,0.9992180466651917,0.65817791223526,0.26030099391937256,-0.21782046556472778,0.9991817474365234,0.6278528571128845,0.25882112979888916,-0.5565617084503174,0.9983803033828735,0.6763195991516113,0.29434138536453247,-0.33434754610061646,0.9973138570785522,0.6698270440101624,0.29515594244003296,-0.3611206114292145,0.9965787529945374,0.6407599449157715,0.33133888244628906,-0.010746580548584461,0.9993640184402466,0.47306331992149353,0.34971946477890015,-0.5621586441993713,0.9985464215278625,0.7287991642951965,0.35454028844833374,0.3946842551231384,0.6114220023155212,0.30842894315719604,0.397880494594574,-0.762959361076355,0.5260317921638489,0.8653870224952698,0.3451201617717743,0.6319326758384705,0.5922903418540955,0.31180647015571594,0.42028912901878357,-0.8716126084327698,0.4802893102169037,0.9186838865280151,0.3400357663631439,0.6828286647796631,0.5745313763618469,0.302733451128006,0.4230400621891022,-0.9372059106826782,0.468971848487854,0.9161612391471863,0.3357711434364319,0.5967506766319275,0.5867504477500916,0.3299860656261444,0.41807231307029724,-0.9381387233734131,0.475892573595047,0.9151830077171326,0.3386731743812561,0.6021409630775452,0.55584716796875,0.3352814018726349,0.41798534989356995,-0.8776093125343323,0.4637996256351471,0.6053444743156433,0.5428672432899475,0.174062117934227,0.9993207454681396,0.5142908096313477,0.5492215752601624,-0.1745457798242569,0.9992530345916748,0.7053741216659546,0.6558481454849243,0.4304943382740021,0.32577475905418396,0.5388249754905701,0.6694302558898926,-0.1854567676782608,0.28594934940338135,0.5575324892997742,0.7172963619232178,0.8179810643196106,0.31507453322410583,0.3996661305427551,0.7306258082389832,0.16975443065166473,0.24308763444423676,0.5179501175880432,0.7249921560287476,0.8486713767051697,0.3173663318157196,0.3757263123989105,0.7398098707199097,0.2113019973039627,0.24240121245384216,0.545188307762146,0.7470285892486572,0.8166024088859558,0.321115106344223,0.354522168636322,0.7552904486656189,0.2765897512435913,0.24021883308887482
177,5.9,0.6953266263008118,0.2896311581134796,-0.4305677115917206,0.9988174438476562,0.6974374651908875,0.2719356119632721,-0.40429797768592834,0.9985949993133545,0.6973108649253845,0.2709845006465912,-0.4050237834453583,0.9983389973640442,0.6974095106124878,0.2703970968723297,-0.4051381051540375,0.9989267587661743,0.6873926520347595,0.2709406018257141,-0.3942358195781708,0.9990029335021973,0.6811983585357666,0.26960840821266174,-0.39441731572151184,0.9989525675773621,0.6721370816230774,0.2667767107486725,-0.39420029520988464,0.9992791414260864,0.6679859757423401,0.2683141529560089,-0.1967964619398117,0.9992483258247375,0.6293515563011169,0.264922559261322,-0.5697359442710876,0.9985069632530212,0.677346408367157,0.302487313747406,-0.34032970666885376,0.9975005984306335,0.665117621421814,0.30107221007347107,-0.38865533471107483,0.9968580007553101,0.6333617568016052,0.3380398154258728,0.0797131359577179,0.9993820190429688,0.47989794611930847,0.3544471263885498,-0.5874834060668945,0.9986200332641602,0.694290280342102,0.3775556683540344,0.6622660756111145,0.5562294125556946,0.2983720898628235,0.40478411316871643,-0.8665683269500732,0.5531562566757202,0.7663499712944031,0.37399888038635254,1.1014314889907837,0.5473363995552063,0.1165628507733345,0.37985754013061523,-1.032232642173767,0.488571435213089,0.7866034507751465,0.372698038816452,1.200125813484192,0.5345051884651184,0.07269436866044998,0.385775089263916,-1.1065057516098022,0.47666552662849426,0.7693641781806946,0.35714492201805115,1.108798861503601,0.5475408434867859,0.06821601092815399,0.37824535369873047,-1.1175849437713623,0.4852595329284668,0.7683854699134827,0.36248350143432617,1.0751476287841797,0.5205202102661133,0.08268757164478302,0.37697672843933105,-1.0466829538345337,0.4694257974624634,0.5909882187843323,0.5657424926757812,0.21344326436519623,0.9990752935409546,0.49150705337524414,0.5766281485557556,-0.21361859142780304,0.998953104019165,0.7183052897453308,0.6640715003013611,0.4661669135093689,0.29730793833732605,0.5698371529579163,0.6963056325912476,-0.11947973817586899,0.26560136675834656,0.5879772901535034,0.7874346375465393,0.9382699728012085,0.2860223054885864,0.5235927700996399,0.818529486656189,0.4064262807369232,0.22284893691539764,0.5374385714530945,0.8052026629447937,0.9768426418304443,0.2905294895172119,0.5043932199478149,0.8379311561584473,0.4618598520755768,0.22264188528060913,0.6188405156135559,0.8296480178833008,0.8804998397827148,0.29254645109176636,0.5541489124298096,0.8560700416564941,0.35740670561790466,0.22021439671516418
178,5.933333333333334,0.5257532596588135,0.264013409614563,-0.0527358204126358,0.9989123940467834,0.5055463910102844,0.2483367621898651,-0.052302923053503036,0.9986940026283264,0.5056854486465454,0.2481483519077301,-0.05282846465706825,0.9984546899795532,0.5065307021141052,0.24770264327526093,-0.05278514325618744,0.9989970922470093,0.5057677030563354,0.25313982367515564,-0.08568301796913147,0.9990758299827576,0.5066872835159302,0.25301334261894226,-0.08645201474428177,0.9990294575691223,0.5082277655601501,0.2526046633720398,-0.08684757351875305,0.9993306398391724,0.5046751499176025,0.25589829683303833,-0.02217835932970047,0.9992900490760803,0.5161386132240295,0.26083654165267944,-0.19241848587989807,0.9986128807067871,0.5323865413665771,0.28001803159713745,-0.023920491337776184,0.9975211024284363,0.5229886174201965,0.28216129541397095,-0.0741574615240097,0.9969512224197388,0.4519539773464203,0.33449968695640564,0.1334255188703537,0.999358057975769,0.5299778580665588,0.34504419565200806,-0.35513514280319214,0.9987048506736755,0.3993411064147949,0.41520363092422485,0.3578794300556183,0.5026383399963379,0.5098866820335388,0.4220183789730072,-0.2506621479988098,0.511201798915863,0.39299413561820984,0.4241536557674408,0.5588136315345764,0.4934349060058594,0.5546520948410034,0.4222347140312195,0.08055402338504791,0.4483224153518677,0.38521629571914673,0.4319930970668793,0.5971384644508362,0.48269590735435486,0.5740021467208862,0.42686644196510315,0.07438530027866364,0.4389260411262512,0.39409568905830383,0.41984978318214417,0.5607785582542419,0.49445512890815735,0.578123152256012,0.4138248562812805,0.09593425691127777,0.4459384083747864,0.40308985114097595,0.4177321493625641,0.5499997735023499,0.470304936170578,0.5628630518913269,0.4126504063606262,0.09724026918411255,0.430241197347641,0.47609829902648926,0.5697619318962097,0.1635284274816513,0.9990249276161194,0.5225003361701965,0.5646927952766418,-0.16407141089439392,0.9989669322967529,0.4249681830406189,0.6783139705657959,0.6318240761756897,0.2700887620449066,0.693116307258606,0.6654595136642456,0.1349293738603592,0.24614503979682922,0.3704230785369873,0.8018895983695984,0.7826178073883057,0.264541357755661,0.611119270324707,0.8206733465194702,0.35626378655433655,0.21414603292942047,0.37286096811294556,0.8260614275932312,0.7942453026771545,0.28251904249191284,0.5806803703308105,0.8557721972465515,0.43709254264831543,0.2213573008775711,0.34753838181495667,0.825128436088562,0.8143021464347839,0.2680368721485138,0.6509537696838379,0.8425652384757996,0.29864785075187683,0.20494475960731506
180,6.0,0.7207476496696472,0.617681622505188,0.009390736930072308,0.9989582300186157,0.7177515029907227,0.6364731192588806,-0.0259994026273489,0.9987118244171143,0.713671088218689,0.6400045156478882,-0.026365287601947784,0.9984714388847351,0.7093127369880676,0.643183708190918,-0.02628362737596035,0.9989977478981018,0.7222899794578552,0.629212498664856,0.026630161330103874,0.9990813136100769,0.7211881279945374,0.6273193359375,0.026046406477689743,0.9990484118461609,0.7204470038414001,0.6254950761795044,0.025863181799650192,0.9993396401405334,0.674026370048523,0.6510418057441711,-0.0910569429397583,0.9993139505386353,0.6889176368713379,0.6282970905303955,0.15375714004039764,0.9986619353294373,0.6933058500289917,0.6164134740829468,0.00041054064058698714,0.9976716041564941,0.6975634098052979,0.6073513031005859,0.06740085035562515,0.9970749020576477,0.5631474852561951,0.611931324005127,-0.13225629925727844,0.9994155764579773,0.6299599409103394,0.5778136253356934,0.24927861988544464,0.9988145232200623,0.4972414970397949,0.5316981077194214,-0.28211432695388794,0.48141545057296753,0.5637031197547913,0.4922066330909729,0.23770412802696228,0.46303775906562805,0.5173220038414001,0.4739263951778412,-0.35516998171806335,0.452009916305542,0.6009594798088074,0.44299381971359253,0.07322481274604797,0.41462239623069763,0.515285074710846,0.45866838097572327,-0.3952557444572449,0.44567224383354187,0.615503191947937,0.4277871549129486,0.04267284274101257,0.4141377806663513,0.5233907699584961,0.46241670846939087,-0.40088826417922974,0.4571218490600586,0.6207838654518127,0.42850756645202637,-0.0013713977532461286,0.4220004677772522,0.522781491279602,0.4661594033241272,-0.35541680455207825,0.4327673614025116,0.6116882562637329,0.4343765377998352,0.046182140707969666,0.40730828046798706,0.5105825066566467,0.418649286031723,-0.11409977078437805,0.999098539352417,0.5636484622955322,0.4153529703617096,0.11361701041460037,0.9990538358688354,0.4885489046573639,0.3136991858482361,-0.11919151246547699,0.2614523470401764,0.5731194615364075,0.31526559591293335,0.1155095100402832,0.23490265011787415,0.39119482040405273,0.2152162790298462,0.034357454627752304,0.261056512594223,0.5524808764457703,0.17402823269367218,0.15225380659103394,0.21545155346393585,0.370302677154541,0.2013767510652542,0.041639480739831924,0.2725372314453125,0.5331519246101379,0.15439023077487946,0.15064018964767456,0.2184743732213974,0.3968653678894043,0.1812448799610138,-0.07240521162748337,0.27210184931755066,0.582172155380249,0.12848711013793945,0.042162682861089706,0.21705776453018188
181,6.033333333333333,0.603721559047699,0.6674360036849976,-0.01320430263876915,0.9990311861038208,0.6001796126365662,0.6816971898078918,-0.011212613433599472,0.9987980127334595,0.5935237407684326,0.683548629283905,-0.011698952876031399,0.9985731244087219,0.5865662097930908,0.6850165128707886,-0.011620108038187027,0.9990654587745667,0.6182253360748291,0.6780138611793518,-0.0004894670564681292,0.9991395473480225,0.6242717504501343,0.676850438117981,-0.0009314868366345763,0.9991122484207153,0.6305748224258423,0.6758426427841187,-0.0010793571127578616,0.9993785619735718,0.57438725233078,0.6840103268623352,0.09491714835166931,0.999360978603363,0.6359483003616333,0.6715905666351318,0.08835180103778839,0.998723566532135,0.5863533616065979,0.6591331362724304,0.016934193670749664,0.9978142976760864,0.6077958941459656,0.6541060209274292,0.023621652275323868,0.9972320795059204,0.4997187852859497,0.6358786821365356,0.1665816456079483,0.9994654655456543,0.635211706161499,0.6252066493034363,0.01336438488215208,0.9988937377929688,0.3618231415748596,0.5956549644470215,0.0747767761349678,0.4800587296485901,0.5004302859306335,0.6016883850097656,-0.1906159669160843,0.4444233775138855,0.32083097100257874,0.5645641088485718,-0.16734157502651215,0.45259302854537964,0.361311674118042,0.5997670292854309,-0.3754713237285614,0.4203651547431946,0.3007684051990509,0.5510010719299316,-0.21579541265964508,0.4555700719356537,0.3283929228782654,0.5891921520233154,-0.45667046308517456,0.4319521188735962,0.32280951738357544,0.5574430227279663,-0.24204429984092712,0.4675842821598053,0.3198845684528351,0.5997666120529175,-0.4475134611129761,0.4404456615447998,0.3339904248714447,0.5604851245880127,-0.1821938157081604,0.4406168758869171,0.3316790759563446,0.6026903390884399,-0.3799791932106018,0.4192231297492981,0.4914548099040985,0.48327064514160156,0.05204072967171669,0.9991170763969421,0.5721752047538757,0.470001757144928,-0.052550770342350006,0.9990184307098389,0.32984593510627747,0.4401039481163025,0.006941413972526789,0.2510364055633545,0.4795711934566498,0.42234888672828674,-0.08766598999500275,0.2239561825990677,0.34178051352500916,0.3307592272758484,0.09721718728542328,0.25175145268440247,0.4725855588912964,0.305203378200531,0.10743989050388336,0.20735329389572144,0.3544521629810333,0.3108097016811371,0.09866425395011902,0.2644280195236206,0.4745579659938812,0.2856557369232178,0.1263614296913147,0.20755884051322937,0.32126301527023315,0.30214133858680725,-0.03334398567676544,0.2657211720943451,0.4446508586406708,0.270717978477478,0.034580521285533905,0.21158666908740997
182,6.066666666666666,0.5818376541137695,0.7081495523452759,-0.14029863476753235,0.9989789128303528,0.5765945911407471,0.7216084003448486,-0.1222306489944458,0.9985934495925903,0.5695894956588745,0.7226948738098145,-0.12288721650838852,0.99831223487854,0.5622317790985107,0.7233521938323975,-0.12293847650289536,0.9989556670188904,0.5977849364280701,0.7194843292236328,-0.12750759720802307,0.9989940524101257,0.6054056882858276,0.7187319397926331,-0.1280130296945572,0.9989516139030457,0.6132562160491943,0.7181528806686401,-0.128159299492836,0.9992387294769287,0.5556164979934692,0.7194026112556458,0.008445973508059978,0.9992644190788269,0.6270803809165955,0.7123668789863586,-0.01584138162434101,0.9982087016105652,0.5684008002281189,0.6970665454864502,-0.0837816521525383,0.9976889491081238,0.5935627222061157,0.6942592263221741,-0.09456697106361389,0.9969951510429382,0.49205440282821655,0.6628959774971008,0.03978626802563667,0.9995059370994568,0.6546786427497864,0.6550354361534119,0.0015836295206099749,0.9989438652992249,0.3760456442832947,0.6335211992263794,-0.0683734193444252,0.4736250638961792,0.5038899779319763,0.6332952380180359,-0.19106769561767578,0.4252927601337433,0.3726045489311218,0.6417690515518188,-0.2534809410572052,0.449471652507782,0.46103736758232117,0.6521002054214478,-0.4258248507976532,0.4217994809150696,0.3675607442855835,0.638846755027771,-0.2994745075702667,0.45939797163009644,0.44719353318214417,0.6487520337104797,-0.4963487982749939,0.44705620408058167,0.38484933972358704,0.649147093296051,-0.31296882033348083,0.47102898359298706,0.44295594096183777,0.6582587361335754,-0.5024888515472412,0.455735445022583,0.3902736306190491,0.6488276720046997,-0.2604875862598419,0.4399854838848114,0.4454253613948822,0.6595291495323181,-0.4382621645927429,0.42787793278694153,0.49288326501846313,0.48152661323547363,0.01109984889626503,0.9991819262504578,0.6023762822151184,0.47693508863449097,-0.011723279021680355,0.9990881085395813,0.3889826834201813,0.3819466531276703,-0.01663038320839405,0.23779140412807465,0.5546272993087769,0.37410202622413635,-0.07604460418224335,0.22309547662734985,0.37307998538017273,0.3159019351005554,0.19287680089473724,0.24101196229457855,0.6434758305549622,0.2382887303829193,0.024292858317494392,0.2311762571334839,0.3970699608325958,0.30278077721595764,0.2062745839357376,0.2551954984664917,0.645197868347168,0.2182353287935257,0.03046102449297905,0.21043190360069275,0.34736207127571106,0.29957789182662964,0.1059541255235672,0.25937288999557495,0.6777880191802979,0.19615915417671204,-0.09584660083055496,0.23231786489486694
183,6.1,0.6611402630805969,0.8089295625686646,0.11406265944242477,0.9989026188850403,0.6591748595237732,0.8201214075088501,0.14184339344501495,0.9983705878257751,0.6554646492004395,0.8201836347579956,0.1412006914615631,0.998072624206543,0.6515231132507324,0.8198536038398743,0.14097799360752106,0.9988561272621155,0.6804296970367432,0.8204458951950073,0.11558748781681061,0.9987818598747253,0.6895751953125,0.8204309344291687,0.11512498557567596,0.9987297654151917,0.69830721616745,0.8205571174621582,0.11495409905910492,0.9990823268890381,0.6755255460739136,0.813217043876648,0.25029194355010986,0.9992344975471497,0.7268465757369995,0.8142715692520142,0.12894999980926514,0.9976205229759216,0.6702105402946472,0.7957931160926819,0.16186769306659698,0.9976993203163147,0.6917456984519958,0.7955434918403625,0.12247732281684875,0.9969900846481323,0.6287737488746643,0.7439850568771362,0.31985336542129517,0.9995483160018921,0.7584418654441833,0.755282998085022,0.03841559588909149,0.9990241527557373,0.39217203855514526,0.6967824697494507,0.39364323019981384,0.46295827627182007,0.5947256684303284,0.7408473491668701,-0.1300039142370224,0.402779757976532,0.3709874153137207,0.6501335501670837,0.3322143852710724,0.42946240305900574,0.4948406219482422,0.7231437563896179,-0.22478996217250824,0.4186643064022064,0.3447830080986023,0.6346418857574463,0.32918715476989746,0.4383021891117096,0.4776252210140228,0.7119790315628052,-0.2866843342781067,0.44264042377471924,0.35612475872039795,0.6394625306129456,0.27519649267196655,0.44828084111213684,0.4703325033187866,0.7139366269111633,-0.2926781475543976,0.4507884681224823,0.369139701128006,0.6433912515640259,0.3101884126663208,0.4213274121284485,0.47548723220825195,0.717075765132904,-0.23482778668403625,0.42467039823532104,0.5823153853416443,0.5618594884872437,0.11233535408973694,0.9992547035217285,0.6612280011177063,0.5575021505355835,-0.11322137713432312,0.9991675615310669,0.3413929343223572,0.5810432434082031,0.13231413066387177,0.24750779569149017,0.41837742924690247,0.6583861708641052,-0.06754358857870102,0.2511821687221527,0.3130190670490265,0.6022648215293884,0.22271579504013062,0.22598709166049957,0.33701035380363464,0.5803333520889282,0.005408326629549265,0.24668563902378082,0.32203224301338196,0.5969630479812622,0.2293807715177536,0.23895323276519775,0.33940649032592773,0.5533208847045898,0.015659788623452187,0.21791617572307587,0.29866641759872437,0.6242376565933228,0.16464567184448242,0.24334187805652618,0.26462358236312866,0.5922960042953491,-0.045518577098846436,0.24508628249168396
186,6.2,0.474968284368515,0.24311070144176483,-0.0845021978020668,0.9989315867424011,0.4769292175769806,0.23509521782398224,-0.12564733624458313,0.998482882976532,0.47748395800590515,0.23538807034492493,-0.12595339119434357,0.9982060194015503,0.4830911457538605,0.23545582592487335,-0.12592606246471405,0.9989290237426758,0.48490041494369507,0.23387756943702698,-0.09163331240415573,0.9988749027252197,0.493818461894989,0.2347569465637207,-0.0920538678765297,0.9988308548927307,0.4982615113258362,0.23449119925498962,-0.09219779074192047,0.999156653881073,0.4997864067554474,0.23822346329689026,-0.23535160720348358,0.9992813467979431,0.5121960043907166,0.23680253326892853,-0.08339759707450867,0.9978185892105103,0.47952648997306824,0.24812671542167664,-0.1122170239686966,0.9978581666946411,0.4882044792175293,0.24251286685466766,-0.0708031877875328,0.9972303509712219,0.48737242817878723,0.2715175747871399,-0.25725963711738586,0.9995882511138916,0.5653586387634277,0.2799442708492279,-0.0014184784376993775,0.9991129636764526,0.5057867169380188,0.2984275221824646,-0.2748573124408722,0.43500426411628723,0.5900309085845947,0.35633766651153564,0.053844649344682693,0.36353355646133423,0.5078938603401184,0.28754791617393494,-0.23497836291790009,0.42290133237838745,0.6018035411834717,0.4079434871673584,-0.024972738698124886,0.3835256099700928,0.5065601468086243,0.28367817401885986,-0.2581310570240021,0.44216546416282654,0.607811689376831,0.42024263739585876,-0.04453436657786369,0.41036364436149597,0.508473813533783,0.2768309414386749,-0.2586285471916199,0.45082420110702515,0.6028380393981934,0.41948002576828003,-0.0797320157289505,0.4183318018913269,0.5129790902137756,0.2798445224761963,-0.23204702138900757,0.41525691747665405,0.5995798707008362,0.4149671196937561,-0.04269260913133621,0.39240044355392456,0.48947033286094666,0.3905080258846283,-0.06997193396091461,0.9993231296539307,0.5443600416183472,0.3927115201950073,0.06946057081222534,0.9992456436157227,0.4337334632873535,0.367181658744812,0.13423296809196472,0.28432339429855347,0.573486864566803,0.3787078559398651,0.2371876984834671,0.25668391585350037,0.39555200934410095,0.41005903482437134,0.3057839870452881,0.29718658328056335,0.6331091523170471,0.435812771320343,0.3861906826496124,0.28909510374069214,0.40004321932792664,0.42173561453819275,0.3216201663017273,0.30660179257392883,0.6410362720489502,0.4445578455924988,0.4029559791088104,0.26553085446357727,0.3564055860042572,0.40516361594200134,0.2891703248023987,0.3114010989665985,0.6492786407470703,0.44529643654823303,0.3832159638404846,0.28850069642066956
187,6.233333333333333,0.4704686403274536,0.28108909726142883,0.2123582363128662,0.9989662170410156,0.4758698046207428,0.27154895663261414,0.17699052393436432,0.9986039400100708,0.47691747546195984,0.2707316279411316,0.1767101287841797,0.9983496069908142,0.48044493794441223,0.27018141746520996,0.17672283947467804,0.9990151524543762,0.48001420497894287,0.2726418673992157,0.2219969630241394,0.9989612698554993,0.48412927985191345,0.2729107439517975,0.22165720164775848,0.9989171028137207,0.48721322417259216,0.2729998230934143,0.22160260379314423,0.9992179870605469,0.49979904294013977,0.2704547345638275,0.05002203956246376,0.9993256330490112,0.5113900899887085,0.27338019013404846,0.25644996762275696,0.9979279041290283,0.4791542589664459,0.2866557240486145,0.17502346634864807,0.9978954792022705,0.4848543405532837,0.2884390950202942,0.232487291097641,0.9971812963485718,0.49129849672317505,0.30475255846977234,-0.07147634774446487,0.9996243715286255,0.5809884667396545,0.31085139513015747,0.30933454632759094,0.9991782903671265,0.4792189598083496,0.3735009729862213,-0.18813565373420715,0.39646270871162415,0.6045010089874268,0.38052886724472046,0.36106714606285095,0.3272353708744049,0.45212283730506897,0.4136159420013428,-0.15754422545433044,0.38881146907806396,0.5870394706726074,0.4244691729545593,0.36018645763397217,0.34577205777168274,0.4477216601371765,0.42170101404190063,-0.174825981259346,0.408830851316452,0.5800697803497314,0.4319344162940979,0.37509024143218994,0.3705865144729614,0.4484676718711853,0.41624706983566284,-0.16295142471790314,0.41626328229904175,0.5709884166717529,0.4321175217628479,0.341367244720459,0.3777535557746887,0.4532932639122009,0.4150826036930084,-0.14844824373722076,0.38128426671028137,0.572483241558075,0.42968878149986267,0.3446137011051178,0.35443180799484253,0.4926225543022156,0.43441835045814514,-0.11125543713569641,0.9993637800216675,0.5511946082115173,0.43332281708717346,0.11037487536668777,0.9993011355400085,0.3989998400211334,0.4060366153717041,-0.09422466158866882,0.2970670759677887,0.5803042650222778,0.39559295773506165,0.34259316325187683,0.23315641283988953,0.3100004196166992,0.4070832133293152,-0.2769273519515991,0.341265469789505,0.6348100304603577,0.4462110102176666,0.29446321725845337,0.2666451632976532,0.31170687079429626,0.4173004627227783,-0.29412493109703064,0.3546697795391083,0.6411588191986084,0.4556894302368164,0.29034537076950073,0.2529540956020355,0.24568091332912445,0.37693729996681213,-0.3386651873588562,0.3595041334629059,0.6535136699676514,0.45427918434143066,0.2980707883834839,0.26972129940986633
188,6.266666666666667,0.4530523419380188,0.30038362741470337,0.3032122254371643,0.9990151524543762,0.4616866111755371,0.2900102734565735,0.28043776750564575,0.9987148642539978,0.4634949862957001,0.2886527180671692,0.2801956534385681,0.9984886646270752,0.46525055170059204,0.2875825762748718,0.28026536107063293,0.9990930557250977,0.4624757468700409,0.29273003339767456,0.3264141380786896,0.9990438222885132,0.4646390676498413,0.2934960424900055,0.3261287808418274,0.9990057945251465,0.4669715464115143,0.29410257935523987,0.32604220509529114,0.9992768168449402,0.48881593346595764,0.2862936854362488,0.19377557933330536,0.9993677139282227,0.4944665729999542,0.2941480576992035,0.40553125739097595,0.9980292916297913,0.4645785391330719,0.30458009243011475,0.2787623405456543,0.9979923367500305,0.46746906638145447,0.30821239948272705,0.33768734335899353,0.9972766637802124,0.4980023205280304,0.313920259475708,0.053210675716400146,0.999660074710846,0.547059178352356,0.33259764313697815,0.45581135153770447,0.999241828918457,0.48170870542526245,0.38047927618026733,-0.04300633445382118,0.37730085849761963,0.5485063195228577,0.4076991677284241,0.4186314046382904,0.29468315839767456,0.46324819326400757,0.42768794298171997,-0.004043051041662693,0.3673379123210907,0.47993671894073486,0.46717554330825806,0.2930735945701599,0.3121775984764099,0.4609772861003876,0.43741574883461,-0.01816301792860031,0.389673113822937,0.4547255337238312,0.4804428517818451,0.29113757610321045,0.33523067831993103,0.46121490001678467,0.43584394454956055,-0.01325097307562828,0.39740046858787537,0.44907572865486145,0.48047614097595215,0.25534218549728394,0.3416267931461334,0.464651495218277,0.43398362398147583,0.0031575921457260847,0.3610262870788574,0.45640623569488525,0.47631168365478516,0.2722635269165039,0.3206893503665924,0.49358949065208435,0.43130627274513245,-0.13228167593479156,0.9994009137153625,0.5231599807739258,0.44211673736572266,0.13128343224525452,0.999337911605835,0.40498602390289307,0.3823944628238678,-0.4216415286064148,0.36463630199432373,0.4810653328895569,0.42554059624671936,0.4184357821941376,0.21882206201553345,0.30422717332839966,0.39947310090065,-0.7563093304634094,0.40455058217048645,0.5818909406661987,0.45028772950172424,0.6204454302787781,0.25144052505493164,0.31349262595176697,0.4277445673942566,-0.7906774878501892,0.41807425022125244,0.5983115434646606,0.45587611198425293,0.6424822211265564,0.255533367395401,0.2518450617790222,0.3666682839393616,-0.9373800754547119,0.42229023575782776,0.5983684062957764,0.4530794024467468,0.6247073411941528,0.258148193359375
189,6.3,0.4597617983818054,0.3145306706428528,0.5903899669647217,0.9988263845443726,0.46635186672210693,0.30537310242652893,0.5746752619743347,0.9986277222633362,0.4662846028804779,0.30397599935531616,0.5744991898536682,0.9983466863632202,0.4671863615512848,0.30284762382507324,0.5745545029640198,0.998989462852478,0.4693346619606018,0.3085615336894989,0.6109009385108948,0.9990036487579346,0.4682326912879944,0.3095807433128357,0.6106615662574768,0.9989402890205383,0.4704158306121826,0.3104054629802704,0.6107445359230042,0.9992449879646301,0.48977991938591003,0.30251890420913696,0.4501214623451233,0.9990528225898743,0.5019853711128235,0.3117564916610718,0.6174538135528564,0.9975174069404602,0.46955040097236633,0.3179002106189728,0.5473358035087585,0.9972046613693237,0.47429195046424866,0.32199206948280334,0.593845009803772,0.9963597655296326,0.4911085367202759,0.3196743428707123,0.23835022747516632,0.9996928572654724,0.5945191979408264,0.3414323925971985,0.5414881706237793,0.9993149042129517,0.47887393832206726,0.393746554851532,0.004853455349802971,0.34168103337287903,0.5605617761611938,0.4118220806121826,0.4472522437572479,0.2658267021179199,0.47048497200012207,0.4449554979801178,-0.0789724662899971,0.335463285446167,0.4913676381111145,0.4686353802680969,0.34695184230804443,0.28360515832901,0.46950775384902954,0.45413121581077576,-0.10279588401317596,0.35831218957901,0.47383126616477966,0.47862282395362854,0.3374166786670685,0.30476805567741394,0.4702834188938141,0.4507727026939392,-0.08713936060667038,0.3651868402957916,0.46159735321998596,0.4781850278377533,0.32198894023895264,0.3102306127548218,0.47379642724990845,0.4479271471500397,-0.07110747694969177,0.3298490047454834,0.47020432353019714,0.475027859210968,0.33291029930114746,0.2911069393157959,0.4890490770339966,0.4028545320034027,-0.11646050214767456,0.9994102716445923,0.5444821119308472,0.4397939145565033,0.11557288467884064,0.9993792772293091,0.42877060174942017,0.37481099367141724,-0.18056617677211761,0.3389376401901245,0.5180218815803528,0.4506792426109314,0.3197164535522461,0.19871379435062408,0.3357020318508148,0.4123973250389099,-0.29201415181159973,0.3818756639957428,0.5229424834251404,0.4933408796787262,0.10619081556797028,0.23041725158691406,0.3322468101978302,0.43425607681274414,-0.3184225857257843,0.4390574097633362,0.5267325639724731,0.50733482837677,0.08473162353038788,0.260272741317749,0.2872186303138733,0.3935210406780243,-0.41463884711265564,0.3995489180088043,0.49050217866897583,0.48573699593544006,0.00867460761219263,0.2368730902671814
191,6.366666666666666,0.411933571100235,0.2928261160850525,0.25851863622665405,0.9988869428634644,0.4129725694656372,0.2784373164176941,0.20335742831230164,0.9987379312515259,0.4145531952381134,0.27826401591300964,0.203035369515419,0.9984801411628723,0.42379727959632874,0.27756157517433167,0.20309141278266907,0.9990666508674622,0.4264378547668457,0.27895456552505493,0.262037992477417,0.9990800619125366,0.43126264214515686,0.27877098321914673,0.26150375604629517,0.9990211725234985,0.43568190932273865,0.2784227728843689,0.2612402141094208,0.999302864074707,0.4560284912586212,0.2792934477329254,0.017123527824878693,0.9991360306739807,0.47550198435783386,0.27837133407592773,0.28044983744621277,0.9977429509162903,0.42788165807724,0.3019033670425415,0.20485085248947144,0.997398853302002,0.43264350295066833,0.3027456998825073,0.27705028653144836,0.9966008067131042,0.48020827770233154,0.3481833338737488,-0.15902124345302582,0.9997063875198364,0.592475414276123,0.327022910118103,0.4024432301521301,0.9993575215339661,0.40544357895851135,0.43397289514541626,-0.1697453111410141,0.38908275961875916,0.5987520217895508,0.3914306163787842,0.6500728130340576,0.23988933861255646,0.30626142024993896,0.39970478415489197,0.13762837648391724,0.34350234270095825,0.5308638215065002,0.39071178436279297,0.8591604232788086,0.25923994183540344,0.2799776494503021,0.39791178703308105,0.15999096632003784,0.3641360402107239,0.5204542875289917,0.39152809977531433,0.9127142429351807,0.2823830246925354,0.29097580909729004,0.3877169191837311,0.17933358252048492,0.3698807656764984,0.50802081823349,0.38890576362609863,0.885991096496582,0.2873111367225647,0.3025816082954407,0.38871335983276367,0.1591356247663498,0.3322611451148987,0.5084738731384277,0.39041024446487427,0.8494935631752014,0.2706688642501831,0.5630711913108826,0.5228729248046875,-0.15975292026996613,0.9994512796401978,0.6476832628250122,0.5088265538215637,0.1594209372997284,0.999431312084198,0.4213472008705139,0.6042901277542114,0.025682976469397545,0.34377917647361755,0.724948525428772,0.5862811803817749,0.1464226394891739,0.24184268712997437,0.4808030128479004,0.6957358121871948,0.09862646460533142,0.3778728246688843,0.923081636428833,0.6623417139053345,-0.058031972497701645,0.25797078013420105,0.5237453579902649,0.7108420729637146,0.11044202744960785,0.44753459095954895,0.9557593464851379,0.6758646965026855,-0.07146228849887848,0.3120555877685547,0.38945621252059937,0.718031644821167,0.15558847784996033,0.3818820118904114,0.9403853416442871,0.6743043661117554,-0.054640356451272964,0.25242483615875244
192,6.4,0.389005184173584,0.27065539360046387,-0.04300973564386368,0.998982310295105,0.3950914144515991,0.2554032802581787,-0.09542444348335266,0.9988417029380798,0.3995102643966675,0.25498682260513306,-0.09562261402606964,0.9986032843589783,0.4046500027179718,0.2547188401222229,-0.09544701874256134,0.9991406798362732,0.39280620217323303,0.254229336977005,-0.033108558505773544,0.9991533756256104,0.39493221044540405,0.25315454602241516,-0.03376726433634758,0.9990984797477722,0.3964572548866272,0.2520574927330017,-0.03391626849770546,0.999357283115387,0.4465760588645935,0.2525150179862976,-0.22448277473449707,0.9992115497589111,0.4349399507045746,0.25091883540153503,0.05594358965754509,0.997946560382843,0.4129719138145447,0.28264716267585754,-0.07149944454431534,0.9976283311843872,0.40692251920700073,0.2814389765262604,0.005121910013258457,0.9968858957290649,0.5034990310668945,0.32200539112091064,-0.32637274265289307,0.9997336864471436,0.5540239810943604,0.3028050661087036,0.22479067742824554,0.999412477016449,0.5233694911003113,0.4152020812034607,-0.4731617271900177,0.4473457634449005,0.6203504800796509,0.3803732693195343,0.4223652780056,0.21727460622787476,0.373635858297348,0.4026523232460022,-0.40782690048217773,0.39401909708976746,0.5765032172203064,0.4403720498085022,0.5354827642440796,0.23471687734127045,0.34079596400260925,0.4111153483390808,-0.43566715717315674,0.4055737257003784,0.5721482038497925,0.4605087637901306,0.5625391602516174,0.25618401169776917,0.3454430103302002,0.3937177062034607,-0.4014165997505188,0.40974584221839905,0.5627983808517456,0.4601460099220276,0.5246836543083191,0.2604687809944153,0.3564014136791229,0.3921594023704529,-0.385445773601532,0.36417391896247864,0.5665639042854309,0.4541054666042328,0.5201311707496643,0.24554944038391113,0.5685558915138245,0.5179609656333923,-0.17025402188301086,0.999485433101654,0.6069667935371399,0.5018154978752136,0.1699436455965042,0.9994522333145142,0.5416330099105835,0.6547093391418457,-0.11045737564563751,0.33360594511032104,0.5677860975265503,0.6420818567276001,0.17399734258651733,0.219314843416214,0.5953517556190491,0.8147927522659302,-0.06318096816539764,0.39467355608940125,0.5523983836174011,0.7663614749908447,0.3312757611274719,0.2355004847049713,0.6364724040031433,0.8415790796279907,-0.06567949801683426,0.46298113465309143,0.5799961090087891,0.7979944944381714,0.3440840244293213,0.29136577248573303,0.5055250525474548,0.8501529693603516,-0.17484520375728607,0.4004193842411041,0.47351083159446716,0.8149393200874329,0.31069275736808777,0.23453174531459808
193,6.433333333333334,0.3910811245441437,0.26750630140304565,-0.12480682879686356,0.999010443687439,0.39637553691864014,0.2514994442462921,-0.16779914498329163,0.998842716217041,0.4012533724308014,0.24955470860004425,-0.16813527047634125,0.9986233711242676,0.40675777196884155,0.24870236217975616,-0.16803674399852753,0.9991427063941956,0.3934677541255951,0.2522335946559906,-0.11141929775476456,0.9991399049758911,0.39449119567871094,0.25170689821243286,-0.11209621280431747,0.9990900754928589,0.394967645406723,0.2511574625968933,-0.11232009530067444,0.9993418455123901,0.44716814160346985,0.24524705111980438,-0.24620206654071808,0.9992538690567017,0.4306045472621918,0.2512966990470886,0.011189250275492668,0.9980430603027344,0.4128633737564087,0.2777385115623474,-0.13563629984855652,0.9977709650993347,0.410903662443161,0.2785825729370117,-0.06592036038637161,0.9970059394836426,0.5442096590995789,0.3126073181629181,-0.34018245339393616,0.9997581839561462,0.49794086813926697,0.30872243642807007,0.21953214704990387,0.9994405508041382,0.5800547003746033,0.40764370560646057,-0.5490566492080688,0.49998363852500916,0.5421855449676514,0.3981756269931793,0.3214878737926483,0.1960115283727646,0.40443965792655945,0.40285101532936096,-0.6162105798721313,0.448812872171402,0.4891381561756134,0.45397648215293884,0.24258694052696228,0.21434924006462097,0.3618844747543335,0.4128645956516266,-0.6658598780632019,0.4567877948284149,0.4730837941169739,0.4707116484642029,0.2383921891450882,0.23707138001918793,0.36872902512550354,0.39327874779701233,-0.6412146091461182,0.46048739552497864,0.4618837535381317,0.4686717391014099,0.19398494064807892,0.24096107482910156,0.38337305188179016,0.39198338985443115,-0.6012066006660461,0.41373956203460693,0.4715973436832428,0.4635680615901947,0.21894827485084534,0.22750543057918549,0.5861371755599976,0.5192297697067261,-0.1793408989906311,0.999520480632782,0.5649569034576416,0.5083262324333191,0.17917785048484802,0.9994723796844482,0.5610291957855225,0.6618310213088989,-0.227438285946846,0.3608410060405731,0.5273746252059937,0.6431748867034912,0.1017514020204544,0.20098410546779633,0.624662458896637,0.8389800786972046,-0.2913576066493988,0.4395509362220764,0.5424027442932129,0.7836650609970093,0.18986426293849945,0.219334214925766,0.6534610390663147,0.8624194264411926,-0.30878347158432007,0.49250659346580505,0.5481026768684387,0.7969607710838318,0.19409574568271637,0.2793080806732178,0.5123500823974609,0.8653808832168579,-0.47434553503990173,0.44594961404800415,0.42350316047668457,0.8227689862251282,0.14107272028923035,0.2280145287513733
195,6.5,0.460188627243042,0.2596999406814575,-0.06930142641067505,0.9990921020507812,0.4752497673034668,0.24364802241325378,-0.0962170884013176,0.9989246726036072,0.48107922077178955,0.2423596829175949,-0.09654556959867477,0.9987204670906067,0.48701003193855286,0.2414960116147995,-0.09648139774799347,0.999203085899353,0.4656723141670227,0.2458992451429367,-0.051101718097925186,0.9991990327835083,0.46412742137908936,0.24655422568321228,-0.051644690334796906,0.9991519451141357,0.4623461961746216,0.24705679714679718,-0.05176340043544769,0.9993835687637329,0.5167462825775146,0.24268154799938202,-0.12207407504320145,0.9993094205856323,0.48578283190727234,0.24903544783592224,0.08712228387594223,0.9981546998023987,0.4807111620903015,0.26872897148132324,-0.06219113618135452,0.997934103012085,0.46792080998420715,0.2719080448150635,-0.005966211203485727,0.9971798658370972,0.5617473125457764,0.30763739347457886,-0.17162057757377625,0.9997791647911072,0.5396997332572937,0.3069705367088318,0.25543344020843506,0.9994649887084961,0.6135110855102539,0.40213480591773987,-0.3601846396923065,0.5324634313583374,0.5296124219894409,0.3896319270133972,0.28704291582107544,0.17689591646194458,0.4962437152862549,0.41057124733924866,-0.4705103039741516,0.45951467752456665,0.465761661529541,0.4064100384712219,0.13839711248874664,0.1972433626651764,0.455793559551239,0.42074474692344666,-0.525292694568634,0.46074041724205017,0.44936513900756836,0.4127907156944275,0.1196381002664566,0.22243738174438477,0.45286116003990173,0.40642017126083374,-0.5047503113746643,0.4651221036911011,0.4404318928718567,0.4062332212924957,0.07382971048355103,0.22630560398101807,0.4619371294975281,0.404646635055542,-0.4595915973186493,0.4130086600780487,0.4475654065608978,0.4053569734096527,0.11274087429046631,0.21388904750347137,0.5543474555015564,0.503567636013031,-0.12094505876302719,0.9994271993637085,0.55756676197052,0.49522095918655396,0.12046708166599274,0.9993625283241272,0.45345404744148254,0.6101670265197754,-0.11227443814277649,0.32639166712760925,0.6067744493484497,0.6218496561050415,0.02513529174029827,0.18128561973571777,0.4105818569660187,0.7504143714904785,-0.28526291251182556,0.4036276936531067,0.5960261821746826,0.7726036310195923,-0.02817489579319954,0.19849154353141785,0.42471495270729065,0.777323842048645,-0.31432977318763733,0.46021127700805664,0.5979205369949341,0.7984249591827393,-0.039210375398397446,0.25461751222610474,0.33041971921920776,0.7691817283630371,-0.47840720415115356,0.41391459107398987,0.5722420811653137,0.8013547658920288,-0.1465611457824707,0.2074321061372757
196,6.533333333333333,0.4380451738834381,0.25972703099250793,0.011340816505253315,0.9991757869720459,0.4497760236263275,0.24360013008117676,-0.034145452082157135,0.9990234971046448,0.45431098341941833,0.2422408163547516,-0.03446025028824806,0.9988375902175903,0.4590168297290802,0.24127864837646484,-0.034367188811302185,0.9992758631706238,0.4453393816947937,0.24595272541046143,0.022804243490099907,0.9992725253105164,0.4459126889705658,0.24672722816467285,0.022197088226675987,0.9992290735244751,0.44618141651153564,0.2474040538072586,0.022058460861444473,0.9994391798973083,0.4927895963191986,0.242723748087883,-0.13167926669120789,0.9993742108345032,0.4781171679496765,0.2507510781288147,0.11493497341871262,0.9983260035514832,0.46113693714141846,0.26887738704681396,-0.012453866191208363,0.9981099963188171,0.4533819854259491,0.2727051377296448,0.05909694731235504,0.9973886609077454,0.529963493347168,0.31736722588539124,-0.21769966185092926,0.9997961521148682,0.5729183554649353,0.31179529428482056,0.28814491629600525,0.9994828104972839,0.6218023896217346,0.40209144353866577,-0.2911567986011505,0.5294080972671509,0.6753212213516235,0.3823067545890808,0.6306554675102234,0.1593727171421051,0.50229412317276,0.41160956025123596,-0.06859108805656433,0.41730278730392456,0.6247949600219727,0.3856293559074402,0.951536238193512,0.1787385195493698,0.46496328711509705,0.41896456480026245,-0.05832195281982422,0.4181188642978668,0.6154565811157227,0.3895643353462219,1.0106432437896729,0.20293967425823212,0.4577866792678833,0.4033997654914856,-0.03262568637728691,0.42212802171707153,0.5926967859268188,0.3872146010398865,0.9750139713287354,0.2064073532819748,0.4740544557571411,0.40466976165771484,-0.045867253094911575,0.3750370442867279,0.5938442945480347,0.38772767782211304,0.9410328269004822,0.1952284723520279,0.54603511095047,0.5260204076766968,-0.16696186363697052,0.9993945956230164,0.586322546005249,0.5114221572875977,0.16651692986488342,0.9993350505828857,0.3917825520038605,0.618428647518158,-0.17339658737182617,0.297880083322525,0.6069117188453674,0.6164207458496094,0.19033458828926086,0.1636185348033905,0.3721221387386322,0.7587273120880127,-0.42729076743125916,0.3752402365207672,0.5827534794807434,0.7657617330551147,0.00210147094912827,0.1796502321958542,0.40793168544769287,0.7845317721366882,-0.45624130964279175,0.4407319128513336,0.5838748216629028,0.7927254438400269,-0.018149157986044884,0.23297344148159027,0.23864993453025818,0.777766227722168,-0.5605455040931702,0.38798126578330994,0.5532495975494385,0.7914220094680786,-0.07336723804473877,0.18857192993164062
197,6.566666666666666,0.4267675280570984,0.2641001343727112,-0.40075504779815674,0.9992324709892273,0.4384521543979645,0.2505277097225189,-0.4245625436306,0.9990804195404053,0.44350114464759827,0.2496168315410614,-0.42512449622154236,0.998908519744873,0.4537760317325592,0.24881580471992493,-0.4249718487262726,0.9993204474449158,0.4262855052947998,0.25212109088897705,-0.3585689067840576,0.9992984533309937,0.42557042837142944,0.25216832756996155,-0.35917624831199646,0.9992524981498718,0.42449289560317993,0.2520577609539032,-0.3594410717487335,0.9994518160820007,0.4957045316696167,0.2473708838224411,-0.42219313979148865,0.9994155764579773,0.4609189033508301,0.25546807050704956,-0.11957544833421707,0.9983445405960083,0.45319584012031555,0.277403861284256,-0.38516393303871155,0.9982525706291199,0.44252127408981323,0.2818215489387512,-0.30228134989738464,0.9975056648254395,0.6110782623291016,0.3271181285381317,-0.4478811025619507,0.999811053276062,0.48589980602264404,0.328623503446579,0.13977566361427307,0.9994786977767944,0.7360482215881348,0.4090823233127594,-0.6798736453056335,0.5618290305137634,0.4199714660644531,0.39170128107070923,0.2036501169204712,0.14712758362293243,0.5495663285255432,0.4272051751613617,-0.8892025351524353,0.4545184373855591,0.26553547382354736,0.38316765427589417,-0.059063926339149475,0.18773193657398224,0.49818190932273865,0.4360193610191345,-0.9675347805023193,0.45051705837249756,0.2314305156469345,0.37393075227737427,-0.1023285761475563,0.2206057906150818,0.4970693290233612,0.4206300377845764,-0.9517093896865845,0.454111248254776,0.23118263483047485,0.3701653778553009,-0.154098242521286,0.22477342188358307,0.5150298476219177,0.4194018244743347,-0.881287693977356,0.3994884788990021,0.24566160142421722,0.373744398355484,-0.09357387572526932,0.2118748128414154,0.5935493111610413,0.5295529961585999,-0.17611627280712128,0.9992693066596985,0.5384967923164368,0.5199496150016785,0.17559672892093658,0.9991540908813477,0.4667520821094513,0.6181747913360596,-0.1947432905435562,0.27067726850509644,0.459534227848053,0.6022506356239319,0.3037959337234497,0.147664874792099,0.5134062170982361,0.7457781434059143,0.009897460229694843,0.3410851061344147,0.5097283720970154,0.7191806435585022,0.6036660671234131,0.16214461624622345,0.5464375019073486,0.7675804495811462,0.025427373126149178,0.40434470772743225,0.5349152684211731,0.7391061782836914,0.6304683685302734,0.21147455275058746,0.4377087354660034,0.7716208696365356,-0.10789908468723297,0.35530415177345276,0.4594823718070984,0.7501957416534424,0.5687646865844727,0.1706170290708542
198,6.6,0.4250476062297821,0.275596022605896,-0.4733612537384033,0.9988548755645752,0.4408949017524719,0.25848594307899475,-0.4980551302433014,0.9983076453208923,0.44868379831314087,0.25731849670410156,-0.49865713715553284,0.9981259703636169,0.4582058787345886,0.255950391292572,-0.4984935224056244,0.9989027380943298,0.4276682436466217,0.25961998105049133,-0.4328659772872925,0.9982104301452637,0.4266808331012726,0.25919309258461,-0.4334750771522522,0.9981011152267456,0.42550280690193176,0.2587241530418396,-0.43372100591659546,0.9984956979751587,0.498121976852417,0.26061099767684937,-0.493598610162735,0.9991744756698608,0.454329252243042,0.2632932662963867,-0.19395948946475983,0.9952358603477478,0.4488935172557831,0.2885478138923645,-0.45670050382614136,0.998099684715271,0.4385853707790375,0.2905224859714508,-0.3749617338180542,0.9965931177139282,0.6418443918228149,0.3386904001235962,-0.48963212966918945,0.9998252987861633,0.4514448940753937,0.3355220556259155,0.061327315866947174,0.9993870258331299,0.7856336832046509,0.4188530445098877,-0.7514181137084961,0.5991189479827881,0.37599119544029236,0.4081153869628906,0.055374909192323685,0.13469931483268738,0.6124632358551025,0.4477008283138275,-1.0829211473464966,0.49957627058029175,0.20256724953651428,0.3871552050113678,-0.3077477216720581,0.18210837244987488,0.5578280091285706,0.459677517414093,-1.1853642463684082,0.49207213521003723,0.17891667783260345,0.38244250416755676,-0.375549852848053,0.21848547458648682,0.5443552732467651,0.4439859390258789,-1.1796895265579224,0.4950762987136841,0.1701575070619583,0.37673529982566833,-0.4386710822582245,0.22345773875713348,0.5625966787338257,0.44000524282455444,-1.082099199295044,0.43446531891822815,0.18166910111904144,0.38017940521240234,-0.3496643602848053,0.2092123180627823,0.6055326461791992,0.5343613624572754,-0.16441579163074493,0.9992292523384094,0.479112833738327,0.5253923535346985,0.16408896446228027,0.9989895224571228,0.5193799734115601,0.6424689292907715,-0.2395343780517578,0.24509194493293762,0.3941407799720764,0.6166138648986816,-0.18771733343601227,0.13498277962207794,0.5529851913452148,0.7772894501686096,0.07798084616661072,0.30885371565818787,0.3912492096424103,0.7326942682266235,0.21008476614952087,0.14726243913173676,0.5682074427604675,0.7975108027458191,0.09535638242959976,0.36620989441871643,0.4098720848560333,0.7480312585830688,0.39456266164779663,0.19314546883106232,0.4774848222732544,0.8010145425796509,-0.12036658078432083,0.3223993182182312,0.32891225814819336,0.7710623741149902,-0.00598875293508172,0.15572428703308105
199,6.633333333333334,0.4257124960422516,0.28761720657348633,-0.5723211765289307,0.9989358186721802,0.4517090618610382,0.26660531759262085,-0.5627450346946716,0.9984113574028015,0.46985211968421936,0.26487237215042114,-0.563348114490509,0.9982427358627319,0.48700574040412903,0.2636266350746155,-0.5631900429725647,0.998961865901947,0.4325224459171295,0.2677600383758545,-0.5241712331771851,0.9983166456222534,0.42973947525024414,0.2669169306755066,-0.5248495936393738,0.9982165694236755,0.4257332384586334,0.2660805583000183,-0.525230348110199,0.9985712170600891,0.5206418037414551,0.2682824730873108,-0.4278871417045593,0.9992198348045349,0.4321519136428833,0.26906630396842957,-0.24855230748653412,0.9955008625984192,0.45394837856292725,0.29872989654541016,-0.5090515613555908,0.9981876015663147,0.4410240650177002,0.30185195803642273,-0.46265655755996704,0.9966868758201599,0.658219039440155,0.3533937931060791,-0.35745781660079956,0.999834418296814,0.42091429233551025,0.3354722261428833,-0.04233023151755333,0.9993675947189331,0.7987683415412903,0.427715003490448,-0.7208340764045715,0.6314499378204346,0.3923024833202362,0.42930641770362854,-0.1000552698969841,0.1341995745897293,0.6467549204826355,0.45956486463546753,-0.7469141483306885,0.5351766347885132,0.30605316162109375,0.4386082589626312,-0.41251340508461,0.18383587896823883,0.6033211350440979,0.4759292006492615,-0.8176710605621338,0.5268274545669556,0.36125537753105164,0.4491574168205261,-0.48691439628601074,0.22360970079898834,0.5845843553543091,0.4573296010494232,-0.81440269947052,0.5295619964599609,0.3859625458717346,0.4309700131416321,-0.5088491439819336,0.22843427956104279,0.6045057773590088,0.4534689486026764,-0.743567168712616,0.4665319323539734,0.3876621127128601,0.42762476205825806,-0.4316083788871765,0.2142675369977951,0.6188037395477295,0.5296303629875183,-0.09056302160024643,0.9989585876464844,0.4664805829524994,0.5228544473648071,0.09013807773590088,0.9984824657440186,0.615646243095398,0.637167751789093,-0.21033868193626404,0.22734007239341736,0.32492366433143616,0.61078941822052,-0.38962486386299133,0.13640357553958893,0.6715647578239441,0.7708891034126282,-0.07670065760612488,0.28802183270454407,0.3291963040828705,0.7397688627243042,-0.2222006916999817,0.14000198245048523,0.679949164390564,0.7930564880371094,-0.08100364357233047,0.33760619163513184,0.35875633358955383,0.7620033025741577,-0.20282986760139465,0.1850915402173996,0.6514947414398193,0.796672523021698,-0.27883100509643555,0.29965782165527344,0.2479316145181656,0.776669979095459,-0.365706205368042,0.1481277346611023
200,6.666666666666667,0.4324456453323364,0.2946522831916809,-0.629986047744751,0.9990203380584717,0.4660457968711853,0.27272534370422363,-0.6201037764549255,0.9985336661338806,0.48290565609931946,0.2720029950141907,-0.6207361221313477,0.9983789324760437,0.5012005567550659,0.2715362310409546,-0.6205893754959106,0.999040961265564,0.4351746439933777,0.27314233779907227,-0.5885274410247803,0.9984444975852966,0.43248918652534485,0.27234122157096863,-0.5892152786254883,0.9983517527580261,0.4282694160938263,0.2715412676334381,-0.589591920375824,0.9986732602119446,0.5368360877037048,0.2767224907875061,-0.4659298360347748,0.9992779493331909,0.43742477893829346,0.27557745575904846,-0.321166455745697,0.9958170056343079,0.4686135947704315,0.3062044680118561,-0.5587770938873291,0.9983097910881042,0.4419499635696411,0.3087698817253113,-0.5215137004852295,0.996892511844635,0.6674405336380005,0.35436221957206726,-0.32592764496803284,0.9998454451560974,0.4203091859817505,0.340933233499527,-0.14610031247138977,0.999383270740509,0.7936314940452576,0.4418168067932129,-0.5232748985290527,0.6555706262588501,0.3697315752506256,0.4403766095638275,-0.2233458161354065,0.1352679431438446,0.6636364459991455,0.466677725315094,-0.696818470954895,0.5603463053703308,0.35915905237197876,0.4696260094642639,-0.5125309228897095,0.1728971153497696,0.6317446231842041,0.48167070746421814,-0.7667993903160095,0.5519623756408691,0.4182718098163605,0.48557329177856445,-0.5903982520103455,0.21150757372379303,0.6110356450080872,0.4619983732700348,-0.7708120346069336,0.5543171763420105,0.4418414533138275,0.4662860929965973,-0.6039765477180481,0.2158554643392563,0.6231475472450256,0.45798206329345703,-0.6968873143196106,0.48758718371391296,0.441717267036438,0.46052756905555725,-0.5267764925956726,0.20267155766487122,0.6326951384544373,0.5341640114784241,-0.03717019408941269,0.9989367723464966,0.4733279049396515,0.5276995897293091,0.036657050251960754,0.9984255433082581,0.6931091547012329,0.635115921497345,-0.23992820084095,0.21275916695594788,0.3583383858203888,0.611407458782196,-0.36243027448654175,0.1352597028017044,0.6622146964073181,0.753444492816925,-0.007390613667666912,0.2657194137573242,0.3894742727279663,0.7426282167434692,-0.11351746320724487,0.13329610228538513,0.6506991982460022,0.7727428674697876,0.004358061123639345,0.31203436851501465,0.4200681149959564,0.7664450407028198,-0.0935477539896965,0.17758604884147644,0.6485442519187927,0.7935346364974976,-0.1779477298259735,0.2768121659755707,0.32093220949172974,0.7794570922851562,-0.22928886115550995,0.14062665402889252
201,6.7,0.47534042596817017,0.2882021367549896,-0.5764263272285461,0.9991138577461243,0.5075820684432983,0.2680474817752838,-0.538262128829956,0.9986696243286133,0.5230435132980347,0.26717960834503174,-0.5388426184654236,0.9985288977622986,0.5376269817352295,0.26681429147720337,-0.5387272238731384,0.9991289377212524,0.46257540583610535,0.2700802981853485,-0.5264878869056702,0.9985880851745605,0.4500817060470581,0.26987162232398987,-0.527084469795227,0.9985018968582153,0.4399569630622864,0.2694587707519531,-0.5273785591125488,0.9987891912460327,0.5603236556053162,0.2716721296310425,-0.357614129781723,0.9993423819541931,0.4431694447994232,0.2717723250389099,-0.23984232544898987,0.9961665868759155,0.5018221139907837,0.3001497983932495,-0.47586530447006226,0.9984511733055115,0.462597519159317,0.30252665281295776,-0.4648997485637665,0.9971439242362976,0.6591250896453857,0.3482063114643097,-0.16766701638698578,0.9998579025268555,0.3938347399234772,0.3407214879989624,-0.06512122601270676,0.9993888735771179,0.7916847467422485,0.4405905306339264,-0.33887720108032227,0.6818127036094666,0.30075880885124207,0.43503743410110474,-0.23851609230041504,0.13832561671733856,0.6732683181762695,0.46293169260025024,-0.666059136390686,0.5868067741394043,0.37871822714805603,0.4560245871543884,-0.5877588391304016,0.1620251089334488,0.629606306552887,0.47412291169166565,-0.7428076863288879,0.5770648121833801,0.41667577624320984,0.4708203375339508,-0.6745826601982117,0.1990419626235962,0.6138876080513,0.4569961130619049,-0.7379645705223083,0.5792489647865295,0.4379822313785553,0.44999831914901733,-0.6702783107757568,0.20259471237659454,0.6223013401031494,0.4526733458042145,-0.6641839146614075,0.5114573836326599,0.43594852089881897,0.4455837607383728,-0.5955408811569214,0.19010894000530243,0.6174117922782898,0.5317850708961487,-0.02379458025097847,0.9989045858383179,0.4415811002254486,0.5305141806602478,0.02322852797806263,0.9982644319534302,0.643773078918457,0.6476667523384094,-0.22821064293384552,0.19583089649677277,0.35669639706611633,0.6312296986579895,-0.30576837062835693,0.12618783116340637,0.6137132048606873,0.7707284092903137,0.018513884395360947,0.24505096673965454,0.38034188747406006,0.7586290836334229,-0.05741443112492561,0.12441324442625046,0.6073426604270935,0.7902944087982178,0.025960717350244522,0.28938028216362,0.40746599435806274,0.7814693450927734,-0.04298443719744682,0.1674390435218811,0.5912784337997437,0.8209818601608276,-0.1671484261751175,0.2549563944339752,0.32287952303886414,0.8077408075332642,-0.17950333654880524,0.13044148683547974
202,6.733333333333333,0.4981308877468109,0.2851591110229492,-0.6186848282814026,0.9991816878318787,0.5250847935676575,0.2655879855155945,-0.5764220952987671,0.9987533688545227,0.541212260723114,0.2647925019264221,-0.5770484209060669,0.9986216425895691,0.554928719997406,0.2645128071308136,-0.5769537687301636,0.9991759657859802,0.47666576504707336,0.2697325348854065,-0.5700615048408508,0.9986832737922668,0.46115803718566895,0.2678847312927246,-0.5706701278686523,0.9986051321029663,0.44814440608024597,0.2667619585990906,-0.5710664391517639,0.998862624168396,0.5766626000404358,0.26881006360054016,-0.33206379413604736,0.9993841648101807,0.44626399874687195,0.27059370279312134,-0.2813095450401306,0.9964179396629333,0.5192691087722778,0.29737383127212524,-0.5099538564682007,0.9985310435295105,0.47728657722473145,0.2993830144405365,-0.5061218738555908,0.9973023533821106,0.6593322157859802,0.3443745970726013,-0.16028264164924622,0.9998651146888733,0.39317017793655396,0.3412740230560303,-0.08906000107526779,0.9993993639945984,0.7811337113380432,0.4363862872123718,-0.27396339178085327,0.6982558369636536,0.2757968306541443,0.4350404143333435,-0.19268584251403809,0.15399660170078278,0.6378318071365356,0.4630984365940094,-0.5360813736915588,0.5821160078048706,0.4108830392360687,0.4444206655025482,-0.4263646900653839,0.15692423284053802,0.5911494493484497,0.4828076958656311,-0.6055790781974792,0.566956639289856,0.4664076864719391,0.45471248030662537,-0.49830925464630127,0.18996745347976685,0.5785213708877563,0.45417362451553345,-0.5887422561645508,0.5672784447669983,0.4625662565231323,0.4393666684627533,-0.4744647145271301,0.191963329911232,0.5889317989349365,0.44956618547439575,-0.528448760509491,0.496894896030426,0.4589116871356964,0.43610697984695435,-0.4222276508808136,0.1792430877685547,0.6130123138427734,0.5333489179611206,-0.014577758498489857,0.998947024345398,0.4387533366680145,0.5298279523849487,0.014219505712389946,0.9983353614807129,0.6133326292037964,0.6732320785522461,-0.033343154937028885,0.19085365533828735,0.3959590792655945,0.6496770977973938,-0.09419875591993332,0.12481914460659027,0.6037880182266235,0.7861353754997253,0.3901514410972595,0.232232004404068,0.39657360315322876,0.7689942121505737,0.30438607931137085,0.1234358623623848,0.604203462600708,0.8022664189338684,0.4210256338119507,0.27558183670043945,0.4138929545879364,0.7903420329093933,0.3360188901424408,0.16334271430969238,0.5575491786003113,0.8432658314704895,0.21636509895324707,0.23959404230117798,0.35375306010246277,0.8181008100509644,0.14155049622058868,0.12587858736515045
205,6.833333333333333,0.5754587650299072,0.2504958510398865,0.012151496484875679,0.9992594122886658,0.5748084187507629,0.23800817131996155,0.0403653047978878,0.9988721013069153,0.5754855871200562,0.23808090388774872,0.03977286070585251,0.9987537860870361,0.5762560367584229,0.23865783214569092,0.039726048707962036,0.9992555975914001,0.5663319826126099,0.23490819334983826,-0.013086744584143162,0.9988058805465698,0.5613387823104858,0.23331110179424286,-0.01357047539204359,0.998733401298523,0.5561654567718506,0.23147901892662048,-0.01367129571735859,0.9989665746688843,0.5540478825569153,0.2344864308834076,0.18621215224266052,0.9994439482688904,0.5265984535217285,0.2247174084186554,-0.05418264493346214,0.9967489838600159,0.5454502105712891,0.2505389451980591,0.07811613380908966,0.9986722469329834,0.5397310256958008,0.24849259853363037,0.00447643781080842,0.9975599646568298,0.5443989634513855,0.29766321182250977,0.33348098397254944,0.9998777508735657,0.44613921642303467,0.24117951095104218,-0.1619073897600174,0.9994548559188843,0.6165317296981812,0.3750757575035095,0.3944244682788849,0.6976558566093445,0.4641430675983429,0.20662537217140198,-0.28061962127685547,0.235968679189682,0.6669638156890869,0.42022815346717834,0.20997269451618195,0.6145629286766052,0.5336101651191711,0.1614726483821869,-0.19363312423229218,0.23570464551448822,0.6844547986984253,0.44223713874816895,0.198557510972023,0.5985369086265564,0.5448067784309387,0.14978903532028198,-0.23380351066589355,0.2625543177127838,0.6657347679138184,0.4347955286502838,0.14468471705913544,0.5991268157958984,0.5531189441680908,0.15107369422912598,-0.22221428155899048,0.2641078531742096,0.6561336517333984,0.4253695607185364,0.183610200881958,0.5342838764190674,0.5448871850967407,0.15738898515701294,-0.19115859270095825,0.2514994144439697,0.47507885098457336,0.45120352506637573,0.17601297795772552,0.9990441203117371,0.40338757634162903,0.4444676339626312,-0.1764884889125824,0.9984908103942871,0.6549551486968994,0.5441156029701233,0.09358128160238266,0.21044009923934937,0.6028995513916016,0.5203415155410767,-0.2908722758293152,0.2080908566713333,0.8045378923416138,0.6090406179428101,0.043762851506471634,0.24338802695274353,0.7396113276481628,0.6342368125915527,-0.19634543359279633,0.19554466009140015,0.8051067590713501,0.6307241320610046,0.03154517710208893,0.29355090856552124,0.7364479303359985,0.662987232208252,-0.18581920862197876,0.22893594205379486,0.9173570275306702,0.6014708280563354,-0.07713129371404648,0.2642851769924164,0.857389509677887,0.6360939145088196,-0.2822919487953186,0.19215741753578186
206,6.866666666666666,0.5822601318359375,0.24251940846443176,0.09387314319610596,0.9965380430221558,0.583187997341156,0.2309102565050125,0.1259966939687729,0.9956957697868347,0.582996129989624,0.2310832440853119,0.12537336349487305,0.9961512088775635,0.5829024910926819,0.23179712891578674,0.12533603608608246,0.9976472854614258,0.5784632563591003,0.22830064594745636,0.07763586193323135,0.994552493095398,0.5752996206283569,0.22711078822612762,0.07706809788942337,0.9948428273200989,0.5719857811927795,0.22563929855823517,0.07672113180160522,0.9956405758857727,0.5641965270042419,0.23138447105884552,0.2542664110660553,0.9988707900047302,0.5496082901954651,0.22229382395744324,0.03659120574593544,0.992853045463562,0.5577596426010132,0.24618034064769745,0.15206748247146606,0.9968656301498413,0.549705445766449,0.24402737617492676,0.08444417268037796,0.9948533177375793,0.5445005893707275,0.29976534843444824,0.38055703043937683,0.9997392296791077,0.48676055669784546,0.24405734241008759,-0.08271637558937073,0.9990126490592957,0.6336944699287415,0.38763633370399475,0.4135144054889679,0.6546758413314819,0.5551127791404724,0.20547933876514435,-0.0780680701136589,0.28641989827156067,0.66689133644104,0.42747169733047485,0.21129868924617767,0.5973756313323975,0.6145821213722229,0.11738665401935577,0.16419854760169983,0.2891833782196045,0.6761688590049744,0.4441688656806946,0.20528101921081543,0.5880138874053955,0.6254358291625977,0.09603271633386612,0.13649100065231323,0.31180620193481445,0.6653640270233154,0.43442171812057495,0.1560191959142685,0.5894336104393005,0.623150646686554,0.09615812450647354,0.16378094255924225,0.31249403953552246,0.6568340063095093,0.4255940020084381,0.1866379678249359,0.5300847291946411,0.6213825941085815,0.1026008129119873,0.17555762827396393,0.30087336897850037,0.48294878005981445,0.4615824222564697,0.16680443286895752,0.9987277984619141,0.4252346158027649,0.45647311210632324,-0.16724713146686554,0.9982053637504578,0.6452097296714783,0.5581507682800293,0.15198296308517456,0.23047377169132233,0.6083214282989502,0.5291310548782349,-0.2763203978538513,0.27480319142341614,0.7715218663215637,0.6036970615386963,0.30652210116386414,0.25073570013046265,0.7415273785591125,0.6341174244880676,-0.11345451325178146,0.24338845908641815,0.7857320308685303,0.6143894195556641,0.3195054531097412,0.29958686232566833,0.7462097406387329,0.6577365398406982,-0.09453276544809341,0.27050596475601196,0.802274227142334,0.6021398305892944,0.21606677770614624,0.268137663602829,0.835567831993103,0.6488705277442932,-0.20256969332695007,0.22025978565216064
208,6.933333333333334,0.47896286845207214,0.2630734145641327,0.31107497215270996,0.9886752367019653,0.45664182305336,0.2457033097743988,0.312605082988739,0.9870143532752991,0.4529075622558594,0.2451503723859787,0.3118763566017151,0.9878863096237183,0.4495484530925751,0.24523699283599854,0.31194043159484863,0.9914242029190063,0.4581817090511322,0.24560311436653137,0.24838532507419586,0.9883080720901489,0.4549390971660614,0.24547985196113586,0.24750730395317078,0.9893625974655151,0.45137107372283936,0.24508556723594666,0.2469666749238968,0.9915080070495605,0.41537392139434814,0.2500113546848297,0.3417312502861023,0.9968137145042419,0.4213829040527344,0.24856944382190704,0.048706941306591034,0.9880983233451843,0.46989861130714417,0.2757810652256012,0.34364694356918335,0.9798943996429443,0.46946579217910767,0.276621013879776,0.2538512349128723,0.979871392250061,0.3107651472091675,0.35039258003234863,0.45857587456703186,0.999565064907074,0.4812575578689575,0.28914132714271545,-0.13950471580028534,0.9989846348762512,0.28503236174583435,0.4893741011619568,0.7620243430137634,0.5895304083824158,0.6472154855728149,0.30584362149238586,-0.04569002240896225,0.27316632866859436,0.34066474437713623,0.4893161654472351,1.108612298965454,0.5377227067947388,0.737224817276001,0.2568329870700836,0.4223640561103821,0.27135032415390015,0.3440697193145752,0.49543052911758423,1.1824482679367065,0.5293832421302795,0.767936110496521,0.24721750617027283,0.4102345407009125,0.29353058338165283,0.360501229763031,0.4791553020477295,1.1483591794967651,0.5306487679481506,0.753375232219696,0.24460068345069885,0.45012983679771423,0.29314738512039185,0.36541083455085754,0.4743579924106598,1.1042351722717285,0.477266401052475,0.7307188510894775,0.24996523559093475,0.4453431963920593,0.280406653881073,0.3768182396888733,0.5678796768188477,0.22541649639606476,0.9986999034881592,0.468085914850235,0.554974377155304,-0.22594507038593292,0.9983022212982178,0.5599236488342285,0.5859535932540894,0.9943410158157349,0.2098083794116974,0.8495358228683472,0.5878127217292786,-0.03640006482601166,0.28700122237205505,0.4563350975513458,0.6983025670051575,1.3264127969741821,0.2293626368045807,0.6958096027374268,0.7436283826828003,0.2916069030761719,0.2431492805480957,0.4344104826450348,0.7188254594802856,1.362078070640564,0.2769470810890198,0.6434623003005981,0.7777508497238159,0.33825644850730896,0.27049022912979126,0.4465579688549042,0.7244483232498169,1.492050051689148,0.24261555075645447,0.7660802006721497,0.7764556407928467,0.42898687720298767,0.20633083581924438
211,7.033333333333333,0.584773063659668,0.42081719636917114,-1.693432331085205,0.9897537231445312,0.5970479249954224,0.3877026438713074,-1.6932952404022217,0.9882752299308777,0.6090558171272278,0.3864588737487793,-1.6947243213653564,0.9890601634979248,0.6213531494140625,0.38608551025390625,-1.6947158575057983,0.9922531247138977,0.5513581037521362,0.3861718773841858,-1.746381163597107,0.989454448223114,0.5313123464584351,0.3843284249305725,-1.7475918531417847,0.9904053807258606,0.5112601518630981,0.38217607140541077,-1.748611569404602,0.9923406839370728,0.594971239566803,0.37945225834846497,-1.4348448514938354,0.9971230030059814,0.4343057870864868,0.3737297058105469,-1.6816667318344116,0.9892693161964417,0.5788136124610901,0.43967247009277344,-1.5570642948150635,0.9817957282066345,0.5256141424179077,0.43735796213150024,-1.6353182792663574,0.9817854762077332,0.6240167021751404,0.457629919052124,-1.1521828174591064,0.9995821118354797,0.21568939089775085,0.459257036447525,-1.3104679584503174,0.9989780187606812,0.6706336736679077,0.5745747685432434,-0.7059736251831055,0.5890052914619446,0.16343510150909424,0.5700259208679199,-0.9153472185134888,0.2835253179073334,0.6324149966239929,0.6602826714515686,-0.4767054319381714,0.49872609972953796,0.1746808886528015,0.6395090818405151,-0.5511189103126526,0.25585252046585083,0.6317751407623291,0.6805804967880249,-0.5112669467926025,0.49235793948173523,0.16673016548156738,0.6564872860908508,-0.6038941740989685,0.2755250036716461,0.6154546141624451,0.6667503714561462,-0.5807232856750488,0.4961230158805847,0.17137980461120605,0.6414518356323242,-0.6582048535346985,0.2777530550956726,0.6026208996772766,0.6583948135375977,-0.49961715936660767,0.4496289789676666,0.18451611697673798,0.633608341217041,-0.5698754787445068,0.2649523615837097,0.4630025327205658,0.690599799156189,0.05689924210309982,0.9986162185668945,0.2620463967323303,0.6986929774284363,-0.057419441640377045,0.998241126537323,0.5191152691841125,0.6890462040901184,1.3320895433425903,0.20110279321670532,0.4500288963317871,0.6492378115653992,0.775806188583374,0.2785312831401825,0.43281009793281555,0.719514787197113,2.4969804286956787,0.21268315613269806,0.4347442090511322,0.7281748056411743,1.9516773223876953,0.2293984442949295,0.4279632866382599,0.7240124344825745,2.6190690994262695,0.256238728761673,0.42771071195602417,0.7391713857650757,2.0848724842071533,0.25287023186683655,0.3876684308052063,0.7544093132019043,2.5558664798736572,0.22731059789657593,0.45887041091918945,0.7718688249588013,2.0207056999206543,0.19713784754276276
212,7.066666666666666,0.6187419891357422,0.38505178689956665,-0.9764338135719299,0.9896695613861084,0.6276571750640869,0.3494192957878113,-0.9367979168891907,0.9879131317138672,0.6433955430984497,0.3469860255718231,-0.9379911422729492,0.9883248209953308,0.6594058275222778,0.3454156816005707,-0.9379335045814514,0.991629421710968,0.5788230895996094,0.35295671224594116,-0.9842021465301514,0.9896982908248901,0.5571203231811523,0.35361558198928833,-0.985438883304596,0.9906594157218933,0.5353425145149231,0.35388144850730896,-0.986393392086029,0.9926307797431946,0.6417608261108398,0.35062509775161743,-0.6582227349281311,0.996378481388092,0.4680131673812866,0.36016541719436646,-0.8693506717681885,0.989625096321106,0.6296379566192627,0.4086008071899414,-0.8493069410324097,0.9770714640617371,0.5637649297714233,0.41231995820999146,-0.9171847701072693,0.9780300855636597,0.6405081152915955,0.4492909908294678,-0.47431614995002747,0.9992132782936096,0.339335173368454,0.4642654061317444,-0.7532753944396973,0.9985506534576416,0.6733987331390381,0.5667938590049744,-0.513764500617981,0.5310449004173279,0.3426721394062042,0.5768383145332336,-0.7451165318489075,0.268746942281723,0.630858838558197,0.5810231566429138,-0.6348418593406677,0.44911304116249084,0.5238178372383118,0.598697304725647,-0.5748894214630127,0.23702163994312286,0.6113361716270447,0.5844935774803162,-0.6921491622924805,0.44373688101768494,0.5769357085227966,0.6115851402282715,-0.649950385093689,0.25576555728912354,0.6138482689857483,0.5594969391822815,-0.7019539475440979,0.44718942046165466,0.5881688594818115,0.5812764167785645,-0.6518557667732239,0.2581583857536316,0.6037124395370483,0.5595831274986267,-0.6426305770874023,0.40545278787612915,0.5756035447120667,0.574190616607666,-0.5735106468200684,0.245478093624115,0.4687854051589966,0.709894061088562,0.06433656811714172,0.9982389211654663,0.34535831212997437,0.7220488786697388,-0.06513697654008865,0.998136043548584,0.4255402088165283,0.7013892531394958,1.0946120023727417,0.18141157925128937,0.4746469259262085,0.6949219107627869,0.5197754502296448,0.2525620460510254,0.33672481775283813,0.7543635964393616,1.7599365711212158,0.19300886988639832,0.3905264437198639,0.8030183911323547,1.237251877784729,0.2101607322692871,0.32888805866241455,0.7707693576812744,1.8267183303833008,0.23509623110294342,0.3700682818889618,0.8278197050094604,1.3193575143814087,0.234034925699234,0.3089698255062103,0.7785635590553284,1.8167973756790161,0.20669297873973846,0.39905908703804016,0.8425630331039429,1.2926592826843262,0.1809362769126892
213,7.1,0.5769567489624023,0.24434947967529297,-1.2099839448928833,0.9901717305183411,0.5938787460327148,0.21496574580669403,-1.1752506494522095,0.9884388446807861,0.6121468544006348,0.21219289302825928,-1.1763607263565063,0.9886139631271362,0.6306132078170776,0.21021859347820282,-1.1761064529418945,0.9917165040969849,0.5481132864952087,0.2212686538696289,-1.200355052947998,0.9903080463409424,0.5309371948242188,0.22356629371643066,-1.2017300128936768,0.9912172555923462,0.513621985912323,0.2255597561597824,-1.2029050588607788,0.9931272268295288,0.6355670690536499,0.22099599242210388,-0.8627845644950867,0.9959878325462341,0.4735376238822937,0.24005845189094543,-0.9707534909248352,0.9902297258377075,0.628262460231781,0.26590749621391296,-1.0708181858062744,0.9772119522094727,0.5587876439094543,0.27386218309402466,-1.1101571321487427,0.9782240390777588,0.6657068729400635,0.35857003927230835,-0.5434721112251282,0.998976469039917,0.45881298184394836,0.34549152851104736,-0.8119146823883057,0.9984717965126038,0.6236129999160767,0.5362616777420044,-0.5543158054351807,0.4791240990161896,0.4568418264389038,0.46234241127967834,-0.7727651000022888,0.24512407183647156,0.5472679734230042,0.4888264536857605,-1.0177099704742432,0.4050935208797455,0.5534060001373291,0.45257750153541565,-1.000420331954956,0.21795161068439484,0.506572961807251,0.47817760705947876,-1.105164647102356,0.40147098898887634,0.5855430364608765,0.45945852994918823,-1.1283133029937744,0.23700961470603943,0.5394352674484253,0.44715848565101624,-1.1421411037445068,0.4047270119190216,0.5886756181716919,0.43612876534461975,-1.1151577234268188,0.23916637897491455,0.5441933274269104,0.4501238465309143,-1.0389372110366821,0.3669741749763489,0.5847991704940796,0.4331720471382141,-1.0024628639221191,0.2265975922346115,0.5094428658485413,0.6438028216362,0.06496445089578629,0.9979710578918457,0.42708247900009155,0.632088303565979,-0.06578667461872101,0.9981200695037842,0.4485437273979187,0.6430338621139526,0.9940069317817688,0.16478091478347778,0.4424183666706085,0.6371799111366272,0.4607279598712921,0.23135541379451752,0.4084904193878174,0.7129172682762146,1.806204080581665,0.17746983468532562,0.362470805644989,0.7249693274497986,1.2131505012512207,0.1936211884021759,0.4229782223701477,0.7350672483444214,1.886334776878357,0.21844416856765747,0.3583022356033325,0.7508843541145325,1.2970495223999023,0.2163514643907547,0.35969650745391846,0.7367082834243774,1.8547406196594238,0.1899455189704895,0.3291477560997009,0.756582498550415,1.2498841285705566,0.1669052541255951
214,7.133333333333334,0.5886771082878113,0.24880854785442352,-0.4200102388858795,0.9904282689094543,0.6012242436408997,0.2253263294696808,-0.4399315416812897,0.9885720014572144,0.6148073673248291,0.22243063151836395,-0.440766304731369,0.9883489012718201,0.6305053234100342,0.2203090637922287,-0.44031792879104614,0.9914412498474121,0.5788687467575073,0.2330089509487152,-0.44484859704971313,0.9907321929931641,0.5731040239334106,0.23630008101463318,-0.4462868273258209,0.9916415810585022,0.5672817826271057,0.23922112584114075,-0.44701144099235535,0.9935448169708252,0.6475741267204285,0.23145847022533417,-0.4118973910808563,0.9952783584594727,0.5800666809082031,0.2553408145904541,-0.4295736849308014,0.9907204508781433,0.6319096684455872,0.26575279235839844,-0.3816413879394531,0.9768474102020264,0.5957075357437134,0.2755318880081177,-0.39362698793411255,0.9781218767166138,0.6631940603256226,0.33593738079071045,-0.24440720677375793,0.9985492825508118,0.6647785902023315,0.35784590244293213,-0.412913978099823,0.9984586238861084,0.5861678719520569,0.46384328603744507,-0.2126893848180771,0.43144533038139343,0.6249130368232727,0.42868417501449585,-0.3259579837322235,0.22377872467041016,0.5469951033592224,0.45439204573631287,-0.21565094590187073,0.36476683616638184,0.62592613697052,0.4395267367362976,-0.1424325555562973,0.20018599927425385,0.5166565179824829,0.4482460618019104,-0.2294428050518036,0.3619813919067383,0.6298398971557617,0.4444337785243988,-0.1831427961587906,0.22013631463050842,0.5407279133796692,0.4313003420829773,-0.2659052908420563,0.36499181389808655,0.6259081363677979,0.43712106347084045,-0.18245697021484375,0.22219176590442657,0.5497005581855774,0.43494290113449097,-0.22788327932357788,0.3310336768627167,0.6254513263702393,0.43582335114479065,-0.14384283125400543,0.21024243533611298,0.5232929587364197,0.6333699226379395,0.06332903355360031,0.9978607296943665,0.5675513744354248,0.6378352046012878,-0.06432300060987473,0.9981971383094788,0.44921520352363586,0.6571892499923706,0.7626936435699463,0.14871282875537872,0.5562087297439575,0.6715806722640991,0.3825587034225464,0.20987965166568756,0.40936610102653503,0.8069095611572266,1.0549126863479614,0.1625959426164627,0.4367024302482605,0.8305648565292358,0.6831130385398865,0.17891782522201538,0.4229139983654022,0.8377889394760132,1.0784235000610352,0.20631615817546844,0.41208869218826294,0.8608787655830383,0.7171837687492371,0.202944815158844,0.414469450712204,0.8283222913742065,1.0467995405197144,0.17587555944919586,0.40808022022247314,0.8449548482894897,0.6834465265274048,0.1567251831293106
215,7.166666666666667,0.5593069195747375,0.28191035985946655,-0.596818208694458,0.9861642122268677,0.5834754705429077,0.25160327553749084,-0.5868443846702576,0.9828388690948486,0.6039591431617737,0.25204795598983765,-0.5879744291305542,0.9817239046096802,0.6263510584831238,0.2518591284751892,-0.5878506302833557,0.9860629439353943,0.5486636757850647,0.257455050945282,-0.5755195021629333,0.9874978065490723,0.5356235504150391,0.25867223739624023,-0.5768889784812927,0.9890123605728149,0.522375226020813,0.2595292925834656,-0.5778844356536865,0.9915987849235535,0.652382493019104,0.2640441060066223,-0.4299061596393585,0.9912383556365967,0.5581872463226318,0.2726915180683136,-0.3782808184623718,0.986713171005249,0.5948498845100403,0.2997705638408661,-0.5187578201293945,0.9681957364082336,0.555142879486084,0.31018465757369995,-0.51125168800354,0.967476487159729,0.7303675413131714,0.3689092993736267,-0.34723836183547974,0.9977233409881592,0.48215967416763306,0.3788546621799469,-0.27685344219207764,0.9971870183944702,0.7093675136566162,0.5002272129058838,-0.43544429540634155,0.3981398642063141,0.44582825899124146,0.47677502036094666,-0.45957714319229126,0.20519565045833588,0.5587107539176941,0.4322125315666199,-0.49775588512420654,0.33143189549446106,0.47364914417266846,0.44804826378822327,-0.7477766275405884,0.18572750687599182,0.5351365208625793,0.4130939841270447,-0.5317772626876831,0.33185863494873047,0.47964948415756226,0.4459379315376282,-0.8534162640571594,0.20922185480594635,0.5532809495925903,0.38414266705513,-0.3482472598552704,0.33488255739212036,0.480956494808197,0.41911840438842773,-0.8358617424964905,0.21142597496509552,0.5519707798957825,0.39057016372680664,-0.4567612111568451,0.30432501435279846,0.48586976528167725,0.42053037881851196,-0.7584868669509888,0.20008230209350586,0.572347104549408,0.6637102365493774,0.008046246133744717,0.9974393844604492,0.4585716724395752,0.6514133214950562,-0.009178423322737217,0.9979097247123718,0.4860030710697174,0.7497068643569946,0.6861659288406372,0.13827912509441376,0.3588467538356781,0.7142776250839233,0.4591227173805237,0.19550476968288422,0.4376465380191803,0.8521830439567566,1.0887399911880493,0.15892387926578522,0.36896955966949463,0.8335696458816528,0.9909266233444214,0.17115232348442078,0.4346807301044464,0.8761496543884277,1.1237436532974243,0.20211161673069,0.388447642326355,0.8573377728462219,1.0488032102584839,0.19439837336540222,0.4356019198894501,0.8669036030769348,1.0024982690811157,0.17030096054077148,0.3141270577907562,0.8812464475631714,0.9750722050666809,0.14883959293365479
216,7.2,0.5422424077987671,0.29147204756736755,-0.34317466616630554,0.9123252630233765,0.5564553141593933,0.2643873393535614,-0.3620615303516388,0.903054416179657,0.5700933337211609,0.2612953186035156,-0.36312392354011536,0.9029610753059387,0.5842164158821106,0.2586429715156555,-0.3632151186466217,0.9140862822532654,0.5309553146362305,0.2738804221153259,-0.3411159813404083,0.9155800342559814,0.5228635668754578,0.2770775854587555,-0.3424539864063263,0.9208117127418518,0.5143983960151672,0.2795493006706238,-0.3434942364692688,0.9299447536468506,0.6323041915893555,0.26907795667648315,-0.3442542850971222,0.9401825070381165,0.5315361022949219,0.2905203402042389,-0.24279575049877167,0.9192525744438171,0.5850269794464111,0.3088194727897644,-0.3159870505332947,0.9112371206283569,0.5535857081413269,0.32191169261932373,-0.2930055856704712,0.901254415512085,0.7327291965484619,0.37124907970428467,-0.3045038878917694,0.9971702694892883,0.5148223042488098,0.3904143273830414,-0.15754397213459015,0.9924229979515076,0.7914830446243286,0.3928932249546051,-0.33786338567733765,0.36854246258735657,0.4580096900463104,0.4888884127140045,-0.2235172539949417,0.18520380556583405,0.7909541726112366,0.20899614691734314,-0.30732277035713196,0.311896413564682,0.4541946053504944,0.4863457679748535,-0.4623337984085083,0.16765883564949036,0.8075758814811707,0.17178794741630554,-0.3438853323459625,0.3211973309516907,0.45773908495903015,0.4917193353176117,-0.5333195328712463,0.1894213855266571,0.815339982509613,0.1561303585767746,-0.3289795219898224,0.3256780505180359,0.4551543891429901,0.47546839714050293,-0.5568913221359253,0.1914852410554886,0.8057072758674622,0.17036142945289612,-0.30151888728141785,0.29560422897338867,0.46600279211997986,0.4731408953666687,-0.48795148730278015,0.18129383027553558,0.5813056230545044,0.6732719540596008,-0.022179100662469864,0.9967696666717529,0.48021748661994934,0.6581209897994995,0.021034402772784233,0.9969934225082397,0.48609232902526855,0.7356045246124268,0.516621470451355,0.126543790102005,0.3778250813484192,0.7061804533004761,0.5194440484046936,0.1782069355249405,0.437272846698761,0.8349514007568359,1.0413790941238403,0.15047545731067657,0.3407139182090759,0.8160539865493774,1.0678125619888306,0.1593763530254364,0.4337189197540283,0.8539247512817383,1.0904909372329712,0.19147326052188873,0.3561581075191498,0.8358787298202515,1.1252950429916382,0.1810746043920517,0.42765626311302185,0.8589035272598267,0.9627233147621155,0.15938043594360352,0.28553053736686707,0.8681513071060181,1.034506916999817,0.13806010782718658
217,7.233333333333333,0.5490143299102783,0.3078916072845459,-0.19504773616790771,0.8448353409767151,0.5687599182128906,0.27897268533706665,-0.21892613172531128,0.8316103219985962,0.5811939835548401,0.2767016291618347,-0.21986468136310577,0.830947756767273,0.593684196472168,0.2746407389640808,-0.2198740690946579,0.8475559949874878,0.5508192777633667,0.2823375463485718,-0.1788194626569748,0.853596031665802,0.5466676950454712,0.28011173009872437,-0.1801387220621109,0.8630452156066895,0.5415104031562805,0.2845257818698883,-0.18119153380393982,0.8815175890922546,0.6616297364234924,0.2817862629890442,-0.21424071490764618,0.8827465176582336,0.5725389122962952,0.30623453855514526,-0.024277668446302414,0.8582081198692322,0.6066418290138245,0.3251889944076538,-0.17172662913799286,0.8509948253631592,0.5777401924133301,0.33510327339172363,-0.12315059453248978,0.836916983127594,0.8114525675773621,0.37636637687683105,-0.18837396800518036,0.9963447451591492,0.5876232981681824,0.3921695947647095,0.05094724893569946,0.9889158606529236,0.8564606308937073,0.3585055470466614,-0.2641603946685791,0.3391662538051605,0.5295010209083557,0.4923933148384094,-0.057170119136571884,0.1671566516160965,0.8543235659599304,0.1846618503332138,-0.2684337794780731,0.2890009582042694,0.5441970825195312,0.493641197681427,-0.41301247477531433,0.15132459998130798,0.8514758348464966,0.15995334088802338,-0.3192562758922577,0.3037092983722687,0.5592710971832275,0.5011478066444397,-0.494892418384552,0.1714593470096588,0.8585925698280334,0.14118818938732147,-0.3103930950164795,0.30868014693260193,0.5585584044456482,0.48589810729026794,-0.5219834446907043,0.17336209118366241,0.8598803281784058,0.14566490054130554,-0.2634980380535126,0.2795248031616211,0.5667726397514343,0.4824469983577728,-0.43992912769317627,0.16422396898269653,0.6864506006240845,0.6765134334564209,-0.051309142261743546,0.9964308738708496,0.5748403668403625,0.6621915102005005,0.05015626549720764,0.9966191053390503,0.6129657626152039,0.7316282987594604,0.3795003294944763,0.11674822121858597,0.39196333289146423,0.7145445942878723,0.4427541196346283,0.16381476819515228,0.5090354681015015,0.8149738311767578,0.856533408164978,0.14625988900661469,0.3913123309612274,0.8134816288948059,0.9564950466156006,0.14884333312511444,0.493781715631485,0.8342087864875793,0.8976942896842957,0.18415886163711548,0.4196469485759735,0.8295594453811646,1.0115793943405151,0.16913416981697083,0.4763852059841156,0.843949019908905,0.7027863264083862,0.15122628211975098,0.3307898938655853,0.8650436401367188,0.864473819732666,0.1282152682542801
218,7.266666666666667,0.5348520874977112,0.3079909086227417,-0.39006152749061584,0.8510617017745972,0.5504902601242065,0.28485554456710815,-0.4157238304615021,0.838670551776886,0.558095395565033,0.2827307879924774,-0.41680094599723816,0.8374342918395996,0.5655889511108398,0.2810714840888977,-0.4169619381427765,0.8561965823173523,0.5391031503677368,0.2891383171081543,-0.40813177824020386,0.8598538637161255,0.5386013984680176,0.28917765617370605,-0.4094303250312805,0.8682621717453003,0.5391879677772522,0.29208773374557495,-0.41021108627319336,0.8872026205062866,0.6011360883712769,0.28772273659706116,-0.4184296429157257,0.8904529213905334,0.548895537853241,0.3081640601158142,-0.37822726368904114,0.8578168749809265,0.5645073056221008,0.32399508357048035,-0.3665253221988678,0.8512519598007202,0.5521917343139648,0.3312075734138489,-0.36187130212783813,0.8333460092544556,0.6319539546966553,0.3638134300708771,-0.29640868306159973,0.9964028000831604,0.5397410988807678,0.3935627341270447,-0.36500221490859985,0.9883413314819336,0.8167293071746826,0.3227524757385254,-0.3012809157371521,0.3435705304145813,0.6431716084480286,0.4377354681491852,-0.3602965474128723,0.15611585974693298,0.8800753355026245,0.17158375680446625,-0.3588584363460541,0.2977885901927948,0.716036319732666,0.3890467584133148,-0.4622475504875183,0.14144131541252136,0.897174596786499,0.1272003948688507,-0.4030260443687439,0.3195761442184448,0.7406913042068481,0.382010281085968,-0.5385417342185974,0.16180992126464844,0.9063568115234375,0.118996262550354,-0.4199449419975281,0.3256370425224304,0.7232564091682434,0.36856579780578613,-0.5628491640090942,0.16382302343845367,0.9028063416481018,0.13335083425045013,-0.3638836443424225,0.2976888418197632,0.7185825109481812,0.3687574863433838,-0.4825848340988159,0.15582914650440216,0.4608500897884369,0.6384553909301758,0.06861492991447449,0.9966577291488647,0.47627559304237366,0.6406182646751404,-0.06935091316699982,0.9967599511146545,0.5651100873947144,0.7273707985877991,0.6757465600967407,0.12733018398284912,0.5744467377662659,0.7061318755149841,0.04880679398775101,0.18139010667800903,0.45881620049476624,0.8035638928413391,1.1578426361083984,0.15344490110874176,0.45325973629951477,0.8047548532485962,0.51670902967453,0.15007001161575317,0.42849302291870117,0.8200615644454956,1.2012264728546143,0.1862819492816925,0.4300420880317688,0.8205957412719727,0.5741271376609802,0.1665971279144287,0.4651409685611725,0.8329866528511047,1.1860010623931885,0.1483505219221115,0.4984453022480011,0.8530942797660828,0.5976751446723938,0.12374019622802734
219,7.3,0.5400211811065674,0.2872060537338257,-0.3729493021965027,0.8567798733711243,0.5356704592704773,0.26994961500167847,-0.3452174663543701,0.845687210559845,0.5460641384124756,0.2699792683124542,-0.3464001417160034,0.8438758254051208,0.5496895909309387,0.2694433331489563,-0.34664613008499146,0.8646420836448669,0.5285845398902893,0.28362491726875305,-0.3829863667488098,0.8669646382331848,0.522888720035553,0.2859981954097748,-0.3840470314025879,0.8744934797286987,0.5179271101951599,0.2890092730522156,-0.3847692310810089,0.8937051296234131,0.5294507145881653,0.2689060866832733,-0.18265292048454285,0.8967559337615967,0.49258631467819214,0.3042652904987335,-0.34149137139320374,0.8560858964920044,0.5587762594223022,0.2960948348045349,-0.2960876524448395,0.8545817136764526,0.5482177138328552,0.30892595648765564,-0.3488590121269226,0.8346731066703796,0.5829965472221375,0.3467775881290436,-0.03584950044751167,0.9965983033180237,0.48685166239738464,0.39161983132362366,-0.3854438364505768,0.9884938597679138,0.7808869481086731,0.3153950572013855,-0.062479812651872635,0.32079559564590454,0.5744906067848206,0.46069639921188354,-0.5810245871543884,0.15310926735401154,0.8566294312477112,0.17867417633533478,-0.35265418887138367,0.2957967519760132,0.7010961174964905,0.40158897638320923,-0.821715772151947,0.1564689427614212,0.8598108887672424,0.15693482756614685,-0.4071182608604431,0.32618415355682373,0.7547844052314758,0.37423834204673767,-0.9418692588806152,0.18534120917320251,0.8644644618034363,0.14207886159420013,-0.4439338147640228,0.3331751823425293,0.7484753727912903,0.3564477562904358,-0.9371038675308228,0.1866711974143982,0.858766496181488,0.15744249522686005,-0.3740118145942688,0.3057708740234375,0.7324740886688232,0.36710771918296814,-0.8358628153800964,0.17358779907226562,0.4455835521221161,0.6212481260299683,0.13311751186847687,0.9969270825386047,0.3780350983142853,0.6353765726089478,-0.1337752789258957,0.9969870448112488,0.6215043663978577,0.7159730792045593,0.3118562698364258,0.13314242660999298,0.5326557755470276,0.7199227213859558,-0.06971045583486557,0.18648885190486908,0.4773031771183014,0.7989498376846313,0.6903262138366699,0.14963805675506592,0.444443017244339,0.8409110307693481,0.3099139928817749,0.1537158340215683,0.4298546612262726,0.8136380314826965,0.7258371710777283,0.1799270063638687,0.4259057641029358,0.8572454452514648,0.3552016615867615,0.16355709731578827,0.5034607648849487,0.8336962461471558,0.7022355198860168,0.1431656777858734,0.512646496295929,0.8659950494766235,0.3280002772808075,0.12208806723356247
220,7.333333333333333,0.5411982536315918,0.29770272970199585,-0.36894145607948303,0.8703500628471375,0.5424595475196838,0.2884606420993805,-0.328080952167511,0.8605345487594604,0.5531173348426819,0.2882443964481354,-0.32919976115226746,0.8588656783103943,0.5600196123123169,0.28841352462768555,-0.32936158776283264,0.8777841329574585,0.5230245590209961,0.29299014806747437,-0.3547889292240143,0.8796882629394531,0.5130696892738342,0.2939853072166443,-0.3557624816894531,0.8864670395851135,0.5031709671020508,0.2952406108379364,-0.3563859164714813,0.9038746356964111,0.5426838397979736,0.29343336820602417,-0.13267968595027924,0.9068430066108704,0.45734071731567383,0.3216838240623474,-0.2461223006248474,0.8692042231559753,0.5583328604698181,0.305448979139328,-0.285449743270874,0.868345320224762,0.5270817875862122,0.31269457936286926,-0.3255534768104553,0.8498797416687012,0.5935025811195374,0.36772090196609497,-0.0177132710814476,0.9969066381454468,0.4147695004940033,0.3948204815387726,-0.28699514269828796,0.98944091796875,0.764754593372345,0.4516478478908539,0.06127277389168739,0.3418147563934326,0.5280634164810181,0.4662853181362152,-0.5727953314781189,0.2041393220424652,0.81288743019104,0.5251743197441101,-0.08001571148633957,0.3347610831260681,0.6462811231613159,0.41767239570617676,-0.7974554300308228,0.23077096045017242,0.8150522708892822,0.5454760789871216,-0.0874146968126297,0.36405014991760254,0.6935374736785889,0.40349140763282776,-0.9082816243171692,0.2576412260532379,0.8196313381195068,0.5382179021835327,-0.1580067276954651,0.3717317581176758,0.705509603023529,0.39448100328445435,-0.8858428001403809,0.25833743810653687,0.8108633160591125,0.5346103310585022,-0.10563421994447708,0.34773847460746765,0.6978742480278015,0.397737056016922,-0.8036019206047058,0.2435067594051361,0.4570108652114868,0.6166731119155884,0.10920713096857071,0.9972034096717834,0.3270109295845032,0.6250770092010498,-0.1099877581000328,0.9972431659698486,0.6645130515098572,0.6916742324829102,0.011950145475566387,0.2057742476463318,0.325244277715683,0.7253174185752869,-0.18474166095256805,0.25578218698501587,0.4975448250770569,0.7980996966362,0.42480796575546265,0.20621247589588165,0.38129734992980957,0.8391660451889038,0.2074887752532959,0.21208541095256805,0.4403800666332245,0.8118443489074707,0.46934691071510315,0.22005288302898407,0.3956790864467621,0.8512390851974487,0.2582566440105438,0.20019498467445374,0.5316846370697021,0.8508102297782898,0.4479597210884094,0.18927566707134247,0.3901217579841614,0.9109407663345337,0.23659323155879974,0.16442996263504028
221,7.366666666666666,0.5190515518188477,0.3702712655067444,-0.39515987038612366,0.8791646957397461,0.5044451951980591,0.3559603989124298,-0.36116015911102295,0.8715481758117676,0.5110515356063843,0.3542626202106476,-0.3623278737068176,0.8700897097587585,0.5208039879798889,0.34559154510498047,-0.3624819815158844,0.8883734941482544,0.49370747804641724,0.35851603746414185,-0.3877907693386078,0.8883368372917175,0.4822461009025574,0.35990703105926514,-0.3887464702129364,0.8940802812576294,0.44543594121932983,0.3720649182796478,-0.389435738325119,0.910260796546936,0.5068209171295166,0.3566892445087433,-0.1751357614994049,0.9150768518447876,0.41669386625289917,0.3898129463195801,-0.28976380825042725,0.8735931515693665,0.5265050530433655,0.38434725999832153,-0.31299927830696106,0.8775267004966736,0.5038614273071289,0.3924787938594818,-0.35358360409736633,0.8566457033157349,0.5714176297187805,0.41480565071105957,-0.08493667840957642,0.9971632361412048,0.37034857273101807,0.4414166510105133,-0.29381653666496277,0.9892656207084656,0.6889476776123047,0.4778974950313568,-0.023989759385585785,0.35891544818878174,0.5232626795768738,0.4714091420173645,-0.49476927518844604,0.2118118405342102,0.8013076782226562,0.5117103457450867,-0.1568034589290619,0.36949336528778076,0.6561245322227478,0.43470972776412964,-0.6870532035827637,0.2410873919725418,0.8028994798660278,0.5192305445671082,-0.16902580857276917,0.40035581588745117,0.6881103515625,0.4291231036186218,-0.7902659773826599,0.2726994454860687,0.8184509873390198,0.5086632966995239,-0.23036234080791473,0.4091000258922577,0.6954488158226013,0.41595298051834106,-0.7532508969306946,0.27345407009124756,0.7959951758384705,0.5093240141868591,-0.1784294992685318,0.3861025273799896,0.6893941760063171,0.4167807996273041,-0.6930757164955139,0.25779619812965393,0.4592691659927368,0.6246562600135803,0.09752725809812546,0.9974091053009033,0.3151569664478302,0.6299417018890381,-0.0983012393116951,0.9973862171173096,0.677994430065155,0.6927154064178467,0.0057425424456596375,0.253581702709198,0.28620755672454834,0.719144880771637,-0.5155870914459229,0.3141486942768097,0.5150561928749084,0.7958518266677856,0.2779756784439087,0.25081667304039,0.3604353070259094,0.8340631723403931,-0.20258714258670807,0.2542123794555664,0.46150386333465576,0.8100898861885071,0.3080843687057495,0.24506548047065735,0.3852025866508484,0.8448923230171204,-0.15824037790298462,0.22644995152950287,0.5365798473358154,0.8484069108963013,0.2493385523557663,0.22226624190807343,0.3957216441631317,0.8873569369316101,-0.19723519682884216,0.19180116057395935
222,7.4,0.47084879875183105,0.3431642949581146,-0.3716208040714264,0.8875154852867126,0.4854607880115509,0.3316178321838379,-0.35502302646636963,0.8816225528717041,0.4964635670185089,0.3316643238067627,-0.3559851348400116,0.8799448013305664,0.5081614851951599,0.3306218981742859,-0.35601896047592163,0.8977746367454529,0.4569573402404785,0.32822495698928833,-0.3534485399723053,0.8970337510108948,0.44588416814804077,0.3281398415565491,-0.35445883870124817,0.9020735025405884,0.42944997549057007,0.3301846981048584,-0.3551102578639984,0.9175535440444946,0.5189012885093689,0.34682077169418335,-0.2102319449186325,0.9219151735305786,0.41251271963119507,0.337171733379364,-0.19658906757831573,0.8809641599655151,0.4896930754184723,0.36246711015701294,-0.3033035099506378,0.885286271572113,0.4516385495662689,0.3608599305152893,-0.30689147114753723,0.8645811676979065,0.5884436964988708,0.41100454330444336,-0.13067026436328888,0.9973253011703491,0.3591284155845642,0.388906329870224,-0.16014300286769867,0.9897168874740601,0.6640380024909973,0.4945663809776306,-0.042326394468545914,0.3341878354549408,0.3931068778038025,0.45840421319007874,-0.11999328434467316,0.20203973352909088,0.7239157557487488,0.5178247094154358,-0.11934750527143478,0.3396657705307007,0.49548861384391785,0.4557124078273773,-0.1470242589712143,0.22577407956123352,0.7191658020019531,0.5310253500938416,-0.12634490430355072,0.37435412406921387,0.51280677318573,0.4747433662414551,-0.19113627076148987,0.25906744599342346,0.7176271080970764,0.5106882452964783,-0.1728316694498062,0.38273516297340393,0.5304679870605469,0.4613819718360901,-0.21195989847183228,0.260496586561203,0.708831250667572,0.5062684416770935,-0.13161496818065643,0.3625318706035614,0.5303041338920593,0.45413723587989807,-0.16141697764396667,0.24734246730804443,0.4662955701351166,0.6170390248298645,0.04038748890161514,0.9976149797439575,0.3266914486885071,0.6166759729385376,-0.041129328310489655,0.9975852370262146,0.7335207462310791,0.6602891087532043,-0.2770754396915436,0.2778031527996063,0.1677495837211609,0.697211503982544,-0.4720311760902405,0.34655457735061646,0.4295854866504669,0.7781572937965393,0.016435114666819572,0.25062841176986694,0.38983094692230225,0.8130499124526978,-0.20551800727844238,0.257498174905777,0.3791990876197815,0.7695206999778748,0.0583854503929615,0.24370186030864716,0.4499809145927429,0.807946503162384,-0.15610171854496002,0.23481926321983337,0.3041100800037384,0.843407154083252,0.004855521488934755,0.21825452148914337,0.48803868889808655,0.8785139918327332,-0.17924626171588898,0.19237419962882996
223,7.433333333333334,0.49095988273620605,0.2829451560974121,-0.1791631281375885,0.8894271850585938,0.5014370083808899,0.2671046853065491,-0.1747148633003235,0.8832324147224426,0.5126612186431885,0.26592761278152466,-0.17577055096626282,0.881537139415741,0.523943305015564,0.26553404331207275,-0.17565949261188507,0.9009753465652466,0.4710325002670288,0.26865655183792114,-0.17240189015865326,0.8990863561630249,0.4536082446575165,0.26970481872558594,-0.17356258630752563,0.9049557447433472,0.4443317949771881,0.2704537808895111,-0.17423228919506073,0.9209845662117004,0.5224334597587585,0.2744531035423279,-0.09452104568481445,0.9256144762039185,0.4586557149887085,0.2775132358074188,-0.08021555840969086,0.8826152682304382,0.5087586045265198,0.29754412174224854,-0.13285954296588898,0.8904697299003601,0.47063517570495605,0.300181120634079,-0.13580170273780823,0.8699066042900085,0.6144052147865295,0.371177077293396,-0.043841879814863205,0.9974699020385742,0.40916261076927185,0.3479585349559784,-0.04085925593972206,0.9902788400650024,0.6597539186477661,0.48548680543899536,0.017775293439626694,0.33434611558914185,0.4456925690174103,0.38700807094573975,-0.003515321295708418,0.18884700536727905,0.6495617032051086,0.45559853315353394,-0.029038574546575546,0.32206761837005615,0.4965454638004303,0.3541007339954376,0.0224992036819458,0.21158641576766968,0.612993597984314,0.44793781638145447,-0.049147266894578934,0.3602842092514038,0.5246079564094543,0.35433119535446167,-0.02823527343571186,0.24706514179706573,0.6117966175079346,0.41392236948013306,-0.06430070847272873,0.3680894374847412,0.53910893201828,0.34506168961524963,-0.030573492869734764,0.24824486672878265,0.6196986436843872,0.4120180010795593,-0.02999788336455822,0.3490503132343292,0.5368536710739136,0.3435165584087372,0.014360364526510239,0.23697039484977722,0.5003131628036499,0.616997480392456,-0.003856315277516842,0.9978007078170776,0.3734957277774811,0.6145408749580383,0.0031202605459839106,0.997767448425293,0.7205651998519897,0.7051876783370972,0.35249650478363037,0.2896769940853119,0.3624892830848694,0.746845006942749,0.34842678904533386,0.33055874705314636,0.5295243859291077,0.7820143699645996,0.030867280438542366,0.28309375047683716,0.4255722165107727,0.8345327377319336,0.6937145590782166,0.2634945511817932,0.5133471488952637,0.8211425542831421,0.4630327522754669,0.26675161719322205,0.4568648934364319,0.8468718528747559,0.7244630455970764,0.2414126694202423,0.5302749276161194,0.8448680639266968,0.5969589352607727,0.2478993833065033,0.46965929865837097,0.8742421269416809,0.5670232176780701,0.20412863790988922
224,7.466666666666667,0.6611008644104004,0.24591076374053955,-0.5270932912826538,0.8920774459838867,0.6721504926681519,0.2251746654510498,-0.49888381361961365,0.8830544352531433,0.6838996410369873,0.22390778362751007,-0.5000803470611572,0.8805249333381653,0.6957579851150513,0.22349750995635986,-0.4999629855155945,0.902001678943634,0.6370378136634827,0.22782668471336365,-0.5307851433753967,0.9006843566894531,0.6221019625663757,0.22912442684173584,-0.5319857001304626,0.9072792530059814,0.6088025569915771,0.22994890809059143,-0.5327093601226807,0.9238835573196411,0.6925297379493713,0.23662737011909485,-0.29925277829170227,0.9263649582862854,0.5791400074958801,0.24365699291229248,-0.4477185010910034,0.8828690052032471,0.6764635443687439,0.2670549750328064,-0.4407799243927002,0.8942404985427856,0.6277286410331726,0.2698495090007782,-0.4883241057395935,0.8747192621231079,0.7196921706199646,0.3628440499305725,-0.16890230774879456,0.9975821375846863,0.48621588945388794,0.3477168679237366,-0.3119345009326935,0.9909094572067261,0.723856508731842,0.5250104665756226,-0.09739518910646439,0.32082444429397583,0.4524398744106293,0.40811997652053833,-0.13071967661380768,0.1842966377735138,0.6356194615364075,0.4819626808166504,-0.2111104279756546,0.30199554562568665,0.5234766006469727,0.3835428059101105,-0.2675701379776001,0.20679864287376404,0.5802837610244751,0.472686231136322,-0.2316640466451645,0.34189531207084656,0.5381559133529663,0.42568811774253845,-0.34890520572662354,0.2459239959716797,0.5947662591934204,0.4429345726966858,-0.19087108969688416,0.34880462288856506,0.5532423853874207,0.3959139287471771,-0.3560499846935272,0.24677549302577972,0.6050481200218201,0.4430537819862366,-0.19073715806007385,0.33088746666908264,0.5522923469543457,0.3834487199783325,-0.28765782713890076,0.23436130583286285,0.5644949078559875,0.6227174401283264,0.00033092437661252916,0.9979662299156189,0.4385024309158325,0.6211951971054077,-0.001085649710148573,0.9979392886161804,0.6941981315612793,0.7448686361312866,0.5595884323120117,0.2857535183429718,0.43034401535987854,0.7668865919113159,0.4268956184387207,0.3192065954208374,0.5477275252342224,0.7933173179626465,0.8208870887756348,0.3041706681251526,0.4572880268096924,0.8297936320304871,0.8165993690490723,0.2858607769012451,0.5339003801345825,0.8188006281852722,0.9024280905723572,0.2835488021373749,0.45415425300598145,0.8418259620666504,0.8545935153961182,0.2534938156604767,0.5812031030654907,0.8455793261528015,0.7821105718612671,0.2698286175727844,0.46684443950653076,0.8715502023696899,0.7169098854064941,0.22508534789085388
225,7.5,0.6868210434913635,0.23205558955669403,-0.5553503632545471,0.9021526575088501,0.6983932852745056,0.21019940078258514,-0.534216582775116,0.8940035104751587,0.7100213170051575,0.20823034644126892,-0.535284698009491,0.8916167616844177,0.7217212319374084,0.2070976197719574,-0.5350980758666992,0.9112944602966309,0.6655969619750977,0.2145959883928299,-0.557326078414917,0.9098853468894958,0.6528229117393494,0.2164100855588913,-0.5585209131240845,0.9158104658126831,0.6403886079788208,0.21781229972839355,-0.5591776967048645,0.930962860584259,0.7310329079627991,0.21841517090797424,-0.3572823405265808,0.9333765506744385,0.6208342909812927,0.2313038408756256,-0.4657037556171417,0.8933439254760742,0.710042417049408,0.2511429190635681,-0.4756391644477844,0.9042550325393677,0.665208101272583,0.2564185857772827,-0.5121105909347534,0.8863056898117065,0.7638066411018372,0.3514399826526642,-0.2248416244983673,0.9977954030036926,0.588233470916748,0.31742939352989197,-0.3609103262424469,0.9916849136352539,0.693700909614563,0.5189327001571655,-0.2343446910381317,0.33876147866249084,0.6032454967498779,0.32720011472702026,-0.35418564081192017,0.20139239728450775,0.6265537738800049,0.46271997690200806,-0.32929107546806335,0.3213392496109009,0.7239941358566284,0.24793069064617157,-0.34242451190948486,0.22286456823349,0.5823819637298584,0.4539794921875,-0.3504851162433624,0.3633940815925598,0.7576205730438232,0.23710127174854279,-0.42461714148521423,0.2621128559112549,0.5969794988632202,0.3985450863838196,-0.3355199098587036,0.3685061037540436,0.7614927291870117,0.22557160258293152,-0.41202953457832336,0.26044565439224243,0.6008667945861816,0.40329059958457947,-0.3177630305290222,0.3479413688182831,0.7555204033851624,0.22925078868865967,-0.3629071116447449,0.24801672995090485,0.632732093334198,0.6068374514579773,0.012365350499749184,0.998138964176178,0.5359516739845276,0.5989227294921875,-0.013142513111233711,0.9981183409690857,0.6626554727554321,0.7367874383926392,0.5012786388397217,0.31207016110420227,0.48071908950805664,0.750569224357605,0.36359211802482605,0.3341676890850067,0.5505421161651611,0.792854368686676,0.8658493757247925,0.35185861587524414,0.46605372428894043,0.8163769841194153,0.7549619674682617,0.3269314765930176,0.5503779649734497,0.8314369320869446,0.917401134967804,0.3269669711589813,0.4510587155818939,0.8322121500968933,0.7944066524505615,0.2814434766769409,0.5874238610267639,0.8489751815795898,0.7886260747909546,0.31943419575691223,0.46215057373046875,0.8691546320915222,0.6658992171287537,0.26859286427497864
226,7.533333333333333,0.5241883397102356,0.24221011996269226,-0.4577779173851013,0.904761016368866,0.5032457113265991,0.22649653255939484,-0.4413636028766632,0.897624135017395,0.5037869811058044,0.2259560376405716,-0.44259727001190186,0.8959943652153015,0.5046864151954651,0.22545619308948517,-0.44260597229003906,0.9158269166946411,0.4802052080631256,0.2284148633480072,-0.46309801936149597,0.9118403792381287,0.46916553378105164,0.22903485596179962,-0.4641192853450775,0.9184261560440063,0.458981990814209,0.22939570248126984,-0.4647180736064911,0.9332985281944275,0.4830443859100342,0.2333485186100006,-0.29631662368774414,0.9374404549598694,0.42417648434638977,0.23797202110290527,-0.3880229890346527,0.8911303877830505,0.5183964967727661,0.2609274387359619,-0.387710303068161,0.9086386561393738,0.5031460523605347,0.2626832127571106,-0.420836865901947,0.8892872333526611,0.5761620998382568,0.32750171422958374,-0.11635979264974594,0.9979683756828308,0.3672351837158203,0.3398053050041199,-0.39343926310539246,0.9923138618469238,0.6682700514793396,0.4321369230747223,-0.01684046909213066,0.32124629616737366,0.48781201243400574,0.4338088035583496,-0.4663195013999939,0.21842001378536224,0.6357190608978271,0.4547133445739746,-0.15555360913276672,0.30524858832359314,0.6889112591743469,0.4242798686027527,-0.4759037494659424,0.23927918076515198,0.6114426851272583,0.452944278717041,-0.1722593903541565,0.35013607144355774,0.6977737545967102,0.43293341994285583,-0.5530561804771423,0.2827635109424591,0.6133517622947693,0.42637553811073303,-0.2207750678062439,0.35551220178604126,0.6765331625938416,0.4150018095970154,-0.555293083190918,0.281468003988266,0.6139656901359558,0.42416009306907654,-0.17253683507442474,0.3357008695602417,0.6706876754760742,0.4087931215763092,-0.4880872070789337,0.2640843689441681,0.5227647423744202,0.5940467119216919,0.11754406988620758,0.9983177781105042,0.4009024202823639,0.607869565486908,-0.11818712204694748,0.9982956647872925,0.6654462814331055,0.6838012933731079,-0.006782792508602142,0.37386828660964966,0.45693278312683105,0.747291624546051,0.040320076048374176,0.3930894732475281,0.5686386823654175,0.7833776473999023,0.3941938579082489,0.41006937623023987,0.4667013883590698,0.8204444050788879,0.4471099078655243,0.38827764987945557,0.5370365977287292,0.8083011507987976,0.42903968691825867,0.37827596068382263,0.4491744637489319,0.8338335752487183,0.48718369007110596,0.32962262630462646,0.6302381157875061,0.8496596217155457,0.2625654339790344,0.37955570220947266,0.5360139608383179,0.8774991035461426,0.30954739451408386,0.3305043876171112
227,7.566666666666666,0.4234168529510498,0.23874831199645996,-0.37680986523628235,0.9108133316040039,0.41451236605644226,0.22533729672431946,-0.3838846981525421,0.9043572545051575,0.4187941253185272,0.2253665030002594,-0.3849462866783142,0.9036520719528198,0.4279915392398834,0.22531545162200928,-0.3848920464515686,0.9220883250236511,0.39493072032928467,0.22670240700244904,-0.3676808178424835,0.9169514775276184,0.3864755928516388,0.22735841572284698,-0.36878034472465515,0.9239448308944702,0.3786000609397888,0.22775396704673767,-0.3694749176502228,0.9375229477882385,0.4272921681404114,0.2339647263288498,-0.31037089228630066,0.9427445530891418,0.3672487437725067,0.23843474686145782,-0.25032487511634827,0.8969843983650208,0.4471040368080139,0.2563632130622864,-0.34130746126174927,0.9162140488624573,0.4127589762210846,0.2611161768436432,-0.324553906917572,0.8974489569664001,0.5469228029251099,0.3124670088291168,-0.1503410041332245,0.9981570243835449,0.3812926113605499,0.33035945892333984,-0.2688644528388977,0.9929438233375549,0.6707016825675964,0.42351096868515015,-0.23970012366771698,0.3531898260116577,0.46359938383102417,0.4370802044868469,-0.3508516848087311,0.22256441414356232,0.5786186456680298,0.4349718987941742,-0.5283032059669495,0.3370315730571747,0.6204901933670044,0.4547043740749359,-0.4789574444293976,0.23917187750339508,0.537081778049469,0.4451514184474945,-0.5787070989608765,0.3868527412414551,0.6407307386398315,0.46754246950149536,-0.5575491189956665,0.28677603602409363,0.5316817164421082,0.41092076897621155,-0.6026616096496582,0.39189568161964417,0.6148127317428589,0.4499179422855377,-0.5654972195625305,0.2857345640659332,0.5444236993789673,0.4062659740447998,-0.5358622670173645,0.36753395199775696,0.6090105175971985,0.4427701532840729,-0.49239346385002136,0.26623526215553284,0.5486611723899841,0.5768746137619019,0.10871940106153488,0.9984769821166992,0.41411176323890686,0.6042425632476807,-0.10982163995504379,0.9984514713287354,0.6635940670967102,0.6628766059875488,-0.07181201130151749,0.433949738740921,0.44843485951423645,0.7181950211524963,-0.10718568414449692,0.4493218660354614,0.5881041288375854,0.7855508327484131,0.2491583675146103,0.4666801691055298,0.46872562170028687,0.820662796497345,0.21627487242221832,0.44361889362335205,0.5546764135360718,0.8078611493110657,0.26918721199035645,0.4282749593257904,0.46029138565063477,0.8334243893623352,0.24348337948322296,0.3680287301540375,0.6216674447059631,0.8577526211738586,0.020402612164616585,0.4378368556499481,0.5229514837265015,0.8764492273330688,0.021052315831184387,0.3881079852581024
228,7.6,0.4209243357181549,0.24484384059906006,-0.6905742287635803,0.9163092970848083,0.41262272000312805,0.22831597924232483,-0.6698330640792847,0.9090166091918945,0.4197009205818176,0.2276192456483841,-0.671023964881897,0.908769428730011,0.4274778664112091,0.22708001732826233,-0.6709732413291931,0.9261082410812378,0.3825289309024811,0.23130778968334198,-0.6859399080276489,0.921540379524231,0.3709791898727417,0.23245421051979065,-0.6870278120040894,0.9289343357086182,0.36026835441589355,0.2333417683839798,-0.6878253817558289,0.9416158199310303,0.41893962025642395,0.23484089970588684,-0.46918806433677673,0.9458470940589905,0.34181827306747437,0.24304929375648499,-0.5318758487701416,0.9013824462890625,0.4399479627609253,0.26181548833847046,-0.59839928150177,0.9212608337402344,0.40610232949256897,0.26713132858276367,-0.6226838827133179,0.9037407040596008,0.5281131267547607,0.31004267930984497,-0.22965209186077118,0.9983037710189819,0.3156723380088806,0.3401740491390228,-0.4900340139865875,0.9935274124145508,0.6556242108345032,0.40556493401527405,-0.2654387354850769,0.3418995141983032,0.3771536648273468,0.47151175141334534,-0.6731262803077698,0.24818956851959229,0.559985876083374,0.43112677335739136,-0.5702197551727295,0.3149116039276123,0.5483734607696533,0.4673902094364166,-0.9533613324165344,0.2701742947101593,0.5221628546714783,0.4429396688938141,-0.6242825388908386,0.36564886569976807,0.5853860974311829,0.4734586775302887,-1.065319538116455,0.31862324476242065,0.5137411952018738,0.4121779501438141,-0.6584436893463135,0.37060874700546265,0.5711977481842041,0.44910770654678345,-1.0521211624145508,0.3170592486858368,0.5248928666114807,0.4063221514225006,-0.5839919447898865,0.3467365503311157,0.5608422756195068,0.44433608651161194,-0.9562489986419678,0.2897733747959137,0.5543344616889954,0.5846909284591675,0.09806661307811737,0.9986194372177124,0.4143017530441284,0.6036775708198547,-0.09891078621149063,0.998595654964447,0.6460868120193481,0.6857603788375854,0.10939003527164459,0.48568081855773926,0.45157694816589355,0.7179878354072571,-0.012095103971660137,0.4945997893810272,0.6062735319137573,0.8006950616836548,0.4927150309085846,0.5157290101051331,0.4702838361263275,0.8260058164596558,0.3711840808391571,0.4915021061897278,0.5786673426628113,0.8115347027778625,0.521974503993988,0.4708028733730316,0.4694747030735016,0.8344930410385132,0.41585198044776917,0.4004666805267334,0.622410774230957,0.8765462636947632,0.30911368131637573,0.4881262481212616,0.5133937001228333,0.8809735178947449,0.24762077629566193,0.4369603097438812
229,7.633333333333334,0.3850904703140259,0.24771945178508759,-0.7547551393508911,0.9241508841514587,0.37757956981658936,0.23071667551994324,-0.723406970500946,0.9172354340553284,0.3869008719921112,0.22887155413627625,-0.7245465517044067,0.9170567393302917,0.39517444372177124,0.2271127998828888,-0.7244189977645874,0.9327701926231384,0.34795117378234863,0.23662738502025604,-0.7426589131355286,0.9287953972816467,0.33718645572662354,0.2384839951992035,-0.7437552809715271,0.9356301426887512,0.32662007212638855,0.23992009460926056,-0.7445419430732727,0.9471107721328735,0.39320361614227295,0.2340812236070633,-0.47972169518470764,0.9506937861442566,0.31271877884864807,0.2500552535057068,-0.5546227097511292,0.9101918935775757,0.41056954860687256,0.261766254901886,-0.6465197801589966,0.9283050894737244,0.37915170192718506,0.2709828019142151,-0.6745884418487549,0.9124137163162231,0.517000138759613,0.3008394241333008,-0.24697153270244598,0.9984456300735474,0.29648691415786743,0.34372949600219727,-0.4591518044471741,0.9940794706344604,0.649734616279602,0.3945005536079407,-0.25675034523010254,0.3330698311328888,0.33003103733062744,0.48077231645584106,-0.6188091039657593,0.25934550166130066,0.5611028671264648,0.4270014762878418,-0.550133466720581,0.29114240407943726,0.48343268036842346,0.4917672276496887,-0.9193575382232666,0.2703496813774109,0.5280288457870483,0.4416676163673401,-0.6138619184494019,0.34099841117858887,0.5257008075714111,0.5018628835678101,-1.0330010652542114,0.320616751909256,0.5159146785736084,0.41273507475852966,-0.6508355140686035,0.3460179269313812,0.5235015749931335,0.4775771498680115,-1.026613473892212,0.31885406374931335,0.5263282060623169,0.40654653310775757,-0.5662544965744019,0.3236771523952484,0.5137390494346619,0.47073855996131897,-0.9247588515281677,0.28795963525772095,0.5643075108528137,0.5814405679702759,0.05936474725604057,0.998751163482666,0.42167404294013977,0.5995509028434753,-0.06014806404709816,0.998729407787323,0.6346165537834167,0.6943111419677734,0.12507256865501404,0.5337931513786316,0.44710537791252136,0.7156694531440735,0.23709693551063538,0.5288098454475403,0.6132528781890869,0.8114423751831055,0.5377486944198608,0.5601681470870972,0.47204315662384033,0.8255184292793274,0.6495993733406067,0.5337846875190735,0.5982615351676941,0.8188470602035522,0.5690889358520508,0.5087304711341858,0.4890425503253937,0.8323181867599487,0.6847851872444153,0.4315226078033447,0.6267580389976501,0.8823405504226685,0.35482755303382874,0.5335021018981934,0.473327100276947,0.8799401521682739,0.480066180229187,0.480877548456192
230,7.666666666666667,0.3614814877510071,0.2519932985305786,-0.7585492730140686,0.931485652923584,0.3708663582801819,0.23459431529045105,-0.7264180779457092,0.9251143336296082,0.3839477002620697,0.23302359879016876,-0.72747802734375,0.92495197057724,0.39596012234687805,0.23146478831768036,-0.727362334728241,0.9391156435012817,0.3335590660572052,0.23935778439044952,-0.7173951864242554,0.9356709122657776,0.32171282172203064,0.24058203399181366,-0.7185287475585938,0.9418975710868835,0.31107503175735474,0.24136798083782196,-0.7193449139595032,0.9522606134414673,0.4147314429283142,0.23781868815422058,-0.48275768756866455,0.9553398489952087,0.3128345012664795,0.2521974444389343,-0.4925568103790283,0.9187707304954529,0.3947473168373108,0.2668691873550415,-0.6542452573776245,0.93475341796875,0.3528124690055847,0.2750125527381897,-0.6466843485832214,0.9204283952713013,0.5421158075332642,0.31021976470947266,-0.3191175162792206,0.9985533952713013,0.2930681109428406,0.3542429208755493,-0.28106945753097534,0.994587242603302,0.6535277962684631,0.37900686264038086,-0.34985488653182983,0.34150731563568115,0.30871883034706116,0.49508777260780334,-0.4887157082557678,0.2745472192764282,0.5297887325286865,0.41018104553222656,-0.49343588948249817,0.27091434597969055,0.428174763917923,0.4779292047023773,-0.8576717972755432,0.2953088879585266,0.4883098602294922,0.42689886689186096,-0.5437226295471191,0.3193328082561493,0.47282901406288147,0.4846317172050476,-0.9675896763801575,0.3479062020778656,0.47455206513404846,0.40280240774154663,-0.5606075525283813,0.3241800367832184,0.46630990505218506,0.46063679456710815,-0.9573625922203064,0.3461223840713501,0.4884604513645172,0.3963530659675598,-0.49744176864624023,0.3037465214729309,0.4502519369125366,0.45923882722854614,-0.8647396564483643,0.3103863000869751,0.5922986268997192,0.5863522887229919,-0.024804214015603065,0.9988654851913452,0.4338565766811371,0.6021455526351929,0.024143023416399956,0.9988475441932678,0.6227839589118958,0.7062374949455261,0.11621591448783875,0.575823187828064,0.4480339586734772,0.716802716255188,0.20487327873706818,0.5649345517158508,0.6120394468307495,0.8130456805229187,0.5635843276977539,0.598526120185852,0.47953906655311584,0.8251598477363586,0.6275576949119568,0.5717202425003052,0.6011959314346313,0.8211672902107239,0.5859882235527039,0.5413373708724976,0.49926868081092834,0.8297284245491028,0.6681104302406311,0.46686238050460815,0.6217889785766602,0.8858684301376343,0.415644109249115,0.5726393461227417,0.4670489430427551,0.8814020156860352,0.4942210614681244,0.5219470262527466
231,7.7,0.34940242767333984,0.25996068120002747,-0.6804100275039673,0.9355925917625427,0.3551494777202606,0.24330589175224304,-0.6718178391456604,0.927819013595581,0.36698222160339355,0.2411283701658249,-0.6730782389640808,0.9278721809387207,0.3784748613834381,0.238838791847229,-0.6726898550987244,0.9415872693061829,0.32635244727134705,0.2493293732404709,-0.6936431527137756,0.9391729831695557,0.3181603252887726,0.2514128088951111,-0.6944968104362488,0.9453443288803101,0.3101346790790558,0.2531944215297699,-0.6956586837768555,0.9551711082458496,0.3996936082839966,0.2414911985397339,-0.42720827460289,0.9574181437492371,0.3147278130054474,0.2629832625389099,-0.36044812202453613,0.9219294190406799,0.3839082419872284,0.2731146514415741,-0.5944689512252808,0.9359514713287354,0.3482753336429596,0.2833578884601593,-0.6335820555686951,0.9227787256240845,0.5529497861862183,0.31546998023986816,-0.3063293397426605,0.9985702633857727,0.2904767096042633,0.37421244382858276,-0.2263190597295761,0.99449223279953,0.6543175578117371,0.2842124104499817,-0.4738968014717102,0.39345496892929077,0.27937233448028564,0.5094581842422485,-0.5097026228904724,0.2599414587020874,0.5152725577354431,0.1452232152223587,-0.6008023619651794,0.318281888961792,0.41495949029922485,0.4714345335960388,-0.9825903177261353,0.28351086378097534,0.4506218433380127,0.10302791744470596,-0.6705209016799927,0.35358157753944397,0.4664231240749359,0.45733800530433655,-1.0975874662399292,0.33274030685424805,0.4348079562187195,0.1001996397972107,-0.6278004050254822,0.35662850737571716,0.4545205533504486,0.4424377977848053,-1.069353699684143,0.33060547709465027,0.4574146270751953,0.12162768840789795,-0.586134672164917,0.33332371711730957,0.43840789794921875,0.44811445474624634,-0.9868535995483398,0.2949984073638916,0.5898184180259705,0.5892378687858582,-0.026320287957787514,0.9989305734634399,0.4396936595439911,0.6042967438697815,0.02580924518406391,0.9988943338394165,0.6055060625076294,0.7177517414093018,0.2771207392215729,0.5819507837295532,0.4509429633617401,0.7253419160842896,0.3165302574634552,0.5395100712776184,0.6056371331214905,0.8135966062545776,0.8007739782333374,0.5920214056968689,0.4772060811519623,0.8245844841003418,0.8611345291137695,0.5489706993103027,0.5947192907333374,0.8209689855575562,0.8402237892150879,0.5192832350730896,0.49813926219940186,0.8266817331314087,0.9126127362251282,0.4427226483821869,0.6196299195289612,0.882575511932373,0.6050501465797424,0.5631159543991089,0.45705702900886536,0.8801687359809875,0.7140818238258362,0.5018879771232605
232,7.733333333333333,0.3398386538028717,0.27745524048805237,-0.7066139578819275,0.9417739510536194,0.3390748202800751,0.2585424780845642,-0.6976844668388367,0.9346145391464233,0.349138081073761,0.25537651777267456,-0.6987596750259399,0.9346845746040344,0.3588186502456665,0.2521992325782776,-0.6986069679260254,0.9470919370651245,0.3154069185256958,0.2663845717906952,-0.6836961507797241,0.9449488520622253,0.3088764548301697,0.2689288556575775,-0.6847856044769287,0.9505823850631714,0.30240631103515625,0.2713114023208618,-0.6856049299240112,0.9594685435295105,0.3809085786342621,0.25233781337738037,-0.5210719704627991,0.9613995552062988,0.31034326553344727,0.27758270502090454,-0.398785263299942,0.9291313290596008,0.37674182653427124,0.2879147231578827,-0.6259927153587341,0.9418137669563293,0.34410372376441956,0.2998056411743164,-0.6134675145149231,0.9298250675201416,0.5486412048339844,0.3170519471168518,-0.3844778835773468,0.9986924529075623,0.29899272322654724,0.38342398405075073,-0.24261799454689026,0.9949797987937927,0.6313877105712891,0.3519815504550934,-0.41057857871055603,0.38860005140304565,0.27301880717277527,0.5117345452308655,-0.36892369389533997,0.25804299116134644,0.5026893019676208,0.4041294455528259,-0.5536908507347107,0.300447016954422,0.32671067118644714,0.4832308292388916,-0.8802068829536438,0.2817239761352539,0.4600289762020111,0.4207211136817932,-0.6106820702552795,0.3383972644805908,0.3638502359390259,0.48117536306381226,-0.9678633809089661,0.3345162570476532,0.4474104642868042,0.3966889977455139,-0.6211656332015991,0.34232985973358154,0.35659798979759216,0.4570768475532532,-0.9222857356071472,0.33362695574760437,0.46055373549461365,0.39073285460472107,-0.5547926425933838,0.3189179599285126,0.3543160557746887,0.4571065902709961,-0.8609899878501892,0.29558223485946655,0.5850428342819214,0.5909415483474731,-0.05042355880141258,0.999017059803009,0.44459521770477295,0.6055853366851807,0.0497969314455986,0.9989857077598572,0.5911206603050232,0.7229371666908264,0.1205180361866951,0.5937499403953552,0.4511559009552002,0.7262532114982605,0.26141002774238586,0.5365753769874573,0.6022065281867981,0.8155677914619446,0.604701578617096,0.5926804542541504,0.4799468219280243,0.8246261477470398,0.742071270942688,0.5495392084121704,0.6001060605049133,0.8208954930305481,0.6436256170272827,0.5113816261291504,0.5034373998641968,0.8270359039306641,0.8193777203559875,0.44019925594329834,0.6147507429122925,0.8815264701843262,0.4797905683517456,0.566383421421051,0.4458579123020172,0.8799203038215637,0.5904415249824524,0.5083711743354797
233,7.766666666666667,0.3152017891407013,0.2980744242668152,-0.9554389715194702,0.9465043544769287,0.3185584843158722,0.2799406051635742,-0.9588911533355713,0.9392489790916443,0.3280084729194641,0.276170551776886,-0.9598567485809326,0.9394130110740662,0.33734649419784546,0.27242833375930786,-0.9598225951194763,0.9506929516792297,0.2950149178504944,0.287478506565094,-0.9235624670982361,0.9492717981338501,0.2895776033401489,0.28937292098999023,-0.9246163368225098,0.9545564651489258,0.28470006585121155,0.2913752794265747,-0.9253519773483276,0.962734580039978,0.3679153323173523,0.2618810534477234,-0.8152214288711548,0.9642409086227417,0.30646252632141113,0.28690528869628906,-0.6391908526420593,0.9347021579742432,0.3589813709259033,0.3024815320968628,-0.8821052312850952,0.9452067017555237,0.3302626609802246,0.3150627613067627,-0.8390210270881653,0.9338895678520203,0.5530214309692383,0.2997403144836426,-0.763297438621521,0.9987590312957764,0.31054922938346863,0.38336455821990967,-0.40351423621177673,0.995326578617096,0.5698979496955872,0.25101131200790405,-1.251866340637207,0.4429071843624115,0.2976189851760864,0.504787027835846,-0.5713110566139221,0.2574976682662964,0.3435368835926056,0.1635047197341919,-1.5686155557632446,0.3624975383281708,0.2537922263145447,0.5191200375556946,-1.0402822494506836,0.3214702010154724,0.28246286511421204,0.1341647207736969,-1.6858316659927368,0.3931973874568939,0.22855034470558167,0.5326911211013794,-1.133310079574585,0.37214699387550354,0.2698429524898529,0.12834157049655914,-1.6305594444274902,0.3964942395687103,0.22139312326908112,0.5268037915229797,-1.1759562492370605,0.3727223575115204,0.2842213809490204,0.13989979028701782,-1.5537421703338623,0.3708178997039795,0.23865319788455963,0.5223249197006226,-1.0728282928466797,0.33387884497642517,0.5810149908065796,0.5761812329292297,-0.09037331491708755,0.9990441799163818,0.44185370206832886,0.5882415175437927,0.08975975215435028,0.999020516872406,0.5705038905143738,0.7203149199485779,0.02159772627055645,0.5887221097946167,0.4388524889945984,0.7169627547264099,0.1745520681142807,0.5312032699584961,0.6007384061813354,0.8133255839347839,0.5264330506324768,0.5768592953681946,0.4803711771965027,0.8150510787963867,0.6905820369720459,0.5330111384391785,0.6073340773582458,0.8171073198318481,0.5662354826927185,0.48643001914024353,0.508773684501648,0.8179863691329956,0.745025098323822,0.4230387210845947,0.6119542121887207,0.8818944096565247,0.4103708565235138,0.5541184544563293,0.4385983645915985,0.8787118792533875,0.5581775307655334,0.4963819980621338
234,7.8,0.34584367275238037,0.30262064933776855,-0.9086037278175354,0.9505298733711243,0.3387787342071533,0.2857517898082733,-0.9145737290382385,0.9429305195808411,0.3475458323955536,0.2811505198478699,-0.9154731631278992,0.9431269764900208,0.3563935458660126,0.27609652280807495,-0.9153151512145996,0.9532790780067444,0.3169657289981842,0.29359713196754456,-0.8769538998603821,0.9531840682029724,0.31116145849227905,0.2950507402420044,-0.8780087828636169,0.9581812024116516,0.30568018555641174,0.2966211438179016,-0.8787591457366943,0.9658131003379822,0.3788473308086395,0.26383960247039795,-0.7769759893417358,0.9660012125968933,0.31917327642440796,0.2910723090171814,-0.5924288034439087,0.9401854276657104,0.3841344118118286,0.3032204210758209,-0.8335828185081482,0.9472052454948425,0.3539504110813141,0.31574031710624695,-0.786810040473938,0.9375507831573486,0.5234786868095398,0.2748038172721863,-0.7176747918128967,0.9987929463386536,0.33540603518486023,0.37650540471076965,-0.3019162118434906,0.9957028031349182,0.3948189318180084,0.21004128456115723,-1.0186355113983154,0.47730979323387146,0.3057255148887634,0.46512269973754883,-0.07747667282819748,0.26740771532058716,0.22033284604549408,0.14007000625133514,-1.1969906091690063,0.4141483008861542,0.2348882257938385,0.5134309530258179,-0.15653426945209503,0.379215270280838,0.18117544054985046,0.12236763536930084,-1.2984838485717773,0.4403369724750519,0.19673995673656464,0.5347599387168884,-0.1844954639673233,0.42442911863327026,0.17333020269870758,0.12096969783306122,-1.2731153964996338,0.44418302178382874,0.19153790175914764,0.528527021408081,-0.27652350068092346,0.42610234022140503,0.18126735091209412,0.12752115726470947,-1.1906856298446655,0.41573643684387207,0.21129748225212097,0.5235419869422913,-0.19783839583396912,0.3884724974632263,0.5782997608184814,0.543978214263916,-0.12271630018949509,0.9990249276161194,0.4403928220272064,0.5539532899856567,0.12215986102819443,0.9990320205688477,0.5594367980957031,0.7077209949493408,-0.08070087432861328,0.5598608255386353,0.41503557562828064,0.6926798820495605,0.11592350155115128,0.514514684677124,0.5983438491821289,0.8129075169563293,0.5191567540168762,0.5442953705787659,0.4802149534225464,0.8050605058670044,0.6623431444168091,0.5032797455787659,0.6069381833076477,0.8144410252571106,0.568298876285553,0.45357492566108704,0.5052559971809387,0.8123763799667358,0.7083094120025635,0.3974307179450989,0.6100120544433594,0.8810286521911621,0.39845889806747437,0.5266253352165222,0.4286338686943054,0.8754814863204956,0.5419697761535645,0.4716060757637024
235,7.833333333333333,0.31843894720077515,0.30421167612075806,-0.5778841376304626,0.9542813897132874,0.31941547989845276,0.2834876477718353,-0.6019306182861328,0.9468257427215576,0.32923394441604614,0.2797389626502991,-0.6027570366859436,0.9470544457435608,0.3381578028202057,0.2759818434715271,-0.6026790738105774,0.956249475479126,0.29950544238090515,0.29038697481155396,-0.5258138179779053,0.9569254517555237,0.2957901954650879,0.2915753722190857,-0.5267773270606995,0.961586594581604,0.29243236780166626,0.29273781180381775,-0.5274934768676758,0.9686837196350098,0.369093656539917,0.267253577709198,-0.6337882280349731,0.9681528210639954,0.3162856996059418,0.2891477942466736,-0.22912488877773285,0.9451239705085754,0.3534002900123596,0.30790063738822937,-0.5527638792991638,0.9500083923339844,0.33142948150634766,0.31654998660087585,-0.45553117990493774,0.9416839480400085,0.5115945339202881,0.28616881370544434,-0.6107098460197449,0.998853862285614,0.338752418756485,0.37589097023010254,0.039792947471141815,0.9960753917694092,0.32243770360946655,0.21552303433418274,-0.8731212019920349,0.5222581028938293,0.315182626247406,0.46891313791275024,0.15892936289310455,0.25930333137512207,0.14832782745361328,0.14751498401165009,-0.9703248143196106,0.4688849151134491,0.21418265998363495,0.5229219198226929,-0.11286649852991104,0.4326411187648773,0.10895811021327972,0.13316598534584045,-1.0637422800064087,0.49195536971092224,0.17040830850601196,0.5410176515579224,-0.16015154123306274,0.4748607575893402,0.09831361472606659,0.1327762007713318,-1.042820930480957,0.4956997334957123,0.16347627341747284,0.5329997539520264,-0.25371867418289185,0.47716453671455383,0.1132093295454979,0.13927693665027618,-0.9629097580909729,0.4677606523036957,0.1864730417728424,0.527614414691925,-0.16190467774868011,0.4413662254810333,0.548618733882904,0.5502157807350159,-0.18459661304950714,0.9990751147270203,0.42560097575187683,0.5617117881774902,0.18391047418117523,0.9990814924240112,0.5293924808502197,0.7095415592193604,-0.1582409143447876,0.5353431105613708,0.3996259868144989,0.6954249143600464,0.2500968277454376,0.48620176315307617,0.596822202205658,0.8156865835189819,0.339613139629364,0.5162771344184875,0.48201388120651245,0.8052471280097961,0.7207068800926208,0.47146177291870117,0.6105161905288696,0.8224814534187317,0.3794096112251282,0.4241954982280731,0.520278811454773,0.8126031160354614,0.7669554948806763,0.376175194978714,0.5871013402938843,0.8836725354194641,0.2091720849275589,0.5005621910095215,0.4303147494792938,0.8755040168762207,0.6553091406822205,0.4447631537914276
236,7.866666666666666,0.3101295828819275,0.30011552572250366,-0.11738041043281555,0.9577788710594177,0.3150177299976349,0.28061944246292114,-0.12978039681911469,0.9503269791603088,0.32024410367012024,0.27776670455932617,-0.13047271966934204,0.950374186038971,0.3246598541736603,0.27511346340179443,-0.13036347925662994,0.95891934633255,0.3024650812149048,0.28693971037864685,-0.06883643567562103,0.9603530764579773,0.3014289140701294,0.28826338052749634,-0.06976593285799026,0.9646299481391907,0.29974016547203064,0.2895140051841736,-0.07040708512067795,0.9713228940963745,0.37714847922325134,0.2680472135543823,-0.12975692749023438,0.9696071743965149,0.32272404432296753,0.29029133915901184,0.1620154231786728,0.9495093822479248,0.34035545587539673,0.3056162893772125,-0.10288374871015549,0.9509466290473938,0.33186081051826477,0.31415873765945435,-0.025141559541225433,0.944067120552063,0.5008076429367065,0.2921459674835205,-0.24230007827281952,0.998837947845459,0.38077354431152344,0.36898496747016907,0.2918638586997986,0.996338963508606,0.2718198001384735,0.21945960819721222,-0.49801814556121826,0.5468854308128357,0.33368030190467834,0.4648844301700592,0.3573158383369446,0.23857524991035461,0.08785171806812286,0.16022825241088867,-0.4754776060581207,0.5036362409591675,0.22309128940105438,0.5122438073158264,0.19331486523151398,0.44531193375587463,0.04982059448957443,0.147786945104599,-0.5411641597747803,0.5235793590545654,0.18104206025600433,0.5273786783218384,0.169196218252182,0.4889243245124817,0.048084747046232224,0.14404720067977905,-0.5126633644104004,0.5279869437217712,0.1707351952791214,0.5205708742141724,0.09293169528245926,0.4931514263153076,0.06417611241340637,0.14913342893123627,-0.4635482728481293,0.4967283010482788,0.19046172499656677,0.5165866613388062,0.1539420336484909,0.4573834538459778,0.535130500793457,0.5462139844894409,-0.16271179914474487,0.9991066455841064,0.4378090798854828,0.5567017793655396,0.1617591828107834,0.9991090297698975,0.531084418296814,0.7096623182296753,-0.10769449174404144,0.48953843116760254,0.4001077115535736,0.6902729272842407,0.31048956513404846,0.441584050655365,0.5753130316734314,0.8237565159797668,0.13373707234859467,0.4760061204433441,0.499978631734848,0.8061689138412476,0.6282676458358765,0.4294801652431488,0.6076236367225647,0.8363431096076965,0.1450914442539215,0.38939154148101807,0.5399342179298401,0.8200277090072632,0.6510363221168518,0.34547823667526245,0.5424764156341553,0.8824566602706909,-0.03283928334712982,0.46185722947120667,0.4330075979232788,0.8701767921447754,0.6106692552566528,0.40692779421806335
237,7.9,0.30068567395210266,0.29778140783309937,-0.1522158831357956,0.9586718082427979,0.3130508065223694,0.279323935508728,-0.1696777492761612,0.9498500227928162,0.32472819089889526,0.2774849236011505,-0.17044734954833984,0.9494844079017639,0.3306956887245178,0.276629775762558,-0.1703440546989441,0.9581655859947205,0.2968822717666626,0.28485047817230225,-0.11229241639375687,0.9615176916122437,0.293780118227005,0.286396324634552,-0.11321710795164108,0.9657546281814575,0.2903379797935486,0.2880348265171051,-0.1138279139995575,0.9727131724357605,0.3694217801094055,0.2758796215057373,-0.1704796552658081,0.9675745368003845,0.3150538206100464,0.29050639271736145,0.09898203611373901,0.9512304663658142,0.329646497964859,0.30425235629081726,-0.13748875260353088,0.9429050087928772,0.30817633867263794,0.3128049969673157,-0.06509856879711151,0.9390674829483032,0.4985062777996063,0.2969471514225006,-0.2762429416179657,0.9985958933830261,0.3800211548805237,0.3673480153083801,0.20611199736595154,0.9963846206665039,0.3005440831184387,0.254785418510437,-0.5251652002334595,0.550815999507904,0.34773457050323486,0.45770931243896484,0.15257598459720612,0.2193334400653839,0.11534683406352997,0.19358165562152863,-0.5422260761260986,0.5220242738723755,0.2463739663362503,0.5077548027038574,-0.12447015196084976,0.43474945425987244,0.0846719816327095,0.18331745266914368,-0.6181537508964539,0.5406704545021057,0.20368820428848267,0.5260890126228333,-0.17794688045978546,0.48118138313293457,0.0826791450381279,0.17831599712371826,-0.5977475643157959,0.5463883280754089,0.19634757936000824,0.5098825693130493,-0.24120090901851654,0.4875139594078064,0.09340190887451172,0.18425600230693817,-0.5351404547691345,0.5103639364242554,0.2158808559179306,0.5063570141792297,-0.16260552406311035,0.4529721438884735,0.5372472405433655,0.5468721985816956,-0.14469227194786072,0.9991227388381958,0.4496588706970215,0.5634916424751282,0.1438370645046234,0.999125599861145,0.5354129672050476,0.7166022062301636,0.06928473711013794,0.444721519947052,0.42661529779434204,0.693120002746582,0.3582109212875366,0.40074214339256287,0.5660265684127808,0.8254629969596863,0.2731795907020569,0.4400496482849121,0.500789999961853,0.8083972930908203,0.7657096982002258,0.3923760652542114,0.6045140624046326,0.8394365310668945,0.34900274872779846,0.35717716813087463,0.5331428050994873,0.8213826417922974,0.8037928938865662,0.3168624937534332,0.5323076844215393,0.8837289810180664,0.20225438475608826,0.42800483107566833,0.43434080481529236,0.8700992465019226,0.6835850477218628,0.37389764189720154
239,7.966666666666667,0.4148561358451843,0.5771622061729431,0.35728567838668823,0.9627875685691833,0.4122413694858551,0.5826412439346313,0.39041000604629517,0.9548438191413879,0.40995022654533386,0.5822715759277344,0.3901788890361786,0.9545080065727234,0.4076853394508362,0.5816946029663086,0.39020439982414246,0.9623258113861084,0.4196719825267792,0.5839989185333252,0.3725225329399109,0.9653506278991699,0.42220357060432434,0.5842550992965698,0.3722454905509949,0.9691643714904785,0.42479124665260315,0.584684431552887,0.37222352623939514,0.9754301905632019,0.40838462114334106,0.577366292476654,0.4755171835422516,0.9707971215248108,0.4313565492630005,0.5814106464385986,0.39545780420303345,0.9560799598693848,0.4116612672805786,0.569182813167572,0.3873499929904938,0.9485870599746704,0.42072606086730957,0.570123016834259,0.36197108030319214,0.9451341032981873,0.40081486105918884,0.533710777759552,0.4820755124092102,0.9987327456474304,0.4450807273387909,0.5567201972007751,0.19758644700050354,0.9967454671859741,0.37220299243927,0.49209848046302795,0.3343200981616974,0.5278093814849854,0.4031747579574585,0.5239768624305725,-0.08645699918270111,0.295683890581131,0.3130098879337311,0.478383868932724,0.07022466510534286,0.5412057638168335,0.29106956720352173,0.49831265211105347,-0.2855958044528961,0.4902714788913727,0.298574835062027,0.4706151485443115,0.03508516773581505,0.5687354207038879,0.2540666162967682,0.48022013902664185,-0.36124852299690247,0.5315682291984558,0.29614898562431335,0.4765256941318512,0.014291269704699516,0.5737116932868958,0.23658618330955505,0.4868338704109192,-0.32311898469924927,0.5370532870292664,0.30138933658599854,0.47990331053733826,0.055271998047828674,0.5353679656982422,0.2624697685241699,0.49316054582595825,-0.2782523036003113,0.5045807957649231,0.43219226598739624,0.4478139877319336,0.10002036392688751,0.9992067813873291,0.4572804868221283,0.46233129501342773,-0.1003941148519516,0.9992108941078186,0.2861591577529907,0.3704691231250763,-0.08198098093271255,0.49124741554260254,0.3078300356864929,0.38926276564598083,-0.22283823788166046,0.460428923368454,0.17851042747497559,0.30544906854629517,-0.12807674705982208,0.488569438457489,0.16925360262393951,0.31681686639785767,-0.25675222277641296,0.45286184549331665,0.1705220639705658,0.2911956310272217,-0.13993604481220245,0.41621464490890503,0.1575201153755188,0.29774150252342224,-0.2633155882358551,0.3848010301589966,0.1326332688331604,0.30170923471450806,-0.32281696796417236,0.4795782268047333,0.10277655720710754,0.31553661823272705,-0.44464606046676636,0.43572142720222473
241,8.033333333333333,0.30528098344802856,0.2761586308479309,-0.19948527216911316,0.9661315679550171,0.31510359048843384,0.2602877914905548,-0.2360977977514267,0.9588691592216492,0.3218361437320709,0.2584080696105957,-0.23655469715595245,0.9585262537002563,0.326762318611145,0.2570692002773285,-0.23646701872348785,0.9657104015350342,0.3109714090824127,0.2618149220943451,-0.19019439816474915,0.9684650301933289,0.31276601552963257,0.2612980604171753,-0.19088053703308105,0.9718937277793884,0.31400197744369507,0.26067009568214417,-0.19108366966247559,0.9776051044464111,0.3613586723804474,0.2571686804294586,-0.29041004180908203,0.9735347628593445,0.34349164366722107,0.2604547441005707,-0.078266941010952,0.960116982460022,0.32436802983283997,0.2886614203453064,-0.20030833780765533,0.9531565308570862,0.3222582936286926,0.2898181676864624,-0.1441437155008316,0.9497555494308472,0.4058816134929657,0.3170080780982971,-0.39197617769241333,0.9988481998443604,0.4088801145553589,0.32893651723861694,0.13680997490882874,0.9968894720077515,0.515721321105957,0.3566091060638428,-0.6988875865936279,0.5402361750602722,0.471573144197464,0.4107476770877838,0.21942786872386932,0.26625266671180725,0.42037320137023926,0.3794592618942261,-0.9435288906097412,0.5390738248825073,0.4195791482925415,0.44213467836380005,0.158433735370636,0.4431001543998718,0.3941694498062134,0.3900449872016907,-1.0248301029205322,0.5717196464538574,0.4093609154224396,0.4500284790992737,0.14543932676315308,0.48364266753196716,0.3774564564228058,0.37465572357177734,-1.0059329271316528,0.5772560238838196,0.38855502009391785,0.44856518507003784,0.09845666587352753,0.4887164533138275,0.3959929049015045,0.37437862157821655,-0.9380851984024048,0.5304264426231384,0.39288240671157837,0.44746437668800354,0.13373060524463654,0.4585566222667694,0.5097615718841553,0.553676962852478,-0.19057121872901917,0.9992614984512329,0.4926932752132416,0.5494152307510376,0.1901203989982605,0.9992429614067078,0.4816892445087433,0.7030093669891357,-0.15981502830982208,0.4680349826812744,0.5235170125961304,0.6941536664962769,0.1681189239025116,0.4163733422756195,0.5621554851531982,0.8377161026000977,-0.01076402049511671,0.4906711280345917,0.561470627784729,0.8251932859420776,0.31795379519462585,0.4129420220851898,0.6046367287635803,0.8549920916557312,-0.003323859069496393,0.42613717913627625,0.6105512380599976,0.8434656262397766,0.33048170804977417,0.36068084836006165,0.48518842458724976,0.8848282098770142,-0.11651057004928589,0.48685941100120544,0.49084800481796265,0.8624163866043091,0.28652602434158325,0.4033766984939575
242,8.066666666666666,0.3139246106147766,0.2895652651786804,-0.21602100133895874,0.9689602255821228,0.32613545656204224,0.27121180295944214,-0.23383159935474396,0.9622268080711365,0.3330867290496826,0.2698691487312317,-0.23438462615013123,0.961892306804657,0.33942532539367676,0.2687576115131378,-0.23423832654953003,0.9684979319572449,0.31337684392929077,0.2730967402458191,-0.19155973196029663,0.9710862636566162,0.31326788663864136,0.27281174063682556,-0.19227448105812073,0.9742151498794556,0.31392067670822144,0.2723449766635895,-0.19256994128227234,0.9794682264328003,0.37398049235343933,0.26944655179977417,-0.20072609186172485,0.9755873084068298,0.33718135952949524,0.2742987871170044,-0.04458051174879074,0.9633691906929016,0.3398638665676117,0.30154696106910706,-0.20025570690631866,0.9556912183761597,0.3265213668346405,0.3033721446990967,-0.15236163139343262,0.9526932239532471,0.4824431836605072,0.33111196756362915,-0.25006476044654846,0.9987603425979614,0.3633519411087036,0.35097536444664,0.08990102261304855,0.996813178062439,0.5164844393730164,0.3735658526420593,-0.6010269522666931,0.5118568539619446,0.36391347646713257,0.41037893295288086,0.06733968108892441,0.24054346978664398,0.41376492381095886,0.35816821455955505,-0.9338803887367249,0.5031017065048218,0.3613715171813965,0.4068034589290619,-0.010649110190570354,0.4005892872810364,0.3836399018764496,0.35787490010261536,-1.0180598497390747,0.5452620983123779,0.3647705912590027,0.40710845589637756,-0.04488663747906685,0.43956902623176575,0.3742944002151489,0.3397492468357086,-1.000380277633667,0.5499931573867798,0.35947728157043457,0.39874228835105896,-0.057901762425899506,0.4440940022468567,0.3870059549808502,0.34197115898132324,-0.9314613342285156,0.5002564787864685,0.36218902468681335,0.39859896898269653,-0.02294829674065113,0.41718506813049316,0.5610738396644592,0.5523582696914673,-0.11280621588230133,0.9993221759796143,0.4904700815677643,0.555303692817688,0.11224990338087082,0.9993032217025757,0.6572436094284058,0.6540137529373169,0.2141156941652298,0.4655221402645111,0.5413270592689514,0.6718811392784119,0.18673810362815857,0.4021282196044922,0.7495756149291992,0.7170348167419434,0.4576755464076996,0.5262550711631775,0.6231750845909119,0.7738950848579407,0.368877112865448,0.44075971841812134,0.7776846289634705,0.738426148891449,0.4681170880794525,0.4494591951370239,0.6373821496963501,0.7841556072235107,0.38324347138404846,0.3891771137714386,0.71723872423172,0.7466115355491638,0.3124742805957794,0.5200504660606384,0.5280739068984985,0.813511848449707,0.29362791776657104,0.43616828322410583
243,8.1,0.33408844470977783,0.29340457916259766,-0.2144538313150406,0.9664594531059265,0.33818432688713074,0.27749761939048767,-0.23896297812461853,0.9597387313842773,0.343426376581192,0.2762167453765869,-0.2396278977394104,0.9585101008415222,0.34891989827156067,0.27506497502326965,-0.2394566833972931,0.9666107892990112,0.33006706833839417,0.2788203954696655,-0.19150233268737793,0.9690454006195068,0.330061137676239,0.2784358859062195,-0.19224072992801666,0.971786379814148,0.32988303899765015,0.27797895669937134,-0.19255882501602173,0.9787265062332153,0.38584375381469727,0.2724008858203888,-0.2873496115207672,0.972368061542511,0.3525863289833069,0.2771413028240204,-0.050368696451187134,0.9618456959724426,0.35641732811927795,0.30323025584220886,-0.2112850397825241,0.9436652064323425,0.3477324843406677,0.3044770658016205,-0.15208594501018524,0.943278968334198,0.49812906980514526,0.33005577325820923,-0.35478702187538147,0.9979355931282043,0.371987521648407,0.3470865488052368,0.06894470006227493,0.996140718460083,0.3623988628387451,0.33944171667099,-0.5178245306015015,0.48086610436439514,0.29198265075683594,0.32300421595573425,0.11672394722700119,0.2174127995967865,0.31097739934921265,0.3094964027404785,-0.45423808693885803,0.45628997683525085,0.2872634530067444,0.3022861182689667,0.08028218150138855,0.3609287440776825,0.2890738248825073,0.3066873550415039,-0.49521830677986145,0.49643057584762573,0.2961081266403198,0.3002430200576782,0.04815654829144478,0.396260142326355,0.29055356979370117,0.30273333191871643,-0.5060976147651672,0.5011247992515564,0.30561384558677673,0.29812389612197876,0.05464997887611389,0.40036362409591675,0.3046841621398926,0.3133533000946045,-0.4570237398147583,0.45477959513664246,0.3062364161014557,0.299262136220932,0.07164360582828522,0.37627890706062317,0.5763840079307556,0.5438839197158813,-0.13033519685268402,0.9993542432785034,0.5117096304893494,0.5539476275444031,0.1299135982990265,0.9993481636047363,0.6965793967247009,0.651225209236145,0.22692067921161652,0.42132678627967834,0.5501397252082825,0.6703282594680786,0.24624845385551453,0.3651137053966522,0.8030018210411072,0.7238274812698364,0.5316086411476135,0.48547977209091187,0.6438740491867065,0.7893927693367004,0.3714410960674286,0.40913936495780945,0.857525646686554,0.7567530870437622,0.5486606359481812,0.41252368688583374,0.6513872146606445,0.8039212226867676,0.37986692786216736,0.36665278673171997,0.7819077968597412,0.7569376826286316,0.40313753485679626,0.47880634665489197,0.5307335257530212,0.8326193690299988,0.26800936460494995,0.4091433882713318
244,8.133333333333333,0.33275672793388367,0.30182352662086487,-0.15573468804359436,0.9676259756088257,0.33699706196784973,0.28742024302482605,-0.212716206908226,0.9616677165031433,0.34214043617248535,0.28642433881759644,-0.21338559687137604,0.9599135518074036,0.3474748730659485,0.2856512665748596,-0.21315810084342957,0.967968761920929,0.33143702149391174,0.28785163164138794,-0.14307618141174316,0.9705421924591064,0.33255401253700256,0.28713664412498474,-0.1439344584941864,0.9729241132736206,0.3334963321685791,0.2864181399345398,-0.14432863891124725,0.9799368977546692,0.38897472620010376,0.28052157163619995,-0.3209068179130554,0.9732945561408997,0.3642229735851288,0.28298312425613403,-0.015940483659505844,0.964113175868988,0.35588890314102173,0.3132738471031189,-0.18324440717697144,0.9436877965927124,0.348842054605484,0.3131617605686188,-0.09449900686740875,0.9435031414031982,0.4791506826877594,0.34431594610214233,-0.3960365355014801,0.9978599548339844,0.45190852880477905,0.3475513458251953,0.1437087208032608,0.9958778023719788,0.32394731044769287,0.33498746156692505,-0.5070096850395203,0.47562742233276367,0.35487282276153564,0.34697872400283813,0.2734295725822449,0.1958194375038147,0.23928779363632202,0.31555619835853577,-0.38937318325042725,0.41999897360801697,0.30400678515434265,0.3671024441719055,0.23473946750164032,0.32508614659309387,0.2046487182378769,0.3200018107891083,-0.43097347021102905,0.45826607942581177,0.28707045316696167,0.3692287504673004,0.22018903493881226,0.35718801617622375,0.21985730528831482,0.31815895438194275,-0.4391927421092987,0.4629949629306793,0.2798142731189728,0.36773109436035156,0.16722115874290466,0.3609350025653839,0.23022165894508362,0.3217540383338928,-0.3902119994163513,0.41778141260147095,0.2859812080860138,0.36766842007637024,0.203679621219635,0.3393137454986572,0.5838333368301392,0.5724083185195923,-0.13164032995700836,0.9993834495544434,0.5430364608764648,0.5805667638778687,0.13113152980804443,0.9993765354156494,0.717154860496521,0.6613724827766418,0.14955690503120422,0.3837894797325134,0.5056926608085632,0.6912728548049927,0.30027830600738525,0.3308714032173157,0.8592476844787598,0.7463644742965698,0.4477904736995697,0.4604703485965729,0.5933169722557068,0.8076791763305664,0.4421818256378174,0.3779475688934326,0.9038752913475037,0.7652676105499268,0.46559664607048035,0.388637900352478,0.6357255578041077,0.8271748423576355,0.4522266387939453,0.3454510271549225,0.8310270309448242,0.800007164478302,0.3227027356624603,0.4515509009361267,0.5201152563095093,0.8685632944107056,0.34229812026023865,0.38361722230911255
245,8.166666666666666,0.34476086497306824,0.3124780058860779,-0.14095693826675415,0.9707476496696472,0.34904468059539795,0.29261213541030884,-0.17724747955799103,0.9653543829917908,0.3552734851837158,0.29097646474838257,-0.17763660848140717,0.963675320148468,0.3616200387477875,0.2898038923740387,-0.17749513685703278,0.9709829092025757,0.34187865257263184,0.29453974962234497,-0.11298882216215134,0.9734171628952026,0.3418767750263214,0.2939181327819824,-0.11386047303676605,0.9755467176437378,0.34137964248657227,0.2932571768760681,-0.11422205716371536,0.9818938374519348,0.3998155891895294,0.2896851599216461,-0.22965136170387268,0.975631058216095,0.36896756291389465,0.2913728356361389,0.05946610867977142,0.9675502777099609,0.36811310052871704,0.32338398694992065,-0.14440543949604034,0.9476203322410583,0.35946011543273926,0.32400694489479065,-0.06453820317983627,0.9478439688682556,0.4679073691368103,0.35365939140319824,-0.32770130038261414,0.9979050755500793,0.5013684630393982,0.3469797670841217,0.2527211308479309,0.9961538910865784,0.3085850477218628,0.34064772725105286,-0.5091853141784668,0.4453508257865906,0.4953623116016388,0.44480228424072266,0.3374570608139038,0.17638607323169708,0.19764286279678345,0.32145610451698303,-0.493969589471817,0.3987111747264862,0.412365585565567,0.526206374168396,0.22316180169582367,0.2947425842285156,0.15388673543930054,0.3186890482902527,-0.5477725863456726,0.4400610327720642,0.390114963054657,0.5467262864112854,0.2150334268808365,0.32549023628234863,0.15845416486263275,0.3128250241279602,-0.5321782827377319,0.44641223549842834,0.3765552043914795,0.5509625673294067,0.14884191751480103,0.32910066843032837,0.17479358613491058,0.31808924674987793,-0.4861312508583069,0.3989455997943878,0.38717833161354065,0.5452893972396851,0.18936607241630554,0.3091156482696533,0.5555775165557861,0.5835593938827515,-0.16721530258655548,0.999371349811554,0.5738146305084229,0.5737820267677307,0.16643346846103668,0.9993785619735718,0.49450811743736267,0.7194114327430725,-0.021815426647663116,0.3459948003292084,0.508358895778656,0.6997247934341431,0.2995509207248688,0.2978958189487457,0.5833169221878052,0.8152783513069153,0.07444368302822113,0.4165113866329193,0.5804709792137146,0.8111664652824402,0.413565456867218,0.34040579199790955,0.6175046563148499,0.8703144192695618,0.07724194973707199,0.35635557770729065,0.6135941743850708,0.8309817314147949,0.42282286286354065,0.312113493680954,0.5111967921257019,0.8774404525756836,-0.00010119942453457043,0.4091879427433014,0.5145411491394043,0.867772102355957,0.3691961169242859,0.3457581102848053
246,8.2,0.37888187170028687,0.30975142121315,-0.2316228300333023,0.9736725091934204,0.3910251557826996,0.2889546751976013,-0.23536287248134613,0.9688184857368469,0.4030924141407013,0.2876867353916168,-0.23553697764873505,0.9673070311546326,0.4159741997718811,0.28688570857048035,-0.23543111979961395,0.9738839864730835,0.36709344387054443,0.29072660207748413,-0.1850452870130539,0.9760751724243164,0.36013519763946533,0.2909279465675354,-0.18586747348308563,0.9779916405677795,0.35350292921066284,0.2914707660675049,-0.18616309762001038,0.9837040901184082,0.4432658851146698,0.28691792488098145,-0.19687947630882263,0.9780663847923279,0.37284010648727417,0.2919788658618927,0.031402792781591415,0.970793604850769,0.3986735939979553,0.3226592540740967,-0.18519622087478638,0.952826201915741,0.37828949093818665,0.3245178461074829,-0.12486906349658966,0.9530287981033325,0.46117880940437317,0.35438576340675354,-0.28532981872558594,0.9980814456939697,0.5219849348068237,0.346088707447052,0.24337507784366608,0.9964365363121033,0.25135570764541626,0.34334370493888855,-0.5010959506034851,0.47637373208999634,0.5391122698783875,0.44028085470199585,0.29667770862579346,0.1597171425819397,0.10950995236635208,0.30857083201408386,-0.4909214973449707,0.42453286051750183,0.48224857449531555,0.491426557302475,0.23469391465187073,0.2657260596752167,0.0784158781170845,0.2929233908653259,-0.5357053279876709,0.4645206928253174,0.4571208655834198,0.5056265592575073,0.24285365641117096,0.2936760485172272,0.08597297221422195,0.2834719717502594,-0.5038639307022095,0.4729393720626831,0.4421866834163666,0.5037896633148193,0.19111888110637665,0.2969312071800232,0.0945248156785965,0.29200902581214905,-0.47514721751213074,0.4223954975605011,0.45355066657066345,0.49967607855796814,0.20941045880317688,0.2790055274963379,0.5224496126174927,0.5782060027122498,-0.17549148201942444,0.9993481636047363,0.5777416825294495,0.5715394616127014,0.1745273321866989,0.9993366599082947,0.409709632396698,0.7176584005355835,-0.06299906224012375,0.3141208589076996,0.540188193321228,0.6822938919067383,0.29113543033599854,0.26838743686676025,0.537213921546936,0.8173115849494934,-0.16390061378479004,0.3905620574951172,0.5804190039634705,0.8075711131095886,0.2702529728412628,0.30755099654197693,0.5712025761604309,0.8498678207397461,-0.1800200641155243,0.36074385046958923,0.6118718981742859,0.8309224247932434,0.2621232271194458,0.2865726053714752,0.46290600299835205,0.8799742460250854,-0.24514387547969818,0.39132454991340637,0.5136488080024719,0.8638913035392761,0.24496178328990936,0.3136121928691864
247,8.233333333333333,0.3758019208908081,0.3061378598213196,-0.25072941184043884,0.9763044714927673,0.3843580484390259,0.2868955135345459,-0.26434892416000366,0.9719357490539551,0.3942826986312866,0.28552481532096863,-0.26458999514579773,0.9705748558044434,0.4052729606628418,0.28468355536460876,-0.26443007588386536,0.976494550704956,0.3679072856903076,0.28851112723350525,-0.21454721689224243,0.9784669876098633,0.3632239103317261,0.28837937116622925,-0.21540135145187378,0.9801915287971497,0.357896089553833,0.28851383924484253,-0.21564695239067078,0.9853330254554749,0.43961578607559204,0.2840993404388428,-0.20309695601463318,0.9802571535110474,0.3823358714580536,0.2886500954627991,0.006701952777802944,0.9737111330032349,0.3972122073173523,0.3189709782600403,-0.21914541721343994,0.9575130343437195,0.38015133142471313,0.3203797936439514,-0.1598692387342453,0.9576950073242188,0.448080837726593,0.35487693548202515,-0.30778005719184875,0.998222827911377,0.5357103943824768,0.34596651792526245,0.22173212468624115,0.9966542720794678,0.25386884808540344,0.35182860493659973,-0.4916488230228424,0.4696861207485199,0.5272611975669861,0.40488600730895996,0.287138968706131,0.14406047761440277,0.10717915743589401,0.3200766444206238,-0.4829410910606384,0.44447386264801025,0.3762968182563782,0.41999346017837524,0.21862345933914185,0.2407442033290863,0.0842825323343277,0.30719512701034546,-0.5379052758216858,0.486517995595932,0.3489660620689392,0.41778868436813354,0.2194114625453949,0.2672591805458069,0.0894617959856987,0.29823365807533264,-0.5099307298660278,0.49649637937545776,0.3328401446342468,0.41818124055862427,0.16999666392803192,0.27027302980422974,0.09632053226232529,0.30615824460983276,-0.4704400897026062,0.44193029403686523,0.34079939126968384,0.42212289571762085,0.1927933394908905,0.2540423572063446,0.5047087073326111,0.5750203132629395,-0.17719365656375885,0.999370813369751,0.5800288319587708,0.5697991847991943,0.17625358700752258,0.999363362789154,0.4106255769729614,0.7131034731864929,-0.06316079199314117,0.2843354344367981,0.5396167635917664,0.6812521815299988,0.28792858123779297,0.24181082844734192,0.5129675269126892,0.8165911436080933,-0.02830268256366253,0.3589988052845001,0.5754663348197937,0.8150280117988586,0.3003612160682678,0.27778834104537964,0.5485042333602905,0.8423515558242798,-0.02988525852560997,0.34513193368911743,0.6006344556808472,0.8393067121505737,0.30053892731666565,0.2614651918411255,0.44382473826408386,0.880457878112793,-0.10233452916145325,0.3636288642883301,0.5036575794219971,0.860040009021759,0.26259952783584595,0.28449633717536926
248,8.266666666666667,0.36668267846107483,0.30521297454833984,-0.06763243675231934,0.9786707162857056,0.37750816345214844,0.27964577078819275,-0.11694765090942383,0.9747384786605835,0.38395369052886963,0.27993807196617126,-0.11725820600986481,0.9735118746757507,0.39259257912635803,0.28042247891426086,-0.11713898926973343,0.9788407683372498,0.37093210220336914,0.27895301580429077,-0.06319105625152588,0.9806180596351624,0.37008076906204224,0.2789667546749115,-0.0640254095196724,0.9821698069572449,0.3682098686695099,0.2792746424674988,-0.0641946867108345,0.9867979288101196,0.42806705832481384,0.2822916507720947,-0.21116724610328674,0.9822262525558472,0.39910537004470825,0.28112173080444336,0.022353529930114746,0.9763352870941162,0.38714078068733215,0.3187626302242279,-0.08577832579612732,0.9617276787757874,0.3764745593070984,0.319278746843338,-0.020855393260717392,0.9618933796882629,0.43863457441329956,0.3517397344112396,-0.29499897360801697,0.9983917474746704,0.5394887328147888,0.3453730046749115,0.2063925862312317,0.9969670176506042,0.2729002833366394,0.3589109182357788,-0.471332848072052,0.4832654595375061,0.5606179237365723,0.45194825530052185,0.2865656614303589,0.12979060411453247,0.10819464921951294,0.32280340790748596,-0.4910789430141449,0.48307594656944275,0.4809788167476654,0.5317729115486145,0.2282598316669464,0.2178364247083664,0.09621206670999527,0.3139294683933258,-0.5534448623657227,0.5238004922866821,0.470694899559021,0.5489329695701599,0.22593055665493011,0.2430524230003357,0.10411448031663895,0.3057626187801361,-0.5242716670036316,0.5335589647293091,0.4494381248950958,0.550932765007019,0.16730323433876038,0.24581612646579742,0.10784325003623962,0.3142920136451721,-0.47853919863700867,0.47665950655937195,0.45023486018180847,0.5464388132095337,0.20023252069950104,0.2309267222881317,0.4891242980957031,0.574655294418335,-0.1499078869819641,0.9994208812713623,0.5820357203483582,0.5686864852905273,0.14917975664138794,0.9994127154350281,0.40929415822029114,0.7079368829727173,0.15260900557041168,0.2583772838115692,0.5510885715484619,0.6818689703941345,0.3704497814178467,0.2180406153202057,0.49753421545028687,0.8210489153862,0.24912120401859283,0.3320167660713196,0.5732235908508301,0.8087104558944702,0.40824344754219055,0.2510259449481964,0.5359434485435486,0.8685102462768555,0.25073111057281494,0.3351031243801117,0.5862899422645569,0.8363766670227051,0.4075344204902649,0.23876410722732544,0.4253518283367157,0.8739121556282043,0.18926946818828583,0.34039437770843506,0.5122281312942505,0.8462158441543579,0.36257070302963257,0.2583872377872467
249,8.3,0.36558350920677185,0.289230614900589,0.12649963796138763,0.9807702898979187,0.37225785851478577,0.2680611312389374,0.06501477211713791,0.9772230386734009,0.3800940215587616,0.268462598323822,0.06474106758832932,0.9761043190956116,0.39169684052467346,0.26889556646347046,0.06490173190832138,0.9809150695800781,0.3670812249183655,0.2667336165904999,0.12644678354263306,0.9825301766395569,0.3688199818134308,0.26628947257995605,0.12562866508960724,0.9839248657226562,0.3701808452606201,0.2659376859664917,0.12547184526920319,0.9881016612052917,0.4241631031036377,0.2706548571586609,-0.10576634109020233,0.983952522277832,0.40458887815475464,0.2677001953125,0.17121170461177826,0.9786643385887146,0.3811061978340149,0.30585119128227234,0.08449120074510574,0.9652913808822632,0.3726412057876587,0.30505603551864624,0.16019980609416962,0.9654437899589539,0.4172987937927246,0.3403496742248535,-0.23423972725868225,0.9985337853431702,0.536575973033905,0.3324631452560425,0.3176833689212799,0.9972167015075684,0.2445985972881317,0.36081892251968384,-0.30519217252731323,0.4748161733150482,0.5425444841384888,0.4423094689846039,0.5165132284164429,0.1168828010559082,0.09816749393939972,0.32570770382881165,-0.14530831575393677,0.4720805585384369,0.4690045118331909,0.46441227197647095,0.6260713338851929,0.1966635286808014,0.09731446206569672,0.31282174587249756,-0.17049771547317505,0.5149827599525452,0.4613344371318817,0.4625384211540222,0.6534556746482849,0.22008052468299866,0.1081235334277153,0.3068755269050598,-0.14476953446865082,0.5247990489006042,0.4431925117969513,0.4570123255252838,0.6090072989463806,0.2226029932498932,0.110662542283535,0.3162330687046051,-0.1275247037410736,0.4639286398887634,0.4412175118923187,0.4582722783088684,0.6071059107780457,0.20908071100711823,0.49172961711883545,0.5470894575119019,-0.1504637897014618,0.9994224905967712,0.5871155858039856,0.5397613048553467,0.14968132972717285,0.9994104504585266,0.4097471535205841,0.6816293597221375,0.07535558193922043,0.2331354022026062,0.5520292520523071,0.6630736589431763,0.3358440101146698,0.19628816843032837,0.4891866147518158,0.8185940980911255,-0.07155755162239075,0.30094602704048157,0.5742588043212891,0.805234432220459,0.21105551719665527,0.2260429561138153,0.5423058867454529,0.8578243255615234,-0.08658783882856369,0.31050214171409607,0.5901983976364136,0.8338596224784851,0.2003502994775772,0.21563884615898132,0.3979385793209076,0.8477472066879272,-0.1542358547449112,0.31021663546562195,0.5152993202209473,0.8260598182678223,0.1721627563238144,0.23291218280792236
250,8.333333333333334,0.3667445182800293,0.2747900187969208,0.19874216616153717,0.9825940132141113,0.3753098249435425,0.2586754560470581,0.1352113038301468,0.9793833494186401,0.37938812375068665,0.25919651985168457,0.13495537638664246,0.9783248901367188,0.38608986139297485,0.2597413659095764,0.13510307669639587,0.9826986789703369,0.37709298729896545,0.25703009963035583,0.19001349806785583,0.9842142462730408,0.3805963695049286,0.25656384229660034,0.18921686708927155,0.9854682683944702,0.3837818503379822,0.25614219903945923,0.18905578553676605,0.9892571568489075,0.4200764000415802,0.2622179388999939,-0.059681955724954605,0.9854117631912231,0.41377368569374084,0.2583096921443939,0.1899116337299347,0.9807326793670654,0.3789726197719574,0.29051727056503296,0.14767369627952576,0.9681951999664307,0.37710481882095337,0.2898501753807068,0.21514937281608582,0.9684382081031799,0.4104498624801636,0.3246179521083832,-0.21430698037147522,0.9986568689346313,0.5429412126541138,0.3199827969074249,0.30966097116470337,0.9974557757377625,0.23442813754081726,0.3608165383338928,-0.27557986974716187,0.46246954798698425,0.5896334052085876,0.41668152809143066,0.5134516358375549,0.10530969500541687,0.10373994708061218,0.32950806617736816,-0.09551326930522919,0.4496627748012543,0.5218591094017029,0.44035348296165466,0.6450369954109192,0.1787639856338501,0.09178764373064041,0.32194507122039795,-0.11143900454044342,0.49364617466926575,0.49829038977622986,0.4473171830177307,0.6741637587547302,0.20164228975772858,0.11094113439321518,0.31325584650039673,-0.09077228605747223,0.5036832094192505,0.4882773458957672,0.43828925490379333,0.6313016414642334,0.204046830534935,0.11574012041091919,0.3197239637374878,-0.07879765331745148,0.4404242932796478,0.4921826720237732,0.4390958845615387,0.6280505657196045,0.19107919931411743,0.4967016875743866,0.5255197286605835,-0.15503698587417603,0.9994118213653564,0.5959537029266357,0.5221866965293884,0.15434180200099945,0.9994028210639954,0.4342389702796936,0.6679373979568481,-0.031834766268730164,0.21048565208911896,0.557586669921875,0.6598660349845886,0.25341254472732544,0.17670640349388123,0.4943667948246002,0.8182698488235474,-0.1764104664325714,0.2726093530654907,0.5727692246437073,0.7942470908164978,0.14899176359176636,0.20352943241596222,0.5555555820465088,0.8535901308059692,-0.19476830959320068,0.2863706350326538,0.5896803736686707,0.8330016136169434,0.13934928178787231,0.19471211731433868,0.3995119333267212,0.8425918817520142,-0.26291507482528687,0.28184303641319275,0.4869481921195984,0.8181325793266296,0.12137938290834427,0.20986561477184296
251,8.366666666666667,0.3762984275817871,0.2696494460105896,0.10082786530256271,0.9842989444732666,0.3864162564277649,0.2549143433570862,0.042994268238544464,0.9814082980155945,0.389699250459671,0.25500088930130005,0.04270372539758682,0.9804408550262451,0.3938603699207306,0.255182147026062,0.042889781296253204,0.9843904972076416,0.3858761191368103,0.25407856702804565,0.09524405747652054,0.9857704043388367,0.38801050186157227,0.2537086606025696,0.0944477915763855,0.986897885799408,0.38982298970222473,0.2533649802207947,0.09427572041749954,0.9903177618980408,0.4260292053222656,0.2567985951900482,-0.11483629792928696,0.9868218302726746,0.42156121134757996,0.2551380395889282,0.12465357035398483,0.9826314449310303,0.3863558769226074,0.2832110524177551,0.0635189563035965,0.9711291790008545,0.3866795301437378,0.28282687067985535,0.1274356245994568,0.9713752269744873,0.40755194425582886,0.31686893105506897,-0.23642498254776,0.9987713098526001,0.5609352588653564,0.31778043508529663,0.27172961831092834,0.9976668953895569,0.2137773483991623,0.3613632619380951,-0.293314665555954,0.4653069078922272,0.633749783039093,0.4085727632045746,0.491504967212677,0.0949181467294693,0.10763424634933472,0.3329162299633026,-0.15400785207748413,0.4495773911476135,0.5596641302108765,0.42569810152053833,0.6558838486671448,0.16229237616062164,0.09052561968564987,0.3415897786617279,-0.1821015477180481,0.49415791034698486,0.5489519238471985,0.43215617537498474,0.683197021484375,0.1844548135995865,0.10146257281303406,0.328064501285553,-0.16339914500713348,0.504933774471283,0.5290495753288269,0.42285236716270447,0.6379684209823608,0.1867399513721466,0.11393020302057266,0.3269469738006592,-0.13980455696582794,0.4358976483345032,0.5331546068191528,0.42376309633255005,0.6393172144889832,0.1743549108505249,0.509841799736023,0.5221022367477417,-0.15536236763000488,0.999427855014801,0.6018872261047363,0.5184357166290283,0.1547773778438568,0.9994154572486877,0.4411494731903076,0.6614112257957458,-0.004646620713174343,0.18990759551525116,0.5799903869628906,0.6483619809150696,0.2506433427333832,0.15909388661384583,0.5058214068412781,0.8169738054275513,-0.03420252352952957,0.2463158518075943,0.5874778628349304,0.7961455583572388,0.21299022436141968,0.18328256905078888,0.5555354356765747,0.8440912961959839,-0.03322721645236015,0.2620031237602234,0.6037982702255249,0.8295450210571289,0.2005917876958847,0.17586424946784973,0.3995280861854553,0.8304567337036133,-0.02547917142510414,0.25515419244766235,0.507369339466095,0.8167893290519714,0.2161513864994049,0.1891459822654724
252,8.4,0.39013051986694336,0.2638101279735565,0.23781651258468628,0.9858410954475403,0.3931547701358795,0.25044840574264526,0.165416419506073,0.9832422137260437,0.3933844268321991,0.25071853399276733,0.16509412229061127,0.9823646545410156,0.39392754435539246,0.251147598028183,0.16519547998905182,0.9859264492988586,0.4031028747558594,0.24794110655784607,0.21193046867847443,0.9871792197227478,0.40850797295570374,0.24691197276115417,0.2111666202545166,0.9881939888000488,0.4156327247619629,0.2457650601863861,0.21102452278137207,0.9912773370742798,0.42414748668670654,0.25486838817596436,-0.056350912898778915,0.9881195425987244,0.44456881284713745,0.24979189038276672,0.15422064065933228,0.9843557476997375,0.3967821002006531,0.27629461884498596,0.17923982441425323,0.9739483594894409,0.4100537896156311,0.27513498067855835,0.2355758398771286,0.9741789102554321,0.3942013084888458,0.31986314058303833,-0.20046448707580566,0.9988875985145569,0.5806671380996704,0.32041895389556885,0.25857388973236084,0.997883141040802,0.2089601308107376,0.3665010631084442,-0.2098907232284546,0.499125599861145,0.6643978357315063,0.4115554392337799,0.4397082030773163,0.0861041471362114,0.12243586778640747,0.3146452307701111,-0.03819119930267334,0.47809311747550964,0.5837520360946655,0.4308105409145355,0.5732461214065552,0.14718513190746307,0.1603490561246872,0.28787726163864136,-0.054782602936029434,0.5195398926734924,0.5745431184768677,0.4341047406196594,0.5964555144309998,0.1679694801568985,0.18458397686481476,0.2831368148326874,-0.05496096611022949,0.5300440788269043,0.5532422065734863,0.4278462529182434,0.5536719560623169,0.17004689574241638,0.1875375360250473,0.2895381450653076,-0.03213745355606079,0.45925623178482056,0.5516332983970642,0.4271649718284607,0.5558083653450012,0.15866343677043915,0.5097281336784363,0.5280383229255676,-0.14056409895420074,0.999469518661499,0.6112950444221497,0.523970365524292,0.14013180136680603,0.9994564056396484,0.4439963400363922,0.6675169467926025,0.14271554350852966,0.17486657202243805,0.5790719985961914,0.6544890403747559,0.3244045674800873,0.14392006397247314,0.5041646361351013,0.8168702125549316,0.30700308084487915,0.2274807095527649,0.6037532091140747,0.7976025342941284,0.42523202300071716,0.16600756347179413,0.5473746657371521,0.8438041806221008,0.3204810917377472,0.2525264322757721,0.6192321181297302,0.8305171132087708,0.43440330028533936,0.16296550631523132,0.3981249928474426,0.8317228555679321,0.29192814230918884,0.23441538214683533,0.5421627759933472,0.8175257444381714,0.42160114645957947,0.17156898975372314
253,8.433333333333334,0.39991649985313416,0.2617722153663635,0.26221832633018494,0.9871697425842285,0.4010878801345825,0.2500615417957306,0.18932168185710907,0.9848306775093079,0.4000322222709656,0.2503092586994171,0.18896912038326263,0.9840102195739746,0.39834582805633545,0.2506113350391388,0.18903259932994843,0.9872540831565857,0.41146549582481384,0.2481464445590973,0.23285603523254395,0.9884153008460999,0.4183954894542694,0.2472981959581375,0.232117161154747,0.9893253445625305,0.42488160729408264,0.24636805057525635,0.2319575697183609,0.9921233057975769,0.42161357402801514,0.25640878081321716,-0.04065830633044243,0.9892380237579346,0.4577777087688446,0.25260743498802185,0.15530115365982056,0.9858781099319458,0.40425804257392883,0.275253027677536,0.2007121443748474,0.9763903617858887,0.4181986153125763,0.2748522162437439,0.25298750400543213,0.9766342043876648,0.38825398683547974,0.32433387637138367,-0.1704336702823639,0.9989871382713318,0.5915852189064026,0.32581964135169983,0.2144584208726883,0.9980685710906982,0.2060103714466095,0.3690528869628906,-0.1773388534784317,0.5258572697639465,0.671730637550354,0.4231862425804138,0.42646652460098267,0.07940667122602463,0.2543027997016907,0.2770654857158661,-0.03983941301703453,0.4910396337509155,0.5656304955482483,0.4236071705818176,0.6271564364433289,0.13295234739780426,0.2622857689857483,0.2523883283138275,-0.05731060355901718,0.5293827652931213,0.5411882400512695,0.41759830713272095,0.6568000912666321,0.15181274712085724,0.28912636637687683,0.24860139191150665,-0.06647705286741257,0.5391846895217896,0.5213791728019714,0.41825801134109497,0.6119060516357422,0.15367184579372406,0.29347115755081177,0.2594349682331085,-0.0396900549530983,0.46707165241241455,0.5251814723014832,0.4201492369174957,0.6100624799728394,0.14340773224830627,0.4946904182434082,0.5316299200057983,-0.10653509199619293,0.9995023012161255,0.6120860576629639,0.5285228490829468,0.106053426861763,0.99948650598526,0.4405220150947571,0.6726799607276917,0.3085339367389679,0.15922991931438446,0.6057882308959961,0.657241940498352,0.3994816243648529,0.1299300342798233,0.4664991497993469,0.8157423138618469,0.537251889705658,0.2088490128517151,0.6079059839248657,0.7951838374137878,0.5538113117218018,0.15002033114433289,0.5013841986656189,0.8425105810165405,0.5571024417877197,0.24403353035449982,0.6178535223007202,0.8249057531356812,0.5680294632911682,0.14960479736328125,0.3850775957107544,0.8179756999015808,0.5313547253608704,0.2140125036239624,0.5722834467887878,0.7977503538131714,0.54172283411026,0.15505501627922058
254,8.466666666666667,0.4209096133708954,0.262029767036438,0.31237104535102844,0.9860599040985107,0.41974928975105286,0.2556968331336975,0.24069754779338837,0.9835982322692871,0.4170048236846924,0.2560086250305176,0.24029305577278137,0.9822075366973877,0.41328832507133484,0.25645121932029724,0.24026209115982056,0.9863710403442383,0.4327529966831207,0.2533203959465027,0.27478477358818054,0.9878048300743103,0.4376327395439148,0.252615749835968,0.27407312393188477,0.9884898066520691,0.4455353617668152,0.2514593005180359,0.27392059564590454,0.9918934106826782,0.42047080397605896,0.2653200924396515,0.002806370845064521,0.9883724451065063,0.4644351005554199,0.2623499035835266,0.16009369492530823,0.9855320453643799,0.41918063163757324,0.27657097578048706,0.2479678839445114,0.972383439540863,0.43115928769111633,0.2754886746406555,0.2887919247150421,0.9731582999229431,0.38626813888549805,0.33963507413864136,-0.11830327659845352,0.9990369081497192,0.5962689518928528,0.33569735288619995,0.1847786158323288,0.9981222152709961,0.23086468875408173,0.38461238145828247,-0.20766550302505493,0.48168742656707764,0.6709848046302795,0.43459463119506836,0.41450318694114685,0.07152219861745834,0.23811456561088562,0.29685765504837036,-0.15187311172485352,0.45030760765075684,0.5772498846054077,0.416879802942276,0.6765456199645996,0.12004589289426804,0.2427292764186859,0.27591729164123535,-0.17899587750434875,0.4890163838863373,0.5851976871490479,0.4088805317878723,0.7129691243171692,0.13744691014289856,0.2616649568080902,0.27251237630844116,-0.17297089099884033,0.498092383146286,0.5573232173919678,0.40486136078834534,0.6714074611663818,0.13915188610553741,0.2707349359989166,0.2815493941307068,-0.14775611460208893,0.4299052655696869,0.551611602306366,0.4081932604312897,0.6629941463470459,0.12976694107055664,0.4855883717536926,0.5436149835586548,-0.07031886279582977,0.9994926452636719,0.6150808334350586,0.5317736268043518,0.06965266168117523,0.9994755983352661,0.41398000717163086,0.6730820536613464,0.2975599765777588,0.14344553649425507,0.6727675199508667,0.6474543809890747,0.2917461693286896,0.11700842529535294,0.44144392013549805,0.8043466806411743,0.3242572844028473,0.18856970965862274,0.6316676735877991,0.7913506627082825,0.1894172728061676,0.1351943016052246,0.47399911284446716,0.8266741633415222,0.3242586851119995,0.22354406118392944,0.6243050694465637,0.8213558197021484,0.18065141141414642,0.13560424745082855,0.3738088309764862,0.8100048899650574,0.2918093204498291,0.19308556616306305,0.6174049377441406,0.7986878752708435,0.15208066999912262,0.13973894715309143
255,8.5,0.417371541261673,0.27648109197616577,0.23601487278938293,0.9874342679977417,0.4186699390411377,0.2654699683189392,0.17687560617923737,0.9852187633514404,0.41772890090942383,0.26525530219078064,0.17650467157363892,0.9839591383934021,0.4159263074398041,0.26508110761642456,0.17651475965976715,0.9877151250839233,0.4258936643600464,0.26394981145858765,0.21185845136642456,0.9890112280845642,0.4294731616973877,0.2630256116390228,0.2111206203699112,0.9896241426467896,0.43431615829467773,0.2616075575351715,0.21095076203346252,0.9926938414573669,0.42727524042129517,0.2732347846031189,-0.0011671208776533604,0.9895146489143372,0.4550677537918091,0.2704629600048065,0.1528536081314087,0.9869577884674072,0.4227222800254822,0.28999489545822144,0.19207929074764252,0.9750381112098694,0.4308612048625946,0.2885892689228058,0.23294825851917267,0.9757497906684875,0.3854166269302368,0.3560568690299988,-0.09017981588840485,0.9991253018379211,0.6041942834854126,0.34352734684944153,0.17124299705028534,0.998290479183197,0.2043769806623459,0.3914121389389038,-0.153410866856575,0.48611903190612793,0.6813456416130066,0.4409199357032776,0.38328662514686584,0.06568149477243423,0.25562313199043274,0.3037264943122864,-0.08530863374471664,0.4552265703678131,0.5821726322174072,0.4195265769958496,0.6235150098800659,0.1085285171866417,0.2674185335636139,0.2844395041465759,-0.09894365817308426,0.4925907254219055,0.5771786570549011,0.41675466299057007,0.6585598587989807,0.12433299422264099,0.2930000126361847,0.2798466384410858,-0.10554374754428864,0.5009762048721313,0.5454747676849365,0.4116381108760834,0.6211456060409546,0.12587961554527283,0.2905733585357666,0.28957125544548035,-0.08510274440050125,0.43138647079467773,0.5484299659729004,0.41449958086013794,0.6108115315437317,0.11741065979003906,0.4824591279029846,0.5537933111190796,-0.058456819504499435,0.9995090961456299,0.615362823009491,0.540955126285553,0.05770183727145195,0.9994910955429077,0.42285898327827454,0.6735970973968506,0.3500049412250519,0.12943702936172485,0.7013636231422424,0.6495874524116516,0.2691147029399872,0.10548707842826843,0.46329930424690247,0.8040151596069336,0.4073728024959564,0.17067129909992218,0.6412063241004944,0.7918282747268677,0.16478964686393738,0.12198756635189056,0.5003455877304077,0.8266152143478394,0.4105384051799774,0.20747987926006317,0.6277235746383667,0.8215494155883789,0.15505026280879974,0.12359923869371414,0.42359787225723267,0.8132799863815308,0.42500022053718567,0.1749330461025238,0.6276674866676331,0.799770712852478,0.14996588230133057,0.1262536346912384
256,8.533333333333333,0.42001432180404663,0.28615838289260864,0.20628276467323303,0.9886480569839478,0.425264835357666,0.271672785282135,0.15041926503181458,0.9866532683372498,0.4282870292663574,0.27110642194747925,0.15006352961063385,0.9855027794837952,0.4311351776123047,0.27093932032585144,0.1500881463289261,0.9889035224914551,0.42080751061439514,0.2716746926307678,0.19167448580265045,0.9900798201560974,0.421262264251709,0.27117568254470825,0.1909279078245163,0.9906253218650818,0.42439720034599304,0.27069538831710815,0.19082306325435638,0.9934015870094299,0.4455766975879669,0.2784319519996643,-0.011230877600610256,0.9905250668525696,0.4450241029262543,0.27933818101882935,0.17399534583091736,0.9882063865661621,0.43034932017326355,0.29869258403778076,0.1666240394115448,0.9773658514022827,0.4280097484588623,0.29869717359542847,0.21595478057861328,0.9779948592185974,0.3880194425582886,0.3602145314216614,-0.10765893757343292,0.9992036819458008,0.6018068790435791,0.3463306725025177,0.26201945543289185,0.9984377026557922,0.24092507362365723,0.4043206572532654,-0.1814957708120346,0.4606139361858368,0.6694831848144531,0.43903303146362305,0.47852402925491333,0.059252504259347916,0.2825823426246643,0.3383095860481262,-0.0786365494132042,0.43457186222076416,0.5842328071594238,0.4124321937561035,0.6751488447189331,0.09935987740755081,0.2665725350379944,0.30035221576690674,-0.08972243219614029,0.4730479419231415,0.5883333086967468,0.4135943055152893,0.7089777588844299,0.11535093933343887,0.2868705093860626,0.2969709038734436,-0.07643337547779083,0.4803752899169922,0.5662933588027954,0.4084692895412445,0.6721386313438416,0.11689009517431259,0.2874920666217804,0.30969101190567017,-0.0669722855091095,0.41087549924850464,0.5629835724830627,0.4111083149909973,0.661488950252533,0.1086416095495224,0.4806482493877411,0.5535749197006226,-0.08177259564399719,0.9995149970054626,0.6061131358146667,0.5407516360282898,0.08112239837646484,0.999503493309021,0.4150792062282562,0.6714126467704773,0.28982412815093994,0.11682784557342529,0.6846414804458618,0.6429129242897034,0.1508856862783432,0.09509339183568954,0.4455828368663788,0.8042162656784058,0.1464618593454361,0.15447747707366943,0.6342513561248779,0.7919261455535889,-0.03030371107161045,0.11015938222408295,0.47950664162635803,0.827002227306366,0.13627545535564423,0.1905333399772644,0.6274806261062622,0.8225029706954956,-0.04799143597483635,0.11293988674879074,0.3792497515678406,0.8201478719711304,0.14530867338180542,0.1584460437297821,0.6035593748092651,0.8080465197563171,-0.054429467767477036,0.11420610547065735
258,8.6,0.4479600787162781,0.28166648745536804,-0.6764433979988098,0.9896858334541321,0.4562009572982788,0.26855048537254333,-0.6529470086097717,0.9877364039421082,0.4655565917491913,0.2682315707206726,-0.6535869836807251,0.9866254925727844,0.47242623567581177,0.2682231068611145,-0.6535688042640686,0.9897906184196472,0.43372637033462524,0.26989877223968506,-0.652135968208313,0.9909282326698303,0.42675483226776123,0.27066799998283386,-0.652715802192688,0.9914215207099915,0.4200073778629303,0.27173668146133423,-0.6531257629394531,0.993964433670044,0.4914887249469757,0.2746471166610718,-0.47485780715942383,0.9912716746330261,0.40965914726257324,0.28044790029525757,-0.46889111399650574,0.9890338778495789,0.4639412760734558,0.293486088514328,-0.6027274131774902,0.9794402718544006,0.43864473700523376,0.29469630122184753,-0.6044780015945435,0.9800155162811279,0.5664836168289185,0.3465777635574341,-0.32794830203056335,0.9992523193359375,0.3822624087333679,0.35997912287712097,-0.34203040599823,0.9985517859458923,0.5803089141845703,0.4312366843223572,-0.38044700026512146,0.43296101689338684,0.32991936802864075,0.42517223954200745,-0.457889586687088,0.0881769061088562,0.517953097820282,0.4557846486568451,-0.6106430292129517,0.40625205636024475,0.2539135813713074,0.4098042845726013,-0.7651451230049133,0.13774153590202332,0.5007603168487549,0.46902522444725037,-0.6736982464790344,0.44696250557899475,0.2303393930196762,0.4055688977241516,-0.8499971032142639,0.1611863672733307,0.49433454871177673,0.45501914620399475,-0.7057989835739136,0.45448312163352966,0.22847376763820648,0.39741092920303345,-0.8877943158149719,0.16580736637115479,0.4963505268096924,0.45069512724876404,-0.6271132230758667,0.38658538460731506,0.2441817969083786,0.3991122543811798,-0.79128098487854,0.15079574286937714,0.5547135472297668,0.5029608011245728,0.03080795519053936,0.999531090259552,0.4478303790092468,0.5097481608390808,-0.031109703704714775,0.9995257258415222,0.6484408378601074,0.6085684299468994,-0.03397100046277046,0.1118667870759964,0.4926678240299225,0.6132066249847412,-0.23785334825515747,0.09579021483659744,0.6939499378204346,0.6920725703239441,0.22485977411270142,0.1465265154838562,0.4907294511795044,0.6935699582099915,0.03745361790060997,0.10519427061080933,0.6904320120811462,0.7097139358520508,0.23902374505996704,0.1819980889558792,0.49270522594451904,0.7067362070083618,0.060723841190338135,0.10612370073795319,0.7355434894561768,0.7122725248336792,0.08242791891098022,0.15222090482711792,0.49077633023262024,0.7208796143531799,-0.08120495080947876,0.10897468030452728
259,8.633333333333333,0.42761141061782837,0.2795396149158478,-0.5585571527481079,0.9901992082595825,0.44376370310783386,0.26486343145370483,-0.5325385928153992,0.987941563129425,0.45530983805656433,0.26447898149490356,-0.5331131219863892,0.9867442846298218,0.46477800607681274,0.2644510865211487,-0.5330784916877747,0.9900590181350708,0.4133152961730957,0.2653622031211853,-0.5190926194190979,0.9908579587936401,0.40472230315208435,0.2651832699775696,-0.5196685791015625,0.9913203120231628,0.3971516191959381,0.2649088501930237,-0.5200551748275757,0.9938100576400757,0.48287850618362427,0.2666936218738556,-0.343799889087677,0.991642951965332,0.3957619071006775,0.2699319124221802,-0.281377375125885,0.9875122904777527,0.4492778778076172,0.29149556159973145,-0.4800351560115814,0.9805691242218018,0.4197778105735779,0.2916725277900696,-0.46589481830596924,0.9806250333786011,0.5679986476898193,0.33553940057754517,-0.2154509425163269,0.9992458820343018,0.361557275056839,0.35008564591407776,-0.15455804765224457,0.9983660578727722,0.576136589050293,0.42609232664108276,-0.3393229842185974,0.42941877245903015,0.32988038659095764,0.42127084732055664,-0.3745412528514862,0.09545040130615234,0.4809601306915283,0.4519740045070648,-0.6080907583236694,0.3813149034976959,0.3568817973136902,0.3752574622631073,-0.7425137758255005,0.13032786548137665,0.44704586267471313,0.46708568930625916,-0.6763322353363037,0.42053183913230896,0.37220415472984314,0.3659648001194,-0.8359196186065674,0.15293565392494202,0.4293094277381897,0.44653910398483276,-0.6922982931137085,0.42761683464050293,0.36556556820869446,0.350059449672699,-0.8302794694900513,0.15687520802021027,0.44620805978775024,0.44475069642066956,-0.6154813170433044,0.3607107400894165,0.3650915324687958,0.3535439670085907,-0.7516154646873474,0.14163045585155487,0.5676237940788269,0.5019911527633667,0.01621924340724945,0.9994020462036133,0.4457566440105438,0.5070776343345642,-0.016606943681836128,0.9993334412574768,0.6547999382019043,0.5991576313972473,-0.23225368559360504,0.1104000061750412,0.4299025237560272,0.6006857752799988,-0.22693610191345215,0.09240429848432541,0.6888220310211182,0.6960550546646118,0.12430320680141449,0.1356646567583084,0.4154518246650696,0.6962477564811707,0.07051026076078415,0.0994812622666359,0.6817607879638672,0.7137125730514526,0.14843083918094635,0.16906622052192688,0.4269144833087921,0.7151704430580139,0.0938907116651535,0.09931746125221252,0.7191830277442932,0.7290700674057007,-0.04675561562180519,0.14056266844272614,0.3834806978702545,0.7235332131385803,-0.08238677680492401,0.10148864984512329
260,8.666666666666666,0.41521593928337097,0.27839595079421997,-0.6051913499832153,0.9910767078399658,0.43162235617637634,0.2610664963722229,-0.5802754163742065,0.9889549016952515,0.4431297183036804,0.26092666387557983,-0.5808717608451843,0.9878399968147278,0.45275577902793884,0.26090341806411743,-0.5808455944061279,0.9908875823020935,0.4043514132499695,0.2628258764743805,-0.569642961025238,0.9916159510612488,0.3968003988265991,0.2630575895309448,-0.5702545046806335,0.9920444488525391,0.3902828097343445,0.26289573311805725,-0.5706678032875061,0.994309663772583,0.47598424553871155,0.26360878348350525,-0.39012905955314636,0.9923563003540039,0.39312615990638733,0.2669072449207306,-0.3258296847343445,0.988392174243927,0.43880602717399597,0.28888311982154846,-0.5269660353660583,0.9821339845657349,0.4089249074459076,0.2906998097896576,-0.5144883990287781,0.9821591377258301,0.5667294263839722,0.3239791989326477,-0.23186546564102173,0.9992319941520691,0.3609562814235687,0.3433818221092224,-0.2055714875459671,0.9983993172645569,0.5851943492889404,0.40179532766342163,-0.3141687214374542,0.42122167348861694,0.3341953754425049,0.419696182012558,-0.351567804813385,0.12971961498260498,0.5078343152999878,0.41615644097328186,-0.5399293899536133,0.3582932651042938,0.42819246649742126,0.38739705085754395,-0.6546404361724854,0.1331740766763687,0.48282232880592346,0.43225377798080444,-0.6050581336021423,0.4006745517253876,0.45838549733161926,0.39551663398742676,-0.7398549318313599,0.1564507782459259,0.47597604990005493,0.4142128527164459,-0.6191784143447876,0.408270001411438,0.46334168314933777,0.3686281740665436,-0.7354549169540405,0.1605103611946106,0.48395320773124695,0.4106067717075348,-0.5472133755683899,0.3436427116394043,0.4563004672527313,0.3592109680175781,-0.6609439253807068,0.14387451112270355,0.5738687515258789,0.49343687295913696,0.015957267954945564,0.9993124604225159,0.4497015178203583,0.4975087642669678,-0.016386575996875763,0.999258816242218,0.6656860113143921,0.576621949672699,-0.20301206409931183,0.12395463138818741,0.44176530838012695,0.5872455835342407,-0.23423732817173004,0.11487609893083572,0.6730337738990784,0.6788493394851685,0.15248367190361023,0.1370677947998047,0.4203653037548065,0.6835905909538269,0.06535642594099045,0.11452021449804306,0.6610921025276184,0.6939491033554077,0.17686878144741058,0.1701759546995163,0.42917704582214355,0.7008678913116455,0.09067083150148392,0.10704892128705978,0.6929718852043152,0.728575587272644,0.004797664005309343,0.14050498604774475,0.3961334228515625,0.7197452783584595,-0.07309964299201965,0.1094449833035469
261,8.7,0.41426193714141846,0.28454887866973877,-0.24703647196292877,0.9914280772209167,0.427063524723053,0.2671802043914795,-0.22207872569561005,0.9885967373847961,0.43609264492988586,0.26525282859802246,-0.22255705296993256,0.9873449802398682,0.4444601237773895,0.26387619972229004,-0.22249916195869446,0.9906133413314819,0.40148815512657166,0.2696976959705353,-0.20904339849948883,0.9914052486419678,0.39314451813697815,0.2691323161125183,-0.20957790315151215,0.9919434785842896,0.3858679533004761,0.26852354407310486,-0.2098703533411026,0.9941820502281189,0.47397786378860474,0.26936596632003784,-0.06739524006843567,0.9922705888748169,0.38515764474868774,0.2677038311958313,-0.007207097485661507,0.9875363707542419,0.4351164400577545,0.29262644052505493,-0.18312594294548035,0.9826450943946838,0.40662452578544617,0.2951926589012146,-0.1695798933506012,0.9825754165649414,0.55910325050354,0.32622817158699036,0.016325142234563828,0.9992544054985046,0.3538626730442047,0.3455726206302643,0.04359530657529831,0.9985010027885437,0.6117634773254395,0.3950214982032776,-0.18590350449085236,0.4244661331176758,0.3362039029598236,0.4199965000152588,-0.11304247379302979,0.14813290536403656,0.5274457335472107,0.396409273147583,-0.5171465277671814,0.34680458903312683,0.4330013692378998,0.4189261794090271,-0.41837331652641296,0.14365869760513306,0.49833279848098755,0.40576377511024475,-0.5983618497848511,0.390888512134552,0.4597233533859253,0.42804592847824097,-0.5030656456947327,0.17026951909065247,0.4873760938644409,0.38810136914253235,-0.5945058465003967,0.39793363213539124,0.47908833622932434,0.4097628593444824,-0.499815970659256,0.17415055632591248,0.4943717122077942,0.38602307438850403,-0.5203139781951904,0.33223864436149597,0.4732521176338196,0.4061851501464844,-0.425579696893692,0.15349876880645752,0.5718579888343811,0.4904874861240387,0.017209995537996292,0.9992778897285461,0.4487699270248413,0.49475234746932983,-0.017617076635360718,0.9992271065711975,0.6644595265388489,0.5771067142486572,-0.14672958850860596,0.11940062791109085,0.45077598094940186,0.5823668241500854,-0.23969393968582153,0.11588745564222336,0.663238525390625,0.6808379888534546,0.16879436373710632,0.12847937643527985,0.42821449041366577,0.6846626996994019,0.01522716786712408,0.11086153239011765,0.6480847001075745,0.6973665952682495,0.1898173838853836,0.1615809053182602,0.43531039357185364,0.7016891241073608,0.03619948402047157,0.10273503512144089,0.6972329020500183,0.7269744873046875,0.020052362233400345,0.1314946562051773,0.4090336263179779,0.7208899855613708,-0.11777303367853165,0.10441138595342636
262,8.733333333333333,0.411345899105072,0.276885449886322,-0.12159217149019241,0.9918172955513,0.42025676369667053,0.2592298686504364,-0.08842481672763824,0.9883922934532166,0.4275973439216614,0.25724107027053833,-0.08890737593173981,0.987145185470581,0.4352461099624634,0.25590938329696655,-0.08888591080904007,0.9905464053153992,0.3973079323768616,0.26357415318489075,-0.09091801196336746,0.9912468194961548,0.3895193338394165,0.26393836736679077,-0.091359943151474,0.9918918013572693,0.38278770446777344,0.2639922797679901,-0.09158004820346832,0.9940546751022339,0.44567281007766724,0.2579805254936218,0.07408830523490906,0.992420494556427,0.3746797442436218,0.2656492590904236,0.0632673054933548,0.9870322346687317,0.4297581613063812,0.2841283977031708,-0.056178830564022064,0.9833978414535522,0.4037390947341919,0.28805968165397644,-0.06310471892356873,0.9832276105880737,0.5275073647499084,0.315144419670105,0.13199837505817413,0.9992903470993042,0.3281855583190918,0.3432060778141022,0.07719680666923523,0.9985537528991699,0.6066102385520935,0.37513357400894165,-0.022679874673485756,0.4260183274745941,0.3059235215187073,0.415363073348999,-0.10962529480457306,0.17474108934402466,0.5496742129325867,0.40118154883384705,-0.34343117475509644,0.33657121658325195,0.43112537264823914,0.41816601157188416,-0.39225998520851135,0.15558035671710968,0.5390912294387817,0.4174516201019287,-0.4219263792037964,0.3825076222419739,0.4815032482147217,0.4336775839328766,-0.4766746461391449,0.18385735154151917,0.5184957981109619,0.4025905728340149,-0.4223598539829254,0.39036303758621216,0.4904853403568268,0.4114939272403717,-0.46508726477622986,0.18727150559425354,0.5197724103927612,0.39828601479530334,-0.3498114347457886,0.3262813985347748,0.47643789649009705,0.4095907211303711,-0.3949427604675293,0.1627933382987976,0.546718418598175,0.4737465977668762,0.02522415667772293,0.999165952205658,0.4186308979988098,0.4828507900238037,-0.025725577026605606,0.9990584850311279,0.6222571730613708,0.570113480091095,0.021197760477662086,0.11387873440980911,0.4141392707824707,0.5777770280838013,-0.11216425150632858,0.11135561019182205,0.6359599828720093,0.6700518131256104,0.32427412271499634,0.12107553333044052,0.42380601167678833,0.6735644936561584,0.15645143389701843,0.10517154633998871,0.625498354434967,0.6875157952308655,0.3453994393348694,0.15337926149368286,0.43438830971717834,0.6894592046737671,0.1793399155139923,0.09653067588806152,0.6700758337974548,0.7076802253723145,0.1880321055650711,0.12324745953083038,0.41853445768356323,0.7088078260421753,0.02612556703388691,0.0975847989320755
263,8.766666666666667,0.3912237286567688,0.2771482467651367,-0.16598902642726898,0.9921720027923584,0.40136173367500305,0.25951066613197327,-0.13915565609931946,0.9879442453384399,0.4101192057132721,0.2581023871898651,-0.139607772231102,0.9864239692687988,0.41809341311454773,0.2572597861289978,-0.13954515755176544,0.9900327324867249,0.3780064582824707,0.2643885314464569,-0.13530561327934265,0.9911485910415649,0.37116965651512146,0.2650420367717743,-0.135843887925148,0.9919187426567078,0.3652094006538391,0.26529982686042786,-0.13615255057811737,0.9940963387489319,0.43496429920196533,0.2598085403442383,0.0001068727215169929,0.9917606115341187,0.36446982622146606,0.2665509283542633,0.01916145160794258,0.9867710471153259,0.414457231760025,0.2850862741470337,-0.10956992954015732,0.9838057160377502,0.3870178759098053,0.28828683495521545,-0.10762171447277069,0.9837750792503357,0.523238480091095,0.31704434752464294,0.069844551384449,0.9993178844451904,0.33340543508529663,0.34430578351020813,0.01085639838129282,0.9986754059791565,0.6004434823989868,0.38868245482444763,-0.11276483535766602,0.41503602266311646,0.3111121654510498,0.4160839021205902,-0.18949605524539948,0.21690881252288818,0.542714536190033,0.4090494215488434,-0.4437747895717621,0.3227871060371399,0.4403822720050812,0.4288625717163086,-0.49583953619003296,0.20004141330718994,0.5314217209815979,0.4235348701477051,-0.5235863327980042,0.37167835235595703,0.472476065158844,0.4363009035587311,-0.58952397108078,0.22509321570396423,0.5163475275039673,0.4112110137939453,-0.5340781807899475,0.3798917531967163,0.49203741550445557,0.420523077249527,-0.5810545682907104,0.22770731151103973,0.5166603326797485,0.40802115201950073,-0.454257994890213,0.31661438941955566,0.4843077063560486,0.41907230019569397,-0.5008974671363831,0.19534756243228912,0.5473319292068481,0.47875452041625977,0.029012145474553108,0.9991815090179443,0.4236944317817688,0.4878156781196594,-0.029450662434101105,0.9991000890731812,0.6016209721565247,0.5770951509475708,-0.009923716075718403,0.10401361435651779,0.4266934394836426,0.5791601538658142,-0.1619812399148941,0.10348117351531982,0.6197518110275269,0.676521897315979,0.27798011898994446,0.10999557375907898,0.43191173672676086,0.6792493462562561,0.01437905989587307,0.09658890217542648,0.6111084222793579,0.6941949129104614,0.29695406556129456,0.1399758905172348,0.4412648379802704,0.6987543702125549,0.02475585974752903,0.08851839601993561,0.654697060585022,0.7156434059143066,0.15702402591705322,0.11202210187911987,0.42382076382637024,0.7180154323577881,-0.12345881760120392,0.08938626945018768
264,8.8,0.3852224051952362,0.28257930278778076,-0.205415278673172,0.9928542375564575,0.395538330078125,0.26629993319511414,-0.186481773853302,0.9887884855270386,0.4032377600669861,0.2656252980232239,-0.18698833882808685,0.9873595833778381,0.4103577435016632,0.2654614746570587,-0.18694838881492615,0.9907894134521484,0.3741716146469116,0.26870155334472656,-0.1791733056306839,0.9917193651199341,0.36783236265182495,0.2689220905303955,-0.17972126603126526,0.9924099445343018,0.36208677291870117,0.2688503861427307,-0.17998245358467102,0.9944376945495605,0.42455384135246277,0.26809850335121155,-0.06730005145072937,0.9923409223556519,0.3621847331523895,0.271430104970932,-0.03398214280605316,0.9870251417160034,0.40441134572029114,0.29296645522117615,-0.15496061742305756,0.9851927161216736,0.38018378615379333,0.2949363887310028,-0.14918465912342072,0.9850682616233826,0.5093379616737366,0.3205828070640564,0.0008509584004059434,0.9993800520896912,0.3260592520236969,0.34772878885269165,0.0179092176258564,0.9987742900848389,0.5944783687591553,0.3608468174934387,-0.054662879556417465,0.43856415152549744,0.25126156210899353,0.414701372385025,-0.10396747291088104,0.21985618770122528,0.5411309003829956,0.414320170879364,-0.24814273416996002,0.33494943380355835,0.33132821321487427,0.45128196477890015,-0.3532072603702545,0.18585620820522308,0.5285871028900146,0.42813640832901,-0.30718785524368286,0.37877246737480164,0.3523494303226471,0.4702262878417969,-0.4233684837818146,0.20905956625938416,0.5156211256980896,0.41445809602737427,-0.3207653760910034,0.38686293363571167,0.3842417299747467,0.4585169851779938,-0.43517833948135376,0.21159209311008453,0.5180054306983948,0.41151267290115356,-0.25511226058006287,0.32215529680252075,0.37616395950317383,0.45153799653053284,-0.36592793464660645,0.18216601014137268,0.5409583449363708,0.4817953109741211,0.025696536526083946,0.9992370009422302,0.41220441460609436,0.4884573817253113,-0.026194138452410698,0.999147355556488,0.5863701701164246,0.5803196430206299,-0.030713625252246857,0.09560106694698334,0.41698575019836426,0.5828057527542114,-0.16747020184993744,0.09551471471786499,0.6135709881782532,0.68468177318573,0.19422465562820435,0.10050604492425919,0.43446290493011475,0.6920198202133179,0.014094122685492039,0.08870640397071838,0.606901228427887,0.7011751532554626,0.20555266737937927,0.12766827642917633,0.44450390338897705,0.7091647982597351,0.02630075067281723,0.08098740875720978,0.641709566116333,0.7239472270011902,0.06819276511669159,0.10232958197593689,0.42789149284362793,0.729960560798645,-0.1151544600725174,0.08190982788801193
265,8.833333333333334,0.39320293068885803,0.288327693939209,-0.28025996685028076,0.993431031703949,0.3998973071575165,0.27544862031936646,-0.24887193739414215,0.9894075393676758,0.4065477252006531,0.2752983570098877,-0.2493947148323059,0.9880623817443848,0.4128037691116333,0.2752593755722046,-0.24939490854740143,0.9913488626480103,0.3788745105266571,0.2766749858856201,-0.25457289814949036,0.9921481609344482,0.3712734282016754,0.27731630206108093,-0.2550661563873291,0.9928026795387268,0.36415669322013855,0.2776629626750946,-0.2553081810474396,0.9946856498718262,0.4170410931110382,0.27888017892837524,-0.07729080319404602,0.9927888512611389,0.35511618852615356,0.28403323888778687,-0.10258639603853226,0.9871260523796082,0.4080890715122223,0.29923567175865173,-0.2105986773967743,0.9863271713256836,0.3834722340106964,0.3014557957649231,-0.2215619683265686,0.9861389398574829,0.49080947041511536,0.32358911633491516,0.006490157917141914,0.9994351267814636,0.30997785925865173,0.3603381812572479,-0.048327185213565826,0.9988653659820557,0.5942910313606262,0.370474636554718,-0.11615010350942612,0.4603610336780548,0.25681835412979126,0.4306514263153076,-0.12912987172603607,0.2329144924879074,0.538941502571106,0.4169696867465973,-0.3689500689506531,0.35026106238365173,0.3726365864276886,0.46343550086021423,-0.49293896555900574,0.1821066439151764,0.5266723036766052,0.4299399256706238,-0.3298567533493042,0.39204660058021545,0.4167335629463196,0.4767957627773285,-0.6007853746414185,0.20457930862903595,0.5143623948097229,0.42399710416793823,-0.37985190749168396,0.4002663195133209,0.43165308237075806,0.45581579208374023,-0.5577781200408936,0.20647823810577393,0.5163788795471191,0.4184648096561432,-0.3764762878417969,0.3330576419830322,0.4256190061569214,0.4527663290500641,-0.4744454324245453,0.1762990802526474,0.5304839015007019,0.48985594511032104,0.03265025466680527,0.9992812275886536,0.41116100549697876,0.503757119178772,-0.033107075840234756,0.9991806149482727,0.5876178741455078,0.5830090045928955,-0.06425654143095016,0.09042617678642273,0.4218001067638397,0.595954954624176,-0.2013450413942337,0.08917777985334396,0.6132891178131104,0.6939714550971985,0.1976562887430191,0.09270698577165604,0.4351445436477661,0.7016690969467163,0.021649155765771866,0.08195266872644424,0.6046047806739807,0.7122092247009277,0.21288946270942688,0.11853387951850891,0.44991064071655273,0.7191126346588135,0.03794308379292488,0.07479986548423767,0.6518925428390503,0.7292333841323853,0.06770160049200058,0.09419994056224823,0.4283418357372284,0.7347622513771057,-0.11207595467567444,0.0752120390534401
266,8.866666666666667,0.39726802706718445,0.2920243442058563,-0.42390358448028564,0.9939800500869751,0.4043881595134735,0.2802313268184662,-0.39624202251434326,0.9901938438415527,0.4110652208328247,0.27952876687049866,-0.3968238830566406,0.9889479875564575,0.4171786308288574,0.279104083776474,-0.39678218960762024,0.9920099973678589,0.38294652104377747,0.2824385166168213,-0.407162606716156,0.9927336573600769,0.37498557567596436,0.28310397267341614,-0.40774908661842346,0.993336021900177,0.36740943789482117,0.28360500931739807,-0.4080684185028076,0.9950772523880005,0.4191131293773651,0.2816591262817383,-0.21655967831611633,0.9932873249053955,0.3530944585800171,0.29039427638053894,-0.2626018822193146,0.9878900051116943,0.41315191984176636,0.3014991879463196,-0.34757164120674133,0.9874306321144104,0.3883925676345825,0.3052731156349182,-0.3654305040836334,0.9872298240661621,0.4921056628227234,0.3320123553276062,-0.07912195473909378,0.9994810223579407,0.3205925524234772,0.36684030294418335,-0.17401693761348724,0.9989473819732666,0.5685979723930359,0.40717703104019165,-0.1263868808746338,0.45705446600914,0.2943758964538574,0.4390680193901062,-0.21705923974514008,0.2447333186864853,0.5379592776298523,0.4247632622718811,-0.46355003118515015,0.34666210412979126,0.4181458055973053,0.45772337913513184,-0.5040292143821716,0.18581002950668335,0.5245556831359863,0.4389248490333557,-0.49879783391952515,0.3906067907810211,0.45319846272468567,0.46944159269332886,-0.5873376131057739,0.20888270437717438,0.5127771496772766,0.4251191020011902,-0.5347080826759338,0.3993060290813446,0.4630153179168701,0.4520835280418396,-0.5838860869407654,0.21067240834236145,0.5147852897644043,0.41963186860084534,-0.47609493136405945,0.3315514028072357,0.45283547043800354,0.4475002884864807,-0.5070024728775024,0.17817246913909912,0.5303657054901123,0.49675703048706055,0.030670970678329468,0.9993155598640442,0.414397269487381,0.5120165348052979,-0.0311118196696043,0.9992177486419678,0.5989519357681274,0.5954661965370178,-0.040809791535139084,0.0895189642906189,0.42449951171875,0.6086241602897644,-0.12072530388832092,0.08523523807525635,0.6242056488990784,0.6958742141723633,0.21351532638072968,0.08893291652202606,0.47397199273109436,0.7043248414993286,0.16626499593257904,0.07765549421310425,0.6124228835105896,0.7127056121826172,0.22881679236888885,0.11276427656412125,0.4949095845222473,0.7200348377227783,0.18971678614616394,0.07043284177780151,0.6562533974647522,0.7279840707778931,0.09228159487247467,0.09051376581192017,0.45890435576438904,0.7354501485824585,0.059968408197164536,0.07099340856075287
267,8.9,0.3908279836177826,0.3053935766220093,-0.2613827884197235,0.9944970607757568,0.39175403118133545,0.2910286784172058,-0.243143230676651,0.9909263849258423,0.3979557752609253,0.2878669202327728,-0.2435901015996933,0.9897604584693909,0.4033391773700714,0.2865675985813141,-0.24346764385700226,0.992621123790741,0.37054169178009033,0.2963823676109314,-0.23924505710601807,0.9932857155799866,0.36226996779441833,0.29749301075935364,-0.23985280096530914,0.9938449263572693,0.354250967502594,0.29845696687698364,-0.24015527963638306,0.9954569339752197,0.4098300635814667,0.28910380601882935,-0.11452666670084,0.9937186241149902,0.3459640145301819,0.3045991063117981,-0.0933520719408989,0.988593339920044,0.4074702858924866,0.31094998121261597,-0.204266756772995,0.9884409308433533,0.3847225606441498,0.31814393401145935,-0.2018367499113083,0.98818439245224,0.4980611205101013,0.3420766592025757,-0.00916981976479292,0.9995257258415222,0.33481720089912415,0.37318700551986694,-0.04327017813920975,0.9990374445915222,0.5660654902458191,0.42758607864379883,-0.07591313868761063,0.45877641439437866,0.32702428102493286,0.4392182230949402,-0.1456998735666275,0.2519904375076294,0.5288200974464417,0.4411719739437103,-0.3099501430988312,0.3484967350959778,0.43562909960746765,0.45889806747436523,-0.39995476603507996,0.19005553424358368,0.5079061985015869,0.466254323720932,-0.36833593249320984,0.3920357823371887,0.46594300866127014,0.4720304608345032,-0.47758567333221436,0.213233083486557,0.49429449439048767,0.4488413333892822,-0.38310691714286804,0.4008254110813141,0.47266510128974915,0.4517127573490143,-0.47668254375457764,0.21441607177257538,0.4993119239807129,0.4431266188621521,-0.3169722855091095,0.3309738337993622,0.468539297580719,0.4509837031364441,-0.4059988260269165,0.18024684488773346,0.5353187918663025,0.5059483647346497,0.022867530584335327,0.9993427395820618,0.4158417582511902,0.5193957686424255,-0.023280324414372444,0.9992470741271973,0.6023358106613159,0.604823648929596,-0.15606114268302917,0.08407262712717056,0.4248693287372589,0.6104251146316528,-0.14305391907691956,0.07877476513385773,0.6282374858856201,0.7269672155380249,-0.011283698491752148,0.08225077390670776,0.47203880548477173,0.7192720174789429,0.13470369577407837,0.07115143537521362,0.6192205548286438,0.7470728158950806,-0.007162243127822876,0.10425776988267899,0.48618289828300476,0.737316370010376,0.17293472588062286,0.0645531490445137,0.6512960195541382,0.7586475014686584,-0.16648496687412262,0.08399774134159088,0.4488694965839386,0.7506491541862488,-0.002733495319262147,0.06522718816995621
268,8.933333333333334,0.37982356548309326,0.31663137674331665,-0.4458604156970978,0.9949737787246704,0.3831626772880554,0.3020365238189697,-0.4284904897212982,0.9916306734085083,0.38986092805862427,0.2999145984649658,-0.4290398359298706,0.9905465245246887,0.39674079418182373,0.2982011139392853,-0.4289652109146118,0.99321049451828,0.3604169487953186,0.3072299361228943,-0.42688417434692383,0.9938035607337952,0.352187842130661,0.30865538120269775,-0.42751801013946533,0.9943042397499084,0.34472769498825073,0.3098255693912506,-0.4278120696544647,0.9957873821258545,0.4039149880409241,0.2984065115451813,-0.266482412815094,0.994128942489624,0.339128315448761,0.3157665431499481,-0.2539399564266205,0.9891010522842407,0.3956953287124634,0.32278189063072205,-0.37326744198799133,0.9892155528068542,0.37321481108665466,0.32897692918777466,-0.37358465790748596,0.988854169845581,0.5042447447776794,0.3508017957210541,-0.1334478259086609,0.9995645880699158,0.332370787858963,0.38782650232315063,-0.13954652845859528,0.9990952610969543,0.540060818195343,0.4279153347015381,-0.2506628632545471,0.4295450747013092,0.32491976022720337,0.45763713121414185,-0.15945185720920563,0.23378343880176544,0.5150034427642822,0.43996143341064453,-0.5510365962982178,0.3247672915458679,0.41606783866882324,0.4645875096321106,-0.4597478210926056,0.17438384890556335,0.497358113527298,0.4618247449398041,-0.6270657181739807,0.36878523230552673,0.4425100088119507,0.47430849075317383,-0.5333120822906494,0.1971156746149063,0.48733392357826233,0.44410839676856995,-0.6415087580680847,0.3776581585407257,0.44857606291770935,0.4555718004703522,-0.5427350997924805,0.1982807070016861,0.49108797311782837,0.44082051515579224,-0.5613009929656982,0.3102436065673828,0.44411107897758484,0.45194703340530396,-0.4696936011314392,0.16637074947357178,0.536415696144104,0.5151087641716003,0.012989294715225697,0.9993718862533569,0.41640812158584595,0.5277603268623352,-0.01346549205482006,0.9992688298225403,0.6032944321632385,0.6212142705917358,-0.20396432280540466,0.07755042612552643,0.4131944477558136,0.6149148941040039,-0.1440865695476532,0.07184934616088867,0.6303057074546814,0.7480453848838806,-0.0880126878619194,0.0762731209397316,0.4338579475879669,0.7351143956184387,0.06526859849691391,0.065190888941288,0.6225568652153015,0.7693580389022827,-0.08794704079627991,0.0968455821275711,0.4508194327354431,0.7553279399871826,0.0850747674703598,0.05927819013595581,0.6569237112998962,0.7801780700683594,-0.25581619143486023,0.07861904799938202,0.4041798412799835,0.7693408131599426,-0.04602297022938728,0.06003279983997345
272,9.066666666666666,0.31575390696525574,0.29568326473236084,0.274235337972641,0.9952669143676758,0.31534329056739807,0.2851806581020355,0.21362686157226562,0.9922801852226257,0.31540098786354065,0.28543853759765625,0.21332399547100067,0.9912362098693848,0.31515470147132874,0.28591835498809814,0.21337318420410156,0.993732750415802,0.32069191336631775,0.2819465100765228,0.25202861428260803,0.9942687153816223,0.3237580955028534,0.2800741195678711,0.251397043466568,0.9947057366371155,0.32773056626319885,0.2780764698982239,0.2512418031692505,0.9961186647415161,0.33002719283103943,0.2861658036708832,-0.004636023659259081,0.9945781826972961,0.35292869806289673,0.27730679512023926,0.16926972568035126,0.9899975061416626,0.32436513900756836,0.30625826120376587,0.20992933213710785,0.98978191614151,0.32922959327697754,0.30317506194114685,0.2563425302505493,0.9893593192100525,0.3507484495639801,0.35502517223358154,-0.11265693604946136,0.9995894432067871,0.49727246165275574,0.32064107060432434,0.19231931865215302,0.9991664886474609,0.291090726852417,0.425173819065094,-0.06433244049549103,0.40107786655426025,0.5276361107826233,0.3769320249557495,0.40765178203582764,0.21065467596054077,0.2513348460197449,0.4181080758571625,0.20240631699562073,0.295470267534256,0.4691627621650696,0.3779824674129486,0.666862428188324,0.15807005763053894,0.23339669406414032,0.40487247705459595,0.23125724494457245,0.3360377848148346,0.4603182375431061,0.3743468225002289,0.7174814939498901,0.1794365793466568,0.24010927975177765,0.3973386287689209,0.23794029653072357,0.3440309762954712,0.44057130813598633,0.37634241580963135,0.6937769055366516,0.18052121996879578,0.255892813205719,0.4025060534477234,0.21613021194934845,0.2822430729866028,0.4392370581626892,0.37931907176971436,0.6606946587562561,0.15141145884990692,0.44055113196372986,0.5071540474891663,-0.08750853687524796,0.9993762969970703,0.5406633019447327,0.4911535680294037,0.08679631352424622,0.9993005394935608,0.3991377651691437,0.6111509203910828,0.03576982021331787,0.07017958909273148,0.5945936441421509,0.5827040076255798,0.19645921885967255,0.06481955945491791,0.4840356707572937,0.7130322456359863,-0.06681222468614578,0.06907448172569275,0.6622118353843689,0.6706332564353943,-0.00429538544267416,0.05895719677209854,0.5179078578948975,0.7267578840255737,-0.07644357532262802,0.09013788402080536,0.6687077283859253,0.6896483898162842,-0.0219870638102293,0.05514362081885338,0.4464452564716339,0.7358436584472656,-0.06584586948156357,0.07119634747505188,0.6689221858978271,0.6823636293411255,-0.010759610682725906,0.054324641823768616
273,9.1,0.31389811635017395,0.2949107885360718,0.1997753530740738,0.9951612949371338,0.30936506390571594,0.28517353534698486,0.13570661842823029,0.9926264882087708,0.30923235416412354,0.2854412794113159,0.1353086680173874,0.9916435480117798,0.3089376986026764,0.2859552502632141,0.1354062259197235,0.9940763711929321,0.3140239119529724,0.2819477319717407,0.1704471856355667,0.9944706559181213,0.3168361186981201,0.2800997495651245,0.16982442140579224,0.9948471188545227,0.3197516202926636,0.27817514538764954,0.16965141892433167,0.99625563621521,0.32585853338241577,0.28666067123413086,-0.07932984083890915,0.9948592185974121,0.3424399793148041,0.2773433327674866,0.07694835215806961,0.9904215335845947,0.32401397824287415,0.3048953413963318,0.13780996203422546,0.9899621605873108,0.3288954198360443,0.30145734548568726,0.17953360080718994,0.9892295598983765,0.3491019308567047,0.3537694811820984,-0.15671834349632263,0.9995983242988586,0.49543142318725586,0.31592950224876404,0.10913193225860596,0.9991719722747803,0.28343111276626587,0.41890448331832886,-0.06466007232666016,0.38856324553489685,0.5342734456062317,0.375683456659317,0.30356141924858093,0.18978038430213928,0.25061705708503723,0.4015202522277832,0.19371700286865234,0.27495500445365906,0.4678315818309784,0.37661847472190857,0.5089179277420044,0.1427941769361496,0.23062846064567566,0.40176764130592346,0.21557305753231049,0.31495264172554016,0.4572913348674774,0.37341079115867615,0.5427166819572449,0.16269129514694214,0.23883172869682312,0.3930811285972595,0.21227845549583435,0.32232943177223206,0.43578246235847473,0.3753212094306946,0.5078963041305542,0.16370238363742828,0.2525677978992462,0.3924453854560852,0.20294591784477234,0.26393601298332214,0.4354337155818939,0.3781183362007141,0.49711355566978455,0.13742487132549286,0.43634477257728577,0.505886435508728,-0.07474081963300705,0.999399721622467,0.5410460233688354,0.4883902072906494,0.07409771531820297,0.9993351697921753,0.34173712134361267,0.5953221321105957,0.19211342930793762,0.06723061949014664,0.6198855638504028,0.5190298557281494,0.20061717927455902,0.06001567468047142,0.3449760973453522,0.6721731424331665,0.1692127138376236,0.0724506750702858,0.7307413816452026,0.6379149556159973,0.12332555651664734,0.057338327169418335,0.3679485023021698,0.6847016215324402,0.1687055379152298,0.11030525714159012,0.7413219213485718,0.6551195383071899,0.12062762677669525,0.0632273480296135,0.2774503827095032,0.6838295459747314,0.21011357009410858,0.06963925808668137,0.7543575763702393,0.6516916155815125,0.16037490963935852,0.051301755011081696
274,9.133333333333333,0.31978389620780945,0.2943614721298218,0.219432070851326,0.9953657388687134,0.3151495158672333,0.2861831486225128,0.1588449627161026,0.9931319952011108,0.3144221901893616,0.2871933579444885,0.15850257873535156,0.9921932220458984,0.3130097985267639,0.28877928853034973,0.15861637890338898,0.9944761991500854,0.3202360272407532,0.2822313904762268,0.1930101215839386,0.9948753714561462,0.3241986334323883,0.28029000759124756,0.19237206876277924,0.9952110648155212,0.32675430178642273,0.27840134501457214,0.1922125220298767,0.9965430498123169,0.32713550329208374,0.28752321004867554,-0.054208554327487946,0.9951894283294678,0.3679984211921692,0.2787448465824127,0.10272533446550369,0.9912295937538147,0.33183181285858154,0.3048936724662781,0.1583486795425415,0.9904254078865051,0.3385741114616394,0.3010546565055847,0.19963277876377106,0.9898102879524231,0.3491172194480896,0.3550409972667694,-0.1569434106349945,0.9995708465576172,0.4930209219455719,0.31491565704345703,0.13843311369419098,0.999137282371521,0.2702138423919678,0.4154697358608246,-0.07152275741100311,0.3704071640968323,0.5253923535346985,0.36686065793037415,0.3055347800254822,0.17119690775871277,0.2690752148628235,0.37955933809280396,0.1811540424823761,0.25419721007347107,0.446142315864563,0.3614899218082428,0.48846298456192017,0.13038839399814606,0.2608194649219513,0.3756961226463318,0.19797848165035248,0.29388561844825745,0.4302976727485657,0.3572702407836914,0.5206944942474365,0.15012843906879425,0.27519917488098145,0.36953604221343994,0.18151618540287018,0.30124756693840027,0.4131552278995514,0.360660195350647,0.4942600131034851,0.15109902620315552,0.28792014718055725,0.3682602345943451,0.18259398639202118,0.2472788542509079,0.4143615663051605,0.3640922009944916,0.4786132276058197,0.12710897624492645,0.44202250242233276,0.5069712996482849,-0.11398760229349136,0.999383807182312,0.5501737594604492,0.4884384572505951,0.11322729289531708,0.9993119239807129,0.3588290810585022,0.6084713339805603,-0.03513887897133827,0.09130028635263443,0.6162795424461365,0.5226160883903503,0.413228303194046,0.054430220276117325,0.4034726321697235,0.7547706365585327,-0.19251486659049988,0.1201583594083786,0.7221783399581909,0.6222034692764282,0.4300072491168976,0.05309515446424484,0.4689341187477112,0.7789717316627502,-0.21002906560897827,0.16679856181144714,0.7363857626914978,0.6374796032905579,0.4338144063949585,0.06557267159223557,0.3544669449329376,0.777316689491272,-0.2702689468860626,0.09491822123527527,0.727091372013092,0.6309031844139099,0.4793376922607422,0.04753774404525757
279,9.3,0.40870121121406555,0.29625213146209717,0.33613941073417664,0.9956784248352051,0.41685226559638977,0.289354145526886,0.3616504967212677,0.993711531162262,0.42209628224372864,0.28830280900001526,0.3614850640296936,0.9928426742553711,0.42724400758743286,0.28756090998649597,0.3616618812084198,0.9949332475662231,0.4031103253364563,0.292141318321228,0.3776732087135315,0.9953200817108154,0.3991689085960388,0.29348546266555786,0.37727609276771545,0.9956156015396118,0.39517202973365784,0.2945726215839386,0.3770960867404938,0.9968336224555969,0.44756263494491577,0.2923830449581146,0.4340946674346924,0.9955415725708008,0.40244466066360474,0.30044370889663696,0.5081325769424438,0.991949200630188,0.426352322101593,0.3037375211715698,0.36376383900642395,0.990958571434021,0.4116394519805908,0.30803215503692627,0.3822779655456543,0.9901872873306274,0.48952892422676086,0.3280697166919708,0.3712144196033478,0.9995325207710266,0.41707804799079895,0.3231504559516907,0.44586119055747986,0.9990850687026978,0.49975356459617615,0.3044418692588806,0.15524952113628387,0.34206512570381165,0.49525731801986694,0.28918641805648804,0.3631611168384552,0.16342927515506744,0.5573630928993225,0.24818089604377747,-0.0028050534892827272,0.2725636959075928,0.5766092538833618,0.242102712392807,0.2924833297729492,0.17822085320949554,0.559874415397644,0.23938891291618347,-0.03349725157022476,0.32251983880996704,0.5839313864707947,0.24100875854492188,0.25761517882347107,0.20024174451828003,0.5672615766525269,0.23464322090148926,-0.02897718921303749,0.32935959100723267,0.5906904339790344,0.22887775301933289,0.2811978757381439,0.19797411561012268,0.5613627433776855,0.2418331801891327,-0.003290361724793911,0.2715536952018738,0.5837261080741882,0.24291005730628967,0.2941379249095917,0.17111319303512573,0.43165138363838196,0.4206203818321228,-0.023496685549616814,0.9994304776191711,0.37025895714759827,0.4055294096469879,0.022952090948820114,0.9993676543235779,0.41548725962638855,0.488729864358902,-0.4253960847854614,0.15966732800006866,0.25004053115844727,0.41458114981651306,-0.4614795744419098,0.12927371263504028,0.33332669734954834,0.5853062272071838,-0.5583283305168152,0.18867529928684235,0.36286240816116333,0.499347448348999,-0.5172408819198608,0.07605061680078506,0.32131293416023254,0.599645733833313,-0.5758781433105469,0.22534656524658203,0.3920876681804657,0.5134790539741516,-0.5210596919059753,0.10425956547260284,0.2917780578136444,0.6070389747619629,-0.7972452044487,0.15798954665660858,0.3623519539833069,0.523506224155426,-0.678440511226654,0.0816667303442955
283,9.433333333333334,0.34640172123908997,0.2791886031627655,-0.9661239385604858,0.9961061477661133,0.371081680059433,0.26658526062965393,-0.9701414108276367,0.9943368434906006,0.38286975026130676,0.2678205668926239,-0.9706818461418152,0.993553876876831,0.39337849617004395,0.26905354857444763,-0.9704853296279907,0.9954370856285095,0.3547388017177582,0.2641913890838623,-0.9449523687362671,0.9957845211029053,0.35194987058639526,0.2631296217441559,-0.9454820156097412,0.9960494041442871,0.3495693802833557,0.2618047297000885,-0.9459390640258789,0.997146487236023,0.4384446144104004,0.2798267900943756,-0.847998321056366,0.9959853887557983,0.3705410361289978,0.26321202516555786,-0.7318528294563293,0.9927433729171753,0.3672967553138733,0.29785364866256714,-0.903742790222168,0.9918540716171265,0.3492685556411743,0.2937443256378174,-0.8731474876403809,0.9911437630653381,0.5258485078811646,0.362966924905777,-0.638970673084259,0.9995750784873962,0.363959938287735,0.3075404167175293,-0.4934097230434418,0.9991263151168823,0.6151962280273438,0.4391893446445465,-0.5505744814872742,0.40451300144195557,0.28571659326553345,0.3526499271392822,-0.41176465153694153,0.15962669253349304,0.45043402910232544,0.44627323746681213,-0.5704549551010132,0.3395797610282898,0.19852516055107117,0.3519419729709625,-0.5279346704483032,0.19592684507369995,0.40640348196029663,0.4457817077636719,-0.6082095503807068,0.3802817165851593,0.1820494383573532,0.3452000916004181,-0.5864209532737732,0.21685336530208588,0.39657384157180786,0.4316222071647644,-0.6342685222625732,0.38685810565948486,0.18325425684452057,0.34576210379600525,-0.6187111735343933,0.21511493623256683,0.4100502133369446,0.4320302903652191,-0.5759618878364563,0.32934001088142395,0.19137467443943024,0.34314286708831787,-0.5474555492401123,0.18579332530498505,0.4158778786659241,0.4634915292263031,-0.04340017959475517,0.9992265105247498,0.32722869515419006,0.4351499676704407,0.04325457289814949,0.9988654255867004,0.3731209337711334,0.5543694496154785,0.16175273060798645,0.15182621777057648,0.21602891385555267,0.4623573422431946,0.152091845870018,0.11896181851625443,0.33959293365478516,0.620433509349823,0.5773468017578125,0.17428408563137054,0.23811855912208557,0.5152601003646851,0.7648885250091553,0.06882151961326599,0.34333083033561707,0.6342645883560181,0.6130675077438354,0.20682229101657867,0.25487974286079407,0.5272659063339233,0.8294163942337036,0.0950065553188324,0.2769775092601776,0.6325821876525879,0.47893115878105164,0.1479598879814148,0.1842048615217209,0.5281139612197876,0.7970074415206909,0.07422598451375961
284,9.466666666666667,0.36091265082359314,0.2733548879623413,-0.8125006556510925,0.9964943528175354,0.38578975200653076,0.26159873604774475,-0.8163243532180786,0.9949007630348206,0.39550328254699707,0.26190680265426636,-0.8168639540672302,0.9941949248313904,0.40506240725517273,0.26249125599861145,-0.8167874813079834,0.9958911538124084,0.36624038219451904,0.25717687606811523,-0.7876778244972229,0.9962047934532166,0.3648245930671692,0.2569279074668884,-0.788311779499054,0.9964430332183838,0.36301520466804504,0.256318062543869,-0.7887689471244812,0.9974308609962463,0.4439471364021301,0.2699219584465027,-0.7129536867141724,0.9963856339454651,0.37828245759010315,0.2600397765636444,-0.58042973279953,0.9934666752815247,0.3837413787841797,0.2937130331993103,-0.7600153684616089,0.9926672577857971,0.36680471897125244,0.2899549603462219,-0.724944531917572,0.9920275807380676,0.531009316444397,0.3629544973373413,-0.5209846496582031,0.9996159672737122,0.36159855127334595,0.30753093957901,-0.37741953134536743,0.9992119669914246,0.6414054036140442,0.43288809061050415,-0.33327239751815796,0.4494362771511078,0.26908352971076965,0.3451693654060364,-0.375546932220459,0.18346744775772095,0.5229529738426208,0.44810524582862854,-0.18733632564544678,0.36600345373153687,0.17871777713298798,0.3481298089027405,-0.5760094523429871,0.2635728716850281,0.49946925044059753,0.45382237434387207,-0.18936961889266968,0.3964351415634155,0.15264825522899628,0.3464992046356201,-0.6393194198608398,0.2820645570755005,0.4874473214149475,0.4438909888267517,-0.23049616813659668,0.4050480127334595,0.15231762826442719,0.3517787456512451,-0.6761500239372253,0.28137391805648804,0.4995049834251404,0.43978530168533325,-0.1951064169406891,0.34731101989746094,0.17057384550571442,0.3556171655654907,-0.6002334356307983,0.25211256742477417,0.42072439193725586,0.4841684401035309,-0.051260530948638916,0.9992733001708984,0.3303576409816742,0.4636361598968506,0.05104798078536987,0.9989567399024963,0.41461965441703796,0.6210591197013855,0.06717237085103989,0.14426690340042114,0.2832523286342621,0.5940713286399841,0.13237422704696655,0.1089412122964859,0.40759310126304626,0.7234913110733032,0.2899307608604431,0.17134656012058258,0.2807575464248657,0.7034143209457397,0.3978506326675415,0.06702626496553421,0.41059955954551697,0.7429169416427612,0.29747751355171204,0.20002327859401703,0.29554885625839233,0.7269884347915649,0.41609951853752136,0.09379451721906662,0.37573274970054626,0.7502676248550415,0.09745502471923828,0.15606138110160828,0.21402764320373535,0.7207667827606201,0.257400780916214,0.07746328413486481
285,9.5,0.374603271484375,0.27538400888442993,-0.4750979542732239,0.9968119263648987,0.39221736788749695,0.261668860912323,-0.4871714413166046,0.9953299760818481,0.40049174427986145,0.2622652053833008,-0.48760953545570374,0.9946784377098083,0.411115437746048,0.26289644837379456,-0.48749127984046936,0.9962158799171448,0.37559038400650024,0.2595907747745514,-0.4437750577926636,0.9965460300445557,0.3737891614437103,0.25959914922714233,-0.4444103240966797,0.9967682957649231,0.37170669436454773,0.25939878821372986,-0.4447711110115051,0.9976648092269897,0.44947153329849243,0.2708491086959839,-0.4250066578388214,0.9967102408409119,0.38813236355781555,0.2637999653816223,-0.22065633535385132,0.9940879344940186,0.3935301899909973,0.29400119185447693,-0.43705981969833374,0.9933289289474487,0.37775489687919617,0.29142963886260986,-0.38165631890296936,0.9927473068237305,0.5330728888511658,0.35666507482528687,-0.3246343731880188,0.9996084570884705,0.3697359263896942,0.3234977126121521,-0.03506871312856674,0.9992651343345642,0.638866662979126,0.4082086682319641,-0.4216904938220978,0.46709954738616943,0.2869647443294525,0.3656947910785675,0.009785180911421776,0.2023143619298935,0.6096218824386597,0.4192458987236023,-0.5476750731468201,0.35184958577156067,0.1809791773557663,0.35506731271743774,-0.16276156902313232,0.3199783265590668,0.6036959290504456,0.4235711991786957,-0.5993044972419739,0.38226887583732605,0.1517380028963089,0.35081130266189575,-0.19879713654518127,0.3393445312976837,0.6036935448646545,0.4135105609893799,-0.6251475214958191,0.39231076836586,0.14581623673439026,0.3513786196708679,-0.2529173791408539,0.3403024673461914,0.6055106520652771,0.4130803942680359,-0.5629667639732361,0.3360861539840698,0.16307613253593445,0.3554442822933197,-0.19351784884929657,0.3123515546321869,0.4250450134277344,0.5122712254524231,-0.09264352917671204,0.999311089515686,0.3600626587867737,0.4998844265937805,0.09222926199436188,0.9990382194519043,0.4036863446235657,0.648003339767456,-0.1971251666545868,0.20314286649227142,0.3153493106365204,0.6169596910476685,0.13192762434482574,0.12891505658626556,0.3857063353061676,0.7608133554458618,-0.0031416905112564564,0.2334001362323761,0.3059403598308563,0.7333959937095642,0.3515819311141968,0.11237310618162155,0.3883460462093353,0.778871476650238,0.0031860775779932737,0.2457793951034546,0.3215025067329407,0.7570834755897522,0.3651219308376312,0.13759258389472961,0.3468954861164093,0.7910497784614563,-0.20104025304317474,0.22331340610980988,0.23665262758731842,0.7530944347381592,0.21695783734321594,0.13345737755298615
286,9.533333333333333,0.4284853935241699,0.27466946840286255,-0.2863626182079315,0.9971296191215515,0.4525914192199707,0.2606036365032196,-0.2669917643070221,0.9957940578460693,0.4610186815261841,0.261626660823822,-0.2674623727798462,0.9952077865600586,0.4716593027114868,0.26259705424308777,-0.2673853039741516,0.9965918064117432,0.42564302682876587,0.25723299384117126,-0.24683697521686554,0.9968896508216858,0.41660428047180176,0.2565147280693054,-0.24745719134807587,0.9970900416374207,0.41052162647247314,0.2559136748313904,-0.24766118824481964,0.9978967905044556,0.49063563346862793,0.27115029096603394,-0.12263074517250061,0.9970374703407288,0.4063188433647156,0.26149988174438477,-0.02842581272125244,0.9946744441986084,0.4376523792743683,0.2918087840080261,-0.2250722199678421,0.9939893484115601,0.4109048545360565,0.2894679605960846,-0.20157603919506073,0.9934641718864441,0.5302056670188904,0.35409802198410034,-0.0412563681602478,0.999641478061676,0.3706414997577667,0.321316659450531,0.09297719597816467,0.9993290901184082,0.6079538464546204,0.4106070399284363,-0.09747682511806488,0.5102752447128296,0.286758691072464,0.3630601763725281,0.03899383172392845,0.2544516921043396,0.6532623767852783,0.42586231231689453,-0.2632530629634857,0.39887750148773193,0.17843890190124512,0.33906492590904236,-0.22848699986934662,0.3769514858722687,0.6742006540298462,0.4292420446872711,-0.30505865812301636,0.42474618554115295,0.1526966094970703,0.33820250630378723,-0.2761172652244568,0.3952617943286896,0.7006186842918396,0.4150800108909607,-0.34896135330200195,0.4364696145057678,0.14769518375396729,0.33852216601371765,-0.3327585756778717,0.397708535194397,0.6696835160255432,0.41759729385375977,-0.28627708554267883,0.38509467244148254,0.16151714324951172,0.3411721885204315,-0.26368939876556396,0.3731222152709961,0.4284859597682953,0.5068336725234985,-0.05321933329105377,0.9993712306022644,0.35333117842674255,0.4928087294101715,0.05267425253987312,0.9991264343261719,0.4023403525352478,0.6410913467407227,-0.08447930961847305,0.254948228597641,0.3630935251712799,0.6244462132453918,0.004646981600672007,0.17921167612075806,0.30867084860801697,0.7481940984725952,0.057207997888326645,0.28752171993255615,0.36786824464797974,0.758994996547699,0.12755447626113892,0.1813841462135315,0.288110613822937,0.7641769051551819,0.057237282395362854,0.29199057817459106,0.37636759877204895,0.7824445962905884,0.13164122402668,0.19447626173496246,0.3081079423427582,0.780561089515686,-0.14129938185214996,0.28530433773994446,0.3571343421936035,0.7722870111465454,-0.053341563791036606,0.20462405681610107
287,9.566666666666666,0.4499850869178772,0.2637168765068054,-0.27443647384643555,0.9974135160446167,0.46261945366859436,0.2543686032295227,-0.2634674906730652,0.9962034821510315,0.4761585295200348,0.25426119565963745,-0.2640630304813385,0.9956772923469543,0.48354488611221313,0.2551212012767792,-0.2641012966632843,0.9969246983528137,0.44029006361961365,0.2513881027698517,-0.24684768915176392,0.9971928596496582,0.43502378463745117,0.2508702874183655,-0.2474522888660431,0.9973748922348022,0.43044915795326233,0.2503387928009033,-0.247683584690094,0.9981001019477844,0.4992735683917999,0.2639380395412445,-0.16680015623569489,0.9973302483558655,0.4251021146774292,0.2581912875175476,-0.089750736951828,0.9951909184455872,0.4547705054283142,0.2811972200870514,-0.2314365804195404,0.9945811629295349,0.43321239948272705,0.2786065340042114,-0.21296808123588562,0.9941037893295288,0.5321801900863647,0.351711630821228,-0.09792491793632507,0.999675989151001,0.36911866068840027,0.31949007511138916,0.01318947970867157,0.9993877410888672,0.6278932690620422,0.4019962251186371,-0.02454882487654686,0.5568222999572754,0.2801985740661621,0.3663916289806366,-0.05904068797826767,0.30554327368736267,0.7457469701766968,0.4293510913848877,-0.02270708791911602,0.45515015721321106,0.16937687993049622,0.3351691961288452,-0.30081912875175476,0.42587175965309143,0.7824707627296448,0.4310848116874695,-0.024835996329784393,0.47533267736434937,0.14076517522335052,0.33196088671684265,-0.34348756074905396,0.4418596029281616,0.7839791178703308,0.4332445561885834,-0.08442755043506622,0.486889123916626,0.14368367195129395,0.32666653394699097,-0.393263578414917,0.4458228647708893,0.7671675682067871,0.43297725915908813,-0.04684397950768471,0.4404934346675873,0.15046027302742004,0.32935354113578796,-0.3338142931461334,0.4242071509361267,0.43529409170150757,0.5171257257461548,-0.030436962842941284,0.9994321465492249,0.3500320315361023,0.4996839463710785,0.030023641884326935,0.9992106556892395,0.4145088195800781,0.6533916592597961,-0.04001191630959511,0.3091069459915161,0.3122987449169159,0.6301047205924988,-0.04340553656220436,0.23484981060028076,0.3554915189743042,0.7616333365440369,0.2553321421146393,0.3287084698677063,0.3490739166736603,0.753547728061676,0.13782241940498352,0.24213585257530212,0.3185998499393463,0.7773919105529785,0.2731160819530487,0.31460702419281006,0.3266282081604004,0.7765980958938599,0.14764641225337982,0.22781965136528015,0.3836916983127594,0.8013866543769836,0.11145319044589996,0.3311918079853058,0.2830824553966522,0.7911179661750793,-0.025643285363912582,0.2642045319080353
288,9.6,0.4741249978542328,0.2665923237800598,-0.4320899546146393,0.9976720809936523,0.4878031015396118,0.2552013397216797,-0.40061154961586,0.9965828657150269,0.4979826509952545,0.2547740340232849,-0.40125778317451477,0.9961093664169312,0.5057381987571716,0.25534218549728394,-0.4012972414493561,0.9972320199012756,0.4576277434825897,0.25156885385513306,-0.39707276225090027,0.9974733591079712,0.4477892220020294,0.25180783867836,-0.39766359329223633,0.9976372122764587,0.4385852515697479,0.2519991993904114,-0.3979005217552185,0.9982897639274597,0.5118246078491211,0.26458507776260376,-0.21970155835151672,0.9975970983505249,0.4272373914718628,0.26137489080429077,-0.2036174088716507,0.9956708550453186,0.4804536700248718,0.28336280584335327,-0.35998833179473877,0.9951223731040955,0.4514966607093811,0.282326340675354,-0.35866719484329224,0.9946920871734619,0.538542628288269,0.356521338224411,-0.11132312566041946,0.9997078776359558,0.3656359910964966,0.3283718228340149,-0.06960301101207733,0.9994409084320068,0.6546504497528076,0.40861648321151733,0.013557101599872112,0.6004009246826172,0.25609225034713745,0.3694550395011902,-0.11944637447595596,0.36076053977012634,0.786753237247467,0.42983031272888184,0.06221452355384827,0.5090168714523315,0.14337162673473358,0.33735179901123047,-0.3108784556388855,0.47287461161613464,0.827473521232605,0.4330678880214691,0.07379013299942017,0.5263405442237854,0.12119729816913605,0.32779067754745483,-0.34254884719848633,0.4847952127456665,0.8320703506469727,0.43770450353622437,0.01031353697180748,0.5370336174964905,0.12119393795728683,0.323292076587677,-0.3918982744216919,0.49018627405166626,0.8165228962898254,0.4384826719760895,0.03750178962945938,0.4952223300933838,0.12902778387069702,0.32782846689224243,-0.3422360122203827,0.4716695249080658,0.44779327511787415,0.5265076756477356,-0.012335003353655338,0.9994839429855347,0.34798574447631836,0.5127853751182556,0.011907598935067654,0.9992784261703491,0.4232158362865448,0.6533147096633911,-0.05870162695646286,0.3516905903816223,0.2977411150932312,0.6353767514228821,-0.07283102720975876,0.2698146402835846,0.35784628987312317,0.7645342946052551,0.18580074608325958,0.3640325367450714,0.3172149360179901,0.751891016960144,0.16722147166728973,0.28469008207321167,0.3266913592815399,0.7753387689590454,0.19849245250225067,0.34290260076522827,0.30348846316337585,0.765889048576355,0.18323257565498352,0.2535146474838257,0.3935522735118866,0.8125569224357605,0.041427794843912125,0.3732165992259979,0.2603776752948761,0.7981917858123779,0.027770204469561577,0.30609017610549927
289,9.633333333333333,0.4991130530834198,0.2764574885368347,-0.3582284152507782,0.9979047179222107,0.5111532211303711,0.2638624310493469,-0.320506751537323,0.9969239830970764,0.5187060236930847,0.26503869891166687,-0.32117965817451477,0.9964978694915771,0.5247280597686768,0.26645660400390625,-0.3212037682533264,0.9975084066390991,0.48252347111701965,0.25917723774909973,-0.33030784130096436,0.9977254867553711,0.47236141562461853,0.2589810788631439,-0.33085134625434875,0.9978730082511902,0.4621768593788147,0.25874269008636475,-0.3310113549232483,0.998460054397583,0.5218421220779419,0.27330482006073,-0.1342640370130539,0.9978370070457458,0.4475879669189453,0.2684013247489929,-0.17837995290756226,0.9961006045341492,0.49864718317985535,0.29472479224205017,-0.28573188185691833,0.9956081509590149,0.46616092324256897,0.2926627993583679,-0.3022448420524597,0.9952192306518555,0.5460687875747681,0.36213046312332153,-0.04061989486217499,0.9997365474700928,0.3641960024833679,0.3335683345794678,-0.09276077151298523,0.9994841814041138,0.6618436574935913,0.4120017886161804,0.057882510125637054,0.6388199925422668,0.24380618333816528,0.3721463978290558,-0.16567391157150269,0.409462034702301,0.7931379675865173,0.4313478469848633,0.06443074345588684,0.5575264096260071,0.1308223009109497,0.3386871814727783,-0.3716976046562195,0.5114601254463196,0.8400920629501343,0.4345051348209381,0.07480718195438385,0.5724676251411438,0.10749364644289017,0.32949963212013245,-0.362793892621994,0.5193005800247192,0.8437632322311401,0.4378298223018646,0.013221433386206627,0.5823642611503601,0.10802372545003891,0.3245030343532562,-0.43581390380859375,0.5267360210418701,0.8240315914154053,0.4387319087982178,0.0387696847319603,0.5446901917457581,0.11544426530599594,0.32922250032424927,-0.4091877341270447,0.5116326212882996,0.4581248462200165,0.5258737802505493,0.02419830672442913,0.9995239973068237,0.3467486500740051,0.5079296827316284,-0.024743273854255676,0.9993187785148621,0.460276335477829,0.6497818231582642,-0.02214396372437477,0.34252938628196716,0.29589301347732544,0.6144686937332153,-0.182133287191391,0.2671773135662079,0.367994099855423,0.7602466940879822,0.11868035793304443,0.36147424578666687,0.22655893862247467,0.7369694113731384,0.02477635256946087,0.2845911383628845,0.3326306939125061,0.777833878993988,0.11919039487838745,0.3425751030445099,0.22182072699069977,0.7544481754302979,0.038676667958498,0.24685469269752502,0.4132128059864044,0.8072201609611511,-0.02325497940182686,0.3804985582828522,0.18652242422103882,0.7802960872650146,-0.09121114015579224,0.3069617748260498
290,9.666666666666666,0.5201988220214844,0.29806452989578247,-0.2817271649837494,0.9981139898300171,0.5272408127784729,0.284548819065094,-0.2368183135986328,0.9972305297851562,0.5322164297103882,0.28549590706825256,-0.23747307062149048,0.9968469738960266,0.536603569984436,0.28648754954338074,-0.2374795526266098,0.997756838798523,0.5041861534118652,0.2794998288154602,-0.26775678992271423,0.9979521036148071,0.49403509497642517,0.2776202857494354,-0.2682502865791321,0.9980848431587219,0.48471468687057495,0.27639204263687134,-0.2683650553226471,0.9986130595207214,0.5254969000816345,0.2898692488670349,-0.02987453155219555,0.9980523586273193,0.4638232886791229,0.2814505696296692,-0.17095062136650085,0.9964849352836609,0.5121040344238281,0.31201228499412537,-0.2016303837299347,0.9960445761680603,0.4909971356391907,0.3102717995643616,-0.24632057547569275,0.9956932067871094,0.544854462146759,0.3663346469402313,0.09384571760892868,0.9997624158859253,0.36076194047927856,0.3398565351963043,-0.13777649402618408,0.9995298385620117,0.6569167971611023,0.41231855750083923,0.20339156687259674,0.6712297201156616,0.22994227707386017,0.37734487652778625,-0.33061718940734863,0.46067512035369873,0.7957022786140442,0.4324750304222107,0.1111723929643631,0.6012468934059143,0.1173868477344513,0.3441694378852844,-0.6054952144622803,0.5525271892547607,0.8433541059494019,0.43552523851394653,0.11379527300596237,0.6139822006225586,0.09929170459508896,0.330814003944397,-0.659511923789978,0.555072546005249,0.8490801453590393,0.43775802850723267,0.0438394770026207,0.6231554746627808,0.09857264906167984,0.3270469605922699,-0.7036049962043762,0.5637577176094055,0.828691840171814,0.43838682770729065,0.07883892953395844,0.5891541838645935,0.10467640310525894,0.33049923181533813,-0.6364074349403381,0.5497404336929321,0.4526219666004181,0.5229943990707397,0.08782156556844711,0.9995566606521606,0.3424915671348572,0.5107089877128601,-0.0883743092417717,0.9993555545806885,0.4738583564758301,0.6379658579826355,0.15930229425430298,0.31309083104133606,0.3008415699005127,0.612857460975647,-0.28547173738479614,0.2559153139591217,0.3946501910686493,0.7378324866294861,0.3282426595687866,0.3315897285938263,0.20596764981746674,0.7274724245071411,-0.09925884753465652,0.2711890935897827,0.36019495129585266,0.75337153673172,0.32925403118133545,0.31926289200782776,0.18882785737514496,0.7434943914413452,-0.08602137863636017,0.2326366901397705,0.42951124906539917,0.7752598524093628,0.22169438004493713,0.355541855096817,0.19047389924526215,0.769048273563385,-0.22571730613708496,0.2960178256034851
291,9.7,0.5331820845603943,0.2975634038448334,-0.4123205840587616,0.9983015656471252,0.5368019342422485,0.2839649021625519,-0.3822627067565918,0.9975029230117798,0.5383029580116272,0.2839937210083008,-0.38295647501945496,0.9971581101417542,0.5401631593704224,0.28431159257888794,-0.38300326466560364,0.9979782104492188,0.522305428981781,0.2811233401298523,-0.4080389142036438,0.998153805732727,0.5241479873657227,0.28059226274490356,-0.40855148434638977,0.9982736110687256,0.5167384147644043,0.2790462374687195,-0.40871426463127136,0.9987486004829407,0.5377231240272522,0.2903512120246887,-0.20626012980937958,0.9982447624206543,0.4840083122253418,0.2803315222263336,-0.29464781284332275,0.9968239665031433,0.5192357897758484,0.31086477637290955,-0.33925914764404297,0.9964345693588257,0.5051922798156738,0.30788764357566833,-0.3758561313152313,0.9961170554161072,0.5345636010169983,0.3604033589363098,-0.08607117831707001,0.9997856616973877,0.3600758910179138,0.33517560362815857,-0.2778063118457794,0.9995694160461426,0.64705491065979,0.4139980375766754,0.0032323410268872976,0.701470673084259,0.23442821204662323,0.3796273469924927,-0.4894654452800751,0.5073361396789551,0.7873139977455139,0.43257784843444824,-0.08026035130023956,0.6402082443237305,0.11864519864320755,0.3546294569969177,-0.7807219624519348,0.5909294486045837,0.8343551754951477,0.4363577961921692,-0.08777006715536118,0.6506403088569641,0.0970674380660057,0.337645560503006,-0.8415364623069763,0.5907941460609436,0.8407896161079407,0.4378262460231781,-0.1484016478061676,0.6592687368392944,0.09633280336856842,0.3375280499458313,-0.8897173404693604,0.5999247431755066,0.8207487463951111,0.43861550092697144,-0.10677653551101685,0.6285493969917297,0.10209083557128906,0.34102803468704224,-0.8134251236915588,0.5866048336029053,0.45033717155456543,0.5197612047195435,0.07357918471097946,0.9995952248573303,0.34094369411468506,0.5075626373291016,-0.07408196479082108,0.9994062781333923,0.5080269575119019,0.6399617791175842,0.10073689371347427,0.3187195956707001,0.2937788963317871,0.6220163702964783,-0.22271005809307098,0.2635209560394287,0.4275718629360199,0.7359915971755981,0.3234390616416931,0.3323237895965576,0.20936721563339233,0.7282811999320984,0.08899754285812378,0.27238479256629944,0.39198219776153564,0.750691831111908,0.3299347460269928,0.32431110739707947,0.20663724839687347,0.7439538836479187,0.11396762728691101,0.22795744240283966,0.47081446647644043,0.771902322769165,0.20561036467552185,0.36286604404449463,0.22165367007255554,0.7645823359489441,-0.019533608108758926,0.29494360089302063
292,9.733333333333333,0.5219111442565918,0.29407113790512085,-0.5884599685668945,0.9984670281410217,0.5310670137405396,0.28160545229911804,-0.5707524418830872,0.9977397322654724,0.5336729884147644,0.28200238943099976,-0.5715959072113037,0.9974326491355896,0.536336362361908,0.28276342153549194,-0.5717391967773438,0.9981735348701477,0.5192791223526001,0.2786051630973816,-0.5954742431640625,0.9983264207839966,0.5157957077026367,0.27774104475975037,-0.5960130095481873,0.9984362125396729,0.5108452439308167,0.27630704641342163,-0.596238374710083,0.9988595247268677,0.5292485952377319,0.28820544481277466,-0.41904667019844055,0.9984174966812134,0.4876232445240021,0.27796298265457153,-0.5246110558509827,0.9971002340316772,0.5124542117118835,0.30866241455078125,-0.5196788907051086,0.9967755079269409,0.49967414140701294,0.3061102628707886,-0.5564806461334229,0.9964776635169983,0.5143304467201233,0.35189616680145264,-0.22575344145298004,0.9998061656951904,0.36680129170417786,0.3342234790325165,-0.40311864018440247,0.9995630979537964,0.6289923787117004,0.41371655464172363,-0.02380986139178276,0.729587972164154,0.25461339950561523,0.39748552441596985,-0.5028629899024963,0.5198113918304443,0.7722883224487305,0.4334694743156433,0.06828626990318298,0.6754355430603027,0.14514009654521942,0.3717411160469055,-0.7086501121520996,0.5771982669830322,0.8187440037727356,0.4369247555732727,0.08979292213916779,0.6837062239646912,0.11033123731613159,0.3579789996147156,-0.7574155330657959,0.5728983283042908,0.8236355185508728,0.4378783106803894,0.012248056009411812,0.691824197769165,0.10029155761003494,0.3484693467617035,-0.8064485192298889,0.5862801671028137,0.8068827390670776,0.4386778473854065,0.0388215109705925,0.663928747177124,0.10838315635919571,0.3538762927055359,-0.7396093606948853,0.5741299390792847,0.43408203125,0.5162309408187866,0.0652245432138443,0.999626100063324,0.3317475914955139,0.5031283497810364,-0.06556399911642075,0.9994258284568787,0.478015273809433,0.641136646270752,0.08747471868991852,0.3416226804256439,0.2800273597240448,0.6151514053344727,-0.213368222117424,0.2822278141975403,0.4107298254966736,0.7471141815185547,0.36489731073379517,0.3604879677295685,0.20783625543117523,0.7214444875717163,0.13690589368343353,0.2896457314491272,0.38170570135116577,0.7623847723007202,0.37744882702827454,0.34726518392562866,0.20549240708351135,0.7377719879150391,0.16334575414657593,0.23476792871952057,0.4379024803638458,0.7872304320335388,0.20376721024513245,0.3921537399291992,0.18976347148418427,0.7550100684165955,-0.008784146048128605,0.31045547127723694
295,9.833333333333334,0.5969626903533936,0.24877873063087463,-0.23097659647464752,0.9972594380378723,0.6101775169372559,0.24860170483589172,-0.22805458307266235,0.9968307614326477,0.6113443374633789,0.249790757894516,-0.22858794033527374,0.9962940216064453,0.6120664477348328,0.2512073814868927,-0.22865146398544312,0.9976987242698669,0.6145470142364502,0.2409507781267166,-0.22890935838222504,0.9974663853645325,0.6127238273620605,0.23837313055992126,-0.22935886681079865,0.9974910616874695,0.6110604405403137,0.23614628612995148,-0.22957617044448853,0.9982210397720337,0.6050680875778198,0.2568202316761017,-0.1753864288330078,0.9980129599571228,0.594671905040741,0.2333066761493683,-0.17733752727508545,0.9934499263763428,0.5846047401428223,0.2554047107696533,-0.20182208716869354,0.9951474666595459,0.5804750323295593,0.25183671712875366,-0.20561036467552185,0.9942213296890259,0.5389178991317749,0.29002708196640015,-0.12143486738204956,0.999737560749054,0.5235316753387451,0.26509150862693787,-0.16338518261909485,0.9982969760894775,0.5509395003318787,0.3243732452392578,-0.2008107453584671,0.6658183932304382,0.5652431845664978,0.30350372195243835,-0.23516327142715454,0.47101452946662903,0.6083447337150574,0.33841484785079956,-0.41098591685295105,0.6188361048698425,0.660637617111206,0.3018234968185425,-0.3079395890235901,0.5293583869934082,0.6216785907745361,0.3354421854019165,-0.4573345482349396,0.6307226419448853,0.686503529548645,0.3022714853286743,-0.35636085271835327,0.5294157266616821,0.6319923400878906,0.3291265368461609,-0.48196297883987427,0.6376842260360718,0.689971387386322,0.29554858803749084,-0.3583938181400299,0.5417327880859375,0.627334475517273,0.32969361543655396,-0.42552027106285095,0.6095638871192932,0.6814239025115967,0.29485586285591125,-0.3143436908721924,0.52877277135849,0.31719714403152466,0.3559455871582031,0.030711309984326363,0.999643087387085,0.33005034923553467,0.3390060365200043,-0.03136175498366356,0.999424397945404,0.15686994791030884,0.3945351839065552,-0.014493951573967934,0.3553638756275177,0.49937963485717773,0.3607161343097687,0.0663183256983757,0.2590712606906891,0.14810137450695038,0.35083863139152527,0.27653783559799194,0.3432345688343048,0.6343619227409363,0.411690890789032,0.07213405519723892,0.27432939410209656,0.159676656126976,0.34704214334487915,0.30917128920555115,0.3359261155128479,0.6375609040260315,0.41559290885925293,0.07470758259296417,0.22750434279441833,0.11363483220338821,0.319397509098053,0.25124138593673706,0.3708254098892212,0.6906118392944336,0.40663665533065796,0.01563652791082859,0.3006327748298645
296,9.866666666666667,0.5971017479896545,0.26402169466018677,0.14842119812965393,0.9975091218948364,0.6069433689117432,0.25890451669692993,0.17907394468784332,0.997109055519104,0.6084556579589844,0.25965312123298645,0.1786274015903473,0.996624231338501,0.6094783544540405,0.26067227125167847,0.17869146168231964,0.9979064464569092,0.6025369763374329,0.2551221549510956,0.15138691663742065,0.9976880550384521,0.599216639995575,0.25390228629112244,0.1509527564048767,0.9977091550827026,0.5960999727249146,0.2525341808795929,0.15080112218856812,0.9983710646629333,0.6009470820426941,0.26289182901382446,0.28733402490615845,0.9981974363327026,0.5823332667350769,0.24170903861522675,0.16783006489276886,0.9940270185470581,0.5875624418258667,0.27146509289741516,0.19200007617473602,0.9955904483795166,0.5809137225151062,0.2682536840438843,0.1541265845298767,0.994722843170166,0.5397289991378784,0.3111267387866974,0.3628453016281128,0.9997520446777344,0.528049647808075,0.26638463139533997,0.05876695737242699,0.9984307289123535,0.5224948525428772,0.37140142917633057,0.3538803458213806,0.6382057070732117,0.6018652319908142,0.2945280075073242,0.0440153107047081,0.5100382566452026,0.578414797782898,0.4104395806789398,0.18131759762763977,0.6259990334510803,0.6931505799293518,0.28872960805892944,0.15217536687850952,0.5667078495025635,0.5852400660514832,0.42132920026779175,0.169475257396698,0.6402194499969482,0.7136362791061401,0.2862810790538788,0.12375608831644058,0.5667423009872437,0.5947680473327637,0.4159669876098633,0.13235220313072205,0.647627592086792,0.7141739726066589,0.28508260846138,0.13098715245723724,0.5770979523658752,0.6059838533401489,0.40935349464416504,0.16195285320281982,0.6221544742584229,0.7067750692367554,0.2854072153568268,0.15272049605846405,0.5642309784889221,0.3459281623363495,0.36642026901245117,0.10527055710554123,0.9996630549430847,0.33860325813293457,0.34435388445854187,-0.1057453602552414,0.9994623064994812,0.2833574414253235,0.439602792263031,0.09900795668363571,0.37815818190574646,0.43078330159187317,0.42186737060546875,-0.12748651206493378,0.3266097903251648,0.1665874868631363,0.495859295129776,0.10991296917200089,0.37993285059928894,0.24860654771327972,0.48580536246299744,-0.13478440046310425,0.33778896927833557,0.15427955985069275,0.5006306767463684,0.1037866473197937,0.3722325265407562,0.20696967840194702,0.4888013005256653,-0.1350032091140747,0.2896505296230316,0.1547725945711136,0.5208105444908142,0.008929265663027763,0.4050491750240326,0.23177161812782288,0.5265193581581116,-0.20631016790866852,0.3580920696258545
297,9.9,0.5979102849960327,0.2868388891220093,0.3899664282798767,0.9977482557296753,0.6057517528533936,0.2820870280265808,0.44351860880851746,0.9973888397216797,0.6071515679359436,0.2833751440048218,0.44306492805480957,0.9969514012336731,0.6062757968902588,0.2772682011127472,0.4431402087211609,0.9981099367141724,0.5994316339492798,0.27686992287635803,0.41755062341690063,0.9979118704795837,0.5958467125892639,0.27501770853996277,0.41713330149650574,0.9979289770126343,0.5925812721252441,0.27295202016830444,0.417049378156662,0.9985255599021912,0.5951462984085083,0.2859571874141693,0.5951550602912903,0.99837327003479,0.5737078785896301,0.2679537832736969,0.47941094636917114,0.9945905804634094,0.5875680446624756,0.289205938577652,0.440061092376709,0.9960206747055054,0.5809053778648376,0.2893279194831848,0.40301162004470825,0.9952306747436523,0.5254886150360107,0.33204367756843567,0.5792790055274963,0.999774158000946,0.5281729102134705,0.26700329780578613,0.34327295422554016,0.9985800981521606,0.5171250700950623,0.39710360765457153,0.5068137645721436,0.6196321845054626,0.595171332359314,0.2877633273601532,0.19977344572544098,0.5050457119941711,0.5985267758369446,0.41661080718040466,0.31658807396888733,0.6512959003448486,0.6750554442405701,0.2857356071472168,0.14067241549491882,0.5851812362670898,0.6325839161872864,0.42254504561424255,0.3018248975276947,0.6649192571640015,0.6869548559188843,0.2825852036476135,0.09969596564769745,0.5869807004928589,0.636614203453064,0.4202047884464264,0.27853456139564514,0.6713833212852478,0.6888444423675537,0.2843046188354492,0.1127721443772316,0.5950605869293213,0.6284627914428711,0.41749468445777893,0.302997887134552,0.6466067433357239,0.6850618124008179,0.2854754328727722,0.1381547749042511,0.58008873462677,0.3684920072555542,0.3863273561000824,0.09980184584856033,0.9996922612190247,0.35068783164024353,0.3478896915912628,-0.10045834630727768,0.9995113611221313,0.4225446879863739,0.489039808511734,0.06006632745265961,0.41994842886924744,0.44863808155059814,0.4245359003543854,-0.31080830097198486,0.3926951289176941,0.4021780788898468,0.5287792086601257,-0.06065108999609947,0.4218563735485077,0.3478061556816101,0.4853387773036957,-0.4547567069530487,0.40048208832740784,0.38384509086608887,0.5319985747337341,-0.0774398073554039,0.4213455319404602,0.31445059180259705,0.488516241312027,-0.46712443232536316,0.3567725121974945,0.4202609658241272,0.549996554851532,-0.21324047446250916,0.448307067155838,0.34683841466903687,0.5279300212860107,-0.5860251784324646,0.4176357686519623
298,9.933333333333334,0.6058862209320068,0.26051291823387146,0.13827048242092133,0.9979264736175537,0.6188398003578186,0.2588197886943817,0.1598334163427353,0.997584342956543,0.6229703426361084,0.26110711693763733,0.1594546139240265,0.9971677660942078,0.6262320876121521,0.26158803701400757,0.15948550403118134,0.9982514977455139,0.6056833267211914,0.25705820322036743,0.1612565815448761,0.9980725646018982,0.6013316512107849,0.2582029700279236,0.1607363224029541,0.9980809092521667,0.5970874428749084,0.25905513763427734,0.1604679673910141,0.9986423850059509,0.628752589225769,0.283861368894577,0.2349485158920288,0.9984719157218933,0.5914915800094604,0.2579982578754425,0.24734407663345337,0.9949947595596313,0.6044324040412903,0.2796620726585388,0.16775336861610413,0.9963403344154358,0.5910241603851318,0.2766895592212677,0.16802142560482025,0.995611846446991,0.5884243249893188,0.3301393389701843,0.30938637256622314,0.9997863173484802,0.5399887561798096,0.27429232001304626,0.1502913534641266,0.9987190365791321,0.5292049646377563,0.384037047624588,0.28488627076148987,0.5635146498680115,0.4916469156742096,0.27927452325820923,0.044575996696949005,0.5181745886802673,0.5339468717575073,0.39775872230529785,0.15878833830356598,0.5952495336532593,0.5173476338386536,0.3121952712535858,-0.06261026859283447,0.5959107279777527,0.5258674025535583,0.4040473401546478,0.13916894793510437,0.6121432781219482,0.5163824558258057,0.32374298572540283,-0.09839743375778198,0.5924146175384521,0.5383674502372742,0.3961866796016693,0.1177767664194107,0.6176875829696655,0.5393022894859314,0.33076372742652893,-0.09695835411548615,0.5987488031387329,0.5407413840293884,0.3934505581855774,0.14916014671325684,0.5931650996208191,0.5392719507217407,0.3270138204097748,-0.06687420606613159,0.5800466537475586,0.4099445641040802,0.38463157415390015,0.08773533999919891,0.9997164607048035,0.37581607699394226,0.35521936416625977,-0.08829881995916367,0.9995571374893188,0.40684401988983154,0.48599037528038025,0.031068788841366768,0.3845028877258301,0.4256436228752136,0.45555877685546875,-0.1580183357000351,0.41656938195228577,0.4179077446460724,0.5555443167686462,-0.1441158950328827,0.40110835433006287,0.35241666436195374,0.568972110748291,-0.20568090677261353,0.41502976417541504,0.3988390266895294,0.5621665716171265,-0.1664881706237793,0.4120505452156067,0.32958269119262695,0.5831581950187683,-0.20870475471019745,0.37639522552490234,0.4710856080055237,0.5916754603385925,-0.30598902702331543,0.43155980110168457,0.37121471762657166,0.6181500554084778,-0.31463348865509033,0.42351219058036804
299,9.966666666666667,0.5921226739883423,0.22696617245674133,-0.043767280876636505,0.9980465769767761,0.6080270409584045,0.22521348297595978,-0.04631182923913002,0.9976658821105957,0.6127099394798279,0.22659480571746826,-0.046678170561790466,0.9972543716430664,0.6171035170555115,0.22803330421447754,-0.04663695767521858,0.9983017444610596,0.5959262251853943,0.2245263159275055,-0.02247147634625435,0.9981512427330017,0.5929859280586243,0.2257496565580368,-0.022977270185947418,0.9981583952903748,0.5901135206222534,0.2267799824476242,-0.023291606456041336,0.9987085461616516,0.6249443888664246,0.24345102906227112,-0.012157436460256577,0.9985202550888062,0.5927262902259827,0.2387702763080597,0.16688834130764008,0.995249330997467,0.5994290113449097,0.2411261796951294,-0.02610311470925808,0.9964480400085449,0.585361123085022,0.24026139080524445,0.006039078813046217,0.9957375526428223,0.5979126691818237,0.2955854833126068,0.05815325677394867,0.9997792840003967,0.5383555293083191,0.26876765489578247,0.09717155247926712,0.9988038539886475,0.7142500877380371,0.2976442873477936,-0.002243060851469636,0.5871741771697998,0.4684910774230957,0.2805691659450531,-0.07009532302618027,0.48711463809013367,0.6648650765419006,0.2588081955909729,-0.029609179124236107,0.5718395113945007,0.4753592908382416,0.30228015780448914,-0.29400914907455444,0.5493475794792175,0.6527339220046997,0.24924704432487488,-0.05799420550465584,0.5757221579551697,0.47446000576019287,0.31227782368659973,-0.356756329536438,0.5461916327476501,0.6516433954238892,0.2447073757648468,-0.06569071859121323,0.5798510909080505,0.4870789051055908,0.3173750936985016,-0.3601125478744507,0.5525551438331604,0.6545639634132385,0.25005096197128296,-0.03587611764669418,0.5541040301322937,0.48704200983047485,0.3139013350009918,-0.30456313490867615,0.5338817834854126,0.4006141126155853,0.3735314607620239,0.06743710488080978,0.9997020363807678,0.374163955450058,0.34775447845458984,-0.06761333346366882,0.9995653033256531,0.393711119890213,0.4627998471260071,-0.020818214863538742,0.3489750921726227,0.43119412660598755,0.42879658937454224,-0.17178386449813843,0.39926350116729736,0.40486639738082886,0.5425190329551697,0.011903809383511543,0.36236459016799927,0.359633207321167,0.5306113958358765,-0.1522826999425888,0.38091230392456055,0.3994993567466736,0.5553923845291138,0.012063460424542427,0.37350043654441833,0.3344436287879944,0.5398384928703308,-0.16845902800559998,0.3491522967815399,0.43692639470100403,0.55527263879776,-0.10208112001419067,0.39083486795425415,0.38557231426239014,0.5739020109176636,-0.2782265543937683,0.3897548317909241
309,10.3,0.593818187713623,0.20944228768348694,-0.1294267177581787,0.9982410669326782,0.5915542840957642,0.19411936402320862,-0.11928486078977585,0.9978980422019958,0.5910711288452148,0.19312092661857605,-0.11970636248588562,0.9975270628929138,0.6010525226593018,0.19101011753082275,-0.11954200267791748,0.9984701871871948,0.5760358572006226,0.1983221471309662,-0.14587047696113586,0.9983353018760681,0.5694516897201538,0.19993019104003906,-0.1465206891298294,0.9983415603637695,0.5628383755683899,0.20135852694511414,-0.14680573344230652,0.998836874961853,0.5975808501243591,0.1978541910648346,-0.026612093672156334,0.9986662864685059,0.5492943525314331,0.21162506937980652,-0.14075423777103424,0.9957219958305359,0.6053463816642761,0.22155138850212097,-0.07790549844503403,0.9967948794364929,0.5833789110183716,0.22694000601768494,-0.11521243304014206,0.9961532950401306,0.509749174118042,0.2690674066543579,0.10675790905952454,0.9997948408126831,0.6185322999954224,0.2882716655731201,-0.15838637948036194,0.9989138245582581,0.3979787528514862,0.3764302730560303,0.2854485809803009,0.5294379591941833,0.5646588206291199,0.3873688578605652,-0.1692536473274231,0.4496794641017914,0.34968307614326477,0.41781672835350037,0.43780839443206787,0.515430212020874,0.5444672107696533,0.42820310592651367,-0.051247358322143555,0.5033899545669556,0.3415408730506897,0.432494580745697,0.46301543712615967,0.5195899605751038,0.5386475920677185,0.44087162613868713,-0.06753340363502502,0.5017147660255432,0.3568631112575531,0.4362919330596924,0.4309038519859314,0.5233591198921204,0.5401203632354736,0.43408089876174927,-0.06951616704463959,0.5063316822052002,0.3652547299861908,0.4313434958457947,0.43186622858047485,0.5001373291015625,0.5374001860618591,0.4294908046722412,-0.048766955733299255,0.48794081807136536,0.44677793979644775,0.47617730498313904,0.0896981954574585,0.9996943473815918,0.5193790793418884,0.4772171378135681,-0.09044400602579117,0.9995865821838379,0.3213867247104645,0.582951545715332,0.38064104318618774,0.3213277757167816,0.46321916580200195,0.6013697385787964,0.280731737613678,0.36969608068466187,0.194655179977417,0.6997953653335571,0.5161841511726379,0.3540245592594147,0.40867123007774353,0.7399054765701294,0.4618006944656372,0.37881743907928467,0.17653082311153412,0.7234947085380554,0.5250197052955627,0.3820221424102783,0.3933081030845642,0.7707312703132629,0.47856563329696655,0.3536994755268097,0.17190226912498474,0.7228217720985413,0.5000064373016357,0.3690100312232971,0.4216288626194,0.7647073268890381,0.435545951128006,0.3695824146270752
315,10.5,0.5278770923614502,0.33204197883605957,0.13762134313583374,0.9929793477058411,0.5370172262191772,0.3204039931297302,0.15196478366851807,0.9859539866447449,0.5420722961425781,0.32021254301071167,0.15157373249530792,0.9860737323760986,0.5472325682640076,0.32042407989501953,0.1515253186225891,0.9915972948074341,0.5239177942276001,0.31993135809898376,0.15543244779109955,0.9907599091529846,0.5190377831459045,0.319685697555542,0.15503396093845367,0.9919296503067017,0.5139604806900024,0.3192509412765503,0.154788538813591,0.9941650032997131,0.5544207096099854,0.323162317276001,0.22793996334075928,0.9936961531639099,0.5072401762008667,0.3206218183040619,0.24298059940338135,0.9834766387939453,0.535297155380249,0.3420115113258362,0.17323102056980133,0.9917051196098328,0.5171998739242554,0.3414211869239807,0.17446182668209076,0.9882762432098389,0.5946944952011108,0.3924630284309387,0.17990663647651672,0.9997971653938293,0.437972754240036,0.3676680326461792,0.25395825505256653,0.9989696145057678,0.5934840440750122,0.4733744263648987,-0.06280309706926346,0.5117140412330627,0.2943844795227051,0.43649500608444214,0.05166655033826828,0.40903809666633606,0.4568691551685333,0.45127278566360474,-0.3232378363609314,0.4709205627441406,0.3981574475765228,0.445966899394989,-0.2312486171722412,0.4578014016151428,0.41097182035446167,0.45371419191360474,-0.38522517681121826,0.47641292214393616,0.41606438159942627,0.4523386061191559,-0.29731541872024536,0.45853278040885925,0.41319727897644043,0.43173760175704956,-0.354829341173172,0.4798480272293091,0.4212915301322937,0.4383176863193512,-0.28386789560317993,0.46259957551956177,0.42668020725250244,0.4319470524787903,-0.31287792325019836,0.4561614990234375,0.4207361042499542,0.43615442514419556,-0.23346036672592163,0.44479838013648987,0.4957408905029297,0.5347687602043152,-0.0010363052133470774,0.9996087551116943,0.42259466648101807,0.5246161818504333,0.0006334923673421144,0.9995218515396118,0.32125216722488403,0.6200183629989624,-0.04147806018590927,0.2903698682785034,0.4656696021556854,0.598708987236023,-0.48257896304130554,0.33909890055656433,0.15365678071975708,0.704683780670166,-0.0671093761920929,0.3214409351348877,0.49307841062545776,0.7408764362335205,-0.5046108365058899,0.3445785343647003,0.13496792316436768,0.7231283187866211,-0.07831553369760513,0.35201478004455566,0.49922889471054077,0.7661023139953613,-0.5084294676780701,0.32891637086868286,0.08988898247480392,0.7192506790161133,-0.24776145815849304,0.3343672454357147,0.4884108304977417,0.7743834257125854,-0.6781854033470154,0.3359149396419525
316,10.533333333333333,0.5774462223052979,0.3266555070877075,0.3446829319000244,0.9936105608940125,0.5760046243667603,0.3149617910385132,0.3316364288330078,0.9872567653656006,0.573157012462616,0.3148053288459778,0.33124515414237976,0.9873713850975037,0.5704888701438904,0.31507036089897156,0.3311484456062317,0.9923768639564514,0.5805057883262634,0.3139726221561432,0.3043304979801178,0.9916045069694519,0.5803517699241638,0.31328141689300537,0.30387645959854126,0.9926594495773315,0.5800458788871765,0.3123745918273926,0.303795725107193,0.9946810603141785,0.5551092028617859,0.31623536348342896,0.2773859202861786,0.9942781329154968,0.563946545124054,0.31221967935562134,0.17663288116455078,0.9848963618278503,0.5623325705528259,0.33576932549476624,0.33940017223358154,0.9921718835830688,0.5653988718986511,0.3343587815761566,0.300586074590683,0.9888811707496643,0.41020816564559937,0.35864633321762085,0.23579010367393494,0.9998122453689575,0.577475905418396,0.3762451708316803,0.0699746310710907,0.9990370273590088,0.4217853546142578,0.4370006024837494,0.33192336559295654,0.4692838490009308,0.5911110043525696,0.4469718337059021,0.04388933628797531,0.3748779594898224,0.39847493171691895,0.4476380944252014,0.48118823766708374,0.42578116059303284,0.652373194694519,0.4485744535923004,0.1862938404083252,0.4205469787120819,0.3830797076225281,0.44466543197631836,0.5098169445991516,0.43133312463760376,0.6761058568954468,0.4523962140083313,0.18947796523571014,0.4240938425064087,0.39723899960517883,0.4316297471523285,0.5020121335983276,0.43440261483192444,0.6724526286125183,0.43851238489151,0.1993410587310791,0.4270619750022888,0.3992610573768616,0.4318455159664154,0.48454126715660095,0.4130250811576843,0.6569746136665344,0.4365907609462738,0.1939411163330078,0.40829306840896606,0.4291512668132782,0.5339559316635132,0.05033991113305092,0.9995520114898682,0.4833073616027832,0.5346533060073853,-0.05125674232840538,0.9994375705718994,0.2959325313568115,0.6134498715400696,0.10304402559995651,0.2693502604961395,0.5524581074714661,0.6003279685974121,0.057272445410490036,0.30714383721351624,0.16278760135173798,0.7098698019981384,-0.21878831088542938,0.29912739992141724,0.5302018523216248,0.740513026714325,-0.10273201018571854,0.31256312131881714,0.15431489050388336,0.7310611605644226,-0.25552189350128174,0.3482140302658081,0.5147104859352112,0.766120970249176,-0.11764383316040039,0.30543839931488037,0.10568822920322418,0.7198666334152222,-0.2962509095668793,0.3064614534378052,0.5692660212516785,0.7627364993095398,-0.1167299672961235,0.3036267161369324
317,10.566666666666666,0.6058435440063477,0.30850809812545776,-0.1075366958975792,0.9941918849945068,0.6100737452507019,0.30406513810157776,-0.07902178913354874,0.9883084297180176,0.6101293563842773,0.30435067415237427,-0.07948773354291916,0.9883437156677246,0.6147012710571289,0.30557286739349365,-0.07955823093652725,0.992982029914856,0.6038888096809387,0.29632630944252014,-0.10002527385950089,0.9923215508460999,0.5942071080207825,0.29349052906036377,-0.10050327330827713,0.9932643175125122,0.5888767838478088,0.2918001115322113,-0.10061880946159363,0.9951277375221252,0.591916024684906,0.3046526312828064,0.07985974103212357,0.9946881532669067,0.5620633959770203,0.2888813316822052,-0.013315906748175621,0.9860879182815552,0.5922601819038391,0.3201847970485687,-0.040201567113399506,0.9928568601608276,0.5823264718055725,0.31592926383018494,-0.07154616713523865,0.9899089336395264,0.552386462688446,0.36773544549942017,0.14016695320606232,0.9998279213905334,0.45886027812957764,0.34837430715560913,0.04266243055462837,0.999121904373169,0.6955022811889648,0.43810296058654785,0.08017952740192413,0.4644332230091095,0.3708009421825409,0.42666178941726685,-0.1344699263572693,0.36760061979293823,0.7545979619026184,0.44300952553749084,-0.36884239315986633,0.4189509451389313,0.4386177957057953,0.4362264573574066,-0.4316090941429138,0.4074280560016632,0.7716321349143982,0.44387882947921753,-0.4550209939479828,0.4240954518318176,0.4494269788265228,0.4398885667324066,-0.5090016722679138,0.413347989320755,0.7629794478416443,0.43122392892837524,-0.48382726311683655,0.42812708020210266,0.46445292234420776,0.4326036870479584,-0.5251188278198242,0.41573822498321533,0.7523914575576782,0.4312218725681305,-0.39286303520202637,0.40199992060661316,0.46196869015693665,0.43030375242233276,-0.44684627652168274,0.3901582360267639,0.49498796463012695,0.534084141254425,0.03909856081008911,0.9995851516723633,0.42164021730422974,0.5306219458580017,-0.03988916426897049,0.9994745254516602,0.5005578398704529,0.6439629793167114,-0.12647753953933716,0.2471260279417038,0.37125831842422485,0.6232234835624695,-0.16397397220134735,0.27793392539024353,0.4874171018600464,0.7812341451644897,-0.08504894375801086,0.2731642425060272,0.34271976351737976,0.7523177266120911,0.04696774482727051,0.2829730212688446,0.46926096081733704,0.8021993637084961,-0.08855580538511276,0.3175166845321655,0.3463878333568573,0.775036096572876,0.06085190176963806,0.2764318585395813,0.4923189878463745,0.8142486810684204,-0.2899523079395294,0.28052422404289246,0.31981706619262695,0.7777380347251892,-0.10686875134706497,0.27490532398223877
318,10.6,0.5918708443641663,0.29081180691719055,-0.10696656256914139,0.993676483631134,0.6006808280944824,0.28262782096862793,-0.08203756809234619,0.9852770566940308,0.60444575548172,0.28377801179885864,-0.0824875608086586,0.9843223094940186,0.609427273273468,0.28543445467948914,-0.08254969120025635,0.9907810688018799,0.5872024297714233,0.27772432565689087,-0.0967254564166069,0.9906243681907654,0.5797754526138306,0.276000440120697,-0.09721821546554565,0.9914417266845703,0.5736613273620605,0.274278461933136,-0.09743915498256683,0.9940487146377563,0.5977386236190796,0.28999102115631104,0.057824451476335526,0.9924551844596863,0.5512171387672424,0.2753770649433136,-0.010766171850264072,0.9818345308303833,0.5816265344619751,0.2997802495956421,-0.04842822253704071,0.9917880296707153,0.5670931339263916,0.29561203718185425,-0.07216522842645645,0.989118218421936,0.5893697738647461,0.35935500264167786,0.10191972553730011,0.9998348951339722,0.4352964758872986,0.3305210471153259,0.049600012600421906,0.9991688132286072,0.6999353766441345,0.43609243631362915,-0.02579960599541664,0.4606776833534241,0.3401532471179962,0.41990795731544495,-0.12235794961452484,0.33772769570350647,0.6217836737632751,0.36428743600845337,-0.3018691837787628,0.41181060671806335,0.4158347547054291,0.42285099625587463,-0.3478577435016632,0.3760525584220886,0.6021797060966492,0.340496689081192,-0.35779714584350586,0.4089636504650116,0.43282556533813477,0.4266150891780853,-0.3976913094520569,0.38280341029167175,0.6005730628967285,0.32844939827919006,-0.3491628170013428,0.4105962812900543,0.45094218850135803,0.4173911213874817,-0.3929865062236786,0.38438543677330017,0.6070204377174377,0.33194804191589355,-0.2998598515987396,0.3793921172618866,0.44623011350631714,0.41152358055114746,-0.35071736574172974,0.35902050137519836,0.5068671107292175,0.5216437578201294,0.031950242817401886,0.9995855689048767,0.40481650829315186,0.5172839760780334,-0.032604459673166275,0.9994528293609619,0.542726457118988,0.6046949625015259,-0.18806084990501404,0.2228778898715973,0.3704647123813629,0.6124408841133118,-0.25005221366882324,0.25039514899253845,0.5275713801383972,0.7506643533706665,-0.3310587704181671,0.2467125654220581,0.3464258313179016,0.728929877281189,-0.2253638207912445,0.255033016204834,0.5149579644203186,0.771364152431488,-0.35767030715942383,0.2871371805667877,0.34701481461524963,0.7479810118675232,-0.2229943424463272,0.2493453472852707,0.5360321402549744,0.7852984666824341,-0.5590471625328064,0.25385233759880066,0.33467912673950195,0.762245237827301,-0.3750532269477844,0.24789421260356903
319,10.633333333333333,0.6111353635787964,0.28776365518569946,-0.1410256177186966,0.9940584897994995,0.6209219098091125,0.27753350138664246,-0.10959809273481369,0.9858155250549316,0.6270617246627808,0.27852755784988403,-0.11007106304168701,0.9847513437271118,0.6309204697608948,0.2794416546821594,-0.11003243923187256,0.9909284710884094,0.603786826133728,0.27401918172836304,-0.12249749153852463,0.990977942943573,0.5964718461036682,0.2685994505882263,-0.12301933765411377,0.9917820692062378,0.5892735123634338,0.2669777572154999,-0.12320573627948761,0.9942817091941833,0.6337104439735413,0.29088082909584045,0.055790625512599945,0.9923406839370728,0.5594462156295776,0.26880472898483276,-0.004462428390979767,0.982237696647644,0.6027446985244751,0.3017163872718811,-0.07291077822446823,0.9916280508041382,0.5876923203468323,0.2965584397315979,-0.09452817589044571,0.9894025325775146,0.6252445578575134,0.35646504163742065,0.10876597464084625,0.9998319745063782,0.437198668718338,0.3149684965610504,0.053924623876810074,0.9992190003395081,0.67588210105896,0.42972683906555176,-0.025369752198457718,0.4381854236125946,0.35011792182922363,0.4037594199180603,-0.07960756123065948,0.3192308843135834,0.583314836025238,0.3992713689804077,-0.31777480244636536,0.3853360116481781,0.40133509039878845,0.4172818660736084,-0.30843985080718994,0.35645556449890137,0.5539328455924988,0.37145423889160156,-0.38288217782974243,0.38481375575065613,0.40213605761528015,0.42408961057662964,-0.3684054911136627,0.3681849241256714,0.5512428879737854,0.3625107407569885,-0.37848222255706787,0.38629457354545593,0.42343902587890625,0.4158356785774231,-0.37620243430137634,0.3701797425746918,0.559075117111206,0.36957597732543945,-0.32045605778694153,0.3545772433280945,0.4246378242969513,0.4126107096672058,-0.31702542304992676,0.343229740858078,0.5181097388267517,0.5097234845161438,0.035696618258953094,0.9995975494384766,0.4058357775211334,0.49891868233680725,-0.03630642965435982,0.9994627237319946,0.5472739934921265,0.6008809804916382,-0.14742761850357056,0.20351462066173553,0.36960822343826294,0.603639543056488,-0.19529198110103607,0.22685733437538147,0.5155006647109985,0.740831732749939,-0.22213342785835266,0.22650185227394104,0.3327881395816803,0.7139633297920227,-0.013044800609350204,0.23133449256420135,0.49897924065589905,0.7608753442764282,-0.2465483546257019,0.26239386200904846,0.33098503947257996,0.7298153042793274,0.00012823478027712554,0.2256554812192917,0.516043484210968,0.7805567979812622,-0.4056943655014038,0.2338593304157257,0.3280867040157318,0.7555501461029053,-0.15879344940185547,0.22476543486118317
320,10.666666666666666,0.5964050889015198,0.2672935426235199,-0.07453128695487976,0.9943332672119141,0.6065787076950073,0.2553783357143402,-0.04970533028244972,0.9862945675849915,0.6133246421813965,0.2561734914779663,-0.050179969519376755,0.9852224588394165,0.6169817447662354,0.25669464468955994,-0.050119176506996155,0.9911125898361206,0.593845009803772,0.257933646440506,-0.06343181431293488,0.9912445545196533,0.5871248841285706,0.25643259286880493,-0.06399551033973694,0.9920628070831299,0.5804243087768555,0.25525015592575073,-0.06424149125814438,0.9944679737091064,0.6201190948486328,0.2699351906776428,0.08340434730052948,0.9923985600471497,0.5535710453987122,0.2552873194217682,0.02184554934501648,0.9826247096061707,0.5905412435531616,0.28100910782814026,-0.018040521070361137,0.9915239810943604,0.5753090977668762,0.27678096294403076,-0.03988891467452049,0.98943030834198,0.6180490255355835,0.34332361817359924,0.12265785038471222,0.9998329877853394,0.4401787519454956,0.3056686520576477,0.048622794449329376,0.999259889125824,0.6552204489707947,0.42237791419029236,0.1196364164352417,0.41113296151161194,0.3985246419906616,0.39251500368118286,-0.07079215347766876,0.2993374466896057,0.5437420606613159,0.4104054868221283,-0.036469850689172745,0.3550914227962494,0.40596047043800354,0.41516774892807007,-0.17385925352573395,0.3303939402103424,0.4981652498245239,0.39512211084365845,-0.06971537321805954,0.35763028264045715,0.4061286151409149,0.42553481459617615,-0.2194271981716156,0.3456933796405792,0.4952951669692993,0.38088279962539673,-0.07820974290370941,0.35941553115844727,0.42065340280532837,0.4159452021121979,-0.23565082252025604,0.3481188714504242,0.5104640126228333,0.3722740411758423,-0.039911869913339615,0.3289150297641754,0.4230138957500458,0.41196322441101074,-0.18422919511795044,0.3228234052658081,0.5148488283157349,0.49118074774742126,0.043020546436309814,0.9996161460876465,0.40456920862197876,0.48149484395980835,-0.04353098198771477,0.9994851350784302,0.5266962647438049,0.5942726135253906,-0.09339997172355652,0.1890900731086731,0.39056557416915894,0.5789312720298767,-0.1577817052602768,0.20932787656784058,0.4967341125011444,0.7341227531433105,-0.14864344894886017,0.21319255232810974,0.362355500459671,0.7001717686653137,-0.05159571021795273,0.2154330015182495,0.48534244298934937,0.7510601282119751,-0.16668783128261566,0.24239136278629303,0.35695889592170715,0.7168492078781128,-0.0440412275493145,0.20694021880626678,0.48356807231903076,0.7695404291152954,-0.3255033791065216,0.22227226197719574,0.3662090599536896,0.7435503005981445,-0.17388464510440826,0.20981724560260773
321,10.7,0.5972822308540344,0.3146950304508209,0.18195152282714844,0.9947431087493896,0.6029679775238037,0.30528196692466736,0.21120361983776093,0.9874789714813232,0.6070667505264282,0.30558258295059204,0.21076974272727966,0.9864823818206787,0.6100630164146423,0.3062756657600403,0.2108440399169922,0.9918542504310608,0.5927706360816956,0.3034493029117584,0.17201006412506104,0.9919777512550354,0.587432324886322,0.3023148775100708,0.17142261564731598,0.9927142858505249,0.5820382237434387,0.3006860911846161,0.17118774354457855,0.9949220418930054,0.617931604385376,0.30547454953193665,0.3302186131477356,0.9930418729782104,0.558318555355072,0.2968786954879761,0.15290085971355438,0.9840736389160156,0.5900075435638428,0.32216548919677734,0.23315009474754333,0.9919319152832031,0.57721346616745,0.3190169334411621,0.1784520298242569,0.9899605512619019,0.5689945816993713,0.35140982270240784,0.41039106249809265,0.9998213648796082,0.47906985878944397,0.3151208460330963,0.062118589878082275,0.9993139505386353,0.5682213306427002,0.4225781559944153,0.43751654028892517,0.37258288264274597,0.4640434682369232,0.3967346251010895,-0.04408258944749832,0.29846295714378357,0.5301198363304138,0.4178679883480072,0.3126938045024872,0.322773814201355,0.48148125410079956,0.4193834662437439,0.035362377762794495,0.3191479444503784,0.4991840422153473,0.4252201020717621,0.30334988236427307,0.32779571413993835,0.4799356758594513,0.42816075682640076,0.00985910464078188,0.33561983704566956,0.49747124314308167,0.4163215756416321,0.280666321516037,0.3294391930103302,0.48911425471305847,0.4262146055698395,0.007687496021389961,0.33795323967933655,0.5099037885665894,0.409636914730072,0.301626592874527,0.30161118507385254,0.48632100224494934,0.4217766225337982,0.03469088301062584,0.3143325448036194,0.4663577973842621,0.497697651386261,0.12378373742103577,0.9996384978294373,0.4060063660144806,0.490163654088974,-0.12457415461540222,0.999520480632782,0.5217390656471252,0.5795629024505615,0.07403642684221268,0.18481594324111938,0.5563316345214844,0.5437504649162292,-0.23193871974945068,0.24606135487556458,0.4884674549102783,0.7171519994735718,-0.21694022417068481,0.21904437243938446,0.5623801946640015,0.705591082572937,-0.3817107677459717,0.2559528946876526,0.4713316559791565,0.7362595200538635,-0.2561928629875183,0.24745111167430878,0.5367478132247925,0.7281553149223328,-0.39495939016342163,0.24755693972110748,0.4971109926700592,0.760285496711731,-0.38251224160194397,0.23433834314346313,0.633743941783905,0.7496744990348816,-0.46321016550064087,0.2505415976047516
328,10.933333333333334,0.550536036491394,0.3702271580696106,0.23855401575565338,0.9946014881134033,0.5428338050842285,0.3607026934623718,0.24444372951984406,0.9879627823829651,0.5401663780212402,0.3588929772377014,0.24408455193042755,0.9868718981742859,0.5375864505767822,0.3575017750263214,0.24412471055984497,0.9920869469642639,0.5427320003509521,0.3633263111114502,0.19981533288955688,0.9922543168067932,0.5404269695281982,0.3635326325893402,0.19945260882377625,0.9928815364837646,0.5379589796066284,0.36351078748703003,0.19938097894191742,0.9951082468032837,0.5106735229492188,0.34871262311935425,0.28123414516448975,0.9931366443634033,0.5114386081695557,0.3565819561481476,0.08391186594963074,0.9844411611557007,0.5349026918411255,0.3701006770133972,0.2657601237297058,0.9906120300292969,0.5374923348426819,0.3732724189758301,0.2054179310798645,0.988750159740448,0.42127305269241333,0.355173259973526,0.356311172246933,0.9998108148574829,0.5023036003112793,0.37372708320617676,-0.026181168854236603,0.9993216395378113,0.483084499835968,0.4071013927459717,0.4103471636772156,0.3355812132358551,0.5970006585121155,0.4263055920600891,-0.07072220742702484,0.28289416432380676,0.5470609664916992,0.4174281060695648,0.3584771156311035,0.29147055745124817,0.638698935508728,0.41048115491867065,0.04636365920305252,0.348947674036026,0.5615482330322266,0.4165028929710388,0.3667449653148651,0.29681625962257385,0.6378415822982788,0.39551812410354614,0.016934549435973167,0.36103323101997375,0.5645843744277954,0.41481322050094604,0.33171844482421875,0.29826104640960693,0.6373733282089233,0.389797568321228,0.026315608993172646,0.36280059814453125,0.5617088079452515,0.41492730379104614,0.34258922934532166,0.27312731742858887,0.6282054781913757,0.39234137535095215,0.04979000240564346,0.333062082529068,0.424300879240036,0.5008726716041565,0.13310851156711578,0.9993979930877686,0.44722557067871094,0.5050070285797119,-0.1338185966014862,0.9992713928222656,0.5481836199760437,0.49299830198287964,0.2581411302089691,0.16678927838802338,0.6066084504127502,0.46908625960350037,-0.09482967853546143,0.2252376675605774,0.5001217126846313,0.570671558380127,0.17488811910152435,0.1975974440574646,0.6545480489730835,0.5457994937896729,-0.18975065648555756,0.23494666814804077,0.48940926790237427,0.5849729776382446,0.1638597846031189,0.22438018023967743,0.6533195972442627,0.571818470954895,-0.19866561889648438,0.23348252475261688,0.47736838459968567,0.575080931186676,0.14168451726436615,0.21162980794906616,0.6858526468276978,0.5275202393531799,-0.2356308549642563,0.23226064443588257
329,10.966666666666667,0.5504642724990845,0.3725356459617615,0.22753164172172546,0.9946214556694031,0.5437461137771606,0.3624299466609955,0.23332174122333527,0.9885910749435425,0.5421368479728699,0.36094751954078674,0.23295678198337555,0.9874187111854553,0.5408598780632019,0.3599222004413605,0.2330004870891571,0.9924517869949341,0.5427340269088745,0.364113450050354,0.1901228129863739,0.99270099401474,0.5403951406478882,0.36406928300857544,0.18967407941818237,0.993239164352417,0.5378367900848389,0.36383169889450073,0.1895449310541153,0.9953675270080566,0.5209943652153015,0.3523334860801697,0.2803071141242981,0.9934907555580139,0.5129581689834595,0.35699835419654846,0.08406351506710052,0.9854042530059814,0.5365074872970581,0.37383490800857544,0.2605455219745636,0.9892539978027344,0.5375017523765564,0.375764936208725,0.20113790035247803,0.9879601001739502,0.4588690996170044,0.37410658597946167,0.3688242733478546,0.9997718930244446,0.5046349167823792,0.37372344732284546,-0.025144772604107857,0.9993537068367004,0.4845777750015259,0.40518873929977417,0.5523917078971863,0.3032335638999939,0.5854768753051758,0.40335792303085327,-0.014644786715507507,0.2870025336742401,0.5470533967018127,0.40331363677978516,0.7036728262901306,0.2650570571422577,0.6298179030418396,0.39955082535743713,0.20227882266044617,0.3614325523376465,0.5614532828330994,0.4026052951812744,0.7428873777389526,0.27161261439323425,0.6360858678817749,0.39541566371917725,0.19752000272274017,0.37331801652908325,0.5644913911819458,0.40024441480636597,0.7122382521629333,0.2729198634624481,0.6342058181762695,0.3906160593032837,0.20925061404705048,0.37342286109924316,0.5617007613182068,0.3999914526939392,0.6947717070579529,0.2502802610397339,0.626218855381012,0.3923552632331848,0.20983180403709412,0.3368159234523773,0.42445486783981323,0.5242810845375061,0.13424663245677948,0.9994452595710754,0.4386862814426422,0.5240201354026794,-0.13485749065876007,0.999334990978241,0.542147159576416,0.6162813305854797,0.23711556196212769,0.15649263560771942,0.5367523431777954,0.6309729814529419,-0.09955453872680664,0.25456973910331726,0.45419785380363464,0.6960107088088989,0.3156116008758545,0.18687374889850616,0.49005237221717834,0.7595386505126953,-0.09274782240390778,0.26894429326057434,0.42764294147491455,0.7055205702781677,0.3239601254463196,0.2213006168603897,0.4682518541812897,0.780418336391449,-0.08822846412658691,0.2575458586215973,0.4682930111885071,0.7273972034454346,0.33328598737716675,0.2006538063287735,0.5371778011322021,0.7945665121078491,-0.12158097326755524,0.2535618543624878
330,11.0,0.5444214940071106,0.3656865060329437,0.29131224751472473,0.9948971271514893,0.5380750894546509,0.3555378317832947,0.30079805850982666,0.9893699288368225,0.5354282259941101,0.3543669283390045,0.30047494173049927,0.9881595969200134,0.5329611301422119,0.35365450382232666,0.3005431890487671,0.9929174780845642,0.5388495922088623,0.3561517298221588,0.24834179878234863,0.9932475090026855,0.5372425317764282,0.35572823882102966,0.24783052504062653,0.9937359094619751,0.535405158996582,0.3550867438316345,0.24770712852478027,0.9957173466682434,0.5109162330627441,0.34712690114974976,0.34692129492759705,0.9939280152320862,0.5119398832321167,0.34874048829078674,0.11084875464439392,0.9865835309028625,0.529427170753479,0.3680455684661865,0.32381969690322876,0.9893544912338257,0.5328443050384521,0.3689824342727661,0.25197428464889526,0.9883987307548523,0.434413880109787,0.3706274926662445,0.4578127861022949,0.9997403025627136,0.506081223487854,0.3667903244495392,-0.03249916434288025,0.9993964433670044,0.48219630122184753,0.4004160463809967,0.6691449880599976,0.27621105313301086,0.5864524841308594,0.38792720437049866,-0.08014124631881714,0.3483180105686188,0.5535845160484314,0.4046577513217926,0.8120151162147522,0.24468810856342316,0.638037383556366,0.38846465945243835,0.08584039658308029,0.41775640845298767,0.5696904063224792,0.4040994644165039,0.856275200843811,0.25269219279289246,0.6472480893135071,0.38732725381851196,0.06884975731372833,0.42636728286743164,0.5755569338798523,0.40287986397743225,0.8159262537956238,0.25386539101600647,0.6477994322776794,0.3858236074447632,0.09702685475349426,0.4254082143306732,0.5738537907600403,0.402630478143692,0.798861026763916,0.23349489271640778,0.6354157328605652,0.38713204860687256,0.09831494092941284,0.385732501745224,0.40573012828826904,0.5226442217826843,0.15263859927654266,0.999488890171051,0.43808314204216003,0.5202302932739258,-0.15320725739002228,0.999393105506897,0.49550536274909973,0.6515358686447144,0.2382141798734665,0.17774684727191925,0.5178923010826111,0.6407869458198547,-0.10543988645076752,0.3168090283870697,0.444149911403656,0.7670255899429321,0.28137505054473877,0.21459926664829254,0.4771251976490021,0.7709213495254517,-0.07352189719676971,0.32406413555145264,0.4074206054210663,0.7794264554977417,0.2810555696487427,0.26265013217926025,0.45987293124198914,0.7900170683860779,-0.0697106271982193,0.3086419403553009,0.47766223549842834,0.7832071781158447,0.24852126836776733,0.22213582694530487,0.5310016870498657,0.7914489507675171,-0.12504859268665314,0.29383182525634766
332,11.066666666666666,0.5176334381103516,0.34170839190483093,-0.05967102199792862,0.9952080249786377,0.5212615132331848,0.3311998248100281,-0.01755879819393158,0.9902625679969788,0.524603009223938,0.33149099349975586,-0.018341055139899254,0.9891129732131958,0.5269744992256165,0.3305785655975342,-0.018152739852666855,0.9934895038604736,0.5075505375862122,0.32889705896377563,-0.07021518051624298,0.9937825202941895,0.5014789700508118,0.3280092477798462,-0.07087196409702301,0.9942216873168945,0.49520131945610046,0.3268510103225708,-0.07115776091814041,0.9960393905639648,0.5187814235687256,0.33287376165390015,0.1749373972415924,0.9943411350250244,0.47355660796165466,0.32862675189971924,-0.0642443373799324,0.987386167049408,0.5217006802558899,0.34616464376449585,0.022156205028295517,0.9892913103103638,0.5077552795410156,0.3462325930595398,-0.05161610618233681,0.9881195425987244,0.4977520704269409,0.39028823375701904,0.3877841830253601,0.9996441006660461,0.45160436630249023,0.37357479333877563,-0.22334903478622437,0.9993206262588501,0.5529319643974304,0.42811936140060425,0.4304007589817047,0.2503165304660797,0.6047005653381348,0.4069632589817047,-0.391103059053421,0.3602712154388428,0.6026820540428162,0.42959436774253845,0.1852785050868988,0.22639428079128265,0.6662399768829346,0.37443286180496216,-0.36122772097587585,0.4222104549407959,0.6139118075370789,0.4405013918876648,0.17158512771129608,0.2386380285024643,0.6916701793670654,0.3741535544395447,-0.43001115322113037,0.43408599495887756,0.6118232011795044,0.4325924515724182,0.12709134817123413,0.24014388024806976,0.684544563293457,0.3672894239425659,-0.4105963706970215,0.4316917359828949,0.6089590787887573,0.43002375960350037,0.16214962303638458,0.2210327833890915,0.6748508214950562,0.3680691719055176,-0.35632234811782837,0.38774165511131287,0.46169960498809814,0.5710258483886719,0.20103111863136292,0.9995073080062866,0.45054271817207336,0.5715051293373108,-0.20177949965000153,0.9994117617607117,0.5118678212165833,0.6673842072486877,0.4403272271156311,0.16784319281578064,0.5452291965484619,0.6530336141586304,-0.019354362040758133,0.30426153540611267,0.47230076789855957,0.7514616250991821,0.5618453025817871,0.20949096977710724,0.4909851551055908,0.7390121817588806,0.1945527344942093,0.3172326385974884,0.43298017978668213,0.7687597274780273,0.5660737156867981,0.2687970995903015,0.4612039029598236,0.7720659375190735,0.2149520069360733,0.3027241826057434,0.5199002623558044,0.7838027477264404,0.48010674118995667,0.22407643496990204,0.5425044894218445,0.7773054838180542,0.13804227113723755,0.2862868905067444
333,11.1,0.5310778021812439,0.3198626935482025,-0.06559634953737259,0.9947341680526733,0.5332387685775757,0.31253400444984436,-0.03615874424576759,0.9903951287269592,0.5333115458488464,0.31253474950790405,-0.03697666525840759,0.9891664981842041,0.5335199236869812,0.3129482865333557,-0.03691137209534645,0.9936152696609497,0.526035726070404,0.3111872971057892,-0.09425020962953568,0.9937505125999451,0.5211842656135559,0.3105504810810089,-0.09485159814357758,0.9941567778587341,0.5161418318748474,0.3096741735935211,-0.09511982649564743,0.9960008263587952,0.5168525576591492,0.3161424994468689,0.09520156681537628,0.9943470358848572,0.485759437084198,0.31222909688949585,-0.16949252784252167,0.9866541028022766,0.5236201286315918,0.3327159285545349,-0.002832892583683133,0.9884573817253113,0.5172756910324097,0.3313060402870178,-0.08338353782892227,0.9868890047073364,0.4760996401309967,0.3721223771572113,0.27551567554473877,0.9996128678321838,0.4568672180175781,0.37668001651763916,-0.30895039439201355,0.9992219805717468,0.5621905326843262,0.41514164209365845,0.4568954408168793,0.22674427926540375,0.6041663885116577,0.41438764333724976,-0.4616422951221466,0.36858171224594116,0.620374858379364,0.40431270003318787,0.43619731068611145,0.21005135774612427,0.6817715764045715,0.3802538514137268,-0.43128713965415955,0.4320131838321686,0.6306418180465698,0.4030361771583557,0.4568159878253937,0.22562697529792786,0.7078925371170044,0.3740267753601074,-0.49376216530799866,0.4475691616535187,0.6302422881126404,0.39656907320022583,0.40552547574043274,0.2274203598499298,0.7075020670890808,0.3666258454322815,-0.474130243062973,0.4439255893230438,0.626827597618103,0.3971039652824402,0.41568082571029663,0.20952960848808289,0.6945508718490601,0.3677998185157776,-0.4265473783016205,0.3927032947540283,0.4618919789791107,0.5610417127609253,0.18723447620868683,0.9995309114456177,0.4473223388195038,0.5693561434745789,-0.18788358569145203,0.9994356036186218,0.522693395614624,0.6510124802589417,0.4698823392391205,0.15336360037326813,0.4925003945827484,0.6523045301437378,0.046602509915828705,0.28098195791244507,0.4714494049549103,0.7229039072990417,0.667148768901825,0.19373992085456848,0.48724719882011414,0.7396690845489502,0.2531284689903259,0.305144339799881,0.4336569905281067,0.7543588876724243,0.680777370929718,0.25348126888275146,0.4612661600112915,0.7741954326629639,0.27212759852409363,0.29085472226142883,0.5153160691261292,0.7575242519378662,0.6329870223999023,0.21021850407123566,0.528735339641571,0.7774403095245361,0.20124903321266174,0.27286046743392944
334,11.133333333333333,0.5330438613891602,0.3234526515007019,-0.12606404721736908,0.9938379526138306,0.5363916158676147,0.3175109326839447,-0.09170195460319519,0.9899104833602905,0.5372171998023987,0.3179742693901062,-0.09249333292245865,0.9883324503898621,0.5383316874504089,0.3202425241470337,-0.09244632720947266,0.9932226538658142,0.5266613960266113,0.31582197546958923,-0.14373762905597687,0.9934729337692261,0.5210707783699036,0.3153541684150696,-0.14433197677135468,0.9938713908195496,0.5153264403343201,0.3146616816520691,-0.1446402370929718,0.9958593249320984,0.51774001121521,0.32780125737190247,0.06395097821950912,0.9934739470481873,0.48480331897735596,0.3209054172039032,-0.1728084832429886,0.985093891620636,0.525472104549408,0.34027040004730225,-0.059263214468955994,0.9860224723815918,0.5193617343902588,0.3389807343482971,-0.13208729028701782,0.9847288131713867,0.49200546741485596,0.3898591995239258,0.21385876834392548,0.9995203018188477,0.4478936493396759,0.38904666900634766,-0.28487852215766907,0.9991031289100647,0.5745449662208557,0.42055743932724,0.3805686831474304,0.20624789595603943,0.5902246832847595,0.42461729049682617,-0.44268640875816345,0.3658057451248169,0.5867486596107483,0.39959537982940674,0.32954373955726624,0.19316604733467102,0.6747886538505554,0.3930390477180481,-0.44365277886390686,0.4234762191772461,0.5773138403892517,0.3969956040382385,0.3330763578414917,0.21024861931800842,0.7060898542404175,0.3873603045940399,-0.5105245113372803,0.4421975910663605,0.5716773271560669,0.3851776123046875,0.29366335272789,0.2123020589351654,0.6966014504432678,0.3772204518318176,-0.4942896068096161,0.43805843591690063,0.5754891037940979,0.38540875911712646,0.3123956322669983,0.19581006467342377,0.6917412281036377,0.3794727027416229,-0.4411963224411011,0.38404297828674316,0.47402581572532654,0.5623329877853394,0.1531907320022583,0.9995461702346802,0.43248817324638367,0.5718337297439575,-0.1537116914987564,0.9994528889656067,0.5520984530448914,0.6517147421836853,0.403971791267395,0.1408766657114029,0.46984896063804626,0.6545298099517822,0.03250507265329361,0.25724267959594727,0.5267258286476135,0.729030966758728,0.6396453380584717,0.17979511618614197,0.4827921986579895,0.7434641122817993,0.23774126172065735,0.2867605984210968,0.5084270238876343,0.7497470378875732,0.6413671970367432,0.23650823533535004,0.45979970693588257,0.7653367519378662,0.25662851333618164,0.2702629566192627,0.5632721185684204,0.7564578056335449,0.625978410243988,0.19761943817138672,0.5215126276016235,0.7816523313522339,0.15596173703670502,0.25551697611808777
335,11.166666666666666,0.5464070439338684,0.29503870010375977,-0.41721874475479126,0.9942874312400818,0.5423554182052612,0.28098350763320923,-0.3736206889152527,0.990723729133606,0.5422264337539673,0.2802160978317261,-0.37438273429870605,0.9892556071281433,0.5427254438400269,0.2798583507537842,-0.37430518865585327,0.9937343001365662,0.5323066115379333,0.2820178270339966,-0.44295066595077515,0.9940286874771118,0.5244660377502441,0.28177323937416077,-0.4435940682888031,0.9944074153900146,0.5162570476531982,0.2822551131248474,-0.44399702548980713,0.9962234497070312,0.5170183181762695,0.2836820185184479,-0.14753469824790955,0.993896484375,0.4830988049507141,0.28681260347366333,-0.45917603373527527,0.9863927364349365,0.5333290696144104,0.3105646073818207,-0.32212889194488525,0.9870060086250305,0.5272433161735535,0.31026238203048706,-0.4162662923336029,0.9859768152236938,0.4914660155773163,0.3541870713233948,0.1281341016292572,0.9995120763778687,0.42890310287475586,0.38058727979660034,-0.5512358546257019,0.9991629719734192,0.5732949376106262,0.4205284118652344,0.25732558965682983,0.18666931986808777,0.5368691086769104,0.445870578289032,-0.7300786375999451,0.4207732081413269,0.5995200872421265,0.4058077335357666,0.024522097781300545,0.17834331095218658,0.6728640198707581,0.40670067071914673,-0.7871943712234497,0.47645923495292664,0.6016191840171814,0.40739327669143677,0.0030349844601005316,0.1982196420431137,0.7111896276473999,0.39655405282974243,-0.8833574056625366,0.4912576675415039,0.6042414307594299,0.3964865207672119,-0.054421838372945786,0.2006077766418457,0.7032794952392578,0.3835398852825165,-0.8537071943283081,0.4869658648967743,0.6001821160316467,0.3961111903190613,-0.00530652329325676,0.1845194548368454,0.6929951310157776,0.38643699884414673,-0.7778382301330566,0.43059423565864563,0.48183026909828186,0.5471991896629333,0.16776283085346222,0.9995768666267395,0.4190010130405426,0.5616468787193298,-0.1675814688205719,0.9994968771934509,0.5743486881256104,0.6367043256759644,0.4143773019313812,0.13028673827648163,0.4645945131778717,0.6532089710235596,-0.023268667981028557,0.2498336136341095,0.5304397344589233,0.7131291031837463,0.7912441492080688,0.16630122065544128,0.47389304637908936,0.7446454763412476,0.31880131363868713,0.27888160943984985,0.5156286954879761,0.7267355918884277,0.8193861246109009,0.2207743525505066,0.4453074634075165,0.7623440027236938,0.3519497215747833,0.2562366724014282,0.5718396306037903,0.7564548254013062,0.7417215704917908,0.18503712117671967,0.5192787051200867,0.7855737805366516,0.23094391822814941,0.24585838615894318
336,11.2,0.5444648861885071,0.2925034165382385,-0.5395008325576782,0.9947192072868347,0.5332526564598083,0.2772749960422516,-0.4904545545578003,0.9914630055427551,0.536037802696228,0.2763505280017853,-0.4911852180957794,0.9900907278060913,0.5382565259933472,0.2756160497665405,-0.4910793602466583,0.9941908121109009,0.5184816718101501,0.27814966440200806,-0.5573245882987976,0.9945343732833862,0.5099259614944458,0.2780582308769226,-0.5579837560653687,0.99489426612854,0.5009312033653259,0.2782183289527893,-0.5584113001823425,0.9965516328811646,0.513709306716919,0.2785998284816742,-0.2288241982460022,0.9942630529403687,0.47115951776504517,0.28311416506767273,-0.5295052528381348,0.9875971674919128,0.530500054359436,0.30687928199768066,-0.4318465292453766,0.9879728555679321,0.5217391848564148,0.30713802576065063,-0.5225821137428284,0.9871587753295898,0.497951477766037,0.3518100678920746,0.06301992386579514,0.9995002150535583,0.41021957993507385,0.3734374940395355,-0.6046345829963684,0.9992033243179321,0.5880339741706848,0.4207945764064789,0.030152810737490654,0.17108263075351715,0.5029730200767517,0.46550455689430237,-0.7990509867668152,0.4702322781085968,0.6380431652069092,0.4041636884212494,-0.4417376220226288,0.16994021832942963,0.6628443598747253,0.41887417435646057,-0.9093108177185059,0.5242583155632019,0.6744940280914307,0.41022616624832153,-0.5111721754074097,0.19572299718856812,0.7133566737174988,0.41253751516342163,-1.0245559215545654,0.5351197719573975,0.6942232847213745,0.3935193419456482,-0.569186270236969,0.19917668402194977,0.7048889398574829,0.39595136046409607,-0.9987252950668335,0.5307295322418213,0.663783073425293,0.39834868907928467,-0.47945091128349304,0.18181627988815308,0.6917604804039001,0.3991486430168152,-0.902890682220459,0.4709133803844452,0.5029496550559998,0.5447686910629272,0.1726834923028946,0.999602198600769,0.4180885851383209,0.5599607229232788,-0.17283904552459717,0.9995328783988953,0.5644251704216003,0.6392790675163269,0.39860546588897705,0.12273762375116348,0.45833227038383484,0.6528517007827759,-0.023284656926989555,0.2393505722284317,0.521382212638855,0.7345557808876038,0.8128290176391602,0.15680134296417236,0.461049348115921,0.7444041967391968,0.4473518431186676,0.2640604078769684,0.5005016922950745,0.7367545366287231,0.8445538878440857,0.20811407268047333,0.4333968162536621,0.7593715786933899,0.4897769093513489,0.23784923553466797,0.5689507126808167,0.7585847973823547,0.718713104724884,0.17639334499835968,0.5085177421569824,0.7872389554977417,0.34557822346687317,0.2309652417898178
337,11.233333333333333,0.5333009958267212,0.2895953357219696,-0.4137635827064514,0.9951838254928589,0.5238921642303467,0.2742374539375305,-0.3621722459793091,0.9922254681587219,0.5289566516876221,0.2736712098121643,-0.362895131111145,0.9909675121307373,0.533434271812439,0.2732885777950287,-0.3628505766391754,0.9947007298469543,0.4985615909099579,0.2748590111732483,-0.4209517538547516,0.995036780834198,0.4873631000518799,0.275191068649292,-0.42157837748527527,0.9953684210777283,0.4762996733188629,0.27595654129981995,-0.42195793986320496,0.9968711733818054,0.5112593173980713,0.27716732025146484,-0.10869437456130981,0.9947552680969238,0.449482798576355,0.2836701273918152,-0.37366101145744324,0.9887561202049255,0.5261906385421753,0.30565279722213745,-0.31083235144615173,0.9890521764755249,0.5077952742576599,0.3077172040939331,-0.3910708427429199,0.9883476495742798,0.5075907111167908,0.35356777906417847,0.13809147477149963,0.999519407749176,0.3945105969905853,0.3722119927406311,-0.4550957679748535,0.9992267489433289,0.6176089644432068,0.4131588935852051,0.14677174389362335,0.16412301361560822,0.48024290800094604,0.47154831886291504,-0.6681725978851318,0.5072429180145264,0.711660623550415,0.3992798626422882,-0.23140862584114075,0.17860352993011475,0.6596193313598633,0.4308406710624695,-0.824061930179596,0.5593398213386536,0.7504433393478394,0.39736586809158325,-0.28744930028915405,0.21240496635437012,0.7142000198364258,0.42485442757606506,-0.9352434873580933,0.5656749606132507,0.7537355422973633,0.38912251591682434,-0.3454074263572693,0.21848461031913757,0.7068828344345093,0.40780502557754517,-0.9111687541007996,0.561056911945343,0.7300469875335693,0.3927221894264221,-0.2662273049354553,0.19924712181091309,0.6911150813102722,0.4102630615234375,-0.8196895122528076,0.4940849840641022,0.5129031538963318,0.5479106307029724,0.15656785666942596,0.9996310472488403,0.4196609556674957,0.5602139234542847,-0.15683817863464355,0.9995661973953247,0.5627619028091431,0.6645237803459167,0.26933908462524414,0.12804023921489716,0.45666801929473877,0.6628004312515259,-0.07756461948156357,0.2329462766647339,0.5192345380783081,0.737350583076477,0.7521410584449768,0.15462534129619598,0.447585791349411,0.7403906583786011,0.4326324760913849,0.25312796235084534,0.4965350329875946,0.7402911186218262,0.7889310121536255,0.20233966410160065,0.42997458577156067,0.7518113255500793,0.4794676601886749,0.2227908968925476,0.5450155735015869,0.7752658128738403,0.663573145866394,0.17505799233913422,0.4852513074874878,0.7823839783668518,0.34395432472229004,0.2207014560699463
338,11.266666666666667,0.5091924667358398,0.2813030183315277,-0.5420575141906738,0.9956580996513367,0.5001088380813599,0.2666073441505432,-0.4865959584712982,0.9929925799369812,0.5073208808898926,0.26632559299468994,-0.48725631833076477,0.9918571710586548,0.5135470628738403,0.26618000864982605,-0.4871591329574585,0.9952216148376465,0.4707777202129364,0.2673627436161041,-0.5432969927787781,0.9955282807350159,0.4604487419128418,0.26805803179740906,-0.5439563989639282,0.9958274364471436,0.4507344961166382,0.2690781354904175,-0.544303834438324,0.9971811175346375,0.5002283453941345,0.27176162600517273,-0.1981005072593689,0.995266854763031,0.42610329389572144,0.2774030268192291,-0.45244526863098145,0.9898704886436462,0.5137086510658264,0.29796767234802246,-0.4257206916809082,0.9901270866394043,0.48992064595222473,0.3007274866104126,-0.5030103325843811,0.9894993901252747,0.5149146914482117,0.346780002117157,0.09067056328058243,0.9995527267456055,0.37070977687835693,0.3668768107891083,-0.4950995147228241,0.9992843270301819,0.6352913975715637,0.410655677318573,0.05875018984079361,0.16507312655448914,0.44198325276374817,0.47180524468421936,-0.6861953139305115,0.5501976013183594,0.7449584007263184,0.3976775109767914,-0.4098532497882843,0.21133333444595337,0.6461456418037415,0.44017571210861206,-0.8521727919578552,0.5997849702835083,0.7847405076026917,0.39036527276039124,-0.4820385277271271,0.2530268430709839,0.7023153305053711,0.43494516611099243,-0.9658295512199402,0.6033862233161926,0.7804806232452393,0.3849339187145233,-0.5452431440353394,0.262133926153183,0.6974261403083801,0.4181697964668274,-0.9463691711425781,0.5990709066390991,0.7679360508918762,0.388700395822525,-0.4493274390697479,0.23935428261756897,0.6870577931404114,0.4193514287471771,-0.8485772013664246,0.5317243337631226,0.5159669518470764,0.5454717874526978,0.1582154929637909,0.9996464848518372,0.42055702209472656,0.5581297874450684,-0.1585640013217926,0.9995866417884827,0.5661190748214722,0.6704274415969849,0.20394045114517212,0.13234566152095795,0.45580580830574036,0.6669697165489197,-0.12542463839054108,0.2317526936531067,0.5057724118232727,0.7438649535179138,0.7146562337875366,0.15016233921051025,0.44811511039733887,0.7475124597549438,0.41135165095329285,0.24318565428256989,0.4728046953678131,0.7531881332397461,0.7444576621055603,0.1963934749364853,0.43360668420791626,0.7510014772415161,0.4600273072719574,0.21000936627388,0.5337064862251282,0.7840018272399902,0.6343296766281128,0.17334391176700592,0.4917250871658325,0.7800678610801697,0.31044185161590576,0.21231772005558014
339,11.3,0.4994456470012665,0.2845988869667053,-0.3852839171886444,0.9960247278213501,0.48785921931266785,0.2698620557785034,-0.33823707699775696,0.9935278296470642,0.49230578541755676,0.2691258490085602,-0.33894747495651245,0.9924834370613098,0.49634429812431335,0.26854386925697327,-0.33885979652404785,0.9955807328224182,0.4652428925037384,0.27145713567733765,-0.3958299458026886,0.9958951473236084,0.4556639790534973,0.27184945344924927,-0.3964937925338745,0.9961807131767273,0.4469893276691437,0.27227887511253357,-0.39683905243873596,0.997417688369751,0.4814307689666748,0.2724842429161072,-0.10273885726928711,0.9956053495407104,0.4213320314884186,0.27857500314712524,-0.39872512221336365,0.9907407164573669,0.502647340297699,0.2988961637020111,-0.2878910005092621,0.9910153150558472,0.48000895977020264,0.3020956218242645,-0.36805665493011475,0.9904767870903015,0.5254755616188049,0.3408256471157074,0.11503413319587708,0.9995900988578796,0.36448100209236145,0.36470019817352295,-0.3574671447277069,0.9993405938148499,0.6612123847007751,0.3950515389442444,0.06639169156551361,0.18813902139663696,0.41131046414375305,0.46478885412216187,-0.5884337425231934,0.5828954577445984,0.7885639667510986,0.39811989665031433,-0.3422694802284241,0.25560563802719116,0.5855656266212463,0.44931960105895996,-0.7746586203575134,0.6294713616371155,0.8283900022506714,0.3937954306602478,-0.4074576497077942,0.2962688207626343,0.645990788936615,0.44483858346939087,-0.8810244798660278,0.6290128231048584,0.8272239565849304,0.3867695927619934,-0.4674201011657715,0.3079473674297333,0.6430675983428955,0.43346935510635376,-0.8663341999053955,0.6249905228614807,0.8076927065849304,0.3902025520801544,-0.3784162402153015,0.2832856774330139,0.6298811435699463,0.4353395104408264,-0.7748047709465027,0.5528185367584229,0.5272697806358337,0.5372310876846313,0.1336643099784851,0.9996649622917175,0.4213976263999939,0.5526449680328369,-0.13396112620830536,0.9996105432510376,0.5909650921821594,0.6688059568405151,0.18643741309642792,0.12990336120128632,0.46161118149757385,0.6658869981765747,-0.12911468744277954,0.22799691557884216,0.545502781867981,0.7379536628723145,0.7125546932220459,0.14020508527755737,0.4508448839187622,0.7484411001205444,0.2976360619068146,0.23622547090053558,0.5293164253234863,0.7455534934997559,0.753595232963562,0.18332400918006897,0.43542808294296265,0.7542707324028015,0.3333462178707123,0.1959921419620514,0.5610898733139038,0.760214626789093,0.6289799809455872,0.16344541311264038,0.49554434418678284,0.7825700044631958,0.1342453807592392,0.2048225998878479
340,11.333333333333334,0.4890402555465698,0.282367467880249,-0.6844952702522278,0.9963974356651306,0.4749075174331665,0.2669057250022888,-0.654502272605896,0.994113564491272,0.47730758786201477,0.26585257053375244,-0.6552820205688477,0.9931720495223999,0.4797932207584381,0.2649368345737457,-0.6553367376327515,0.9959818720817566,0.45722970366477966,0.2694084048271179,-0.6992204189300537,0.9962706565856934,0.4482682943344116,0.27020254731178284,-0.6998158097267151,0.9965311288833618,0.439745157957077,0.2711573839187622,-0.7002090811729431,0.997650146484375,0.46356701850891113,0.2688629925251007,-0.44320476055145264,0.9959936738014221,0.4107794463634491,0.27860182523727417,-0.6457539796829224,0.9915671944618225,0.4903222322463989,0.2957552671432495,-0.5942796468734741,0.9918645024299622,0.4691486358642578,0.2992814779281616,-0.6563109755516052,0.9913853406906128,0.5227475762367249,0.33160144090652466,-0.20997603237628937,0.9996286630630493,0.3576944172382355,0.36390089988708496,-0.616853654384613,0.9993906617164612,0.6621910333633423,0.3811924457550049,-0.17467419803142548,0.2332543581724167,0.3876510262489319,0.4603630006313324,-0.7810333371162415,0.6044032573699951,0.7932448387145996,0.3836171329021454,-0.4671078026294708,0.3040647506713867,0.5412037968635559,0.46348148584365845,-0.9744446873664856,0.6272466778755188,0.832140326499939,0.3785516023635864,-0.5194294452667236,0.3381600081920624,0.5848429203033447,0.46714863181114197,-1.0796127319335938,0.6156208515167236,0.8346792459487915,0.37167593836784363,-0.5894839763641357,0.3522634506225586,0.5881507396697998,0.451211154460907,-1.0787220001220703,0.6128116250038147,0.8161013126373291,0.37619084119796753,-0.5037021636962891,0.32606735825538635,0.5724270939826965,0.45128145813941956,-0.9810345768928528,0.5321403741836548,0.5268939137458801,0.5249159336090088,0.12358767539262772,0.999684751033783,0.4226914346218109,0.5447837114334106,-0.12379026412963867,0.9996305108070374,0.5897442698478699,0.6235789060592651,0.3461951017379761,0.12671728432178497,0.46095675230026245,0.6614525318145752,-0.07828192412853241,0.22785945236682892,0.5926499962806702,0.7122697830200195,0.8468387126922607,0.13624821603298187,0.45913589000701904,0.7479432821273804,0.38042107224464417,0.23257577419281006,0.5910979509353638,0.7348999381065369,0.882427990436554,0.17422527074813843,0.45462319254875183,0.7551109790802002,0.41585206985473633,0.18332724273204803,0.6209093332290649,0.7370070219039917,0.737488329410553,0.15962332487106323,0.50047367811203,0.7856107950210571,0.2182701677083969,0.19935789704322815
341,11.366666666666667,0.4558752775192261,0.27837562561035156,-0.8433671593666077,0.9967541694641113,0.4520260989665985,0.2621796429157257,-0.8131378889083862,0.9946932792663574,0.4569816291332245,0.26077961921691895,-0.8139084577560425,0.9938448071479797,0.4614856243133545,0.25953519344329834,-0.8139722943305969,0.9963764548301697,0.42971691489219666,0.2656940519809723,-0.8373180627822876,0.9966381192207336,0.4196872413158417,0.2665770649909973,-0.8378936648368835,0.9968727231025696,0.4099119007587433,0.267361044883728,-0.8382490277290344,0.9978803396224976,0.4562199115753174,0.26300176978111267,-0.5769267082214355,0.9963850378990173,0.3910347521305084,0.2745150327682495,-0.6860648393630981,0.9923879504203796,0.46616512537002563,0.2897056043148041,-0.7438388466835022,0.9926647543907166,0.43954014778137207,0.29431989789009094,-0.7790765762329102,0.9922341108322144,0.5224218964576721,0.3249374330043793,-0.3564147651195526,0.9996642470359802,0.34407612681388855,0.3598788380622864,-0.5851112604141235,0.99944007396698,0.6648487448692322,0.37076252698898315,-0.37963858246803284,0.28687214851379395,0.35573112964630127,0.45899295806884766,-0.7764298319816589,0.6100136637687683,0.7911099791526794,0.37175309658050537,-0.703700065612793,0.35019800066947937,0.47852519154548645,0.4665793776512146,-1.0832300186157227,0.6057019233703613,0.8293952941894531,0.36777883768081665,-0.7745921015739441,0.3787066638469696,0.5233564376831055,0.4744134843349457,-1.1948574781417847,0.5889115333557129,0.8290817141532898,0.3594314157962799,-0.8393002152442932,0.3946187496185303,0.525727391242981,0.453632652759552,-1.2061123847961426,0.5877204537391663,0.8106816411018372,0.36363691091537476,-0.7384669780731201,0.3667331337928772,0.5192535519599915,0.4557773470878601,-1.0982874631881714,0.5050486922264099,0.5315217971801758,0.5143278241157532,0.0734969899058342,0.9997076988220215,0.4236270487308502,0.5339888334274292,-0.07372589409351349,0.9996553063392639,0.591701865196228,0.6178976893424988,0.22160890698432922,0.13330519199371338,0.454022079706192,0.6523994207382202,-0.044046591967344284,0.23030498623847961,0.6041297316551208,0.7134841084480286,0.726290225982666,0.1373923420906067,0.46994468569755554,0.7469296455383301,0.3840855062007904,0.23631419241428375,0.6022432446479797,0.727817714214325,0.7674338221549988,0.16718590259552002,0.4788763225078583,0.7523820400238037,0.41639572381973267,0.17590561509132385,0.6210811138153076,0.7470926642417908,0.5645749568939209,0.15999512374401093,0.5006943345069885,0.7899414300918579,0.2183028906583786,0.2000066339969635
342,11.4,0.44240802526474,0.276197612285614,-0.6926223635673523,0.9970631003379822,0.44321683049201965,0.26010745763778687,-0.655845046043396,0.9951831698417664,0.44919517636299133,0.2587166428565979,-0.6566123366355896,0.994418203830719,0.45403367280960083,0.257560670375824,-0.6567020416259766,0.9967083930969238,0.4199836254119873,0.2634897530078888,-0.6778877377510071,0.9969461560249329,0.4087477922439575,0.2643643915653229,-0.6784511804580688,0.9971595406532288,0.39845699071884155,0.2649981379508972,-0.6788249015808105,0.998066782951355,0.45277857780456543,0.2613680958747864,-0.4080682098865509,0.9967162609100342,0.3819359540939331,0.271768182516098,-0.516853392124176,0.9930418729782104,0.4506840109825134,0.28697270154953003,-0.5907592177391052,0.9933499097824097,0.4245075285434723,0.2911706566810608,-0.6232341527938843,0.99295574426651,0.5224767327308655,0.3244977593421936,-0.21105319261550903,0.9996949434280396,0.3364275395870209,0.3566761314868927,-0.42007192969322205,0.9994621872901917,0.6702271699905396,0.3654273748397827,-0.2375897914171219,0.3353792428970337,0.3482182025909424,0.45884647965431213,-0.6667352318763733,0.5891926884651184,0.7937703728675842,0.3662329912185669,-0.5775997638702393,0.39665478467941284,0.43774813413619995,0.45978307723999023,-0.9790213108062744,0.5700429677963257,0.827225923538208,0.366036593914032,-0.649328887462616,0.4203135371208191,0.469330370426178,0.4659002423286438,-1.0889915227890015,0.5539312362670898,0.8295906782150269,0.3470320403575897,-0.7130650877952576,0.43742814660072327,0.4697004556655884,0.4481039047241211,-1.104133129119873,0.5537547469139099,0.8099810481071472,0.3552260398864746,-0.6127777695655823,0.4085809886455536,0.46358707547187805,0.4459421634674072,-0.9971275925636292,0.47321686148643494,0.5356191992759705,0.5170812606811523,0.05201326310634613,0.999733030796051,0.42407456040382385,0.535808265209198,-0.05226965621113777,0.9996821284294128,0.5886659622192383,0.626554012298584,0.13388793170452118,0.15948744118213654,0.4587857127189636,0.6523150205612183,-0.019879968836903572,0.24161069095134735,0.6094332933425903,0.7181692123413086,0.5974520444869995,0.15898950397968292,0.5051178336143494,0.7425970435142517,0.4277605712413788,0.25350072979927063,0.6110479831695557,0.7278947234153748,0.6311752796173096,0.1691647469997406,0.5219087600708008,0.7475086450576782,0.4633966088294983,0.17787086963653564,0.6208401322364807,0.7638911008834839,0.43613022565841675,0.17566868662834167,0.5086999535560608,0.7912298440933228,0.27202415466308594,0.20969898998737335
343,11.433333333333334,0.43327614665031433,0.2762525975704193,-0.5722916126251221,0.9973154664039612,0.43367916345596313,0.2604929804801941,-0.5348992347717285,0.9955655932426453,0.43916037678718567,0.259492963552475,-0.5356149077415466,0.994864284992218,0.44417643547058105,0.2586241662502289,-0.5356568694114685,0.9969542622566223,0.4124102294445038,0.262935996055603,-0.5741490721702576,0.9971928000450134,0.4028804898262024,0.2636008560657501,-0.5747902989387512,0.9973928332328796,0.39352044463157654,0.26409396529197693,-0.5751492381095886,0.9982171058654785,0.44274166226387024,0.2637733817100525,-0.301543653011322,0.9969743490219116,0.3763739764690399,0.27164703607559204,-0.3477332293987274,0.9936070442199707,0.4447818398475647,0.2885974049568176,-0.47601318359375,0.993926465511322,0.41673171520233154,0.2920232117176056,-0.5581910014152527,0.9935739636421204,0.524043083190918,0.32726144790649414,-0.14158031344413757,0.9997199773788452,0.326969712972641,0.3561398983001709,-0.22227582335472107,0.9994930028915405,0.6694664359092712,0.36559242010116577,-0.24298354983329773,0.3653428852558136,0.33174145221710205,0.45650801062583923,-0.48486942052841187,0.5857211351394653,0.7908264994621277,0.3750295341014862,-0.635703980922699,0.41655418276786804,0.43367496132850647,0.4529833197593689,-0.9431899785995483,0.5802372097969055,0.8126741051673889,0.3737497329711914,-0.7234053015708923,0.43875929713249207,0.4669053852558136,0.45643654465675354,-1.0631954669952393,0.566458523273468,0.8093997240066528,0.3532550632953644,-0.7780666947364807,0.45759689807891846,0.47257885336875916,0.4387328028678894,-1.0730105638504028,0.5665131211280823,0.7991845011711121,0.36572709679603577,-0.6683874130249023,0.42635467648506165,0.4575541317462921,0.43761855363845825,-0.9608719944953918,0.4812867045402527,0.53404301404953,0.5218650102615356,0.001561664743348956,0.9997560381889343,0.41839927434921265,0.5371830463409424,-0.0017708541126921773,0.9997086524963379,0.585722804069519,0.6321943402290344,-0.05165040120482445,0.1932137906551361,0.43515855073928833,0.6524485945701599,-0.036196254193782806,0.25529319047927856,0.6071321964263916,0.7359204292297363,0.3810940980911255,0.18846961855888367,0.49888908863067627,0.7425413727760315,0.39284345507621765,0.2703970670700073,0.6086364388465881,0.7377617955207825,0.4125403165817261,0.1745346337556839,0.5214179754257202,0.7463111281394958,0.42726925015449524,0.18372079730033875,0.6104227304458618,0.7973352074623108,0.2094084918498993,0.1981850266456604,0.4938661754131317,0.7970527410507202,0.25797945261001587,0.22220303118228912
344,11.466666666666667,0.4154295325279236,0.274040549993515,-0.3768790364265442,0.9975451231002808,0.4220394194126129,0.2607683539390564,-0.34212562441825867,0.9959005117416382,0.42853114008903503,0.2601528763771057,-0.34269335865974426,0.9952605366706848,0.4347880184650421,0.2595614790916443,-0.34268125891685486,0.9971729516983032,0.40157780051231384,0.2625362277030945,-0.3368120491504669,0.9974033832550049,0.3935452699661255,0.26312822103500366,-0.33731281757354736,0.997593343257904,0.38526156544685364,0.2633735239505768,-0.33758121728897095,0.9983453750610352,0.43982166051864624,0.266256719827652,-0.1415109634399414,0.9972049593925476,0.37066739797592163,0.2718244791030884,-0.10941176116466522,0.9940792918205261,0.43062901496887207,0.2876747250556946,-0.29619941115379333,0.9944496154785156,0.40343543887138367,0.29011601209640503,-0.29429230093955994,0.9941226243972778,0.5271894931793213,0.33031803369522095,-0.08060837537050247,0.9997419118881226,0.32074034214019775,0.35712841153144836,0.01190684363245964,0.9995210766792297,0.6700348258018494,0.3713093400001526,-0.24672257900238037,0.39334335923194885,0.3086096942424774,0.45705467462539673,-0.1479516625404358,0.5527937412261963,0.6333886384963989,0.3998276889324188,-0.6750392317771912,0.4148317873477936,0.38424861431121826,0.46655717492103577,-0.5416102409362793,0.5463330149650574,0.6260595321655273,0.4114515781402588,-0.7840675115585327,0.4393015503883362,0.41684332489967346,0.46858397126197815,-0.6451126933097839,0.5404404997825623,0.605838418006897,0.39229971170425415,-0.7978993654251099,0.45765984058380127,0.4235047698020935,0.44867148995399475,-0.6572438478469849,0.5401971936225891,0.6059542894363403,0.3912067711353302,-0.6901281476020813,0.42117074131965637,0.4188211262226105,0.44915682077407837,-0.5583916306495667,0.4573841989040375,0.5328776240348816,0.5242704749107361,-0.026028640568256378,0.9997767210006714,0.41369596123695374,0.537108838558197,0.025773262605071068,0.9997321963310242,0.5834248065948486,0.6390670537948608,-0.09204473346471786,0.2226172834634781,0.42940348386764526,0.6525869965553284,-0.008208551444113255,0.2560364603996277,0.6073257923126221,0.7520198225975037,0.2854599952697754,0.2167513221502304,0.4960267245769501,0.7545718550682068,0.4024805426597595,0.2759847342967987,0.612427830696106,0.7527948021888733,0.3111095726490021,0.18372327089309692,0.5152527093887329,0.7474838495254517,0.4368155300617218,0.18661637604236603,0.6053193211555481,0.809052586555481,0.08272875845432281,0.22239643335342407,0.4683445692062378,0.8018339276313782,0.25244882702827454,0.22822870314121246
345,11.5,0.41269776225090027,0.2772456109523773,-0.4172459542751312,0.9977349638938904,0.4143224358558655,0.2638553977012634,-0.369612455368042,0.9960783123970032,0.4202978312969208,0.26320880651474,-0.3705494701862335,0.9954715967178345,0.4260972738265991,0.26257532835006714,-0.370360791683197,0.9972675442695618,0.3944094777107239,0.2654385566711426,-0.4054121971130371,0.9975457787513733,0.385978102684021,0.2658647894859314,-0.4059668779373169,0.997735321521759,0.37753212451934814,0.266025185585022,-0.406281441450119,0.998439610004425,0.43205392360687256,0.26765337586402893,-0.20021332800388336,0.9972692131996155,0.36488211154937744,0.2731579542160034,-0.22755025327205658,0.9944179654121399,0.42578810453414917,0.29048478603363037,-0.30273017287254333,0.9948490262031555,0.4014303982257843,0.2930144667625427,-0.3632783591747284,0.9945796728134155,0.5281591415405273,0.33319535851478577,-0.1214243471622467,0.9997572302818298,0.31684616208076477,0.3665798306465149,-0.12719620764255524,0.9995532035827637,0.6680682897567749,0.3729572892189026,-0.2996448874473572,0.4045877754688263,0.2981501817703247,0.46150022745132446,-0.2525850236415863,0.5473556518554688,0.7495739459991455,0.3908368647098541,-0.7469209432601929,0.40823301672935486,0.36698147654533386,0.4770275056362152,-0.6024518609046936,0.5473598837852478,0.7774848937988281,0.39036011695861816,-0.8486188054084778,0.4335857629776001,0.36992764472961426,0.4816628098487854,-0.6981304287910461,0.5427144765853882,0.7627549171447754,0.3757054805755615,-0.888659656047821,0.4528343379497528,0.3874143958091736,0.4631625711917877,-0.7252426743507385,0.5433585047721863,0.7473567724227905,0.3771091103553772,-0.7759267091751099,0.4150501489639282,0.3898286521434784,0.4611999988555908,-0.6247116327285767,0.46099090576171875,0.5364477634429932,0.5251557230949402,-0.01387938391417265,0.9997933506965637,0.41440773010253906,0.5375739336013794,0.01359147485345602,0.9997533559799194,0.6012725830078125,0.6552256345748901,-0.05627632513642311,0.21776053309440613,0.42965927720069885,0.6526728868484497,-0.0307084321975708,0.24413813650608063,0.6045488715171814,0.7551628351211548,0.32781538367271423,0.2106025218963623,0.482269823551178,0.7650614380836487,0.36404892802238464,0.2655998766422272,0.6033772230148315,0.7593393921852112,0.3541967272758484,0.17650653421878815,0.5095787644386292,0.7753755450248718,0.3965902626514435,0.18081282079219818,0.6037401556968689,0.8091449737548828,0.1633022278547287,0.21584786474704742,0.4488796293735504,0.8024786710739136,0.2188887745141983,0.22014456987380981
346,11.533333333333333,0.40080171823501587,0.2821674346923828,-0.5609031915664673,0.9977609515190125,0.40979427099227905,0.26782628893852234,-0.5326481461524963,0.9960446357727051,0.4178420901298523,0.2679941952228546,-0.5333632230758667,0.9954769015312195,0.42531847953796387,0.26846325397491455,-0.5333341956138611,0.9972708225250244,0.38451898097991943,0.26834923028945923,-0.5214040279388428,0.9974576234817505,0.37497764825820923,0.26879259943962097,-0.5219392776489258,0.9976366758346558,0.36593157052993774,0.2692077159881592,-0.5223607420921326,0.9983319044113159,0.43598005175590515,0.27578210830688477,-0.34927862882614136,0.9973744750022888,0.35845497250556946,0.27997708320617676,-0.27749189734458923,0.99421226978302,0.41735970973968506,0.29790031909942627,-0.47958824038505554,0.9951537847518921,0.3889962136745453,0.30064186453819275,-0.4690157175064087,0.9948053956031799,0.5394814610481262,0.3453710675239563,-0.23379793763160706,0.9997713565826416,0.3207447826862335,0.3797066807746887,-0.12789373099803925,0.9995347261428833,0.6632936596870422,0.43671315908432007,-0.3431439697742462,0.423554390668869,0.3086793124675751,0.48064517974853516,-0.16888870298862457,0.5104097723960876,0.5395325422286987,0.4547433853149414,-0.6121715307235718,0.3957166075706482,0.4006279408931732,0.46766096353530884,-0.3689676821231842,0.5048837661743164,0.5000810027122498,0.46700519323349,-0.6883240342140198,0.41704386472702026,0.43438011407852173,0.47117629647254944,-0.4359099566936493,0.5011065602302551,0.48460736870765686,0.44668155908584595,-0.7012354731559753,0.433784157037735,0.4346015453338623,0.45586568117141724,-0.4310188591480255,0.5009056329727173,0.49623459577560425,0.44332799315452576,-0.6177734732627869,0.39136022329330444,0.42686063051223755,0.4541824758052826,-0.3719765841960907,0.4237618148326874,0.5451480150222778,0.5290488600730896,-0.027808954939246178,0.999784529209137,0.42070716619491577,0.5435848236083984,0.027551420032978058,0.9997368454933167,0.6028498411178589,0.6652224659919739,-0.053561724722385406,0.2039487659931183,0.43161630630493164,0.6539885997772217,-0.0668361708521843,0.22542859613895416,0.6203252077102661,0.7689932584762573,0.3989918529987335,0.1976843923330307,0.483750581741333,0.7703573107719421,0.3487790524959564,0.24719080328941345,0.6216020584106445,0.7819166779518127,0.43293002247810364,0.16724176704883575,0.5095371603965759,0.7868147492408752,0.3843546509742737,0.17057213187217712,0.6067137122154236,0.8082584142684937,0.24335910379886627,0.20301873981952667,0.4524025022983551,0.8135393261909485,0.20587453246116638,0.20557667315006256
347,11.566666666666666,0.3742448687553406,0.3006800413131714,-0.2250002920627594,0.9979228377342224,0.3871098458766937,0.285931795835495,-0.22281065583229065,0.9962944388389587,0.39412587881088257,0.285887211561203,-0.22338566184043884,0.9957771301269531,0.4005447328090668,0.2859722673892975,-0.22327543795108795,0.9974331855773926,0.3702716827392578,0.28685492277145386,-0.1882886290550232,0.9976073503494263,0.3658863604068756,0.28724509477615356,-0.188897043466568,0.9977889657020569,0.3615451753139496,0.2874918580055237,-0.18914158642292023,0.9984337091445923,0.422624409198761,0.29011350870132446,-0.1533074527978897,0.9975414872169495,0.36533206701278687,0.2927817702293396,0.01249531377106905,0.9945619106292725,0.39627495408058167,0.3143231272697449,-0.18795761466026306,0.9955106377601624,0.37555617094039917,0.31625238060951233,-0.14545923471450806,0.99515300989151,0.5387057662010193,0.3509363532066345,-0.15268149971961975,0.9997888803482056,0.3278057873249054,0.37970271706581116,0.14840887486934662,0.9995676279067993,0.6277679204940796,0.42091068625450134,-0.2777889370918274,0.4466259777545929,0.3208005130290985,0.47433724999427795,0.11192253977060318,0.48174095153808594,0.5428717136383057,0.44644540548324585,-0.5585640668869019,0.41572943329811096,0.3221338391304016,0.4744206964969635,-0.19638881087303162,0.5179567337036133,0.5267158150672913,0.4609646201133728,-0.6343269944190979,0.4384087324142456,0.316707044839859,0.4763221740722656,-0.2649063467979431,0.5229244232177734,0.5087941288948059,0.4459119439125061,-0.6601738333702087,0.45439612865448,0.3194306790828705,0.46386590600013733,-0.3060380220413208,0.5243197679519653,0.5128968358039856,0.4417116641998291,-0.5727595686912537,0.4050746262073517,0.32669681310653687,0.4629482626914978,-0.22429156303405762,0.4500199556350708,0.5425025224685669,0.5268421769142151,-0.06791379302740097,0.9997954368591309,0.4220271110534668,0.5397000908851624,0.06756515800952911,0.9997506141662598,0.5992047786712646,0.658734917640686,-0.1379593014717102,0.20010598003864288,0.4342094957828522,0.6412124037742615,-0.08822637051343918,0.21482646465301514,0.608819305896759,0.7621784806251526,0.12467928230762482,0.19280801713466644,0.47533348202705383,0.7678874135017395,0.16285330057144165,0.23363956809043884,0.6079350113868713,0.7745689153671265,0.13869236409664154,0.16138890385627747,0.5068624019622803,0.779842734336853,0.18222768604755402,0.16512225568294525,0.5990046858787537,0.8044106364250183,-0.023394325748085976,0.2009582221508026,0.4270888566970825,0.8123005628585815,0.05592523515224457,0.2002316117286682
348,11.6,0.37116652727127075,0.3133402466773987,-0.3417463004589081,0.9981017708778381,0.38311439752578735,0.2984709143638611,-0.3300860822200775,0.9966119527816772,0.39141732454299927,0.2968110740184784,-0.33070099353790283,0.996144711971283,0.39958593249320984,0.2951284945011139,-0.33061984181404114,0.9976472854614258,0.36229291558265686,0.3018866181373596,-0.30182117223739624,0.997803270816803,0.35729023814201355,0.3022395074367523,-0.3024318814277649,0.99797123670578,0.3528665006160736,0.30217641592025757,-0.3027805984020233,0.9985580444335938,0.4228585958480835,0.29472437500953674,-0.22154636681079865,0.9977431297302246,0.36309540271759033,0.30442604422569275,-0.07106099277734756,0.9949567914009094,0.3947230577468872,0.32248541712760925,-0.28722524642944336,0.9958412051200867,0.3730919361114502,0.32795146107673645,-0.25385236740112305,0.9954670071601868,0.5361438989639282,0.35402411222457886,-0.24694478511810303,0.999803900718689,0.3374800980091095,0.3785308003425598,0.11901909857988358,0.9995929598808289,0.4936912953853607,0.43739667534828186,-0.3046058714389801,0.4751381278038025,0.33036234974861145,0.46253451704978943,0.043273162096738815,0.44450169801712036,0.3724399507045746,0.47480934858322144,-0.3664642870426178,0.4430435597896576,0.31477099657058716,0.4758501648902893,-0.32308852672576904,0.5010786652565002,0.3400382399559021,0.49809861183166504,-0.42428165674209595,0.4640744924545288,0.29412057995796204,0.4865540862083435,-0.3958686888217926,0.5170997977256775,0.3323446810245514,0.4786604940891266,-0.4301817715167999,0.48008641600608826,0.29904016852378845,0.4718617796897888,-0.4344429075717926,0.5203506350517273,0.34686020016670227,0.4731580317020416,-0.36453306674957275,0.4243449568748474,0.31549960374832153,0.4680522084236145,-0.351575642824173,0.44895678758621216,0.5313895344734192,0.5253893136978149,-0.10168248414993286,0.9998021721839905,0.4221632182598114,0.5315839648246765,0.10141478478908539,0.9997599720954895,0.572361946105957,0.6499000787734985,-0.13323082029819489,0.19625858962535858,0.4321170449256897,0.6253989934921265,0.016628630459308624,0.20092666149139404,0.605290412902832,0.7593191266059875,0.11910892277956009,0.19028982520103455,0.4718175232410431,0.7435842156410217,0.24730834364891052,0.22149433195590973,0.6134684085845947,0.769575297832489,0.1322762817144394,0.15660563111305237,0.5034745931625366,0.7619758248329163,0.2779085040092468,0.160483255982399,0.5762488842010498,0.8017950057983398,-0.041319407522678375,0.2027151882648468,0.4165540337562561,0.7875165939331055,0.10005725920200348,0.19673511385917664
349,11.633333333333333,0.3457450270652771,0.3114698529243469,-0.4516451060771942,0.9982648491859436,0.3575964570045471,0.2973904013633728,-0.465970516204834,0.9969101548194885,0.3632623851299286,0.29607805609703064,-0.4665161967277527,0.9964905977249146,0.3682739734649658,0.2946348488330841,-0.46637415885925293,0.9978512525558472,0.34409499168395996,0.29972851276397705,-0.40990158915519714,0.9979906678199768,0.3418770134449005,0.29986798763275146,-0.4105865955352783,0.9981430172920227,0.33956173062324524,0.29963865876197815,-0.4109528362751007,0.9986771941184998,0.3950495421886444,0.293734610080719,-0.4154055416584015,0.9979407787322998,0.35600611567497253,0.30244728922843933,-0.08686903119087219,0.9953953623771667,0.3689570128917694,0.32094907760620117,-0.42475929856300354,0.9962171912193298,0.354775995016098,0.32449400424957275,-0.35319480299949646,0.9958664774894714,0.49954915046691895,0.35306406021118164,-0.39406436681747437,0.9998188018798828,0.35830649733543396,0.3782506585121155,0.033200379461050034,0.9996252059936523,0.5174479484558105,0.44563713669776917,-0.5368961095809937,0.5120998024940491,0.3376161754131317,0.4549061357975006,0.2260257750749588,0.41691794991493225,0.41198521852493286,0.450994074344635,-0.6758876442909241,0.4897785186767578,0.3112582862377167,0.47528988122940063,0.1638007014989853,0.5247111320495605,0.3756827116012573,0.4919232428073883,-0.7338311672210693,0.507574737071991,0.2856348752975464,0.4811060428619385,0.14803117513656616,0.5430346131324768,0.3834487795829773,0.47403445839881897,-0.7305535078048706,0.5220507383346558,0.2925220727920532,0.4666937291622162,0.09862702339887619,0.5473072528839111,0.3908236622810364,0.4467023015022278,-0.6708320379257202,0.4642280340194702,0.3110390901565552,0.46496692299842834,0.1397756040096283,0.47914111614227295,0.5260905027389526,0.5225555300712585,-0.12885895371437073,0.9997812509536743,0.42312970757484436,0.526833176612854,0.1286754310131073,0.9997487664222717,0.5565076470375061,0.6499375700950623,-0.13670550286769867,0.1939348727464676,0.43330010771751404,0.6301432251930237,0.04055193066596985,0.18996652960777283,0.6038030982017517,0.7568499445915222,0.12580524384975433,0.19230414927005768,0.4804214835166931,0.7426456212997437,0.29909783601760864,0.20988789200782776,0.6119233965873718,0.7681128978729248,0.14210790395736694,0.15623873472213745,0.512819766998291,0.760657787322998,0.32090845704078674,0.15802675485610962,0.5519314408302307,0.79765784740448,-0.011799389496445656,0.2114017754793167,0.4255513846874237,0.7847809791564941,0.23115520179271698,0.19502872228622437
356,11.866666666666667,0.3599863350391388,0.4276251196861267,-0.1227085292339325,0.998028576374054,0.34870490431785583,0.425176203250885,-0.13629522919654846,0.9966676831245422,0.3474896252155304,0.4241871237754822,-0.1365073174238205,0.9960216879844666,0.3465650677680969,0.4231424927711487,-0.1364717036485672,0.9974743127822876,0.35099518299102783,0.42653340101242065,-0.11039181798696518,0.9977355003356934,0.35157740116119385,0.42640453577041626,-0.11060880869626999,0.9978454113006592,0.35201677680015564,0.42635172605514526,-0.11075738072395325,0.9984942674636841,0.34589043259620667,0.4158507287502289,-0.16090096533298492,0.9976500868797302,0.3524881899356842,0.42029088735580444,-0.04151610657572746,0.995010495185852,0.36552858352661133,0.4232059419155121,-0.12644913792610168,0.9953358769416809,0.36837899684906006,0.4245755672454834,-0.09352827817201614,0.9948982000350952,0.38790515065193176,0.4029196798801422,-0.20720738172531128,0.9997925162315369,0.38878774642944336,0.41123729944229126,0.05784812942147255,0.9995551705360413,0.44920969009399414,0.4106462895870209,-0.25725141167640686,0.5116425156593323,0.44530102610588074,0.4253818392753601,0.05744720995426178,0.37702253460884094,0.5068081617355347,0.42245298624038696,-0.23746316134929657,0.4797298312187195,0.49865421652793884,0.4276222288608551,-0.035381097346544266,0.47868508100509644,0.5216104388237,0.42307204008102417,-0.2634643316268921,0.48953840136528015,0.5129467844963074,0.4297334551811218,-0.047429949045181274,0.49729999899864197,0.5209509134292603,0.42629796266555786,-0.2632092237472534,0.5014799237251282,0.5151273012161255,0.42634543776512146,-0.06734464317560196,0.5016207695007324,0.5164154767990112,0.42554306983947754,-0.23570451140403748,0.43894776701927185,0.5105119347572327,0.42470747232437134,-0.04733320325613022,0.4398244619369507,0.5127342939376831,0.3930057883262634,-0.08417833596467972,0.9997814893722534,0.49883875250816345,0.4023503363132477,0.08393917232751846,0.9997438192367554,0.6117986440658569,0.3768823444843292,-0.14372888207435608,0.22855447232723236,0.47846531867980957,0.42632660269737244,0.15580692887306213,0.17199678719043732,0.6724889278411865,0.31532758474349976,-0.13586607575416565,0.2458205670118332,0.5195522308349609,0.4063129425048828,0.16610784828662872,0.19392190873622894,0.671479344367981,0.3060987889766693,-0.13881216943264008,0.1930598020553589,0.5268988609313965,0.4000522196292877,0.164905846118927,0.15441103279590607,0.7023189067840576,0.31878870725631714,-0.22393719851970673,0.2562877833843231,0.5364056825637817,0.41078275442123413,0.1263801008462906,0.18544206023216248
361,12.033333333333333,0.36995047330856323,0.3125080168247223,-0.14220359921455383,0.9977493286132812,0.3787069618701935,0.30032777786254883,-0.1739930361509323,0.9958630800247192,0.3815435767173767,0.2990072965621948,-0.17445659637451172,0.9953398108482361,0.38461336493492126,0.2980794310569763,-0.17437298595905304,0.9970213174819946,0.3756624460220337,0.3032926321029663,-0.13182322680950165,0.9972198605537415,0.3767316937446594,0.3043631911277771,-0.13234072923660278,0.9974099397659302,0.37759241461753845,0.3053068518638611,-0.13261567056179047,0.9982479810714722,0.40870940685272217,0.3000980317592621,-0.23314104974269867,0.9973669052124023,0.39987796545028687,0.3083958625793457,-0.04051157459616661,0.9946067333221436,0.3855252265930176,0.32016921043395996,-0.15006151795387268,0.9953150153160095,0.38157039880752563,0.3239971101284027,-0.09802788496017456,0.9948291778564453,0.47427165508270264,0.36302176117897034,-0.30508601665496826,0.9997930526733398,0.4086284935474396,0.3624272048473358,0.11449677497148514,0.9995548725128174,0.38628435134887695,0.43102365732192993,-0.46009010076522827,0.5396173596382141,0.27202627062797546,0.4026762545108795,0.12444626539945602,0.34110701084136963,0.2425527572631836,0.39243799448013306,-0.5458920001983643,0.5186780691146851,0.15263432264328003,0.3781694173812866,-0.08953993767499924,0.4626992344856262,0.21151548624038696,0.400103896856308,-0.6077024340629578,0.5288941860198975,0.1127839908003807,0.3670163154602051,-0.12579140067100525,0.49978435039520264,0.21476472914218903,0.3831765055656433,-0.5971498489379883,0.5401496887207031,0.11156496405601501,0.3654592037200928,-0.1715935915708542,0.5065956711769104,0.22903478145599365,0.3860851228237152,-0.5411296486854553,0.4751831591129303,0.1301414966583252,0.3714108467102051,-0.11939603835344315,0.4493599236011505,0.47391265630722046,0.5335197448730469,-0.09413034468889236,0.9996528029441833,0.4377134442329407,0.5320373177528381,0.09385114163160324,0.9996464252471924,0.4771856665611267,0.6529456973075867,0.02803032658994198,0.20617346465587616,0.4893077313899994,0.6415975093841553,0.12202412635087967,0.15500685572624207,0.47429436445236206,0.7565217018127441,0.17511577904224396,0.2230982780456543,0.5288932919502258,0.7607197761535645,0.30410656332969666,0.1750229150056839,0.4886704385280609,0.7782016396522522,0.17818449437618256,0.178681418299675,0.5403942465782166,0.7835847735404968,0.31663987040519714,0.14047065377235413,0.42440065741539,0.7656670212745667,0.017714252695441246,0.23410284519195557,0.5099901556968689,0.7742712497711182,0.18235047161579132,0.16801907122135162
362,12.066666666666666,0.35588324069976807,0.30083876848220825,-0.1343139410018921,0.9977938532829285,0.3673132658004761,0.2884175181388855,-0.16905741393566132,0.996018648147583,0.3722561001777649,0.2877342104911804,-0.16959664225578308,0.9955317974090576,0.37695997953414917,0.28725042939186096,-0.16961561143398285,0.9971532225608826,0.36219489574432373,0.28909438848495483,-0.10361588001251221,0.9972128868103027,0.36320462822914124,0.2887682616710663,-0.10419321060180664,0.9973761439323425,0.363896906375885,0.2881811261177063,-0.10449853539466858,0.9982240200042725,0.40822067856788635,0.29029759764671326,-0.23670965433120728,0.9975228309631348,0.39014413952827454,0.2910460829734802,0.060413360595703125,0.9943544268608093,0.37389904260635376,0.31186002492904663,-0.14874732494354248,0.9955286979675293,0.3670811057090759,0.3136660158634186,-0.06792764365673065,0.9948732256889343,0.4794690012931824,0.35550829768180847,-0.35703158378601074,0.9998067617416382,0.3924410045146942,0.35944610834121704,0.25452855229377747,0.9995716214179993,0.4160027801990509,0.4308670461177826,-0.4615548551082611,0.5661157965660095,0.2986122667789459,0.4145505428314209,0.14756383001804352,0.308871865272522,0.27470406889915466,0.3998648226261139,-0.4126906394958496,0.5417450070381165,0.26419797539711,0.39953139424324036,-0.26508238911628723,0.42413604259490967,0.2493937611579895,0.4034672677516937,-0.46402087807655334,0.5467039942741394,0.26228418946266174,0.40451058745384216,-0.3277883231639862,0.46472740173339844,0.25980761647224426,0.40160995721817017,-0.4473840594291687,0.5556532144546509,0.27169355750083923,0.3923279345035553,-0.3549402356147766,0.47138020396232605,0.27289775013923645,0.40199726819992065,-0.3993101418018341,0.4800529181957245,0.2762620449066162,0.3923946022987366,-0.29295989871025085,0.41766971349716187,0.4747329652309418,0.5301480889320374,-0.17269675433635712,0.9996649026870728,0.41743719577789307,0.5311039686203003,0.1724613457918167,0.999654233455658,0.488862007856369,0.6417589783668518,-0.1604834496974945,0.18694812059402466,0.4242377281188965,0.6374829411506653,0.3258693516254425,0.13963674008846283,0.5472672581672668,0.7429686188697815,-0.005406603682786226,0.20209378004074097,0.4659269154071808,0.7376194000244141,0.5579648017883301,0.15774410963058472,0.5686540603637695,0.7600754499435425,5.4294108849717304e-05,0.16330298781394958,0.4892573058605194,0.755192756652832,0.5759246945381165,0.12763693928718567,0.5150576233863831,0.7665025591850281,-0.1379130780696869,0.21296857297420502,0.41322317719459534,0.7639051675796509,0.5033708810806274,0.1518251597881317
363,12.1,0.3535878360271454,0.2968062460422516,-0.12357573956251144,0.9979016780853271,0.3644808530807495,0.284397155046463,-0.1625424027442932,0.9962376952171326,0.36996302008628845,0.2839463949203491,-0.1630626767873764,0.9957971572875977,0.3753705620765686,0.28364869952201843,-0.16306060552597046,0.9973163604736328,0.35853317379951477,0.2839753031730652,-0.09414047747850418,0.997326135635376,0.3593941628932953,0.28315040469169617,-0.09476400911808014,0.9974753856658936,0.35992079973220825,0.28207486867904663,-0.09507473558187485,0.9983008503913879,0.40986496210098267,0.2820059657096863,-0.2458595335483551,0.9976865649223328,0.3880901634693146,0.28438034653663635,0.05215911194682121,0.9946351647377014,0.3716287910938263,0.30774053931236267,-0.1449555605649948,0.9957965612411499,0.3641076385974884,0.30874568223953247,-0.05944269523024559,0.9951208233833313,0.48246657848358154,0.34986022114753723,-0.3621688783168793,0.9998192191123962,0.3930727541446686,0.350544810295105,0.24868406355381012,0.9996013641357422,0.4251784384250641,0.42952170968055725,-0.44578954577445984,0.5909648537635803,0.3294001817703247,0.42011919617652893,0.34874218702316284,0.2806946635246277,0.27607136964797974,0.39797860383987427,-0.3376576602458954,0.5580909252166748,0.28285321593284607,0.40471428632736206,0.20077252388000488,0.39569658041000366,0.25033000111579895,0.39855343103408813,-0.37219470739364624,0.5580949187278748,0.2694748640060425,0.4080698490142822,0.18703007698059082,0.4410848915576935,0.2569100260734558,0.3932207226753235,-0.35321396589279175,0.5646360516548157,0.27055421471595764,0.3970577120780945,0.15114639699459076,0.44732773303985596,0.26826635003089905,0.39561375975608826,-0.3217356503009796,0.4824081063270569,0.2789174020290375,0.3973374366760254,0.17787517607212067,0.39780449867248535,0.47464680671691895,0.525900661945343,-0.17033617198467255,0.9996819496154785,0.41413840651512146,0.5268943309783936,0.17013578116893768,0.9996728897094727,0.48496317863464355,0.6348155736923218,-0.11217989027500153,0.17105083167552948,0.41596460342407227,0.6317629218101501,0.3113459348678589,0.12625843286514282,0.5360903143882751,0.7355230450630188,0.060951776802539825,0.18412041664123535,0.4399697184562683,0.7277923226356506,0.4802153408527374,0.14266110956668854,0.560658872127533,0.7521066665649414,0.07007047533988953,0.15128208696842194,0.4604496359825134,0.7460671067237854,0.4945645332336426,0.11748664826154709,0.48935428261756897,0.7652025818824768,-0.07608198374509811,0.195506289601326,0.3866545855998993,0.7521135210990906,0.44544100761413574,0.13829520344734192
364,12.133333333333333,0.35497868061065674,0.2857727110385895,-0.3378961682319641,0.9980111122131348,0.36467674374580383,0.2738141417503357,-0.3692978322505951,0.9964538216590881,0.3726334869861603,0.27361971139907837,-0.36984291672706604,0.9960485100746155,0.3792858123779297,0.2736220955848694,-0.3697834014892578,0.9974766373634338,0.35983747243881226,0.27406638860702515,-0.30809932947158813,0.9974344372749329,0.35962364077568054,0.27348166704177856,-0.30871421098709106,0.9975585341453552,0.3586539030075073,0.2727355360984802,-0.3090118169784546,0.9983586668968201,0.41218045353889465,0.2766600251197815,-0.40813663601875305,0.9978066086769104,0.3807639181613922,0.27650052309036255,-0.1281425803899765,0.9946346282958984,0.3725942075252533,0.29686084389686584,-0.33894655108451843,0.9959859251976013,0.36437636613845825,0.29878929257392883,-0.262192964553833,0.9951964020729065,0.48630404472351074,0.34185341000556946,-0.47108954191207886,0.9998289346694946,0.3947674632072449,0.34117311239242554,0.12120532989501953,0.9996123313903809,0.4348571300506592,0.42232221364974976,-0.6275212168693542,0.6041954159736633,0.3425569236278534,0.4179109036922455,0.2885434627532959,0.2536119520664215,0.2814558744430542,0.39635035395622253,-0.6831679344177246,0.5658020973205566,0.2736508846282959,0.4027339816093445,0.038374610245227814,0.36445170640945435,0.2470833957195282,0.39367207884788513,-0.7457431554794312,0.5620123147964478,0.25670018792152405,0.4016810357570648,0.0021109862718731165,0.4126845896244049,0.2554311454296112,0.38426461815834045,-0.7257580161094666,0.5673155188560486,0.24984309077262878,0.39168596267700195,-0.028978461399674416,0.41895994544029236,0.26573365926742554,0.386738121509552,-0.6712345480918884,0.4766034781932831,0.2592783570289612,0.3930665850639343,0.01359939482063055,0.37228697538375854,0.4732707142829895,0.5134537816047668,-0.16318169236183167,0.9996743202209473,0.41537144780158997,0.5103805065155029,0.16293618083000183,0.9996612668037415,0.473021924495697,0.6174032688140869,-0.0926436111330986,0.15477114915847778,0.42351219058036804,0.6153512597084045,0.2955082356929779,0.11379136145114899,0.5225372910499573,0.7242332696914673,0.004151404369622469,0.16710001230239868,0.4368821382522583,0.7153097987174988,0.4589996337890625,0.12870532274246216,0.5437117218971252,0.7432035207748413,0.0025676917284727097,0.1394175887107849,0.45312440395355225,0.7351325750350952,0.4701288044452667,0.10697510838508606,0.47653502225875854,0.7527804970741272,-0.13850738108158112,0.1789419949054718,0.3863348662853241,0.7373998165130615,0.38883528113365173,0.1252802014350891
365,12.166666666666666,0.36610111594200134,0.27218347787857056,-0.33117377758026123,0.9981708526611328,0.3843637704849243,0.2612282633781433,-0.3540132939815521,0.9967389106750488,0.39211973547935486,0.2613905072212219,-0.3545423150062561,0.9963707327842712,0.4023720324039459,0.2612994313240051,-0.35442712903022766,0.997678816318512,0.3672404885292053,0.2614079713821411,-0.3034120500087738,0.9976275563240051,0.36107805371284485,0.2616931200027466,-0.30404120683670044,0.997737467288971,0.3600979745388031,0.2614377737045288,-0.30433496832847595,0.9984768033027649,0.42554956674575806,0.265718013048172,-0.3694232106208801,0.9979766011238098,0.37833312153816223,0.26800602674484253,-0.13692808151245117,0.9950123429298401,0.3825124204158783,0.2847110331058502,-0.32414430379867554,0.9962867498397827,0.36556634306907654,0.2854873538017273,-0.26142430305480957,0.9955291152000427,0.4941563010215759,0.33964282274246216,-0.4161989092826843,0.9998375177383423,0.3840395212173462,0.33287274837493896,0.09266379475593567,0.999629020690918,0.44122397899627686,0.4176397919654846,-0.5524266362190247,0.6161214709281921,0.32693207263946533,0.4033004641532898,0.2530311346054077,0.23157158493995667,0.29465538263320923,0.3898622393608093,-0.6578404307365417,0.5782573223114014,0.2672639489173889,0.39962345361709595,0.17606668174266815,0.3433462679386139,0.26738691329956055,0.3941705822944641,-0.663785457611084,0.5728068351745605,0.2508462369441986,0.3965471386909485,0.16744521260261536,0.39490970969200134,0.27021434903144836,0.3828859031200409,-0.6434376835823059,0.5773168206214905,0.24813316762447357,0.3881969749927521,0.12512320280075073,0.40164878964424133,0.27691566944122314,0.38000741600990295,-0.6310528516769409,0.47998911142349243,0.25717049837112427,0.39057618379592896,0.15343065559864044,0.3576730191707611,0.4746786653995514,0.5056359171867371,-0.1550498902797699,0.9996751546859741,0.40550199151039124,0.5016425848007202,0.15470795333385468,0.9996597766876221,0.48219412565231323,0.6101216077804565,-0.09835072606801987,0.14192430675029755,0.38432392477989197,0.5998207330703735,0.26926594972610474,0.10309872776269913,0.5208474397659302,0.7166364192962646,0.008809910155832767,0.15464690327644348,0.36713793873786926,0.7012172341346741,0.42927661538124084,0.11693988740444183,0.5389302968978882,0.7348004579544067,0.009569591842591763,0.13100089132785797,0.379364013671875,0.7205260992050171,0.4429773688316345,0.09859197586774826,0.4766363501548767,0.7466922998428345,-0.1353805661201477,0.16865675151348114,0.3163774907588959,0.7257254719734192,0.3524070382118225,0.11512578278779984
366,12.2,0.3661026060581207,0.2766422927379608,-0.5320900678634644,0.998327910900116,0.3848124146461487,0.26657283306121826,-0.5581085681915283,0.9970267415046692,0.39327287673950195,0.2670479714870453,-0.5587025284767151,0.9966902136802673,0.4024045765399933,0.2674030661582947,-0.5586138963699341,0.9978830218315125,0.3672940135002136,0.2651734948158264,-0.5053372383117676,0.9978267550468445,0.36190879344940186,0.2648722529411316,-0.5059566497802734,0.9979223012924194,0.3610805571079254,0.26437804102897644,-0.5062799453735352,0.9986013770103455,0.4290987551212311,0.27185124158859253,-0.5588556528091431,0.9981461763381958,0.37994977831840515,0.2699512839317322,-0.3185562193393707,0.995379626750946,0.3829815685749054,0.28995829820632935,-0.5194529891014099,0.9965997338294983,0.3659740388393402,0.2896285057067871,-0.45384225249290466,0.9958835244178772,0.5052254796028137,0.3375479578971863,-0.5656803846359253,0.9998456239700317,0.37058621644973755,0.32909253239631653,-0.08169429749250412,0.9996448755264282,0.44495972990989685,0.41439470648765564,-0.6981593370437622,0.6289739608764648,0.3148501217365265,0.3911191523075104,-0.06714953482151031,0.21367621421813965,0.3001589775085449,0.38211002945899963,-0.7957479953765869,0.5879657864570618,0.2420506328344345,0.3733944892883301,-0.3268793821334839,0.32003992795944214,0.266105055809021,0.3858828842639923,-0.8608126044273376,0.5805388689041138,0.21873851120471954,0.36717572808265686,-0.3739612102508545,0.3711118698120117,0.26762881875038147,0.37264901399612427,-0.856891393661499,0.5840304493904114,0.21017040312290192,0.3595840036869049,-0.41968804597854614,0.37794744968414307,0.2789580523967743,0.3717138171195984,-0.7913396954536438,0.47784554958343506,0.22374267876148224,0.362178236246109,-0.3574105203151703,0.336839497089386,0.475630521774292,0.4938502907752991,-0.15409816801548004,0.999683141708374,0.40078312158584595,0.4916609823703766,0.15375319123268127,0.9996656179428101,0.4971126616001129,0.6000509262084961,-0.12233331799507141,0.1309708058834076,0.3663264811038971,0.5819180607795715,0.19884777069091797,0.09366438537836075,0.5299602150917053,0.7068442702293396,0.032673776149749756,0.1435871422290802,0.3492862284183502,0.6891974210739136,0.45222747325897217,0.10655633360147476,0.5447037220001221,0.7249089479446411,0.03499551862478256,0.12200867384672165,0.3643791675567627,0.7097734212875366,0.4729883074760437,0.09165454655885696,0.486497163772583,0.7368263602256775,-0.143997460603714,0.15905514359474182,0.2843770682811737,0.7135406732559204,0.36335211992263794,0.10646571964025497
367,12.233333333333333,0.3677697777748108,0.28094714879989624,-0.5321472883224487,0.9984017610549927,0.38609978556632996,0.26998835802078247,-0.5628591179847717,0.9971659779548645,0.39423441886901855,0.27034351229667664,-0.5634471774101257,0.996843695640564,0.40299665927886963,0.2707292139530182,-0.5634148716926575,0.9979776740074158,0.37083515524864197,0.26880550384521484,-0.505700409412384,0.9979063272476196,0.3672725558280945,0.26847583055496216,-0.5063209533691406,0.9979961514472961,0.36630159616470337,0.26808491349220276,-0.5066847205162048,0.9986514449119568,0.4339902698993683,0.2742273211479187,-0.5795400738716125,0.9981974959373474,0.3907167315483093,0.27172499895095825,-0.32065725326538086,0.9954602122306824,0.3864040672779083,0.2936318814754486,-0.5250875353813171,0.9967755079269409,0.3673246502876282,0.293763667345047,-0.45379456877708435,0.9960585832595825,0.516922116279602,0.3379656672477722,-0.587244987487793,0.9998419880867004,0.3710133731365204,0.32822123169898987,-0.08707676827907562,0.9996545314788818,0.4523365795612335,0.41257768869400024,-0.7114757895469666,0.6329786777496338,0.3136996030807495,0.3883129358291626,-0.12836937606334686,0.19988195598125458,0.29667389392852783,0.37752339243888855,-0.7721154093742371,0.5963637828826904,0.2427675724029541,0.3766340911388397,-0.47105419635772705,0.3008052706718445,0.2633680999279022,0.3788623809814453,-0.8367543816566467,0.590137779712677,0.21961413323879242,0.37255775928497314,-0.5281862616539001,0.3525906205177307,0.26549434661865234,0.3615555167198181,-0.8328277468681335,0.5935890674591064,0.21831963956356049,0.36365970969200134,-0.5718929767608643,0.3602229654788971,0.27939510345458984,0.3653612434864044,-0.7675004005432129,0.4779416024684906,0.23181715607643127,0.36304768919944763,-0.5020185708999634,0.32123592495918274,0.48020562529563904,0.49004364013671875,-0.14775028824806213,0.9995795488357544,0.40434619784355164,0.48480290174484253,0.14744390547275543,0.9995772242546082,0.47061270475387573,0.5718386769294739,-0.2571062743663788,0.11915340274572372,0.3321995139122009,0.5552545785903931,0.07334674894809723,0.08472514897584915,0.528108537197113,0.6694867014884949,-0.18393440544605255,0.1316419541835785,0.31483200192451477,0.6611289381980896,0.3370920419692993,0.09654030948877335,0.5467061996459961,0.6885694265365601,-0.19203762710094452,0.11247192323207855,0.3273223340511322,0.6814673542976379,0.3558029532432556,0.08425460010766983,0.49211451411247253,0.6862613558769226,-0.4100666344165802,0.14817969501018524,0.2514917254447937,0.6790135502815247,0.2193005084991455,0.0974099189043045
368,12.266666666666667,0.3845672905445099,0.2812231183052063,-0.42078661918640137,0.9985337853431702,0.40303367376327515,0.2717958390712738,-0.5202004313468933,0.997403085231781,0.4109014868736267,0.27185410261154175,-0.5212312936782837,0.9971128106117249,0.4192710518836975,0.27183711528778076,-0.520248532295227,0.9981472492218018,0.3894420266151428,0.2712947130203247,-0.42861413955688477,0.9980814456939697,0.3871344327926636,0.2712128758430481,-0.42944759130477905,0.9981674551963806,0.3851337730884552,0.2709988057613373,-0.42969492077827454,0.9987626075744629,0.45180201530456543,0.27455198764801025,-0.42294421792030334,0.998353123664856,0.40854039788246155,0.27493903040885925,-0.2419639527797699,0.9958398938179016,0.4031011462211609,0.2941616475582123,-0.45146679878234863,0.9970583319664001,0.383394330739975,0.2948153614997864,-0.35684075951576233,0.9963887929916382,0.5247625112533569,0.3387693762779236,-0.4868861734867096,0.9998487830162048,0.3749191164970398,0.33171409368515015,-0.0025216974318027496,0.9996684193611145,0.47888898849487305,0.4141504764556885,-0.6278049945831299,0.6533036231994629,0.3214857280254364,0.3903399109840393,-0.0880671814084053,0.19603115320205688,0.3180643618106842,0.37639108300209045,-0.6818282008171082,0.6190265417098999,0.26396656036376953,0.37835368514060974,-0.4724545478820801,0.291517972946167,0.2932140827178955,0.3806132674217224,-0.7432341575622559,0.613028347492218,0.24426470696926117,0.37820756435394287,-0.5337271094322205,0.34680014848709106,0.2863435745239258,0.36012697219848633,-0.7333757877349854,0.6164782643318176,0.2503602206707001,0.3670508563518524,-0.5613933801651001,0.3550242781639099,0.29815948009490967,0.36207929253578186,-0.6753117442131042,0.4994273781776428,0.26283472776412964,0.3636605143547058,-0.49783557653427124,0.31739315390586853,0.4872961640357971,0.494567334651947,-0.14412906765937805,0.999484121799469,0.40976202487945557,0.4895861744880676,0.1438407003879547,0.999481201171875,0.38953697681427,0.5579617619514465,-0.37180206179618835,0.11682718247175217,0.32534080743789673,0.5512741804122925,-0.005910890642553568,0.07830829918384552,0.3426279127597809,0.6605461835861206,-0.35841721296310425,0.12856833636760712,0.27957385778427124,0.6554019451141357,0.1762862205505371,0.08927495777606964,0.35536548495292664,0.6810701489448547,-0.3690734803676605,0.11236384510993958,0.2863537073135376,0.6768530607223511,0.187809556722641,0.08168426156044006,0.2552424967288971,0.6720951795578003,-0.5728194713592529,0.15089298784732819,0.20810508728027344,0.6699146032333374,0.05982029810547829,0.09252295643091202
369,12.3,0.40616026520729065,0.28243499994277954,-0.49049776792526245,0.9985122680664062,0.4254010021686554,0.27372586727142334,-0.509019672870636,0.9973743557929993,0.433123916387558,0.27475008368492126,-0.5096376538276672,0.9970883131027222,0.44251272082328796,0.27610450983047485,-0.5095943808555603,0.998127818107605,0.4092758297920227,0.2728640139102936,-0.4575097858905792,0.9980168342590332,0.40450841188430786,0.273286372423172,-0.45806220173835754,0.9980863332748413,0.4003778100013733,0.2738310694694519,-0.45836085081100464,0.9987007975578308,0.46964699029922485,0.28224891424179077,-0.4722883403301239,0.9983604550361633,0.4152374565601349,0.27808669209480286,-0.2564626634120941,0.9955692291259766,0.423708975315094,0.2989903390407562,-0.4730512797832489,0.9972044825553894,0.39850667119026184,0.2979375422000885,-0.41085290908813477,0.9965369701385498,0.5342851281166077,0.34727174043655396,-0.5097239017486572,0.9998570680618286,0.38293784856796265,0.34395700693130493,-0.019284555688500404,0.999681830406189,0.4942567050457001,0.4193301200866699,-0.6781758069992065,0.6815319657325745,0.35369178652763367,0.4045674800872803,-0.05097092688083649,0.18803822994232178,0.3426273465156555,0.3715108036994934,-0.7936220765113831,0.6509373188018799,0.2951502799987793,0.39821168780326843,-0.3964952826499939,0.29073941707611084,0.29947540163993835,0.3677273690700531,-0.8690073490142822,0.6428941488265991,0.27114173769950867,0.39899516105651855,-0.45723050832748413,0.3478434681892395,0.3028135299682617,0.3511357307434082,-0.8561736345291138,0.6451874375343323,0.26836681365966797,0.3973807096481323,-0.5035617351531982,0.35667115449905396,0.314301073551178,0.3532502055168152,-0.7865110635757446,0.5276919007301331,0.28457579016685486,0.3968150019645691,-0.4289725720882416,0.3179405629634857,0.49762165546417236,0.5025980472564697,-0.1260124146938324,0.9995071887969971,0.41412070393562317,0.4977293610572815,0.12581460177898407,0.9995023012161255,0.5590953826904297,0.5791424512863159,-0.2643826901912689,0.11785317957401276,0.31056270003318787,0.5688095688819885,-0.11496154963970184,0.07970200479030609,0.6093003153800964,0.6679881811141968,0.04270587116479874,0.1218506321310997,0.26827046275138855,0.6689592599868774,0.21785937249660492,0.08598161488771439,0.6147408485412598,0.6838961839675903,0.06821424514055252,0.10597725212574005,0.2762582302093506,0.6885172128677368,0.24349674582481384,0.08050927519798279,0.6057921648025513,0.6903945207595825,-0.11577442288398743,0.14393329620361328,0.2114795744419098,0.691046953201294,0.09150432795286179,0.09098387509584427
370,12.333333333333334,0.4236549735069275,0.294838011264801,-0.22178912162780762,0.998590886592865,0.44492462277412415,0.28478893637657166,-0.22627680003643036,0.997511625289917,0.4532319903373718,0.2859748601913452,-0.2267746776342392,0.9972507357597351,0.46064096689224243,0.2874557077884674,-0.22680145502090454,0.9982374310493469,0.42390555143356323,0.2835312485694885,-0.18855367600917816,0.9981016516685486,0.4183863401412964,0.2837313115596771,-0.1890428513288498,0.9981667995452881,0.41310805082321167,0.2841348946094513,-0.1892438530921936,0.9987331032752991,0.47853460907936096,0.2930383086204529,-0.18382535874843597,0.9984604120254517,0.42180198431015015,0.28757715225219727,-0.013647527433931828,0.995577871799469,0.43999969959259033,0.3101881742477417,-0.19825227558612823,0.9973876476287842,0.41545870900154114,0.31020092964172363,-0.15293285250663757,0.9966773986816406,0.5402212738990784,0.34870538115501404,-0.2542663514614105,0.9998689889907837,0.3913734555244446,0.34510815143585205,0.16402338445186615,0.9996909499168396,0.5340675115585327,0.4204445481300354,-0.4337117373943329,0.709018886089325,0.37444624304771423,0.40902239084243774,0.05421697348356247,0.17662106454372406,0.3872889578342438,0.37327340245246887,-0.5641847252845764,0.681887686252594,0.3461480736732483,0.41321009397506714,-0.30854707956314087,0.2787548303604126,0.34105032682418823,0.3671581447124481,-0.6299965381622314,0.6727663278579712,0.33396267890930176,0.4187897741794586,-0.36348652839660645,0.33959540724754333,0.34978213906288147,0.35107502341270447,-0.610209047794342,0.6748399138450623,0.33790284395217896,0.41156333684921265,-0.400651752948761,0.34912052750587463,0.3612464964389801,0.3537113070487976,-0.5545521974563599,0.5637460947036743,0.3477686643600464,0.4094160199165344,-0.3367224931716919,0.3116709291934967,0.49612876772880554,0.504033088684082,-0.1231498271226883,0.9995185136795044,0.4120944142341614,0.4954923689365387,0.12289807200431824,0.999491274356842,0.4146577715873718,0.580101728439331,-0.297893226146698,0.11131509393453598,0.3000238537788391,0.5658389329910278,-0.10889977216720581,0.0739545077085495,0.36092495918273926,0.6828786730766296,-0.18706101179122925,0.11442146450281143,0.24772858619689941,0.6731411218643188,0.046272311359643936,0.08010956645011902,0.3613553047180176,0.6999892592430115,-0.1857375055551529,0.10038822144269943,0.25319862365722656,0.6921679377555847,0.054727062582969666,0.07665719091892242,0.31414690613746643,0.6964397430419922,-0.358413964509964,0.13733862340450287,0.19227664172649384,0.6995527148246765,-0.08950935304164886,0.08635252714157104
371,12.366666666666667,0.4188579022884369,0.33598563075065613,-0.29592055082321167,0.998666524887085,0.435172438621521,0.3265277147293091,-0.2565009295940399,0.9976599216461182,0.4423852264881134,0.32595324516296387,-0.25674968957901,0.9974206686019897,0.4488815665245056,0.32556337118148804,-0.2563531994819641,0.9983463883399963,0.4177139401435852,0.3291706442832947,-0.25873225927352905,0.9981926083564758,0.41324153542518616,0.3299664258956909,-0.2589999735355377,0.9982343912124634,0.4090029001235962,0.33004680275917053,-0.25897058844566345,0.9987565875053406,0.4697314500808716,0.3271162211894989,-0.2796569764614105,0.998532772064209,0.4188600182533264,0.33450770378112793,-0.05501316487789154,0.9955297708511353,0.4351016581058502,0.34498170018196106,-0.219730943441391,0.9974081516265869,0.41566547751426697,0.3479856550693512,-0.22448641061782837,0.9964134097099304,0.532655656337738,0.37198275327682495,-0.3223879635334015,0.9998775720596313,0.42277663946151733,0.3755699694156647,0.0986519306898117,0.9996607303619385,0.5908985733985901,0.42600974440574646,-0.49463018774986267,0.7282787561416626,0.4168088734149933,0.43617957830429077,0.096538245677948,0.16081497073173523,0.4570945203304291,0.37711846828460693,-0.6515949964523315,0.7045413851737976,0.3803386390209198,0.4371755123138428,-0.04505659267306328,0.26229432225227356,0.4195309579372406,0.3713160455226898,-0.700518012046814,0.6917502284049988,0.36715105175971985,0.44048553705215454,-0.06476347893476486,0.32254791259765625,0.42508557438850403,0.3553607165813446,-0.6688052415847778,0.6932306885719299,0.3642800748348236,0.435613214969635,-0.09971799701452255,0.3320358097553253,0.43627089262008667,0.3547619879245758,-0.6379285454750061,0.584203839302063,0.3737299144268036,0.43500369787216187,-0.06599034368991852,0.29722675681114197,0.49603453278541565,0.5149512887001038,-0.12307190150022507,0.9993301033973694,0.4208771884441376,0.5039535760879517,0.12277840822935104,0.9991104006767273,0.42304563522338867,0.5861047506332397,-0.17109736800193787,0.10118496417999268,0.32760557532310486,0.5656803846359253,-0.013593990355730057,0.06687498837709427,0.4179687201976776,0.6879749894142151,-0.13357320427894592,0.10538190603256226,0.28986427187919617,0.6645404100418091,0.12838798761367798,0.07261652499437332,0.4297081530094147,0.705930233001709,-0.13927190005779266,0.09374857693910599,0.28421881794929504,0.6831647157669067,0.13567881286144257,0.0704185739159584,0.36966344714164734,0.7067083120346069,-0.28628724813461304,0.12828786671161652,0.2439325749874115,0.6880356669425964,0.045941825956106186,0.07889921963214874
372,12.4,0.46011149883270264,0.3209819197654724,-0.5698585510253906,0.9987000823020935,0.4614247679710388,0.31169307231903076,-0.5361265540122986,0.9976376295089722,0.4741416871547699,0.3121635615825653,-0.5366069078445435,0.9973351955413818,0.47758251428604126,0.31224942207336426,-0.5365227460861206,0.9982978701591492,0.448478102684021,0.3117813467979431,-0.5461586713790894,0.9981967210769653,0.44101956486701965,0.3121127486228943,-0.5465954542160034,0.9982094168663025,0.4335154592990875,0.31212836503982544,-0.5467644929885864,0.9987195730209351,0.4899980425834656,0.3150809407234192,-0.32935503125190735,0.998410165309906,0.4220925569534302,0.3168623149394989,-0.3778129518032074,0.9951906800270081,0.46197372674942017,0.3333243727684021,-0.4885440766811371,0.9972887635231018,0.44600704312324524,0.3334406912326813,-0.5050739049911499,0.9962789416313171,0.5290722250938416,0.372346967458725,-0.2740060091018677,0.9998700022697449,0.39201828837394714,0.3657631278038025,-0.25909677147865295,0.9996066093444824,0.6077418327331543,0.42581310868263245,-0.5078901648521423,0.7063269019126892,0.4036746621131897,0.4223877787590027,-0.4321328401565552,0.15310436487197876,0.5310704112052917,0.38467472791671753,-0.8565683960914612,0.663532555103302,0.3396449089050293,0.42829790711402893,-0.7013199925422668,0.24244330823421478,0.504248321056366,0.3789665997028351,-0.9397908449172974,0.6506268382072449,0.32724887132644653,0.4353766441345215,-0.7767990827560425,0.2977171242237091,0.49433234333992004,0.3637714684009552,-0.9346718788146973,0.6519341468811035,0.3339582085609436,0.43203258514404297,-0.7939196825027466,0.30637386441230774,0.5019022822380066,0.36457619071006775,-0.8619694113731384,0.545245349407196,0.34198814630508423,0.43013039231300354,-0.7176489233970642,0.2735631763935089,0.4895256459712982,0.5102434754371643,-0.00712770689278841,0.999342679977417,0.3995428681373596,0.5012048482894897,0.006717397831380367,0.999118983745575,0.46527501940727234,0.5882865190505981,-0.09047318249940872,0.09286822378635406,0.33589795231819153,0.5672264099121094,-0.16624052822589874,0.06135503202676773,0.42586055397987366,0.6853603720664978,0.07486653327941895,0.0977005735039711,0.3113073408603668,0.6687331795692444,0.03842746838927269,0.067746601998806,0.45024099946022034,0.7002228498458862,0.0789843276143074,0.08694017678499222,0.31594496965408325,0.6860207319259644,0.05033104866743088,0.06544110924005508,0.4393162131309509,0.7100685834884644,-0.09810145944356918,0.11920896917581558,0.26148170232772827,0.6916441917419434,-0.11136788129806519,0.07350807636976242
373,12.433333333333334,0.4854220449924469,0.31500738859176636,-0.5787424445152283,0.9988048076629639,0.4985377788543701,0.30527159571647644,-0.5496622920036316,0.9978087544441223,0.5066499710083008,0.30565768480300903,-0.5501939654350281,0.9975208640098572,0.5209696292877197,0.30551138520240784,-0.5501160621643066,0.9984096884727478,0.4776524007320404,0.3089480400085449,-0.5541713833808899,0.9983304142951965,0.4706031084060669,0.31078216433525085,-0.5546226501464844,0.9983454942703247,0.46865326166152954,0.31000474095344543,-0.5547788143157959,0.9988094568252563,0.5251916646957397,0.3090428411960602,-0.3373813033103943,0.998511791229248,0.4409695863723755,0.3155469298362732,-0.37081214785575867,0.9954999685287476,0.49139195680618286,0.32723063230514526,-0.4957398772239685,0.9974488615989685,0.4678523540496826,0.330523818731308,-0.5055679082870483,0.9965352416038513,0.533338189125061,0.3676142692565918,-0.2400326430797577,0.9998766779899597,0.39147037267684937,0.3582960367202759,-0.23067834973335266,0.9996280670166016,0.5906314253807068,0.42161792516708374,-0.3657171130180359,0.6835960745811462,0.39418041706085205,0.41831278800964355,-0.37624871730804443,0.15536324679851532,0.5112065672874451,0.4404149651527405,-0.6999550461769104,0.6202350854873657,0.38530200719833374,0.42695707082748413,-0.6770352125167847,0.2399580478668213,0.4889332950115204,0.4557620882987976,-0.8158600926399231,0.6117832660675049,0.39358189702033997,0.43745389580726624,-0.7630463242530823,0.2965196669101715,0.4755154550075531,0.4435209333896637,-0.8455113172531128,0.6139030456542969,0.408892959356308,0.4280458390712738,-0.7783311009407043,0.30548998713493347,0.4822697937488556,0.43843403458595276,-0.7386470437049866,0.5104652643203735,0.40704846382141113,0.4248497486114502,-0.691702127456665,0.26773908734321594,0.48924967646598816,0.5035528540611267,0.0130171999335289,0.9993863701820374,0.3974117636680603,0.49627891182899475,-0.013404482044279575,0.9991775751113892,0.4829504191875458,0.5950955152511597,-0.009449425153434277,0.08930189162492752,0.3665279746055603,0.5827718377113342,-0.14066630601882935,0.06075470522046089,0.44054892659187317,0.6855499744415283,0.271165668964386,0.09645214676856995,0.3123929798603058,0.6715933680534363,0.08439186215400696,0.0730210617184639,0.449983686208725,0.698544979095459,0.2872844934463501,0.08651886135339737,0.32777026295661926,0.6893898248672485,0.09858324378728867,0.06500957161188126,0.4577789604663849,0.7117249369621277,0.1178554818034172,0.11886163800954819,0.30655044317245483,0.704599142074585,-0.08446703851222992,0.0777072086930275
374,12.466666666666667,0.5286535620689392,0.31411314010620117,-0.6781530380249023,0.9989200830459595,0.5362248420715332,0.3027259111404419,-0.642865777015686,0.9980201125144958,0.5412285923957825,0.3028302788734436,-0.6434586644172668,0.997757613658905,0.5451047420501709,0.3027074933052063,-0.6434699296951294,0.998561441898346,0.5165624618530273,0.3040034770965576,-0.6724088191986084,0.9984933137893677,0.504375696182251,0.3047792315483093,-0.6728997826576233,0.9985065460205078,0.4963463544845581,0.304318904876709,-0.6731791496276855,0.9989251494407654,0.5564572811126709,0.30935028195381165,-0.40287432074546814,0.998652458190918,0.46650436520576477,0.31069666147232056,-0.5448954701423645,0.9959369897842407,0.5242538452148438,0.32917019724845886,-0.5806931257247925,0.9976745843887329,0.5059481859207153,0.3271107077598572,-0.623447060585022,0.99686199426651,0.5496777296066284,0.3655408024787903,-0.18791353702545166,0.9998831152915955,0.39238569140434265,0.35778573155403137,-0.4729800820350647,0.999659538269043,0.6291390061378479,0.4167579114437103,-0.1314881145954132,0.6292374134063721,0.3960498869419098,0.43359240889549255,-0.5955830812454224,0.21519319713115692,0.6350129246711731,0.42246025800704956,-0.28138670325279236,0.568385899066925,0.49188360571861267,0.4612908959388733,-0.7554321885108948,0.28073394298553467,0.6339350938796997,0.4296749532222748,-0.3188773989677429,0.5644527673721313,0.5155646800994873,0.4748609960079193,-0.8332470655441284,0.3278878927230835,0.6278883814811707,0.4167160987854004,-0.348410427570343,0.5664050579071045,0.5307835936546326,0.46153146028518677,-0.8356251120567322,0.3368781507015228,0.6248476505279541,0.41497620940208435,-0.29654717445373535,0.4717177450656891,0.5236800909042358,0.45669063925743103,-0.7604116797447205,0.28978365659713745,0.4889228045940399,0.5034894347190857,0.09577289968729019,0.9994421005249023,0.3976418375968933,0.5005525946617126,-0.09614413231611252,0.999254047870636,0.5269246697425842,0.5947505235671997,0.16756823658943176,0.09591209888458252,0.44838592410087585,0.598244845867157,-0.19859744608402252,0.10221147537231445,0.5061275362968445,0.6715945601463318,0.4592876136302948,0.11869432777166367,0.41481754183769226,0.6850001811981201,0.09109853208065033,0.12330548465251923,0.4854545295238495,0.6850055456161499,0.4798940420150757,0.1172020435333252,0.4046442210674286,0.6961581707000732,0.11720630526542664,0.09441821277141571,0.5620863437652588,0.6919900178909302,0.3811706006526947,0.14409416913986206,0.43751516938209534,0.7258380055427551,-0.0074343509040772915,0.1208270937204361
375,12.5,0.5491141676902771,0.31244024634361267,-0.6081156134605408,0.9989299774169922,0.554466187953949,0.3017600476741791,-0.5898475646972656,0.9980596899986267,0.5558404326438904,0.3026796877384186,-0.5905125737190247,0.9978001713752747,0.5581104159355164,0.3011195659637451,-0.5905929803848267,0.9986178278923035,0.5446965098381042,0.3030868172645569,-0.6309177279472351,0.9985183477401733,0.5387908220291138,0.30166900157928467,-0.6313648819923401,0.9985190629959106,0.5320684909820557,0.2991531491279602,-0.631594717502594,0.9989103674888611,0.5480065941810608,0.3042927384376526,-0.4156474173069,0.9987137913703918,0.49343279004096985,0.29616791009902954,-0.6136927008628845,0.9959644675254822,0.5372442007064819,0.32881730794906616,-0.5310376286506653,0.9977133870124817,0.5244913101196289,0.3259986639022827,-0.5889526009559631,0.9969502091407776,0.545146644115448,0.34241974353790283,-0.20070569217205048,0.9998927116394043,0.40479376912117004,0.3388834595680237,-0.5886479020118713,0.9996744990348816,0.6028184294700623,0.3752734959125519,-0.02884751930832863,0.6214184165000916,0.4887210726737976,0.3911401629447937,-0.7210996150970459,0.27282196283340454,0.6800664067268372,0.4205128252506256,-0.04428362473845482,0.5893101692199707,0.6364396810531616,0.422253280878067,-0.7941644191741943,0.32061246037483215,0.7047376036643982,0.41818347573280334,-0.051307663321495056,0.581231415271759,0.6692736148834229,0.44488468766212463,-0.8698369264602661,0.35549139976501465,0.7061789035797119,0.4074316918849945,-0.11117897182703018,0.5853360891342163,0.6840962171554565,0.43067067861557007,-0.864886999130249,0.3645818531513214,0.6942473649978638,0.4073050022125244,-0.06784647703170776,0.4963485896587372,0.670982837677002,0.4214813709259033,-0.795989453792572,0.3053514361381531,0.47981974482536316,0.483440637588501,0.12179425358772278,0.9994931817054749,0.3971001207828522,0.48630818724632263,-0.12210872769355774,0.9993192553520203,0.518778920173645,0.5947699546813965,0.29549169540405273,0.08917830139398575,0.42765429615974426,0.5958601236343384,-0.2380393147468567,0.12695001065731049,0.48636093735694885,0.6769598722457886,0.5800196528434753,0.12016556411981583,0.3891492486000061,0.7080709338188171,-0.05784279853105545,0.16995243728160858,0.46113714575767517,0.6908397674560547,0.5972763299942017,0.11929056793451309,0.3885822296142578,0.7228584289550781,-0.04525293409824371,0.10783501714468002,0.5103164315223694,0.6995002031326294,0.487568736076355,0.14970920979976654,0.3947577178478241,0.753375232219696,-0.19613763689994812,0.16373375058174133
376,12.533333333333333,0.5945212841033936,0.27996623516082764,-0.15967947244644165,0.9990195631980896,0.5981462001800537,0.26620417833328247,-0.13747884333133698,0.9982333779335022,0.5963059663772583,0.2666219174861908,-0.13802027702331543,0.997995913028717,0.5992753505706787,0.2735695540904999,-0.1380627453327179,0.9987419843673706,0.588533341884613,0.26886409521102905,-0.19313645362854004,0.9986535906791687,0.5825930833816528,0.2666771113872528,-0.19366797804832458,0.998655378818512,0.5763512849807739,0.2642110288143158,-0.1938529759645462,0.9990105032920837,0.571796178817749,0.2725926637649536,0.0060138157568871975,0.9988348484039307,0.5404021143913269,0.2597387433052063,-0.2802780866622925,0.9963529109954834,0.5775399208068848,0.2983739972114563,-0.09341716766357422,0.9979200959205627,0.5663583874702454,0.29327720403671265,-0.17075113952159882,0.9972347617149353,0.5428844690322876,0.330319344997406,0.19673368334770203,0.9999011754989624,0.4411090314388275,0.31656375527381897,-0.3280363082885742,0.9997058510780334,0.5842710137367249,0.38626807928085327,0.2918720543384552,0.5657724142074585,0.500111997127533,0.3922828137874603,-0.4951508045196533,0.34299829602241516,0.6835569143295288,0.4118034839630127,0.17939983308315277,0.5559321045875549,0.6701907515525818,0.41198092699050903,-0.5903456211090088,0.38706129789352417,0.6955692172050476,0.4167229235172272,0.16733238101005554,0.5583828687667847,0.7054891586303711,0.4260770380496979,-0.6623477935791016,0.4181077182292938,0.7173707485198975,0.40882062911987305,0.12111944705247879,0.5628722906112671,0.7163323163986206,0.4216570258140564,-0.652112603187561,0.4260821044445038,0.7070304155349731,0.4089237153530121,0.15692546963691711,0.47905099391937256,0.7006710767745972,0.41656747460365295,-0.5905871391296387,0.3700214922428131,0.4716344475746155,0.49048638343811035,0.1605134755373001,0.9995428919792175,0.39983299374580383,0.4884280264377594,-0.16080698370933533,0.9993866086006165,0.46330684423446655,0.6129065752029419,0.42958229780197144,0.09740191698074341,0.4211041331291199,0.6251505017280579,-0.15613526105880737,0.20976634323596954,0.4102500081062317,0.70539391040802,0.6834476590156555,0.1521437019109726,0.3823447823524475,0.756322979927063,-0.0289287269115448,0.2496286779642105,0.3829849362373352,0.7218396663665771,0.7003554701805115,0.16214969754219055,0.3613869845867157,0.7757666110992432,-0.019500184804201126,0.1819569617509842,0.4799302816390991,0.736810564994812,0.6384592056274414,0.19824780523777008,0.4218207597732544,0.7834271192550659,-0.14897790551185608,0.24309055507183075
377,12.566666666666666,0.5939607620239258,0.2901025414466858,-0.11401696503162384,0.9989429712295532,0.5886083841323853,0.2724984288215637,-0.0952797681093216,0.9980875253677368,0.5885140895843506,0.2690526843070984,-0.09579934924840927,0.9978411197662354,0.5888089537620544,0.2766239643096924,-0.09587059915065765,0.9986940026283264,0.5835881233215332,0.27422666549682617,-0.14760281145572662,0.9985253810882568,0.5817590355873108,0.2711029648780823,-0.14810673892498016,0.9985194206237793,0.5726391673088074,0.27016469836235046,-0.14825889468193054,0.9988991022109985,0.5678587555885315,0.2754242420196533,0.027891792356967926,0.9988107085227966,0.5482355356216431,0.2702363133430481,-0.2201000154018402,0.9961158037185669,0.576532781124115,0.2986229658126831,-0.055643945932388306,0.9978581666946411,0.570200502872467,0.29720014333724976,-0.12856724858283997,0.9972054958343506,0.5397271513938904,0.3367673456668854,0.18959933519363403,0.999907910823822,0.4517296552658081,0.31848105788230896,-0.287537544965744,0.9997267127037048,0.5875740647315979,0.38868245482444763,0.32249101996421814,0.5258154273033142,0.4493159055709839,0.37414759397506714,-0.45466312766075134,0.37614455819129944,0.7162228226661682,0.4120903015136719,0.2578417658805847,0.555295467376709,0.544917643070221,0.41201168298721313,-0.5373056530952454,0.3981133699417114,0.7496979832649231,0.4179742932319641,0.25619882345199585,0.5584733486175537,0.5633858442306519,0.42783570289611816,-0.5999934077262878,0.4223085939884186,0.7598678469657898,0.41604509949684143,0.19792161881923676,0.5657669305801392,0.5824411511421204,0.42207425832748413,-0.601544976234436,0.42922157049179077,0.7447963356971741,0.41510605812072754,0.23159395158290863,0.4865935742855072,0.57258141040802,0.4170715808868408,-0.5414454936981201,0.3668844997882843,0.46325916051864624,0.4929881691932678,0.15274687111377716,0.9995834231376648,0.4001726806163788,0.49021345376968384,-0.15317147970199585,0.9994405508041382,0.441995233297348,0.6184285879135132,0.3091064989566803,0.09054815769195557,0.42742919921875,0.6251708269119263,-0.1818029135465622,0.22812959551811218,0.395372211933136,0.7256650924682617,0.4799191355705261,0.14729055762290955,0.3935851752758026,0.7623781561851501,-0.08920720219612122,0.2861124277114868,0.37440991401672363,0.7413765788078308,0.48658353090286255,0.1583181470632553,0.3623569905757904,0.7803443670272827,-0.08510984480381012,0.19329823553562164,0.44185879826545715,0.7607914209365845,0.3875119388103485,0.19520168006420135,0.43128639459609985,0.79839026927948,-0.22878862917423248,0.27313923835754395
378,12.6,0.6155765652656555,0.2883796691894531,-0.20739340782165527,0.9990155696868896,0.6178034543991089,0.2727864384651184,-0.18865077197551727,0.9982141852378845,0.6146038770675659,0.27116140723228455,-0.1892634779214859,0.9979963898658752,0.6110067367553711,0.2729942202568054,-0.18941588699817657,0.9987981915473938,0.6123572587966919,0.2722638249397278,-0.2377658188343048,0.9986090064048767,0.6061554551124573,0.2700657248497009,-0.23827236890792847,0.998598039150238,0.5990543961524963,0.2685418128967285,-0.23846912384033203,0.9989467263221741,0.5760431289672852,0.2671830654144287,-0.05322052165865898,0.9989191293716431,0.5623210072517395,0.2646031379699707,-0.2781716585159302,0.9963674545288086,0.5884917974472046,0.297748327255249,-0.14585644006729126,0.9980612397193909,0.5848797559738159,0.2945926785469055,-0.21398814022541046,0.9974682331085205,0.5506591200828552,0.33396852016448975,0.09999608248472214,0.9999167919158936,0.44198986887931824,0.3128608465194702,-0.3196392357349396,0.9997484683990479,0.6016432642936707,0.39439108967781067,0.26703932881355286,0.5423987507820129,0.2663194537162781,0.35587888956069946,-0.6648964285850525,0.4338206946849823,0.723764955997467,0.41964665055274963,0.2113492488861084,0.5952033400535583,0.40218091011047363,0.3313864469528198,-0.9859243035316467,0.4347260892391205,0.7603474259376526,0.4286370277404785,0.2026035338640213,0.5963951349258423,0.4363112151622772,0.3269725739955902,-1.0786213874816895,0.44899675250053406,0.7677658200263977,0.42699727416038513,0.13798663020133972,0.6037920713424683,0.4683606028556824,0.3176141083240509,-1.0570826530456543,0.4542193114757538,0.7528901696205139,0.4249695837497711,0.182488352060318,0.5311318039894104,0.4521028399467468,0.3215179741382599,-0.9878569841384888,0.38509100675582886,0.48044896125793457,0.49506792426109314,0.13499122858047485,0.9996192455291748,0.40112948417663574,0.4907987713813782,-0.13525576889514923,0.999485433101654,0.4708191454410553,0.6354705095291138,0.209228977560997,0.08778205513954163,0.4174022674560547,0.627374529838562,-0.2255367487668991,0.23786652088165283,0.3986150920391083,0.7466899156570435,0.4760729968547821,0.14246182143688202,0.3871764838695526,0.7678587436676025,-0.00660956185311079,0.2988930940628052,0.4035564064979553,0.7610530257225037,0.4902985394001007,0.152689591050148,0.3670477271080017,0.7884618639945984,0.007364452350884676,0.19021713733673096,0.45673611760139465,0.7770146727561951,0.3531821072101593,0.19130603969097137,0.4218301475048065,0.8074740171432495,-0.16388627886772156,0.2803683280944824
379,12.633333333333333,0.6296164393424988,0.28683167695999146,-0.161062553524971,0.9991125464439392,0.6379852890968323,0.2726749777793884,-0.1318679004907608,0.9983887672424316,0.6377138495445251,0.272074431180954,-0.13238196074962616,0.9981922507286072,0.6375827193260193,0.27291402220726013,-0.13244445621967316,0.998915433883667,0.6293730139732361,0.270177960395813,-0.1980888545513153,0.9987461566925049,0.622407853603363,0.26775550842285156,-0.19870492815971375,0.998736560344696,0.615056574344635,0.2654997706413269,-0.19893145561218262,0.9990506172180176,0.610963761806488,0.26854047179222107,0.03237190470099449,0.9990254044532776,0.5767662525177002,0.2585497498512268,-0.27595189213752747,0.9967274069786072,0.611183226108551,0.2959660589694977,-0.08819153159856796,0.9982520341873169,0.5980278849601746,0.29108887910842896,-0.17935095727443695,0.9977191090583801,0.5589418411254883,0.3338368535041809,0.2393658310174942,0.9999240636825562,0.4531731605529785,0.3077152967453003,-0.36162328720092773,0.9997729063034058,0.5972198247909546,0.40443116426467896,0.444314569234848,0.5105066895484924,0.3137285113334656,0.3696781098842621,-0.6239023804664612,0.4883730113506317,0.6847352981567383,0.42712897062301636,0.4222947061061859,0.5955607891082764,0.24736104905605316,0.4403359889984131,-0.8068122267723083,0.47610241174697876,0.7310355305671692,0.4386745095252991,0.43503883481025696,0.596810519695282,0.21061404049396515,0.4508247375488281,-0.8773527145385742,0.48049306869506836,0.7404546141624451,0.4349496364593506,0.3591233491897583,0.6073964238166809,0.22576496005058289,0.45383062958717346,-0.8974740505218506,0.48627129197120667,0.727530837059021,0.4320317208766937,0.3874393105506897,0.5408192276954651,0.2414892017841339,0.4523276388645172,-0.822078287601471,0.41846874356269836,0.4782143533229828,0.49575796723365784,0.18973419070243835,0.9996558427810669,0.40768030285835266,0.49267855286598206,-0.1901533156633377,0.9995356202125549,0.4673607647418976,0.6352878212928772,0.24135087430477142,0.09660961478948593,0.4162398874759674,0.6328713297843933,-0.19436441361904144,0.27553635835647583,0.3895701467990875,0.7558373212814331,0.4190857410430908,0.15127481520175934,0.38464879989624023,0.7753550410270691,0.0029693490359932184,0.33284232020378113,0.3647381365299225,0.7743620872497559,0.42411351203918457,0.1723652333021164,0.3662828803062439,0.7979875802993774,0.014306259341537952,0.21649767458438873,0.44639506936073303,0.7949491143226624,0.2925103008747101,0.2110615372657776,0.42784300446510315,0.8138471841812134,-0.1508859246969223,0.3123529851436615
380,12.666666666666666,0.6422720551490784,0.28739625215530396,-0.06609772145748138,0.9981478452682495,0.643989622592926,0.2738271951675415,-0.051126934587955475,0.9971526861190796,0.641157329082489,0.2738175094127655,-0.05162777379155159,0.9968687891960144,0.6385632157325745,0.27528202533721924,-0.05164604261517525,0.9980751276016235,0.6409424543380737,0.2718990445137024,-0.1205696314573288,0.997711181640625,0.6359262466430664,0.2698623239994049,-0.12108233571052551,0.9978164434432983,0.6305784583091736,0.26840338110923767,-0.1212950274348259,0.9983657598495483,0.6078945398330688,0.27143797278404236,0.0462491400539875,0.9984816312789917,0.5934160351753235,0.26478707790374756,-0.272678405046463,0.9957724213600159,0.6169253587722778,0.2972756028175354,-0.014082432724535465,0.9960108399391174,0.6138318777084351,0.2916497588157654,-0.10900342464447021,0.9959713816642761,0.5039045810699463,0.33531832695007324,0.1999395787715912,0.9999074935913086,0.48697593808174133,0.3150506019592285,-0.40323325991630554,0.9997856020927429,0.38305631279945374,0.41978877782821655,0.23548893630504608,0.459848016500473,0.4361625611782074,0.3862980604171753,-0.6034349799156189,0.5200901031494141,0.35424578189849854,0.4739709794521332,0.1039358451962471,0.5364609956741333,0.6014689803123474,0.4464547634124756,-0.6141744256019592,0.4689684808254242,0.3403448462486267,0.4927637577056885,0.08438017964363098,0.5380662083625793,0.6436424851417542,0.4517316222190857,-0.6731867790222168,0.46327951550483704,0.3589228689670563,0.4847957193851471,0.052582185715436935,0.5475808382034302,0.6437341570854187,0.44661036133766174,-0.6115566492080688,0.46546438336372375,0.3662000000476837,0.4783249795436859,0.08760735392570496,0.48747631907463074,0.6285337805747986,0.4433736801147461,-0.5788230299949646,0.39183366298675537,0.43883323669433594,0.4996795654296875,0.20219461619853973,0.9996792674064636,0.4241883158683777,0.5024596452713013,-0.202595055103302,0.9995754957199097,0.41890448331832886,0.6350129842758179,0.4178960621356964,0.087771475315094,0.4580773711204529,0.6369270086288452,-0.18731339275836945,0.270191490650177,0.347015917301178,0.7572392225265503,0.5722436308860779,0.13994696736335754,0.4089944064617157,0.7874754071235657,-0.06427411735057831,0.3295265734195709,0.3192625939846039,0.7643872499465942,0.5784693956375122,0.16648520529270172,0.38303107023239136,0.8123511075973511,-0.05520319938659668,0.21720029413700104,0.3978596031665802,0.7948399782180786,0.533117413520813,0.19435320794582367,0.45153045654296875,0.8188074231147766,-0.15144407749176025,0.2989445924758911
381,12.7,0.635559618473053,0.30222970247268677,0.11493372172117233,0.9960574507713318,0.636992335319519,0.2879597544670105,0.12431439012289047,0.9940115213394165,0.635463297367096,0.287437379360199,0.12379190325737,0.9933750033378601,0.6339842677116394,0.28726527094841003,0.12370003759860992,0.9958990812301636,0.6317365169525146,0.2861834466457367,0.059453174471855164,0.9953018426895142,0.6265463829040527,0.28452008962631226,0.05897396057844162,0.995549738407135,0.6210871338844299,0.2830038070678711,0.05873437970876694,0.996753990650177,0.601201593875885,0.2834816575050354,0.1699306219816208,0.9972325563430786,0.5840426087379456,0.2806161940097809,-0.1281789243221283,0.9927511215209961,0.6148276329040527,0.3128059506416321,0.1475597769021988,0.9882978796958923,0.6115843653678894,0.3102014362812042,0.05871709808707237,0.9887320399284363,0.47885000705718994,0.34035107493400574,0.2945861518383026,0.9998608827590942,0.5425570011138916,0.3431256413459778,-0.32519376277923584,0.9997588992118835,0.4034513831138611,0.4353126585483551,0.517408549785614,0.41406187415122986,0.5058758854866028,0.43815740942955017,-0.508642315864563,0.5152208805084229,0.41725069284439087,0.49464482069015503,0.6772922277450562,0.48292791843414307,0.630750298500061,0.47230544686317444,-0.44706255197525024,0.4339850842952728,0.41473478078842163,0.5113783478736877,0.7193896174430847,0.48448294401168823,0.665040910243988,0.4832674562931061,-0.4922065734863281,0.4278064966201782,0.43075793981552124,0.5082262754440308,0.6838729381561279,0.4930363595485687,0.6800181865692139,0.4698956608772278,-0.446134477853775,0.4284871816635132,0.43437838554382324,0.5021993517875671,0.6680073142051697,0.43894675374031067,0.6596149206161499,0.46466365456581116,-0.42563244700431824,0.35845088958740234,0.4118214547634125,0.5227699875831604,0.1991727352142334,0.9996741414070129,0.4454233944416046,0.5302520990371704,-0.19957035779953003,0.999591588973999,0.39311450719833374,0.6437438726425171,0.5463348627090454,0.08053679764270782,0.5080348253250122,0.6496332287788391,-0.05370151251554489,0.26140034198760986,0.34265345335006714,0.7586597204208374,0.6912659406661987,0.1342228204011917,0.4132598042488098,0.7875928282737732,0.00700103584676981,0.33449500799179077,0.321958988904953,0.7784507274627686,0.7000269889831543,0.1768101453781128,0.3911516070365906,0.8141988515853882,0.011900866404175758,0.22727113962173462,0.3922996520996094,0.7865022420883179,0.7011281251907349,0.18113642930984497,0.4762336313724518,0.8241314888000488,0.0049298652447760105,0.28731846809387207
388,12.933333333333334,0.392197847366333,0.279926598072052,-0.3883299231529236,0.9961531162261963,0.37979748845100403,0.2726239562034607,-0.41688570380210876,0.9942174553871155,0.37935957312583923,0.2718663215637207,-0.41744884848594666,0.9935426115989685,0.3795643150806427,0.2712343633174896,-0.41742080450057983,0.9959552884101868,0.3817594647407532,0.27368947863578796,-0.3962259888648987,0.9955063462257385,0.38325583934783936,0.2736400067806244,-0.39675283432006836,0.9957382082939148,0.3844913840293884,0.27358120679855347,-0.3970150947570801,0.9969367980957031,0.3880014717578888,0.2705273926258087,-0.44947269558906555,0.9971310496330261,0.3936030864715576,0.27329644560813904,-0.35418182611465454,0.9930161237716675,0.403947651386261,0.28341612219810486,-0.3844412863254547,0.9887543320655823,0.4066116213798523,0.2847176194190979,-0.3601962924003601,0.9893189668655396,0.4507319927215576,0.2910720109939575,-0.45392611622810364,0.9998430013656616,0.4663773775100708,0.29838645458221436,-0.19094736874103546,0.9997230172157288,0.45953622460365295,0.3273218274116516,-0.4621215760707855,0.3940773904323578,0.49021145701408386,0.34181132912635803,-0.09470163285732269,0.46729806065559387,0.4372141659259796,0.3596517741680145,-0.4762444496154785,0.44692614674568176,0.4621317684650421,0.3884826600551605,-0.17956067621707916,0.4083220064640045,0.43143993616104126,0.3709948658943176,-0.5208616256713867,0.44914573431015015,0.45303869247436523,0.39834192395210266,-0.21010206639766693,0.4045027196407318,0.42651909589767456,0.3636791408061981,-0.5292018055915833,0.45736634731292725,0.4525716006755829,0.4029023051261902,-0.25918468832969666,0.4071415066719055,0.43003109097480774,0.35967662930488586,-0.4785739481449127,0.4044138491153717,0.4572087228298187,0.39793670177459717,-0.20531578361988068,0.3405531346797943,0.6638749837875366,0.3646165132522583,-0.08163128793239594,0.9996668100357056,0.6666303873062134,0.36431828141212463,0.08123210072517395,0.9995962381362915,0.8186756372451782,0.37129542231559753,0.32041898369789124,0.0743921622633934,0.7583749294281006,0.3753646910190582,0.4769696891307831,0.23553086817264557,0.9320441484451294,0.37094220519065857,0.668407678604126,0.12482298910617828,0.8380341529846191,0.3645003139972687,0.946830689907074,0.3013002574443817,0.9559570550918579,0.37033024430274963,0.6973116397857666,0.16461588442325592,0.8534876704216003,0.36204952001571655,0.9931895136833191,0.20529770851135254,0.9524373412132263,0.37404298782348633,0.6224064826965332,0.16638605296611786,0.8552985191345215,0.3685745298862457,0.970408022403717,0.2589592933654785
389,12.966666666666667,0.5040842890739441,0.29497677087783813,0.1924627125263214,0.9277489185333252,0.49337708950042725,0.2896139621734619,0.14709390699863434,0.9345941543579102,0.4910567104816437,0.2904016375541687,0.14671514928340912,0.9393298029899597,0.4893777072429657,0.29134759306907654,0.14667387306690216,0.9494750499725342,0.5002818703651428,0.2860921323299408,0.17665031552314758,0.9359546303749084,0.5033877491950989,0.2843712866306305,0.17635449767112732,0.9377910494804382,0.5061094760894775,0.28260838985443115,0.17612126469612122,0.9465762376785278,0.49136883020401,0.290381520986557,0.0036688605323433876,0.9619199633598328,0.5134353041648865,0.27786263823509216,0.13823778927326202,0.9321209788322449,0.5056675672531128,0.3002244532108307,0.15763811767101288,0.9147955179214478,0.5145355463027954,0.29534873366355896,0.19329066574573517,0.9110527634620667,0.4847031533718109,0.3150066137313843,-0.12389122694730759,0.999068021774292,0.5708562135696411,0.28291040658950806,0.22132301330566406,0.9952157139778137,0.4104670584201813,0.3558957278728485,-0.24208316206932068,0.41295379400253296,0.5845975279808044,0.30192360281944275,0.4175054430961609,0.42076921463012695,0.30080947279930115,0.40564823150634766,-0.23673811554908752,0.459023654460907,0.5961436629295349,0.3058440685272217,0.578315258026123,0.3680216073989868,0.28514161705970764,0.4216443598270416,-0.2781497538089752,0.4597410261631012,0.6092253923416138,0.30084332823753357,0.5968973636627197,0.36500853300094604,0.27933359146118164,0.41959986090660095,-0.23986655473709106,0.4657156765460968,0.598842978477478,0.3046236038208008,0.5694500207901001,0.36740604043006897,0.28744593262672424,0.41468745470046997,-0.21694640815258026,0.3978967070579529,0.5914469957351685,0.3087176978588104,0.5695458054542542,0.30741143226623535,0.6828523874282837,0.37060388922691345,-0.08058912307024002,0.9967847466468811,0.7406128644943237,0.35427361726760864,0.08008478581905365,0.9973567128181458,0.6241915225982666,0.37504035234451294,0.3758827745914459,0.06718230992555618,0.8326309323310852,0.36380940675735474,0.24985231459140778,0.21981586515903473,0.5945466160774231,0.38312262296676636,0.6838408708572388,0.11343581974506378,0.951277494430542,0.3541998565196991,0.4350193738937378,0.27595460414886475,0.6116240620613098,0.38605135679244995,0.712774932384491,0.15062092244625092,0.9728578925132751,0.3551550507545471,0.457824170589447,0.19496971368789673,0.5369341969490051,0.38184037804603577,0.6892874240875244,0.15027758479118347,0.9693714380264282,0.34760782122612,0.40329742431640625,0.23461288213729858
390,13.0,0.45478498935699463,0.2672523558139801,-0.0019029907416552305,0.934806227684021,0.4490901529788971,0.2645106017589569,-0.039070673286914825,0.9410288333892822,0.4488791227340698,0.2653847634792328,-0.039539556950330734,0.9452808499336243,0.4488525688648224,0.2666526436805725,-0.0396650992333889,0.9544475078582764,0.4521697163581848,0.2625064253807068,-0.007966859266161919,0.9422568678855896,0.4551350772380829,0.2610716223716736,-0.008377459831535816,0.9438849687576294,0.4568006694316864,0.2606111168861389,-0.00856909528374672,0.9518164992332458,0.4604514539241791,0.2723289132118225,-0.1480318307876587,0.9656904935836792,0.4694589376449585,0.2611730396747589,-0.008218714036047459,0.9387416243553162,0.46385422348976135,0.27858734130859375,-0.02809670940041542,0.9229494333267212,0.46774595975875854,0.2729778289794922,0.008984376676380634,0.9195029139518738,0.48410388827323914,0.31487029790878296,-0.23308172821998596,0.9991373419761658,0.5789264440536499,0.2728206515312195,0.10859046876430511,0.9953542947769165,0.40151697397232056,0.36341238021850586,-0.24671991169452667,0.46460068225860596,0.6769548058509827,0.2880392074584961,0.334112286567688,0.3792963922023773,0.29162871837615967,0.40825754404067993,-0.11768508702516556,0.508884847164154,0.7027775645256042,0.30468636751174927,0.49884045124053955,0.33467334508895874,0.2720170021057129,0.42279839515686035,-0.13741560280323029,0.5083816647529602,0.7162346839904785,0.30412569642066956,0.525547981262207,0.3348574638366699,0.2701500952243805,0.4204587936401367,-0.10725784301757812,0.5136198401451111,0.7039569616317749,0.30852434039115906,0.4850844442844391,0.33758601546287537,0.28004810214042664,0.41641750931739807,-0.09786947816610336,0.44725486636161804,0.6970068216323853,0.31070980429649353,0.4861339032649994,0.28300586342811584,0.7267298102378845,0.3834698498249054,-0.07655474543571472,0.9967663288116455,0.7881768345832825,0.3502628207206726,0.0759543776512146,0.9970518350601196,0.7211424112319946,0.39434996247291565,0.36163753271102905,0.06146452575922012,0.8975858688354492,0.350763738155365,0.3144243359565735,0.19998745620250702,0.7796980738639832,0.4022141098976135,0.5141915082931519,0.10792408138513565,0.9957939982414246,0.377040296792984,0.3946985900402069,0.25175750255584717,0.8385527729988098,0.401327908039093,0.526505172252655,0.15298166871070862,1.0097415447235107,0.3854075074195862,0.4049839377403259,0.1854417622089386,0.796688437461853,0.4110775589942932,0.5212098956108093,0.13956254720687866,1.0302600860595703,0.37963807582855225,0.3923113942146301,0.2137758433818817
391,13.033333333333333,0.5140811204910278,0.269768089056015,-0.1381218433380127,0.9181010127067566,0.5054548978805542,0.26518726348876953,-0.19722385704517365,0.9216061234474182,0.5052065253257751,0.26632073521614075,-0.1977023184299469,0.9269508719444275,0.5055947303771973,0.26866012811660767,-0.1977090984582901,0.9366128444671631,0.5045490860939026,0.2645079493522644,-0.07124156504869461,0.9245586395263672,0.5043554306030273,0.26344603300094604,-0.07294439524412155,0.9301891922950745,0.503783106803894,0.2630331218242645,-0.07232915610074997,0.9388382434844971,0.5034317970275879,0.2778950333595276,-0.23795786499977112,0.9587100744247437,0.50101637840271,0.2625890374183655,-0.20429058372974396,0.9190483093261719,0.5171455144882202,0.27901536226272583,-0.1771169751882553,0.8971027135848999,0.5154989957809448,0.27491313219070435,-0.022867901250720024,0.9001385569572449,0.49728530645370483,0.32330864667892456,-0.2516602873802185,0.9990952610969543,0.5572072863578796,0.2785981297492981,-0.15370246767997742,0.9950101375579834,0.4106171429157257,0.3656710684299469,-0.250997930765152,0.5079748034477234,0.6079064011573792,0.3026655316352844,-0.2416185587644577,0.3471161425113678,0.3086223006248474,0.4147891104221344,-0.2607283890247345,0.5500251054763794,0.6455329060554504,0.2929052710533142,-0.39346250891685486,0.31836313009262085,0.2848244607448578,0.42768678069114685,-0.30107149481773376,0.5497097969055176,0.6622413396835327,0.28771868348121643,-0.44665971398353577,0.3303436040878296,0.2746531665325165,0.4254077970981598,-0.2913663983345032,0.5550325512886047,0.6555492877960205,0.2850545048713684,-0.45192357897758484,0.33397430181503296,0.2905721962451935,0.4189732074737549,-0.2533515393733978,0.4888649582862854,0.6478090286254883,0.2893693745136261,-0.39907142519950867,0.276547908782959,0.712007999420166,0.39104416966438293,-0.018705129623413086,0.9962279796600342,0.7448778748512268,0.3605823218822479,0.018052639439702034,0.9955808520317078,0.8450359106063843,0.3706752359867096,0.2617170214653015,0.0635584369301796,0.8756447434425354,0.35569462180137634,0.335082083940506,0.18363703787326813,1.0006450414657593,0.3786146640777588,0.44660812616348267,0.12170282751321793,1.017688512802124,0.3561573922634125,0.5873366594314575,0.2336954027414322,1.0335124731063843,0.3801884055137634,0.45935678482055664,0.16927234828472137,1.04106867313385,0.3584589660167694,0.6119793653488159,0.17866650223731995,1.0300981998443604,0.38262850046157837,0.3532983064651489,0.13758336007595062,1.05686616897583,0.3519463539123535,0.5366330146789551,0.19495680928230286
392,13.066666666666666,0.5186560750007629,0.2853558659553528,0.26056256890296936,0.9253333210945129,0.502709150314331,0.2819945216178894,0.22479885816574097,0.9289746880531311,0.5000224113464355,0.2845967411994934,0.22436513006687164,0.9338239431381226,0.49801257252693176,0.2874833643436432,0.22430290281772614,0.9426786303520203,0.508685827255249,0.2749633193016052,0.2169678509235382,0.931587278842926,0.5104653239250183,0.2722773849964142,0.21646787226200104,0.9366759061813354,0.5118685960769653,0.26974502205848694,0.21622009575366974,0.9445734620094299,0.4921729564666748,0.2943669557571411,0.10423087328672409,0.9627051949501038,0.5107288360595703,0.26785215735435486,0.05649092420935631,0.9262738227844238,0.5148759484291077,0.2909747064113617,0.2329627424478531,0.9057604074478149,0.5236063003540039,0.2865498661994934,0.21951508522033691,0.9073454141616821,0.4902055561542511,0.33822718262672424,0.0855097845196724,0.9991739988327026,0.5756672620773315,0.28443971276283264,-0.024778790771961212,0.9953293800354004,0.4106123149394989,0.38232389092445374,0.17681580781936646,0.5538976788520813,0.6889961957931519,0.300696462392807,-0.11856051534414291,0.36245715618133545,0.29876360297203064,0.4275359511375427,0.2984401285648346,0.5927034616470337,0.7448631525039673,0.26903894543647766,-0.009581878781318665,0.3068200647830963,0.2761737108230591,0.43905726075172424,0.30217647552490234,0.5914213061332703,0.7757585048675537,0.2589152157306671,-0.031907789409160614,0.3160858452320099,0.26711341738700867,0.43656960129737854,0.3134036362171173,0.5960066914558411,0.7599080204963684,0.2531125247478485,-0.000293118559056893,0.31799769401550293,0.27688542008399963,0.4325234889984131,0.3102800250053406,0.5324529409408569,0.7485820055007935,0.2609405219554901,0.008803502656519413,0.2609334886074066,0.7167873978614807,0.42050737142562866,0.05177398398518562,0.996575653553009,0.7619152665138245,0.37029358744621277,-0.05244946479797363,0.995932936668396,0.7360783219337463,0.4748925268650055,0.26357632875442505,0.07646484673023224,0.8517003655433655,0.34985285997390747,0.09354633837938309,0.19370529055595398,0.8376958966255188,0.552853524684906,0.2510802745819092,0.1301649957895279,0.9613430500030518,0.3447566032409668,0.20766012370586395,0.217460036277771,0.8632155656814575,0.5613256692886353,0.2504059970378876,0.1980019360780716,0.9796017408370972,0.3539721965789795,0.2274875044822693,0.19507509469985962,0.8347694277763367,0.5770838856697083,0.24940645694732666,0.1348525881767273,0.9874116778373718,0.316267192363739,0.2746010422706604,0.1793927103281021
393,13.1,0.486694872379303,0.3026791512966156,0.015172453597187996,0.9321417808532715,0.47400394082069397,0.2929864227771759,0.033644676208496094,0.9353195428848267,0.47212567925453186,0.29116320610046387,0.032384540885686874,0.9394933581352234,0.4732353091239929,0.2901095151901245,0.031316597014665604,0.9477039575576782,0.47863146662712097,0.2950746715068817,-0.03997615724802017,0.9378845691680908,0.4813883900642395,0.29528385400772095,-0.04037930443882942,0.9425230026245117,0.4843025505542755,0.2955911457538605,-0.04054591804742813,0.9497774243354797,0.48012644052505493,0.2891009449958801,-0.1201774999499321,0.9656696319580078,0.4852527678012848,0.29167839884757996,0.002944767475128174,0.932466447353363,0.4892529845237732,0.30513256788253784,0.08852647989988327,0.9130781292915344,0.495231956243515,0.3056533932685852,-0.024328120052814484,0.9142645001411438,0.5294734835624695,0.3048422932624817,-0.15684819221496582,0.9992012977600098,0.5573740005493164,0.31502968072891235,0.1372806280851364,0.9956167340278625,0.5647094249725342,0.3416208326816559,-0.13976798951625824,0.5209776759147644,0.6676515340805054,0.3426828980445862,0.15089218318462372,0.3301510214805603,0.5524410605430603,0.37772637605667114,-0.08739842474460602,0.5538625717163086,0.6237971782684326,0.34396108984947205,0.02063911035656929,0.2902926206588745,0.5512589812278748,0.3861061930656433,-0.1097940057516098,0.5538539290428162,0.6105570793151855,0.3443047106266022,-0.004611678887158632,0.3024264872074127,0.5393308997154236,0.385267972946167,-0.10853411257266998,0.5570077300071716,0.6013931035995483,0.3410799503326416,-0.02110796608030796,0.303951621055603,0.5399252772331238,0.38186198472976685,-0.08210654556751251,0.4942675232887268,0.6066827774047852,0.3392105996608734,0.008707298897206783,0.24952112138271332,0.7106491923332214,0.377553790807724,-0.0923968181014061,0.9966434836387634,0.6789494752883911,0.3774781823158264,0.09202104061841965,0.9960104823112488,0.6686264276504517,0.4004949927330017,-0.1096368059515953,0.10991887748241425,0.5645371079444885,0.40247854590415955,0.11246944963932037,0.1816997230052948,0.738862931728363,0.5172116756439209,-0.04658251255750656,0.13953503966331482,0.48451876640319824,0.43788114190101624,0.05664585530757904,0.20821884274482727,0.7621792554855347,0.5226296782493591,-0.045408401638269424,0.1946701556444168,0.4918944537639618,0.44992774724960327,0.049433548003435135,0.19734489917755127,0.7015958428382874,0.5003494024276733,-0.14443565905094147,0.14072100818157196,0.4079357087612152,0.4329144358634949,-0.01655156910419464,0.1764637976884842
395,13.166666666666666,0.4600529074668884,0.32007747888565063,-0.09946417063474655,0.9389051795005798,0.4650861620903015,0.3091411590576172,-0.13041439652442932,0.941758394241333,0.4683884382247925,0.307047039270401,-0.13075511157512665,0.9455127120018005,0.4754980802536011,0.3057352304458618,-0.13079151511192322,0.9529135227203369,0.4582042396068573,0.3111012578010559,-0.07494062185287476,0.9440706968307495,0.4572148621082306,0.31153982877731323,-0.07539025694131851,0.9482413530349731,0.4560249447822571,0.3118346333503723,-0.07553201168775558,0.9547757506370544,0.5052074193954468,0.30874040722846985,-0.1844218522310257,0.9690866470336914,0.4868117570877075,0.30832672119140625,0.0701509341597557,0.939141571521759,0.47824910283088684,0.32556217908859253,-0.10655952244997025,0.9217307567596436,0.47425058484077454,0.32771891355514526,-0.036684874445199966,0.9227474331855774,0.557348370552063,0.3627588152885437,-0.32514384388923645,0.9992799162864685,0.5450301766395569,0.3624708950519562,0.28652286529541016,0.9960311055183411,0.5822241306304932,0.44004717469215393,-0.571694016456604,0.5634622573852539,0.6033872961997986,0.44373998045921326,0.31099966168403625,0.2973758578300476,0.46828901767730713,0.45464205741882324,-0.6800190210342407,0.5864276885986328,0.5603445768356323,0.49603042006492615,0.11865066736936569,0.2631208598613739,0.42192786931991577,0.46297699213027954,-0.744234561920166,0.5819844603538513,0.5462326407432556,0.5105873346328735,0.10238762199878693,0.27628907561302185,0.42654746770858765,0.45221954584121704,-0.7153564691543579,0.5851042866706848,0.5336925387382507,0.5104682445526123,0.05383140593767166,0.2778272032737732,0.4408482313156128,0.45079857110977173,-0.6655964255332947,0.5165332555770874,0.5410181879997253,0.5055485963821411,0.09053818136453629,0.22863437235355377,0.6106477975845337,0.5340000987052917,-0.21491609513759613,0.9969661831855774,0.6008526682853699,0.5317922830581665,0.21453174948692322,0.9963883757591248,0.5273679494857788,0.6420098543167114,-0.3836473822593689,0.1260857880115509,0.5866811275482178,0.6315870881080627,0.18602339923381805,0.1640937477350235,0.6289412379264832,0.72819584608078,-0.5129534006118774,0.17108038067817688,0.6703364849090576,0.7264578342437744,0.2421053797006607,0.1888352632522583,0.6670160293579102,0.7340137958526611,-0.5342646241188049,0.22061018645763397,0.6765075922012329,0.7355529069900513,0.24204358458518982,0.18451952934265137,0.5395029783248901,0.7550959587097168,-0.6920449733734131,0.1889774650335312,0.5920968651771545,0.7583391666412354,0.17333698272705078,0.16334262490272522
396,13.2,0.4569665193557739,0.3071739077568054,-0.09949330240488052,0.9450143575668335,0.46508878469467163,0.2949133515357971,-0.1267935335636139,0.9475821256637573,0.4697937071323395,0.2938006520271301,-0.12706831097602844,0.9509608745574951,0.4787101447582245,0.2923610806465149,-0.12695832550525665,0.9576218128204346,0.45595934987068176,0.2977919578552246,-0.07495574653148651,0.9496632218360901,0.4545937776565552,0.29881751537323,-0.07540632039308548,0.9534167051315308,0.45326149463653564,0.2995077967643738,-0.07553864270448685,0.9592977166175842,0.5082772374153137,0.29438793659210205,-0.16617248952388763,0.9721775650978088,0.47616249322891235,0.30399253964424133,0.06170756369829178,0.9452260732650757,0.478214293718338,0.31858333945274353,-0.10451012849807739,0.9295555949211121,0.47229278087615967,0.32183051109313965,-0.03909203037619591,0.9304684996604919,0.5470632314682007,0.3584020435810089,-0.2672213912010193,0.9993507266044617,0.5555548071861267,0.3516554534435272,0.26550090312957764,0.9964200854301453,0.5985080003738403,0.4352729916572571,-0.514401912689209,0.5951551795005798,0.5862429141998291,0.4035699963569641,0.506302535533905,0.2679884433746338,0.5029891729354858,0.44894352555274963,-0.626386284828186,0.6000061631202698,0.5495275259017944,0.43480268120765686,0.6828196048736572,0.24114279448986053,0.48127052187919617,0.4502919316291809,-0.6803070306777954,0.5926288962364197,0.5414704084396362,0.4447525441646576,0.7161188721656799,0.25774601101875305,0.4690071940422058,0.44556427001953125,-0.654215931892395,0.5959328413009644,0.5300137996673584,0.4446537494659424,0.6747124791145325,0.25902077555656433,0.4799431562423706,0.4446471333503723,-0.6141695380210876,0.5229983925819397,0.5326902866363525,0.4435986578464508,0.6670446395874023,0.21442121267318726,0.5999684929847717,0.5325075387954712,-0.1763361692428589,0.9972407817840576,0.6329028606414795,0.5203372240066528,0.17608138918876648,0.9967184662818909,0.5288469195365906,0.6404781341552734,-0.03213868662714958,0.11588932573795319,0.6277217268943787,0.6316235065460205,0.19172227382659912,0.14839480817317963,0.6255158185958862,0.7498858571052551,0.007074491120874882,0.15995396673679352,0.6510831713676453,0.7473800778388977,0.14465433359146118,0.17217862606048584,0.6569504141807556,0.7696950435638428,0.003851634683087468,0.2125643789768219,0.6769130229949951,0.7733003497123718,0.13325157761573792,0.17301589250564575,0.5395330786705017,0.7770988345146179,-0.0678299143910408,0.18167230486869812,0.6100389957427979,0.7680618166923523,0.07433000952005386,0.15251386165618896
397,13.233333333333333,0.4502755403518677,0.304300993680954,-0.14105811715126038,0.9503163695335388,0.46423763036727905,0.2925236225128174,-0.1708475798368454,0.9525690078735352,0.4696473777294159,0.29054445028305054,-0.17129190266132355,0.9556360840797424,0.4773786664009094,0.28979194164276123,-0.1712103635072708,0.9617278575897217,0.4545242190361023,0.2944255471229553,-0.11759293079376221,0.9544069170951843,0.4540647268295288,0.29489168524742126,-0.11808287352323532,0.9577596783638,0.453183114528656,0.29519718885421753,-0.11830006539821625,0.9630933403968811,0.505484402179718,0.2884237468242645,-0.23622271418571472,0.9749030470848083,0.477212131023407,0.2985990345478058,0.008739321492612362,0.9502332210540771,0.47117212414741516,0.3154906630516052,-0.15203635394573212,0.9363930821418762,0.4662322700023651,0.3165915012359619,-0.0850648432970047,0.9367510080337524,0.5869235396385193,0.3534533381462097,-0.3142501711845398,0.9994112849235535,0.5389107465744019,0.34370946884155273,0.19883550703525543,0.9967120289802551,0.7151181697845459,0.4196031093597412,-0.4815649390220642,0.6173079609870911,0.5859671235084534,0.3729652762413025,0.46755287051200867,0.24141916632652283,0.603735625743866,0.44938182830810547,-0.4656829833984375,0.5943334698677063,0.5718538165092468,0.3860965669155121,0.6530479192733765,0.22000889480113983,0.5782506465911865,0.4521482586860657,-0.4987765848636627,0.5841849446296692,0.5743281245231628,0.39244765043258667,0.6790794134140015,0.2393151968717575,0.56288081407547,0.44623714685440063,-0.48277080059051514,0.5871383547782898,0.5301388502120972,0.38950401544570923,0.6446963548660278,0.24020648002624512,0.5728808641433716,0.44515156745910645,-0.452714204788208,0.5098640322685242,0.5333395004272461,0.38944560289382935,0.6396294236183167,0.1997232735157013,0.6070988774299622,0.5295847654342651,-0.174544095993042,0.9974963665008545,0.5928505659103394,0.5203033089637756,0.1744321584701538,0.9970160126686096,0.5434005260467529,0.6369748711585999,-0.013078234158456326,0.10686767846345901,0.617981493473053,0.63703453540802,0.13913622498512268,0.13592281937599182,0.5627670288085938,0.7428244352340698,0.12972526252269745,0.15240973234176636,0.6280367374420166,0.7460365295410156,0.11753963679075241,0.16152913868427277,0.5906815528869629,0.7586463689804077,0.13591641187667847,0.20506858825683594,0.6661902666091919,0.7725213766098022,0.11189277470111847,0.17319241166114807,0.4869948625564575,0.7645272612571716,0.03776313364505768,0.17669372260570526,0.5652728080749512,0.770409345626831,0.031482256948947906,0.15003173053264618
398,13.266666666666667,0.44862908124923706,0.2936173677444458,-0.426154762506485,0.9552745223045349,0.46420490741729736,0.2796383798122406,-0.44854503870010376,0.9573007225990295,0.4699837267398834,0.2788952887058258,-0.4491141140460968,0.9600619673728943,0.4779259264469147,0.2782723307609558,-0.4489588141441345,0.9655492305755615,0.45427224040031433,0.28157109022140503,-0.39556795358657837,0.958950400352478,0.45397457480430603,0.28210559487342834,-0.3961222767829895,0.9619630575180054,0.4531785249710083,0.2825031280517578,-0.39644160866737366,0.966762363910675,0.5106829404830933,0.2807614803314209,-0.45665884017944336,0.977410078048706,0.47791191935539246,0.28805187344551086,-0.21011501550674438,0.9551737308502197,0.47123315930366516,0.30530616641044617,-0.41591259837150574,0.9427483677864075,0.4649577736854553,0.3075701594352722,-0.34896209836006165,0.9430531859397888,0.6258649826049805,0.3435317277908325,-0.4605350196361542,0.9994691610336304,0.5256752967834473,0.3325260579586029,0.04035624489188194,0.9969812631607056,0.776967465877533,0.4114677906036377,-0.5067967176437378,0.6519498229026794,0.5179771184921265,0.358784556388855,0.2988300919532776,0.22096459567546844,0.6767989993095398,0.4447706639766693,-0.5153295993804932,0.6324305534362793,0.40895283222198486,0.35400664806365967,0.39037415385246277,0.23445282876491547,0.6436401605606079,0.4528745710849762,-0.5503087639808655,0.6219450831413269,0.38727980852127075,0.3551637530326843,0.3958514332771301,0.26135513186454773,0.6301847100257874,0.4446958601474762,-0.5570977330207825,0.6247833967208862,0.3761809170246124,0.3546067774295807,0.34950771927833557,0.2629244029521942,0.6396514773368835,0.44200342893600464,-0.511529266834259,0.5522199273109436,0.3949921429157257,0.3598085939884186,0.36773553490638733,0.22359061241149902,0.6318280696868896,0.5247336626052856,-0.17676833271980286,0.9976823925971985,0.5675656795501709,0.513724684715271,0.17654411494731903,0.9971033334732056,0.6035467982292175,0.6358579993247986,-0.18898232281208038,0.13292443752288818,0.4895867705345154,0.6028406620025635,0.2263452559709549,0.1260049194097519,0.6124018430709839,0.7546250224113464,-0.12678560614585876,0.21154020726680756,0.5456276535987854,0.7159608602523804,0.5434240698814392,0.15211743116378784,0.6382096409797668,0.7783870100975037,-0.1284782439470291,0.2367953211069107,0.5862342119216919,0.7393217086791992,0.5714619755744934,0.17115390300750732,0.528896152973175,0.7864646911621094,-0.32356297969818115,0.2356141209602356,0.4639480710029602,0.7480294108390808,0.5017600655555725,0.1495056003332138
399,13.3,0.46632683277130127,0.2772151827812195,-0.481962114572525,0.9597234725952148,0.4754961133003235,0.26401907205581665,-0.4878542125225067,0.9615323543548584,0.48892542719841003,0.26266536116600037,-0.48843854665756226,0.9640232920646667,0.4982672929763794,0.26097986102104187,-0.4883389472961426,0.9689711928367615,0.4623181223869324,0.26701024174690247,-0.44576501846313477,0.9630191326141357,0.4607830345630646,0.2673455476760864,-0.4463886320590973,0.9657348990440369,0.45542770624160767,0.2689114809036255,-0.4467965066432953,0.9700520038604736,0.5331006646156311,0.2682955265045166,-0.4178723096847534,0.979661226272583,0.4793141782283783,0.2716095745563507,-0.22187277674674988,0.9595896005630493,0.49507200717926025,0.29192814230918884,-0.44200071692466736,0.9484570026397705,0.47772449254989624,0.29373031854629517,-0.3898962140083313,0.9487033486366272,0.6461159586906433,0.3346642255783081,-0.39847618341445923,0.9995214343070984,0.5027524828910828,0.32934844493865967,0.045468833297491074,0.9972633123397827,0.7994386553764343,0.4044174551963806,-0.3224996030330658,0.6772213578224182,0.5266770124435425,0.3867127001285553,0.19090309739112854,0.200313538312912,0.6864124536514282,0.4456964433193207,-0.24566474556922913,0.6321227550506592,0.5017312169075012,0.36623814702033997,0.08813732117414474,0.21362878382205963,0.6570293307304382,0.46888670325279236,-0.2769002318382263,0.6153385043144226,0.526583731174469,0.41394591331481934,0.059178587049245834,0.2403029054403305,0.6389144659042358,0.4491439759731293,-0.28367412090301514,0.6188190579414368,0.5271751284599304,0.3637789785861969,0.026031017303466797,0.24158406257629395,0.6544495224952698,0.44228285551071167,-0.2395172119140625,0.542169988155365,0.525684118270874,0.3872900605201721,0.07007187604904175,0.20565947890281677,0.6445704698562622,0.5096660852432251,-0.15692199766635895,0.9979095458984375,0.5526821613311768,0.5051367878913879,0.1568216234445572,0.9973816275596619,0.6230306029319763,0.6362286806106567,-0.1705443114042282,0.20920345187187195,0.4938088655471802,0.6041309237480164,0.258009135723114,0.149431049823761,0.619389533996582,0.7524365186691284,0.062158145010471344,0.2864621877670288,0.49232393503189087,0.7133704423904419,0.6382545232772827,0.20188787579536438,0.6417235136032104,0.7743858695030212,0.07419724017381668,0.2963455617427826,0.5234294533729553,0.731856107711792,0.669989824295044,0.2108907401561737,0.5432824492454529,0.794009804725647,-0.17943793535232544,0.30746668577194214,0.45406240224838257,0.7668951749801636,0.5138224959373474,0.20508311688899994
400,13.333333333333334,0.49399566650390625,0.2755623161792755,-0.46029454469680786,0.9637358784675598,0.5160282254219055,0.2599199414253235,-0.4497882127761841,0.9653464555740356,0.5277701616287231,0.25982969999313354,-0.45036637783050537,0.9675876498222351,0.536902904510498,0.2598264813423157,-0.45020052790641785,0.9720500707626343,0.4933140277862549,0.26044976711273193,-0.4173043966293335,0.9666861891746521,0.49010133743286133,0.2605377733707428,-0.4178224802017212,0.9691347479820251,0.485068142414093,0.26106759905815125,-0.418161004781723,0.9730221033096313,0.5696954727172852,0.2644713521003723,-0.33710190653800964,0.981679379940033,0.5083356499671936,0.2653399407863617,-0.17437228560447693,0.9635547399520874,0.5209451913833618,0.2912413477897644,-0.40509748458862305,0.9535921812057495,0.4972623288631439,0.2913602590560913,-0.36564117670059204,0.9537907838821411,0.6637588143348694,0.33430665731430054,-0.26883018016815186,0.9995672702789307,0.4858151376247406,0.33061403036117554,-0.004158874973654747,0.9975137710571289,0.8018362522125244,0.3894248306751251,-0.3312978148460388,0.7024863362312317,0.44568580389022827,0.3879372477531433,-0.15987959504127502,0.21326473355293274,0.7583112716674805,0.4464617669582367,-0.36968785524368286,0.6624740958213806,0.33585628867149353,0.36123305559158325,-0.5922442674636841,0.2673552632331848,0.770691990852356,0.4676963686943054,-0.5244013071060181,0.6463342905044556,0.3089923858642578,0.36024993658065796,-0.6893875598907471,0.29756268858909607,0.7377548217773438,0.45276379585266113,-0.6184937953948975,0.6500412225723267,0.3111560344696045,0.35357779264450073,-0.7251309156417847,0.3000669479370117,0.7262186408042908,0.44563475251197815,-0.4903964698314667,0.5783215165138245,0.3221099376678467,0.3560912609100342,-0.6250508427619934,0.26442065834999084,0.6430273056030273,0.506708025932312,-0.07626955211162567,0.9981124401092529,0.5241655707359314,0.5016671419143677,0.07608438283205032,0.9976321458816528,0.6335412859916687,0.6357755064964294,-0.11449911445379257,0.25189515948295593,0.4896699786186218,0.6085045337677002,0.039970558136701584,0.18714264035224915,0.6214067935943604,0.7432206869125366,0.3114020526409149,0.3286082148551941,0.4752958416938782,0.7165091633796692,0.44946858286857605,0.2501157224178314,0.6381210088729858,0.7535799741744995,0.33926907181739807,0.3061264455318451,0.49570274353027344,0.7301400899887085,0.47744718194007874,0.2376960813999176,0.5766184329986572,0.793920636177063,0.07743899524211884,0.3511139750480652,0.45474642515182495,0.781145453453064,0.4461638629436493,0.2588307559490204
401,13.366666666666667,0.5193383693695068,0.26993125677108765,-0.6586379408836365,0.9673601388931274,0.5423688292503357,0.25483614206314087,-0.6304771304130554,0.968806266784668,0.5547833442687988,0.2546708583831787,-0.6311269998550415,0.970823347568512,0.5652233362197876,0.2542983889579773,-0.6310017704963684,0.9748407006263733,0.5127989649772644,0.254894882440567,-0.6099007725715637,0.9700121283531189,0.5055861473083496,0.25497496128082275,-0.6104583144187927,0.9722162485122681,0.4992181062698364,0.25498148798942566,-0.6107766628265381,0.975713849067688,0.5912907719612122,0.2597993016242981,-0.4317353069782257,0.9835083484649658,0.5169020891189575,0.2613542377948761,-0.33736416697502136,0.9671781659126282,0.5436147451400757,0.2861776649951935,-0.5790046453475952,0.9582265615463257,0.5144492387771606,0.2867620587348938,-0.5557637810707092,0.9583982229232788,0.6801839470863342,0.3365408182144165,-0.29515746235847473,0.9996089935302734,0.4756159782409668,0.32960522174835205,-0.16120752692222595,0.9977425336837769,0.8038654923439026,0.3861164152622223,-0.32711082696914673,0.7273277640342712,0.41872525215148926,0.3846571445465088,-0.31478992104530334,0.2228023111820221,0.8162602782249451,0.4369139075279236,-0.47353485226631165,0.6912285685539246,0.3307529091835022,0.37070387601852417,-0.6986425518989563,0.29975584149360657,0.8297539353370667,0.4570612907409668,-0.5456996560096741,0.6755925416946411,0.29704567790031433,0.3680872321128845,-0.7866104245185852,0.3310195505619049,0.8059637546539307,0.4501781463623047,-0.6141900420188904,0.6796466708183289,0.3035518527030945,0.3633360266685486,-0.8242621421813965,0.335207998752594,0.7912030816078186,0.44455868005752563,-0.509131669998169,0.6131033897399902,0.32173818349838257,0.36599549651145935,-0.7301435470581055,0.3027552366256714,0.6428838968276978,0.5081628561019897,-0.03510541468858719,0.9982945322990417,0.5209391713142395,0.5033510327339172,0.034750163555145264,0.997855007648468,0.6334760189056396,0.6285237669944763,-0.0738607719540596,0.26562267541885376,0.4704820513725281,0.6119667291641235,-0.052654340863227844,0.20807133615016937,0.6132081747055054,0.7382570505142212,0.34273624420166016,0.3502799868583679,0.4568115174770355,0.7222859859466553,0.3872554898262024,0.286692351102829,0.6059800386428833,0.744297444820404,0.3693699836730957,0.3028217554092407,0.4681987464427948,0.7320619225502014,0.44085583090782166,0.25255733728408813,0.5985780358314514,0.7943015694618225,0.12788166105747223,0.3744787573814392,0.44756579399108887,0.791344404220581,0.1829521358013153,0.29360800981521606
402,13.4,0.5462760329246521,0.2743867039680481,-0.5501498579978943,0.9706234931945801,0.5720027685165405,0.258590966463089,-0.5137796401977539,0.9719239473342896,0.5853732824325562,0.25887781381607056,-0.5143724679946899,0.9737392663955688,0.5968201756477356,0.2591216266155243,-0.5142689347267151,0.9773553013801575,0.536336362361908,0.25690317153930664,-0.5027645230293274,0.9730092883110046,0.5257979035377502,0.25625523924827576,-0.5032826066017151,0.9749930500984192,0.5166102647781372,0.25568515062332153,-0.5034548044204712,0.9781404733657837,0.6146548986434937,0.2653890550136566,-0.3158665895462036,0.9851564168930054,0.517867922782898,0.2618425488471985,-0.23431824147701263,0.9704515933990479,0.5663903951644897,0.28991609811782837,-0.45961812138557434,0.9624010324478149,0.5310799479484558,0.29013901948928833,-0.4483034014701843,0.9625533223152161,0.688285768032074,0.3391610383987427,-0.1452290415763855,0.9996469020843506,0.4685518443584442,0.3328685760498047,-0.08260078728199005,0.9979541301727295,0.7986142635345459,0.3922621011734009,-0.23178435862064362,0.7466197609901428,0.3777152895927429,0.3884895145893097,-0.2875572144985199,0.23742379248142242,0.823543131351471,0.43157094717025757,-0.4954356253147125,0.717479407787323,0.3134382963180542,0.3744824528694153,-0.736139178276062,0.34602805972099304,0.8452296853065491,0.45215702056884766,-0.6050735712051392,0.7038337588310242,0.28205469250679016,0.3711335062980652,-0.8345698118209839,0.3814851939678192,0.8224106431007385,0.448983758687973,-0.6647351384162903,0.7079505324363708,0.294111430644989,0.36315926909446716,-0.8694546222686768,0.3857886493206024,0.808023989200592,0.4444486200809479,-0.5559783577919006,0.6467770934104919,0.3181525468826294,0.36677464842796326,-0.7666544318199158,0.35566073656082153,0.6454774141311646,0.5104339718818665,-0.0016256797825917602,0.9984560012817383,0.515754759311676,0.5051037669181824,0.001033961889334023,0.9980491995811462,0.7145189046859741,0.6297497153282166,-0.1415756642818451,0.2777009606361389,0.4541286826133728,0.6263649463653564,-0.14077912271022797,0.2155851572751999,0.5984663963317871,0.7357438802719116,0.18244943022727966,0.361284077167511,0.44564008712768555,0.7285486459732056,0.2944212257862091,0.29989463090896606,0.5738776922225952,0.7410304546356201,0.20673534274101257,0.30893322825431824,0.45172420144081116,0.7346397638320923,0.3424649238586426,0.255325049161911,0.6015482544898987,0.7900245785713196,0.004899953957647085,0.3840833008289337,0.43975701928138733,0.7967123985290527,0.14773032069206238,0.2975209951400757
403,13.433333333333334,0.5716987252235413,0.2763364911079407,-0.4344991445541382,0.9735609292984009,0.6033697128295898,0.260842502117157,-0.4644935131072998,0.9747309684753418,0.6155107021331787,0.26169002056121826,-0.4662852883338928,0.97636479139328,0.6244487166404724,0.26261216402053833,-0.4668702483177185,0.9796194434165955,0.5682043433189392,0.25753214955329895,-0.39630454778671265,0.9757077693939209,0.5582193732261658,0.2565062940120697,-0.39682066440582275,0.9774929881095886,0.5479214191436768,0.25572627782821655,-0.3970276713371277,0.9803254008293152,0.6315965056419373,0.269167423248291,-0.1539221853017807,0.986640453338623,0.5348173379898071,0.260982483625412,-0.17337965965270996,0.9734024405479431,0.5889335870742798,0.2930574119091034,-0.40335220098495483,0.9661591053009033,0.5502399802207947,0.2909155488014221,-0.3485676646232605,0.9662946462631226,0.6842652559280396,0.3406910300254822,-0.05741569772362709,0.9996811747550964,0.45520150661468506,0.33446967601776123,-0.019956374540925026,0.9981266260147095,0.7856632471084595,0.39687100052833557,0.014590593054890633,0.7661591172218323,0.3498431444168091,0.3834206759929657,-0.1010953038930893,0.2528814375400543,0.8288950324058533,0.4323187470436096,-0.014660026878118515,0.7432275414466858,0.36519232392311096,0.3579200804233551,-0.2996457517147064,0.37013158202171326,0.8618432879447937,0.45157137513160706,-0.034008827060461044,0.7301473021507263,0.35639241337776184,0.3525906205177307,-0.34964725375175476,0.4056818187236786,0.839739203453064,0.45162010192871094,-0.07115764915943146,0.7341068983078003,0.36271315813064575,0.3409368395805359,-0.3989221751689911,0.4099077582359314,0.8230904340744019,0.4483209252357483,-0.028004374355077744,0.6782369613647461,0.37966373562812805,0.3447956144809723,-0.32492250204086304,0.38201093673706055,0.644838273525238,0.507750928401947,-0.01045995857566595,0.9985300898551941,0.5017120838165283,0.5074395537376404,0.009823412634432316,0.997981607913971,0.7256299257278442,0.6109181046485901,-0.08480536937713623,0.2569024860858917,0.45586535334587097,0.6256046891212463,-0.03022923693060875,0.19650036096572876,0.6596316695213318,0.7062602043151855,0.12404482066631317,0.3364723324775696,0.44784215092658997,0.7285696268081665,0.21498121321201324,0.2742433547973633,0.6309864521026611,0.7239705324172974,0.1099967285990715,0.2931396961212158,0.4649561643600464,0.744082510471344,0.23523131012916565,0.23764969408512115,0.6405121088027954,0.7351328134536743,-0.11722107976675034,0.3576892614364624,0.39886674284935,0.7757800817489624,0.12030662596225739,0.2717222571372986
404,13.466666666666667,0.6100060939788818,0.2794964015483856,-0.621206521987915,0.9762047529220581,0.62532639503479,0.26440516114234924,-0.5777019262313843,0.9772577285766602,0.6337441205978394,0.2649264931678772,-0.5783909559249878,0.9787281155586243,0.641294002532959,0.26551905274391174,-0.5783875584602356,0.9816573858261108,0.5898589491844177,0.26191192865371704,-0.5927313566207886,0.9781368970870972,0.5765535831451416,0.26122158765792847,-0.5932506322860718,0.9797435402870178,0.5628331303596497,0.26077792048454285,-0.5933982133865356,0.9822927117347717,0.639560341835022,0.2715175449848175,-0.2907432019710541,0.9879762530326843,0.5430788993835449,0.2662360668182373,-0.3944271504878998,0.9760614633560181,0.6156861782073975,0.29458755254745483,-0.519860565662384,0.9695424437522888,0.5782917737960815,0.2937067151069641,-0.5450513958930969,0.9696642160415649,0.6769521236419678,0.3483215272426605,-0.16750678420066833,0.9997115731239319,0.45844197273254395,0.34476056694984436,-0.24229376018047333,0.9982962012290955,0.7764559984207153,0.40676435828208923,-0.18936000764369965,0.7692689895629883,0.31405577063560486,0.3901894688606262,-0.339887797832489,0.2807709574699402,0.8301045894622803,0.43262648582458496,-0.33644354343414307,0.7537195086479187,0.31452131271362305,0.3822002708911896,-0.5029549598693848,0.38475823402404785,0.8635702133178711,0.4535365104675293,-0.38608038425445557,0.7423052787780762,0.3085686266422272,0.38262543082237244,-0.5504061579704285,0.4207090735435486,0.846057653427124,0.45683616399765015,-0.361386239528656,0.747263491153717,0.3312356173992157,0.3761407136917114,-0.5780560374259949,0.4258878529071808,0.8297926783561707,0.4554477334022522,-0.3217707574367523,0.6950048804283142,0.3423391878604889,0.37746676802635193,-0.5197577476501465,0.3998214900493622,0.6438323259353638,0.5194093585014343,0.017272043973207474,0.998561441898346,0.5009879469871521,0.5248035192489624,-0.018035391345620155,0.9979201555252075,0.7350308895111084,0.6174138784408569,-0.15690027177333832,0.24183961749076843,0.4350963532924652,0.6298037767410278,-0.219013512134552,0.1816323697566986,0.6534742712974548,0.726918637752533,-0.07506002485752106,0.31455910205841064,0.428846538066864,0.7507195472717285,-0.0008422030368819833,0.25438761711120605,0.6052635312080383,0.7519237995147705,-0.08056829124689102,0.28000608086586,0.44834792613983154,0.7757041454315186,0.015993298962712288,0.2234066128730774,0.6206673383712769,0.743407666683197,-0.22201965749263763,0.33471447229385376,0.3889738619327545,0.7796629667282104,-0.09460769593715668,0.25065338611602783
405,13.5,0.6412563920021057,0.2805560231208801,-0.6928302049636841,0.9785476326942444,0.6432895064353943,0.2677076756954193,-0.6507550477981567,0.97943115234375,0.6449451446533203,0.26878049969673157,-0.651395320892334,0.9807518124580383,0.6473172307014465,0.2701396346092224,-0.6514014601707458,0.9834156036376953,0.6162964105606079,0.26339900493621826,-0.6744607090950012,0.9802576899528503,0.6078622341156006,0.2631763815879822,-0.6749475002288818,0.9817126989364624,0.5927068591117859,0.2638545632362366,-0.675262987613678,0.9840067625045776,0.6342101693153381,0.27950072288513184,-0.4017165005207062,0.9891184568405151,0.5648956894874573,0.2778276801109314,-0.510473906993866,0.9783303737640381,0.6322070956230164,0.3034262955188751,-0.5949750542640686,0.9724833369255066,0.6103180050849915,0.30089524388313293,-0.6283939480781555,0.9725934267044067,0.6787428855895996,0.36419668793678284,-0.21417757868766785,0.9997167587280273,0.4686538577079773,0.351615846157074,-0.3850502073764801,0.9983687996864319,0.79551100730896,0.44599437713623047,-0.2622706890106201,0.7214342355728149,0.33510226011276245,0.41050058603286743,-0.612704873085022,0.3241487145423889,0.8620114922523499,0.49087977409362793,-0.6328072547912598,0.7107716798782349,0.42243850231170654,0.3509771525859833,-0.8888689875602722,0.4363272786140442,0.882796049118042,0.5073522925376892,-0.6981263756752014,0.715198278427124,0.45871853828430176,0.3400232791900635,-0.9704957604408264,0.4687464237213135,0.8576205968856812,0.49642449617385864,-0.7275402545928955,0.7236465215682983,0.48611098527908325,0.32723432779312134,-0.9536969661712646,0.47285065054893494,0.8432233333587646,0.49323147535324097,-0.6505552530288696,0.6730411648750305,0.48399293422698975,0.3362806439399719,-0.889205276966095,0.4461137652397156,0.6460418105125427,0.530744194984436,0.016225112602114677,0.9980073571205139,0.5049234628677368,0.5305498838424683,-0.016896139830350876,0.9972368478775024,0.7297042608261108,0.6341034173965454,-0.15169131755828857,0.22004276514053345,0.4165615141391754,0.6422905921936035,-0.17923957109451294,0.16643109917640686,0.644347608089447,0.7363735437393188,0.060443539172410965,0.2911808490753174,0.44327718019485474,0.757891833782196,0.14319586753845215,0.23547232151031494,0.6087068915367126,0.7621608972549438,0.07094252109527588,0.26245516538619995,0.4651246666908264,0.7785623669624329,0.16833466291427612,0.208103746175766,0.6178473234176636,0.7606034278869629,-0.11738591641187668,0.3086070120334625,0.4148847758769989,0.7884607315063477,0.02333395555615425,0.2293536365032196
406,13.533333333333333,0.6529887914657593,0.2899796962738037,-0.723939836025238,0.9806730151176453,0.6543341875076294,0.2776537537574768,-0.691880464553833,0.9814258217811584,0.6544431447982788,0.2781490385532379,-0.692590057849884,0.982606828212738,0.6552140116691589,0.2789943814277649,-0.6926100254058838,0.9850239157676697,0.6406148076057434,0.2727707028388977,-0.7181850075721741,0.982196569442749,0.6304136514663696,0.27102500200271606,-0.7187737226486206,0.9835094213485718,0.6225125789642334,0.2703299820423126,-0.7190704941749573,0.9855797290802002,0.6379142999649048,0.2846309542655945,-0.46748024225234985,0.990159273147583,0.5834929347038269,0.2786312699317932,-0.5879083275794983,0.9803990125656128,0.6392155289649963,0.30830511450767517,-0.6298642754554749,0.9751564264297485,0.631556510925293,0.30465859174728394,-0.6683769226074219,0.9752718806266785,0.6699919700622559,0.3619953393936157,-0.31370827555656433,0.9997361898422241,0.47213852405548096,0.3523554503917694,-0.4145081341266632,0.9984983801841736,0.7836028337478638,0.44175904989242554,-0.2617608904838562,0.7098767161369324,0.37984538078308105,0.4173184335231781,-0.49869635701179504,0.34930574893951416,0.8109009861946106,0.47521424293518066,-0.4091106057167053,0.6902046799659729,0.32569441199302673,0.44251036643981934,-0.7118582725524902,0.4387089014053345,0.8240243792533875,0.49108999967575073,-0.4395672678947449,0.6887893676757812,0.29668185114860535,0.4488838315010071,-0.767821192741394,0.46277862787246704,0.8179239630699158,0.4825577139854431,-0.49664726853370667,0.7002211809158325,0.29913434386253357,0.44723254442214966,-0.8146888017654419,0.47030961513519287,0.8100812435150146,0.4797908663749695,-0.4353827238082886,0.653355598449707,0.3183717429637909,0.44635558128356934,-0.7385963201522827,0.4448356032371521,0.6364505887031555,0.5300239324569702,0.02049819752573967,0.9981296062469482,0.4974656105041504,0.5310994386672974,-0.02105388045310974,0.9974165558815002,0.7060574293136597,0.6314182281494141,-0.05024024099111557,0.2168508768081665,0.4350576102733612,0.6378514170646667,-0.08961474150419235,0.15914326906204224,0.6401551365852356,0.726413369178772,0.31433919072151184,0.27072978019714355,0.41716521978378296,0.7442262172698975,0.22939236462116241,0.22449202835559845,0.6104665994644165,0.7403366565704346,0.3411509096622467,0.24318748712539673,0.4265548288822174,0.7656795978546143,0.25930577516555786,0.19432030618190765,0.6117427349090576,0.7627331018447876,0.1911596655845642,0.28665465116500854,0.3859485983848572,0.7730699777603149,0.034416522830724716,0.2156333178281784
411,13.7,0.4939453601837158,0.2543259263038635,-0.3476985991001129,0.9825230836868286,0.503382682800293,0.24201568961143494,-0.3234587013721466,0.9831101298332214,0.511249840259552,0.2416614294052124,-0.3240636885166168,0.984132707118988,0.5193878412246704,0.24179844558238983,-0.32401779294013977,0.9863619804382324,0.48053959012031555,0.2427535504102707,-0.3273874521255493,0.9839050769805908,0.4723992347717285,0.24340331554412842,-0.3280659019947052,0.985097348690033,0.46405118703842163,0.2438335418701172,-0.32836809754371643,0.9869814515113831,0.527489960193634,0.2531379461288452,-0.17434141039848328,0.990958571434021,0.45113837718963623,0.2555076479911804,-0.1893492192029953,0.9822420477867126,0.5085479021072388,0.2712649703025818,-0.28284963965415955,0.9773668646812439,0.4790172874927521,0.2727380394935608,-0.291949063539505,0.9775496125221252,0.5790278315544128,0.34152641892433167,-0.11984935402870178,0.9997008442878723,0.4140598177909851,0.3385242223739624,-0.09695173054933548,0.9986105561256409,0.6434481739997864,0.41345077753067017,-0.2223462611436844,0.6455937623977661,0.42431893944740295,0.4277517795562744,-0.07978550344705582,0.3199623227119446,0.6255139112472534,0.4292760491371155,-0.4544103741645813,0.6249164342880249,0.40563955903053284,0.4879932999610901,-0.17973817884922028,0.4091062545776367,0.6195136904716492,0.4371505379676819,-0.5108300447463989,0.6270313858985901,0.39800941944122314,0.5062241554260254,-0.21706801652908325,0.4388113021850586,0.6156512498855591,0.4226844310760498,-0.5343219637870789,0.6380597352981567,0.3939228355884552,0.5047988295555115,-0.26798489689826965,0.44681841135025024,0.6141676902770996,0.42079049348831177,-0.4684658348560333,0.5954681038856506,0.4046882092952728,0.49832287430763245,-0.20342443883419037,0.4234088063240051,0.5564519762992859,0.5470723509788513,-0.01867484301328659,0.9982823133468628,0.4662753939628601,0.5412910580635071,0.01795821636915207,0.9976509809494019,0.5382749438285828,0.6676580309867859,0.04793518781661987,0.2059617042541504,0.4626573920249939,0.6353771686553955,0.09316942095756531,0.14956001937389374,0.5292254686355591,0.7413330078125,0.36269205808639526,0.25845789909362793,0.5420522689819336,0.7427799105644226,0.39375388622283936,0.2169545441865921,0.5349196791648865,0.7524106502532959,0.38707780838012695,0.23945069313049316,0.5640493035316467,0.760857105255127,0.4218691885471344,0.18915005028247833,0.4945565462112427,0.7703326344490051,0.26479852199554443,0.27836915850639343,0.5275052785873413,0.7759466767311096,0.3098573386669159,0.21076849102973938
414,13.8,0.5687592029571533,0.4244000315666199,-1.1653428077697754,0.9842252135276794,0.5760326981544495,0.4037628769874573,-1.166214942932129,0.9847661256790161,0.5857750177383423,0.4024627208709717,-1.1671065092086792,0.9856793880462646,0.5957639217376709,0.4016698896884918,-1.1670862436294556,0.9876969456672668,0.547995388507843,0.4051021635532379,-1.1687625646591187,0.9854941368103027,0.5375664234161377,0.405352920293808,-1.1695104837417603,0.9865678548812866,0.5270274877548218,0.4054505228996277,-1.1701856851577759,0.9882701635360718,0.6065954566001892,0.401669979095459,-1.0013333559036255,0.9918418526649475,0.509761393070221,0.4068588614463806,-1.0134197473526,0.9839929342269897,0.5878217816352844,0.4364200532436371,-1.0816937685012817,0.9795120358467102,0.5531802177429199,0.43878573179244995,-1.0886601209640503,0.9796417951583862,0.6934977769851685,0.4784446656703949,-0.8484176397323608,0.9997069239616394,0.4509413540363312,0.46219953894615173,-0.791095495223999,0.9986980557441711,0.6899609565734863,0.5966359972953796,-0.7987737655639648,0.6052192449569702,0.4477348029613495,0.5401032567024231,-0.8303788304328918,0.2986553907394409,0.6890124082565308,0.6670718193054199,-0.8504117131233215,0.5689027309417725,0.38758766651153564,0.571476936340332,-0.9744397401809692,0.38191479444503784,0.6987782716751099,0.6830524802207947,-0.9239939451217651,0.5719144344329834,0.36467650532722473,0.5764855742454529,-1.0629183053970337,0.4110081195831299,0.6859383583068848,0.6740255355834961,-0.9728394150733948,0.5832119584083557,0.36235034465789795,0.5713550448417664,-1.1074638366699219,0.4196687638759613,0.673764169216156,0.667487382888794,-0.8733752965927124,0.5449655652046204,0.3797208070755005,0.5703287124633789,-1.0018731355667114,0.396552175283432,0.6335317492485046,0.637265682220459,-0.03629705682396889,0.9984138607978821,0.5152720808982849,0.6218591332435608,0.0357620008289814,0.9978541135787964,0.5329731106758118,0.714317262172699,0.67551589012146,0.19608061015605927,0.43729352951049805,0.653455913066864,0.737140417098999,0.14093022048473358,0.48460739850997925,0.7297703623771667,1.3553569316864014,0.2429044395685196,0.48937687277793884,0.7101250886917114,1.499756932258606,0.2004869282245636,0.491912841796875,0.7356058359146118,1.4215984344482422,0.22656936943531036,0.5063188076019287,0.7194334268569946,1.5802687406539917,0.1755511313676834,0.4339781105518341,0.746116578578949,1.2817583084106445,0.26622235774993896,0.4807823896408081,0.744881272315979,1.4689182043075562,0.19681783020496368
415,13.833333333333334,0.6081506013870239,0.4325326085090637,-0.8646326065063477,0.9857314825057983,0.6179393529891968,0.41403427720069885,-0.8604673743247986,0.9862387180328369,0.6277384757995605,0.4130813181400299,-0.861329197883606,0.9870458245277405,0.6377494931221008,0.41269177198410034,-0.8612959980964661,0.9888852834701538,0.5886141657829285,0.4142894744873047,-0.8783806562423706,0.9869099259376526,0.5768649578094482,0.41407567262649536,-0.8792403936386108,0.987871527671814,0.5650604963302612,0.4136525094509125,-0.8798995018005371,0.9894176125526428,0.6395593285560608,0.41392964124679565,-0.7027674913406372,0.9926099181175232,0.5368310213088989,0.41454920172691345,-0.7859569191932678,0.9855452179908752,0.6188546419143677,0.4454619288444519,-0.7833818197250366,0.9810613989830017,0.5828260779380798,0.4463074207305908,-0.8114710450172424,0.9811317920684814,0.6740981340408325,0.48339152336120605,-0.5978662967681885,0.9996052384376526,0.48565059900283813,0.4608520567417145,-0.6310818791389465,0.9986159205436707,0.5962702035903931,0.564203143119812,-0.7245796322822571,0.5461359024047852,0.5055243372917175,0.46818599104881287,-0.6167253255844116,0.27371206879615784,0.5743122696876526,0.5292109251022339,-0.8898588418960571,0.5129643082618713,0.5248929262161255,0.425151526927948,-0.5796061158180237,0.34715503454208374,0.567099928855896,0.5218468904495239,-0.9712302088737488,0.5165723562240601,0.5327618718147278,0.4170217514038086,-0.6390975713729858,0.3742450475692749,0.5777524709701538,0.49787530303001404,-0.9883254170417786,0.5270103812217712,0.529460072517395,0.40592747926712036,-0.6462739109992981,0.3822499215602875,0.5753147006034851,0.5003935098648071,-0.9054440259933472,0.49254778027534485,0.5291518568992615,0.40883129835128784,-0.5879844427108765,0.3608647584915161,0.6217299699783325,0.6442616581916809,-0.018073193728923798,0.9985405802726746,0.5229442119598389,0.6268361806869507,0.01749526336789131,0.9980502724647522,0.5080162882804871,0.7193229794502258,0.6250052452087402,0.17754870653152466,0.43721720576286316,0.6470324993133545,0.5090200901031494,0.13001856207847595,0.44891950488090515,0.7296372652053833,1.2027119398117065,0.22101658582687378,0.44047102332115173,0.7126879692077637,1.0879219770431519,0.18399348855018616,0.45103344321250916,0.7340714931488037,1.26246976852417,0.20791099965572357,0.45073187351226807,0.7243467569351196,1.1518757343292236,0.16197340190410614,0.403933584690094,0.7460750937461853,1.2171579599380493,0.24262739717960358,0.4269229769706726,0.7497589588165283,1.0985291004180908,0.1805867701768875
418,13.933333333333334,0.5593918561935425,0.30503472685813904,-0.33965378999710083,0.9871273636817932,0.5708377361297607,0.28647157549858093,-0.3196006119251251,0.98756343126297,0.5822581052780151,0.2849520146846771,-0.32019737362861633,0.9882639050483704,0.5937831401824951,0.2839994430541992,-0.319990336894989,0.989940881729126,0.5393999218940735,0.28972524404525757,-0.32301098108291626,0.988193690776825,0.5273028016090393,0.290951132774353,-0.3238511085510254,0.9890569448471069,0.5152102708816528,0.291952520608902,-0.3242690861225128,0.9904579520225525,0.6075838804244995,0.29355138540267944,-0.1649443805217743,0.9932664036750793,0.500738263130188,0.30338945984840393,-0.17672917246818542,0.9869444370269775,0.5834174752235413,0.32184404134750366,-0.27032795548439026,0.9826377034187317,0.5420733690261841,0.3261811435222626,-0.2783607840538025,0.9827025532722473,0.6337554454803467,0.38618797063827515,-0.13296858966350555,0.9994766712188721,0.5114933848381042,0.3752962350845337,-0.0662003606557846,0.9985764026641846,0.5422405004501343,0.45805829763412476,-0.28171712160110474,0.4946974217891693,0.48705756664276123,0.4177553653717041,-0.07687967270612717,0.24877268075942993,0.46791842579841614,0.4008292257785797,-0.42054125666618347,0.465320348739624,0.4045846164226532,0.3833680748939514,-0.128864124417305,0.31934788823127747,0.442227840423584,0.3927716016769409,-0.46524778008461,0.4724298119544983,0.3795974850654602,0.37882113456726074,-0.15270650386810303,0.35061052441596985,0.4575921297073364,0.37374162673950195,-0.46844956278800964,0.4825504422187805,0.3746078610420227,0.3746063709259033,-0.1822226196527481,0.3581600487232208,0.4631047248840332,0.3776399493217468,-0.4255372881889343,0.4514857530593872,0.3916510343551636,0.3774602711200714,-0.14514489471912384,0.33913183212280273,0.5788699388504028,0.605405867099762,-0.04435119032859802,0.9985870718955994,0.5176882147789001,0.5843797326087952,0.04355781525373459,0.998185932636261,0.4740206003189087,0.6912713050842285,0.18196281790733337,0.16149893403053284,0.38504892587661743,0.6341080069541931,0.24116577208042145,0.1179424598813057,0.43281427025794983,0.7433662414550781,0.35696032643318176,0.20506879687309265,0.32907429337501526,0.7174574136734009,0.43146812915802,0.16861273348331451,0.4375656843185425,0.7556011080741882,0.37145113945007324,0.19964313507080078,0.3389132618904114,0.7375354170799255,0.45093193650245667,0.1500963568687439,0.38264694809913635,0.7592514157295227,0.3110407888889313,0.22758565843105316,0.2715124487876892,0.7414588928222656,0.39924222230911255,0.16658316552639008
421,14.033333333333333,0.609123170375824,0.24478372931480408,-0.1726689487695694,0.9883731007575989,0.6156525015830994,0.23524656891822815,-0.14741621911525726,0.9887297749519348,0.6198310852050781,0.2378363311290741,-0.14782223105430603,0.9893309473991394,0.6236594319343567,0.2360246181488037,-0.14777088165283203,0.9908878803253174,0.6025301218032837,0.23392386734485626,-0.1841028779745102,0.9893332719802856,0.5966799855232239,0.2333398312330246,-0.18458260595798492,0.9901072978973389,0.5906985998153687,0.23264345526695251,-0.18482232093811035,0.991382360458374,0.6180734038352966,0.24129298329353333,-0.017060663551092148,0.9938912987709045,0.5741597414016724,0.2368176430463791,-0.18296532332897186,0.9881778955459595,0.6109227538108826,0.25713881850242615,-0.11702076345682144,0.9842761158943176,0.5932385921478271,0.2555524706840515,-0.16808095574378967,0.98433518409729,0.6102029085159302,0.3004378080368042,0.13569486141204834,0.9995176196098328,0.5361751317977905,0.28925007581710815,-0.27288103103637695,0.9987101554870605,0.6687686443328857,0.3424089550971985,0.13905960321426392,0.4522269070148468,0.5793493986129761,0.3480263948440552,-0.36740031838417053,0.2663350999355316,0.6590960025787354,0.3343329429626465,-0.04075810685753822,0.4294333755970001,0.6466449499130249,0.38296884298324585,-0.37010273337364197,0.32037171721458435,0.6505801677703857,0.3377000689506531,-0.06948346644639969,0.4431309998035431,0.6581384539604187,0.39782074093818665,-0.42821821570396423,0.3519853353500366,0.6471560597419739,0.32523202896118164,-0.09220951795578003,0.4523596167564392,0.6674181818962097,0.39081689715385437,-0.42168596386909485,0.3567453622817993,0.6502826809883118,0.3246193528175354,-0.05482729151844978,0.4225786626338959,0.6619828939437866,0.39206063747406006,-0.36871516704559326,0.33235061168670654,0.5372506380081177,0.4397122263908386,0.13450980186462402,0.9987245798110962,0.4899194836616516,0.4364883005619049,-0.13485129177570343,0.9983642101287842,0.5478265881538391,0.5167489051818848,0.3458760380744934,0.1473245471715927,0.5639976859092712,0.5294772982597351,-0.07316004484891891,0.13607464730739594,0.4896716773509979,0.572891116142273,0.6282431483268738,0.18736256659030914,0.4886023998260498,0.6289688944816589,0.1956738978624344,0.17947353422641754,0.4737301766872406,0.5816327929496765,0.6532020568847656,0.1851406991481781,0.4654952585697174,0.6422876119613647,0.22566603124141693,0.1492599993944168,0.49548953771591187,0.5970997214317322,0.6517553925514221,0.2093336582183838,0.5044190883636475,0.6703277826309204,0.20694656670093536,0.17191272974014282
422,14.066666666666666,0.6291502118110657,0.21471066772937775,0.041779011487960815,0.9893838763237,0.6322047114372253,0.20431944727897644,0.06253323704004288,0.9895693063735962,0.6334276795387268,0.20449090003967285,0.0621175542473793,0.9900755286216736,0.6347137093544006,0.20493903756141663,0.062154583632946014,0.9915974736213684,0.6252651810646057,0.20253923535346985,0.02247619815170765,0.9902079701423645,0.6210460066795349,0.20154578983783722,0.022017013281583786,0.9909209609031677,0.616692304611206,0.20039263367652893,0.021882714703679085,0.9921054840087891,0.6198679804801941,0.20709268748760223,0.15766726434230804,0.9943832755088806,0.5954132080078125,0.20130646228790283,-0.023594291880726814,0.9890027046203613,0.6215814352035522,0.22493939101696014,0.08571430295705795,0.9855303764343262,0.61090087890625,0.22264590859413147,0.029756683856248856,0.9855436086654663,0.5814590454101562,0.2667029798030853,0.25875231623649597,0.9995551109313965,0.5549245476722717,0.2535232901573181,-0.10199037939310074,0.9988188147544861,0.6264041066169739,0.3462314307689667,0.31658440828323364,0.41424837708473206,0.5811320543289185,0.33795636892318726,-0.18686676025390625,0.2519116699695587,0.5866414904594421,0.33397430181503296,0.2537236213684082,0.394575834274292,0.6044256687164307,0.3475612998008728,-0.16080571711063385,0.30895712971687317,0.5685108304023743,0.33434706926345825,0.251351535320282,0.41019517183303833,0.604765772819519,0.3520921766757965,-0.19526199996471405,0.3455686867237091,0.5697113275527954,0.3214319944381714,0.2409684956073761,0.4180839955806732,0.6081838011741638,0.3447907567024231,-0.19175010919570923,0.3488301634788513,0.5772120952606201,0.32202214002609253,0.24944204092025757,0.3900052607059479,0.6054386496543884,0.34355980157852173,-0.15941952168941498,0.32250484824180603,0.5079107284545898,0.41597455739974976,0.12433779239654541,0.998839259147644,0.48995912075042725,0.4126189351081848,-0.12483572214841843,0.9985120296478271,0.5364544987678528,0.5165213346481323,0.2206277996301651,0.13732315599918365,0.5763989090919495,0.49637332558631897,-0.06585033237934113,0.13110563158988953,0.4935186505317688,0.5881529450416565,0.2293427288532257,0.17784526944160461,0.5348744988441467,0.6107605695724487,0.019237231463193893,0.18199940025806427,0.4832780957221985,0.5995417237281799,0.2262493371963501,0.1833714097738266,0.5132704377174377,0.6296666264533997,0.0284098070114851,0.1553044319152832,0.4954652190208435,0.6133784055709839,0.18604499101638794,0.20238620042800903,0.566482424736023,0.6439399123191833,0.0021644323132932186,0.1760135143995285
429,14.3,0.5299829244613647,0.3401387333869934,-0.04860752820968628,0.990288257598877,0.5339266657829285,0.33053892850875854,-0.0278655793517828,0.9904487133026123,0.5327571630477905,0.3293890058994293,-0.028485704213380814,0.990878164768219,0.5317575335502625,0.3287382125854492,-0.028393656015396118,0.9923235774040222,0.5306798219680786,0.3314782977104187,-0.0870887041091919,0.9910757541656494,0.5266048908233643,0.3312188982963562,-0.08764167129993439,0.9917170405387878,0.5223045945167542,0.33072155714035034,-0.08789018541574478,0.9928194880485535,0.5050832033157349,0.32618606090545654,0.07935913652181625,0.9948412179946899,0.4954149127006531,0.3285738229751587,-0.18636205792427063,0.9898795485496521,0.5207192897796631,0.35380610823631287,0.006930123548954725,0.9861392974853516,0.5167195796966553,0.3546454608440399,-0.07375888526439667,0.9862169623374939,0.43880221247673035,0.38350710272789,0.300324410200119,0.9995692372322083,0.47566646337509155,0.3839144706726074,-0.33425331115722656,0.998893678188324,0.48712190985679626,0.4907752573490143,0.477621853351593,0.3734687268733978,0.5348590016365051,0.49718159437179565,-0.41690123081207275,0.2538157105445862,0.6282005906105042,0.5073238611221313,0.4794505536556244,0.35647052526474,0.6868144273757935,0.4761291444301605,-0.2647473216056824,0.31501659750938416,0.6545968055725098,0.5063920617103577,0.5056126117706299,0.37172389030456543,0.7170006036758423,0.47137337923049927,-0.3200865685939789,0.343805730342865,0.6691739559173584,0.5009781718254089,0.44916942715644836,0.37889689207077026,0.7207227349281311,0.4506145417690277,-0.2801080048084259,0.34516486525535583,0.6593055129051208,0.5028746724128723,0.4564628303050995,0.3536798655986786,0.7050149440765381,0.4530741572380066,-0.24827918410301208,0.3111191987991333,0.42043939232826233,0.5608422160148621,0.20977360010147095,0.9988666772842407,0.4494011402130127,0.5664643049240112,-0.21023157238960266,0.998591959476471,0.5122013092041016,0.6494943499565125,0.6569984555244446,0.12404337525367737,0.6112502813339233,0.6301931738853455,-0.02668449655175209,0.12385734915733337,0.44571733474731445,0.7273440361022949,1.01002037525177,0.160458505153656,0.5305750370025635,0.7617307305335999,0.24591270089149475,0.16839107871055603,0.4272150993347168,0.7420235872268677,1.0431506633758545,0.16724812984466553,0.49790000915527344,0.7889196276664734,0.27719053626060486,0.1471789926290512,0.46248453855514526,0.7398704290390015,1.0982521772384644,0.1826939880847931,0.5768675208091736,0.7797972559928894,0.28767576813697815,0.16207118332386017
430,14.333333333333334,0.5253709554672241,0.34574729204177856,0.13048206269741058,0.9904228448867798,0.5231159925460815,0.33765262365341187,0.13478538393974304,0.9902546405792236,0.5205774903297424,0.33679959177970886,0.13427796959877014,0.9903614521026611,0.518097460269928,0.3364226222038269,0.13436660170555115,0.9922043085098267,0.523815393447876,0.3372805714607239,0.07999376207590103,0.991331160068512,0.5215087532997131,0.33632978796958923,0.07937996834516525,0.9919417500495911,0.5188561081886292,0.33517688512802124,0.07917679846286774,0.9931734800338745,0.49331143498420715,0.33125990629196167,0.17297671735286713,0.9946433901786804,0.49478060007095337,0.3298495411872864,-0.07507476955652237,0.9899584650993347,0.5143770575523376,0.3537331819534302,0.162556990981102,0.9834273457527161,0.5108606219291687,0.3544609844684601,0.08690094202756882,0.9846060872077942,0.40582191944122314,0.37944212555885315,0.33331358432769775,0.9995507001876831,0.4790646731853485,0.3831210434436798,-0.2365742176771164,0.9989708065986633,0.439492404460907,0.47460412979125977,0.5394584536552429,0.33644893765449524,0.5356526970863342,0.49238499999046326,-0.2878331243991852,0.2430654913187027,0.5341683030128479,0.46462851762771606,0.6701806783676147,0.3212362825870514,0.6780443787574768,0.4748891294002533,-0.11595018953084946,0.3285011947154999,0.5457039475440979,0.44918450713157654,0.7128570675849915,0.33546045422554016,0.7074201107025146,0.4689616560935974,-0.15488414466381073,0.3556579351425171,0.5552120208740234,0.43860140442848206,0.6719769835472107,0.34192413091659546,0.7075625658035278,0.45054715871810913,-0.12239125370979309,0.3557637333869934,0.5622212886810303,0.45097899436950684,0.6564823389053345,0.31927353143692017,0.6970270276069641,0.45319780707359314,-0.10115581005811691,0.31030070781707764,0.3713911771774292,0.5615405440330505,0.19611653685569763,0.9988154172897339,0.43913209438323975,0.5648863911628723,-0.19671963155269623,0.9986240863800049,0.4498674273490906,0.6446943283081055,0.6251020431518555,0.11192362010478973,0.6114003658294678,0.6173575520515442,0.02000923827290535,0.1131574735045433,0.38921767473220825,0.7277981042861938,0.7847480177879333,0.14485172927379608,0.5331910848617554,0.7525812387466431,0.1653032898902893,0.153453066945076,0.3766370117664337,0.7435796856880188,0.7991276979446411,0.15358026325702667,0.4993627369403839,0.7816364765167236,0.18207696080207825,0.1376861035823822,0.38885146379470825,0.7392627596855164,0.8525826334953308,0.1649705022573471,0.5860764384269714,0.7656385898590088,0.2089594155550003,0.14736218750476837
431,14.366666666666667,0.5208806395530701,0.36237090826034546,0.09908515214920044,0.9898934364318848,0.5172606706619263,0.34822267293930054,0.10671234875917435,0.9888477325439453,0.5151002407073975,0.34692099690437317,0.10619603097438812,0.9883626699447632,0.5130285620689392,0.3461298942565918,0.10621549934148788,0.9912378787994385,0.5171366333961487,0.34856748580932617,0.0509309358894825,0.990885853767395,0.514695405960083,0.34765079617500305,0.0503503642976284,0.9915048480033875,0.5120115876197815,0.34650784730911255,0.05014994367957115,0.9930519461631775,0.48934707045555115,0.33814674615859985,0.16354383528232574,0.9938210248947144,0.48913124203681946,0.33820411562919617,-0.08738625049591064,0.9888370633125305,0.5078689455986023,0.3600684106349945,0.13735386729240417,0.9775916934013367,0.5065959095954895,0.36690112948417664,0.06097880378365517,0.9796761870384216,0.4044308662414551,0.3799965977668762,0.3402874767780304,0.9995330572128296,0.4685472846031189,0.381173312664032,-0.2576953172683716,0.9990347027778625,0.4291995167732239,0.4765471816062927,0.5213438868522644,0.3029128909111023,0.5113075971603394,0.4874064326286316,-0.3313469886779785,0.24556294083595276,0.5253958702087402,0.4784565567970276,0.5930171608924866,0.2892366945743561,0.6596124172210693,0.4749005436897278,-0.1712479293346405,0.3414158225059509,0.5425145626068115,0.46868228912353516,0.6305564641952515,0.3022037446498871,0.6899286508560181,0.47521060705184937,-0.21200735867023468,0.36406487226486206,0.5505146980285645,0.46092119812965393,0.5889706015586853,0.30801671743392944,0.6926349997520447,0.46089616417884827,-0.17676472663879395,0.3629380762577057,0.5494313836097717,0.4692537188529968,0.5776523351669312,0.2876511812210083,0.6794220805168152,0.4607432782649994,-0.15552733838558197,0.3086170256137848,0.37214037775993347,0.5641797780990601,0.1963047832250595,0.9988158345222473,0.4248855710029602,0.5665336847305298,-0.19699612259864807,0.9986907243728638,0.41798514127731323,0.6581082344055176,0.5616797208786011,0.10081805288791656,0.5766194462776184,0.6542537808418274,-0.04767835512757301,0.10554859787225723,0.3350572884082794,0.7450922727584839,0.5755544304847717,0.1307678073644638,0.41409069299697876,0.7786614894866943,-0.09420628100633621,0.1441650688648224,0.3193347156047821,0.7563945055007935,0.5719156265258789,0.1409585326910019,0.37465620040893555,0.79374098777771,-0.09558677673339844,0.13363400101661682,0.32563459873199463,0.7701133489608765,0.5992510318756104,0.1492040455341339,0.4233338236808777,0.8204728960990906,-0.09265392273664474,0.13802631199359894
432,14.4,0.5219457149505615,0.330014169216156,0.10843314230442047,0.9907593727111816,0.5188841223716736,0.312745064496994,0.12343277037143707,0.9897547960281372,0.5167849063873291,0.3116110861301422,0.12284868210554123,0.9892807602882385,0.5146554708480835,0.3109603822231293,0.12286172807216644,0.9919458627700806,0.5180332660675049,0.31322914361953735,0.06411811709403992,0.9916945099830627,0.5151107311248779,0.31260520219802856,0.0635216161608696,0.9922646284103394,0.5118879675865173,0.311786025762558,0.06327594071626663,0.9936782717704773,0.49062469601631165,0.30648207664489746,0.19825462996959686,0.9943478107452393,0.4871036112308502,0.3075704872608185,-0.07095213979482651,0.9898188710212708,0.5085576176643372,0.33515533804893494,0.15113434195518494,0.9791775345802307,0.507144033908844,0.3368335962295532,0.06984089314937592,0.9812066555023193,0.40952354669570923,0.35392215847969055,0.39661067724227905,0.9995532035827637,0.4668421149253845,0.36707744002342224,-0.26041164994239807,0.9991192817687988,0.436556875705719,0.43537306785583496,0.7482665777206421,0.2727822959423065,0.47675269842147827,0.47531336545944214,-0.402812123298645,0.28480860590934753,0.5216599106788635,0.43151354789733887,1.1008213758468628,0.2607743740081787,0.6201280355453491,0.4782814085483551,-0.32651740312576294,0.39157527685165405,0.539512038230896,0.42648521065711975,1.1862679719924927,0.27310052514076233,0.6587866544723511,0.48501625657081604,-0.3708559274673462,0.4101337790489197,0.5400919318199158,0.40937623381614685,1.1478663682937622,0.27836430072784424,0.6666594743728638,0.4702281355857849,-0.32557108998298645,0.4089124798774719,0.5463813543319702,0.42402559518814087,1.095638394355774,0.26002535223960876,0.6565191745758057,0.4688452184200287,-0.3073810040950775,0.34825780987739563,0.37680432200431824,0.5468445420265198,0.21939413249492645,0.9988207817077637,0.4208427369594574,0.55536949634552,-0.21991309523582458,0.9987531900405884,0.3921295702457428,0.641421914100647,0.6038126349449158,0.0914389118552208,0.5803385376930237,0.6344045400619507,-0.07889247685670853,0.10879887640476227,0.2980096638202667,0.7417579889297485,0.6707859039306641,0.1212587058544159,0.45560482144355774,0.775202214717865,-0.004476695787161589,0.152864009141922,0.277082622051239,0.7569992542266846,0.6702938675880432,0.14397871494293213,0.41292670369148254,0.7930763959884644,0.008590396493673325,0.15567882359027863,0.3050021827220917,0.7638223767280579,0.6806425452232361,0.13951969146728516,0.48619160056114197,0.8068341016769409,0.004249588120728731,0.14327874779701233
433,14.433333333333334,0.5344892740249634,0.31392496824264526,0.21221955120563507,0.9916423559188843,0.5251588225364685,0.29600661993026733,0.21486346423625946,0.9907212853431702,0.5226930379867554,0.29482483863830566,0.21432963013648987,0.9902870655059814,0.5202082991600037,0.29413360357284546,0.21429237723350525,0.9927093386650085,0.5252746939659119,0.2967246472835541,0.1620619297027588,0.9924930334091187,0.5222784876823425,0.29620903730392456,0.16147354245185852,0.993008553981781,0.5189856886863708,0.29550307989120483,0.161337211728096,0.9942870736122131,0.49178194999694824,0.29025083780288696,0.23714783787727356,0.9948925375938416,0.49190011620521545,0.2923101484775543,-0.001654531341046095,0.9907829165458679,0.5193086862564087,0.32115042209625244,0.23671041429042816,0.9810600280761719,0.5177255272865295,0.3221004605293274,0.16411691904067993,0.9829085469245911,0.40834516286849976,0.3438050150871277,0.3944412171840668,0.9995904564857483,0.4740849435329437,0.3553749918937683,-0.17370015382766724,0.9992032647132874,0.43853357434272766,0.4339485168457031,0.730582594871521,0.2457941472530365,0.47058549523353577,0.46667319536209106,-0.2196342945098877,0.32031917572021484,0.5213445425033569,0.4239618182182312,1.1097639799118042,0.2351982593536377,0.6124876737594604,0.47854623198509216,-0.0329531654715538,0.43598806858062744,0.5393009781837463,0.4179306924343109,1.1949244737625122,0.24689169228076935,0.6487948298454285,0.487495094537735,-0.047079898416996,0.45404618978500366,0.5413640737533569,0.39841338992118835,1.165374755859375,0.25160691142082214,0.6577407121658325,0.46866685152053833,-0.014404584653675556,0.4527759253978729,0.5467561483383179,0.4128458499908447,1.1085542440414429,0.23512762784957886,0.643928587436676,0.46747392416000366,-0.015927957370877266,0.3875911235809326,0.37393301725387573,0.5396727919578552,0.2141166478395462,0.9988656640052795,0.4223965108394623,0.5484042763710022,-0.21466104686260223,0.9988314509391785,0.4062374532222748,0.6423506736755371,0.5303466320037842,0.08299665153026581,0.5832667946815491,0.6366385817527771,-0.07731965184211731,0.11247510462999344,0.30974045395851135,0.7638994455337524,0.4097830057144165,0.11172166466712952,0.46200552582740784,0.7811029553413391,-0.15454991161823273,0.162173330783844,0.2825743556022644,0.7860224843025208,0.39471277594566345,0.14729678630828857,0.41056883335113525,0.801850438117981,-0.1579916775226593,0.18113335967063904,0.3405017554759979,0.7875762581825256,0.4263613820075989,0.13004617393016815,0.4943230450153351,0.8095880746841431,-0.146029531955719,0.15137329697608948
434,14.466666666666667,0.5257636308670044,0.3141002953052521,0.28062352538108826,0.9923160076141357,0.516230583190918,0.30223003029823303,0.28414618968963623,0.9914059638977051,0.5139015913009644,0.3012414276599884,0.2835948169231415,0.9909701943397522,0.511652410030365,0.30074626207351685,0.2834254503250122,0.993285059928894,0.5176624059677124,0.30266961455345154,0.2359713613986969,0.9931127429008484,0.5155236721038818,0.30216184258461,0.23535607755184174,0.9935863018035889,0.5130382776260376,0.301446795463562,0.2352016717195511,0.9947691559791565,0.4857843220233917,0.2976709008216858,0.29983147978782654,0.9953289031982422,0.49012526869773865,0.2988335192203522,0.08598930388689041,0.9914025068283081,0.50944983959198,0.3232329487800598,0.3003489375114441,0.9822590351104736,0.5078372359275818,0.3238755166530609,0.235139399766922,0.9839814901351929,0.4093177020549774,0.35007989406585693,0.4710969626903534,0.9996187686920166,0.46290576457977295,0.3546261191368103,-0.12966877222061157,0.9992766380310059,0.4437161386013031,0.4253388047218323,0.8028464317321777,0.22148708999156952,0.4460738003253937,0.46362733840942383,-0.27292484045028687,0.3677298426628113,0.5252454280853271,0.4138537049293518,1.1541820764541626,0.21216973662376404,0.603131890296936,0.47553467750549316,-0.15704652667045593,0.4812968671321869,0.5426881313323975,0.40956911444664,1.2349215745925903,0.22323086857795715,0.6399914026260376,0.48568791151046753,-0.13612675666809082,0.49741488695144653,0.5446245670318604,0.3924805223941803,1.2071856260299683,0.2274072915315628,0.6508607268333435,0.466439813375473,-0.0952371284365654,0.49595314264297485,0.5469213724136353,0.40434107184410095,1.152794361114502,0.21260273456573486,0.6375412344932556,0.466571182012558,-0.13926243782043457,0.4298723042011261,0.3763996958732605,0.5427150130271912,0.21944421529769897,0.9989348649978638,0.42296791076660156,0.5512601733207703,-0.22013874351978302,0.9989160299301147,0.43435174226760864,0.6459437608718872,0.35547956824302673,0.07550343871116638,0.6481736898422241,0.6409692764282227,-0.1471869796514511,0.11895739287137985,0.31677499413490295,0.7825556993484497,-0.018603933975100517,0.10541178286075592,0.4728117287158966,0.7818046808242798,-0.4027380347251892,0.1830240935087204,0.2756604552268982,0.8012834787368774,-0.062266673892736435,0.1580774039030075,0.4221443235874176,0.8011142611503601,-0.42305436730384827,0.2155793160200119,0.3623250722885132,0.8285741806030273,-0.07358647137880325,0.12685510516166687,0.4976387023925781,0.8317337036132812,-0.41420280933380127,0.17644169926643372
435,14.5,0.5191143155097961,0.3164308965206146,0.20920145511627197,0.9928238391876221,0.5078191757202148,0.30745846033096313,0.21554578840732574,0.9918552041053772,0.5054396986961365,0.30652812123298645,0.2149936705827713,0.991331160068512,0.5031969547271729,0.3060663342475891,0.2149040699005127,0.993669331073761,0.5089336633682251,0.3077443242073059,0.16868647933006287,0.9935898780822754,0.5068291425704956,0.3072482943534851,0.168031707406044,0.9940333962440491,0.5044144988059998,0.3065381348133087,0.16783995926380157,0.9951738715171814,0.4769076108932495,0.3025677800178528,0.24913814663887024,0.9955698847770691,0.46933144330978394,0.30342745780944824,0.04063090309500694,0.9917599558830261,0.5047614574432373,0.3263806104660034,0.23529289662837982,0.9829299449920654,0.5016430616378784,0.32712769508361816,0.17123623192310333,0.9846352934837341,0.40809839963912964,0.3549768328666687,0.4186963737010956,0.9996247291564941,0.45038965344429016,0.359099805355072,-0.13463981449604034,0.9993419051170349,0.44568490982055664,0.41370993852615356,0.7181378602981567,0.19961479306221008,0.433868408203125,0.46209603548049927,-0.2926432490348816,0.41520988941192627,0.5226971507072449,0.40565356612205505,0.9926560521125793,0.19170500338077545,0.5923261046409607,0.47478508949279785,-0.309411883354187,0.5267240405082703,0.5395433902740479,0.4022870659828186,1.0568904876708984,0.20229293406009674,0.633723258972168,0.4847168028354645,-0.34415295720100403,0.5408737063407898,0.5456826090812683,0.39712998270988464,1.0219476222991943,0.20601218938827515,0.6424460411071777,0.4653095602989197,-0.31786251068115234,0.5393753051757812,0.5451194047927856,0.4004359245300293,0.9868027567863464,0.19265210628509521,0.6288753151893616,0.46629565954208374,-0.29862773418426514,0.4732325077056885,0.3804817497730255,0.5449807643890381,0.1902826875448227,0.9989548325538635,0.42684412002563477,0.5527466535568237,-0.19117842614650726,0.9989678859710693,0.42673057317733765,0.6625156998634338,0.28258660435676575,0.06829941272735596,0.6273941397666931,0.6477242112159729,-0.1327371746301651,0.11064313352108002,0.3147611916065216,0.8026429414749146,0.004538796376436949,0.0968887209892273,0.4640141427516937,0.7903825044631958,-0.2817600965499878,0.17699415981769562,0.28228867053985596,0.8249608874320984,-0.0298793762922287,0.1544269621372223,0.41598623991012573,0.8075188398361206,-0.2929833233356476,0.21705588698387146,0.37318429350852966,0.8372157216072083,-0.05869629234075546,0.11889579892158508,0.51616370677948,0.8394736051559448,-0.3007201552391052,0.17297574877738953
436,14.533333333333333,0.5193904638290405,0.2998218238353729,-0.24766650795936584,0.9934300780296326,0.5093427300453186,0.28542569279670715,-0.21057820320129395,0.9925004243850708,0.5126770734786987,0.28415942192077637,-0.2113002985715866,0.9919636249542236,0.5139255523681641,0.2837042212486267,-0.2113962322473526,0.9941409826278687,0.5108242034912109,0.28475210070610046,-0.2680285573005676,0.994159460067749,0.5079392194747925,0.28379547595977783,-0.26880812644958496,0.9945684671401978,0.5038894414901733,0.2826458513736725,-0.2693408131599426,0.9956116080284119,0.5003868341445923,0.2903209924697876,-0.012801072560250759,0.9958721399307251,0.4713430106639862,0.28386205434799194,-0.27359655499458313,0.9924635291099548,0.5050691962242126,0.31105896830558777,-0.16239391267299652,0.9841251373291016,0.5016471147537231,0.31168925762176514,-0.2416342794895172,0.985896110534668,0.46674808859825134,0.3476153612136841,0.2738489508628845,0.999607503414154,0.4207031726837158,0.3575497269630432,-0.3735245168209076,0.9993937015533447,0.4747653603553772,0.3910738527774811,0.7093058824539185,0.18032747507095337,0.41173091530799866,0.4626380503177643,-0.5318551659584045,0.4683624505996704,0.532149612903595,0.3651335835456848,1.0226271152496338,0.17719292640686035,0.5845627188682556,0.4748010039329529,-0.5292269587516785,0.5679594278335571,0.5521230697631836,0.36912232637405396,1.0925801992416382,0.19026733934879303,0.6286244988441467,0.48520606756210327,-0.585285484790802,0.577576756477356,0.5492026209831238,0.35465648770332336,1.0394915342330933,0.19389107823371887,0.6358345746994019,0.4659324288368225,-0.544228732585907,0.575793445110321,0.5549675226211548,0.36487287282943726,1.0105969905853271,0.180983766913414,0.6212854385375977,0.46516650915145874,-0.5103353261947632,0.506744921207428,0.4480823576450348,0.5463002920150757,0.19361014664173126,0.9990319609642029,0.40600836277008057,0.5561138987541199,-0.19443920254707336,0.9990489482879639,0.48064857721328735,0.6776091456413269,0.29815495014190674,0.06437277793884277,0.4114163815975189,0.6782735586166382,-0.11024370044469833,0.11570876091718674,0.45146670937538147,0.79627525806427,0.4027444124221802,0.09652053564786911,0.3604467213153839,0.7955947518348694,0.09984098374843597,0.18481650948524475,0.424493670463562,0.8128000497817993,0.39496204257011414,0.156214639544487,0.34513330459594727,0.8113746643066406,0.1222764328122139,0.21287094056606293,0.48734763264656067,0.8514965772628784,0.35406291484832764,0.12230687588453293,0.40441274642944336,0.8585563898086548,-0.015156421810388565,0.1787150800228119
437,14.566666666666666,0.5226576328277588,0.28858837485313416,-0.1322316825389862,0.9936672449111938,0.5211556553840637,0.27338337898254395,-0.10219530761241913,0.9924455285072327,0.5244263410568237,0.2727985978126526,-0.10284844785928726,0.9916698336601257,0.5265570878982544,0.27298861742019653,-0.10289162397384644,0.993982195854187,0.511039674282074,0.2743596136569977,-0.15709970891475677,0.9944267272949219,0.5088693499565125,0.2735981345176697,-0.1578122228384018,0.9948549270629883,0.5049192905426025,0.2726554274559021,-0.158286452293396,0.9958946704864502,0.511137843132019,0.28160858154296875,0.049338579177856445,0.9956508278846741,0.4737992584705353,0.2761269211769104,-0.19973360002040863,0.9928634166717529,0.506191611289978,0.30299896001815796,-0.0638841912150383,0.9841499328613281,0.501919686794281,0.3008649945259094,-0.13937132060527802,0.986457109451294,0.4953048825263977,0.34952884912490845,0.2770331799983978,0.9995664358139038,0.4141864776611328,0.35764914751052856,-0.33449870347976685,0.9994343519210815,0.5172280073165894,0.40818992257118225,0.5892764329910278,0.16265293955802917,0.404774010181427,0.4646397531032562,-0.4903736114501953,0.49402204155921936,0.5565168857574463,0.4014207422733307,0.7315547466278076,0.15994177758693695,0.5705322027206421,0.48216891288757324,-0.46339714527130127,0.5648574829101562,0.5642595291137695,0.40279683470726013,0.7672891616821289,0.1722952127456665,0.6088806986808777,0.4897924065589905,-0.5221290588378906,0.5657576322555542,0.5583646297454834,0.3917009234428406,0.7182239890098572,0.17557020485401154,0.617827296257019,0.47518736124038696,-0.4815879762172699,0.5608608722686768,0.5578374862670898,0.3960285484790802,0.7148547768592834,0.1640012115240097,0.603926956653595,0.47393712401390076,-0.4455467164516449,0.48560088872909546,0.4566672444343567,0.5522555112838745,0.1814102828502655,0.9991240501403809,0.39798763394355774,0.5634760856628418,-0.18185646831989288,0.9991406798362732,0.49582192301750183,0.6948698163032532,0.371679425239563,0.062200598418712616,0.38038888573646545,0.6885550022125244,0.03768286854028702,0.11809348315000534,0.4512641131877899,0.7994553446769714,0.6780169010162354,0.09450674802064896,0.3426569104194641,0.7976155877113342,0.3652903735637665,0.18603350222110748,0.42757242918014526,0.8128505945205688,0.7037906646728516,0.152598574757576,0.34274935722351074,0.8117792010307312,0.3962860107421875,0.2035667449235916,0.48876944184303284,0.8493155241012573,0.6250415444374084,0.118734210729599,0.37414079904556274,0.8518044352531433,0.30535587668418884,0.17458410561084747
