frame,timestamp,NOSE_x,NOSE_y,NOSE_z,NOSE_visibility,LEFT_EYE_INNER_x,LEFT_EYE_INNER_y,LEFT_EYE_INNER_z,LEFT_EYE_INNER_visibility,LEFT_EYE_x,LEFT_EYE_y,LEFT_EYE_z,LEFT_EYE_visibility,LEFT_EYE_OUTER_x,LEFT_EYE_OUTER_y,LEFT_EYE_OUTER_z,LEFT_EYE_OUTER_visibility,RIGHT_EYE_INNER_x,RIGHT_EYE_INNER_y,RIGHT_EYE_INNER_z,RIGHT_EYE_INNER_visibility,RIGHT_EYE_x,RIGHT_EYE_y,RIGHT_EYE_z,RIGHT_EYE_visibility,RIGHT_EYE_OUTER_x,RIGHT_EYE_OUTER_y,RIGHT_EYE_OUTER_z,RIGHT_EYE_OUTER_visibility,LEFT_EAR_x,LEFT_EAR_y,LEFT_EAR_z,LEFT_EAR_visibility,RIGHT_EAR_x,RIGHT_EAR_y,RIGHT_EAR_z,RIGHT_EAR_visibility,MOUTH_LEFT_x,MOUTH_LEFT_y,MOUTH_LEFT_z,MOUTH_LEFT_visibility,MOUTH_RIGHT_x,MOUTH_RIGHT_y,MOUTH_RIGHT_z,MOUTH_RIGHT_visibility,LEFT_SHOULDER_x,LEFT_SHOULDER_y,LEFT_SHOULDER_z,LEFT_SHOULDER_visibility,RIGHT_SHOULDER_x,RIGHT_SHOULDER_y,RIGHT_SHOULDER_z,RIGHT_SHOULDER_visibility,LEFT_ELBOW_x,LEFT_ELBOW_y,LEFT_ELBOW_z,LEFT_ELBOW_visibility,RIGHT_ELBOW_x,RIGHT_ELBOW_y,RIGHT_ELBOW_z,RIGHT_ELBOW_visibility,LEFT_WRIST_x,LEFT_WRIST_y,LEFT_WRIST_z,LEFT_WRIST_visibility,RIGHT_WRIST_x,RIGHT_WRIST_y,RIGHT_WRIST_z,RIGHT_WRIST_visibility,LEFT_PINKY_x,LEFT_PINKY_y,LEFT_PINKY_z,LEFT_PINKY_visibility,RIGHT_PINKY_x,RIGHT_PINKY_y,RIGHT_PINKY_z,RIGHT_PINKY_visibility,LEFT_INDEX_x,LEFT_INDEX_y,LEFT_INDEX_z,LEFT_INDEX_visibility,RIGHT_INDEX_x,RIGHT_INDEX_y,RIGHT_INDEX_z,RIGHT_INDEX_visibility,LEFT_THUMB_x,LEFT_THUMB_y,LEFT_THUMB_z,LEFT_THUMB_visibility,RIGHT_THUMB_x,RIGHT_THUMB_y,RIGHT_THUMB_z,RIGHT_THUMB_visibility,LEFT_HIP_x,LEFT_HIP_y,LEFT_HIP_z,LEFT_HIP_visibility,RIGHT_HIP_x,RIGHT_HIP_y,RIGHT_HIP_z,RIGHT_HIP_visibility,LEFT_KNEE_x,LEFT_KNEE_y,LEFT_KNEE_z,LEFT_KNEE_visibility,RIGHT_KNEE_x,RIGHT_KNEE_y,RIGHT_KNEE_z,RIGHT_KNEE_visibility,LEFT_ANKLE_x,LEFT_ANKLE_y,LEFT_ANKLE_z,LEFT_ANKLE_visibility,RIGHT_ANKLE_x,RIGHT_ANKLE_y,RIGHT_ANKLE_z,RIGHT_ANKLE_visibility,LEFT_HEEL_x,LEFT_HEEL_y,LEFT_HEEL_z,LEFT_HEEL_visibility,RIGHT_HEEL_x,RIGHT_HEEL_y,RIGHT_HEEL_z,RIGHT_HEEL_visibility,LEFT_FOOT_INDEX_x,LEFT_FOOT_INDEX_y,LEFT_FOOT_INDEX_z,LEFT_FOOT_INDEX_visibility,RIGHT_FOOT_INDEX_x,RIGHT_FOOT_INDEX_y,RIGHT_FOOT_INDEX_z,RIGHT_FOOT_INDEX_visibility,NOSE_quality,LEFT_EYE_INNER_quality,LEFT_EYE_quality,LEFT_EYE_OUTER_quality,RIGHT_EYE_INNER_quality,RIGHT_EYE_quality,RIGHT_EYE_OUTER_quality,LEFT_EAR_quality,RIGHT_EAR_quality,MOUTH_LEFT_quality,MOUTH_RIGHT_quality,LEFT_SHOULDER_quality,RIGHT_SHOULDER_quality,LEFT_ELBOW_quality,RIGHT_ELBOW_quality,LEFT_WRIST_quality,RIGHT_WRIST_quality,LEFT_PINKY_quality,RIGHT_PINKY_quality,LEFT_INDEX_quality,RIGHT_INDEX_quality,LEFT_THUMB_quality,RIGHT_THUMB_quality,LEFT_HIP_quality,RIGHT_HIP_quality,LEFT_KNEE_quality,RIGHT_KNEE_quality,LEFT_ANKLE_quality,RIGHT_ANKLE_quality,LEFT_HEEL_quality,RIGHT_HEEL_quality,LEFT_FOOT_INDEX_quality,RIGHT_FOOT_INDEX_quality
0,0.0,0.4903619,0.32315445,0.030837398,0.95,0.4903035,0.30351838,0.0151906395,0.95,0.50409675,0.30440158,0.03125374,0.95,0.49996355,0.29925486,0.019953825,0.95,0.4785449,0.31097978,0.029425314,0.95,0.4656471,0.30066934,0.023090566,0.95,0.46562672,0.29967037,0.034010027,0.95,0.5053117,0.30115548,0.027639305,0.95,0.44296673,0.3075561,0.0400269,0.95,0.49389353,0.31556025,0.03359553,0.95,0.48332825,0.32889426,0.020892046,0.95,0.5328284,0.36984763,0.053222477,0.95,0.42002213,0.3632665,0.045868136,0.95,0.5852057,0.40607277,0.04620024,0.95,0.3999434,0.41778132,0.055815775,0.95,0.55619025,0.44501874,0.047205016,0.95,0.38829938,0.42537382,0.04681452,0.95,0.5633754,0.45298314,0.0937559,0.95,0.38816795,0.4514199,0.030960942,0.95,0.57838994,0.43457383,0.031118462,0.95,0.40457815,0.4278241,0.051583588,0.95,0.55692106,0.4296796,0.054573547,0.95,0.39399788,0.42959335,0.03348697,0.95,0.5173753,0.5335597,0.035055723,0.95,0.44338402,0.53249794,0.030554812,0.95,0.50530386,0.64493346,0.05427731,0.95,0.43412247,0.63289917,0.042927083,0.95,0.54814523,0.7329975,0.21800523,0.95,0.44205603,0.73440367,0.22015177,0.95,0.50681573,0.7539404,0.18722978,0.95,0.48064795,0.73593545,0.19369411,0.95,0.53620994,0.7722418,0.10543093,0.95,0.45025915,0.7925149,0.07663019,0.95,0.9,0.9,0.9,0.9,0.9,0.9,0.9,0.9,0.9,0.9,0.9,0.9,0.9,0.9,0.9,0.9,0.9,0.9,0.9,0.9,0.9,0.9,0.9,0.9,0.9,0.9,0.9,0.9,0.9,0.9,0.9,0.9,0.9
1,0.03333333333333333,0.501802,0.32990354,0.022374844,0.95,0.4983988,0.29967394,-0.0022432378,0.95,0.5201539,0.3072648,0.03503074,0.95,0.51781607,0.2972791,0.008347584,0.95,0.48612806,0.31208625,0.029665003,0.95,0.46662953,0.29164177,0.008824525,0.95,0.4671577,0.29599348,0.045792274,0.95,0.51060325,0.28766862,0.01712187,0.95,0.43997115,0.29834124,0.04877364,0.95,0.494204,0.30881575,0.02854827,0.95,0.48801807,0.32902157,0.015832089,0.95,0.54234207,0.37246564,0.05973451,0.95,0.41330263,0.35425445,0.038058653,0.95,0.61508054,0.38961437,0.034657694,0.95,0.40342122,0.42167816,0.05589915,0.95,0.5611671,0.4565612,0.03867532,0.95,0.38511005,0.42839715,0.059859153,0.95,0.56864053,0.4568423,0.116220005,0.95,0.38988897,0.46296626,0.024237012,0.95,0.6077238,0.43420607,0.009558309,0.95,0.42085665,0.43175036,0.06334195,0.95,0.56944144,0.42025235,0.05515086,0.95,0.39297998,0.42761958,0.036305748,0.95,0.52808833,0.5388024,0.03734863,0.95,0.44262853,0.5382673,0.026454985,0.95,0.50427634,0.65475523,0.06781544,0.95,0.43645465,0.63587135,0.04806064,0.95,0.57185405,0.73638046,0.25376114,0.95,0.43706208,0.73868823,0.25026554,0.95,0.49691945,0.7585337,0.20070344,0.95,0.5057793,0.735897,0.20031197,0.95,0.5573191,0.7739346,0.109170936,0.95,0.45740333,0.8113771,0.054384418,0.95,0.9,0.9,0.9,0.9,0.9,0.9,0.9,0.9,0.9,0.9,0.9,0.9,0.9,0.9,0.9,0.9,0.9,0.9,0.9,0.9,0.9,0.9,0.9,0.9,0.9,0.9,0.9,0.9,0.9,0.9,0.9,0.9,0.9
2,0.06666666666666667,0.51422685,0.3388066,0.008968419,0.95,0.5051738,0.29904637,-0.018376568,0.95,0.53794557,0.31310117,0.03896525,0.95,0.53668785,0.30081853,-0.005891772,0.95,0.4934447,0.3174457,0.027044939,0.95,0.46272936,0.28787228,-0.008176288,0.95,0.46783787,0.30222726,0.06337118,0.95,0.5139089,0.27854726,0.0027684176,0.95,0.4391479,0.2883055,0.058384556,0.95,0.48527572,0.30643675,0.020213075,0.95,0.4864017,0.3318187,0.01167435,0.95,0.55317706,0.38292196,0.06768572,0.95,0.4015734,0.34515843,0.029768921,0.95,0.6421243,0.37436268,0.02135753,0.95,0.4022536,0.42741588,0.06117477,0.95,0.57645977,0.4721155,0.02848386,0.95,0.37879694,0.4405291,0.08605303,0.95,0.5707988,0.46486458,0.13548625,0.95,0.38072443,0.47682166,0.021240631,0.95,0.63917994,0.43116188,-0.008181043,0.95,0.43754798,0.44293597,0.08239326,0.95,0.58207196,0.40980673,0.053760085,0.95,0.38216388,0.43002513,0.04420174,0.95,0.5438022,0.5467766,0.04062449,0.95,0.44345933,0.54451805,0.025642622,0.95,0.51321024,0.6667121,0.0777859,0.95,0.44332668,0.6399573,0.050447434,0.95,0.59437233,0.74846125,0.2838051,0.95,0.4349872,0.74458206,0.2773582,0.95,0.4824669,0.7604887,0.21972519,0.95,0.5296019,0.73867226,0.21120505,0.95,0.5784271,0.7814181,0.106056355,0.95,0.462418,0.82929265,0.03144251,0.95,0.9,0.9,0.9,0.9,0.9,0.9,0.9,0.9,0.9,0.9,0.9,0.9,0.9,0.9,0.9,0.9,0.9,0.9,0.9,0.9,0.9,0.9,0.9,0.9,0.9,0.9,0.9,0.9,0.9,0.9,0.9,0.9,0.9
3,0.1,0.52607626,0.34743544,-0.0073086815,0.95,0.5093264,0.29942814,-0.031972803,0.95,0.55412555,0.32127002,0.04111085,0.95,0.5518199,0.30793738,-0.02365431,0.95,0.5020335,0.32763088,0.021728452,0.95,0.4591942,0.28935727,-0.024732908,0.95,0.46947387,0.318564,0.081956916,0.95,0.5189327,0.27444765,-0.010290574,0.95,0.4414767,0.27977082,0.067131326,0.95,0.46888006,0.3064126,0.008162047,0.95,0.48116484,0.33670828,0.0064933132,0.95,0.565671,0.39865407,0.07921323,0.95,0.38670495,0.33702645,0.02200334,0.95,0.6644594,0.36179668,0.010062438,0.95,0.39879167,0.43386278,0.076064974,0.95,0.5953899,0.4901489,0.017597508,0.95,0.37222773,0.4598983,0.12063525,0.95,0.5677564,0.4771443,0.15038463,0.95,0.3617727,0.49232757,0.017921861,0.95,0.66615146,0.422252,-0.020660613,0.95,0.45546746,0.4554098,0.107447386,0.95,0.5928871,0.39890265,0.052198816,0.95,0.36378282,0.4367123,0.05354398,0.95,0.5621829,0.55730796,0.045085683,0.95,0.44840536,0.54982215,0.027260764,0.95,0.5331928,0.6788975,0.08412143,0.95,0.45701566,0.6455855,0.049441516,0.95,0.61411387,0.76683533,0.30581665,0.95,0.43953243,0.7504501,0.30078015,0.95,0.46816447,0.76072955,0.23927143,0.95,0.550294,0.7437245,0.22376394,0.95,0.5978754,0.794347,0.09977498,0.95,0.46375337,0.8417464,0.010059697,0.95,0.9,0.9,0.9,0.9,0.9,0.9,0.9,0.9,0.9,0.9,0.9,0.9,0.9,0.9,0.9,0.9,0.9,0.9,0.9,0.9,0.9,0.9,0.9,0.9,0.9,0.9,0.9,0.9,0.9,0.9,0.9,0.9,0.9
4,0.13333333333333333,0.5350904,0.35239014,-0.022437312,0.95,0.5117716,0.29723755,-0.04232674,0.95,0.5653147,0.32969987,0.04042764,0.95,0.56150323,0.3157322,-0.04057355,0.95,0.512898,0.34015536,0.015061317,0.95,0.46031672,0.29333383,-0.037927046,0.95,0.4728217,0.3402476,0.09484987,0.95,0.5279822,0.27555352,-0.017835543,0.95,0.4478328,0.27367425,0.071824625,0.95,0.45194477,0.30743676,-0.0055093737,0.95,0.47438926,0.3413398,-0.0014318356,0.95,0.5786392,0.4127902,0.092700385,0.95,0.37340495,0.33023393,0.014601373,0.95,0.68128437,0.35336202,0.002412037,0.95,0.39893028,0.4401538,0.09996869,0.95,0.6115114,0.5068946,0.0067055007,0.95,0.3701895,0.4817618,0.14877819,0.95,0.5653089,0.49249804,0.15982261,0.95,0.34204602,0.5071624,0.012559374,0.95,0.6844796,0.4095612,-0.02706917,0.95,0.4734096,0.4647085,0.13144481,0.95,0.59953207,0.3900564,0.05217349,0.95,0.3416036,0.4481512,0.059111226,0.95,0.5793993,0.5675455,0.049972665,0.95,0.4601107,0.5523177,0.028235136,0.95,0.5599309,0.68740034,0.086991645,0.95,0.47669467,0.65345126,0.045314226,0.95,0.6274129,0.7837807,0.31864455,0.95,0.45174167,0.7548093,0.3184839,0.95,0.4574549,0.75982356,0.25731388,0.95,0.56461203,0.7505702,0.23268713,0.95,0.6123789,0.80923635,0.093044534,0.95,0.45931336,0.84806514,-0.006908784,0.95,0.9,0.9,0.9,0.9,0.9,0.9,0.9,0.9,0.9,0.9,0.9,0.9,0.9,0.9,0.9,0.9,0.9,0.9,0.9,0.9,0.9,0.9,0.9,0.9,0.9,0.9,0.9,0.9,0.9,0.9,0.9,0.9,0.9
5,0.16666666666666666,0.5406854,0.3515412,-0.033997517,0.95,0.5150119,0.28979504,-0.049409732,0.95,0.5709526,0.33523008,0.037283875,0.95,0.5668748,0.32285517,-0.051472705,0.95,0.5258596,0.35104465,0.009398568,0.95,0.46804944,0.29683945,-0.04676777,0.95,0.47739553,0.35903767,0.100760095,0.95,0.54085547,0.28089878,-0.019119296,0.95,0.4575934,0.26943186,0.07100204,0.95,0.44311568,0.30843756,-0.017408554,0.95,0.4681935,0.3434498,-0.012360623,0.95,0.5907541,0.42067727,0.10446073,0.95,0.3658889,0.3242027,0.008333229,0.95,0.69263816,0.34884602,-0.0016025816,0.95,0.40908217,0.44474924,0.12565276,0.95,0.6228808,0.5195585,-0.003926746,0.95,0.37563747,0.5013074,0.16380706,0.95,0.572947,0.50718945,0.16371271,0.95,0.32992148,0.51888716,0.008389709,0.95,0.69398135,0.39809236,-0.02910639,0.95,0.48896837,0.47034708,0.14757791,0.95,0.60456073,0.38398692,0.05543556,0.95,0.31948698,0.4638219,0.058271836,0.95,0.5925423,0.5747023,0.05465787,0.95,0.4784078,0.55183613,0.025440266,0.95,0.5843778,0.69164366,0.08710286,0.95,0.49782917,0.6632867,0.0390977,0.95,0.6341571,0.7941396,0.32439572,0.95,0.47123617,0.7577129,0.32983539,0.95,0.45259288,0.7587546,0.27174968,0.95,0.57235235,0.7584181,0.23405965,0.95,0.62120205,0.82177633,0.08666615,0.95,0.44906774,0.8507432,-0.018255034,0.95,0.9,0.9,0.9,0.9,0.9,0.9,0.9,0.9,0.9,0.9,0.9,0.9,0.9,0.9,0.9,0.9,0.9,0.9,0.9,0.9,0.9,0.9,0.9,0.9,0.9,0.9,0.9,0.9,0.9,0.9,0.9,0.9,0.9
6,0.2,0.5444688,0.34508315,-0.042073768,0.95,0.52128696,0.27805912,-0.053822234,0.95,0.5722938,0.3359909,0.034391835,0.95,0.56959176,0.33009854,-0.05679133,0.95,0.53886956,0.3579311,0.0067555383,0.95,0.48103237,0.2998165,-0.052067883,0.95,0.48286745,0.37167367,0.10227129,0.95,0.55434036,0.28817043,-0.015758093,0.95,0.46904057,0.26643965,0.06679326,0.95,0.44569284,0.30951974,-0.026019681,0.95,0.46364492,0.34341934,-0.024360185,0.95,0.6012562,0.42341933,0.11270799,0.95,0.36524045,0.3189491,0.004554385,0.95,0.69928217,0.34706032,-0.003803297,0.95,0.42763606,0.4475497,0.1458394,0.95,0.6313414,0.52787733,-0.012454088,0.95,0.38629043,0.5160852,0.17017832,0.95,0.5937035,0.5181608,0.16246009,0.95,0.32340738,0.52691835,0.009531864,0.95,0.69695216,0.39099878,-0.03044657,0.95,0.5020617,0.47374326,0.1558839,0.95,0.61336106,0.3796883,0.06184461,0.95,0.30054018,0.48090088,0.05315706,0.95,0.60160327,0.57874084,0.05887813,0.95,0.4981541,0.55019385,0.019367803,0.95,0.60106635,0.693527,0.08561663,0.95,0.5151509,0.672792,0.03246506,0.95,0.6367577,0.7991928,0.32648313,0.95,0.49453992,0.760946,0.33596325,0.95,0.45429444,0.7585577,0.282097,0.95,0.57559764,0.76687604,0.23050497,0.95,0.6262573,0.8307083,0.08081145,0.95,0.4352815,0.8518179,-0.024999762,0.95,0.9,0.9,0.9,0.9,0.9,0.9,0.9,0.9,0.9,0.9,0.9,0.9,0.9,0.9,0.9,0.9,0.9,0.9,0.9,0.9,0.9,0.9,0.9,0.9,0.9,0.9,0.9,0.9,0.9,0.9,0.9,0.9,0.9
7,0.23333333333333334,0.54840386,0.33560625,-0.04718418,0.95,0.5306838,0.2664607,-0.056370392,0.95,0.57101905,0.33194357,0.035966627,0.95,0.57124525,0.33722493,-0.059165213,0.95,0.550193,0.3600414,0.0072863735,0.95,0.49538985,0.30354387,-0.054975435,0.95,0.4901526,0.3790523,0.102272,0.95,0.56463563,0.29298577,-0.010350268,0.95,0.48014265,0.26488772,0.0637524,0.95,0.45808333,0.31130484,-0.031756945,0.95,0.4611424,0.34322372,-0.03479284,0.95,0.6096762,0.42406884,0.117997974,0.95,0.371736,0.3147593,0.0028455716,0.95,0.70269346,0.34673616,-0.007168471,0.95,0.44584805,0.45002538,0.15880893,0.95,0.639804,0.53288466,-0.016485471,0.95,0.3968199,0.5254644,0.17229246,0.95,0.62134,0.5252413,0.15794156,0.95,0.31626374,0.53235394,0.016508376,0.95,0.6963048,0.38789326,-0.033671502,0.95,0.5131822,0.47675377,0.15962683,0.95,0.6279237,0.37709713,0.06937846,0.95,0.28680474,0.49624297,0.047073893,0.95,0.60790086,0.58080393,0.06245551,0.95,0.5126437,0.54879427,0.013757811,0.95,0.6104419,0.694335,0.0838081,0.95,0.52639294,0.67978406,0.028182358,0.95,0.63758916,0.8014272,0.32743418,0.95,0.51302034,0.7662253,0.33839962,0.95,0.4582953,0.75887614,0.29098743,0.95,0.5761084,0.77541864,0.22445792,0.95,0.6292136,0.8364669,0.077018246,0.95,0.42125246,0.8522419,-0.02840829,0.95,0.9,0.9,0.9,0.9,0.9,0.9,0.9,0.9,0.9,0.9,0.9,0.9,0.9,0.9,0.9,0.9,0.9,0.9,0.9,0.9,0.9,0.9,0.9,0.9,0.9,0.9,0.9,0.9,0.9,0.9,0.9,0.9,0.9
8,0.26666666666666666,0.5532158,0.32667154,-0.049942788,0.95,0.5413895,0.257842,-0.05779542,0.95,0.56888235,0.32441995,0.04258809,0.95,0.5730257,0.3433414,-0.06022228,0.95,0.5587688,0.3580132,0.008871911,0.95,0.5082941,0.30830935,-0.05649072,0.95,0.49864158,0.38269633,0.10252428,0.95,0.57082814,0.29284012,-0.005861584,0.95,0.48947766,0.265064,0.06385762,0.95,0.4755081,0.31386635,-0.03496012,0.95,0.46171215,0.34298792,-0.04224243,0.95,0.6157487,0.42458183,0.12111031,0.95,0.38444194,0.3113319,0.0006177549,0.95,0.7044474,0.34703413,-0.012157797,0.95,0.4580375,0.45327517,0.1662776,0.95,0.64961046,0.5358219,-0.017412331,0.95,0.40253115,0.5306286,0.17243487,0.95,0.64708126,0.5295962,0.15348567,0.95,0.30567762,0.5364367,0.02679666,0.95,0.6942833,0.38755295,-0.03778803,0.95,0.5216513,0.48079363,0.16113128,0.95,0.64536977,0.37640435,0.07689659,0.95,0.27757886,0.5082515,0.04036471,0.95,0.61218816,0.5817651,0.06532041,0.95,0.5195197,0.54810613,0.011197657,0.95,0.6150976,0.6946381,0.08264825,0.95,0.5325046,0.68402123,0.027616957,0.95,0.63808006,0.80240387,0.32798785,0.95,0.5226493,0.773377,0.33884272,0.95,0.45890245,0.75869524,0.30075026,0.95,0.57488996,0.7832697,0.2159127,0.95,0.63051665,0.83996606,0.076781616,0.95,0.41128,0.8524151,-0.029500606,0.95,0.9,0.9,0.9,0.9,0.9,0.9,0.9,0.9,0.9,0.9,0.9,0.9,0.9,0.9,0.9,0.9,0.9,0.9,0.9,0.9,0.9,0.9,0.9,0.9,0.9,0.9,0.9,0.9,0.9,0.9,0.9,0.9,0.9
9,0.3,0.5586855,0.31974527,-0.051430095,0.95,0.55218446,0.2522491,-0.05850468,0.95,0.56780565,0.31463403,0.051787175,0.95,0.5754901,0.3485245,-0.060637336,0.95,0.56389064,0.35485893,0.010347664,0.95,0.5184637,0.3129243,-0.057330042,0.95,0.50544226,0.38423303,0.10310719,0.95,0.5748294,0.28917894,-0.004707776,0.95,0.49591178,0.26700372,0.06541928,0.95,0.49022454,0.31564227,-0.03556458,0.95,0.4649461,0.34096006,-0.046653673,0.95,0.61992383,0.42438406,0.1227882,0.95,0.39794397,0.30855483,-0.004804688,0.95,0.7053948,0.34774962,-0.016747786,0.95,0.46561953,0.4566697,0.1701465,0.95,0.6574187,0.53738856,-0.020411823,0.95,0.40197217,0.533064,0.17185548,0.95,0.66553503,0.5328349,0.15157738,0.95,0.29497036,0.539285,0.037069343,0.95,0.6936705,0.38965932,-0.041662756,0.95,0.5274147,0.48624644,0.1612321,0.95,0.6602424,0.37602958,0.08294304,0.95,0.27059868,0.51628745,0.034690335,0.95,0.6145182,0.58212745,0.06729459,0.95,0.5207073,0.5489762,0.010585754,0.95,0.6174422,0.6947662,0.0828597,0.95,0.53523254,0.6862535,0.028930027,0.95,0.63851976,0.8029483,0.32828197,0.95,0.5270466,0.78090256,0.3385857,0.95,0.45347577,0.7575039,0.31130987,0.95,0.57410246,0.7894103,0.20913592,0.95,0.6307793,0.84195983,0.07874353,0.95,0.4103877,0.8524597,-0.029543178,0.95,0.9,0.9,0.9,0.9,0.9,0.9,0.9,0.9,0.9,0.9,0.9,0.9,0.9,0.9,0.9,0.9,0.9,0.9,0.9,0.9,0.9,0.9,0.9,0.9,0.9,0.9,0.9,0.9,0.9,0.9,0.9,0.9,0.9
10,0.3333333333333333,0.5636314,0.3132528,-0.05257317,0.95,0.56196,0.2484899,-0.058857694,0.95,0.56848276,0.30349153,0.06061958,0.95,0.5782025,0.3527902,-0.060714703,0.95,0.5667151,0.35208434,0.011582665,0.95,0.52612364,0.3162672,-0.0577539,0.95,0.5099947,0.38480943,0.10373496,0.95,0.5781132,0.28444153,-0.006203614,0.95,0.5002157,0.26931792,0.06747766,0.95,0.49856904,0.31555858,-0.03471797,0.95,0.47037986,0.3365474,-0.04916662,0.95,0.62294,0.4233139,0.12344348,0.95,0.40951213,0.30646548,-0.013146899,0.95,0.7059669,0.3489006,-0.019679962,0.95,0.47162518,0.45891517,0.17201073,0.95,0.6638575,0.5380589,-0.027218599,0.95,0.39712477,0.5340514,0.17077616,0.95,0.6784575,0.53536254,0.15187912,0.95,0.28680602,0.540736,0.045924537,0.95,0.69596934,0.39386678,-0.046670254,0.95,0.5309337,0.4922106,0.16065711,0.95,0.6722662,0.3749958,0.086559534,0.95,0.26382256,0.5209546,0.030540334,0.95,0.6156013,0.58218646,0.06840891,0.95,0.5187508,0.5512682,0.010547911,0.95,0.6190065,0.69485295,0.08436341,0.95,0.5357516,0.6874944,0.030600162,0.95,0.63883865,0.8033088,0.3288501,0.95,0.5287921,0.7873127,0.3380147,0.95,0.44434386,0.755406,0.3207928,0.95,0.5748906,0.793371,0.2055809,0.95,0.6303401,0.8430119,0.08155033,0.95,0.4170095,0.8524428,-0.029273154,0.95,0.9,0.9,0.9,0.9,0.9,0.9,0.9,0.9,0.9,0.9,0.9,0.9,0.9,0.9,0.9,0.9,0.9,0.9,0.9,0.9,0.9,0.9,0.9,0.9,0.9,0.9,0.9,0.9,0.9,0.9,0.9,0.9,0.9
11,0.36666666666666664,0.5671202,0.3063059,-0.053677958,0.95,0.5697952,0.24551274,-0.059080392,0.95,0.5702401,0.2924001,0.06811175,0.95,0.58051705,0.35611045,-0.06061903,0.95,0.56844854,0.34934703,0.012049163,0.95,0.53187984,0.31862533,-0.05785559,0.95,0.51328397,0.38490227,0.10444912,0.95,0.5810344,0.2801204,-0.00888538,0.95,0.50341636,0.27058744,0.06968592,0.95,0.5017648,0.31462976,-0.033824973,0.95,0.47711784,0.33093166,-0.050826326,0.95,0.6251975,0.42246562,0.12318932,0.95,0.4195932,0.30495855,-0.02220645,0.95,0.7063597,0.3503447,-0.021425655,0.95,0.4763678,0.45966613,0.17268732,0.95,0.6720969,0.5381991,-0.035938438,0.95,0.39026582,0.5345546,0.16904713,0.95,0.68898666,0.53723204,0.15331061,0.95,0.28117216,0.54065806,0.053695653,0.95,0.7004139,0.399731,-0.053222943,0.95,0.53290164,0.49826628,0.16001274,0.95,0.6828182,0.37340063,0.08817396,0.95,0.2571097,0.52374065,0.026963957,0.95,0.6162555,0.58211464,0.06891866,0.95,0.51444733,0.5541216,0.011066995,0.95,0.62041634,0.69492596,0.08655437,0.95,0.53482497,0.6883901,0.032261834,0.95,0.6389381,0.8035526,0.33030432,0.95,0.52775204,0.79188365,0.3372421,0.95,0.43491188,0.7521758,0.32798377,0.95,0.5763771,0.7957037,0.20504323,0.95,0.62920254,0.8435175,0.083866596,0.95,0.42584062,0.8523989,-0.028693305,0.95,0.9,0.9,0.9,0.9,0.9,0.9,0.9,0.9,0.9,0.9,0.9,0.9,0.9,0.9,0.9,0.9,0.9,0.9,0.9,0.9,0.9,0.9,0.9,0.9,0.9,0.9,0.9,0.9,0.9,0.9,0.9,0.9,0.9
12,0.4,0.5690625,0.30020702,-0.05459552,0.95,0.57554877,0.24289946,-0.05918146,0.95,0.57224673,0.28265935,0.07495509,0.95,0.5822529,0.358506,-0.060449343,0.95,0.5696241,0.3464932,0.011210954,0.95,0.5357909,0.32122818,-0.05776844,0.95,0.5160946,0.38460553,0.105446406,0.95,0.58364123,0.276742,-0.012638051,0.95,0.50545853,0.27088353,0.07157933,0.95,0.5023941,0.3146312,-0.033300675,0.95,0.48315272,0.32540458,-0.05212374,0.95,0.62691224,0.42283154,0.122192554,0.95,0.42810774,0.303846,-0.030270541,0.95,0.70661163,0.35178465,-0.023213541,0.95,0.47899014,0.45944172,0.17239466,0.95,0.68244636,0.53796816,-0.044468317,0.95,0.3817223,0.5350083,0.16686969,0.95,0.6980063,0.53887266,0.1557826,0.95,0.27788737,0.53883386,0.06079424,0.95,0.70548606,0.40656823,-0.059751485,0.95,0.533988,0.5050426,0.15946208,0.95,0.6918773,0.37126446,0.08824654,0.95,0.251356,0.5260014,0.024047606,0.95,0.61687523,0.5820236,0.069053836,0.95,0.5067321,0.55713755,0.012717993,0.95,0.62162626,0.69499224,0.08883275,0.95,0.5331957,0.6891214,0.033624105,0.95,0.6387512,0.80377316,0.33281246,0.95,0.5235707,0.7947417,0.33648098,0.95,0.4265594,0.7471779,0.33302745,0.95,0.57755095,0.7973012,0.20890597,0.95,0.6274861,0.8437187,0.083643466,0.95,0.43355367,0.8523174,-0.027564192,0.95,0.9,0.9,0.9,0.9,0.9,0.9,0.9,0.9,0.9,0.9,0.9,0.9,0.9,0.9,0.9,0.9,0.9,0.9,0.9,0.9,0.9,0.9,0.9,0.9,0.9,0.9,0.9,0.9,0.9,0.9,0.9,0.9,0.9
13,0.43333333333333335,0.5699523,0.29614168,-0.055245552,0.95,0.5795126,0.24057952,-0.05912257,0.95,0.57410395,0.27454937,0.081131265,0.95,0.5836536,0.36007306,-0.060241554,0.95,0.57052743,0.34353444,0.009169206,0.95,0.53791785,0.3244957,-0.057652473,0.95,0.51887304,0.38394102,0.10674098,0.95,0.5859799,0.27422354,-0.017177943,0.95,0.5061796,0.27070004,0.07313567,0.95,0.5029506,0.31589058,-0.03278932,0.95,0.48756817,0.32038593,-0.053187788,0.95,0.6283012,0.42442966,0.12077994,0.95,0.43504798,0.3029629,-0.036667686,0.95,0.70678407,0.3530829,-0.025596557,0.95,0.47990593,0.45872715,0.17128628,0.95,0.6928948,0.537388,-0.05158319,0.95,0.37129357,0.5354202,0.164592,0.95,0.7052043,0.54031193,0.15904942,0.95,0.27685344,0.5354385,0.06736165,0.95,0.7099857,0.4131874,-0.065084286,0.95,0.53439885,0.5122998,0.15899833,0.95,0.6993457,0.3685882,0.08707256,0.95,0.24693431,0.5281678,0.022571808,0.95,0.6175494,0.5819809,0.068966694,0.95,0.4950414,0.5602304,0.01582755,0.95,0.62238806,0.6950438,0.090805165,0.95,0.53142923,0.68968487,0.03447753,0.95,0.63835394,0.80401534,0.33591327,0.95,0.5172182,0.7964584,0.33572626,0.95,0.4198222,0.7406761,0.33654648,0.95,0.57814866,0.79868406,0.21757552,0.95,0.62543494,0.84379727,0.08054238,0.95,0.43942136,0.85220146,-0.02589062,0.95,0.9,0.9,0.9,0.9,0.9,0.9,0.9,0.9,0.9,0.9,0.9,0.9,0.9,0.9,0.9,0.9,0.9,0.9,0.9,0.9,0.9,0.9,0.9,0.9,0.9,0.9,0.9,0.9,0.9,0.9,0.9,0.9,0.9
14,0.4666666666666667,0.57036996,0.29433018,-0.05566914,0.95,0.5820712,0.23858973,-0.05893319,0.95,0.57584137,0.26804838,0.08600161,0.95,0.5849937,0.36100024,-0.059983056,0.95,0.5712785,0.34082213,0.0062952135,0.95,0.5386172,0.3278028,-0.057580814,0.95,0.5216478,0.38310164,0.1081417,0.95,0.58794934,0.27226573,-0.021575276,0.95,0.50562805,0.270327,0.07455715,0.95,0.50460523,0.31752953,-0.031908713,0.95,0.49071056,0.31628373,-0.053980723,0.95,0.62947583,0.4263991,0.1191503,0.95,0.4404868,0.30224255,-0.041250166,0.95,0.70695454,0.35417843,-0.028314454,0.95,0.4801152,0.45782045,0.16966604,0.95,0.7014323,0.536521,-0.056690972,0.95,0.36005154,0.53570414,0.16254325,0.95,0.71026146,0.5413114,0.16219445,0.95,0.2775872,0.5313321,0.07375279,0.95,0.7135313,0.41849306,-0.068963684,0.95,0.53429216,0.51903516,0.1585757,0.95,0.70497805,0.36539522,0.08514369,0.95,0.24384923,0.5301528,0.022685388,0.95,0.6182315,0.58203316,0.06872832,0.95,0.48113143,0.5630896,0.020001179,0.95,0.6227061,0.6950773,0.092376746,0.95,0.5298955,0.6900521,0.034835618,0.95,0.63795465,0.8042562,0.33878377,0.95,0.51075095,0.7975676,0.3348115,0.95,0.4151782,0.73385704,0.33902743,0.95,0.5783743,0.8000066,0.22975822,0.95,0.62330866,0.84386176,0.076270655,0.95,0.4434577,0.85206264,-0.023841145,0.95,0.9,0.9,0.9,0.9,0.9,0.9,0.9,0.9,0.9,0.9,0.9,0.9,0.9,0.9,0.9,0.9,0.9,0.9,0.9,0.9,0.9,0.9,0.9,0.9,0.9,0.9,0.9,0.9,0.9,0.9,0.9,0.9,0.9
15,0.5,0.5706671,0.29431367,-0.05592106,0.95,0.58364993,0.23693694,-0.058698013,0.95,0.57753134,0.26317972,0.08930236,0.95,0.58632004,0.36145353,-0.059658263,0.95,0.5719064,0.3388751,0.002885381,0.95,0.53844726,0.33031702,-0.05748351,0.95,0.5240563,0.3823813,0.109382264,0.95,0.5894252,0.2705597,-0.02498417,0.95,0.5040264,0.26987845,0.075878665,0.95,0.5072219,0.3189148,-0.030682836,0.95,0.49334508,0.3133807,-0.05446539,0.95,0.6304496,0.42784807,0.11722992,0.95,0.4448399,0.30167022,-0.044264432,0.95,0.70715106,0.3550764,-0.03098069,0.95,0.4803616,0.45693582,0.16785751,0.95,0.7074419,0.53556484,-0.059718024,0.95,0.34963134,0.5358053,0.16088153,0.95,0.71354777,0.5417411,0.16433501,0.95,0.27927968,0.52775234,0.08029178,0.95,0.7161959,0.42194337,-0.071565844,0.95,0.5340148,0.52445847,0.15818027,0.95,0.70872134,0.3618869,0.08335394,0.95,0.24199048,0.5318299,0.023943886,0.95,0.61884356,0.5821867,0.068400934,0.95,0.46820384,0.56522375,0.024401693,0.95,0.6227785,0.6950954,0.09359028,0.95,0.52884495,0.6902478,0.03501822,0.95,0.6377213,0.8044378,0.3407876,0.95,0.5058372,0.798399,0.3336495,0.95,0.41274682,0.7278091,0.34069076,0.95,0.5784627,0.80128706,0.2434484,0.95,0.62123317,0.8439507,0.072590396,0.95,0.4454811,0.8519122,-0.021565216,0.95,0.9,0.9,0.9,0.9,0.9,0.9,0.9,0.9,0.9,0.9,0.9,0.9,0.9,0.9,0.9,0.9,0.9,0.9,0.9,0.9,0.9,0.9,0.9,0.9,0.9,0.9,0.9,0.9,0.9,0.9,0.9,0.9,0.9
16,0.5333333333333333,0.5709533,0.29540125,-0.056034748,0.95,0.5846312,0.2355991,-0.058475703,0.95,0.57910705,0.2597026,0.091341764,0.95,0.58754945,0.361596,-0.0592811,0.95,0.57243973,0.33781806,-0.00078480295,0.95,0.5378973,0.33159956,-0.057257243,0.95,0.52576774,0.38190427,0.110282525,0.95,0.5904152,0.26883355,-0.027156815,0.95,0.5017547,0.2693539,0.07702087,0.95,0.51044935,0.3200107,-0.029406376,0.95,0.4960595,0.3112856,-0.05467032,0.95,0.6312484,0.4284246,0.1149203,0.95,0.44890818,0.3012364,-0.046205986,0.95,0.70735246,0.3559474,-0.033472963,0.95,0.48110646,0.45616332,0.1659885,0.95,0.71143585,0.5347397,-0.061062355,0.95,0.34092996,0.53567994,0.15947773,0.95,0.7158219,0.541649,0.16521022,0.95,0.2812913,0.525444,0.086950734,0.95,0.71810067,0.42358434,-0.07320181,0.95,0.5338356,0.5284032,0.15787871,0.95,0.71099705,0.35848278,0.08267754,0.95,0.2410881,0.5331323,0.026195532,0.95,0.61936224,0.58240074,0.06807851,0.95,0.4581736,0.5663935,0.028334675,0.95,0.6226823,0.6951007,0.09446652,0.95,0.52834445,0.69035417,0.035473302,0.95,0.6376404,0.80452454,0.3418207,0.95,0.50288403,0.7990998,0.33230606,0.95,0.41213694,0.7228408,0.3416546,0.95,0.5785187,0.8024854,0.2570352,0.95,0.61920345,0.8440544,0.07008426,0.95,0.44555867,0.85176826,-0.019180851,0.95,0.9,0.9,0.9,0.9,0.9,0.9,0.9,0.9,0.9,0.9,0.9,0.9,0.9,0.9,0.9,0.9,0.9,0.9,0.9,0.9,0.9,0.9,0.9,0.9,0.9,0.9,0.9,0.9,0.9,0.9,0.9,0.9,0.9
17,0.5666666666666667,0.5711981,0.29700994,-0.056031745,0.95,0.5852613,0.23456413,-0.058277406,0.95,0.58044887,0.25723124,0.09254172,0.95,0.5885935,0.36165702,-0.058895376,0.95,0.57289183,0.3374281,-0.0043809805,0.95,0.53728515,0.3317409,-0.056877196,0.95,0.5268379,0.3816076,0.11083477,0.95,0.5910226,0.2669966,-0.028323103,0.95,0.49930987,0.26876923,0.078004636,0.95,0.5139348,0.32092246,-0.028291915,0.95,0.49894428,0.3095627,-0.054673746,0.95,0.6318707,0.4282578,0.11234632,0.95,0.45300752,0.30091915,-0.04748961,0.95,0.707535,0.35687453,-0.03567577,0.95,0.48229784,0.45550385,0.16414265,0.95,0.71410954,0.53414124,-0.061282117,0.95,0.33412057,0.5353502,0.15814888,0.95,0.71758336,0.5412036,0.165148,0.95,0.28320563,0.5243281,0.093333766,0.95,0.71939677,0.4240275,-0.07419548,0.95,0.53373635,0.53107834,0.15773386,0.95,0.7123387,0.35551348,0.08334531,0.95,0.24077421,0.5340257,0.029369462,0.95,0.619801,0.58262014,0.06782222,0.95,0.45097238,0.56676,0.031523608,0.95,0.62245655,0.6950968,0.09502531,0.95,0.52823466,0.6904361,0.036356542,0.95,0.6376285,0.804533,0.3421364,0.95,0.5014403,0.79970884,0.33091646,0.95,0.41273746,0.7188804,0.3420078,0.95,0.57853645,0.8035486,0.269232,0.95,0.6172393,0.8441307,0.06856653,0.95,0.44430074,0.8516475,-0.016819524,0.95,0.9,0.9,0.9,0.9,0.9,0.9,0.9,0.9,0.9,0.9,0.9,0.9,0.9,0.9,0.9,0.9,0.9,0.9,0.9,0.9,0.9,0.9,0.9,0.9,0.9,0.9,0.9,0.9,0.9,0.9,0.9,0.9,0.9
18,0.6,0.57133466,0.29874057,-0.055928666,0.95,0.5856628,0.23382077,-0.058096536,0.95,0.58148396,0.2554585,0.09317309,0.95,0.589405,0.36184552,-0.058553148,0.95,0.5732566,0.33743653,-0.007565366,0.95,0.5367993,0.33113906,-0.056393698,0.95,0.52758205,0.38137498,0.111138076,0.95,0.5913739,0.2651791,-0.028844714,0.95,0.49713,0.26819453,0.078917734,0.95,0.51723546,0.32164216,-0.027352307,0.95,0.50174713,0.30813685,-0.054562777,0.95,0.6322711,0.42765766,0.109826274,0.95,0.45681274,0.30068937,-0.048353057,0.95,0.707689,0.3577294,-0.037365086,0.95,0.48349097,0.45492348,0.16252354,0.95,0.7159232,0.5337389,-0.060847696,0.95,0.32913622,0.53490096,0.15686221,0.95,0.7189653,0.5406158,0.16468424,0.95,0.2847127,0.5239546,0.09890038,0.95,0.720252,0.42404565,-0.07480196,0.95,0.53353006,0.5327409,0.1577395,0.95,0.7131259,0.35309842,0.08474686,0.95,0.24072847,0.534497,0.03314615,0.95,0.62016857,0.58280474,0.06763813,0.95,0.44574028,0.56667703,0.034013703,0.95,0.6222227,0.69508815,0.09531389,0.95,0.5282488,0.69051003,0.037472792,0.95,0.63765055,0.8045109,0.34205353,0.95,0.50086653,0.80022544,0.32958817,0.95,0.4139978,0.71589196,0.3418012,0.95,0.5784724,0.8044349,0.27906308,0.95,0.615454,0.8441361,0.067667395,0.95,0.44251496,0.85155827,-0.014641951,0.95,0.9,0.9,0.9,0.9,0.9,0.9,0.9,0.9,0.9,0.9,0.9,0.9,0.9,0.9,0.9,0.9,0.9,0.9,0.9,0.9,0.9,0.9,0.9,0.9,0.9,0.9,0.9,0.9,0.9,0.9,0.9,0.9,0.9
19,0.6333333333333333,0.57133436,0.3003812,-0.05574369,0.95,0.585904,0.23332511,-0.057930186,0.95,0.58221996,0.254173,0.09341536,0.95,0.590002,0.36220953,-0.058282103,0.95,0.5735362,0.33764872,-0.010159424,0.95,0.53649896,0.33018327,-0.055867404,0.95,0.52823937,0.3811298,0.11129282,0.95,0.59156543,0.26353788,-0.029003415,0.95,0.49541777,0.26767188,0.07978533,0.95,0.5200835,0.3221412,-0.026539814,0.95,0.5042383,0.3070419,-0.05440052,0.95,0.632446,0.42687678,0.107631624,0.95,0.4600335,0.3005239,-0.04893705,0.95,0.70781356,0.35837853,-0.03844011,0.95,0.4843636,0.4543936,0.16129018,0.95,0.71716416,0.53347176,-0.060068738,0.95,0.32573575,0.5344039,0.1556717,0.95,0.720007,0.5400383,0.16419037,0.95,0.28569332,0.5239483,0.10339568,0.95,0.7208009,0.4240981,-0.075186335,0.95,0.53311914,0.5336464,0.15784633,0.95,0.7135792,0.3512214,0.0862036,0.95,0.24077164,0.53460354,0.037133813,0.95,0.62046945,0.58294106,0.06751266,0.95,0.44171792,0.56643337,0.03594431,0.95,0.6220717,0.69507825,0.09540588,0.95,0.5282008,0.6905753,0.038591687,0.95,0.63769764,0.8044934,0.34180397,0.95,0.50069875,0.80064845,0.32837087,0.95,0.41554478,0.71378946,0.34113073,0.95,0.57831466,0.8051345,0.2863667,0.95,0.6139586,0.8440631,0.06708974,0.95,0.4407456,0.85150087,-0.012766878,0.95,0.9,0.9,0.9,0.9,0.9,0.9,0.9,0.9,0.9,0.9,0.9,0.9,0.9,0.9,0.9,0.9,0.9,0.9,0.9,0.9,0.9,0.9,0.9,0.9,0.9,0.9,0.9,0.9,0.9,0.9,0.9,0.9,0.9
20,0.6666666666666666,0.57121426,0.30184942,-0.055497352,0.95,0.5860363,0.2330107,-0.057781696,0.95,0.5827184,0.25321737,0.09341863,0.95,0.59044015,0.36266327,-0.058078337,0.95,0.5737461,0.33794352,-0.012173882,0.95,0.53634995,0.329101,-0.05533754,0.95,0.52887005,0.38085064,0.11136008,0.95,0.5916504,0.2621401,-0.028971754,0.95,0.4941759,0.26719198,0.080575325,0.95,0.52245086,0.32243615,-0.02584754,0.95,0.50633913,0.30624494,-0.05422277,0.95,0.6324519,0.4260533,0.105865814,0.95,0.46267822,0.30040723,-0.04933987,0.95,0.70791173,0.35880768,-0.038989097,0.95,0.48489475,0.45389462,0.1604377,0.95,0.7180289,0.533297,-0.059128825,0.95,0.32351142,0.533895,0.15462446,0.95,0.72078145,0.5395291,0.16379616,0.95,0.2862146,0.52409726,0.10690324,0.95,0.7211395,0.42429757,-0.07545253,0.95,0.5325482,0.5340544,0.15800652,0.95,0.71383214,0.34980875,0.08738145,0.95,0.2408327,0.5344628,0.041039266,0.95,0.62071115,0.58303374,0.067431085,0.95,0.4384359,0.56617373,0.037433583,0.95,0.6219986,0.6950693,0.09537985,0.95,0.528032,0.6906333,0.03960776,0.95,0.6377596,0.80449,0.34150946,0.95,0.5007087,0.8009851,0.327275,0.95,0.41715652,0.71237636,0.34016562,0.95,0.5780967,0.805673,0.29163688,0.95,0.6127909,0.84393656,0.06667092,0.95,0.43921062,0.8514706,-0.011228229,0.95,0.9,0.9,0.9,0.9,0.9,0.9,0.9,0.9,0.9,0.9,0.9,0.9,0.9,0.9,0.9,0.9,0.9,0.9,0.9,0.9,0.9,0.9,0.9,0.9,0.9,0.9,0.9,0.9,0.9,0.9,0.9,0.9,0.9
21,0.7,0.5710096,0.3031192,-0.0552097,0.95,0.5860982,0.23281914,-0.057655245,0.95,0.5830512,0.25247896,0.09329752,0.95,0.59077245,0.3631054,-0.05792487,0.95,0.57390344,0.33825192,-0.013713254,0.95,0.53629476,0.32798934,-0.05482769,0.95,0.5294471,0.3805469,0.11137268,0.95,0.59165514,0.260986,-0.028851017,0.95,0.49333745,0.26673383,0.08125984,0.95,0.52439797,0.32256415,-0.02529649,0.95,0.50805897,0.30567867,-0.054049015,0.95,0.63235986,0.42525747,0.10451579,0.95,0.46487474,0.30032784,-0.049627345,0.95,0.7079869,0.35906968,-0.039174266,0.95,0.4852068,0.45341018,0.15987222,0.95,0.71864516,0.5331849,-0.05813771,0.95,0.32204524,0.533396,0.15374452,0.95,0.7213664,0.5390874,0.1635053,0.95,0.28640902,0.5242883,0.10962465,0.95,0.72133666,0.42460606,-0.07566751,0.95,0.5319073,0.5341847,0.15819094,0.95,0.71397346,0.3487734,0.08819152,0.95,0.24087976,0.53419304,0.044677176,0.95,0.6209033,0.58309317,0.06737873,0.95,0.4356362,0.5659508,0.038570873,0.95,0.62195706,0.69506246,0.095295906,0.95,0.5277501,0.6906858,0.04049394,0.95,0.6378289,0.80449724,0.34121814,0.95,0.50080657,0.8012471,0.32629722,0.95,0.4186955,0.71143436,0.33908436,0.95,0.5778682,0.8060903,0.29548657,0.95,0.61193043,0.8437878,0.06634413,0.95,0.4379596,0.8514606,-0.010002623,0.95,0.9,0.9,0.9,0.9,0.9,0.9,0.9,0.9,0.9,0.9,0.9,0.9,0.9,0.9,0.9,0.9,0.9,0.9,0.9,0.9,0.9,0.9,0.9,0.9,0.9,0.9,0.9,0.9,0.9,0.9,0.9,0.9,0.9
22,0.7333333333333333,0.57075447,0.3041912,-0.05489957,0.95,0.586116,0.23271142,-0.057552002,0.95,0.5832773,0.2518859,0.09312373,0.95,0.5910348,0.36347815,-0.057805855,0.95,0.5740217,0.33854002,-0.014891872,0.95,0.5362881,0.32688957,-0.054353096,0.95,0.529937,0.38023517,0.111350976,0.95,0.5915961,0.26004782,-0.028699283,0.95,0.49282768,0.26628816,0.081835784,0.95,0.52598447,0.3225622,-0.024899539,0.95,0.5094371,0.30528656,-0.05388923,0.95,0.6322245,0.424528,0.1035228,0.95,0.46673012,0.30027673,-0.049839433,0.95,0.7080423,0.35921964,-0.039143138,0.95,0.4854196,0.452932,0.15949693,0.95,0.7190912,0.5331122,-0.057160173,0.95,0.3210259,0.53292495,0.15303788,0.95,0.7218181,0.5386952,0.16329254,0.95,0.28639978,0.5244616,0.111746244,0.95,0.721441,0.4249606,-0.07586945,0.95,0.5312675,0.5341877,0.1583848,0.95,0.71405935,0.34803316,0.08865026,0.95,0.24089399,0.53387976,0.047943063,0.95,0.621055,0.5831292,0.06734309,0.95,0.4331817,0.5657783,0.03942874,0.95,0.6219102,0.695058,0.09519042,0.95,0.52738047,0.69073266,0.041247286,0.95,0.6379032,0.80451053,0.3409448,0.95,0.50095195,0.80144715,0.3254321,0.95,0.4200786,0.7107936,0.33802187,0.95,0.5776699,0.80642116,0.298385,0.95,0.61132836,0.8436391,0.066085674,0.95,0.4369817,0.851464,-0.00904433,0.95,0.9,0.9,0.9,0.9,0.9,0.9,0.9,0.9,0.9,0.9,0.9,0.9,0.9,0.9,0.9,0.9,0.9,0.9,0.9,0.9,0.9,0.9,0.9,0.9,0.9,0.9,0.9,0.9,0.9,0.9,0.9,0.9,0.9
23,0.7666666666666667,0.5704767,0.30508444,-0.05458336,0.95,0.5861069,0.23266393,-0.057469964,0.95,0.58343786,0.2513962,0.09293463,0.95,0.5912482,0.36376706,-0.057710294,0.95,0.57411045,0.3387946,-0.015801283,0.95,0.5363005,0.32582825,-0.053921983,0.95,0.5303252,0.37992954,0.11130975,0.95,0.5914882,0.25928915,-0.028547134,0.95,0.4925736,0.2658563,0.08231667,0.95,0.5272571,0.32246277,-0.024649423,0.95,0.51052284,0.30503005,-0.053746924,0.95,0.6320792,0.42388445,0.10281781,0.95,0.46830922,0.30024666,-0.049999293,0.95,0.70808125,0.35929525,-0.03900198,0.95,0.48560384,0.45246217,0.1592411,0.95,0.7194156,0.53306156,-0.056231987,0.95,0.32026142,0.53249454,0.1524951,0.95,0.72217095,0.5383353,0.16313806,0.95,0.28628242,0.52459025,0.1134124,0.95,0.72148526,0.42531204,-0.07607388,0.95,0.530669,0.53414977,0.15857981,0.95,0.714121,0.34751678,0.088818125,0.95,0.24086823,0.53357303,0.050795957,0.95,0.6211742,0.58314985,0.06731539,0.95,0.43100005,0.5656542,0.040068276,0.95,0.6218417,0.695056,0.09508246,0.95,0.52694845,0.69077295,0.041872628,0.95,0.63798285,0.8045267,0.34069264,0.95,0.5011181,0.8015976,0.32467312,0.95,0.42126793,0.7103446,0.33705792,0.95,0.5775251,0.80668974,0.30063754,0.95,0.61092484,0.84350175,0.06588473,0.95,0.43624458,0.851475,-0.008303541,0.95,0.9,0.9,0.9,0.9,0.9,0.9,0.9,0.9,0.9,0.9,0.9,0.9,0.9,0.9,0.9,0.9,0.9,0.9,0.9,0.9,0.9,0.9,0.9,0.9,0.9,0.9,0.9,0.9,0.9,0.9,0.9,0.9,0.9
24,0.8,0.57019717,0.30582926,-0.054274004,0.95,0.5860819,0.23266236,-0.057405263,0.95,0.5835601,0.250987,0.092746034,0.95,0.5914246,0.36398393,-0.0576312,0.95,0.5741767,0.33901307,-0.016507456,0.95,0.53631294,0.32482824,-0.05353649,0.95,0.5306132,0.37963966,0.11126067,0.95,0.5913451,0.25867385,-0.028407969,0.95,0.49250638,0.2654429,0.0827221,0.95,0.5282555,0.32229373,-0.024524841,0.95,0.51136816,0.30488282,-0.053621337,0.95,0.63194096,0.42333332,0.10233593,0.95,0.46965155,0.30023178,-0.05012052,0.95,0.70810664,0.35931864,-0.03881883,0.95,0.4857862,0.4520096,0.15905924,0.95,0.7196504,0.53302073,-0.055368606,0.95,0.31964317,0.5321105,0.1520964,0.95,0.72244596,0.5379952,0.16302972,0.95,0.2861253,0.5246676,0.11473133,0.95,0.7214911,0.42562985,-0.076282166,0.95,0.53012836,0.53411424,0.15876998,0.95,0.7141733,0.3471657,0.08877014,0.95,0.24080506,0.5332967,0.053242408,0.95,0.6212676,0.5831607,0.06729056,0.95,0.4290512,0.56557024,0.040540922,0.95,0.6217486,0.69505614,0.09498098,0.95,0.5264753,0.690806,0.04237969,0.95,0.638068,0.80454373,0.34046146,0.95,0.50128514,0.8017099,0.32401204,0.95,0.42226037,0.7100227,0.3362278,0.95,0.5774419,0.80691147,0.30243388,0.95,0.610662,0.8433795,0.065731615,0.95,0.43570966,0.85148937,-0.007734286,0.95,0.9,0.9,0.9,0.9,0.9,0.9,0.9,0.9,0.9,0.9,0.9,0.9,0.9,0.9,0.9,0.9,0.9,0.9,0.9,0.9,0.9,0.9,0.9,0.9,0.9,0.9,0.9,0.9,0.9,0.9,0.9,0.9,0.9
25,0.8333333333333334,0.5699308,0.30645952,-0.053980548,0.95,0.58604825,0.23269802,-0.057353787,0.95,0.58366215,0.2506464,0.09256238,0.95,0.5915706,0.364152,-0.057564076,0.95,0.57422584,0.3391976,-0.017056802,0.95,0.536312,0.32390887,-0.053194717,0.95,0.53081125,0.3793719,0.11121283,0.95,0.59117883,0.2581707,-0.028285395,0.95,0.492567,0.26505148,0.08307191,0.95,0.52901435,0.32207742,-0.024500933,0.95,0.51202285,0.30482608,-0.053509466,0.95,0.6318165,0.42287332,0.102022305,0.95,0.470786,0.3002273,-0.050211143,0.95,0.70812106,0.35930225,-0.03863471,0.95,0.48596656,0.45158547,0.1589238,0.95,0.7198177,0.5329821,-0.054572795,0.95,0.31910995,0.5317725,0.15181832,0.95,0.7226564,0.5376668,0.16295876,0.95,0.28597516,0.5246978,0.11578333,0.95,0.72147226,0.425898,-0.07648953,0.95,0.52964824,0.53409964,0.15895073,0.95,0.71422243,0.34693423,0.08857627,0.95,0.24071258,0.5330588,0.05531976,0.95,0.6213408,0.58316576,0.06726618,0.95,0.4273098,0.5655166,0.0408893,0.95,0.6216332,0.6950579,0.09488979,0.95,0.52597624,0.69083136,0.04278093,0.95,0.6381587,0.8045606,0.3402497,0.95,0.5014404,0.8017937,0.3234386,0.95,0.42307353,0.70979005,0.33553776,0.95,0.5774194,0.8070962,0.3038922,0.95,0.6104913,0.8432719,0.06561489,0.95,0.43534058,0.85150397,-0.0072983825,0.95,0.9,0.9,0.9,0.9,0.9,0.9,0.9,0.9,0.9,0.9,0.9,0.9,0.9,0.9,0.9,0.9,0.9,0.9,0.9,0.9,0.9,0.9,0.9,0.9,0.9,0.9,0.9,0.9,0.9,0.9,0.9,0.9,0.9
26,0.8666666666666667,0.5696874,0.3070074,-0.05370831,0.95,0.5860103,0.23276603,-0.057311766,0.95,0.5837564,0.25036895,0.092382774,0.95,0.5916908,0.36429742,-0.057505924,0.95,0.57426167,0.33935162,-0.01748239,0.95,0.53628725,0.32308507,-0.052892387,0.95,0.53093195,0.37913093,0.111173436,0.95,0.5909992,0.25775507,-0.028177608,0.95,0.4927099,0.26468304,0.08338393,0.95,0.5295632,0.32183036,-0.024556078,0.95,0.51253164,0.3048461,-0.053407557,0.95,0.6317071,0.4224997,0.10183409,0.95,0.47173792,0.30022967,-0.050275918,0.95,0.7081265,0.3592528,-0.038473673,0.95,0.48613262,0.45120046,0.15881938,0.95,0.71993315,0.5329406,-0.0538391,0.95,0.3186226,0.531476,0.15163936,0.95,0.7228113,0.5373442,0.1629165,0.95,0.28586194,0.5246898,0.11662683,0.95,0.7214372,0.4261093,-0.07668985,0.95,0.52922314,0.5341128,0.15911853,0.95,0.7142703,0.34678826,0.08829063,0.95,0.24060008,0.53285927,0.05708122,0.95,0.6213982,0.5831678,0.06724147,0.95,0.42575625,0.56548476,0.041148026,0.95,0.62149805,0.69506073,0.09481022,0.95,0.5254602,0.69084907,0.04308944,0.95,0.6382545,0.8045763,0.3400542,0.95,0.50157833,0.80185705,0.32294098,0.95,0.42373386,0.70962304,0.33497712,0.95,0.57745224,0.80724996,0.30508816,0.95,0.6103765,0.8431771,0.06552266,0.95,0.43510774,0.8515169,-0.006966422,0.95,0.9,0.9,0.9,0.9,0.9,0.9,0.9,0.9,0.9,0.9,0.9,0.9,0.9,0.9,0.9,0.9,0.9,0.9,0.9,0.9,0.9,0.9,0.9,0.9,0.9,0.9,0.9,0.9,0.9,0.9,0.9,0.9,0.9
27,0.9,0.56947315,0.30750057,-0.053459693,0.95,0.5859708,0.23286442,-0.057276197,0.95,0.5838518,0.25015262,0.09220404,0.95,0.5917881,0.3644446,-0.057454657,0.95,0.5742874,0.33947825,-0.01780863,0.95,0.5362296,0.32236734,-0.05262433,0.95,0.530987,0.37892035,0.11114807,0.95,0.5908135,0.25740886,-0.028079897,0.95,0.49290395,0.2643362,0.0836735,0.95,0.52992594,0.32156372,-0.024674669,0.95,0.5129324,0.30493325,-0.053311802,0.95,0.6316111,0.42220688,0.101739615,0.95,0.47253057,0.300236,-0.050317492,0.95,0.70812416,0.35917377,-0.03834954,0.95,0.4862686,0.4508634,0.1587382,0.95,0.720008,0.5328929,-0.053157005,0.95,0.31815282,0.5312144,0.1515429,0.95,0.7229171,0.53702325,0.1628936,0.95,0.28580385,0.52465373,0.117303744,0.95,0.7213909,0.4262613,-0.07687814,0.95,0.5288438,0.5341552,0.15927128,0.95,0.7143174,0.34670302,0.08794896,0.95,0.24047604,0.53269416,0.058585603,0.95,0.6214434,0.58316857,0.06721639,0.95,0.42437312,0.56546783,0.04134471,0.95,0.62134427,0.69506395,0.094742335,0.95,0.5249306,0.6908591,0.04331733,0.95,0.6383554,0.80459005,0.3398709,0.95,0.50169885,0.80190635,0.32250667,0.95,0.4242695,0.7095053,0.33452696,0.95,0.5775341,0.80737674,0.30607215,0.95,0.6102927,0.8430929,0.06544378,0.95,0.43498904,0.851527,-0.006717148,0.95,0.9,0.9,0.9,0.9,0.9,0.9,0.9,0.9,0.9,0.9,0.9,0.9,0.9,0.9,0.9,0.9,0.9,0.9,0.9,0.9,0.9,0.9,0.9,0.9,0.9,0.9,0.9,0.9,0.9,0.9,0.9,0.9,0.9
28,0.9333333333333333,0.56929106,0.30796158,-0.05323487,0.95,0.5859314,0.23299348,-0.057244785,0.95,0.5839553,0.24999744,0.09202189,0.95,0.59186494,0.3646146,-0.057408657,0.95,0.5743055,0.3395798,-0.018053992,0.95,0.53613085,0.32176265,-0.052385308,0.95,0.5309859,0.37874314,0.11114104,0.95,0.5906268,0.25711927,-0.027985964,0.95,0.49313033,0.26400796,0.083953574,0.95,0.5301212,0.3212844,-0.024846852,0.95,0.5132566,0.30508125,-0.053218774,0.95,0.63152593,0.42198968,0.10171677,0.95,0.47318506,0.30024412,-0.050337005,0.95,0.7081146,0.35906643,-0.038270324,0.95,0.48636,0.45058128,0.15867753,0.95,0.7200501,0.5328364,-0.05251335,0.95,0.31767774,0.5309801,0.15151758,0.95,0.7229786,0.5367,0.16288047,0.95,0.28581136,0.52459973,0.1178434,0.95,0.7213359,0.42635313,-0.07705102,0.95,0.5284997,0.5342261,0.15940775,0.95,0.71436334,0.346661,0.08757044,0.95,0.24034706,0.53255844,0.05989099,0.95,0.6214794,0.58316934,0.06719126,0.95,0.42314395,0.5654609,0.041501023,0.95,0.62117094,0.69506705,0.09468557,0.95,0.524386,0.69086134,0.04347509,0.95,0.63846135,0.8046014,0.3396943,0.95,0.5018055,0.80194634,0.3221236,0.95,0.42470634,0.70942456,0.33416483,0.95,0.5776591,0.80747885,0.30687845,0.95,0.6102243,0.8430176,0.06536903,0.95,0.43496925,0.85153365,-0.006535711,0.95,0.9,0.9,0.9,0.9,0.9,0.9,0.9,0.9,0.9,0.9,0.9,0.9,0.9,0.9,0.9,0.9,0.9,0.9,0.9,0.9,0.9,0.9,0.9,0.9,0.9,0.9,0.9,0.9,0.9,0.9,0.9,0.9,0.9
29,0.9666666666666667,0.5691426,0.30840808,-0.053032633,0.95,0.585893,0.23315509,-0.057215817,0.95,0.584072,0.24990466,0.09183136,0.95,0.5919231,0.36482447,-0.057366755,0.95,0.5743175,0.33965763,-0.018233055,0.95,0.5359834,0.32127538,-0.052170284,0.95,0.5309357,0.37860215,0.11115558,0.95,0.5904424,0.25687775,-0.027888745,0.95,0.49337947,0.26369447,0.08423493,0.95,0.53016263,0.32099617,-0.025067352,0.95,0.5135299,0.30528665,-0.05312548,0.95,0.6314482,0.42184374,0.10175077,0.95,0.4737195,0.30025262,-0.05033469,0.95,0.7080982,0.35893095,-0.038240626,0.95,0.48639488,0.45035964,0.15863758,0.95,0.72006494,0.53276926,-0.05189419,0.95,0.3171783,0.5307656,0.15155649,0.95,0.722999,0.5363709,0.1628673,0.95,0.28588963,0.52453685,0.11826595,0.95,0.721273,0.4263845,-0.07720635,0.95,0.5281804,0.534324,0.15952782,0.95,0.7144075,0.34664986,0.087161936,0.95,0.24021812,0.5324472,0.061050978,0.95,0.62150854,0.58317095,0.067166336,0.95,0.4220536,0.5654605,0.041633613,0.95,0.62097585,0.6950696,0.094638884,0.95,0.5238221,0.6908556,0.043571476,0.95,0.6385728,0.80460966,0.33951855,0.95,0.5019035,0.8019808,0.3217807,0.95,0.425067,0.7093711,0.3338678,0.95,0.577822,0.8075576,0.30753165,0.95,0.6101621,0.8429498,0.06529167,0.95,0.4350383,0.85153675,-0.0064122775,0.95,0.9,0.9,0.9,0.9,0.9,0.9,0.9,0.9,0.9,0.9,0.9,0.9,0.9,0.9,0.9,0.9,0.9,0.9,0.9,0.9,0.9,0.9,0.9,0.9,0.9,0.9,0.9,0.9,0.9,0.9,0.9,0.9,0.9
30,1.0,0.56902766,0.30885354,-0.052850936,0.95,0.5858558,0.23335229,-0.0571881,0.95,0.5842057,0.24987604,0.09162701,0.95,0.5919641,0.36508703,-0.05732805,0.95,0.5743251,0.3397125,-0.01835757,0.95,0.5357803,0.320908,-0.051974833,0.95,0.53084093,0.3784997,0.11119398,0.95,0.5902624,0.25667894,-0.027780898,0.95,0.493648,0.2633918,0.08452626,0.95,0.5300602,0.32070082,-0.025333643,0.95,0.5137729,0.30554807,-0.05302944,0.95,0.63137496,0.42176536,0.10183219,0.95,0.47414854,0.30026048,-0.050310064,0.95,0.7080745,0.358767,-0.038262635,0.95,0.48636472,0.4502025,0.15862036,0.95,0.72005635,0.5326899,-0.051286172,0.95,0.3166389,0.5305639,0.151656,0.95,0.72298074,0.53603256,0.16284496,0.95,0.28604022,0.52447283,0.11858489,0.95,0.7212024,0.42635512,-0.07734295,0.95,0.5278764,0.53444666,0.159632,0.95,0.7144488,0.346661,0.08672242,0.95,0.24009292,0.5323557,0.06211335,0.95,0.62153286,0.583174,0.0671418,0.95,0.42108858,0.56546396,0.041754972,0.95,0.6207557,0.69507116,0.094600916,0.95,0.52323323,0.6908417,0.043613724,0.95,0.63869023,0.80461454,0.3393371,0.95,0.5019987,0.80201244,0.3214684,0.95,0.42537102,0.70933723,0.33361357,0.95,0.57801867,0.8076134,0.3080496,0.95,0.6101013,0.8428888,0.06520729,0.95,0.43518952,0.8515362,-0.0063402154,0.95,0.9,0.9,0.9,0.9,0.9,0.9,0.9,0.9,0.9,0.9,0.9,0.9,0.9,0.9,0.9,0.9,0.9,0.9,0.9,0.9,0.9,0.9,0.9,0.9,0.9,0.9,0.9,0.9,0.9,0.9,0.9,0.9,0.9
31,1.0333333333333334,0.5689458,0.30930772,-0.052687425,0.95,0.5858199,0.23358877,-0.057160825,0.95,0.584359,0.24991359,0.09140319,0.95,0.59198904,0.36541116,-0.05729195,0.95,0.574329,0.33974457,-0.01843729,0.95,0.5355156,0.32066134,-0.051795192,0.95,0.5307044,0.3784378,0.11125753,0.95,0.5900879,0.25651994,-0.027655274,0.95,0.49393597,0.26309642,0.08483422,0.95,0.5298212,0.32039925,-0.025644597,0.95,0.51400256,0.3058656,-0.05292874,0.95,0.6313033,0.42175123,0.101955645,0.95,0.47448313,0.30026716,-0.050262373,0.95,0.7080434,0.35857454,-0.038336605,0.95,0.48626423,0.4501127,0.15862872,0.95,0.72002727,0.5325974,-0.050677713,0.95,0.31604812,0.5303693,0.15181448,0.95,0.7229252,0.53568196,0.16280472,0.95,0.28626135,0.5244145,0.11880874,0.95,0.7211234,0.4262651,-0.07746021,0.95,0.5275794,0.53459114,0.1597214,0.95,0.71448576,0.3466883,0.08624612,0.95,0.2399741,0.5322799,0.06311942,0.95,0.6215541,0.5831788,0.067117766,0.95,0.42023706,0.5654694,0.041874114,0.95,0.6205069,0.6950716,0.094569996,0.95,0.52261347,0.6908192,0.04360792,0.95,0.638814,0.8046158,0.3391435,0.95,0.5020969,0.80204314,0.3211792,0.95,0.42563513,0.70931697,0.33338183,0.95,0.5782449,0.80764616,0.3084459,0.95,0.61003983,0.8428342,0.06511388,0.95,0.43541816,0.85153234,-0.006315092,0.95,0.9,0.9,0.9,0.9,0.9,0.9,0.9,0.9,0.9,0.9,0.9,0.9,0.9,0.9,0.9,0.9,0.9,0.9,0.9,0.9,0.9,0.9,0.9,0.9,0.9,0.9,0.9,0.9,0.9,0.9,0.9,0.9,0.9
32,1.0666666666666667,0.56889594,0.3097769,-0.05253971,0.95,0.5857853,0.23386826,-0.05713351,0.95,0.5845329,0.2500193,0.091154195,0.95,0.5919986,0.36580136,-0.057258096,0.95,0.5743298,0.33975384,-0.018480608,0.95,0.53518414,0.32053438,-0.05162838,0.95,0.5305272,0.37841794,0.11134649,0.95,0.58991945,0.25639978,-0.027505215,0.95,0.4942448,0.26280552,0.08516324,0.95,0.529452,0.32009223,-0.025999174,0.95,0.5142329,0.3062398,-0.052821994,0.95,0.6312308,0.4217983,0.10211812,0.95,0.47473052,0.30027238,-0.050190706,0.95,0.70800424,0.35835427,-0.03846112,0.95,0.4860907,0.4500917,0.15866575,0.95,0.7199797,0.53249127,-0.050059844,0.95,0.3153991,0.53017694,0.1520313,0.95,0.72283345,0.53531677,0.1627386,0.95,0.2865479,0.5243672,0.11894239,0.95,0.7210357,0.4261153,-0.07755757,0.95,0.5272833,0.5347539,0.15979752,0.95,0.71451646,0.34672737,0.08572568,0.95,0.23986389,0.53221637,0.0641037,0.95,0.6215739,0.5831856,0.06709393,0.95,0.41948965,0.56547517,0.041997116,0.95,0.6202265,0.6950706,0.094544165,0.95,0.5219581,0.6907881,0.043559324,0.95,0.63894415,0.8046134,0.33893132,0.95,0.5022031,0.8020742,0.3209078,0.95,0.4258738,0.7093059,0.33315384,0.95,0.5784966,0.80765575,0.3087311,0.95,0.6099775,0.8427861,0.06501115,0.95,0.43572003,0.85152537,-0.006333927,0.95,0.9,0.9,0.9,0.9,0.9,0.9,0.9,0.9,0.9,0.9,0.9,0.9,0.9,0.9,0.9,0.9,0.9,0.9,0.9,0.9,0.9,0.9,0.9,0.9,0.9,0.9,0.9,0.9,0.9,0.9,0.9,0.9,0.9
33,1.1,0.5688766,0.31026408,-0.052405667,0.95,0.5857519,0.23419414,-0.057105996,0.95,0.5847271,0.25019488,0.09087472,0.95,0.59199345,0.3662581,-0.057226364,0.95,0.57432777,0.33974043,-0.018494805,0.95,0.53478247,0.32052368,-0.05147238,0.95,0.5303094,0.37844095,0.11146008,0.95,0.5897572,0.25631884,-0.02732483,0.95,0.49457592,0.2625172,0.08551542,0.95,0.5289587,0.31978115,-0.026395358,0.95,0.5144752,0.30667123,-0.052708477,0.95,0.6311552,0.42190313,0.10231823,0.95,0.47489434,0.30027637,-0.050094288,0.95,0.7079567,0.35810825,-0.0386326,0.95,0.48584452,0.45013914,0.15873416,0.95,0.7199155,0.53237176,-0.049427208,0.95,0.3146898,0.52998376,0.15230583,0.95,0.7227061,0.5349356,0.16263884,0.95,0.286891,0.52433527,0.11898816,0.95,0.72093916,0.42590797,-0.07763458,0.95,0.5269834,0.5349304,0.15986207,0.95,0.71453846,0.34677494,0.08515398,0.95,0.23976405,0.5321621,0.06509398,0.95,0.6215938,0.58319455,0.067069784,0.95,0.41883904,0.56547993,0.04212753,0.95,0.6199125,0.69506824,0.09452122,0.95,0.5212651,0.6907483,0.043472853,0.95,0.6390805,0.80460733,0.33869454,0.95,0.50232154,0.8021063,0.32065135,0.95,0.42609957,0.709301,0.33291343,0.95,0.5787689,0.8076417,0.30891398,0.95,0.60991514,0.842745,0.06490023,0.95,0.43609056,0.8515158,-0.006394441,0.95,0.9,0.9,0.9,0.9,0.9,0.9,0.9,0.9,0.9,0.9,0.9,0.9,0.9,0.9,0.9,0.9,0.9,0.9,0.9,0.9,0.9,0.9,0.9,0.9,0.9,0.9,0.9,0.9,0.9,0.9,0.9,0.9,0.9
34,1.1333333333333333,0.5688862,0.31076893,-0.05228358,0.95,0.58571947,0.23456883,-0.0570784,0.95,0.5849397,0.25044113,0.090560175,0.95,0.59197414,0.36677772,-0.057196926,0.95,0.5743227,0.33970484,-0.01848652,0.95,0.53430897,0.32062322,-0.051326133,0.95,0.5300505,0.37850684,0.11159636,0.95,0.5896014,0.25627857,-0.027109396,0.95,0.49492967,0.2622307,0.08589029,0.95,0.52834874,0.3194685,-0.026829634,0.95,0.5147391,0.3071594,-0.05258809,0.95,0.631075,0.4220618,0.10255527,0.95,0.47497538,0.30027953,-0.049972694,0.95,0.7079003,0.35784003,-0.038845614,0.95,0.48552847,0.4502527,0.15883589,0.95,0.71983653,0.53224,-0.048778344,0.95,0.31392354,0.5297879,0.15263656,0.95,0.72254384,0.5345384,0.16249834,0.95,0.28727773,0.52432185,0.11894665,0.95,0.7208342,0.42564714,-0.07769071,0.95,0.526677,0.53511536,0.15991704,0.95,0.714549,0.3468286,0.084525704,0.95,0.2396762,0.5321146,0.06611136,0.95,0.62161493,0.58320546,0.06704453,0.95,0.4182799,0.5654825,0.0422667,0.95,0.6195646,0.69506437,0.09449868,0.95,0.5205353,0.6907,0.043353245,0.95,0.6392223,0.8045979,0.33842763,0.95,0.50245565,0.8021397,0.32040966,0.95,0.4263234,0.70930064,0.33264655,0.95,0.5790562,0.8076039,0.3090024,0.95,0.6098544,0.8427119,0.064783156,0.95,0.43652412,0.8515042,-0.0064946213,0.95,0.9,0.9,0.9,0.9,0.9,0.9,0.9,0.9,0.9,0.9,0.9,0.9,0.9,0.9,0.9,0.9,0.9,0.9,0.9,0.9,0.9,0.9,0.9,0.9,0.9,0.9,0.9,0.9,0.9,0.9,0.9,0.9,0.9
35,1.1666666666666667,0.5689228,0.3112879,-0.052172128,0.95,0.5856878,0.23499332,-0.057051092,0.95,0.5851675,0.25075796,0.090207264,0.95,0.59194124,0.36735234,-0.057170127,0.95,0.5743144,0.33964822,-0.018461777,0.95,0.53376436,0.32082352,-0.051189445,0.95,0.52974975,0.3786143,0.111752324,0.95,0.58945215,0.25628102,-0.02685557,0.95,0.49530485,0.26194623,0.0862849,0.95,0.5276323,0.31915808,-0.02729648,0.95,0.51503175,0.30770215,-0.052461497,0.95,0.630989,0.4222693,0.102828376,0.95,0.47497213,0.30028257,-0.049825978,0.95,0.7078349,0.3575547,-0.039092638,0.95,0.48514777,0.45042774,0.15897176,0.95,0.7197447,0.532098,-0.048115987,0.95,0.3131089,0.529589,0.15302067,0.95,0.72234774,0.5341268,0.16231067,0.95,0.28769115,0.5243288,0.11881785,0.95,0.72072226,0.4253389,-0.07772558,0.95,0.5263636,0.5353027,0.15996441,0.95,0.7145451,0.34688655,0.08383831,0.95,0.23960164,0.5320718,0.06716997,0.95,0.6216386,0.5832181,0.06701708,0.95,0.4178085,0.56548166,0.042414,0.95,0.6191845,0.6950591,0.09447393,0.95,0.51977354,0.6906438,0.04320533,0.95,0.6393683,0.8045856,0.33812618,0.95,0.50260764,0.8021741,0.32018495,0.95,0.42655435,0.70930415,0.33234188,0.95,0.5793521,0.80754256,0.30900392,0.95,0.6097974,0.84268796,0.06466259,0.95,0.43701348,0.8514912,-0.0066324645,0.95,0.9,0.9,0.9,0.9,0.9,0.9,0.9,0.9,0.9,0.9,0.9,0.9,0.9,0.9,0.9,0.9,0.9,0.9,0.9,0.9,0.9,0.9,0.9,0.9,0.9,0.9,0.9,0.9,0.9,0.9,0.9,0.9,0.9
36,1.2,0.5689842,0.31181434,-0.05207048,0.95,0.5856569,0.23546654,-0.057024635,0.95,0.5854061,0.2511437,0.08981453,0.95,0.5918956,0.3679706,-0.05714651,0.95,0.57430243,0.33957255,-0.0184261,0.95,0.5331522,0.3211117,-0.051063016,0.95,0.5294069,0.37876076,0.111923896,0.95,0.58930993,0.2563283,-0.026561655,0.95,0.49569848,0.26166505,0.08669383,0.95,0.5268225,0.318855,-0.02778826,0.95,0.5153584,0.30829507,-0.05233016,0.95,0.63089675,0.42251965,0.10313604,0.95,0.47488177,0.3002864,-0.04965498,0.95,0.7077605,0.357259,-0.0393645,0.95,0.48471057,0.45065707,0.15914126,0.95,0.7196422,0.53194857,-0.047446843,0.95,0.3122597,0.52938807,0.15345354,0.95,0.72211933,0.5337043,0.16207066,0.95,0.28811082,0.5243569,0.11860177,0.95,0.7206054,0.42499134,-0.07773895,0.95,0.52604467,0.53548586,0.16000623,0.95,0.71452343,0.34694743,0.08309261,0.95,0.23954158,0.53203195,0.0682769,0.95,0.6216658,0.58323205,0.06698619,0.95,0.41742235,0.56547666,0.042567056,0.95,0.61877644,0.69505256,0.0944443,0.95,0.51898855,0.6905807,0.043034073,0.95,0.6395166,0.80457103,0.3377869,0.95,0.50277865,0.80220896,0.31998158,0.95,0.42679945,0.7093119,0.33199117,0.95,0.5796494,0.8074586,0.30892614,0.95,0.6097467,0.8426746,0.0645413,0.95,0.4375494,0.8514776,-0.0068055415,0.95,0.9,0.9,0.9,0.9,0.9,0.9,0.9,0.9,0.9,0.9,0.9,0.9,0.9,0.9,0.9,0.9,0.9,0.9,0.9,0.9,0.9,0.9,0.9,0.9,0.9,0.9,0.9,0.9,0.9,0.9,0.9,0.9,0.9
37,1.2333333333333334,0.56906754,0.31233895,-0.05197822,0.95,0.58562654,0.235985,-0.05699972,0.95,0.5856501,0.2515948,0.08938276,0.95,0.5918382,0.36861813,-0.057126734,0.95,0.5742862,0.33948085,-0.018384473,0.95,0.5324792,0.3214715,-0.05094809,0.95,0.52902263,0.37894204,0.11210629,0.95,0.58917516,0.25642216,-0.026227798,0.95,0.49610636,0.26138914,0.08710965,0.95,0.5259362,0.31856537,-0.028295577,0.95,0.5157215,0.308931,-0.05219613,0.95,0.63079816,0.42280543,0.103475414,0.95,0.4747015,0.30029202,-0.049461316,0.95,0.70767754,0.35696033,-0.039650932,0.95,0.48422697,0.45093107,0.15934229,0.95,0.71953166,0.5317954,-0.046781037,0.95,0.31139353,0.5291874,0.1539285,0.95,0.72186106,0.5332758,0.16177513,0.95,0.28851423,0.5244056,0.118299946,0.95,0.7204865,0.42461386,-0.07773087,0.95,0.52572334,0.5356582,0.1600446,0.95,0.7144812,0.34701023,0.082293,0.95,0.23949675,0.53199375,0.06943215,0.95,0.621697,0.58324677,0.06695064,0.95,0.41711947,0.5654668,0.042722065,0.95,0.6183469,0.69504505,0.094407305,0.95,0.51819277,0.69051206,0.04284455,0.95,0.639665,0.8045549,0.33740854,0.95,0.50296825,0.8022436,0.31980526,0.95,0.4270633,0.7093248,0.33158937,0.95,0.57994056,0.8073535,0.30877772,0.95,0.6097047,0.84267324,0.0644218,0.95,0.43812096,0.85146433,-0.0070108646,0.95,0.9,0.9,0.9,0.9,0.9,0.9,0.9,0.9,0.9,0.9,0.9,0.9,0.9,0.9,0.9,0.9,0.9,0.9,0.9,0.9,0.9,0.9,0.9,0.9,0.9,0.9,0.9,0.9,0.9,0.9,0.9,0.9,0.9
38,1.2666666666666666,0.5691698,0.3128507,-0.051895205,0.95,0.5855966,0.23654258,-0.056977093,0.95,0.58589363,0.2521056,0.08891548,0.95,0.5917704,0.3692787,-0.05711146,0.95,0.57426536,0.3393771,-0.018341212,0.95,0.5317551,0.32188424,-0.050846227,0.95,0.52859896,0.3791526,0.11229433,0.95,0.5890485,0.25656325,-0.025856096,0.95,0.49652353,0.2611208,0.08752353,0.95,0.5249936,0.3182956,-0.02880774,0.95,0.51612085,0.3095999,-0.05206213,0.95,0.6306938,0.42311817,0.10384209,0.95,0.47443008,0.30030033,-0.049247544,0.95,0.70758665,0.3566665,-0.039941326,0.95,0.48370942,0.45123824,0.15957138,0.95,0.71941555,0.5316425,-0.046130758,0.95,0.310531,0.5289901,0.15443724,0.95,0.72157645,0.53284806,0.16142355,0.95,0.28887925,0.5244734,0.11791609,0.95,0.720369,0.4242168,-0.07770217,0.95,0.52540445,0.53581333,0.16008158,0.95,0.714416,0.34707457,0.08144714,0.95,0.23946752,0.53195614,0.07062899,0.95,0.6217327,0.58326167,0.0669094,0.95,0.41689768,0.56545186,0.042874135,0.95,0.6179051,0.6950367,0.0943609,0.95,0.51740086,0.6904396,0.042641703,0.95,0.6398113,0.8045381,0.33699167,0.95,0.50317466,0.80227685,0.3196623,0.95,0.42734757,0.7093442,0.3311354,0.95,0.5802187,0.8072297,0.30856797,0.95,0.609674,0.842685,0.06430606,0.95,0.43871585,0.8514522,-0.0072444254,0.95,0.9,0.9,0.9,0.9,0.9,0.9,0.9,0.9,0.9,0.9,0.9,0.9,0.9,0.9,0.9,0.9,0.9,0.9,0.9,0.9,0.9,0.9,0.9,0.9,0.9,0.9,0.9,0.9,0.9,0.9,0.9,0.9,0.9
39,1.3,0.56928736,0.31333795,-0.051821437,0.95,0.585567,0.23713052,-0.056957483,0.95,0.586131,0.252668,0.088419,0.95,0.5916941,0.36993575,-0.05710127,0.95,0.5742396,0.33926636,-0.018299634,0.95,0.5309922,0.32232982,-0.05075866,0.95,0.52814,0.37938544,0.112482876,0.95,0.5889305,0.2567506,-0.025450446,0.95,0.49694505,0.26086223,0.08792609,0.95,0.52401733,0.31805164,-0.02931371,0.95,0.5165528,0.31028935,-0.051931173,0.95,0.63058466,0.42344868,0.104229935,0.95,0.47406915,0.30031222,-0.04901697,0.95,0.7074889,0.3563846,-0.04022608,0.95,0.4831714,0.45156574,0.1598239,0.95,0.7192966,0.53149384,-0.045508597,0.95,0.30969355,0.5287996,0.1549696,0.95,0.72126997,0.5324285,0.16101892,0.95,0.2891864,0.5245582,0.11745719,0.95,0.72025627,0.42381006,-0.07765416,0.95,0.52509373,0.5359461,0.16011909,0.95,0.71432644,0.3471403,0.08056532,0.95,0.23945352,0.53191864,0.071854666,0.95,0.6217727,0.583276,0.06686196,0.95,0.4167539,0.56543183,0.04301777,0.95,0.6174614,0.6950278,0.09430371,0.95,0.51662874,0.6903652,0.042430166,0.95,0.63995284,0.8045213,0.33653966,0.95,0.5033943,0.8023079,0.31955817,0.95,0.42765093,0.70937145,0.3306321,0.95,0.5804778,0.8070904,0.30830738,0.95,0.6096566,0.84271055,0.06419511,0.95,0.43932095,0.8514419,-0.0075013363,0.95,0.9,0.9,0.9,0.9,0.9,0.9,0.9,0.9,0.9,0.9,0.9,0.9,0.9,0.9,0.9,0.9,0.9,0.9,0.9,0.9,0.9,0.9,0.9,0.9,0.9,0.9,0.9,0.9,0.9,0.9,0.9,0.9,0.9
40,1.3333333333333333,0.56941634,0.3137897,-0.05175681,0.95,0.58553743,0.23773786,-0.05694139,0.95,0.58635706,0.25327194,0.08790236,0.95,0.59161144,0.3705735,-0.057096492,0.95,0.5742092,0.33915392,-0.018261997,0.95,0.5302051,0.32278857,-0.05068618,0.95,0.52765155,0.3796329,0.11266724,0.95,0.5888215,0.25698134,-0.025016531,0.95,0.49736667,0.26061556,0.08830825,0.95,0.523031,0.31783822,-0.029802956,0.95,0.5170109,0.31098494,-0.051806256,0.95,0.6304723,0.42378744,0.10463127,0.95,0.47362423,0.30032825,-0.048773568,0.95,0.7073856,0.35612032,-0.040497266,0.95,0.4826269,0.4519006,0.1600942,0.95,0.7191769,0.5313531,-0.044925977,0.95,0.3089014,0.5286196,0.15551473,0.95,0.72094715,0.5320249,0.16056831,0.95,0.28942192,0.52465713,0.11693374,0.95,0.7201514,0.42340246,-0.07758916,0.95,0.52479744,0.5360528,0.16015877,0.95,0.7142122,0.34720784,0.07965975,0.95,0.2394539,0.5318811,0.073091835,0.95,0.6218164,0.58328915,0.066808425,0.95,0.41668385,0.56540734,0.043147452,0.95,0.61702704,0.69501877,0.094235346,0.95,0.51589125,0.6902909,0.042213995,0.95,0.6400876,0.8045053,0.33605823,0.95,0.50362206,0.80233586,0.31949642,0.95,0.427969,0.7094073,0.3300861,0.95,0.5807134,0.8069396,0.3080069,0.95,0.6096541,0.84275,0.06408905,0.95,0.4399235,0.8514342,-0.0077757784,0.95,0.9,0.9,0.9,0.9,0.9,0.9,0.9,0.9,0.9,0.9,0.9,0.9,0.9,0.9,0.9,0.9,0.9,0.9,0.9,0.9,0.9,0.9,0.9,0.9,0.9,0.9,0.9,0.9,0.9,0.9,0.9,0.9,0.9
41,1.3666666666666667,0.5695526,0.314197,-0.051701155,0.95,0.58550775,0.2383523,-0.05692909,0.95,0.58656764,0.25390568,0.08737661,0.95,0.5915248,0.3711785,-0.057097185,0.95,0.5741746,0.3390454,-0.018229308,0.95,0.52940917,0.3232427,-0.05062867,0.95,0.5271415,0.3798869,0.11284358,0.95,0.5887219,0.25725046,-0.024561286,0.95,0.4977852,0.26038203,0.088662304,0.95,0.52205765,0.3176579,-0.030266393,0.95,0.5174861,0.3116716,-0.0516901,0.95,0.6303584,0.42412522,0.10503741,0.95,0.47310525,0.30034858,-0.048521686,0.95,0.70727843,0.35587752,-0.040749386,0.95,0.482089,0.4522306,0.16037641,0.95,0.71905845,0.53122306,-0.044391606,0.95,0.30817223,0.5284531,0.15606143,0.95,0.72061425,0.5316448,0.1600823,0.95,0.28957894,0.52476716,0.11635978,0.95,0.7200568,0.4230009,-0.07751014,0.95,0.52452123,0.53613204,0.1602019,0.95,0.7140745,0.3472777,0.07874365,0.95,0.23946708,0.53184384,0.074320346,0.95,0.6218627,0.58330065,0.06674979,0.95,0.4166818,0.56537914,0.04325823,0.95,0.61661303,0.69500965,0.094156474,0.95,0.5152009,0.6902187,0.04199656,0.95,0.64021355,0.80449045,0.3355557,0.95,0.50385165,0.80236006,0.31947815,0.95,0.42829457,0.70945245,0.32950744,0.95,0.58092326,0.8067815,0.3076778,0.95,0.60966736,0.84280246,0.06398719,0.95,0.4405116,0.85142934,-0.008061181,0.95,0.9,0.9,0.9,0.9,0.9,0.9,0.9,0.9,0.9,0.9,0.9,0.9,0.9,0.9,0.9,0.9,0.9,0.9,0.9,0.9,0.9,0.9,0.9,0.9,0.9,0.9,0.9,0.9,0.9,0.9,0.9,0.9,0.9
42,1.4,0.5696921,0.31455374,-0.05165397,0.95,0.5854779,0.23896098,-0.05692061,0.95,0.5867599,0.2545564,0.08685391,0.95,0.59143656,0.37174037,-0.057103056,0.95,0.57413656,0.33894578,-0.01820133,0.95,0.5286197,0.32367766,-0.050585188,0.95,0.52661914,0.3801397,0.113008946,0.95,0.5886316,0.25755116,-0.02409241,0.95,0.49819848,0.26016232,0.08898226,0.95,0.5211175,0.3175111,-0.030696902,0.95,0.5179678,0.3123348,-0.051584817,0.95,0.6302448,0.4244538,0.105439276,0.95,0.47252592,0.30037305,-0.048265796,0.95,0.70716906,0.35565802,-0.040979587,0.95,0.48156926,0.45254534,0.16066447,0.95,0.71894264,0.5311055,-0.04391094,0.95,0.30751985,0.5283024,0.15659904,0.95,0.72027785,0.5312943,0.1595744,0.95,0.2896581,0.5248855,0.115751676,0.95,0.7199736,0.42261022,-0.07742051,0.95,0.52427,0.5361839,0.16024923,0.95,0.71391594,0.34735063,0.07783037,0.95,0.23949112,0.5318073,0.07551941,0.95,0.62191033,0.58331007,0.06668764,0.95,0.4167407,0.56534845,0.043346316,0.95,0.61622876,0.69500065,0.09406875,0.95,0.5145666,0.69015,0.041780584,0.95,0.6403293,0.80447704,0.3350421,0.95,0.50407624,0.8023801,0.31950164,0.95,0.42861918,0.7095066,0.32890832,0.95,0.5811066,0.8066206,0.30733055,0.95,0.6096964,0.8428665,0.063888356,0.95,0.44107538,0.8514275,-0.008350755,0.95,0.9,0.9,0.9,0.9,0.9,0.9,0.9,0.9,0.9,0.9,0.9,0.9,0.9,0.9,0.9,0.9,0.9,0.9,0.9,0.9,0.9,0.9,0.9,0.9,0.9,0.9,0.9,0.9,0.9,0.9,0.9,0.9,0.9
43,1.4333333333333333,0.56983113,0.314857,-0.05161461,0.95,0.5854478,0.23955175,-0.056915715,0.95,0.5869322,0.2552111,0.08634641,0.95,0.59134924,0.37225205,-0.057113495,0.95,0.57409614,0.3388592,-0.018176889,0.95,0.5278511,0.32408297,-0.05055403,0.95,0.52609456,0.38038456,0.11316151,0.95,0.58855045,0.2578754,-0.023618005,0.95,0.49860469,0.2599566,0.0892644,0.95,0.52022743,0.31739604,-0.03108956,0.95,0.51844513,0.3129617,-0.05149179,0.95,0.6301332,0.4247663,0.10582837,0.95,0.47190258,0.3004011,-0.04801024,0.95,0.7070595,0.35546196,-0.041187197,0.95,0.48107672,0.4528367,0.16095279,0.95,0.71883035,0.5310016,-0.043485913,0.95,0.30695334,0.5281687,0.15711798,0.95,0.71994436,0.53097826,0.1590596,0.95,0.28966618,0.5250093,0.115127146,0.95,0.71990234,0.4222335,-0.07732361,0.95,0.5240474,0.53621066,0.16030091,0.95,0.71374017,0.34742725,0.07693289,0.95,0.23952386,0.53177226,0.076669484,0.95,0.6219579,0.5833173,0.066624135,0.95,0.41685286,0.56531644,0.043409467,0.95,0.6158813,0.694992,0.093974695,0.95,0.51399344,0.69008625,0.041568294,0.95,0.64043397,0.80446506,0.33452836,0.95,0.5042894,0.8023958,0.31956252,0.95,0.42893383,0.7095691,0.32830203,0.95,0.5812644,0.8064613,0.30697453,0.95,0.6097403,0.8429397,0.063791506,0.95,0.4416072,0.8514286,-0.008638027,0.95,0.9,0.9,0.9,0.9,0.9,0.9,0.9,0.9,0.9,0.9,0.9,0.9,0.9,0.9,0.9,0.9,0.9,0.9,0.9,0.9,0.9,0.9,0.9,0.9,0.9,0.9,0.9,0.9,0.9,0.9,0.9,0.9,0.9
44,1.4666666666666666,0.5699663,0.3151069,-0.051582213,0.95,0.5854174,0.24011397,-0.05691395,0.95,0.58708394,0.25585762,0.085865036,0.95,0.59126484,0.3727097,-0.057127614,0.95,0.57405466,0.3387885,-0.018154101,0.95,0.5271156,0.32445216,-0.050533056,0.95,0.52557796,0.38061598,0.11330029,0.95,0.58847815,0.2582145,-0.02314591,0.95,0.49900213,0.25976452,0.08950711,0.95,0.51939976,0.3173094,-0.031441808,0.95,0.51890814,0.3135422,-0.051411532,0.95,0.63002527,0.4250576,0.10619744,0.95,0.47125247,0.300432,-0.047759,0.95,0.70695144,0.35528818,-0.041373365,0.95,0.48061764,0.4530993,0.16123646,0.95,0.71872216,0.53091156,-0.043115776,0.95,0.30647793,0.5280523,0.15761021,0.95,0.7196196,0.5306998,0.15855224,0.95,0.28961438,0.5251361,0.11450342,0.95,0.7198423,0.42187238,-0.07722261,0.95,0.5238555,0.5362155,0.16035631,0.95,0.71355164,0.34750792,0.07606332,0.95,0.23956308,0.5317394,0.077753894,0.95,0.6220041,0.58332247,0.06656149,0.95,0.41701025,0.5652843,0.04344712,0.95,0.6155755,0.6949837,0.09387733,0.95,0.51348317,0.6900282,0.04136158,0.95,0.640527,0.80445445,0.3340256,0.95,0.5044856,0.8024074,0.3196551,0.95,0.4292304,0.709639,0.32770145,0.95,0.5813984,0.80630714,0.30661738,0.95,0.60979784,0.8430194,0.063696,0.95,0.44210196,0.85143226,-0.008917208,0.95,0.9,0.9,0.9,0.9,0.9,0.9,0.9,0.9,0.9,0.9,0.9,0.9,0.9,0.9,0.9,0.9,0.9,0.9,0.9,0.9,0.9,0.9,0.9,0.9,0.9,0.9,0.9,0.9,0.9,0.9,0.9,0.9,0.9
45,1.5,0.57009524,0.3153061,-0.051555905,0.95,0.5853871,0.24063917,-0.05691482,0.95,0.5872156,0.25648513,0.08541877,0.95,0.59118503,0.37311235,-0.057144467,0.95,0.57401323,0.33873513,-0.0181308,0.95,0.52642316,0.32478252,-0.05052013,0.95,0.52507865,0.38083005,0.11342501,0.95,0.5884143,0.25856006,-0.022683334,0.95,0.49938855,0.25958562,0.08971082,0.95,0.51864225,0.31724694,-0.031752884,0.95,0.51934856,0.31406936,-0.051343873,0.95,0.62992233,0.42532435,0.10654096,0.95,0.4705923,0.30046475,-0.047515552,0.95,0.7068467,0.35513487,-0.041540004,0.95,0.48019543,0.45333037,0.16151133,0.95,0.71861863,0.53083533,-0.04279806,0.95,0.30609468,0.52795273,0.1580698,0.95,0.71930826,0.5304604,0.15806496,0.95,0.28951553,0.5252639,0.11389581,0.95,0.7197927,0.4215278,-0.07712004,0.95,0.5236954,0.5362025,0.16041437,0.95,0.7133549,0.34759268,0.075232305,0.95,0.2396069,0.5317094,0.07875995,0.95,0.62204784,0.5833258,0.06650182,0.95,0.41720518,0.5652529,0.04346029,0.95,0.61531305,0.694976,0.09377977,0.95,0.51303476,0.6899763,0.04116214,0.95,0.6406083,0.8044449,0.33354372,0.95,0.5046612,0.8024151,0.31977272,0.95,0.4295023,0.70971525,0.32711813,0.95,0.5815108,0.8061613,0.3062648,0.95,0.609867,0.843103,0.06360206,0.95,0.442557,0.851438,-0.009183745,0.95,0.9,0.9,0.9,0.9,0.9,0.9,0.9,0.9,0.9,0.9,0.9,0.9,0.9,0.9,0.9,0.9,0.9,0.9,0.9,0.9,0.9,0.9,0.9,0.9,0.9,0.9,0.9,0.9,0.9,0.9,0.9,0.9,0.9
46,1.5333333333333334,0.57021594,0.3154589,-0.05153479,0.95,0.5853571,0.24112132,-0.056917727,0.95,0.58732826,0.25708473,0.08501394,0.95,0.591111,0.37346125,-0.057163086,0.95,0.5739728,0.33869922,-0.018104894,0.95,0.5257809,0.32507423,-0.0505132,0.95,0.52460486,0.3810244,0.11353598,0.95,0.5883585,0.25890443,-0.022236526,0.95,0.49976125,0.25941932,0.08987737,0.95,0.51795876,0.31720406,-0.03202384,0.95,0.5197603,0.3145396,-0.05128803,0.95,0.6298255,0.42556486,0.10685546,0.95,0.46993652,0.30049843,-0.047282796,0.95,0.70674676,0.355,-0.041689448,0.95,0.47981125,0.45352924,0.16177419,0.95,0.71852005,0.53077257,-0.042529125,0.95,0.3058016,0.52786887,0.15849277,0.95,0.7190142,0.5302602,0.15760751,0.95,0.28938255,0.525391,0.11331666,0.95,0.7197524,0.42120034,-0.07701788,0.95,0.52356666,0.5361758,0.16047351,0.95,0.7131545,0.34768108,0.07444877,0.95,0.2396537,0.5316826,0.079679064,0.95,0.6220883,0.58332765,0.06644675,0.95,0.41743034,0.56522286,0.043451305,0.95,0.6150937,0.69496864,0.09368497,0.95,0.51264536,0.6899306,0.040971477,0.95,0.64067817,0.80443627,0.33309093,0.95,0.5048142,0.80241925,0.319909,0.95,0.4297453,0.7097965,0.32656148,0.95,0.58160377,0.80602574,0.30592048,0.95,0.60994554,0.8431877,0.06351055,0.95,0.44297174,0.8514453,-0.009434397,0.95,0.9,0.9,0.9,0.9,0.9,0.9,0.9,0.9,0.9,0.9,0.9,0.9,0.9,0.9,0.9,0.9,0.9,0.9,0.9,0.9,0.9,0.9,0.9,0.9,0.9,0.9,0.9,0.9,0.9,0.9,0.9,0.9,0.9
47,1.5666666666666667,0.57032734,0.31557053,-0.05151816,0.95,0.5853279,0.24155696,-0.056922227,0.95,0.5874234,0.25764975,0.08465425,0.95,0.5910435,0.3737593,-0.05718257,0.95,0.57393426,0.3386799,-0.018074734,0.95,0.5251934,0.32532966,-0.050510652,0.95,0.52416295,0.38119805,0.11363387,0.95,0.5883104,0.2592412,-0.021810632,0.95,0.5001172,0.2592651,0.09000972,0.95,0.5173496,0.3171765,-0.03225673,0.95,0.52013946,0.31495222,-0.051242992,0.95,0.62973547,0.4257789,0.107139304,0.95,0.46929723,0.3005321,-0.047062997,0.95,0.7066528,0.3548816,-0.041823916,0.95,0.4794645,0.4536971,0.16202268,0.95,0.7184269,0.5307227,-0.042305168,0.95,0.30559403,0.5277994,0.15887697,0.95,0.71874005,0.5300979,0.15718628,0.95,0.28922665,0.52551603,0.112775,0.95,0.71971995,0.42089042,-0.07691734,0.95,0.52346814,0.53613937,0.16053206,0.95,0.71295464,0.34777242,0.07371965,0.95,0.23970221,0.5316595,0.08050665,0.95,0.62212515,0.58332855,0.06639741,0.95,0.41767928,0.56519455,0.04342332,0.95,0.6149154,0.69496185,0.0935954,0.95,0.5123111,0.689891,0.040790834,0.95,0.6407371,0.80442834,0.3326734,0.95,0.50494444,0.8024205,0.3200581,0.95,0.42995694,0.70988137,0.32603884,0.95,0.5816794,0.8059019,0.3055869,0.95,0.61003125,0.8432713,0.063422926,0.95,0.44334722,0.85145366,-0.009667228,0.95,0.9,0.9,0.9,0.9,0.9,0.9,0.9,0.9,0.9,0.9,0.9,0.9,0.9,0.9,0.9,0.9,0.9,0.9,0.9,0.9,0.9,0.9,0.9,0.9,0.9,0.9,0.9,0.9,0.9,0.9,0.9,0.9,0.9
48,1.6,0.57042897,0.31564647,-0.051505405,0.95,0.5852999,0.24194475,-0.056927852,0.95,0.5875028,0.25817555,0.08434095,0.95,0.59098274,0.37401035,-0.057202186,0.95,0.57389814,0.33867547,-0.018039169,0.95,0.52466273,0.3255523,-0.050511196,0.95,0.5237574,0.3813511,0.11371957,0.95,0.58826953,0.25956535,-0.021409608,0.95,0.5004533,0.25912264,0.09011152,0.95,0.5168128,0.3171606,-0.032454483,0.95,0.5204841,0.31530902,-0.051207446,0.95,0.6296528,0.42596725,0.10739241,0.95,0.46868336,0.300565,-0.04685789,0.95,0.7065658,0.3547779,-0.041945376,0.95,0.47915322,0.4538363,0.16225518,0.95,0.7183396,0.53068495,-0.042122263,0.95,0.30546546,0.527743,0.1592221,0.95,0.71848726,0.5299715,0.1568045,0.95,0.28905722,0.52563775,0.11227647,0.95,0.71969444,0.42059872,-0.07681935,0.95,0.5233981,0.5360967,0.16058838,0.95,0.7127587,0.3478657,0.07304959,0.95,0.23975135,0.53164,0.081241675,0.95,0.62215817,0.5833288,0.066354364,0.95,0.41794592,0.56516814,0.043379944,0.95,0.61477435,0.6949556,0.093513004,0.95,0.5120274,0.68985695,0.040621236,0.95,0.6407859,0.8044208,0.33229506,0.95,0.505053,0.80241925,0.32021517,0.95,0.430137,0.7099687,0.32555488,0.95,0.5817395,0.8057902,0.30526495,0.95,0.6101219,0.84335196,0.06334101,0.95,0.4436854,0.85146254,-0.009881462,0.95,0.9,0.9,0.9,0.9,0.9,0.9,0.9,0.9,0.9,0.9,0.9,0.9,0.9,0.9,0.9,0.9,0.9,0.9,0.9,0.9,0.9,0.9,0.9,0.9,0.9,0.9,0.9,0.9,0.9,0.9,0.9,0.9,0.9
49,1.6333333333333333,0.5705208,0.31569192,-0.0514961,0.95,0.58527356,0.24228518,-0.056934327,0.95,0.58756804,0.25865948,0.08407324,0.95,0.5909287,0.37421882,-0.057221364,0.95,0.57386476,0.338684,-0.017997792,0.95,0.52418905,0.32574648,-0.050514087,0.95,0.5233909,0.38148448,0.11379405,0.95,0.5882355,0.25987318,-0.021036223,0.95,0.50076675,0.2589915,0.09018662,0.95,0.5163445,0.31715342,-0.032620415,0.95,0.52079386,0.31561345,-0.051180147,0.95,0.6295778,0.42613152,0.107616015,0.95,0.46810123,0.3005965,-0.04666852,0.95,0.7064863,0.35468742,-0.042055376,0.95,0.47887498,0.45394987,0.16247089,0.95,0.7182585,0.53065866,-0.04197685,0.95,0.305408,0.5276981,0.15952896,0.95,0.7182566,0.5298779,0.15646294,0.95,0.28888127,0.5257551,0.11182372,0.95,0.7196749,0.42032576,-0.07672443,0.95,0.5233544,0.53605056,0.16064098,0.95,0.71256953,0.34795973,0.07244123,0.95,0.23980041,0.5316241,0.08188556,0.95,0.6221874,0.5833288,0.06631764,0.95,0.4182248,0.56514364,0.043324817,0.95,0.6146666,0.69494987,0.09343895,0.95,0.51178956,0.68982816,0.04046334,0.95,0.6408253,0.8044138,0.33195782,0.95,0.5051418,0.8024159,0.32037613,0.95,0.43028635,0.71005714,0.32511252,0.95,0.58178556,0.8056905,0.30495527,0.95,0.6102155,0.84342825,0.06326662,0.95,0.4439891,0.85147154,-0.010077144,0.95,0.9,0.9,0.9,0.9,0.9,0.9,0.9,0.9,0.9,0.9,0.9,0.9,0.9,0.9,0.9,0.9,0.9,0.9,0.9,0.9,0.9,0.9,0.9,0.9,0.9,0.9,0.9,0.9,0.9,0.9,0.9,0.9,0.9
50,1.6666666666666667,0.57060313,0.3157117,-0.051489856,0.95,0.5852493,0.24258013,-0.056941353,0.95,0.587621,0.2591004,0.08384877,0.95,0.59088105,0.37438938,-0.057239715,0.95,0.57383436,0.33870307,-0.017950745,0.95,0.52377087,0.32591617,-0.05051875,0.95,0.5230646,0.38159966,0.11385842,0.95,0.58820784,0.26016212,-0.020692185,0.95,0.50105536,0.25887153,0.09023884,0.95,0.5159398,0.31715274,-0.032758057,0.95,0.5210694,0.31587014,-0.05115994,0.95,0.6295106,0.42627364,0.10781198,0.95,0.46755466,0.3006261,-0.04649554,0.95,0.7064147,0.35460895,-0.042155176,0.95,0.4786271,0.45404124,0.16266948,0.95,0.71818393,0.5306429,-0.04186556,0.95,0.30541286,0.5276636,0.15979946,0.95,0.7180481,0.529814,0.15616009,0.95,0.28870395,0.52586746,0.11141717,0.95,0.7196605,0.42007217,-0.07663294,0.95,0.5233345,0.53600323,0.16068883,0.95,0.71238923,0.34805343,0.071895115,0.95,0.2398487,0.53161156,0.0824421,0.95,0.622213,0.58332884,0.066286884,0.95,0.41851106,0.565121,0.043261364,0.95,0.61458766,0.69494474,0.0933739,0.95,0.511593,0.689804,0.0403175,0.95,0.6408563,0.804407,0.33166197,0.95,0.50521356,0.80241096,0.32053795,0.95,0.43040696,0.7101454,0.32471296,0.95,0.581819,0.80560243,0.3046581,0.95,0.6103102,0.84349936,0.06320137,0.95,0.44426113,0.85148036,-0.010254952,0.95,0.9,0.9,0.9,0.9,0.9,0.9,0.9,0.9,0.9,0.9,0.9,0.9,0.9,0.9,0.9,0.9,0.9,0.9,0.9,0.9,0.9,0.9,0.9,0.9,0.9,0.9,0.9,0.9,0.9,0.9,0.9,0.9,0.9
51,1.7,0.5706767,0.31570998,-0.0514864,0.95,0.58522743,0.24283235,-0.05694882,0.95,0.5876631,0.25949848,0.08366414,0.95,0.5908394,0.3745265,-0.05725697,0.95,0.5738068,0.33873054,-0.017898658,0.95,0.5234056,0.3260653,-0.050524965,0.95,0.5227782,0.3816984,0.113913655,0.95,0.588186,0.26043084,-0.020378396,0.95,0.50131756,0.25876248,0.09027192,0.95,0.5155933,0.317157,-0.03287085,0.95,0.5213122,0.31608427,-0.05114571,0.95,0.629451,0.42639586,0.10798275,0.95,0.46704572,0.3006535,-0.046339143,0.95,0.7063509,0.35454142,-0.042245716,0.95,0.4784068,0.45411372,0.16285104,0.95,0.71811616,0.5306368,-0.04178532,0.95,0.3054709,0.52763826,0.16003606,0.95,0.7178615,0.52977616,0.1558935,0.95,0.2885288,0.525974,0.11105538,0.95,0.7196508,0.41983855,-0.07654513,0.95,0.5233358,0.5359563,0.16073109,0.95,0.7122193,0.34814548,0.07141028,0.95,0.23989584,0.5316021,0.08291632,0.95,0.6222354,0.58332914,0.06626152,0.95,0.41880012,0.5651001,0.04319264,0.95,0.6145332,0.69494015,0.09331795,0.95,0.5114332,0.68978405,0.04018374,0.95,0.64088,0.8044006,0.33140612,0.95,0.5052707,0.8024048,0.32069832,0.95,0.43050134,0.71023226,0.324356,0.95,0.5818411,0.80552495,0.30437332,0.95,0.6104045,0.84356475,0.06314651,0.95,0.4445043,0.8514888,-0.010415929,0.95,0.9,0.9,0.9,0.9,0.9,0.9,0.9,0.9,0.9,0.9,0.9,0.9,0.9,0.9,0.9,0.9,0.9,0.9,0.9,0.9,0.9,0.9,0.9,0.9,0.9,0.9,0.9,0.9,0.9,0.9,0.9,0.9,0.9
52,1.7333333333333334,0.570742,0.31569043,-0.051485527,0.95,0.58520806,0.24304523,-0.05695658,0.95,0.5876959,0.2598548,0.08351537,0.95,0.5908031,0.37463453,-0.057273004,0.95,0.5737822,0.33876443,-0.017842552,0.95,0.5230899,0.32619733,-0.05053261,0.95,0.5225304,0.38178253,0.113960765,0.95,0.58816975,0.26067865,-0.020094857,0.95,0.50155264,0.25866413,0.09028914,0.95,0.51529956,0.31716514,-0.03296209,0.95,0.52152413,0.3162611,-0.051136605,0.95,0.6293988,0.42650038,0.108130865,0.95,0.46657503,0.3006785,-0.046199154,0.95,0.70629495,0.354484,-0.042327672,0.95,0.47821182,0.45417047,0.16301598,0.95,0.7180553,0.5306391,-0.041733135,0.95,0.30557296,0.52762115,0.16024153,0.95,0.71769583,0.5297608,0.15565981,0.95,0.28835818,0.52607423,0.11073582,0.95,0.7196452,0.41962522,-0.07646125,0.95,0.52335554,0.53591096,0.16076744,0.95,0.71206087,0.34823483,0.07098441,0.95,0.23994136,0.5315954,0.083314195,0.95,0.62225497,0.5833298,0.066240795,0.95,0.4190879,0.56508076,0.043121237,0.95,0.614499,0.6949361,0.093270816,0.95,0.51130587,0.6897677,0.04006189,0.95,0.6408972,0.80439454,0.33118832,0.95,0.5053161,0.8023977,0.32085535,0.95,0.43057236,0.7103166,0.32404047,0.95,0.5818531,0.8054571,0.30410123,0.95,0.61049706,0.8436243,0.06310285,0.95,0.4447212,0.8514967,-0.010561253,0.95,0.9,0.9,0.9,0.9,0.9,0.9,0.9,0.9,0.9,0.9,0.9,0.9,0.9,0.9,0.9,0.9,0.9,0.9,0.9,0.9,0.9,0.9,0.9,0.9,0.9,0.9,0.9,0.9,0.9,0.9,0.9,0.9,0.9
53,1.7666666666666666,0.57079995,0.31565616,-0.05148701,0.95,0.58519137,0.24322227,-0.056964576,0.95,0.58772063,0.26017106,0.08339826,0.95,0.5907717,0.37471744,-0.05728778,0.95,0.57376033,0.33880267,-0.017783673,0.95,0.52281994,0.3263151,-0.05054158,0.95,0.522319,0.38185388,0.11400063,0.95,0.58815837,0.26090544,-0.019841094,0.95,0.50176054,0.25857627,0.09029353,0.95,0.5150531,0.31717643,-0.033034764,0.95,0.52170724,0.31640583,-0.05113188,0.95,0.6293539,0.42658937,0.10825884,0.95,0.46614218,0.30070105,-0.046075176,0.95,0.7062464,0.3544358,-0.042401537,0.95,0.47803977,0.45421427,0.16316493,0.95,0.7180014,0.5306488,-0.041706245,0.95,0.3057101,0.52761143,0.16041887,0.95,0.7175503,0.52976424,0.15545529,0.95,0.2881935,0.52616763,0.11045543,0.95,0.71964324,0.41943246,-0.07638145,0.95,0.523391,0.5358678,0.16079769,0.95,0.7119143,0.34832045,0.07061434,0.95,0.23998506,0.5315911,0.083642095,0.95,0.62227184,0.58333087,0.06622394,0.95,0.41937083,0.565063,0.043049213,0.95,0.61448145,0.69493264,0.09323195,0.95,0.51120734,0.6897545,0.039951563,0.95,0.640909,0.8043889,0.33100566,0.95,0.5053518,0.80239004,0.32100767,0.95,0.43062297,0.7103973,0.32376447,0.95,0.5818561,0.8053979,0.30384213,0.95,0.6105868,0.8436779,0.063070856,0.95,0.44491413,0.8515039,-0.01069213,0.95,0.9,0.9,0.9,0.9,0.9,0.9,0.9,0.9,0.9,0.9,0.9,0.9,0.9,0.9,0.9,0.9,0.9,0.9,0.9,0.9,0.9,0.9,0.9,0.9,0.9,0.9,0.9,0.9,0.9,0.9,0.9,0.9,0.9
54,1.8,0.5708512,0.31560978,-0.05149067,0.95,0.58517736,0.24336721,-0.056972735,0.95,0.5877385,0.26044944,0.083308555,0.95,0.5907446,0.37477878,-0.057301287,0.95,0.5737409,0.3388437,-0.017723324,0.95,0.5225917,0.32642102,-0.05055198,0.95,0.52214146,0.3819142,0.11403407,0.95,0.58815145,0.26111168,-0.01961609,0.95,0.50194186,0.25849867,0.09028767,0.95,0.5148487,0.3171905,-0.033091612,0.95,0.5218639,0.31652322,-0.05113086,0.95,0.62931573,0.42666477,0.10836914,0.95,0.46574605,0.30072114,-0.045966532,0.95,0.70620483,0.35439613,-0.042467833,0.95,0.4778888,0.45424765,0.16329864,0.95,0.7179544,0.5306648,-0.04170197,0.95,0.3058741,0.5276082,0.16057089,0.95,0.71742374,0.5297834,0.15527645,0.95,0.2880357,0.5262539,0.11021064,0.95,0.71964455,0.41926032,-0.07630608,0.95,0.5234396,0.5358273,0.16082208,0.95,0.71177995,0.3484015,0.07029627,0.95,0.24002673,0.531589,0.083906665,0.95,0.6222865,0.5833323,0.066210195,0.95,0.41964585,0.5650466,0.04297823,0.95,0.6144773,0.69492966,0.09320057,0.95,0.5111339,0.68974406,0.039852224,0.95,0.64091617,0.80438364,0.33085513,0.95,0.5053798,0.80238193,0.32115433,0.95,0.43065593,0.7104735,0.32352558,0.95,0.5818512,0.8053463,0.30359614,0.95,0.6106729,0.84372586,0.063050576,0.95,0.445085,0.85151047,-0.010809797,0.95,0.9,0.9,0.9,0.9,0.9,0.9,0.9,0.9,0.9,0.9,0.9,0.9,0.9,0.9,0.9,0.9,0.9,0.9,0.9,0.9,0.9,0.9,0.9,0.9,0.9,0.9,0.9,0.9,0.9,0.9,0.9,0.9,0.9
55,1.8333333333333333,0.57089645,0.3155537,-0.0514963,0.95,0.585166,0.24348362,-0.056981042,0.95,0.58775043,0.26069233,0.08324226,0.95,0.59072137,0.37482184,-0.057313602,0.95,0.57372385,0.3388862,-0.017662795,0.95,0.5224012,0.32651684,-0.050563745,0.95,0.5219948,0.38196504,0.11406188,0.95,0.5881485,0.26129806,-0.019418444,0.95,0.5020977,0.25843102,0.090273805,0.95,0.51468164,0.31720698,-0.03313502,0.95,0.5219963,0.31661758,-0.05113297,0.95,0.62928396,0.42672837,0.108463876,0.95,0.4653852,0.30073887,-0.045872446,0.95,0.70616966,0.35436422,-0.04252676,0.95,0.47775698,0.45427263,0.16341794,0.95,0.71791404,0.53068596,-0.041717794,0.95,0.30605724,0.5276109,0.16070035,0.95,0.7173149,0.52981514,0.15511999,0.95,0.28788513,0.5263329,0.10999794,0.95,0.7196487,0.41910845,-0.0762353,0.95,0.5234989,0.5357895,0.1608409,0.95,0.7116577,0.34847724,0.07002616,0.95,0.24006613,0.53158855,0.08411452,0.95,0.6222992,0.583334,0.06619889,0.95,0.41991037,0.5650315,0.04290953,0.95,0.6144838,0.6949272,0.09317579,0.95,0.51108235,0.689736,0.039763335,0.95,0.6409195,0.8043788,0.3307334,0.95,0.5054019,0.80237365,0.32129452,0.95,0.430674,0.7105444,0.3233212,0.95,0.5818395,0.8053013,0.30336377,0.95,0.6107547,0.8437685,0.06304169,0.95,0.4452355,0.8515163,-0.010915364,0.95,0.9,0.9,0.9,0.9,0.9,0.9,0.9,0.9,0.9,0.9,0.9,0.9,0.9,0.9,0.9,0.9,0.9,0.9,0.9,0.9,0.9,0.9,0.9,0.9,0.9,0.9,0.9,0.9,0.9,0.9,0.9,0.9,0.9
56,1.8666666666666667,0.5709363,0.3154899,-0.05150372,0.95,0.58515716,0.24357483,-0.05698943,0.95,0.5877574,0.26090237,0.08319563,0.95,0.59070146,0.37484944,-0.057324786,0.95,0.57370883,0.33892885,-0.017603276,0.95,0.5222446,0.326604,-0.05057686,0.95,0.5218762,0.3820079,0.11408464,0.95,0.5881489,0.26146555,-0.019246586,0.95,0.50222945,0.25837293,0.09025386,0.95,0.51454747,0.31722578,-0.03316716,0.95,0.52210677,0.31669265,-0.05113776,0.95,0.62925804,0.42678174,0.10854507,0.95,0.46505776,0.30075434,-0.04579204,0.95,0.70614046,0.35433942,-0.04257877,0.95,0.47764286,0.4542909,0.1635237,0.95,0.71788013,0.53071123,-0.04175118,0.95,0.30625287,0.52761865,0.16080977,0.95,0.7172226,0.5298567,0.15498263,0.95,0.287742,0.5264045,0.10981397,0.95,0.71965545,0.4189765,-0.076169275,0.95,0.5235664,0.53575444,0.16085455,0.95,0.71154726,0.34854713,0.06979978,0.95,0.2401032,0.5315897,0.08427208,0.95,0.62231016,0.58333606,0.066189386,0.95,0.42016238,0.56501764,0.042844,0.95,0.6144985,0.69492525,0.09315676,0.95,0.5110497,0.68973005,0.03968424,0.95,0.64091974,0.8043745,0.3306372,0.95,0.50541955,0.80236536,0.32142776,0.95,0.43067965,0.71060956,0.3231483,0.95,0.58182204,0.8052621,0.30314535,0.95,0.6108317,0.84380615,0.06304357,0.95,0.44536698,0.8515215,-0.011009852,0.95,0.9,0.9,0.9,0.9,0.9,0.9,0.9,0.9,0.9,0.9,0.9,0.9,0.9,0.9,0.9,0.9,0.9,0.9,0.9,0.9,0.9,0.9,0.9,0.9,0.9,0.9,0.9,0.9,0.9,0.9,0.9,0.9,0.9
57,1.9,0.5709713,0.31542015,-0.0515127,0.95,0.5851506,0.24364406,-0.056997903,0.95,0.58776015,0.26108217,0.08316532,0.95,0.5906845,0.37486413,-0.057334933,0.95,0.5736957,0.33897084,-0.01754578,0.95,0.5221179,0.32668367,-0.05059126,0.95,0.52178246,0.3820439,0.114103004,0.95,0.5881523,0.26161516,-0.019098766,0.95,0.5023387,0.25832394,0.09022938,0.95,0.514442,0.3172467,-0.033189856,0.95,0.52219737,0.31675175,-0.05114481,0.95,0.62923753,0.42682633,0.10861443,0.95,0.46476185,0.30076772,-0.04572427,0.95,0.70611656,0.35432103,-0.04262407,0.95,0.47754484,0.4543038,0.1636168,0.95,0.7178523,0.5307398,-0.041799854,0.95,0.30645505,0.52763087,0.16090158,0.95,0.71714526,0.5299056,0.15486202,0.95,0.28760624,0.52646875,0.10965546,0.95,0.7196644,0.41886365,-0.07610812,0.95,0.52364033,0.53572196,0.16086361,0.95,0.7114483,0.34861082,0.06961297,0.95,0.2401379,0.5315921,0.08438545,0.95,0.6223197,0.58333826,0.0661812,0.95,0.4204003,0.5650049,0.04278228,0.95,0.61451954,0.6949237,0.09314262,0.95,0.5110333,0.68972576,0.03961434,0.95,0.6409175,0.8043707,0.3305634,0.95,0.50543374,0.80235714,0.32155374,0.95,0.43067518,0.71066856,0.3230041,0.95,0.5817997,0.8052278,0.3029411,0.95,0.61090344,0.8438392,0.06305548,0.95,0.44548073,0.851526,-0.011094282,0.95,0.9,0.9,0.9,0.9,0.9,0.9,0.9,0.9,0.9,0.9,0.9,0.9,0.9,0.9,0.9,0.9,0.9,0.9,0.9,0.9,0.9,0.9,0.9,0.9,0.9,0.9,0.9,0.9,0.9,0.9,0.9,0.9,0.9
58,1.9333333333333333,0.57100207,0.315346,-0.05152305,0.95,0.58514625,0.24369425,-0.057006374,0.95,0.5877593,0.26123443,0.083148345,0.95,0.59067005,0.37486812,-0.05734412,0.95,0.57368433,0.3390113,-0.017491141,0.95,0.5220178,0.32675654,-0.05060684,0.95,0.52171063,0.38207418,0.114117466,0.95,0.58815825,0.2617481,-0.018973142,0.95,0.5024274,0.2582836,0.0902017,0.95,0.51436174,0.31726965,-0.03320466,0.95,0.5222702,0.3167976,-0.051153697,0.95,0.6292219,0.4268633,0.10867347,0.95,0.46449542,0.3007791,-0.04566816,0.95,0.7060973,0.35430846,-0.042663045,0.95,0.4774616,0.45431238,0.16369814,0.95,0.7178302,0.53077066,-0.041861493,0.95,0.30665877,0.52764696,0.16097774,0.95,0.71708184,0.5299599,0.15475546,0.95,0.28747782,0.5265258,0.1095195,0.95,0.7196752,0.41876906,-0.07605185,0.95,0.52371854,0.5356919,0.16086866,0.95,0.7113602,0.3486681,0.06946165,0.95,0.24017021,0.53159547,0.084460355,0.95,0.62232786,0.5833406,0.066173896,0.95,0.42062303,0.56499326,0.04272476,0.95,0.61454535,0.69492257,0.09313255,0.95,0.5110309,0.6897231,0.039552953,0.95,0.6409132,0.8043674,0.33050895,0.95,0.5054455,0.80234915,0.3216721,0.95,0.4306626,0.71072125,0.32288563,0.95,0.5817734,0.80519783,0.3027512,0.95,0.61096984,0.8438681,0.06307636,0.95,0.44557783,0.85152996,-0.011169384,0.95,0.9,0.9,0.9,0.9,0.9,0.9,0.9,0.9,0.9,0.9,0.9,0.9,0.9,0.9,0.9,0.9,0.9,0.9,0.9,0.9,0.9,0.9,0.9,0.9,0.9,0.9,0.9,0.9,0.9,0.9,0.9,0.9,0.9
59,1.9666666666666666,0.5710289,0.31526887,-0.051534552,0.95,0.58514386,0.24372804,-0.057014823,0.95,0.5877556,0.2613616,0.08314216,0.95,0.590658,0.37486336,-0.057352442,0.95,0.57367444,0.33904976,-0.017439993,0.95,0.52194095,0.3268233,-0.05062346,0.95,0.52165794,0.38209963,0.11412853,0.95,0.5881662,0.26186553,-0.01886776,0.95,0.5024975,0.25825128,0.0901719,0.95,0.51430327,0.31729436,-0.033212967,0.95,0.52232736,0.3168326,-0.05116409,0.95,0.62921065,0.4268937,0.10872348,0.95,0.46425644,0.30078873,-0.045622665,0.95,0.7060823,0.35430098,-0.042695984,0.95,0.47739178,0.45431757,0.16376859,0.95,0.7178134,0.53080314,-0.041934025,0.95,0.30686,0.5276663,0.16104019,0.95,0.71703094,0.53001773,0.1546612,0.95,0.28735644,0.52657586,0.10940334,0.95,0.7196875,0.4186917,-0.076000564,0.95,0.5237994,0.53566414,0.16087018,0.95,0.71128243,0.34871885,0.069341995,0.95,0.24020019,0.53159976,0.084502235,0.95,0.622335,0.5833429,0.06616719,0.95,0.4208299,0.5649826,0.04267166,0.95,0.61457455,0.6949218,0.09312583,0.95,0.51104015,0.68972164,0.03949949,0.95,0.6409074,0.8043647,0.33047122,0.95,0.50545555,0.80234146,0.32178295,0.95,0.4306438,0.71076757,0.32279012,0.95,0.58174384,0.8051716,0.30257577,0.95,0.61103076,0.84389323,0.06310528,0.95,0.4456593,0.85153335,-0.011236045,0.95,0.9,0.9,0.9,0.9,0.9,0.9,0.9,0.9,0.9,0.9,0.9,0.9,0.9,0.9,0.9,0.9,0.9,0.9,0.9,0.9,0.9,0.9,0.9,0.9,0.9,0.9,0.9,0.9,0.9,0.9,0.9,0.9,0.9
60,2.0,0.5710522,0.31518996,-0.051546987,0.95,0.5851431,0.24374782,-0.057023212,0.95,0.5877495,0.2614663,0.08314451,0.95,0.59064794,0.3748515,-0.057359982,0.95,0.5736659,0.33908573,-0.01739286,0.95,0.52188426,0.32688433,-0.050641,0.95,0.5216218,0.38212106,0.1141366,0.95,0.5881759,0.26196864,-0.018780775,0.95,0.5025508,0.25822645,0.09014086,0.95,0.5142635,0.31732067,-0.033215992,0.95,0.5223707,0.31685865,-0.051175706,0.95,0.6292033,0.42691848,0.10876561,0.95,0.46404293,0.30079678,-0.045586754,0.95,0.70607084,0.35429806,-0.04272323,0.95,0.47733405,0.45431998,0.16382901,0.95,0.7178014,0.5308366,-0.042015407,0.95,0.30705544,0.5276882,0.16109063,0.95,0.71699125,0.53007764,0.15457751,0.95,0.28724197,0.52661926,0.109304644,0.95,0.7197012,0.41863027,-0.07595419,0.95,0.52388155,0.5356384,0.16086875,0.95,0.7112143,0.34876323,0.06925032,0.95,0.24022779,0.5316045,0.08451603,0.95,0.6223411,0.5833452,0.0661608,0.95,0.4210207,0.5649729,0.042623065,0.95,0.614606,0.6949213,0.093121774,0.95,0.5110593,0.6897213,0.039453324,0.95,0.64090043,0.8043625,0.33044767,0.95,0.50546443,0.80233413,0.3218862,0.95,0.43062025,0.7108075,0.3227148,0.95,0.5817118,0.80514866,0.30241463,0.95,0.61108625,0.8439149,0.06314097,0.95,0.44572616,0.85153633,-0.011294979,0.95,0.9,0.9,0.9,0.9,0.9,0.9,0.9,0.9,0.9,0.9,0.9,0.9,0.9,0.9,0.9,0.9,0.9,0.9,0.9,0.9,0.9,0.9,0.9,0.9,0.9,0.9,0.9,0.9,0.9,0.9,0.9,0.9,0.9
61,2.033333333333333,0.57107234,0.31511033,-0.051560167,0.95,0.5851438,0.2437558,-0.057031505,0.95,0.58774143,0.26155087,0.08315353,0.95,0.5906397,0.37483403,-0.0573668,0.95,0.5736585,0.33911893,-0.017349953,0.95,0.52184504,0.32694006,-0.05065929,0.95,0.52159977,0.3821391,0.114142105,0.95,0.58818686,0.2620586,-0.018710319,0.95,0.50258917,0.25820842,0.090109326,0.95,0.5142399,0.3173484,-0.033214703,0.95,0.5224019,0.3168774,-0.05118823,0.95,0.62919945,0.4269384,0.10880084,0.95,0.46385297,0.30080336,-0.045559395,0.95,0.70606256,0.3542991,-0.04274518,0.95,0.47728723,0.45432013,0.16388018,0.95,0.71779376,0.5308705,-0.04210381,0.95,0.30724233,0.5277122,0.16113058,0.95,0.7169615,0.5301384,0.15450294,0.95,0.28713408,0.52665627,0.10922116,0.95,0.7197158,0.41858354,-0.0759126,0.95,0.52396375,0.53561443,0.16086492,0.95,0.71115506,0.34880137,0.06918323,0.95,0.24025315,0.5316099,0.084506266,0.95,0.6223464,0.5833474,0.06615458,0.95,0.42119524,0.564964,0.042578924,0.95,0.614639,0.69492114,0.093119875,0.95,0.5110864,0.6897219,0.03941387,0.95,0.6408926,0.8043607,0.33043596,0.95,0.50547254,0.8023272,0.321982,0.95,0.4305933,0.7108414,0.32265732,0.95,0.581678,0.8051286,0.30226758,0.95,0.6111364,0.8439335,0.06318239,0.95,0.44577935,0.85153884,-0.011346812,0.95,0.9,0.9,0.9,0.9,0.9,0.9,0.9,0.9,0.9,0.9,0.9,0.9,0.9,0.9,0.9,0.9,0.9,0.9,0.9,0.9,0.9,0.9,0.9,0.9,0.9,0.9,0.9,0.9,0.9,0.9,0.9,0.9,0.9
62,2.066666666666667,0.5710897,0.3150309,-0.051573884,0.95,0.5851458,0.24375391,-0.057039663,0.95,0.5877319,0.26161754,0.08316762,0.95,0.5906331,0.3748122,-0.057372946,0.95,0.57365227,0.33914915,-0.01731147,0.95,0.52182084,0.32699072,-0.050678134,0.95,0.5215897,0.38215423,0.11414532,0.95,0.58819884,0.26213658,-0.018654581,0.95,0.50261456,0.25819656,0.09007779,0.95,0.51423,0.3173772,-0.033210017,0.95,0.5224227,0.31689012,-0.05120141,0.95,0.62919855,0.42695418,0.10883005,0.95,0.46368474,0.30080867,-0.04553968,0.95,0.7060569,0.35430345,-0.042762153,0.95,0.47725016,0.4543184,0.16392295,0.95,0.71779007,0.53090435,-0.042197492,0.95,0.30741894,0.52773786,0.16116141,0.95,0.71694064,0.5301989,0.15443633,0.95,0.28703266,0.52668744,0.10915106,0.95,0.7197311,0.41855016,-0.07587568,0.95,0.52404493,0.53559214,0.16085903,0.95,0.71110404,0.34883362,0.06913757,0.95,0.24027634,0.53161556,0.08447709,0.95,0.622351,0.5833494,0.06614837,0.95,0.42135397,0.564956,0.04253916,0.95,0.61467266,0.6949212,0.093119584,0.95,0.5111201,0.68972325,0.039380528,0.95,0.6408843,0.8043594,0.3304341,0.95,0.50548023,0.8023208,0.3220705,0.95,0.43056428,0.7108695,0.32261506,0.95,0.5816429,0.80511093,0.30213422,0.95,0.6111814,0.84394944,0.06322839,0.95,0.44581988,0.851541,-0.011392231,0.95,0.9,0.9,0.9,0.9,0.9,0.9,0.9,0.9,0.9,0.9,0.9,0.9,0.9,0.9,0.9,0.9,0.9,0.9,0.9,0.9,0.9,0.9,0.9,0.9,0.9,0.9,0.9,0.9,0.9,0.9,0.9,0.9,0.9
63,2.1,0.57110447,0.31495252,-0.05158795,0.95,0.5851488,0.24374387,-0.057047613,0.95,0.58772117,0.2616685,0.08318541,0.95,0.5906279,0.3747871,-0.057378504,0.95,0.5736469,0.33917633,-0.017277388,0.95,0.5218092,0.32703656,-0.05069732,0.95,0.52158964,0.38216692,0.11414664,0.95,0.5882115,0.26220366,-0.018611833,0.95,0.5026286,0.25819018,0.09004678,0.95,0.5142316,0.3174069,-0.03320267,0.95,0.52243453,0.31689793,-0.051215008,0.95,0.62920016,0.42696637,0.10885397,0.95,0.46353638,0.30081287,-0.04552662,0.95,0.70605356,0.35431072,-0.04277467,0.95,0.47722176,0.45431513,0.16395807,0.95,0.7177898,0.53093785,-0.04229478,0.95,0.3075838,0.52776456,0.16118424,0.95,0.7169274,0.53025836,0.1543767,0.95,0.28693733,0.52671313,0.10909259,0.95,0.7197469,0.4185287,-0.07584319,0.95,0.5241243,0.5355713,0.16085158,0.95,0.7110606,0.34886026,0.069110416,0.95,0.24029751,0.5316214,0.08443217,0.95,0.6223549,0.5833513,0.0661421,0.95,0.4214973,0.5649488,0.042503584,0.95,0.61470646,0.6949215,0.093120545,0.95,0.5111588,0.68972534,0.03935279,0.95,0.6408755,0.80435854,0.33044037,0.95,0.5054876,0.80231476,0.32215193,0.95,0.43053412,0.71089214,0.32258606,0.95,0.58160716,0.8050956,0.3020141,0.95,0.6112214,0.8439629,0.06327783,0.95,0.4458488,0.85154283,-0.0114318235,0.95,0.9,0.9,0.9,0.9,0.9,0.9,0.9,0.9,0.9,0.9,0.9,0.9,0.9,0.9,0.9,0.9,0.9,0.9,0.9,0.9,0.9,0.9,0.9,0.9,0.9,0.9,0.9,0.9,0.9,0.9,0.9,0.9,0.9
64,2.1333333333333333,0.57111686,0.3148758,-0.05160222,0.95,0.5851526,0.24372722,-0.05705536,0.95,0.5877096,0.26170567,0.08320588,0.95,0.590624,0.37475964,-0.057383504,0.95,0.5736424,0.33920047,-0.017247649,0.95,0.52180827,0.32707787,-0.050716728,0.95,0.52159774,0.38217765,0.11414631,0.95,0.5882246,0.2622609,-0.018580507,0.95,0.5026331,0.25818872,0.090016566,0.95,0.51424277,0.31743714,-0.03319326,0.95,0.5224388,0.3169017,-0.05122883,0.95,0.6292039,0.4269755,0.108873285,0.95,0.46340626,0.30081606,-0.04551937,0.95,0.7060521,0.35432032,-0.04278305,0.95,0.47720087,0.4543105,0.16398627,0.95,0.7177925,0.5309706,-0.04239438,0.95,0.30773622,0.527792,0.1612002,0.95,0.71692085,0.53031623,0.15432316,0.95,0.28684795,0.5267339,0.10904428,0.95,0.7197629,0.41851783,-0.075814955,0.95,0.5242012,0.53555185,0.16084291,0.95,0.71102387,0.34888175,0.06909906,0.95,0.24031673,0.53162736,0.08437482,0.95,0.62235826,0.583353,0.066135764,0.95,0.4216258,0.5649423,0.04247198,0.95,0.61473995,0.6949219,0.0931224,0.95,0.5112015,0.68972784,0.039330117,0.95,0.64086664,0.80435807,0.33045322,0.95,0.505495,0.8023093,0.32222658,0.95,0.43050355,0.7109098,0.32256836,0.95,0.5815711,0.80508214,0.30190653,0.95,0.61125666,0.84397423,0.06332978,0.95,0.44586703,0.8515444,-0.011466081,0.95,0.9,0.9,0.9,0.9,0.9,0.9,0.9,0.9,0.9,0.9,0.9,0.9,0.9,0.9,0.9,0.9,0.9,0.9,0.9,0.9,0.9,0.9,0.9,0.9,0.9,0.9,0.9,0.9,0.9,0.9,0.9,0.9,0.9
65,2.1666666666666665,0.57112724,0.31480134,-0.05161651,0.95,0.58515716,0.24370535,-0.057062835,0.95,0.5876975,0.2617309,0.083228074,0.95,0.59062123,0.37473068,-0.05738801,0.95,0.57363856,0.33922154,-0.017222071,0.95,0.521816,0.32711476,-0.05073612,0.95,0.52161247,0.38218656,0.114144616,0.95,0.58823794,0.2623093,-0.018559065,0.95,0.50262934,0.25819147,0.08998746,0.95,0.5142618,0.31746766,-0.033182338,0.95,0.5224369,0.3169022,-0.051242657,0.95,0.6292094,0.426982,0.10888859,0.95,0.46329275,0.30081844,-0.04551707,0.95,0.7060522,0.35433182,-0.042787768,0.95,0.47718653,0.45430484,0.16400827,0.95,0.7177978,0.5310023,-0.0424948,0.95,0.30787554,0.5278197,0.1612103,0.95,0.7169199,0.5303719,0.15427506,0.95,0.28676426,0.5267501,0.109004766,0.95,0.71977895,0.41851622,-0.075790666,0.95,0.52427506,0.5355336,0.16083334,0.95,0.7109934,0.3488985,0.06910111,0.95,0.24033412,0.5316333,0.08430795,0.95,0.6223611,0.5833545,0.06612934,0.95,0.42174026,0.5649366,0.042444136,0.95,0.61477274,0.69492245,0.09312487,0.95,0.5112469,0.6897308,0.039311998,0.95,0.6408577,0.80435795,0.33047116,0.95,0.5055024,0.80230427,0.32229474,0.95,0.4304733,0.7109228,0.32255998,0.95,0.5815353,0.80507046,0.30181104,0.95,0.6112876,0.8439836,0.06338326,0.95,0.44587567,0.85154575,-0.011495645,0.95,0.9,0.9,0.9,0.9,0.9,0.9,0.9,0.9,0.9,0.9,0.9,0.9,0.9,0.9,0.9,0.9,0.9,0.9,0.9,0.9,0.9,0.9,0.9,0.9,0.9,0.9,0.9,0.9,0.9,0.9,0.9,0.9,0.9
66,2.2,0.57113576,0.31472954,-0.051630687,0.95,0.5851621,0.24367942,-0.05707003,0.95,0.58768505,0.26174593,0.08325127,0.95,0.5906195,0.37470087,-0.057392057,0.95,0.57363534,0.33923978,-0.017200423,0.95,0.521831,0.3271476,-0.050755344,0.95,0.5216325,0.382194,0.11414177,0.95,0.5882513,0.26234978,-0.018546082,0.95,0.50261885,0.25819784,0.089959644,0.95,0.51428723,0.3174982,-0.03317038,0.95,0.5224299,0.31690004,-0.051256366,0.95,0.6292163,0.42698625,0.10890036,0.95,0.46319437,0.30082005,-0.045519013,0.95,0.70605356,0.35434482,-0.042789154,0.95,0.47717786,0.45429823,0.16402471,0.95,0.71780527,0.53103286,-0.042595085,0.95,0.30800176,0.5278473,0.16121536,0.95,0.71692365,0.5304251,0.15423176,0.95,0.28668606,0.52676237,0.10897286,0.95,0.7197948,0.4185225,-0.07577007,0.95,0.52434546,0.5355165,0.16082317,0.95,0.7109684,0.34891096,0.06911428,0.95,0.24034986,0.53163916,0.084234126,0.95,0.6223636,0.5833557,0.06612279,0.95,0.4218416,0.5649315,0.042419773,0.95,0.61480457,0.69492316,0.093127735,0.95,0.51129425,0.6897341,0.03929796,0.95,0.6408489,0.8043581,0.33049303,0.95,0.50550985,0.80229974,0.32235673,0.95,0.43044394,0.7109318,0.3225595,0.95,0.5814999,0.8050603,0.30172664,0.95,0.6113144,0.84399134,0.06343742,0.95,0.4458757,0.8515469,-0.01152088,0.95,0.9,0.9,0.9,0.9,0.9,0.9,0.9,0.9,0.9,0.9,0.9,0.9,0.9,0.9,0.9,0.9,0.9,0.9,0.9,0.9,0.9,0.9,0.9,0.9,0.9,0.9,0.9,0.9,0.9,0.9,0.9,0.9,0.9
67,2.2333333333333334,0.5711426,0.31466082,-0.05164462,0.95,0.58516747,0.24365047,-0.05707691,0.95,0.58767253,0.26175228,0.08327491,0.95,0.59061867,0.37467074,-0.057395663,0.95,0.5736328,0.33925515,-0.017182408,0.95,0.5218516,0.32717654,-0.05077426,0.95,0.5216566,0.3822002,0.114138015,0.95,0.58826447,0.26238325,-0.018540308,0.95,0.5026028,0.25820726,0.08993325,0.95,0.5143175,0.31752846,-0.03315775,0.95,0.52241874,0.31689575,-0.0512698,0.95,0.6292243,0.4269886,0.10890909,0.95,0.46310964,0.30082107,-0.045524504,0.95,0.70605594,0.35435897,-0.042787746,0.95,0.477174,0.45429084,0.16403626,0.95,0.71781445,0.5310621,-0.042694043,0.95,0.30811507,0.5278746,0.16121615,0.95,0.7169314,0.53047544,0.15419278,0.95,0.28661314,0.52677107,0.10894758,0.95,0.71981037,0.4185355,-0.07575288,0.95,0.5244122,0.5355004,0.1608126,0.95,0.7109482,0.34891963,0.069136545,0.95,0.24036404,0.5316449,0.08415552,0.95,0.6223657,0.5833568,0.066116184,0.95,0.42193052,0.56492704,0.04239861,0.95,0.6148352,0.6949239,0.093130834,0.95,0.51134247,0.6897376,0.03928757,0.95,0.64084023,0.8043586,0.3305179,0.95,0.5055175,0.8022957,0.32241285,0.95,0.4304158,0.710937,0.32256535,0.95,0.58146524,0.80505157,0.3016528,0.95,0.6113374,0.84399754,0.06349152,0.95,0.4458681,0.85154784,-0.011542316,0.95,0.9,0.9,0.9,0.9,0.9,0.9,0.9,0.9,0.9,0.9,0.9,0.9,0.9,0.9,0.9,0.9,0.9,0.9,0.9,0.9,0.9,0.9,0.9,0.9,0.9,0.9,0.9,0.9,0.9,0.9,0.9,0.9,0.9
68,2.2666666666666666,0.57114804,0.31459546,-0.05165824,0.95,0.58517295,0.24361944,-0.057083458,0.95,0.58766,0.26175132,0.08329848,0.95,0.59061867,0.37464082,-0.05739889,0.95,0.57363063,0.33926797,-0.017167775,0.95,0.52187663,0.3272018,-0.050792716,0.95,0.5216837,0.38220528,0.114133514,0.95,0.5882774,0.26241046,-0.018540576,0.95,0.50258243,0.25821918,0.08990837,0.95,0.51435167,0.31755823,-0.033144735,0.95,0.52240443,0.31688973,-0.051282838,0.95,0.6292331,0.42698938,0.108915225,0.95,0.46303728,0.30082154,-0.04553288,0.95,0.7060591,0.3543739,-0.042783827,0.95,0.47717407,0.45428282,0.16404349,0.95,0.71782506,0.53108996,-0.042790916,0.95,0.30821577,0.5279012,0.16121337,0.95,0.71694237,0.5305229,0.15415774,0.95,0.2865453,0.5267767,0.10892792,0.95,0.71982545,0.4185541,-0.075738855,0.95,0.52447504,0.5354853,0.16080189,0.95,0.7109324,0.34892493,0.06916615,0.95,0.24037677,0.53165036,0.08407415,0.95,0.6223675,0.5833577,0.06610954,0.95,0.42200807,0.5649232,0.042380426,0.95,0.6148645,0.6949247,0.09313401,0.95,0.51139104,0.68974125,0.03928038,0.95,0.6408319,0.8043593,0.33054483,0.95,0.50552505,0.80229205,0.32246345,0.95,0.43038929,0.7109391,0.3225763,0.95,0.5814317,0.80504405,0.30158857,0.95,0.61135703,0.8440025,0.06354493,0.95,0.4458539,0.8515486,-0.011560376,0.95,0.9,0.9,0.9,0.9,0.9,0.9,0.9,0.9,0.9,0.9,0.9,0.9,0.9,0.9,0.9,0.9,0.9,0.9,0.9,0.9,0.9,0.9,0.9,0.9,0.9,0.9,0.9,0.9,0.9,0.9,0.9,0.9,0.9
69,2.3,0.57115215,0.3145336,-0.051671397,0.95,0.5851786,0.2435871,-0.05708965,0.95,0.5876477,0.26174432,0.083321646,0.95,0.5906193,0.3746115,-0.05740175,0.95,0.57362896,0.3392783,-0.01715614,0.95,0.52190495,0.3272237,-0.05081062,0.95,0.5217129,0.38220942,0.11412846,0.95,0.58828986,0.26243222,-0.018545803,0.95,0.5025586,0.25823313,0.08988504,0.95,0.51438856,0.31758723,-0.033131637,0.95,0.5223877,0.31688237,-0.051295377,0.95,0.6292425,0.42698884,0.10891909,0.95,0.462976,0.30082157,-0.045543563,0.95,0.7060629,0.35438928,-0.04277779,0.95,0.47717738,0.4542743,0.16404699,0.95,0.71783674,0.53111625,-0.04288504,0.95,0.30830455,0.527927,0.16120763,0.95,0.7169558,0.5305672,0.15412627,0.95,0.2864823,0.52677965,0.10891314,0.95,0.71983993,0.4185772,-0.075727634,0.95,0.52453375,0.53547114,0.16079111,0.95,0.71092033,0.34892738,0.06920144,0.95,0.24038824,0.5316556,0.083991595,0.95,0.62236905,0.58335835,0.06610288,0.95,0.42207506,0.5649199,0.042364903,0.95,0.61489224,0.69492555,0.093137175,0.95,0.5114393,0.689745,0.039276015,0.95,0.64082384,0.80436015,0.33057308,0.95,0.5055327,0.8022889,0.32250896,0.95,0.4303645,0.71093845,0.32259122,0.95,0.5813994,0.8050376,0.30153322,0.95,0.6113735,0.8440063,0.06359706,0.95,0.445834,0.8515493,-0.011575433,0.95,0.9,0.9,0.9,0.9,0.9,0.9,0.9,0.9,0.9,0.9,0.9,0.9,0.9,0.9,0.9,0.9,0.9,0.9,0.9,0.9,0.9,0.9,0.9,0.9,0.9,0.9,0.9,0.9,0.9,0.9,0.9,0.9,0.9
70,2.3333333333333335,0.57115513,0.31447536,-0.051684033,0.95,0.5851843,0.2435541,-0.057095483,0.95,0.5876357,0.26173243,0.08334409,0.95,0.5906205,0.37458298,-0.05740427,0.95,0.57362765,0.33928645,-0.017147215,0.95,0.52193564,0.32724243,-0.050827816,0.95,0.5217434,0.38221273,0.11412303,0.95,0.5883019,0.26244915,-0.01855506,0.95,0.5025323,0.25824866,0.089863315,0.95,0.51442724,0.3176153,-0.033118673,0.95,0.5223693,0.31687397,-0.051307365,0.95,0.62925225,0.4269872,0.10892106,0.95,0.46292466,0.30082124,-0.045556072,0.95,0.7060671,0.3544049,-0.042770036,0.95,0.4771833,0.45426533,0.1640473,0.95,0.71784925,0.53114104,-0.042975586,0.95,0.30838197,0.5279517,0.16119951,0.95,0.71697116,0.5306084,0.15409794,0.95,0.28642398,0.5267803,0.10890253,0.95,0.71985376,0.41860384,-0.07571889,0.95,0.5245884,0.53545785,0.16078047,0.95,0.7109115,0.34892735,0.069241054,0.95,0.24039848,0.53166056,0.08390928,0.95,0.62237036,0.5833589,0.06609626,0.95,0.42213246,0.5649171,0.04235179,0.95,0.6149184,0.69492644,0.09314026,0.95,0.51148653,0.68974876,0.039274093,0.95,0.6408162,0.8043612,0.33060196,0.95,0.5055403,0.8022861,0.3225496,0.95,0.4303417,0.7109355,0.3226091,0.95,0.5813684,0.80503213,0.301486,0.95,0.6113872,0.8440091,0.06364746,0.95,0.44580936,0.8515499,-0.011587846,0.95,0.9,0.9,0.9,0.9,0.9,0.9,0.9,0.9,0.9,0.9,0.9,0.9,0.9,0.9,0.9,0.9,0.9,0.9,0.9,0.9,0.9,0.9,0.9,0.9,0.9,0.9,0.9,0.9,0.9,0.9,0.9,0.9,0.9
71,2.3666666666666667,0.5711571,0.31442088,-0.05169608,0.95,0.5851898,0.24352102,-0.057100944,0.95,0.5876241,0.26171663,0.083365604,0.95,0.59062225,0.37455565,-0.05740648,0.95,0.57362664,0.3392925,-0.01714068,0.95,0.52196777,0.3272583,-0.05084429,0.95,0.52177465,0.38221535,0.1141173,0.95,0.5883133,0.26246193,-0.018567488,0.95,0.5025043,0.2582653,0.08984317,0.95,0.514467,0.3176423,-0.03310599,0.95,0.52234983,0.31686482,-0.051318735,0.95,0.62926215,0.42698467,0.108921416,0.95,0.46288213,0.30082065,-0.04556993,0.95,0.70607156,0.3544205,-0.04276085,0.95,0.4771912,0.4542561,0.16404483,0.95,0.7178622,0.5311642,-0.043062273,0.95,0.30844876,0.5279753,0.16118951,0.95,0.7169879,0.53064644,0.15407264,0.95,0.28637013,0.5267792,0.10889542,0.95,0.7198668,0.4186332,-0.07571248,0.95,0.52463895,0.5354454,0.16077007,0.95,0.7109055,0.34892523,0.069283634,0.95,0.24040765,0.5316652,0.08382822,0.95,0.62237144,0.58335924,0.06608971,0.95,0.42218116,0.5649148,0.04234087,0.95,0.61494297,0.69492733,0.09314321,0.95,0.5115326,0.68975246,0.039274264,0.95,0.64080894,0.80436236,0.33063114,0.95,0.5055478,0.80228364,0.32258582,0.95,0.4303209,0.7109306,0.32262915,0.95,0.581339,0.8050275,0.30144602,0.95,0.61139834,0.84401107,0.06369574,0.95,0.44578084,0.8515504,-0.011597971,0.95,0.9,0.9,0.9,0.9,0.9,0.9,0.9,0.9,0.9,0.9,0.9,0.9,0.9,0.9,0.9,0.9,0.9,0.9,0.9,0.9,0.9,0.9,0.9,0.9,0.9,0.9,0.9,0.9,0.9,0.9,0.9,0.9,0.9
72,2.4,0.5711583,0.31437016,-0.051707495,0.95,0.58519524,0.2434883,-0.057106048,0.95,0.587613,0.26169783,0.08338605,0.95,0.5906244,0.37452957,-0.057408426,0.95,0.5736259,0.33929673,-0.017136237,0.95,0.52200073,0.32727152,-0.050859936,0.95,0.52180606,0.38221735,0.11411144,0.95,0.58832407,0.2624711,-0.018582366,0.95,0.50247526,0.25828272,0.08982456,0.95,0.51450706,0.31766805,-0.033093728,0.95,0.52232975,0.31685513,-0.05132944,0.95,0.629272,0.42698142,0.10892042,0.95,0.46284744,0.3008198,-0.04558475,0.95,0.7060762,0.35443592,-0.042750522,0.95,0.47720072,0.45424667,0.16404006,0.95,0.7178755,0.5311858,-0.04314464,0.95,0.30850574,0.5279976,0.16117802,0.95,0.7170056,0.5306814,0.15405,0.95,0.28632054,0.52677643,0.108891234,0.95,0.71987903,0.41866443,-0.075707994,0.95,0.52468556,0.5354337,0.16076002,0.95,0.7109019,0.34892142,0.069328144,0.95,0.24041589,0.5316695,0.08374943,0.95,0.6223723,0.5833595,0.0660833,0.95,0.422222,0.564913,0.042331867,0.95,0.61496586,0.69492817,0.093145944,0.95,0.5115769,0.6897561,0.039276227,0.95,0.6408021,0.8043636,0.33066002,0.95,0.5055553,0.80228156,0.32261792,0.95,0.43030208,0.71092415,0.32265073,0.95,0.5813112,0.8050236,0.30141273,0.95,0.6114073,0.8440123,0.063741684,0.95,0.44574913,0.8515508,-0.011606093,0.95,0.9,0.9,0.9,0.9,0.9,0.9,0.9,0.9,0.9,0.9,0.9,0.9,0.9,0.9,0.9,0.9,0.9,0.9,0.9,0.9,0.9,0.9,0.9,0.9,0.9,0.9,0.9,0.9,0.9,0.9,0.9,0.9,0.9
73,2.433333333333333,0.5711587,0.31432313,-0.05171826,0.95,0.5852005,0.24345636,-0.057110764,0.95,0.58760244,0.26167682,0.08340527,0.95,0.5906269,0.374505,-0.057410095,0.95,0.57362545,0.33929932,-0.017133577,0.95,0.5220338,0.32728237,-0.05087471,0.95,0.5218372,0.3822188,0.11410554,0.95,0.5883342,0.26247722,-0.018599026,0.95,0.5024457,0.25830066,0.08980748,0.95,0.51454693,0.31769243,-0.03308201,0.95,0.52230954,0.31684515,-0.05133947,0.95,0.6292817,0.4269776,0.10891834,0.95,0.46281964,0.30081883,-0.045600187,0.95,0.70608085,0.35445094,-0.042739347,0.95,0.4772112,0.4542371,0.16403343,0.95,0.71788883,0.53120583,-0.043222446,0.95,0.3085537,0.5280186,0.16116545,0.95,0.7170238,0.5307134,0.15402979,0.95,0.286275,0.5267725,0.10888947,0.95,0.7198904,0.41869694,-0.07570528,0.95,0.5247282,0.5354228,0.1607503,0.95,0.71090037,0.3489162,0.069373675,0.95,0.24042322,0.53167343,0.08367364,0.95,0.6223731,0.58335954,0.06607704,0.95,0.4222557,0.5649115,0.042324584,0.95,0.614987,0.694929,0.09314849,0.95,0.5116193,0.6897597,0.039279655,0.95,0.6407957,0.8043649,0.33068824,0.95,0.50556254,0.80227983,0.3226462,0.95,0.43028536,0.71091646,0.32267302,0.95,0.58128506,0.80502045,0.30138516,0.95,0.6114144,0.844013,0.06378499,0.95,0.44571513,0.8515512,-0.01161247,0.95,0.9,0.9,0.9,0.9,0.9,0.9,0.9,0.9,0.9,0.9,0.9,0.9,0.9,0.9,0.9,0.9,0.9,0.9,0.9,0.9,0.9,0.9,0.9,0.9,0.9,0.9,0.9,0.9,0.9,0.9,0.9,0.9,0.9
74,2.466666666666667,0.5711585,0.31427974,-0.051728327,0.95,0.58520555,0.2434255,-0.057115108,0.95,0.5875925,0.2616542,0.08342324,0.95,0.59062964,0.37448195,-0.057411525,0.95,0.5736252,0.33930048,-0.01713246,0.95,0.5220666,0.3272911,-0.05088859,0.95,0.5218675,0.38221982,0.11409965,0.95,0.5883437,0.2624807,-0.01861693,0.95,0.5024162,0.25831872,0.08979186,0.95,0.5145861,0.31771544,-0.033070885,0.95,0.5222896,0.316835,-0.051348776,0.95,0.6292911,0.42697337,0.1089154,0.95,0.46279788,0.30081767,-0.04561593,0.95,0.7060855,0.35446548,-0.042727575,0.95,0.47722247,0.45422754,0.16402529,0.95,0.7179021,0.53122437,-0.04329553,0.95,0.3085935,0.5280382,0.16115214,0.95,0.71704227,0.53074235,0.15401183,0.95,0.2862333,0.5267676,0.10888976,0.95,0.7199009,0.4187301,-0.07570403,0.95,0.5247671,0.5354126,0.16074105,0.95,0.71090037,0.34890994,0.06941939,0.95,0.24042977,0.53167695,0.083601356,0.95,0.62237376,0.5833595,0.06607099,0.95,0.42228308,0.5649104,0.04231879,0.95,0.61500657,0.69492984,0.09315082,0.95,0.5116595,0.689763,0.03928431,0.95,0.64078975,0.8043663,0.33071566,0.95,0.5055696,0.80227834,0.322671,0.95,0.43027058,0.7109078,0.32269564,0.95,0.5812607,0.8050178,0.3013629,0.95,0.6114197,0.8440131,0.063825555,0.95,0.4456794,0.8515515,-0.011617432,0.95,0.9,0.9,0.9,0.9,0.9,0.9,0.9,0.9,0.9,0.9,0.9,0.9,0.9,0.9,0.9,0.9,0.9,0.9,0.9,0.9,0.9,0.9,0.9,0.9,0.9,0.9,0.9,0.9,0.9,0.9,0.9,0.9,0.9
75,2.5,0.57115793,0.31423995,-0.051737692,0.95,0.5852103,0.24339594,-0.0571191,0.95,0.5875831,0.26163062,0.08343989,0.95,0.5906326,0.3744605,-0.057412755,0.95,0.5736251,0.33930033,-0.017132597,0.95,0.5220986,0.3272979,-0.050901525,0.95,0.52189696,0.38222042,0.1140939,0.95,0.58835244,0.26248208,-0.018635586,0.95,0.5023871,0.25833672,0.08977766,0.95,0.5146242,0.3177369,-0.033060454,0.95,0.52227,0.31682482,-0.051357374,0.95,0.62930024,0.42696887,0.10891175,0.95,0.4627814,0.30081645,-0.04563174,0.95,0.70609015,0.3544794,-0.042715378,0.95,0.4772341,0.45421803,0.16401593,0.95,0.7179152,0.5312414,-0.04336362,0.95,0.30862585,0.5280563,0.16113833,0.95,0.7170606,0.5307686,0.15399598,0.95,0.2861953,0.52676195,0.10889167,0.95,0.7199105,0.4187634,-0.075704016,0.95,0.5248023,0.5354031,0.16073228,0.95,0.71090186,0.34890285,0.069464594,0.95,0.2404356,0.5316802,0.0835331,0.95,0.6223743,0.58335936,0.0660651,0.95,0.4223049,0.56490964,0.042314302,0.95,0.6150245,0.6949306,0.09315294,0.95,0.5116975,0.6897662,0.039289936,0.95,0.6407842,0.80436766,0.33074194,0.95,0.5055764,0.80227715,0.32269254,0.95,0.43025765,0.7108986,0.32271814,0.95,0.581238,0.8050157,0.30134517,0.95,0.61142355,0.8440128,0.0638633,0.95,0.4456426,0.85155165,-0.011621068,0.95,0.9,0.9,0.9,0.9,0.9,0.9,0.9,0.9,0.9,0.9,0.9,0.9,0.9,0.9,0.9,0.9,0.9,0.9,0.9,0.9,0.9,0.9,0.9,0.9,0.9,0.9,0.9,0.9,0.9,0.9,0.9,0.9,0.9
76,2.533333333333333,0.57115686,0.31420353,-0.05174638,0.95,0.5852148,0.24336788,-0.05712276,0.95,0.5875744,0.2616066,0.08345521,0.95,0.5906357,0.37444067,-0.057413768,0.95,0.5736251,0.33929914,-0.017133804,0.95,0.5221296,0.32730305,-0.050913587,0.95,0.5219252,0.3822207,0.1140883,0.95,0.5883605,0.26248154,-0.018654596,0.95,0.50235873,0.25835449,0.0897648,0.95,0.51466084,0.31775683,-0.03305071,0.95,0.5222512,0.31681475,-0.05136528,0.95,0.6293089,0.42696416,0.10890761,0.95,0.46276942,0.30081517,-0.0456474,0.95,0.70609456,0.35449263,-0.042703032,0.95,0.4772458,0.45420864,0.1640057,0.95,0.7179279,0.531257,-0.043427,0.95,0.3086517,0.5280731,0.1611243,0.95,0.7170786,0.5307922,0.153982,0.95,0.2861607,0.5267558,0.10889491,0.95,0.71991926,0.41879636,-0.07570516,0.95,0.52483416,0.53539425,0.16072403,0.95,0.7109044,0.3488952,0.06950881,0.95,0.24044085,0.5316831,0.08346908,0.95,0.6223747,0.5833592,0.066059515,0.95,0.42232177,0.56490916,0.042310942,0.95,0.61504084,0.6949314,0.09315482,0.95,0.5117329,0.68976927,0.039296318,0.95,0.64077914,0.80436903,0.33076695,0.95,0.5055828,0.80227613,0.3227113,0.95,0.43024653,0.7108889,0.32274017,0.95,0.58121705,0.805014,0.3013315,0.95,0.6114262,0.84401214,0.06389815,0.95,0.4456052,0.8515519,-0.011623691,0.95,0.9,0.9,0.9,0.9,0.9,0.9,0.9,0.9,0.9,0.9,0.9,0.9,0.9,0.9,0.9,0.9,0.9,0.9,0.9,0.9,0.9,0.9,0.9,0.9,0.9,0.9,0.9,0.9,0.9,0.9,0.9,0.9,0.9
77,2.566666666666667,0.5711554,0.31417045,-0.05175436,0.95,0.58521897,0.24334149,-0.057126082,0.95,0.5875664,0.26158246,0.083469234,0.95,0.5906389,0.37442246,-0.057414617,0.95,0.57362527,0.339297,-0.01713586,0.95,0.5221593,0.32730675,-0.05092472,0.95,0.52195203,0.3822207,0.114082955,0.95,0.5883678,0.26247957,-0.018673591,0.95,0.50233144,0.2583718,0.08975318,0.95,0.5146958,0.31777528,-0.033041656,0.95,0.52223325,0.31680495,-0.0513725,0.95,0.62931705,0.42695934,0.10890309,0.95,0.4627613,0.30081385,-0.045662712,0.95,0.7060988,0.3545051,-0.042690635,0.95,0.47725737,0.45419943,0.16399486,0.95,0.7179401,0.53127116,-0.04348545,0.95,0.3086717,0.5280884,0.16111025,0.95,0.71709615,0.5308132,0.1539697,0.95,0.28612936,0.52674925,0.10889914,0.95,0.71992713,0.4188287,-0.07570713,0.95,0.5248626,0.535386,0.16071628,0.95,0.7109078,0.34888715,0.06955153,0.95,0.2404455,0.53168565,0.08340948,0.95,0.6223751,0.5833589,0.06605415,0.95,0.42233434,0.5649089,0.042308547,0.95,0.6150557,0.6949321,0.09315647,0.95,0.5117659,0.6897721,0.039303277,0.95,0.64077455,0.8043704,0.33079064,0.95,0.5055889,0.80227536,0.32272735,0.95,0.4302371,0.71087897,0.32276157,0.95,0.58119774,0.8050127,0.3013213,0.95,0.61142766,0.8440112,0.063930154,0.95,0.44556773,0.851552,-0.0116254045,0.95,0.9,0.9,0.9,0.9,0.9,0.9,0.9,0.9,0.9,0.9,0.9,0.9,0.9,0.9,0.9,0.9,0.9,0.9,0.9,0.9,0.9,0.9,0.9,0.9,0.9,0.9,0.9,0.9,0.9,0.9,0.9,0.9,0.9
78,2.6,0.5711538,0.31414047,-0.051761646,0.95,0.58522284,0.24331678,-0.057129078,0.95,0.587559,0.26155865,0.08348195,0.95,0.5906421,0.37440586,-0.057415303,0.95,0.5736255,0.3392941,-0.017138546,0.95,0.5221874,0.3273092,-0.050934955,0.95,0.5219773,0.38222045,0.11407783,0.95,0.58837456,0.26247644,-0.018692318,0.95,0.5023053,0.25838852,0.089742765,0.95,0.514729,0.3177922,-0.033033364,0.95,0.5222163,0.31679547,-0.051379032,0.95,0.62932473,0.42695448,0.10889834,0.95,0.4627565,0.30081257,-0.04567756,0.95,0.70610285,0.35451677,-0.042678334,0.95,0.4772687,0.45419046,0.16398361,0.95,0.7179518,0.5312841,-0.043539155,0.95,0.30868652,0.5281024,0.16109644,0.95,0.7171131,0.5308319,0.15395908,0.95,0.2861011,0.5267426,0.10890417,0.95,0.7199342,0.41886005,-0.07570977,0.95,0.5248881,0.5353784,0.1607091,0.95,0.7109118,0.34887895,0.06959238,0.95,0.24044965,0.5316879,0.08335435,0.95,0.62237537,0.5833586,0.06604909,0.95,0.42234313,0.564909,0.04230697,0.95,0.6150691,0.69493276,0.093157925,0.95,0.51179636,0.68977475,0.039310608,0.95,0.6407703,0.8043717,0.33081284,0.95,0.5055947,0.8022748,0.32274103,0.95,0.43022922,0.710869,0.32278195,0.95,0.5811801,0.80501175,0.30131403,0.95,0.6114284,0.84401,0.06395936,0.95,0.4455306,0.8515522,-0.011626425,0.95,0.9,0.9,0.9,0.9,0.9,0.9,0.9,0.9,0.9,0.9,0.9,0.9,0.9,0.9,0.9,0.9,0.9,0.9,0.9,0.9,0.9,0.9,0.9,0.9,0.9,0.9,0.9,0.9,0.9,0.9,0.9,0.9,0.9
79,2.6333333333333333,0.57115203,0.31411347,-0.051768262,0.95,0.5852265,0.24329385,-0.057131782,0.95,0.5875522,0.26153538,0.083493404,0.95,0.5906453,0.3743908,-0.057415854,0.95,0.57362586,0.3392906,-0.017141772,0.95,0.5222139,0.32731053,-0.0509443,0.95,0.5220011,0.38222,0.114073016,0.95,0.5883806,0.2624724,-0.018710535,0.95,0.50228065,0.25840458,0.089733444,0.95,0.5147602,0.31780764,-0.033025786,0.95,0.52220047,0.31678635,-0.051384956,0.95,0.6293319,0.42694965,0.108893484,0.95,0.46275443,0.3008113,-0.045691837,0.95,0.70610666,0.3545277,-0.0426663,0.95,0.47727948,0.45418176,0.16397217,0.95,0.71796286,0.5312957,-0.043588247,0.95,0.30869687,0.52811503,0.16108291,0.95,0.7171291,0.5308483,0.15394983,0.95,0.28607565,0.5267358,0.10890972,0.95,0.7199405,0.4188903,-0.07571303,0.95,0.5249107,0.53537136,0.1607024,0.95,0.71091634,0.34887064,0.069631144,0.95,0.24045335,0.5316899,0.08330385,0.95,0.6223756,0.5833582,0.06604429,0.95,0.4223487,0.56490916,0.042306095,0.95,0.6150811,0.69493335,0.093159184,0.95,0.5118244,0.6897772,0.039318193,0.95,0.6407665,0.80437297,0.33083355,0.95,0.5056,0.8022744,0.32275262,0.95,0.43022278,0.7108592,0.32280123,0.95,0.5811641,0.805011,0.30130926,0.95,0.6114283,0.8440087,0.06398583,0.95,0.44549417,0.8515523,-0.011626835,0.95,0.9,0.9,0.9,0.9,0.9,0.9,0.9,0.9,0.9,0.9,0.9,0.9,0.9,0.9,0.9,0.9,0.9,0.9,0.9,0.9,0.9,0.9,0.9,0.9,0.9,0.9,0.9,0.9,0.9,0.9,0.9,0.9,0.9
80,2.6666666666666665,0.57115006,0.31408927,-0.051774252,0.95,0.58522975,0.24327269,-0.057134204,0.95,0.587546,0.2615129,0.08350366,0.95,0.5906485,0.37437725,-0.05741628,0.95,0.5736262,0.33928663,-0.017145364,0.95,0.5222386,0.32731098,-0.0509528,0.95,0.52202314,0.3822194,0.114068486,0.95,0.588386,0.26246765,-0.018728107,0.95,0.5022574,0.25841984,0.08972518,0.95,0.5147893,0.31782165,-0.033018924,0.95,0.52218574,0.31677768,-0.051390238,0.95,0.62933844,0.42694494,0.10888859,0.95,0.4627546,0.30081004,-0.04570542,0.95,0.7061102,0.35453776,-0.04265458,0.95,0.4772898,0.4541734,0.16396068,0.95,0.71797335,0.5313062,-0.04363284,0.95,0.30870333,0.5281264,0.16106981,0.95,0.71714437,0.5308628,0.15394178,0.95,0.28605282,0.5267291,0.10891561,0.95,0.719946,0.41891912,-0.07571671,0.95,0.52493054,0.53536487,0.16069628,0.95,0.71092117,0.3488624,0.069667615,0.95,0.24045667,0.53169155,0.08325781,0.95,0.6223758,0.5833578,0.066039816,0.95,0.42235154,0.5649096,0.042305764,0.95,0.6150918,0.6949339,0.09316026,0.95,0.51185,0.68977946,0.039325893,0.95,0.64076304,0.8043742,0.33085272,0.95,0.5056049,0.8022741,0.3227623,0.95,0.4302176,0.7108495,0.32281938,0.95,0.5811496,0.8050105,0.30130672,0.95,0.6114277,0.84400725,0.06400968,0.95,0.4454587,0.85155237,-0.011626738,0.95,0.9,0.9,0.9,0.9,0.9,0.9,0.9,0.9,0.9,0.9,0.9,0.9,0.9,0.9,0.9,0.9,0.9,0.9,0.9,0.9,0.9,0.9,0.9,0.9,0.9,0.9,0.9,0.9,0.9,0.9,0.9,0.9,0.9
81,2.7,0.57114804,0.31406766,-0.051779646,0.95,0.58523273,0.24325332,-0.057136364,0.95,0.5875404,0.2614914,0.08351278,0.95,0.59065163,0.37436512,-0.0574166,0.95,0.5736266,0.33928224,-0.01714922,0.95,0.52226156,0.32731065,-0.050960504,0.95,0.5220435,0.3822187,0.11406426,0.95,0.58839077,0.26246238,-0.0187448,0.95,0.5022358,0.2584343,0.08971787,0.95,0.51481634,0.3178343,-0.033012718,0.95,0.5221723,0.31676948,-0.05139496,0.95,0.62934446,0.42694035,0.108883716,0.95,0.46275666,0.30080882,-0.04571827,0.95,0.70611346,0.354547,-0.042643324,0.95,0.47729945,0.45416537,0.16394933,0.95,0.7179831,0.53131557,-0.04367313,0.95,0.30870643,0.5281366,0.16105728,0.95,0.7171587,0.5308753,0.15393505,0.95,0.28603244,0.52672255,0.10892174,0.95,0.71995085,0.41894647,-0.075720675,0.95,0.52494794,0.5353589,0.16069067,0.95,0.7109262,0.3488544,0.06970165,0.95,0.24045962,0.531693,0.08321607,0.95,0.62237597,0.5833574,0.06603561,0.95,0.42235202,0.56491005,0.042305917,0.95,0.61510134,0.6949344,0.09316114,0.95,0.5118732,0.6897815,0.039333574,0.95,0.64076,0.80437535,0.33087036,0.95,0.5056095,0.8022739,0.3227703,0.95,0.4302136,0.7108402,0.32283622,0.95,0.5811365,0.8050102,0.30130592,0.95,0.6114266,0.8440057,0.06403104,0.95,0.4454245,0.8515524,-0.011626291,0.95,0.9,0.9,0.9,0.9,0.9,0.9,0.9,0.9,0.9,0.9,0.9,0.9,0.9,0.9,0.9,0.9,0.9,0.9,0.9,0.9,0.9,0.9,0.9,0.9,0.9,0.9,0.9,0.9,0.9,0.9,0.9,0.9,0.9
82,2.7333333333333334,0.571146,0.31404847,-0.051784445,0.95,0.5852354,0.24323569,-0.057138264,0.95,0.5875354,0.26147097,0.08352079,0.95,0.5906546,0.37435436,-0.057416815,0.95,0.57362705,0.3392776,-0.017153205,0.95,0.52228266,0.3273097,-0.050967455,0.95,0.5220623,0.38221788,0.11406038,0.95,0.58839506,0.26245677,-0.018760622,0.95,0.50221574,0.25844786,0.089711435,0.95,0.51484126,0.31784558,-0.03300716,0.95,0.52215993,0.31676182,-0.05139914,0.95,0.62934995,0.4269359,0.108878985,0.95,0.46276018,0.30080768,-0.04573038,0.95,0.70611644,0.35455543,-0.042632498,0.95,0.47730848,0.4541577,0.1639382,0.95,0.7179923,0.5313239,-0.04370943,0.95,0.3087067,0.5281457,0.16104533,0.95,0.71717197,0.5308861,0.15392922,0.95,0.28601435,0.5267162,0.10892795,0.95,0.719955,0.41897225,-0.07572485,0.95,0.5249632,0.5353534,0.16068554,0.95,0.71093124,0.34884658,0.06973321,0.95,0.24046224,0.5316941,0.083178565,0.95,0.62237614,0.5833569,0.06603171,0.95,0.4223506,0.56491065,0.042306434,0.95,0.61510974,0.6949349,0.09316188,0.95,0.51189417,0.68978333,0.03934119,0.95,0.64075726,0.8043765,0.33088654,0.95,0.5056136,0.80227387,0.32277685,0.95,0.43021068,0.71083134,0.3228517,0.95,0.58112484,0.80501,0.30130658,0.95,0.61142516,0.84400415,0.06405004,0.95,0.44539168,0.8515525,-0.0116255535,0.95,0.9,0.9,0.9,0.9,0.9,0.9,0.9,0.9,0.9,0.9,0.9,0.9,0.9,0.9,0.9,0.9,0.9,0.9,0.9,0.9,0.9,0.9,0.9,0.9,0.9,0.9,0.9,0.9,0.9,0.9,0.9,0.9,0.9
83,2.7666666666666666,0.5711439,0.31403154,-0.05178872,0.95,0.58523786,0.24321976,-0.05713994,0.95,0.58753085,0.26145175,0.08352779,0.95,0.59065753,0.37434483,-0.057416942,0.95,0.5736275,0.33927277,-0.017157255,0.95,0.5223019,0.32730827,-0.050973676,0.95,0.52207935,0.38221696,0.114056796,0.95,0.58839875,0.26245102,-0.018775437,0.95,0.50219727,0.25846052,0.08970581,0.95,0.514864,0.31785563,-0.033002257,0.95,0.5221488,0.3167547,-0.0514028,0.95,0.6293549,0.4269317,0.108874395,0.95,0.46276483,0.30080658,-0.04574165,0.95,0.7061192,0.35456306,-0.0426222,0.95,0.47731677,0.45415044,0.16392742,0.95,0.7180007,0.5313313,-0.0437419,0.95,0.30870473,0.5281536,0.16103408,0.95,0.7171843,0.53089535,0.15392435,0.95,0.2859983,0.52671003,0.108934134,0.95,0.71995854,0.4189964,-0.075729154,0.95,0.52497625,0.5353484,0.16068086,0.95,0.7109363,0.34883913,0.069762245,0.95,0.2404646,0.53169507,0.08314511,0.95,0.6223762,0.5833565,0.06602809,0.95,0.42234755,0.56491137,0.042307246,0.95,0.6151171,0.6949353,0.09316249,0.95,0.51191294,0.68978494,0.03934862,0.95,0.6407549,0.8043775,0.33090127,0.95,0.5056174,0.8022739,0.32278204,0.95,0.43020865,0.7108229,0.32286593,0.95,0.5811145,0.80501,0.30130845,0.95,0.61142343,0.8440026,0.06406683,0.95,0.44536045,0.85155255,-0.0116246,0.95,0.9,0.9,0.9,0.9,0.9,0.9,0.9,0.9,0.9,0.9,0.9,0.9,0.9,0.9,0.9,0.9,0.9,0.9,0.9,0.9,0.9,0.9,0.9,0.9,0.9,0.9,0.9,0.9,0.9,0.9,0.9,0.9,0.9
84,2.8,0.5711419,0.3140167,-0.05179246,0.95,0.58524007,0.24320544,-0.057141416,0.95,0.58752686,0.2614338,0.083533846,0.95,0.59066033,0.37433648,-0.05741701,0.95,0.57362795,0.33926785,-0.017161282,0.95,0.52231944,0.32730642,-0.05097922,0.95,0.5220949,0.38221604,0.11405354,0.95,0.58840203,0.2624452,-0.01878921,0.95,0.5021804,0.25847226,0.08970092,0.95,0.5148848,0.31786454,-0.03299789,0.95,0.5221388,0.3167481,-0.05140601,0.95,0.6293593,0.42692772,0.10887005,0.95,0.4627703,0.3008056,-0.045752104,0.95,0.7061217,0.35456994,-0.042612478,0.95,0.4773243,0.45414358,0.16391703,0.95,0.7180085,0.5313378,-0.04377077,0.95,0.30870083,0.52816063,0.16102348,0.95,0.71719563,0.53090316,0.15392022,0.95,0.28598416,0.52670425,0.10894019,0.95,0.7199615,0.4190188,-0.075733475,0.95,0.52498746,0.5353438,0.16067664,0.95,0.71094126,0.34883204,0.06978875,0.95,0.24046668,0.53169584,0.08311543,0.95,0.6223763,0.583356,0.06602474,0.95,0.42234322,0.56491214,0.04230829,0.95,0.6151235,0.69493574,0.093162954,0.95,0.5119297,0.68978643,0.039355807,0.95,0.64075273,0.8043785,0.3309146,0.95,0.5056208,0.80227405,0.32278612,0.95,0.43020743,0.71081495,0.32287878,0.95,0.5811053,0.80501,0.30131125,0.95,0.6114215,0.84400105,0.06408152,0.95,0.4453309,0.85155255,-0.01162349,0.95,0.9,0.9,0.9,0.9,0.9,0.9,0.9,0.9,0.9,0.9,0.9,0.9,0.9,0.9,0.9,0.9,0.9,0.9,0.9,0.9,0.9,0.9,0.9,0.9,0.9,0.9,0.9,0.9,0.9,0.9,0.9,0.9,0.9
85,2.8333333333333335,0.57113993,0.3140037,-0.051795747,0.95,0.585242,0.24319264,-0.057142682,0.95,0.58752334,0.26141712,0.083539024,0.95,0.59066296,0.37432924,-0.057417024,0.95,0.57362837,0.3392629,-0.017165272,0.95,0.52233523,0.3273043,-0.05098412,0.95,0.5221089,0.38221508,0.11405056,0.95,0.58840483,0.26243937,-0.018801887,0.95,0.502165,0.25848314,0.08969669,0.95,0.5149036,0.31787232,-0.032994077,0.95,0.52212983,0.31674206,-0.05140879,0.95,0.62936324,0.42692393,0.10886593,0.95,0.46277642,0.30080462,-0.04576173,0.95,0.7061239,0.35457614,-0.04260335,0.95,0.47733107,0.45413715,0.16390717,0.95,0.7180156,0.5313435,-0.04379626,0.95,0.3086953,0.5281668,0.16101366,0.95,0.717206,0.53090966,0.15391695,0.95,0.2859717,0.52669877,0.10894605,0.95,0.719964,0.41903958,-0.07573777,0.95,0.524997,0.53533965,0.16067289,0.95,0.7109461,0.34882537,0.0698128,0.95,0.24046856,0.53169644,0.08308938,0.95,0.6223764,0.58335555,0.066021696,0.95,0.4223379,0.564913,0.042309485,0.95,0.61512905,0.6949361,0.09316332,0.95,0.5119445,0.6897877,0.039362717,0.95,0.6407509,0.8043794,0.33092654,0.95,0.5056239,0.80227417,0.32278922,0.95,0.4302069,0.71080756,0.32289034,0.95,0.58109725,0.8050102,0.30131474,0.95,0.61141944,0.8439995,0.06409434,0.95,0.44530302,0.8515526,-0.01162229,0.95,0.9,0.9,0.9,0.9,0.9,0.9,0.9,0.9,0.9,0.9,0.9,0.9,0.9,0.9,0.9,0.9,0.9,0.9,0.9,0.9,0.9,0.9,0.9,0.9,0.9,0.9,0.9,0.9,0.9,0.9,0.9,0.9,0.9
86,2.8666666666666667,0.571138,0.31399247,-0.051798593,0.95,0.5852437,0.24318133,-0.0571438,0.95,0.58752024,0.26140174,0.083543405,0.95,0.59066546,0.374323,-0.05741697,0.95,0.5736288,0.339258,-0.017169138,0.95,0.5223494,0.32730195,-0.05098848,0.95,0.5221215,0.3822141,0.1140479,0.95,0.5884072,0.2624337,-0.018813532,0.95,0.50215125,0.25849313,0.08969308,0.95,0.5149205,0.3178791,-0.032990783,0.95,0.52212197,0.31673655,-0.05141118,0.95,0.6293667,0.4269204,0.10886206,0.95,0.46278286,0.30080378,-0.045770597,0.95,0.70612586,0.35458165,-0.042594798,0.95,0.47733718,0.4541311,0.16389777,0.95,0.71802205,0.53134847,-0.043818753,0.95,0.3086886,0.528172,0.16100451,0.95,0.7172154,0.53091496,0.15391421,0.95,0.28596088,0.52669364,0.10895164,0.95,0.71996605,0.4190587,-0.075742014,0.95,0.525005,0.5353359,0.16066954,0.95,0.71095073,0.3488191,0.0698345,0.95,0.24047026,0.53169686,0.08306659,0.95,0.6223765,0.5833551,0.06601887,0.95,0.42233175,0.5649138,0.042310797,0.95,0.6151337,0.6949364,0.09316354,0.95,0.5119576,0.6897888,0.0393693,0.95,0.64074934,0.8043803,0.33093724,0.95,0.5056265,0.8022744,0.3227915,0.95,0.430207,0.71080065,0.32290068,0.95,0.58109015,0.8050103,0.3013188,0.95,0.6114174,0.843998,0.06410539,0.95,0.445277,0.8515526,-0.011621053,0.95,0.9,0.9,0.9,0.9,0.9,0.9,0.9,0.9,0.9,0.9,0.9,0.9,0.9,0.9,0.9,0.9,0.9,0.9,0.9,0.9,0.9,0.9,0.9,0.9,0.9,0.9,0.9,0.9,0.9,0.9,0.9,0.9,0.9
87,2.9,0.5711362,0.3139828,-0.051801074,0.95,0.5852452,0.24317138,-0.05714473,0.95,0.5875175,0.26138768,0.08354705,0.95,0.5906678,0.3743177,-0.057416882,0.95,0.5736292,0.3392532,-0.017172856,0.95,0.52236193,0.32729945,-0.050992243,0.95,0.52213264,0.38221318,0.114045516,0.95,0.5884092,0.26242822,-0.018824134,0.95,0.50213885,0.25850224,0.08969,0.95,0.51493555,0.31788498,-0.032987952,0.95,0.52211505,0.31673157,-0.051413186,0.95,0.62936974,0.42691717,0.10885848,0.95,0.4627896,0.30080298,-0.04577866,0.95,0.7061276,0.3545865,-0.04258687,0.95,0.47734264,0.45412546,0.16388896,0.95,0.71802795,0.53135276,-0.04383837,0.95,0.308681,0.5281765,0.16099615,0.95,0.7172239,0.5309193,0.15391208,0.95,0.28595147,0.5266889,0.10895694,0.95,0.71996766,0.4190762,-0.07574613,0.95,0.5250116,0.53533244,0.16066654,0.95,0.7109551,0.34881327,0.069853865,0.95,0.24047175,0.53169715,0.083046935,0.95,0.6223765,0.5833547,0.066016324,0.95,0.42232507,0.5649147,0.042312175,0.95,0.61513776,0.69493663,0.0931637,0.95,0.5119689,0.6897898,0.03937554,0.95,0.64074796,0.8043811,0.33094674,0.95,0.5056289,0.80227464,0.32279298,0.95,0.43020755,0.7107943,0.32290983,0.95,0.5810841,0.80501056,0.30132318,0.95,0.6114152,0.84399664,0.064114876,0.95,0.44525278,0.8515526,-0.011619794,0.95,0.9,0.9,0.9,0.9,0.9,0.9,0.9,0.9,0.9,0.9,0.9,0.9,0.9,0.9,0.9,0.9,0.9,0.9,0.9,0.9,0.9,0.9,0.9,0.9,0.9,0.9,0.9,0.9,0.9,0.9,0.9,0.9,0.9
88,2.933333333333333,0.57113445,0.31397456,-0.051803138,0.95,0.58524644,0.24316269,-0.057145543,0.95,0.5875152,0.26137486,0.08355002,0.95,0.59067,0.3743132,-0.057416756,0.95,0.5736296,0.33924848,-0.017176384,0.95,0.522373,0.32729688,-0.05099558,0.95,0.52214247,0.3822122,0.11404339,0.95,0.58841085,0.26242298,-0.018833715,0.95,0.5021278,0.2585105,0.089687414,0.95,0.51494896,0.31789,-0.03298553,0.95,0.5221091,0.3167271,-0.0514149,0.95,0.62937236,0.42691413,0.108855166,0.95,0.4627963,0.30080226,-0.04578596,0.95,0.70612913,0.3545908,-0.04257956,0.95,0.4773474,0.45412022,0.16388069,0.95,0.7180332,0.53135645,-0.043855358,0.95,0.3086727,0.5281803,0.16098851,0.95,0.7172316,0.53092265,0.15391034,0.95,0.28594327,0.52668446,0.108961895,0.95,0.719969,0.4190922,-0.07575012,0.95,0.525017,0.53532934,0.16066393,0.95,0.7109592,0.34880787,0.06987106,0.95,0.24047309,0.53169733,0.08303013,0.95,0.62237656,0.5833543,0.06601401,0.95,0.422318,0.5649156,0.04231359,0.95,0.61514115,0.6949369,0.09316376,0.95,0.51197875,0.6897906,0.039381396,0.95,0.6407468,0.8043818,0.33095515,0.95,0.50563097,0.8022749,0.32279396,0.95,0.43020856,0.7107886,0.32291788,0.95,0.5810788,0.8050108,0.30132776,0.95,0.6114132,0.8439953,0.06412287,0.95,0.44523036,0.85155267,-0.011618535,0.95,0.9,0.9,0.9,0.9,0.9,0.9,0.9,0.9,0.9,0.9,0.9,0.9,0.9,0.9,0.9,0.9,0.9,0.9,0.9,0.9,0.9,0.9,0.9,0.9,0.9,0.9,0.9,0.9,0.9,0.9,0.9,0.9,0.9
89,2.966666666666667,0.5711328,0.3139676,-0.051804904,0.95,0.5852476,0.2431552,-0.057146206,0.95,0.5875132,0.26136327,0.0835524,0.95,0.59067196,0.37430945,-0.057416607,0.95,0.57363,0.339244,-0.017179718,0.95,0.52238274,0.32729426,-0.050998427,0.95,0.5221511,0.38221127,0.11404153,0.95,0.5884122,0.262418,-0.018842299,0.95,0.5021181,0.258518,0.08968525,0.95,0.51496077,0.31789422,-0.03298351,0.95,0.52210397,0.3167231,-0.0514163,0.95,0.6293746,0.42691138,0.10885216,0.95,0.46280298,0.3008016,-0.04579256,0.95,0.7061305,0.3545945,-0.04257278,0.95,0.47735152,0.4541154,0.16387303,0.95,0.7180379,0.5313596,-0.043870006,0.95,0.308664,0.52818346,0.16098154,0.95,0.7172383,0.5309253,0.15390897,0.95,0.28593624,0.5266804,0.10896655,0.95,0.7199698,0.41910666,-0.07575386,0.95,0.5250213,0.53532654,0.16066162,0.95,0.710963,0.34880295,0.06988622,0.95,0.2404743,0.5316974,0.08301593,0.95,0.6223766,0.5833539,0.06601192,0.95,0.42231074,0.56491643,0.042315003,0.95,0.6151439,0.6949371,0.09316375,0.95,0.51198715,0.6897913,0.039386872,0.95,0.6407458,0.80438244,0.33096248,0.95,0.5056328,0.8022752,0.32279435,0.95,0.43020993,0.71078336,0.32292482,0.95,0.58107436,0.80501103,0.3013326,0.95,0.6114111,0.843994,0.0641296,0.95,0.44520974,0.85155267,-0.011617313,0.95,0.9,0.9,0.9,0.9,0.9,0.9,0.9,0.9,0.9,0.9,0.9,0.9,0.9,0.9,0.9,0.9,0.9,0.9,0.9,0.9,0.9,0.9,0.9,0.9,0.9,0.9,0.9,0.9,0.9,0.9,0.9,0.9,0.9
90,3.0,0.5711313,0.3139617,-0.05180637,0.95,0.58524853,0.24314879,-0.057146765,0.95,0.5875115,0.26135287,0.083554246,0.95,0.5906738,0.37430638,-0.057416443,0.95,0.57363033,0.33923966,-0.017182851,0.95,0.52239114,0.32729164,-0.051000886,0.95,0.5221587,0.38221043,0.11403989,0.95,0.5884133,0.26241332,-0.018849954,0.95,0.5021096,0.25852475,0.08968346,0.95,0.51497114,0.31789777,-0.032981806,0.95,0.5220996,0.31671956,-0.051417455,0.95,0.62937653,0.42690885,0.10884944,0.95,0.46280947,0.300801,-0.04579847,0.95,0.70613164,0.35459775,-0.04256662,0.95,0.4773551,0.4541109,0.16386594,0.95,0.71804214,0.53136224,-0.043882515,0.95,0.308655,0.52818614,0.1609752,0.95,0.7172443,0.5309272,0.15390806,0.95,0.2859302,0.5266767,0.108970806,0.95,0.7199705,0.41911975,-0.07575744,0.95,0.52502465,0.53532404,0.1606596,0.95,0.7109665,0.34879845,0.06989946,0.95,0.24047537,0.53169733,0.08300409,0.95,0.6223767,0.5833535,0.06601003,0.95,0.42230335,0.5649173,0.042316396,0.95,0.61514616,0.6949373,0.093163684,0.95,0.51199436,0.6897919,0.039391972,0.95,0.64074504,0.80438304,0.3309689,0.95,0.5056343,0.8022755,0.3227944,0.95,0.43021157,0.71077865,0.32293075,0.95,0.58107054,0.80501133,0.30133733,0.95,0.6114091,0.8439928,0.06413513,0.95,0.4451908,0.85155267,-0.011616166,0.95,0.9,0.9,0.9,0.9,0.9,0.9,0.9,0.9,0.9,0.9,0.9,0.9,0.9,0.9,0.9,0.9,0.9,0.9,0.9,0.9,0.9,0.9,0.9,0.9,0.9,0.9,0.9,0.9,0.9,0.9,0.9,0.9,0.9
91,3.033333333333333,0.57112986,0.3139569,-0.051807586,0.95,0.58524936,0.24314332,-0.057147227,0.95,0.58751005,0.26134357,0.08355562,0.95,0.59067553,0.3743039,-0.057416257,0.95,0.57363063,0.3392355,-0.017185735,0.95,0.52239835,0.32728907,-0.05100297,0.95,0.5221652,0.38220957,0.11403846,0.95,0.58841413,0.26240894,-0.018856734,0.95,0.5021022,0.25853074,0.08968201,0.95,0.5149801,0.31790072,-0.032980442,0.95,0.52209604,0.31671646,-0.051418394,0.95,0.62937814,0.4269066,0.108847,0.95,0.46281573,0.3008005,-0.04580373,0.95,0.7061326,0.35460052,-0.042560965,0.95,0.47735807,0.45410678,0.16385941,0.95,0.71804583,0.53136444,-0.043893125,0.95,0.308646,0.5281882,0.16096956,0.95,0.7172496,0.5309285,0.15390736,0.95,0.28592503,0.5266734,0.1089747,0.95,0.71997094,0.41913146,-0.07576082,0.95,0.5250272,0.5353218,0.1606579,0.95,0.7109698,0.34879434,0.06991093,0.95,0.24047633,0.5316973,0.082994364,0.95,0.62237674,0.5833531,0.06600833,0.95,0.422296,0.56491816,0.04231775,0.95,0.615148,0.6949374,0.093163565,0.95,0.51200044,0.6897924,0.039396677,0.95,0.6407444,0.8043836,0.3309743,0.95,0.5056356,0.8022758,0.32279414,0.95,0.43021342,0.7107745,0.32293588,0.95,0.58106744,0.8050116,0.30134204,0.95,0.6114073,0.84399176,0.064139575,0.95,0.44517353,0.85155267,-0.011615078,0.95,0.9,0.9,0.9,0.9,0.9,0.9,0.9,0.9,0.9,0.9,0.9,0.9,0.9,0.9,0.9,0.9,0.9,0.9,0.9,0.9,0.9,0.9,0.9,0.9,0.9,0.9,0.9,0.9,0.9,0.9,0.9,0.9,0.9
92,3.066666666666667,0.5711286,0.3139529,-0.051808547,0.95,0.58525,0.24313876,-0.057147592,0.95,0.58750886,0.2613353,0.083556585,0.95,0.5906771,0.37430194,-0.057416063,0.95,0.5736309,0.33923167,-0.017188443,0.95,0.52240443,0.32728657,-0.051004767,0.95,0.52217066,0.38220876,0.11403724,0.95,0.5884148,0.26240492,-0.018862654,0.95,0.5020958,0.2585361,0.08968085,0.95,0.5149878,0.3179031,-0.03297934,0.95,0.52209306,0.31671378,-0.0514191,0.95,0.6293795,0.4269045,0.108844824,0.95,0.46282166,0.30080006,-0.045808386,0.95,0.70613337,0.35460284,-0.04255584,0.95,0.47736067,0.45410302,0.16385345,0.95,0.7180491,0.5313662,-0.043901946,0.95,0.3086369,0.52818996,0.16096455,0.95,0.71725416,0.53092927,0.15390688,0.95,0.28592065,0.5266704,0.10897821,0.95,0.7199711,0.41914192,-0.07576392,0.95,0.5250291,0.53531975,0.16065641,0.95,0.7109727,0.34879068,0.06992074,0.95,0.24047722,0.5316971,0.082986504,0.95,0.62237674,0.5833528,0.06600683,0.95,0.42228872,0.56491894,0.042319037,0.95,0.61514944,0.6949376,0.0931634,0.95,0.51200545,0.6897928,0.039401002,0.95,0.64074385,0.80438405,0.330979,0.95,0.50563675,0.8022761,0.32279354,0.95,0.43021542,0.7107707,0.3229401,0.95,0.5810649,0.8050118,0.30134666,0.95,0.61140555,0.84399074,0.06414319,0.95,0.4451579,0.85155267,-0.011614057,0.95,0.9,0.9,0.9,0.9,0.9,0.9,0.9,0.9,0.9,0.9,0.9,0.9,0.9,0.9,0.9,0.9,0.9,0.9,0.9,0.9,0.9,0.9,0.9,0.9,0.9,0.9,0.9,0.9,0.9,0.9,0.9,0.9,0.9
93,3.1,0.57112736,0.31394973,-0.051809307,0.95,0.58525056,0.24313499,-0.057147883,0.95,0.5875079,0.26132807,0.08355716,0.95,0.59067845,0.37430045,-0.057415877,0.95,0.5736312,0.33922797,-0.017190883,0.95,0.5224096,0.32728416,-0.05100625,0.95,0.5221754,0.38220802,0.11403618,0.95,0.5884152,0.26240125,-0.018867817,0.95,0.50209033,0.25854084,0.089679934,0.95,0.51499444,0.317905,-0.032978475,0.95,0.5220907,0.31671143,-0.05141966,0.95,0.6293805,0.42690268,0.10884292,0.95,0.46282724,0.30079967,-0.0458125,0.95,0.7061341,0.35460484,-0.042551175,0.95,0.47736272,0.45409957,0.163848,0.95,0.7180519,0.5313677,-0.043909278,0.95,0.3086281,0.52819127,0.16096008,0.95,0.7172581,0.5309296,0.1539066,0.95,0.28591695,0.52666765,0.10898139,0.95,0.7199711,0.41915122,-0.07576687,0.95,0.5250304,0.5353179,0.16065516,0.95,0.71097535,0.3487874,0.06992906,0.95,0.24047801,0.5316969,0.08298041,0.95,0.6223768,0.58335245,0.06600548,0.95,0.42228165,0.56491977,0.042320263,0.95,0.6151506,0.69493765,0.0931632,0.95,0.5120095,0.6897931,0.03940496,0.95,0.64074343,0.8043845,0.33098295,0.95,0.50563765,0.8022764,0.32279277,0.95,0.43021747,0.7107675,0.3229435,0.95,0.58106273,0.80501205,0.3013511,0.95,0.61140394,0.84398985,0.064145975,0.95,0.44514373,0.85155267,-0.011613126,0.95,0.9,0.9,0.9,0.9,0.9,0.9,0.9,0.9,0.9,0.9,0.9,0.9,0.9,0.9,0.9,0.9,0.9,0.9,0.9,0.9,0.9,0.9,0.9,0.9,0.9,0.9,0.9,0.9,0.9,0.9,0.9,0.9,0.9
94,3.1333333333333333,0.5711263,0.3139472,-0.05180988,0.95,0.585251,0.24313195,-0.0571481,0.95,0.5875071,0.26132175,0.08355745,0.95,0.59067976,0.37429932,-0.057415675,0.95,0.5736314,0.33922458,-0.017193137,0.95,0.5224138,0.32728186,-0.051007457,0.95,0.5221793,0.38220733,0.11403531,0.95,0.5884155,0.26239792,-0.018872257,0.95,0.5020858,0.25854498,0.08967924,0.95,0.515,0.31790647,-0.03297779,0.95,0.5220888,0.31670943,-0.051420063,0.95,0.6293814,0.42690104,0.10884124,0.95,0.4628324,0.30079934,-0.045816083,0.95,0.70613456,0.35460648,-0.04254707,0.95,0.4773644,0.4540964,0.16384308,0.95,0.7180544,0.5313689,-0.043915298,0.95,0.3086195,0.5281922,0.16095616,0.95,0.7172615,0.5309296,0.1539065,0.95,0.28591385,0.5266653,0.1089842,0.95,0.719971,0.4191594,-0.075769536,0.95,0.5250311,0.5353163,0.1606541,0.95,0.71097773,0.34878445,0.069936015,0.95,0.24047872,0.5316967,0.08297578,0.95,0.62237686,0.58335215,0.06600428,0.95,0.42227483,0.56492054,0.042321417,0.95,0.61515135,0.69493777,0.09316297,0.95,0.5120128,0.68979335,0.03940856,0.95,0.64074314,0.8043849,0.3309862,0.95,0.5056384,0.8022767,0.32279187,0.95,0.4302197,0.7107646,0.3229463,0.95,0.58106107,0.80501235,0.30135533,0.95,0.61140245,0.843989,0.06414802,0.95,0.44513103,0.85155267,-0.011612306,0.95,0.9,0.9,0.9,0.9,0.9,0.9,0.9,0.9,0.9,0.9,0.9,0.9,0.9,0.9,0.9,0.9,0.9,0.9,0.9,0.9,0.9,0.9,0.9,0.9,0.9,0.9,0.9,0.9,0.9,0.9,0.9,0.9,0.9
95,3.1666666666666665,0.57112527,0.3139453,-0.051810298,0.95,0.58525133,0.24312954,-0.05714827,0.95,0.5875065,0.26131627,0.08355748,0.95,0.5906809,0.37429857,-0.05741548,0.95,0.57363164,0.33922145,-0.01719516,0.95,0.52241725,0.3272797,-0.051008478,0.95,0.5221825,0.3822067,0.114034556,0.95,0.5884156,0.26239485,-0.018876053,0.95,0.50208193,0.25854865,0.08967871,0.95,0.51500463,0.3179076,-0.032977343,0.95,0.52208745,0.31670776,-0.05142034,0.95,0.629382,0.42689958,0.1088398,0.95,0.4628372,0.30079904,-0.045819197,0.95,0.706135,0.35460785,-0.042543337,0.95,0.47736567,0.45409355,0.16383867,0.95,0.71805656,0.5313698,-0.04392008,0.95,0.30861124,0.528193,0.16095272,0.95,0.71726435,0.5309293,0.15390652,0.95,0.2859113,0.5266631,0.10898671,0.95,0.71997076,0.41916662,-0.07577198,0.95,0.5250314,0.5353148,0.16065326,0.95,0.7109799,0.34878185,0.069941744,0.95,0.24047936,0.53169644,0.08297245,0.95,0.62237686,0.58335185,0.0660032,0.95,0.4222683,0.56492126,0.04232248,0.95,0.6151519,0.6949378,0.09316271,0.95,0.5120154,0.6897935,0.03941182,0.95,0.64074296,0.80438524,0.33098882,0.95,0.50563914,0.8022769,0.32279086,0.95,0.4302219,0.71076214,0.3229485,0.95,0.58105975,0.8050125,0.3013592,0.95,0.6114011,0.8439883,0.06414947,0.95,0.44511968,0.85155267,-0.011611561,0.95,0.9,0.9,0.9,0.9,0.9,0.9,0.9,0.9,0.9,0.9,0.9,0.9,0.9,0.9,0.9,0.9,0.9,0.9,0.9,0.9,0.9,0.9,0.9,0.9,0.9,0.9,0.9,0.9,0.9,0.9,0.9,0.9,0.9
96,3.2,0.57112443,0.31394386,-0.05181059,0.95,0.5852516,0.24312767,-0.057148382,0.95,0.58750606,0.26131156,0.08355728,0.95,0.5906819,0.3742981,-0.057415303,0.95,0.5736318,0.33921853,-0.01719697,0.95,0.5224199,0.3272776,-0.051009275,0.95,0.522185,0.3822061,0.114033945,0.95,0.5884156,0.26239216,-0.018879239,0.95,0.50207883,0.25855178,0.08967836,0.95,0.51500845,0.3179084,-0.032977015,0.95,0.52208644,0.31670633,-0.051420495,0.95,0.6293825,0.42689833,0.10883857,0.95,0.46284154,0.3007988,-0.045821857,0.95,0.70613533,0.35460895,-0.042540014,0.95,0.4773666,0.45409095,0.1638347,0.95,0.71805835,0.5313706,-0.043923806,0.95,0.3086033,0.5281934,0.16094974,0.95,0.71726674,0.5309288,0.15390657,0.95,0.28590915,0.5266613,0.10898888,0.95,0.7199704,0.41917294,-0.07577423,0.95,0.5250314,0.5353135,0.16065256,0.95,0.71098167,0.3487796,0.069946386,0.95,0.24047993,0.53169614,0.08297028,0.95,0.6223769,0.5833516,0.06600227,0.95,0.4222621,0.5649219,0.04232346,0.95,0.61515224,0.6949379,0.093162425,0.95,0.5120173,0.68979365,0.039414752,0.95,0.6407428,0.80438554,0.330991,0.95,0.5056396,0.8022772,0.3227898,0.95,0.4302241,0.71076006,0.3229501,0.95,0.5810588,0.8050127,0.3013629,0.95,0.6113998,0.84398764,0.06415041,0.95,0.44510958,0.8515527,-0.011610906,0.95,0.9,0.9,0.9,0.9,0.9,0.9,0.9,0.9,0.9,0.9,0.9,0.9,0.9,0.9,0.9,0.9,0.9,0.9,0.9,0.9,0.9,0.9,0.9,0.9,0.9,0.9,0.9,0.9,0.9,0.9,0.9,0.9,0.9
97,3.2333333333333334,0.57112366,0.31394285,-0.05181076,0.95,0.5852518,0.24312632,-0.057148464,0.95,0.5875057,0.26130757,0.08355689,0.95,0.59068274,0.37429786,-0.05741511,0.95,0.57363194,0.33921584,-0.017198617,0.95,0.522422,0.32727566,-0.05100993,0.95,0.5221871,0.38220558,0.11403344,0.95,0.58841556,0.26238975,-0.018881857,0.95,0.5020763,0.25855452,0.08967812,0.95,0.51501155,0.3179089,-0.032976836,0.95,0.5220858,0.31670517,-0.051420584,0.95,0.62938285,0.42689723,0.10883755,0.95,0.46284547,0.30079862,-0.04582415,0.95,0.7061355,0.35460982,-0.042537056,0.95,0.47736728,0.45408863,0.16383117,0.95,0.7180599,0.53137106,-0.04392672,0.95,0.30859578,0.52819365,0.16094719,0.95,0.7172687,0.530928,0.15390667,0.95,0.2859074,0.52665967,0.108990744,0.95,0.71997,0.4191784,-0.07577626,0.95,0.525031,0.53531235,0.16065201,0.95,0.71098334,0.3487776,0.06995002,0.95,0.2404805,0.5316959,0.082969025,0.95,0.622377,0.5833513,0.06600147,0.95,0.42225623,0.5649226,0.042324357,0.95,0.6151524,0.69493794,0.09316214,0.95,0.5120188,0.68979377,0.03941739,0.95,0.6407427,0.80438584,0.33099276,0.95,0.50564,0.80227745,0.32278875,0.95,0.43022627,0.71075827,0.3229513,0.95,0.5810581,0.8050129,0.30136636,0.95,0.61139876,0.8439871,0.06415093,0.95,0.44510064,0.8515527,-0.011610339,0.95,0.9,0.9,0.9,0.9,0.9,0.9,0.9,0.9,0.9,0.9,0.9,0.9,0.9,0.9,0.9,0.9,0.9,0.9,0.9,0.9,0.9,0.9,0.9,0.9,0.9,0.9,0.9,0.9,0.9,0.9,0.9,0.9,0.9
98,3.2666666666666666,0.57112294,0.31394222,-0.051810842,0.95,0.5852519,0.24312535,-0.0571485,0.95,0.58750546,0.26130423,0.08355633,0.95,0.5906836,0.37429783,-0.05741493,0.95,0.57363206,0.33921343,-0.017200055,0.95,0.5224235,0.32727388,-0.051010445,0.95,0.52218866,0.38220507,0.11403306,0.95,0.58841544,0.26238766,-0.018884022,0.95,0.50207436,0.2585568,0.08967799,0.95,0.51501405,0.31790918,-0.03297676,0.95,0.5220855,0.31670424,-0.051420577,0.95,0.629383,0.42689627,0.108836696,0.95,0.462849,0.30079845,-0.045826074,0.95,0.7061357,0.35461047,-0.042534478,0.95,0.4773677,0.4540865,0.16382803,0.95,0.71806115,0.5313714,-0.043928813,0.95,0.30858877,0.5281938,0.16094507,0.95,0.7172703,0.5309271,0.15390687,0.95,0.28590593,0.52665824,0.10899233,0.95,0.7199695,0.41918314,-0.075778075,0.95,0.52503043,0.53531134,0.16065158,0.95,0.7109847,0.3487759,0.06995281,0.95,0.24048096,0.53169554,0.082968615,0.95,0.62237704,0.58335114,0.066000745,0.95,0.42225078,0.56492317,0.04232516,0.95,0.6151524,0.694938,0.093161836,0.95,0.51201975,0.68979377,0.03941973,0.95,0.64074266,0.8043861,0.33099398,0.95,0.50564027,0.8022777,0.3227876,0.95,0.4302284,0.71075684,0.322952,0.95,0.5810576,0.80501306,0.3013694,0.95,0.6113978,0.84398663,0.06415106,0.95,0.44509277,0.8515527,-0.011609877,0.95,0.9,0.9,0.9,0.9,0.9,0.9,0.9,0.9,0.9,0.9,0.9,0.9,0.9,0.9,0.9,0.9,0.9,0.9,0.9,0.9,0.9,0.9,0.9,0.9,0.9,0.9,0.9,0.9,0.9,0.9,0.9,0.9,0.9
99,3.3,0.57112235,0.31394187,-0.051810827,0.95,0.58525205,0.24312477,-0.057148516,0.95,0.5875053,0.26130143,0.083555706,0.95,0.59068424,0.37429795,-0.05741476,0.95,0.5736322,0.3392112,-0.017201329,0.95,0.5224245,0.3272722,-0.05101084,0.95,0.52218974,0.38220462,0.114032745,0.95,0.5884152,0.26238582,-0.018885732,0.95,0.50207293,0.2585588,0.08967796,0.95,0.51501596,0.31790927,-0.03297679,0.95,0.52208537,0.3167035,-0.051420517,0.95,0.6293831,0.42689544,0.10883605,0.95,0.4628521,0.30079833,-0.045827676,0.95,0.70613575,0.35461098,-0.042532235,0.95,0.47736788,0.4540846,0.16382529,0.95,0.7180622,0.53137165,-0.04393031,0.95,0.3085822,0.5281937,0.16094323,0.95,0.71727157,0.5309261,0.15390709,0.95,0.28590477,0.52665704,0.10899366,0.95,0.719969,0.4191872,-0.07577973,0.95,0.52502966,0.5353104,0.16065125,0.95,0.7109859,0.34877446,0.06995484,0.95,0.24048142,0.53169525,0.08296894,0.95,0.62237704,0.5833509,0.06600011,0.95,0.4222457,0.5649237,0.04232588,0.95,0.6151523,0.694938,0.09316152,0.95,0.51202035,0.68979377,0.039421804,0.95,0.6407427,0.8043863,0.33099493,0.95,0.50564045,0.8022779,0.32278654,0.95,0.4302305,0.7107556,0.32295236,0.95,0.58105737,0.8050132,0.30137235,0.95,0.6113969,0.8439862,0.06415086,0.95,0.44508588,0.8515527,-0.011609475,0.95,0.9,0.9,0.9,0.9,0.9,0.9,0.9,0.9,0.9,0.9,0.9,0.9,0.9,0.9,0.9,0.9,0.9,0.9,0.9,0.9,0.9,0.9,0.9,0.9,0.9,0.9,0.9,0.9,0.9,0.9,0.9,0.9,0.9
100,3.3333333333333335,0.5711218,0.31394178,-0.05181073,0.95,0.58525205,0.24312449,-0.0571485,0.95,0.5875052,0.2612992,0.08355493,0.95,0.59068483,0.37429821,-0.057414602,0.95,0.5736323,0.33920923,-0.017202439,0.95,0.5224251,0.32727066,-0.051011093,0.95,0.5221906,0.38220426,0.11403251,0.95,0.5884149,0.2623842,-0.018887077,0.95,0.50207186,0.25856042,0.08967799,0.95,0.5150174,0.3179092,-0.032976903,0.95,0.52208555,0.31670293,-0.051420398,0.95,0.62938315,0.42689475,0.10883548,0.95,0.46285483,0.30079824,-0.045828994,0.95,0.7061358,0.35461134,-0.042530254,0.95,0.47736794,0.4540829,0.16382287,0.95,0.71806306,0.5313718,-0.04393125,0.95,0.30857614,0.52819353,0.16094172,0.95,0.7172725,0.53092504,0.15390728,0.95,0.28590378,0.52665603,0.10899476,0.95,0.7199685,0.41919062,-0.075781174,0.95,0.52502877,0.53530955,0.16065103,0.95,0.71098685,0.34877318,0.0699562,0.95,0.24048181,0.53169495,0.082969785,0.95,0.6223771,0.5833507,0.06599955,0.95,0.422241,0.56492424,0.042326532,0.95,0.6151521,0.694938,0.09316123,0.95,0.51202065,0.68979377,0.03942365,0.95,0.6407428,0.8043865,0.33099556,0.95,0.5056406,0.8022781,0.32278553,0.95,0.43023247,0.71075463,0.3229524,0.95,0.58105725,0.8050133,0.3013749,0.95,0.6113962,0.84398586,0.064150475,0.95,0.4450799,0.8515527,-0.01160914,0.95,0.9,0.9,0.9,0.9,0.9,0.9,0.9,0.9,0.9,0.9,0.9,0.9,0.9,0.9,0.9,0.9,0.9,0.9,0.9,0.9,0.9,0.9,0.9,0.9,0.9,0.9,0.9,0.9,0.9,0.9,0.9,0.9,0.9
101,3.3666666666666667,0.57112134,0.31394187,-0.051810633,0.95,0.5852521,0.24312447,-0.05714847,0.95,0.58750516,0.26129737,0.08355412,0.95,0.59068537,0.3742986,-0.057414453,0.95,0.57363236,0.3392074,-0.0172034,0.95,0.5224254,0.32726926,-0.051011264,0.95,0.522191,0.3822039,0.11403235,0.95,0.58841467,0.2623829,-0.018888086,0.95,0.50207114,0.2585618,0.089678064,0.95,0.5150184,0.317909,-0.032977045,0.95,0.5220859,0.31670249,-0.05142025,0.95,0.629383,0.4268942,0.10883509,0.95,0.46285716,0.30079818,-0.045830067,0.95,0.70613575,0.35461158,-0.042528555,0.95,0.47736776,0.4540814,0.16382079,0.95,0.7180638,0.5313718,-0.043931726,0.95,0.30857044,0.52819324,0.16094051,0.95,0.71727324,0.53092396,0.15390746,0.95,0.28590298,0.52665514,0.10899565,0.95,0.7199679,0.4191935,-0.07578244,0.95,0.52502775,0.5353089,0.16065086,0.95,0.7109877,0.3487722,0.06995701,0.95,0.24048218,0.53169465,0.08297115,0.95,0.62237716,0.58335054,0.06599909,0.95,0.42223665,0.5649247,0.042327087,0.95,0.61515194,0.69493806,0.09316092,0.95,0.51202065,0.6897937,0.039425254,0.95,0.64074284,0.8043867,0.33099592,0.95,0.50564075,0.8022783,0.3227845,0.95,0.4302344,0.71075386,0.3229522,0.95,0.5810573,0.8050134,0.30137724,0.95,0.61139554,0.84398556,0.064149864,0.95,0.44507474,0.8515528,-0.011608894,0.95,0.9,0.9,0.9,0.9,0.9,0.9,0.9,0.9,0.9,0.9,0.9,0.9,0.9,0.9,0.9,0.9,0.9,0.9,0.9,0.9,0.9,0.9,0.9,0.9,0.9,0.9,0.9,0.9,0.9,0.9,0.9,0.9,0.9
102,3.4,0.571121,0.31394213,-0.051810447,0.95,0.58525205,0.24312465,-0.057148427,0.95,0.5875052,0.26129597,0.08355325,0.95,0.59068584,0.37429905,-0.057414297,0.95,0.5736324,0.33920583,-0.017204246,0.95,0.5224253,0.32726797,-0.05101137,0.95,0.52219117,0.3822036,0.114032246,0.95,0.5884143,0.26238176,-0.018888768,0.95,0.5020708,0.2585629,0.089678176,0.95,0.51501906,0.3179087,-0.032977268,0.95,0.5220864,0.31670222,-0.05142007,0.95,0.62938285,0.4268937,0.1088348,0.95,0.46285915,0.30079812,-0.04583093,0.95,0.7061357,0.3546117,-0.042527102,0.95,0.47736755,0.45408002,0.163819,0.95,0.7180643,0.5313718,-0.043931793,0.95,0.30856535,0.5281929,0.16093953,0.95,0.7172737,0.53092283,0.1539077,0.95,0.28590235,0.5266544,0.10899636,0.95,0.71996737,0.41919592,-0.07578359,0.95,0.52502674,0.5353082,0.1606508,0.95,0.71098834,0.34877133,0.06995732,0.95,0.24048252,0.5316943,0.082972825,0.95,0.62237716,0.58335036,0.065998696,0.95,0.4222327,0.56492513,0.04232758,0.95,0.6151516,0.69493806,0.09316063,0.95,0.5120204,0.68979365,0.03942665,0.95,0.64074296,0.8043868,0.33099607,0.95,0.5056408,0.80227846,0.3227836,0.95,0.43023616,0.7107533,0.32295176,0.95,0.58105737,0.80501354,0.3013793,0.95,0.61139506,0.8439853,0.06414912,0.95,0.44507033,0.8515528,-0.011608693,0.95,0.9,0.9,0.9,0.9,0.9,0.9,0.9,0.9,0.9,0.9,0.9,0.9,0.9,0.9,0.9,0.9,0.9,0.9,0.9,0.9,0.9,0.9,0.9,0.9,0.9,0.9,0.9,0.9,0.9,0.9,0.9,0.9,0.9
103,3.433333333333333,0.5711206,0.3139425,-0.051810253,0.95,0.585252,0.243125,-0.057148375,0.95,0.5875053,0.26129493,0.083552346,0.95,0.5906862,0.37429956,-0.057414185,0.95,0.5736324,0.33920443,-0.017204953,0.95,0.52242506,0.3272668,-0.05101143,0.95,0.52219105,0.3822033,0.11403219,0.95,0.58841395,0.26238084,-0.018889245,0.95,0.50207067,0.2585638,0.08967832,0.95,0.5150195,0.31790835,-0.03297752,0.95,0.522087,0.316702,-0.051419877,0.95,0.62938267,0.42689332,0.10883461,0.95,0.46286085,0.30079812,-0.04583158,0.95,0.70613563,0.35461172,-0.042525843,0.95,0.47736716,0.45407882,0.16381744,0.95,0.7180647,0.53137165,-0.043931592,0.95,0.30856064,0.5281925,0.16093875,0.95,0.717274,0.5309217,0.15390788,0.95,0.2859018,0.5266538,0.108996846,0.95,0.7199668,0.41919795,-0.07578457,0.95,0.52502567,0.53530765,0.1606508,0.95,0.7109889,0.34877065,0.069957264,0.95,0.24048282,0.53169405,0.08297481,0.95,0.6223772,0.58335024,0.06599833,0.95,0.4222291,0.56492555,0.042328,0.95,0.6151512,0.69493806,0.093160324,0.95,0.51202005,0.6897936,0.039427865,0.95,0.6407431,0.8043869,0.33099607,0.95,0.5056408,0.80227864,0.32278275,0.95,0.43023786,0.7107529,0.32295117,0.95,0.5810576,0.8050136,0.30138108,0.95,0.61139464,0.8439851,0.06414826,0.95,0.44506657,0.8515528,-0.011608581,0.95,0.9,0.9,0.9,0.9,0.9,0.9,0.9,0.9,0.9,0.9,0.9,0.9,0.9,0.9,0.9,0.9,0.9,0.9,0.9,0.9,0.9,0.9,0.9,0.9,0.9,0.9,0.9,0.9,0.9,0.9,0.9,0.9,0.9
104,3.466666666666667,0.5711203,0.31394294,-0.051810022,0.95,0.5852519,0.24312548,-0.057148315,0.95,0.5875054,0.2612942,0.08355146,0.95,0.5906865,0.3743001,-0.057414073,0.95,0.5736324,0.33920318,-0.017205557,0.95,0.5224245,0.32726574,-0.051011458,0.95,0.52219087,0.38220307,0.11403216,0.95,0.58841354,0.26238006,-0.018889457,0.95,0.5020707,0.2585645,0.08967849,0.95,0.5150196,0.31790793,-0.03297779,0.95,0.5220877,0.31670192,-0.05141966,0.95,0.62938243,0.42689303,0.10883452,0.95,0.46286225,0.30079812,-0.04583208,0.95,0.70613545,0.35461172,-0.0425248,0.95,0.47736672,0.45407772,0.16381615,0.95,0.718065,0.5313715,-0.043931205,0.95,0.30855644,0.5281921,0.1609382,0.95,0.7172742,0.53092057,0.15390809,0.95,0.2859014,0.52665335,0.108997226,0.95,0.71996623,0.41919953,-0.07578542,0.95,0.5250246,0.5353071,0.16065083,0.95,0.7109893,0.3487701,0.069956824,0.95,0.24048313,0.53169376,0.082977034,0.95,0.6223773,0.58335006,0.065998025,0.95,0.42222586,0.56492597,0.04232836,0.95,0.61515087,0.69493806,0.09316003,0.95,0.5120195,0.68979347,0.039428912,0.95,0.6407432,0.80438703,0.33099583,0.95,0.50564086,0.80227876,0.32278198,0.95,0.4302395,0.7107526,0.32295042,0.95,0.5810579,0.80501366,0.3013826,0.95,0.6113943,0.84398496,0.06414728,0.95,0.4450634,0.8515528,-0.011608499,0.95,0.9,0.9,0.9,0.9,0.9,0.9,0.9,0.9,0.9,0.9,0.9,0.9,0.9,0.9,0.9,0.9,0.9,0.9,0.9,0.9,0.9,0.9,0.9,0.9,0.9,0.9,0.9,0.9,0.9,0.9,0.9,0.9,0.9
105,3.5,0.5711201,0.31394348,-0.05180979,0.95,0.58525187,0.24312608,-0.057148248,0.95,0.5875055,0.26129368,0.08355056,0.95,0.5906868,0.37430066,-0.057413954,0.95,0.5736325,0.33920214,-0.017206023,0.95,0.52242386,0.32726476,-0.051011436,0.95,0.52219045,0.38220286,0.11403219,0.95,0.5884132,0.26237947,-0.018889505,0.95,0.502071,0.25856504,0.08967867,0.95,0.51501954,0.31790742,-0.032978065,0.95,0.5220884,0.31670192,-0.05141943,0.95,0.6293822,0.4268928,0.10883451,0.95,0.4628634,0.30079812,-0.04583243,0.95,0.70613533,0.3546116,-0.0425239,0.95,0.4773662,0.45407677,0.16381504,0.95,0.71806526,0.5313713,-0.043930564,0.95,0.30855262,0.5281917,0.16093779,0.95,0.7172742,0.53091943,0.15390816,0.95,0.285901,0.526653,0.108997464,0.95,0.71996576,0.41920084,-0.075786166,0.95,0.5250235,0.53530663,0.16065088,0.95,0.71098953,0.3487697,0.06995616,0.95,0.2404834,0.5316935,0.08297937,0.95,0.62237734,0.58334994,0.06599777,0.95,0.4222229,0.5649263,0.04232866,0.95,0.6151505,0.69493806,0.09315975,0.95,0.5120189,0.68979335,0.039429795,0.95,0.6407433,0.8043871,0.33099553,0.95,0.50564086,0.8022789,0.3227813,0.95,0.43024096,0.7107525,0.32294956,0.95,0.5810582,0.8050137,0.301384,0.95,0.61139405,0.84398484,0.0641463,0.95,0.44506076,0.85155284,-0.011608477,0.95,0.9,0.9,0.9,0.9,0.9,0.9,0.9,0.9,0.9,0.9,0.9,0.9,0.9,0.9,0.9,0.9,0.9,0.9,0.9,0.9,0.9,0.9,0.9,0.9,0.9,0.9,0.9,0.9,0.9,0.9,0.9,0.9,0.9
106,3.533333333333333,0.5711199,0.313944,-0.05180954,0.95,0.58525175,0.24312675,-0.057148173,0.95,0.58750564,0.26129344,0.08354968,0.95,0.59068704,0.37430125,-0.057413865,0.95,0.5736324,0.33920118,-0.017206455,0.95,0.522423,0.3272639,-0.051011384,0.95,0.52219,0.3822027,0.11403222,0.95,0.5884128,0.26237905,-0.018889382,0.95,0.50207144,0.25856543,0.08967885,0.95,0.5150193,0.31790695,-0.03297835,0.95,0.52208924,0.31670195,-0.05141922,0.95,0.6293819,0.42689264,0.10883454,0.95,0.46286422,0.30079815,-0.04583266,0.95,0.70613515,0.35461152,-0.042523175,0.95,0.4773656,0.45407593,0.16381411,0.95,0.7180654,0.5313711,-0.04392984,0.95,0.30854923,0.5281912,0.16093755,0.95,0.71727407,0.53091836,0.15390831,0.95,0.2859007,0.5266527,0.10899756,0.95,0.7199652,0.41920188,-0.07578678,0.95,0.52502245,0.5353062,0.16065097,0.95,0.7109897,0.3487694,0.06995528,0.95,0.24048364,0.5316933,0.08298181,0.95,0.6223774,0.5833499,0.065997556,0.95,0.4222203,0.5649266,0.042328905,0.95,0.61515015,0.69493806,0.093159474,0.95,0.51201814,0.6897933,0.039430566,0.95,0.64074343,0.8043872,0.3309951,0.95,0.50564075,0.802279,0.32278067,0.95,0.4302424,0.7107524,0.32294866,0.95,0.58105856,0.8050138,0.30138513,0.95,0.61139387,0.8439847,0.06414528,0.95,0.44505858,0.85155284,-0.011608492,0.95,0.9,0.9,0.9,0.9,0.9,0.9,0.9,0.9,0.9,0.9,0.9,0.9,0.9,0.9,0.9,0.9,0.9,0.9,0.9,0.9,0.9,0.9,0.9,0.9,0.9,0.9,0.9,0.9,0.9,0.9,0.9,0.9,0.9
107,3.566666666666667,0.5711197,0.31394458,-0.051809277,0.95,0.5852516,0.24312748,-0.057148106,0.95,0.5875058,0.26129335,0.08354879,0.95,0.5906872,0.3743018,-0.057413768,0.95,0.5736324,0.33920035,-0.017206771,0.95,0.52242213,0.32726312,-0.05101131,0.95,0.5221894,0.38220257,0.114032276,0.95,0.58841246,0.26237872,-0.018889178,0.95,0.5020719,0.2585657,0.08967902,0.95,0.51501894,0.31790647,-0.032978654,0.95,0.52209,0.31670204,-0.051418997,0.95,0.6293816,0.42689252,0.108834654,0.95,0.46286488,0.30079818,-0.04583278,0.95,0.70613503,0.35461137,-0.0425226,0.95,0.47736505,0.45407516,0.16381338,0.95,0.71806544,0.5313709,-0.04392905,0.95,0.30854622,0.52819073,0.16093737,0.95,0.7172739,0.5309174,0.15390837,0.95,0.2859004,0.5266525,0.10899755,0.95,0.7199648,0.41920266,-0.0757873,0.95,0.5250215,0.53530586,0.1606511,0.95,0.71098983,0.3487692,0.06995421,0.95,0.24048385,0.53169304,0.08298427,0.95,0.6223774,0.58334976,0.06599736,0.95,0.42221797,0.5649269,0.04232909,0.95,0.6151498,0.694938,0.093159236,0.95,0.5120174,0.68979317,0.039431203,0.95,0.6407436,0.8043873,0.33099467,0.95,0.5056407,0.8022791,0.3227801,0.95,0.4302436,0.7107525,0.32294762,0.95,0.58105886,0.80501384,0.30138612,0.95,0.61139375,0.8439847,0.064144254,0.95,0.4450568,0.85155284,-0.011608551,0.95,0.9,0.9,0.9,0.9,0.9,0.9,0.9,0.9,0.9,0.9,0.9,0.9,0.9,0.9,0.9,0.9,0.9,0.9,0.9,0.9,0.9,0.9,0.9,0.9,0.9,0.9,0.9,0.9,0.9,0.9,0.9,0.9,0.9
108,3.6,0.5711196,0.31394517,-0.051809024,0.95,0.58525157,0.24312824,-0.05714804,0.95,0.58750594,0.2612934,0.08354798,0.95,0.59068733,0.37430236,-0.057413694,0.95,0.5736324,0.3391997,-0.017207025,0.95,0.5224212,0.32726243,-0.051011227,0.95,0.5221887,0.38220245,0.11403235,0.95,0.5884121,0.26237848,-0.018888865,0.95,0.5020726,0.25856584,0.0896792,0.95,0.5150185,0.31790596,-0.032978952,0.95,0.52209085,0.31670216,-0.05141879,0.95,0.62938136,0.42689243,0.108834796,0.95,0.46286535,0.3007982,-0.045832817,0.95,0.70613486,0.3546112,-0.04252211,0.95,0.4773644,0.45407447,0.16381277,0.95,0.71806544,0.5313707,-0.043928172,0.95,0.30854356,0.5281903,0.16093734,0.95,0.71727365,0.53091645,0.15390845,0.95,0.28590015,0.5266524,0.10899748,0.95,0.7199643,0.41920328,-0.075787716,0.95,0.52502054,0.53530556,0.16065124,0.95,0.71098983,0.34876907,0.069953024,0.95,0.24048407,0.5316928,0.08298675,0.95,0.62237746,0.5833497,0.06599719,0.95,0.4222159,0.56492716,0.042329244,0.95,0.61514944,0.694938,0.093159,0.95,0.51201665,0.6897931,0.039431725,0.95,0.64074373,0.80438733,0.33099413,0.95,0.50564075,0.8022792,0.3227796,0.95,0.4302448,0.7107526,0.3229466,0.95,0.5810593,0.8050139,0.30138692,0.95,0.6113937,0.84398466,0.06414326,0.95,0.4450554,0.8515529,-0.011608633,0.95,0.9,0.9,0.9,0.9,0.9,0.9,0.9,0.9,0.9,0.9,0.9,0.9,0.9,0.9,0.9,0.9,0.9,0.9,0.9,0.9,0.9,0.9,0.9,0.9,0.9,0.9,0.9,0.9,0.9,0.9,0.9,0.9,0.9
109,3.6333333333333333,0.57111955,0.31394574,-0.05180877,0.95,0.58525145,0.24312899,-0.057147972,0.95,0.5875061,0.26129362,0.08354718,0.95,0.59068745,0.37430292,-0.05741362,0.95,0.5736324,0.33919913,-0.017207237,0.95,0.5224202,0.3272618,-0.051011115,0.95,0.52218807,0.38220233,0.11403243,0.95,0.58841175,0.2623784,-0.018888455,0.95,0.5020732,0.25856593,0.08967935,0.95,0.51501805,0.31790546,-0.032979228,0.95,0.5220917,0.31670234,-0.05141858,0.95,0.629381,0.4268924,0.10883499,0.95,0.46286562,0.30079827,-0.04583281,0.95,0.7061347,0.354611,-0.0425217,0.95,0.47736377,0.45407388,0.1638123,0.95,0.7180654,0.5313705,-0.043927256,0.95,0.3085412,0.5281899,0.16093737,0.95,0.71727335,0.53091556,0.15390845,0.95,0.28589994,0.5266523,0.10899734,0.95,0.7199639,0.4192037,-0.07578812,0.95,0.52501965,0.5353052,0.16065139,0.95,0.71098983,0.348769,0.069951735,0.95,0.24048425,0.5316926,0.0829892,0.95,0.6223775,0.5833496,0.06599704,0.95,0.4222141,0.5649274,0.04232936,0.95,0.6151491,0.694938,0.093158774,0.95,0.5120159,0.689793,0.039432157,0.95,0.64074385,0.80438733,0.3309936,0.95,0.5056407,0.80227923,0.3227792,0.95,0.43024585,0.7107528,0.32294554,0.95,0.58105963,0.8050139,0.30138755,0.95,0.6113937,0.84398466,0.06414223,0.95,0.44505426,0.8515529,-0.011608752,0.95,0.9,0.9,0.9,0.9,0.9,0.9,0.9,0.9,0.9,0.9,0.9,0.9,0.9,0.9,0.9,0.9,0.9,0.9,0.9,0.9,0.9,0.9,0.9,0.9,0.9,0.9,0.9,0.9,0.9,0.9,0.9,0.9,0.9
110,3.6666666666666665,0.5711194,0.31394628,-0.051808547,0.95,0.58525133,0.24312977,-0.057147905,0.95,0.58750623,0.26129392,0.083546415,0.95,0.5906875,0.37430343,-0.05741356,0.95,0.57363236,0.33919865,-0.017207364,0.95,0.5224192,0.32726127,-0.05101104,0.95,0.5221873,0.38220224,0.11403252,0.95,0.5884114,0.26237836,-0.018887997,0.95,0.50207394,0.25856596,0.0896795,0.95,0.5150175,0.31790495,-0.032979503,0.95,0.5220926,0.3167025,-0.051418386,0.95,0.62938076,0.4268924,0.108835205,0.95,0.46286577,0.30079833,-0.045832712,0.95,0.70613444,0.3546108,-0.04252144,0.95,0.47736317,0.45407334,0.1638119,0.95,0.7180653,0.5313703,-0.04392639,0.95,0.30853924,0.5281895,0.16093747,0.95,0.717273,0.5309148,0.15390848,0.95,0.2858997,0.5266523,0.108997114,0.95,0.71996355,0.41920397,-0.075788416,0.95,0.52501875,0.53530496,0.16065153,0.95,0.7109898,0.348769,0.069950424,0.95,0.24048445,0.53169245,0.08299157,0.95,0.6223775,0.5833495,0.06599693,0.95,0.4222125,0.56492764,0.042329427,0.95,0.6151488,0.694938,0.09315854,0.95,0.51201516,0.6897929,0.03943251,0.95,0.640744,0.8043874,0.33099294,0.95,0.50564057,0.8022793,0.32277885,0.95,0.43024686,0.71075296,0.32294452,0.95,0.58106,0.8050139,0.30138808,0.95,0.6113937,0.8439847,0.064141296,0.95,0.4450534,0.8515529,-0.011608894,0.95,0.9,0.9,0.9,0.9,0.9,0.9,0.9,0.9,0.9,0.9,0.9,0.9,0.9,0.9,0.9,0.9,0.9,0.9,0.9,0.9,0.9,0.9,0.9,0.9,0.9,0.9,0.9,0.9,0.9,0.9,0.9,0.9,0.9
111,3.7,0.57111937,0.3139468,-0.05180831,0.95,0.5852512,0.24313053,-0.057147846,0.95,0.5875064,0.26129425,0.08354571,0.95,0.5906876,0.3743039,-0.057413507,0.95,0.57363236,0.33919826,-0.017207475,0.95,0.52241814,0.3272608,-0.05101093,0.95,0.5221865,0.38220218,0.11403261,0.95,0.5884111,0.2623784,-0.018887501,0.95,0.50207466,0.2585659,0.08967964,0.95,0.515017,0.3179045,-0.032979764,0.95,0.52209336,0.31670272,-0.0514182,0.95,0.62938046,0.42689243,0.10883544,0.95,0.46286577,0.3007984,-0.045832593,0.95,0.7061343,0.3546106,-0.04252123,0.95,0.4773625,0.45407286,0.16381164,0.95,0.71806526,0.5313701,-0.043925475,0.95,0.30853745,0.5281891,0.16093762,0.95,0.71727264,0.530914,0.15390845,0.95,0.28589946,0.5266523,0.10899682,0.95,0.7199632,0.41920415,-0.07578861,0.95,0.525018,0.5353047,0.16065167,0.95,0.71098965,0.34876907,0.0699491,0.95,0.24048465,0.53169227,0.08299389,0.95,0.6223776,0.58334947,0.06599683,0.95,0.42221117,0.5649278,0.04232948,0.95,0.6151485,0.694938,0.093158334,0.95,0.5120144,0.6897928,0.039432798,0.95,0.6407441,0.8043874,0.33099237,0.95,0.50564057,0.80227935,0.32277858,0.95,0.4302477,0.7107532,0.32294348,0.95,0.5810603,0.80501395,0.3013884,0.95,0.61139375,0.8439847,0.06414038,0.95,0.44505277,0.85155296,-0.011609058,0.95,0.9,0.9,0.9,0.9,0.9,0.9,0.9,0.9,0.9,0.9,0.9,0.9,0.9,0.9,0.9,0.9,0.9,0.9,0.9,0.9,0.9,0.9,0.9,0.9,0.9,0.9,0.9,0.9,0.9,0.9,0.9,0.9,0.9
112,3.7333333333333334,0.57111937,0.3139473,-0.0518081,0.95,0.5852511,0.24313127,-0.057147786,0.95,0.58750653,0.2612947,0.08354502,0.95,0.59068763,0.37430435,-0.057413463,0.95,0.5736323,0.33919793,-0.017207542,0.95,0.5224171,0.32726038,-0.051010832,0.95,0.5221858,0.38220215,0.1140327,0.95,0.58841085,0.2623785,-0.018886976,0.95,0.5020754,0.25856578,0.08967978,0.95,0.5150164,0.31790406,-0.032980025,0.95,0.52209413,0.31670293,-0.051418036,0.95,0.6293802,0.42689246,0.1088357,0.95,0.46286565,0.30079845,-0.045832437,0.95,0.70613414,0.3546104,-0.042521045,0.95,0.47736195,0.45407248,0.16381145,0.95,0.71806514,0.5313699,-0.043924656,0.95,0.30853596,0.52818877,0.16093785,0.95,0.7172723,0.5309133,0.15390836,0.95,0.28589922,0.5266523,0.108996525,0.95,0.71996284,0.4192042,-0.07578879,0.95,0.52501726,0.5353045,0.16065185,0.95,0.7109895,0.34876916,0.06994771,0.95,0.24048479,0.5316921,0.082996085,0.95,0.62237763,0.5833494,0.06599673,0.95,0.42221,0.564928,0.042329505,0.95,0.6151482,0.69493794,0.09315814,0.95,0.5120137,0.6897927,0.03943301,0.95,0.6407442,0.80438745,0.3309918,0.95,0.5056405,0.8022794,0.32277837,0.95,0.43024853,0.7107535,0.32294244,0.95,0.58106065,0.80501395,0.30138874,0.95,0.61139387,0.8439848,0.06413954,0.95,0.44505233,0.85155296,-0.011609222,0.95,0.9,0.9,0.9,0.9,0.9,0.9,0.9,0.9,0.9,0.9,0.9,0.9,0.9,0.9,0.9,0.9,0.9,0.9,0.9,0.9,0.9,0.9,0.9,0.9,0.9,0.9,0.9,0.9,0.9,0.9,0.9,0.9,0.9
113,3.7666666666666666,0.57111937,0.31394774,-0.0518079,0.95,0.58525103,0.24313198,-0.05714774,0.95,0.58750665,0.26129514,0.08354441,0.95,0.59068763,0.37430477,-0.057413418,0.95,0.57363224,0.33919767,-0.017207569,0.95,0.5224162,0.32726002,-0.05101075,0.95,0.522185,0.3822021,0.114032805,0.95,0.58841056,0.26237863,-0.018886432,0.95,0.5020761,0.2585657,0.08967987,0.95,0.51501584,0.31790364,-0.032980256,0.95,0.52209485,0.31670314,-0.05141788,0.95,0.6293799,0.42689252,0.10883594,0.95,0.46286544,0.3007985,-0.04583225,0.95,0.70613396,0.35461023,-0.042520933,0.95,0.47736132,0.4540721,0.16381131,0.95,0.718065,0.53136975,-0.043923844,0.95,0.3085347,0.5281884,0.16093808,0.95,0.71727186,0.5309127,0.15390831,0.95,0.28589898,0.52665234,0.1089962,0.95,0.71996254,0.4192042,-0.07578894,0.95,0.52501667,0.5353043,0.16065201,0.95,0.7109893,0.34876928,0.069946386,0.95,0.24048495,0.53169197,0.082998194,0.95,0.62237763,0.58334935,0.06599666,0.95,0.42220896,0.5649281,0.0423295,0.95,0.61514795,0.69493794,0.093157955,0.95,0.51201296,0.68979263,0.03943319,0.95,0.6407443,0.80438745,0.33099124,0.95,0.50564045,0.8022794,0.32277822,0.95,0.43024927,0.7107538,0.32294148,0.95,0.58106095,0.80501395,0.30138892,0.95,0.6113939,0.84398484,0.0641387,0.95,0.44505203,0.85155296,-0.011609386,0.95,0.9,0.9,0.9,0.9,0.9,0.9,0.9,0.9,0.9,0.9,0.9,0.9,0.9,0.9,0.9,0.9,0.9,0.9,0.9,0.9,0.9,0.9,0.9,0.9,0.9,0.9,0.9,0.9,0.9,0.9,0.9,0.9,0.9
114,3.8,0.5711193,0.31394815,-0.051807705,0.95,0.5852509,0.24313268,-0.05714769,0.95,0.5875068,0.26129562,0.083543815,0.95,0.5906877,0.3743052,-0.057413388,0.95,0.57363224,0.33919752,-0.017207576,0.95,0.52241516,0.3272597,-0.05101067,0.95,0.5221844,0.38220206,0.11403291,0.95,0.58841026,0.26237884,-0.018885896,0.95,0.50207686,0.25856555,0.08967997,0.95,0.51501524,0.31790325,-0.03298047,0.95,0.52209556,0.31670335,-0.051417723,0.95,0.6293797,0.42689258,0.10883622,0.95,0.46286514,0.30079857,-0.04583205,0.95,0.70613384,0.3546101,-0.04252086,0.95,0.47736079,0.45407176,0.1638112,0.95,0.7180649,0.5313696,-0.04392313,0.95,0.30853364,0.5281881,0.16093834,0.95,0.7172715,0.5309121,0.15390822,0.95,0.28589875,0.5266524,0.108995825,0.95,0.7199623,0.41920418,-0.07578904,0.95,0.52501607,0.53530407,0.16065216,0.95,0.7109891,0.34876943,0.0699451,0.95,0.24048507,0.53169185,0.08300014,0.95,0.6223777,0.58334935,0.0659966,0.95,0.42220813,0.5649283,0.04232948,0.95,0.6151477,0.69493794,0.09315779,0.95,0.51201236,0.6897926,0.03943331,0.95,0.6407444,0.8043875,0.33099064,0.95,0.5056404,0.8022795,0.3227781,0.95,0.43024993,0.7107541,0.32294056,0.95,0.5810612,0.80501395,0.301389,0.95,0.61139405,0.8439849,0.06413797,0.95,0.44505188,0.851553,-0.011609587,0.95,0.9,0.9,0.9,0.9,0.9,0.9,0.9,0.9,0.9,0.9,0.9,0.9,0.9,0.9,0.9,0.9,0.9,0.9,0.9,0.9,0.9,0.9,0.9,0.9,0.9,0.9,0.9,0.9,0.9,0.9,0.9,0.9,0.9
115,3.8333333333333335,0.57111937,0.3139485,-0.051807526,0.95,0.58525085,0.2431333,-0.057147644,0.95,0.5875069,0.26129612,0.083543256,0.95,0.5906877,0.37430552,-0.05741336,0.95,0.5736322,0.33919737,-0.017207554,0.95,0.52241427,0.32725942,-0.051010594,0.95,0.52218366,0.38220206,0.11403299,0.95,0.5884101,0.26237905,-0.018885363,0.95,0.5020775,0.25856537,0.089680046,0.95,0.51501477,0.3179029,-0.032980688,0.95,0.5220962,0.31670353,-0.051417597,0.95,0.62937945,0.42689267,0.10883646,0.95,0.46286482,0.30079862,-0.045831826,0.95,0.70613366,0.3546099,-0.04252086,0.95,0.47736028,0.45407146,0.16381116,0.95,0.7180647,0.53136945,-0.043922428,0.95,0.30853277,0.5281878,0.16093864,0.95,0.7172711,0.5309116,0.1539081,0.95,0.2858985,0.5266525,0.10899546,0.95,0.71996206,0.4192041,-0.0757891,0.95,0.52501553,0.53530395,0.1606523,0.95,0.71098894,0.3487696,0.06994384,0.95,0.2404852,0.53169173,0.08300201,0.95,0.62237775,0.5833493,0.06599654,0.95,0.42220742,0.5649284,0.042329445,0.95,0.61514753,0.69493794,0.093157634,0.95,0.5120117,0.68979245,0.039433397,0.95,0.6407445,0.8043875,0.33099014,0.95,0.5056404,0.8022795,0.32277802,0.95,0.4302505,0.7107544,0.32293963,0.95,0.5810615,0.805014,0.30138907,0.95,0.6113942,0.843985,0.06413726,0.95,0.44505182,0.851553,-0.011609766,0.95,0.9,0.9,0.9,0.9,0.9,0.9,0.9,0.9,0.9,0.9,0.9,0.9,0.9,0.9,0.9,0.9,0.9,0.9,0.9,0.9,0.9,0.9,0.9,0.9,0.9,0.9,0.9,0.9,0.9,0.9,0.9,0.9,0.9
116,3.8666666666666667,0.57111937,0.31394884,-0.051807363,0.95,0.58525074,0.24313392,-0.057147607,0.95,0.587507,0.26129663,0.08354278,0.95,0.59068763,0.37430584,-0.05741333,0.95,0.5736321,0.33919728,-0.017207513,0.95,0.5224134,0.32725915,-0.051010527,0.95,0.522183,0.38220206,0.11403308,0.95,0.58840984,0.26237932,-0.018884815,0.95,0.50207824,0.2585652,0.08968011,0.95,0.51501423,0.31790254,-0.032980874,0.95,0.5220969,0.31670374,-0.051417485,0.95,0.6293793,0.42689276,0.10883674,0.95,0.46286443,0.30079868,-0.045831624,0.95,0.70613354,0.35460976,-0.042520866,0.95,0.47735977,0.4540712,0.1638112,0.95,0.7180646,0.5313693,-0.043921787,0.95,0.30853212,0.5281876,0.16093889,0.95,0.71727073,0.53091115,0.15390795,0.95,0.28589824,0.52665263,0.10899509,0.95,0.7199618,0.41920397,-0.07578912,0.95,0.52501506,0.5353038,0.16065246,0.95,0.71098864,0.34876978,0.069942646,0.95,0.24048534,0.5316916,0.08300374,0.95,0.62237775,0.5833493,0.06599648,0.95,0.42220682,0.56492853,0.042329397,0.95,0.61514735,0.69493794,0.09315749,0.95,0.5120112,0.6897924,0.03943346,0.95,0.64074457,0.8043875,0.33098963,0.95,0.5056404,0.80227953,0.32277796,0.95,0.43025097,0.7107547,0.32293874,0.95,0.5810617,0.805014,0.30138904,0.95,0.6113944,0.8439851,0.06413667,0.95,0.44505185,0.851553,-0.011609982,0.95,0.9,0.9,0.9,0.9,0.9,0.9,0.9,0.9,0.9,0.9,0.9,0.9,0.9,0.9,0.9,0.9,0.9,0.9,0.9,0.9,0.9,0.9,0.9,0.9,0.9,0.9,0.9,0.9,0.9,0.9,0.9,0.9,0.9
117,3.9,0.57111937,0.31394914,-0.051807206,0.95,0.5852507,0.24313445,-0.057147563,0.95,0.58750707,0.2612971,0.08354234,0.95,0.59068763,0.3743061,-0.057413314,0.95,0.5736321,0.33919722,-0.017207472,0.95,0.52241254,0.32725897,-0.051010467,0.95,0.52218235,0.38220206,0.11403315,0.95,0.5884096,0.26237956,-0.018884309,0.95,0.50207883,0.25856498,0.08968017,0.95,0.51501375,0.31790224,-0.032981046,0.95,0.52209747,0.31670392,-0.05141738,0.95,0.62937903,0.42689285,0.108836986,0.95,0.46286398,0.30079874,-0.04583141,0.95,0.70613337,0.3546096,-0.04252089,0.95,0.47735932,0.454071,0.16381124,0.95,0.7180645,0.53136927,-0.043921214,0.95,0.30853152,0.5281874,0.16093919,0.95,0.71727043,0.53091073,0.1539078,0.95,0.28589797,0.52665275,0.10899469,0.95,0.71996164,0.41920382,-0.075789146,0.95,0.5250147,0.53530365,0.1606526,0.95,0.71098846,0.34876996,0.06994151,0.95,0.24048546,0.53169155,0.0830053,0.95,0.6223778,0.5833492,0.06599644,0.95,0.42220634,0.5649286,0.042329345,0.95,0.61514723,0.69493794,0.09315736,0.95,0.5120107,0.68979234,0.03943349,0.95,0.6407446,0.8043875,0.33098918,0.95,0.5056404,0.80227953,0.32277796,0.95,0.43025145,0.71075493,0.32293797,0.95,0.5810619,0.805014,0.30138895,0.95,0.6113946,0.84398514,0.06413608,0.95,0.4450519,0.8515531,-0.011610161,0.95,0.9,0.9,0.9,0.9,0.9,0.9,0.9,0.9,0.9,0.9,0.9,0.9,0.9,0.9,0.9,0.9,0.9,0.9,0.9,0.9,0.9,0.9,0.9,0.9,0.9,0.9,0.9,0.9,0.9,0.9,0.9,0.9,0.9
118,3.933333333333333,0.57111937,0.31394938,-0.051807072,0.95,0.5852506,0.24313496,-0.057147533,0.95,0.5875071,0.2612976,0.08354193,0.95,0.59068763,0.37430635,-0.0574133,0.95,0.57363206,0.33919716,-0.017207416,0.95,0.52241176,0.3272588,-0.051010415,0.95,0.5221818,0.38220206,0.11403324,0.95,0.5884094,0.26237985,-0.018883832,0.95,0.5020794,0.2585648,0.08968021,0.95,0.51501334,0.31790197,-0.032981195,0.95,0.52209795,0.3167041,-0.0514173,0.95,0.62937886,0.42689297,0.10883725,0.95,0.46286353,0.3007988,-0.0458312,0.95,0.70613325,0.3546095,-0.042520963,0.95,0.47735888,0.45407075,0.1638113,0.95,0.71806437,0.5313692,-0.04392073,0.95,0.30853105,0.52818716,0.16093947,0.95,0.7172701,0.5309104,0.15390763,0.95,0.2858977,0.5266529,0.108994335,0.95,0.7199615,0.41920367,-0.07578913,0.95,0.52501434,0.5353035,0.16065268,0.95,0.7109882,0.34877014,0.06994043,0.95,0.24048556,0.53169143,0.08300678,0.95,0.6223778,0.5833492,0.0659964,0.95,0.42220595,0.5649287,0.042329278,0.95,0.6151471,0.69493794,0.093157224,0.95,0.5120102,0.6897923,0.03943351,0.95,0.6407447,0.8043875,0.33098873,0.95,0.5056403,0.80227953,0.32277802,0.95,0.43025184,0.7107552,0.32293722,0.95,0.5810621,0.805014,0.30138877,0.95,0.61139476,0.84398526,0.06413555,0.95,0.44505206,0.8515531,-0.011610347,0.95,0.9,0.9,0.9,0.9,0.9,0.9,0.9,0.9,0.9,0.9,0.9,0.9,0.9,0.9,0.9,0.9,0.9,0.9,0.9,0.9,0.9,0.9,0.9,0.9,0.9,0.9,0.9,0.9,0.9,0.9,0.9,0.9,0.9
119,3.966666666666667,0.5711194,0.31394958,-0.051806953,0.95,0.58525056,0.24313545,-0.05714751,0.95,0.5875072,0.26129806,0.083541565,0.95,0.59068763,0.37430656,-0.057413276,0.95,0.573632,0.3391972,-0.017207349,0.95,0.52241105,0.32725862,-0.05101037,0.95,0.5221813,0.38220206,0.1140333,0.95,0.58840925,0.2623801,-0.01888337,0.95,0.50207996,0.25856462,0.08968023,0.95,0.515013,0.31790173,-0.03298132,0.95,0.5220984,0.31670424,-0.051417224,0.95,0.6293787,0.42689306,0.10883749,0.95,0.46286306,0.30079886,-0.045831,0.95,0.7061331,0.35460937,-0.042521007,0.95,0.4773585,0.45407054,0.16381137,0.95,0.71806425,0.5313691,-0.04392029,0.95,0.30853075,0.52818704,0.16093972,0.95,0.7172698,0.5309101,0.15390751,0.95,0.2858974,0.52665293,0.10899396,0.95,0.71996135,0.41920352,-0.0757891,0.95,0.52501404,0.53530335,0.16065282,0.95,0.710988,0.34877035,0.06993944,0.95,0.24048565,0.5316914,0.08300809,0.95,0.6223779,0.58334917,0.06599635,0.95,0.42220566,0.56492877,0.0423292,0.95,0.615147,0.69493794,0.093157105,0.95,0.5120098,0.6897923,0.039433513,0.95,0.64074475,0.80438757,0.33098832,0.95,0.5056403,0.80227953,0.32277805,0.95,0.4302522,0.71075547,0.32293653,0.95,0.5810622,0.805014,0.30138865,0.95,0.61139494,0.8439853,0.0641351,0.95,0.4450522,0.8515531,-0.011610555,0.95,0.9,0.9,0.9,0.9,0.9,0.9,0.9,0.9,0.9,0.9,0.9,0.9,0.9,0.9,0.9,0.9,0.9,0.9,0.9,0.9,0.9,0.9,0.9,0.9,0.9,0.9,0.9,0.9,0.9,0.9,0.9,0.9,0.9
120,4.0,0.5711194,0.31394976,-0.05180685,0.95,0.5852505,0.24313587,-0.057147488,0.95,0.5875073,0.26129848,0.08354124,0.95,0.5906876,0.37430677,-0.057413276,0.95,0.573632,0.33919722,-0.017207282,0.95,0.5224104,0.3272585,-0.051010333,0.95,0.52218074,0.38220206,0.114033364,0.95,0.5884091,0.26238036,-0.018882934,0.95,0.5020805,0.25856444,0.08968026,0.95,0.5150126,0.31790152,-0.032981448,0.95,0.5220989,0.3167044,-0.051417165,0.95,0.62937856,0.42689314,0.108837724,0.95,0.46286258,0.3007989,-0.045830805,0.95,0.70613307,0.35460928,-0.042521074,0.95,0.47735813,0.45407036,0.16381145,0.95,0.7180641,0.53136903,-0.043919962,0.95,0.30853054,0.52818686,0.16094002,0.95,0.7172695,0.53090984,0.15390731,0.95,0.28589714,0.5266531,0.108993575,0.95,0.7199612,0.41920337,-0.07578909,0.95,0.5250138,0.53530324,0.1606529,0.95,0.7109878,0.34877053,0.06993852,0.95,0.24048577,0.5316913,0.083009265,0.95,0.6223779,0.58334917,0.06599631,0.95,0.42220542,0.5649288,0.042329125,0.95,0.6151469,0.6949379,0.093157,0.95,0.5120094,0.6897922,0.039433498,0.95,0.6407448,0.80438757,0.3309879,0.95,0.5056404,0.80227953,0.3227781,0.95,0.43025255,0.7107557,0.3229359,0.95,0.5810623,0.805014,0.30138847,0.95,0.6113951,0.84398544,0.0641347,0.95,0.44505242,0.85155314,-0.0116107715,0.95,0.9,0.9,0.9,0.9,0.9,0.9,0.9,0.9,0.9,0.9,0.9,0.9,0.9,0.9,0.9,0.9,0.9,0.9,0.9,0.9,0.9,0.9,0.9,0.9,0.9,0.9,0.9,0.9,0.9,0.9,0.9,0.9,0.9
121,4.033333333333333,0.5711195,0.31394988,-0.051806767,0.95,0.58525044,0.24313626,-0.05714748,0.95,0.58750737,0.2612989,0.08354094,0.95,0.5906876,0.37430692,-0.05741326,0.95,0.57363194,0.33919728,-0.017207222,0.95,0.52240974,0.3272584,-0.05101031,0.95,0.52218026,0.3822021,0.11403341,0.95,0.588409,0.26238063,-0.018882535,0.95,0.502081,0.25856426,0.089680254,0.95,0.5150123,0.31790134,-0.032981567,0.95,0.52209926,0.31670454,-0.051417097,0.95,0.62937844,0.42689323,0.108837955,0.95,0.46286207,0.30079895,-0.04583061,0.95,0.70613295,0.35460922,-0.042521164,0.95,0.47735777,0.4540702,0.16381153,0.95,0.718064,0.531369,-0.043919634,0.95,0.30853042,0.52818674,0.16094027,0.95,0.71726924,0.5309096,0.15390716,0.95,0.28589684,0.5266532,0.10899328,0.95,0.7199611,0.41920322,-0.07578906,0.95,0.5250136,0.5353031,0.160653,0.95,0.71098757,0.3487707,0.069937654,0.95,0.24048583,0.53169125,0.08301038,0.95,0.6223779,0.58334917,0.06599627,0.95,0.42220524,0.56492895,0.042329054,0.95,0.6151469,0.6949379,0.09315692,0.95,0.5120091,0.68979216,0.039433476,0.95,0.64074486,0.80438757,0.33098757,0.95,0.5056403,0.8022796,0.3227782,0.95,0.4302528,0.71075594,0.32293534,0.95,0.58106244,0.805014,0.30138823,0.95,0.61139536,0.8439855,0.06413435,0.95,0.4450526,0.85155314,-0.011610943,0.95,0.9,0.9,0.9,0.9,0.9,0.9,0.9,0.9,0.9,0.9,0.9,0.9,0.9,0.9,0.9,0.9,0.9,0.9,0.9,0.9,0.9,0.9,0.9,0.9,0.9,0.9,0.9,0.9,0.9,0.9,0.9,0.9,0.9
122,4.066666666666666,0.5711195,0.31395,-0.051806685,0.95,0.58525044,0.24313658,-0.05714746,0.95,0.58750737,0.26129928,0.08354067,0.95,0.5906875,0.37430707,-0.057413254,0.95,0.57363194,0.33919734,-0.017207133,0.95,0.5224092,0.32725832,-0.051010296,0.95,0.52217984,0.38220212,0.11403346,0.95,0.5884088,0.26238093,-0.018882163,0.95,0.5020814,0.25856408,0.08968025,0.95,0.515012,0.31790116,-0.032981664,0.95,0.5220996,0.31670466,-0.05141706,0.95,0.6293783,0.42689332,0.10883816,0.95,0.4628616,0.30079898,-0.04583044,0.95,0.7061329,0.35460913,-0.042521223,0.95,0.4773575,0.45407006,0.16381164,0.95,0.71806395,0.531369,-0.04391938,0.95,0.30853033,0.5281866,0.16094054,0.95,0.71726894,0.5309094,0.15390694,0.95,0.28589654,0.5266533,0.108992934,0.95,0.71996105,0.41920307,-0.075789,0.95,0.52501345,0.53530306,0.1606531,0.95,0.7109874,0.3487709,0.06993689,0.95,0.24048592,0.5316912,0.08301134,0.95,0.62237793,0.5833491,0.06599624,0.95,0.42220512,0.564929,0.042328972,0.95,0.61514676,0.6949379,0.09315683,0.95,0.5120088,0.68979216,0.039433446,0.95,0.64074486,0.80438757,0.33098727,0.95,0.5056404,0.80227953,0.3227783,0.95,0.43025297,0.7107562,0.32293478,0.95,0.58106256,0.805014,0.30138808,0.95,0.6113955,0.84398556,0.064134,0.95,0.4450528,0.85155314,-0.011611122,0.95,0.9,0.9,0.9,0.9,0.9,0.9,0.9,0.9,0.9,0.9,0.9,0.9,0.9,0.9,0.9,0.9,0.9,0.9,0.9,0.9,0.9,0.9,0.9,0.9,0.9,0.9,0.9,0.9,0.9,0.9,0.9,0.9,0.9
123,4.1,0.57111955,0.3139501,-0.05180661,0.95,0.5852504,0.24313688,-0.057147443,0.95,0.5875074,0.26129964,0.08354043,0.95,0.5906875,0.3743072,-0.057413254,0.95,0.5736319,0.3391974,-0.017207066,0.95,0.52240866,0.32725823,-0.051010296,0.95,0.5221794,0.38220212,0.114033505,0.95,0.58840877,0.2623812,-0.01888182,0.95,0.5020818,0.25856394,0.08968025,0.95,0.5150118,0.31790102,-0.03298177,0.95,0.5221,0.31670475,-0.051417023,0.95,0.6293782,0.4268934,0.10883835,0.95,0.46286112,0.30079904,-0.045830283,0.95,0.70613277,0.35460907,-0.042521305,0.95,0.47735724,0.4540699,0.16381173,0.95,0.7180639,0.531369,-0.043919172,0.95,0.30853027,0.52818656,0.16094074,0.95,0.71726876,0.5309093,0.15390679,0.95,0.28589624,0.5266534,0.10899263,0.95,0.719961,0.41920295,-0.07578895,0.95,0.5250133,0.53530294,0.16065316,0.95,0.7109872,0.34877104,0.069936186,0.95,0.240486,0.53169113,0.083012216,0.95,0.62237793,0.5833491,0.0659962,0.95,0.42220503,0.564929,0.042328898,0.95,0.61514676,0.6949379,0.09315674,0.95,0.51200855,0.6897921,0.039433416,0.95,0.6407449,0.80438757,0.330987,0.95,0.5056404,0.8022796,0.32277843,0.95,0.43025318,0.71075636,0.32293427,0.95,0.58106256,0.805014,0.30138788,0.95,0.61139566,0.8439857,0.06413375,0.95,0.445053,0.85155314,-0.011611278,0.95,0.9,0.9,0.9,0.9,0.9,0.9,0.9,0.9,0.9,0.9,0.9,0.9,0.9,0.9,0.9,0.9,0.9,0.9,0.9,0.9,0.9,0.9,0.9,0.9,0.9,0.9,0.9,0.9,0.9,0.9,0.9,0.9,0.9
124,4.133333333333334,0.57111955,0.31395015,-0.051806543,0.95,0.5852503,0.24313717,-0.057147436,0.95,0.5875074,0.26129997,0.08354024,0.95,0.59068745,0.37430727,-0.057413254,0.95,0.5736318,0.33919746,-0.017206987,0.95,0.5224082,0.32725817,-0.051010296,0.95,0.52217907,0.38220215,0.114033535,0.95,0.58840865,0.26238143,-0.018881507,0.95,0.5020821,0.2585638,0.08968022,0.95,0.5150116,0.3179009,-0.032981835,0.95,0.52210027,0.31670484,-0.051416986,0.95,0.62937814,0.4268935,0.10883852,0.95,0.46286067,0.30079907,-0.045830134,0.95,0.7061327,0.354609,-0.042521387,0.95,0.477357,0.4540698,0.16381185,0.95,0.7180638,0.531369,-0.043919045,0.95,0.30853027,0.5281865,0.16094096,0.95,0.7172685,0.5309092,0.15390658,0.95,0.28589597,0.52665347,0.10899232,0.95,0.71996087,0.41920283,-0.07578892,0.95,0.5250132,0.5353028,0.16065325,0.95,0.71098703,0.3487712,0.06993554,0.95,0.24048607,0.53169113,0.08301298,0.95,0.62237793,0.5833491,0.06599618,0.95,0.422205,0.56492907,0.042328805,0.95,0.61514676,0.6949379,0.09315667,0.95,0.5120083,0.6897921,0.039433382,0.95,0.6407449,0.80438757,0.33098677,0.95,0.50564045,0.80227953,0.32277855,0.95,0.43025333,0.7107566,0.32293385,0.95,0.5810627,0.805014,0.3013876,0.95,0.6113959,0.84398574,0.06413354,0.95,0.4450532,0.8515532,-0.011611472,0.95,0.9,0.9,0.9,0.9,0.9,0.9,0.9,0.9,0.9,0.9,0.9,0.9,0.9,0.9,0.9,0.9,0.9,0.9,0.9,0.9,0.9,0.9,0.9,0.9,0.9,0.9,0.9,0.9,0.9,0.9,0.9,0.9,0.9
125,4.166666666666667,0.5711196,0.31395018,-0.0518065,0.95,0.5852503,0.24313737,-0.05714743,0.95,0.5875074,0.26130027,0.08354005,0.95,0.59068745,0.37430736,-0.057413246,0.95,0.5736318,0.33919755,-0.017206939,0.95,0.52240777,0.3272581,-0.051010296,0.95,0.52217877,0.38220218,0.11403357,0.95,0.5884086,0.26238167,-0.018881217,0.95,0.50208247,0.25856367,0.0896802,0.95,0.5150114,0.31790078,-0.032981895,0.95,0.5221005,0.31670496,-0.05141697,0.95,0.6293781,0.42689356,0.1088387,0.95,0.46286023,0.30079913,-0.045830023,0.95,0.70613265,0.35460898,-0.04252147,0.95,0.47735676,0.45406967,0.16381195,0.95,0.7180637,0.531369,-0.043918934,0.95,0.30853036,0.52818644,0.16094115,0.95,0.71726835,0.53090906,0.15390642,0.95,0.28589565,0.5266535,0.10899206,0.95,0.71996087,0.41920274,-0.07578888,0.95,0.52501315,0.53530276,0.16065332,0.95,0.71098685,0.34877136,0.06993496,0.95,0.24048613,0.53169113,0.08301366,0.95,0.622378,0.5833491,0.06599613,0.95,0.422205,0.5649291,0.04232874,0.95,0.61514676,0.6949379,0.0931566,0.95,0.51200813,0.6897921,0.03943335,0.95,0.640745,0.80438757,0.33098653,0.95,0.50564045,0.80227953,0.32277867,0.95,0.43025354,0.7107568,0.32293347,0.95,0.5810627,0.805014,0.30138734,0.95,0.6113961,0.8439858,0.064133324,0.95,0.4450534,0.8515532,-0.011611613,0.95,0.9,0.9,0.9,0.9,0.9,0.9,0.9,0.9,0.9,0.9,0.9,0.9,0.9,0.9,0.9,0.9,0.9,0.9,0.9,0.9,0.9,0.9,0.9,0.9,0.9,0.9,0.9,0.9,0.9,0.9,0.9,0.9,0.9
126,4.2,0.5711196,0.31395018,-0.05180646,0.95,0.58525026,0.24313758,-0.05714742,0.95,0.5875075,0.26130053,0.08353992,0.95,0.59068745,0.3743074,-0.057413254,0.95,0.5736318,0.3391976,-0.017206853,0.95,0.5224074,0.32725805,-0.05101031,0.95,0.52217853,0.3822022,0.1140336,0.95,0.5884085,0.2623819,-0.018880963,0.95,0.50208277,0.25856355,0.08968016,0.95,0.5150113,0.3179007,-0.032981947,0.95,0.5221007,0.31670502,-0.05141695,0.95,0.629378,0.42689362,0.10883886,0.95,0.4628598,0.30079913,-0.04582991,0.95,0.7061326,0.35460895,-0.042521536,0.95,0.47735655,0.45406955,0.16381201,0.95,0.71806365,0.531369,-0.04391886,0.95,0.30853042,0.52818644,0.1609413,0.95,0.7172682,0.530909,0.15390624,0.95,0.28589535,0.52665365,0.10899178,0.95,0.7199608,0.4192027,-0.07578883,0.95,0.5250131,0.53530264,0.16065335,0.95,0.71098673,0.3487715,0.06993442,0.95,0.2404862,0.5316911,0.0830143,0.95,0.622378,0.5833491,0.0659961,0.95,0.42220497,0.5649291,0.042328663,0.95,0.61514676,0.6949379,0.09315655,0.95,0.51200795,0.68979204,0.039433323,0.95,0.640745,0.80438757,0.3309863,0.95,0.5056405,0.80227953,0.32277882,0.95,0.43025362,0.7107569,0.32293308,0.95,0.5810627,0.805014,0.30138716,0.95,0.6113962,0.84398586,0.06413318,0.95,0.44505358,0.8515532,-0.011611762,0.95,0.9,0.9,0.9,0.9,0.9,0.9,0.9,0.9,0.9,0.9,0.9,0.9,0.9,0.9,0.9,0.9,0.9,0.9,0.9,0.9,0.9,0.9,0.9,0.9,0.9,0.9,0.9,0.9,0.9,0.9,0.9,0.9,0.9
127,4.233333333333333,0.57111967,0.31395018,-0.051806416,0.95,0.58525026,0.24313775,-0.05714742,0.95,0.5875075,0.26130077,0.08353978,0.95,0.5906874,0.37430745,-0.057413254,0.95,0.57363176,0.33919773,-0.017206816,0.95,0.52240705,0.32725802,-0.051010326,0.95,0.5221783,0.3822022,0.11403362,0.95,0.58840847,0.26238212,-0.018880732,0.95,0.502083,0.25856343,0.08968014,0.95,0.51501125,0.31790063,-0.03298199,0.95,0.5221009,0.31670508,-0.051416934,0.95,0.62937796,0.42689368,0.108839005,0.95,0.4628594,0.3007992,-0.04582979,0.95,0.7061326,0.35460895,-0.04252158,0.95,0.4773564,0.45406947,0.16381212,0.95,0.71806365,0.531369,-0.04391888,0.95,0.3085305,0.5281864,0.16094148,0.95,0.7172681,0.53090894,0.15390608,0.95,0.28589508,0.5266537,0.10899153,0.95,0.7199608,0.41920263,-0.07578879,0.95,0.525013,0.5353026,0.16065341,0.95,0.71098655,0.34877163,0.06993399,0.95,0.24048626,0.531691,0.08301484,0.95,0.622378,0.58334905,0.06599606,0.95,0.422205,0.5649292,0.042328596,0.95,0.61514676,0.6949379,0.09315649,0.95,0.51200783,0.68979204,0.039433286,0.95,0.640745,0.80438757,0.33098614,0.95,0.5056405,0.80227953,0.32277897,0.95,0.4302537,0.710757,0.32293275,0.95,0.5810627,0.805014,0.30138692,0.95,0.6113963,0.8439859,0.06413303,0.95,0.4450537,0.8515532,-0.011611882,0.95,0.9,0.9,0.9,0.9,0.9,0.9,0.9,0.9,0.9,0.9,0.9,0.9,0.9,0.9,0.9,0.9,0.9,0.9,0.9,0.9,0.9,0.9,0.9,0.9,0.9,0.9,0.9,0.9,0.9,0.9,0.9,0.9,0.9
128,4.266666666666667,0.57111967,0.31395015,-0.051806387,0.95,0.58525026,0.2431379,-0.05714743,0.95,0.5875075,0.26130098,0.083539665,0.95,0.5906874,0.37430748,-0.057413254,0.95,0.57363176,0.33919778,-0.017206753,0.95,0.52240676,0.327258,-0.05101034,0.95,0.52217805,0.38220224,0.11403364,0.95,0.5884084,0.26238233,-0.018880527,0.95,0.5020832,0.25856334,0.0896801,0.95,0.51501113,0.31790057,-0.03298202,0.95,0.5221011,0.31670514,-0.051416926,0.95,0.6293779,0.42689374,0.10883914,0.95,0.462859,0.3007992,-0.045829695,0.95,0.70613253,0.35460892,-0.042521656,0.95,0.47735626,0.45406938,0.1638122,0.95,0.7180636,0.531369,-0.04391886,0.95,0.30853066,0.5281864,0.16094165,0.95,0.717268,0.5309089,0.15390588,0.95,0.2858948,0.5266538,0.1089913,0.95,0.71996075,0.41920257,-0.07578873,0.95,0.525013,0.5353025,0.16065347,0.95,0.71098644,0.34877175,0.06993356,0.95,0.2404863,0.531691,0.08301529,0.95,0.622378,0.58334905,0.065996036,0.95,0.422205,0.56492925,0.042328525,0.95,0.61514676,0.6949379,0.09315644,0.95,0.5120078,0.68979204,0.03943326,0.95,0.640745,0.80438757,0.330986,0.95,0.50564057,0.80227953,0.32277912,0.95,0.43025383,0.71075714,0.32293245,0.95,0.5810627,0.8050141,0.30138674,0.95,0.6113965,0.843986,0.06413292,0.95,0.44505385,0.8515532,-0.011612016,0.95,0.9,0.9,0.9,0.9,0.9,0.9,0.9,0.9,0.9,0.9,0.9,0.9,0.9,0.9,0.9,0.9,0.9,0.9,0.9,0.9,0.9,0.9,0.9,0.9,0.9,0.9,0.9,0.9,0.9,0.9,0.9,0.9,0.9
129,4.3,0.57111967,0.31395012,-0.05180637,0.95,0.58525026,0.24313802,-0.05714742,0.95,0.5875075,0.26130116,0.08353956,0.95,0.5906874,0.37430748,-0.057413254,0.95,0.5736317,0.33919787,-0.017206712,0.95,0.5224065,0.32725796,-0.051010355,0.95,0.5221779,0.38220227,0.114033654,0.95,0.58840835,0.26238254,-0.01888036,0.95,0.50208336,0.25856325,0.08968005,0.95,0.5150111,0.31790054,-0.032982066,0.95,0.5221012,0.3167052,-0.051416926,0.95,0.62937784,0.4268938,0.10883927,0.95,0.46285865,0.30079922,-0.045829635,0.95,0.7061325,0.35460892,-0.04252173,0.95,0.4773561,0.45406926,0.16381228,0.95,0.7180636,0.53136903,-0.04391892,0.95,0.3085308,0.5281864,0.1609418,0.95,0.7172679,0.5309089,0.1539057,0.95,0.28589454,0.5266538,0.1089911,0.95,0.71996075,0.41920254,-0.0757887,0.95,0.5250131,0.53530246,0.1606535,0.95,0.7109863,0.34877187,0.06993321,0.95,0.24048637,0.531691,0.08301566,0.95,0.62237805,0.58334905,0.06599601,0.95,0.42220506,0.56492925,0.04232846,0.95,0.61514676,0.6949379,0.09315639,0.95,0.51200765,0.68979204,0.039433233,0.95,0.64074504,0.80438757,0.33098587,0.95,0.5056406,0.80227953,0.32277924,0.95,0.4302539,0.71075726,0.3229322,0.95,0.5810627,0.8050141,0.30138648,0.95,0.6113966,0.84398603,0.06413285,0.95,0.44505396,0.85155326,-0.011612113,0.95,0.9,0.9,0.9,0.9,0.9,0.9,0.9,0.9,0.9,0.9,0.9,0.9,0.9,0.9,0.9,0.9,0.9,0.9,0.9,0.9,0.9,0.9,0.9,0.9,0.9,0.9,0.9,0.9,0.9,0.9,0.9,0.9,0.9
130,4.333333333333333,0.5711197,0.31395006,-0.05180635,0.95,0.58525026,0.24313812,-0.05714742,0.95,0.5875075,0.2613013,0.08353949,0.95,0.59068733,0.3743075,-0.057413254,0.95,0.5736317,0.33919796,-0.017206645,0.95,0.5224063,0.32725796,-0.051010393,0.95,0.5221777,0.3822023,0.11403367,0.95,0.5884083,0.26238272,-0.018880196,0.95,0.50208354,0.2585632,0.08968001,0.95,0.5150111,0.3179005,-0.03298209,0.95,0.52210134,0.31670523,-0.051416934,0.95,0.62937784,0.42689386,0.10883937,0.95,0.46285832,0.30079925,-0.045829576,0.95,0.7061325,0.35460895,-0.042521797,0.95,0.477356,0.4540692,0.16381232,0.95,0.71806353,0.5313691,-0.043918986,0.95,0.3085309,0.5281864,0.16094191,0.95,0.7172678,0.5309089,0.15390559,0.95,0.28589427,0.5266539,0.108990915,0.95,0.71996075,0.41920254,-0.075788654,0.95,0.5250131,0.5353024,0.16065352,0.95,0.7109862,0.348772,0.06993289,0.95,0.2404864,0.531691,0.08301598,0.95,0.62237805,0.58334905,0.065995984,0.95,0.42220512,0.5649293,0.042328402,0.95,0.6151468,0.6949379,0.09315636,0.95,0.51200765,0.68979204,0.03943321,0.95,0.64074504,0.80438757,0.33098575,0.95,0.5056406,0.80227953,0.32277936,0.95,0.43025395,0.7107573,0.322932,0.95,0.5810627,0.8050141,0.3013863,0.95,0.61139673,0.8439861,0.06413279,0.95,0.44505408,0.85155326,-0.011612247,0.95,0.9,0.9,0.9,0.9,0.9,0.9,0.9,0.9,0.9,0.9,0.9,0.9,0.9,0.9,0.9,0.9,0.9,0.9,0.9,0.9,0.9,0.9,0.9,0.9,0.9,0.9,0.9,0.9,0.9,0.9,0.9,0.9,0.9
131,4.366666666666666,0.5711197,0.31395,-0.051806334,0.95,0.5852502,0.24313821,-0.05714743,0.95,0.5875075,0.26130146,0.08353941,0.95,0.59068733,0.37430748,-0.057413254,0.95,0.5736317,0.33919802,-0.017206615,0.95,0.5224061,0.32725793,-0.051010422,0.95,0.5221776,0.38220233,0.114033684,0.95,0.5884083,0.2623829,-0.018880084,0.95,0.50208366,0.25856313,0.08967997,0.95,0.5150111,0.31790048,-0.032982126,0.95,0.52210146,0.31670526,-0.05141694,0.95,0.62937784,0.4268939,0.10883948,0.95,0.462858,0.30079928,-0.045829523,0.95,0.7061324,0.35460895,-0.04252185,0.95,0.47735587,0.4540691,0.16381237,0.95,0.71806353,0.5313691,-0.043919045,0.95,0.30853105,0.52818644,0.16094202,0.95,0.71726775,0.5309088,0.15390539,0.95,0.285894,0.52665395,0.108990714,0.95,0.71996075,0.41920254,-0.07578864,0.95,0.5250131,0.5353023,0.16065353,0.95,0.7109861,0.34877205,0.069932625,0.95,0.24048644,0.53169096,0.0830163,0.95,0.62237805,0.58334905,0.06599595,0.95,0.42220518,0.5649293,0.042328347,0.95,0.6151468,0.6949379,0.09315633,0.95,0.5120076,0.68979204,0.039433185,0.95,0.64074504,0.80438757,0.3309857,0.95,0.5056407,0.80227953,0.3227795,0.95,0.43025398,0.71075743,0.32293183,0.95,0.5810626,0.8050141,0.30138612,0.95,0.6113969,0.84398615,0.06413273,0.95,0.44505414,0.85155326,-0.011612336,0.95,0.9,0.9,0.9,0.9,0.9,0.9,0.9,0.9,0.9,0.9,0.9,0.9,0.9,0.9,0.9,0.9,0.9,0.9,0.9,0.9,0.9,0.9,0.9,0.9,0.9,0.9,0.9,0.9,0.9,0.9,0.9,0.9,0.9
132,4.4,0.5711197,0.31394994,-0.051806334,0.95,0.5852502,0.24313827,-0.057147436,0.95,0.5875075,0.26130158,0.08353934,0.95,0.59068733,0.37430748,-0.057413254,0.95,0.5736317,0.33919808,-0.017206578,0.95,0.5224059,0.32725793,-0.051010445,0.95,0.5221774,0.38220233,0.114033684,0.95,0.5884083,0.26238304,-0.018879976,0.95,0.5020838,0.25856307,0.089679934,0.95,0.5150111,0.31790048,-0.032982133,0.95,0.5221015,0.3167053,-0.051416956,0.95,0.6293778,0.42689395,0.10883959,0.95,0.4628577,0.30079928,-0.04582948,0.95,0.7061324,0.35460895,-0.042521887,0.95,0.4773558,0.45406902,0.16381244,0.95,0.71806353,0.53136915,-0.043919135,0.95,0.30853117,0.52818644,0.16094209,0.95,0.7172677,0.5309088,0.15390523,0.95,0.28589377,0.526654,0.10899056,0.95,0.71996075,0.41920254,-0.075788595,0.95,0.52501315,0.5353022,0.16065355,0.95,0.71098596,0.34877214,0.069932394,0.95,0.24048649,0.53169096,0.083016515,0.95,0.62237805,0.58334905,0.06599591,0.95,0.4222052,0.56492937,0.0423283,0.95,0.6151469,0.6949379,0.09315629,0.95,0.51200753,0.68979204,0.039433174,0.95,0.64074504,0.80438757,0.33098564,0.95,0.50564075,0.80227953,0.32277963,0.95,0.430254,0.7107575,0.32293165,0.95,0.5810626,0.8050141,0.30138594,0.95,0.61139697,0.84398615,0.06413272,0.95,0.44505423,0.85155326,-0.011612433,0.95,0.9,0.9,0.9,0.9,0.9,0.9,0.9,0.9,0.9,0.9,0.9,0.9,0.9,0.9,0.9,0.9,0.9,0.9,0.9,0.9,0.9,0.9,0.9,0.9,0.9,0.9,0.9,0.9,0.9,0.9,0.9,0.9,0.9
133,4.433333333333334,0.5711197,0.31394988,-0.05180632,0.95,0.5852502,0.2431383,-0.057147443,0.95,0.5875074,0.26130167,0.0835393,0.95,0.59068733,0.37430748,-0.05741327,0.95,0.57363164,0.33919817,-0.017206544,0.95,0.52240574,0.3272579,-0.05101049,0.95,0.52217734,0.38220236,0.114033684,0.95,0.58840823,0.2623832,-0.018879872,0.95,0.5020839,0.25856304,0.08967988,0.95,0.5150111,0.31790045,-0.03298215,0.95,0.52210164,0.3167053,-0.051416956,0.95,0.6293778,0.42689398,0.10883965,0.95,0.46285743,0.3007993,-0.04582944,0.95,0.7061324,0.35460898,-0.04252191,0.95,0.47735572,0.45406896,0.16381247,0.95,0.71806353,0.5313692,-0.043919247,0.95,0.30853137,0.52818644,0.16094218,0.95,0.71726763,0.5309088,0.15390511,0.95,0.2858935,0.526654,0.1089904,0.95,0.71996075,0.41920254,-0.075788565,0.95,0.5250132,0.5353022,0.16065356,0.95,0.7109859,0.34877223,0.06993221,0.95,0.24048652,0.53169096,0.083016716,0.95,0.62237805,0.58334905,0.06599587,0.95,0.42220527,0.56492937,0.04232826,0.95,0.6151469,0.6949379,0.09315627,0.95,0.51200753,0.68979204,0.03943317,0.95,0.64074504,0.80438757,0.33098558,0.95,0.5056408,0.8022795,0.32277974,0.95,0.43025407,0.71075755,0.3229315,0.95,0.58106256,0.8050141,0.3013857,0.95,0.6113971,0.8439862,0.064132705,0.95,0.44505426,0.85155326,-0.011612552,0.95,0.9,0.9,0.9,0.9,0.9,0.9,0.9,0.9,0.9,0.9,0.9,0.9,0.9,0.9,0.9,0.9,0.9,0.9,0.9,0.9,0.9,0.9,0.9,0.9,0.9,0.9,0.9,0.9,0.9,0.9,0.9,0.9,0.9
134,4.466666666666667,0.5711197,0.3139498,-0.05180632,0.95,0.5852502,0.24313834,-0.057147443,0.95,0.5875074,0.26130176,0.083539255,0.95,0.59068733,0.37430745,-0.05741327,0.95,0.57363164,0.33919823,-0.017206525,0.95,0.5224057,0.32725787,-0.051010534,0.95,0.5221772,0.38220236,0.114033684,0.95,0.58840823,0.2623833,-0.018879786,0.95,0.50208396,0.258563,0.08967984,0.95,0.51501113,0.31790045,-0.032982163,0.95,0.5221017,0.31670532,-0.05141697,0.95,0.6293778,0.42689398,0.10883973,0.95,0.4628572,0.3007993,-0.045829404,0.95,0.70613235,0.35460898,-0.04252194,0.95,0.47735566,0.45406887,0.16381252,0.95,0.71806353,0.5313692,-0.043919366,0.95,0.3085315,0.5281865,0.16094229,0.95,0.7172676,0.5309089,0.15390505,0.95,0.28589326,0.52665406,0.108990274,0.95,0.71996075,0.41920257,-0.07578855,0.95,0.52501327,0.53530216,0.16065356,0.95,0.71098584,0.3487723,0.06993203,0.95,0.24048655,0.53169096,0.08301688,0.95,0.6223781,0.58334905,0.06599585,0.95,0.42220533,0.56492937,0.04232821,0.95,0.61514693,0.6949379,0.09315624,0.95,0.51200753,0.68979204,0.03943316,0.95,0.64074504,0.8043876,0.33098558,0.95,0.5056408,0.8022795,0.32277986,0.95,0.43025407,0.71075755,0.32293135,0.95,0.5810625,0.8050141,0.30138552,0.95,0.6113972,0.8439863,0.06413268,0.95,0.4450543,0.85155326,-0.011612634,0.95,0.9,0.9,0.9,0.9,0.9,0.9,0.9,0.9,0.9,0.9,0.9,0.9,0.9,0.9,0.9,0.9,0.9,0.9,0.9,0.9,0.9,0.9,0.9,0.9,0.9,0.9,0.9,0.9,0.9,0.9,0.9,0.9,0.9
135,4.5,0.5711197,0.31394973,-0.051806312,0.95,0.5852502,0.24313837,-0.05714746,0.95,0.5875074,0.26130182,0.08353923,0.95,0.59068733,0.37430745,-0.05741327,0.95,0.57363164,0.3391983,-0.017206503,0.95,0.52240556,0.32725787,-0.051010564,0.95,0.52217716,0.3822024,0.114033684,0.95,0.58840823,0.26238343,-0.018879723,0.95,0.502084,0.25856298,0.08967979,0.95,0.51501113,0.31790045,-0.03298217,0.95,0.5221017,0.31670532,-0.051416993,0.95,0.6293778,0.426894,0.108839795,0.95,0.46285698,0.30079934,-0.04582938,0.95,0.70613235,0.354609,-0.04252197,0.95,0.4773556,0.4540688,0.16381256,0.95,0.71806353,0.53136927,-0.043919507,0.95,0.3085316,0.5281865,0.16094233,0.95,0.7172676,0.5309089,0.15390491,0.95,0.28589305,0.52665406,0.10899015,0.95,0.71996075,0.41920263,-0.07578855,0.95,0.5250133,0.5353021,0.16065358,0.95,0.7109858,0.34877238,0.06993189,0.95,0.24048658,0.53169096,0.08301701,0.95,0.6223781,0.58334905,0.06599583,0.95,0.4222054,0.56492937,0.042328168,0.95,0.615147,0.6949379,0.09315622,0.95,0.51200753,0.68979204,0.039433155,0.95,0.64074504,0.8043876,0.3309855,0.95,0.5056408,0.8022795,0.32277995,0.95,0.4302541,0.7107576,0.32293123,0.95,0.58106244,0.8050141,0.3013854,0.95,0.61139727,0.8439863,0.064132705,0.95,0.44505432,0.85155326,-0.011612701,0.95,0.9,0.9,0.9,0.9,0.9,0.9,0.9,0.9,0.9,0.9,0.9,0.9,0.9,0.9,0.9,0.9,0.9,0.9,0.9,0.9,0.9,0.9,0.9,0.9,0.9,0.9,0.9,0.9,0.9,0.9,0.9,0.9,0.9
136,4.533333333333333,0.5711198,0.31394964,-0.051806334,0.95,0.5852502,0.24313839,-0.057147466,0.95,0.5875074,0.26130188,0.083539225,0.95,0.59068733,0.37430742,-0.057413276,0.95,0.57363164,0.33919835,-0.01720648,0.95,0.52240545,0.32725787,-0.051010594,0.95,0.5221771,0.3822024,0.114033684,0.95,0.58840823,0.26238352,-0.018879667,0.95,0.5020841,0.25856292,0.08967975,0.95,0.5150112,0.31790048,-0.03298217,0.95,0.52210176,0.31670532,-0.051417,0.95,0.6293778,0.42689404,0.10883985,0.95,0.46285677,0.30079934,-0.045829367,0.95,0.70613235,0.35460904,-0.042521983,0.95,0.4773556,0.45406875,0.16381256,0.95,0.71806353,0.5313693,-0.043919627,0.95,0.30853173,0.52818656,0.16094238,0.95,0.7172676,0.5309089,0.1539048,0.95,0.28589284,0.52665406,0.108990036,0.95,0.7199608,0.41920266,-0.07578852,0.95,0.5250134,0.53530204,0.16065358,0.95,0.71098566,0.3487724,0.06993178,0.95,0.24048662,0.53169096,0.08301709,0.95,0.6223781,0.58334905,0.0659958,0.95,0.42220542,0.5649294,0.04232813,0.95,0.61514705,0.6949379,0.093156196,0.95,0.5120076,0.68979204,0.03943315,0.95,0.64074504,0.8043876,0.33098552,0.95,0.50564086,0.8022795,0.32278007,0.95,0.43025413,0.7107576,0.32293114,0.95,0.58106244,0.80501413,0.30138528,0.95,0.6113973,0.84398633,0.06413272,0.95,0.44505432,0.85155326,-0.011612761,0.95,0.9,0.9,0.9,0.9,0.9,0.9,0.9,0.9,0.9,0.9,0.9,0.9,0.9,0.9,0.9,0.9,0.9,0.9,0.9,0.9,0.9,0.9,0.9,0.9,0.9,0.9,0.9,0.9,0.9,0.9,0.9,0.9,0.9
137,4.566666666666666,0.5711198,0.31394956,-0.051806327,0.95,0.5852502,0.24313839,-0.057147473,0.95,0.58750737,0.2613019,0.08353919,0.95,0.59068733,0.3743074,-0.05741327,0.95,0.57363164,0.33919838,-0.017206473,0.95,0.5224054,0.32725787,-0.051010624,0.95,0.52217704,0.38220242,0.11403367,0.95,0.5884082,0.26238364,-0.018879622,0.95,0.5020841,0.25856292,0.08967971,0.95,0.51501125,0.31790048,-0.032982178,0.95,0.52210176,0.31670532,-0.051417008,0.95,0.6293778,0.42689407,0.10883991,0.95,0.4628566,0.30079937,-0.04582936,0.95,0.70613235,0.35460907,-0.042521983,0.95,0.47735554,0.45406866,0.16381258,0.95,0.7180636,0.5313694,-0.04391976,0.95,0.30853182,0.5281866,0.16094242,0.95,0.7172676,0.5309089,0.15390466,0.95,0.28589267,0.5266541,0.10898994,0.95,0.7199608,0.4192027,-0.07578849,0.95,0.52501345,0.535302,0.16065359,0.95,0.71098566,0.34877244,0.0699317,0.95,0.24048664,0.53169096,0.08301716,0.95,0.6223781,0.58334905,0.065995775,0.95,0.42220548,0.5649294,0.0423281,0.95,0.61514705,0.6949379,0.09315619,0.95,0.5120076,0.68979204,0.03943315,0.95,0.64074504,0.8043876,0.33098552,0.95,0.5056409,0.8022795,0.32278016,0.95,0.43025413,0.7107577,0.32293108,0.95,0.5810624,0.80501413,0.30138513,0.95,0.6113974,0.84398633,0.06413272,0.95,0.4450543,0.8515533,-0.011612828,0.95,0.9,0.9,0.9,0.9,0.9,0.9,0.9,0.9,0.9,0.9,0.9,0.9,0.9,0.9,0.9,0.9,0.9,0.9,0.9,0.9,0.9,0.9,0.9,0.9,0.9,0.9,0.9,0.9,0.9,0.9,0.9,0.9,0.9
138,4.6,0.5711198,0.3139495,-0.05180634,0.95,0.5852502,0.2431384,-0.05714748,0.95,0.58750737,0.26130193,0.08353919,0.95,0.5906873,0.37430736,-0.057413276,0.95,0.57363164,0.33919844,-0.01720645,0.95,0.5224053,0.32725787,-0.05101066,0.95,0.522177,0.38220245,0.11403366,0.95,0.5884082,0.2623837,-0.018879589,0.95,0.50208414,0.25856292,0.08967967,0.95,0.5150113,0.31790048,-0.032982178,0.95,0.5221018,0.31670532,-0.051417015,0.95,0.6293778,0.4268941,0.108839944,0.95,0.4628564,0.30079937,-0.045829352,0.95,0.70613235,0.3546091,-0.042522028,0.95,0.47735554,0.4540686,0.16381261,0.95,0.7180636,0.5313694,-0.043919917,0.95,0.3085319,0.5281866,0.1609425,0.95,0.7172676,0.53090894,0.15390457,0.95,0.28589252,0.5266541,0.108989835,0.95,0.7199608,0.41920272,-0.075788476,0.95,0.5250135,0.5353019,0.16065359,0.95,0.7109856,0.3487725,0.06993163,0.95,0.24048668,0.53169096,0.08301724,0.95,0.6223781,0.58334905,0.065995745,0.95,0.4222055,0.5649294,0.042328075,0.95,0.6151471,0.6949379,0.09315617,0.95,0.51200765,0.68979204,0.039433144,0.95,0.640745,0.8043876,0.3309855,0.95,0.505641,0.8022795,0.32278025,0.95,0.43025416,0.7107577,0.322931,0.95,0.5810623,0.80501413,0.30138505,0.95,0.6113975,0.8439864,0.06413274,0.95,0.4450543,0.8515533,-0.011612895,0.95,0.9,0.9,0.9,0.9,0.9,0.9,0.9,0.9,0.9,0.9,0.9,0.9,0.9,0.9,0.9,0.9,0.9,0.9,0.9,0.9,0.9,0.9,0.9,0.9,0.9,0.9,0.9,0.9,0.9,0.9,0.9,0.9,0.9
139,4.633333333333334,0.5711198,0.3139494,-0.05180634,0.95,0.5852502,0.24313837,-0.057147488,0.95,0.58750737,0.26130196,0.08353918,0.95,0.5906873,0.37430733,-0.057413284,0.95,0.5736316,0.33919847,-0.01720644,0.95,0.5224053,0.32725784,-0.051010698,0.95,0.522177,0.38220245,0.114033654,0.95,0.5884082,0.26238376,-0.018879563,0.95,0.50208414,0.25856292,0.089679636,0.95,0.51501137,0.3179005,-0.032982178,0.95,0.5221018,0.31670532,-0.051417038,0.95,0.62937784,0.4268941,0.10883999,0.95,0.46285626,0.30079937,-0.045829345,0.95,0.7061323,0.35460913,-0.042522013,0.95,0.4773555,0.45406854,0.16381262,0.95,0.7180636,0.53136945,-0.043920036,0.95,0.30853203,0.5281866,0.1609425,0.95,0.7172676,0.53090894,0.15390451,0.95,0.2858923,0.5266541,0.10898976,0.95,0.7199608,0.4192028,-0.075788476,0.95,0.52501357,0.5353019,0.16065359,0.95,0.7109856,0.34877253,0.069931574,0.95,0.24048668,0.53169096,0.08301728,0.95,0.6223781,0.58334905,0.06599572,0.95,0.42220554,0.5649294,0.04232805,0.95,0.6151471,0.6949379,0.09315615,0.95,0.51200765,0.68979204,0.039433155,0.95,0.640745,0.8043876,0.33098552,0.95,0.505641,0.8022795,0.32278034,0.95,0.43025416,0.7107577,0.32293096,0.95,0.58106226,0.80501413,0.30138493,0.95,0.6113975,0.8439864,0.06413278,0.95,0.44505426,0.8515533,-0.01161294,0.95,0.9,0.9,0.9,0.9,0.9,0.9,0.9,0.9,0.9,0.9,0.9,0.9,0.9,0.9,0.9,0.9,0.9,0.9,0.9,0.9,0.9,0.9,0.9,0.9,0.9,0.9,0.9,0.9,0.9,0.9,0.9,0.9,0.9
140,4.666666666666667,0.5711198,0.31394932,-0.051806357,0.95,0.58525026,0.24313837,-0.057147503,0.95,0.5875073,0.26130196,0.08353916,0.95,0.59068733,0.37430733,-0.057413284,0.95,0.5736316,0.3391985,-0.017206429,0.95,0.52240527,0.32725784,-0.051010728,0.95,0.522177,0.38220245,0.11403365,0.95,0.5884082,0.26238385,-0.018879544,0.95,0.50208414,0.25856292,0.0896796,0.95,0.5150114,0.3179005,-0.03298217,0.95,0.5221018,0.31670532,-0.051417045,0.95,0.62937784,0.4268941,0.10884003,0.95,0.4628561,0.3007994,-0.045829345,0.95,0.7061323,0.35460916,-0.042522013,0.95,0.4773555,0.4540685,0.16381264,0.95,0.7180636,0.53136945,-0.04392017,0.95,0.30853212,0.5281867,0.16094254,0.95,0.7172676,0.530909,0.15390441,0.95,0.28589213,0.5266541,0.10898971,0.95,0.7199608,0.41920286,-0.075788476,0.95,0.5250136,0.53530186,0.16065359,0.95,0.71098554,0.34877253,0.06993154,0.95,0.24048671,0.53169096,0.08301731,0.95,0.6223781,0.58334905,0.06599569,0.95,0.42220557,0.5649295,0.042328022,0.95,0.6151472,0.69493794,0.09315614,0.95,0.5120077,0.68979204,0.039433166,0.95,0.640745,0.8043876,0.33098552,0.95,0.505641,0.8022795,0.3227804,0.95,0.43025416,0.7107577,0.32293093,0.95,0.5810622,0.80501413,0.30138484,0.95,0.61139756,0.8439864,0.06413281,0.95,0.44505423,0.8515533,-0.011612984,0.95,0.9,0.9,0.9,0.9,0.9,0.9,0.9,0.9,0.9,0.9,0.9,0.9,0.9,0.9,0.9,0.9,0.9,0.9,0.9,0.9,0.9,0.9,0.9,0.9,0.9,0.9,0.9,0.9,0.9,0.9,0.9,0.9,0.9
141,4.7,0.5711198,0.31394926,-0.05180637,0.95,0.58525026,0.24313834,-0.057147503,0.95,0.5875073,0.26130196,0.08353915,0.95,0.59068733,0.3743073,-0.057413284,0.95,0.5736316,0.33919856,-0.01720641,0.95,0.5224052,0.32725784,-0.051010758,0.95,0.5221769,0.38220245,0.11403365,0.95,0.5884082,0.2623839,-0.018879533,0.95,0.5020842,0.25856292,0.08967957,0.95,0.51501155,0.31790054,-0.03298217,0.95,0.5221018,0.31670532,-0.051417068,0.95,0.62937784,0.42689413,0.10884005,0.95,0.46285602,0.3007994,-0.045829345,0.95,0.7061323,0.3546092,-0.042522028,0.95,0.4773555,0.45406845,0.16381264,0.95,0.71806365,0.5313695,-0.04392032,0.95,0.30853218,0.52818674,0.16094254,0.95,0.7172676,0.530909,0.15390432,0.95,0.28589198,0.5266541,0.10898964,0.95,0.71996087,0.41920292,-0.075788476,0.95,0.5250137,0.53530186,0.16065359,0.95,0.71098554,0.34877256,0.069931485,0.95,0.24048676,0.53169096,0.08301732,0.95,0.6223781,0.58334905,0.06599568,0.95,0.4222056,0.5649295,0.042328,0.95,0.61514723,0.69493794,0.09315611,0.95,0.5120078,0.68979204,0.039433174,0.95,0.640745,0.8043876,0.33098552,0.95,0.50564104,0.8022795,0.3227805,0.95,0.43025416,0.7107577,0.32293093,0.95,0.5810622,0.80501413,0.30138475,0.95,0.6113977,0.8439864,0.06413282,0.95,0.4450542,0.8515533,-0.011613014,0.95,0.9,0.9,0.9,0.9,0.9,0.9,0.9,0.9,0.9,0.9,0.9,0.9,0.9,0.9,0.9,0.9,0.9,0.9,0.9,0.9,0.9,0.9,0.9,0.9,0.9,0.9,0.9,0.9,0.9,0.9,0.9,0.9,0.9
142,4.733333333333333,0.5711198,0.31394917,-0.051806364,0.95,0.5852502,0.24313833,-0.05714751,0.95,0.5875073,0.26130196,0.08353916,0.95,0.59068733,0.37430727,-0.057413284,0.95,0.5736316,0.3391986,-0.017206432,0.95,0.5224052,0.3272578,-0.05101078,0.95,0.5221769,0.38220245,0.11403364,0.95,0.5884082,0.26238397,-0.018879533,0.95,0.50208414,0.25856292,0.08967953,0.95,0.5150116,0.31790057,-0.03298217,0.95,0.5221018,0.3167053,-0.051417083,0.95,0.62937784,0.42689413,0.10884007,0.95,0.4628559,0.3007994,-0.045829352,0.95,0.7061323,0.35460922,-0.042522036,0.95,0.47735548,0.4540684,0.16381264,0.95,0.71806365,0.53136957,-0.04392044,0.95,0.3085323,0.52818674,0.16094257,0.95,0.71726763,0.53090906,0.15390424,0.95,0.28589183,0.5266541,0.108989604,0.95,0.71996087,0.41920298,-0.075788476,0.95,0.52501374,0.5353018,0.16065359,0.95,0.7109855,0.3487726,0.06993147,0.95,0.24048677,0.53169096,0.08301731,0.95,0.6223781,0.58334905,0.065995656,0.95,0.42220563,0.5649295,0.042327978,0.95,0.61514723,0.69493794,0.09315611,0.95,0.5120078,0.68979204,0.039433178,0.95,0.640745,0.8043876,0.33098552,0.95,0.50564104,0.8022795,0.32278055,0.95,0.43025422,0.7107577,0.32293084,0.95,0.58106214,0.80501413,0.30138466,0.95,0.6113977,0.84398645,0.06413286,0.95,0.44505414,0.8515533,-0.011613066,0.95,0.9,0.9,0.9,0.9,0.9,0.9,0.9,0.9,0.9,0.9,0.9,0.9,0.9,0.9,0.9,0.9,0.9,0.9,0.9,0.9,0.9,0.9,0.9,0.9,0.9,0.9,0.9,0.9,0.9,0.9,0.9,0.9,0.9
143,4.766666666666667,0.5711198,0.31394908,-0.05180637,0.95,0.58525026,0.24313831,-0.05714751,0.95,0.5875073,0.26130193,0.08353916,0.95,0.59068733,0.37430722,-0.05741329,0.95,0.5736316,0.33919862,-0.017206432,0.95,0.5224052,0.3272578,-0.05101081,0.95,0.5221769,0.38220248,0.114033625,0.95,0.5884082,0.262384,-0.018879507,0.95,0.50208414,0.25856292,0.08967951,0.95,0.51501167,0.31790057,-0.032982178,0.95,0.5221018,0.3167053,-0.051417097,0.95,0.62937784,0.42689413,0.108840086,0.95,0.4628558,0.3007994,-0.045829367,0.95,0.7061323,0.35460922,-0.042522028,0.95,0.4773555,0.45406836,0.16381262,0.95,0.71806365,0.53136957,-0.043920558,0.95,0.30853236,0.5281868,0.16094258,0.95,0.71726763,0.53090906,0.15390418,0.95,0.2858917,0.5266541,0.10898954,0.95,0.71996087,0.41920304,-0.07578849,0.95,0.52501374,0.53530174,0.16065359,0.95,0.7109855,0.3487726,0.06993145,0.95,0.24048677,0.53169096,0.08301731,0.95,0.6223781,0.58334905,0.06599563,0.95,0.42220566,0.5649295,0.04232796,0.95,0.6151473,0.69493794,0.0931561,0.95,0.51200783,0.68979204,0.039433192,0.95,0.640745,0.8043876,0.33098555,0.95,0.5056411,0.8022795,0.3227806,0.95,0.4302542,0.7107577,0.32293084,0.95,0.5810621,0.8050142,0.3013846,0.95,0.61139774,0.84398645,0.06413289,0.95,0.44505408,0.8515533,-0.011613104,0.95,0.9,0.9,0.9,0.9,0.9,0.9,0.9,0.9,0.9,0.9,0.9,0.9,0.9,0.9,0.9,0.9,0.9,0.9,0.9,0.9,0.9,0.9,0.9,0.9,0.9,0.9,0.9,0.9,0.9,0.9,0.9,0.9,0.9
144,4.8,0.5711198,0.31394902,-0.05180637,0.95,0.58525026,0.24313828,-0.057147518,0.95,0.58750725,0.26130193,0.08353914,0.95,0.59068733,0.37430722,-0.05741329,0.95,0.5736316,0.33919862,-0.017206421,0.95,0.5224052,0.3272578,-0.051010847,0.95,0.5221769,0.38220248,0.11403362,0.95,0.5884082,0.26238406,-0.018879514,0.95,0.50208414,0.25856292,0.089679465,0.95,0.5150117,0.3179006,-0.03298215,0.95,0.5221018,0.3167053,-0.051417105,0.95,0.62937784,0.42689413,0.10884011,0.95,0.4628557,0.3007994,-0.04582938,0.95,0.7061323,0.35460925,-0.042522013,0.95,0.4773555,0.45406833,0.16381262,0.95,0.7180637,0.5313696,-0.043920707,0.95,0.30853233,0.52818686,0.1609426,0.95,0.7172677,0.5309091,0.15390411,0.95,0.28589156,0.5266541,0.108989514,0.95,0.71996087,0.41920313,-0.075788476,0.95,0.5250138,0.53530174,0.16065358,0.95,0.7109855,0.34877262,0.06993144,0.95,0.2404868,0.53169096,0.08301729,0.95,0.6223781,0.58334905,0.06599561,0.95,0.42220563,0.56492954,0.042327944,0.95,0.6151473,0.69493794,0.09315608,0.95,0.51200783,0.6897921,0.0394332,0.95,0.640745,0.8043876,0.33098555,0.95,0.5056411,0.8022795,0.32278067,0.95,0.43025422,0.7107577,0.32293078,0.95,0.5810621,0.8050142,0.3013845,0.95,0.6113978,0.84398645,0.06413291,0.95,0.44505405,0.8515533,-0.011613141,0.95,0.9,0.9,0.9,0.9,0.9,0.9,0.9,0.9,0.9,0.9,0.9,0.9,0.9,0.9,0.9,0.9,0.9,0.9,0.9,0.9,0.9,0.9,0.9,0.9,0.9,0.9,0.9,0.9,0.9,0.9,0.9,0.9,0.9
145,4.833333333333333,0.5711198,0.31394896,-0.05180638,0.95,0.58525026,0.24313825,-0.057147525,0.95,0.58750725,0.2613019,0.08353914,0.95,0.59068733,0.3743072,-0.05741329,0.95,0.5736316,0.33919865,-0.017206421,0.95,0.5224052,0.3272578,-0.05101087,0.95,0.522177,0.3822025,0.11403361,0.95,0.5884082,0.2623841,-0.018879533,0.95,0.50208414,0.25856295,0.08967944,0.95,0.5150118,0.31790063,-0.032982156,0.95,0.5221018,0.31670526,-0.051417112,0.95,0.62937784,0.42689413,0.10884013,0.95,0.46285564,0.3007994,-0.045829397,0.95,0.7061323,0.35460928,-0.042522013,0.95,0.4773555,0.45406827,0.16381262,0.95,0.7180637,0.5313696,-0.043920834,0.95,0.3085324,0.52818686,0.1609426,0.95,0.7172677,0.5309091,0.15390407,0.95,0.28589144,0.5266541,0.108989455,0.95,0.71996087,0.4192032,-0.07578849,0.95,0.52501386,0.5353017,0.16065358,0.95,0.7109855,0.34877262,0.069931455,0.95,0.24048682,0.53169096,0.08301729,0.95,0.6223781,0.58334905,0.0659956,0.95,0.42220566,0.56492954,0.04232793,0.95,0.6151473,0.69493794,0.09315607,0.95,0.5120079,0.6897921,0.039433215,0.95,0.640745,0.8043876,0.33098558,0.95,0.5056411,0.8022795,0.32278073,0.95,0.43025422,0.7107576,0.32293078,0.95,0.581062,0.8050142,0.3013845,0.95,0.6113978,0.84398645,0.06413294,0.95,0.445054,0.8515533,-0.011613163,0.95,0.9,0.9,0.9,0.9,0.9,0.9,0.9,0.9,0.9,0.9,0.9,0.9,0.9,0.9,0.9,0.9,0.9,0.9,0.9,0.9,0.9,0.9,0.9,0.9,0.9,0.9,0.9,0.9,0.9,0.9,0.9,0.9,0.9
146,4.866666666666666,0.5711198,0.3139489,-0.051806394,0.95,0.58525026,0.24313824,-0.057147533,0.95,0.58750725,0.2613019,0.083539166,0.95,0.59068733,0.37430716,-0.0574133,0.95,0.5736316,0.33919865,-0.017206421,0.95,0.52240515,0.32725778,-0.0510109,0.95,0.5221769,0.3822025,0.1140336,0.95,0.5884082,0.26238412,-0.018879559,0.95,0.5020841,0.25856295,0.08967941,0.95,0.51501185,0.31790066,-0.03298214,0.95,0.5221018,0.31670526,-0.051417127,0.95,0.62937784,0.42689413,0.10884016,0.95,0.46285558,0.3007994,-0.04582942,0.95,0.7061323,0.3546093,-0.042522006,0.95,0.47735548,0.45406824,0.16381261,0.95,0.7180637,0.5313697,-0.043920945,0.95,0.30853242,0.5281869,0.1609426,0.95,0.7172677,0.5309092,0.153904,0.95,0.28589135,0.5266541,0.108989425,0.95,0.71996087,0.41920325,-0.075788476,0.95,0.5250139,0.5353017,0.16065358,0.95,0.7109854,0.34877264,0.06993145,0.95,0.24048683,0.53169096,0.08301728,0.95,0.6223782,0.583349,0.06599559,0.95,0.42220566,0.56492954,0.042327918,0.95,0.61514735,0.69493794,0.09315606,0.95,0.5120079,0.6897921,0.03943323,0.95,0.640745,0.8043876,0.33098558,0.95,0.5056411,0.8022795,0.3227808,0.95,0.43025425,0.7107576,0.3229308,0.95,0.58106196,0.8050142,0.30138445,0.95,0.61139786,0.84398645,0.06413296,0.95,0.44505394,0.8515533,-0.011613178,0.95,0.9,0.9,0.9,0.9,0.9,0.9,0.9,0.9,0.9,0.9,0.9,0.9,0.9,0.9,0.9,0.9,0.9,0.9,0.9,0.9,0.9,0.9,0.9,0.9,0.9,0.9,0.9,0.9,0.9,0.9,0.9,0.9,0.9
147,4.9,0.5711198,0.31394884,-0.0518064,0.95,0.58525026,0.24313822,-0.05714754,0.95,0.5875072,0.26130188,0.083539166,0.95,0.59068733,0.37430716,-0.0574133,0.95,0.5736316,0.33919865,-0.017206429,0.95,0.52240515,0.32725778,-0.05101092,0.95,0.5221769,0.3822025,0.114033595,0.95,0.5884082,0.26238415,-0.018879574,0.95,0.5020841,0.25856298,0.08967938,0.95,0.5150119,0.31790066,-0.032982156,0.95,0.52210176,0.31670526,-0.051417157,0.95,0.6293779,0.42689413,0.108840175,0.95,0.46285552,0.30079943,-0.045829434,0.95,0.7061323,0.35460934,-0.042522006,0.95,0.4773555,0.45406818,0.16381261,0.95,0.7180638,0.5313697,-0.043921035,0.95,0.30853242,0.5281869,0.1609426,0.95,0.7172677,0.5309092,0.15390393,0.95,0.28589123,0.5266541,0.108989395,0.95,0.7199609,0.4192033,-0.07578849,0.95,0.525014,0.5353016,0.16065358,0.95,0.7109854,0.34877264,0.069931455,0.95,0.24048685,0.53169096,0.08301728,0.95,0.6223782,0.583349,0.06599558,0.95,0.4222057,0.56492954,0.042327903,0.95,0.61514735,0.69493794,0.093156055,0.95,0.51200795,0.6897921,0.03943325,0.95,0.640745,0.8043876,0.3309856,0.95,0.50564116,0.8022795,0.32278082,0.95,0.43025425,0.7107576,0.32293078,0.95,0.58106196,0.8050142,0.3013844,0.95,0.61139786,0.8439865,0.06413301,0.95,0.44505385,0.8515533,-0.0116132,0.95,0.9,0.9,0.9,0.9,0.9,0.9,0.9,0.9,0.9,0.9,0.9,0.9,0.9,0.9,0.9,0.9,0.9,0.9,0.9,0.9,0.9,0.9,0.9,0.9,0.9,0.9,0.9,0.9,0.9,0.9,0.9,0.9,0.9
148,4.933333333333334,0.5711198,0.31394878,-0.05180641,0.95,0.58525026,0.24313821,-0.05714754,0.95,0.5875072,0.26130185,0.083539166,0.95,0.59068733,0.37430716,-0.0574133,0.95,0.5736316,0.33919868,-0.017206432,0.95,0.5224052,0.32725778,-0.051010936,0.95,0.522177,0.3822025,0.11403358,0.95,0.5884082,0.26238418,-0.018879574,0.95,0.5020841,0.25856298,0.08967937,0.95,0.51501197,0.3179007,-0.032982156,0.95,0.52210176,0.31670523,-0.051417165,0.95,0.6293779,0.42689413,0.10884018,0.95,0.4628555,0.30079943,-0.04582945,0.95,0.7061323,0.35460937,-0.04252199,0.95,0.4773555,0.45406815,0.16381258,0.95,0.7180638,0.53136975,-0.04392114,0.95,0.30853245,0.5281869,0.16094258,0.95,0.71726775,0.53090924,0.15390392,0.95,0.28589115,0.5266541,0.108989365,0.95,0.7199609,0.41920337,-0.075788476,0.95,0.525014,0.5353016,0.16065356,0.95,0.7109855,0.34877264,0.06993147,0.95,0.24048686,0.53169096,0.08301727,0.95,0.6223782,0.583349,0.06599555,0.95,0.42220566,0.56492954,0.0423279,0.95,0.6151474,0.69493794,0.09315605,0.95,0.51200795,0.6897921,0.03943326,0.95,0.6407449,0.8043876,0.3309856,0.95,0.50564116,0.8022795,0.32278088,0.95,0.43025428,0.7107576,0.32293075,0.95,0.5810619,0.8050142,0.30138436,0.95,0.6113979,0.8439865,0.06413304,0.95,0.44505382,0.8515533,-0.011613223,0.95,0.9,0.9,0.9,0.9,0.9,0.9,0.9,0.9,0.9,0.9,0.9,0.9,0.9,0.9,0.9,0.9,0.9,0.9,0.9,0.9,0.9,0.9,0.9,0.9,0.9,0.9,0.9,0.9,0.9,0.9,0.9,0.9,0.9
149,4.966666666666667,0.5711198,0.31394875,-0.05180641,0.95,0.58525026,0.24313818,-0.057147548,0.95,0.5875072,0.26130185,0.083539166,0.95,0.59068733,0.37430713,-0.0574133,0.95,0.5736316,0.33919868,-0.017206432,0.95,0.5224052,0.32725778,-0.05101096,0.95,0.522177,0.3822025,0.11403358,0.95,0.5884082,0.2623842,-0.018879592,0.95,0.5020841,0.25856298,0.08967935,0.95,0.515012,0.31790072,-0.03298214,0.95,0.52210176,0.31670523,-0.05141718,0.95,0.6293779,0.42689413,0.1088402,0.95,0.46285543,0.30079943,-0.045829456,0.95,0.7061323,0.35460937,-0.04252197,0.95,0.47735548,0.45406812,0.16381256,0.95,0.7180638,0.53136975,-0.043921243,0.95,0.3085325,0.528187,0.16094258,0.95,0.71726775,0.53090924,0.15390389,0.95,0.28589106,0.5266541,0.10898934,0.95,0.7199609,0.41920343,-0.07578849,0.95,0.52501404,0.53530157,0.16065355,0.95,0.7109854,0.34877264,0.06993148,0.95,0.24048688,0.53169096,0.08301723,0.95,0.6223782,0.583349,0.065995544,0.95,0.42220566,0.56492954,0.042327892,0.95,0.6151474,0.69493794,0.09315604,0.95,0.512008,0.6897921,0.03943328,0.95,0.6407449,0.8043876,0.33098564,0.95,0.5056412,0.8022795,0.3227809,0.95,0.43025425,0.7107576,0.32293075,0.95,0.5810619,0.8050142,0.30138436,0.95,0.6113979,0.8439865,0.06413307,0.95,0.44505376,0.8515533,-0.011613253,0.95,0.9,0.9,0.9,0.9,0.9,0.9,0.9,0.9,0.9,0.9,0.9,0.9,0.9,0.9,0.9,0.9,0.9,0.9,0.9,0.9,0.9,0.9,0.9,0.9,0.9,0.9,0.9,0.9,0.9,0.9,0.9,0.9,0.9
150,5.0,0.5711198,0.3139487,-0.05180643,0.95,0.58525026,0.24313816,-0.057147555,0.95,0.5875072,0.26130182,0.08353916,0.95,0.59068733,0.3743071,-0.0574133,0.95,0.5736316,0.33919868,-0.017206443,0.95,0.5224052,0.32725775,-0.05101098,0.95,0.522177,0.3822025,0.11403358,0.95,0.5884082,0.2623842,-0.018879607,0.95,0.502084,0.258563,0.08967933,0.95,0.5150121,0.3179007,-0.032982133,0.95,0.52210176,0.31670523,-0.051417187,0.95,0.6293779,0.42689413,0.108840205,0.95,0.4628554,0.30079943,-0.045829486,0.95,0.7061323,0.35460937,-0.042521976,0.95,0.4773555,0.4540681,0.16381255,0.95,0.71806383,0.53136975,-0.043921325,0.95,0.30853245,0.528187,0.16094257,0.95,0.71726775,0.53090924,0.15390384,0.95,0.285891,0.5266541,0.10898932,0.95,0.7199609,0.41920346,-0.075788505,0.95,0.52501404,0.53530157,0.16065356,0.95,0.7109854,0.34877264,0.0699315,0.95,0.24048688,0.53169096,0.083017215,0.95,0.6223782,0.583349,0.06599552,0.95,0.42220566,0.56492954,0.042327892,0.95,0.6151474,0.69493794,0.09315603,0.95,0.512008,0.6897921,0.039433293,0.95,0.6407449,0.8043876,0.33098564,0.95,0.5056412,0.8022795,0.32278094,0.95,0.43025425,0.71075755,0.32293078,0.95,0.58106184,0.8050142,0.30138433,0.95,0.6113979,0.8439865,0.064133085,0.95,0.44505367,0.8515533,-0.011613253,0.95,0.9,0.9,0.9,0.9,0.9,0.9,0.9,0.9,0.9,0.9,0.9,0.9,0.9,0.9,0.9,0.9,0.9,0.9,0.9,0.9,0.9,0.9,0.9,0.9,0.9,0.9,0.9,0.9,0.9,0.9,0.9,0.9,0.9
151,5.033333333333333,0.5711198,0.31394866,-0.05180643,0.95,0.58525026,0.24313815,-0.057147555,0.95,0.5875072,0.2613018,0.08353916,0.95,0.59068733,0.3743071,-0.0574133,0.95,0.5736316,0.33919868,-0.01720645,0.95,0.5224052,0.32725775,-0.051010996,0.95,0.522177,0.3822025,0.11403357,0.95,0.5884082,0.26238424,-0.018879622,0.95,0.502084,0.25856304,0.089679316,0.95,0.51501215,0.31790072,-0.03298214,0.95,0.52210176,0.3167052,-0.051417187,0.95,0.6293779,0.42689413,0.108840205,0.95,0.46285534,0.30079943,-0.045829494,0.95,0.70613235,0.3546094,-0.042521983,0.95,0.4773555,0.45406806,0.16381255,0.95,0.71806383,0.5313698,-0.043921415,0.95,0.30853248,0.52818704,0.16094255,0.95,0.7172678,0.53090924,0.1539038,0.95,0.2858909,0.5266541,0.108989306,0.95,0.7199609,0.41920352,-0.075788535,0.95,0.52501404,0.53530157,0.16065355,0.95,0.7109854,0.34877264,0.06993151,0.95,0.24048689,0.53169096,0.083017215,0.95,0.6223782,0.583349,0.065995514,0.95,0.42220566,0.5649296,0.042327892,0.95,0.6151474,0.69493794,0.093156025,0.95,0.512008,0.6897921,0.0394333,0.95,0.6407449,0.8043877,0.33098567,0.95,0.5056412,0.8022795,0.32278097,0.95,0.43025428,0.71075755,0.32293075,0.95,0.58106184,0.8050142,0.30138433,0.95,0.611398,0.8439865,0.06413309,0.95,0.44505364,0.8515533,-0.011613275,0.95,0.9,0.9,0.9,0.9,0.9,0.9,0.9,0.9,0.9,0.9,0.9,0.9,0.9,0.9,0.9,0.9,0.9,0.9,0.9,0.9,0.9,0.9,0.9,0.9,0.9,0.9,0.9,0.9,0.9,0.9,0.9,0.9,0.9
152,5.066666666666666,0.5711197,0.31394863,-0.05180643,0.95,0.58525026,0.24313812,-0.057147555,0.95,0.5875072,0.26130176,0.08353916,0.95,0.59068733,0.37430707,-0.0574133,0.95,0.5736316,0.33919868,-0.017206466,0.95,0.5224052,0.32725775,-0.051011004,0.95,0.522177,0.3822025,0.11403356,0.95,0.5884082,0.26238427,-0.018879637,0.95,0.502084,0.25856304,0.0896793,0.95,0.5150122,0.31790075,-0.032982133,0.95,0.5221017,0.3167052,-0.0514172,0.95,0.62937796,0.42689413,0.108840205,0.95,0.46285534,0.30079943,-0.0458295,0.95,0.7061323,0.35460943,-0.04252196,0.95,0.4773555,0.45406803,0.16381255,0.95,0.71806383,0.5313698,-0.043921474,0.95,0.3085325,0.52818704,0.16094257,0.95,0.7172678,0.5309093,0.15390377,0.95,0.28589085,0.5266541,0.10898929,0.95,0.7199609,0.41920355,-0.075788535,0.95,0.5250141,0.53530157,0.16065355,0.95,0.7109854,0.34877264,0.06993152,0.95,0.2404869,0.53169096,0.08301719,0.95,0.6223782,0.583349,0.06599549,0.95,0.42220566,0.5649296,0.042327885,0.95,0.6151475,0.69493794,0.093156025,0.95,0.5120081,0.6897921,0.03943331,0.95,0.6407449,0.8043877,0.33098567,0.95,0.5056412,0.8022795,0.322781,0.95,0.43025428,0.71075755,0.32293075,0.95,0.5810618,0.8050142,0.30138436,0.95,0.611398,0.8439865,0.064133115,0.95,0.44505358,0.8515533,-0.01161329,0.95,0.9,0.9,0.9,0.9,0.9,0.9,0.9,0.9,0.9,0.9,0.9,0.9,0.9,0.9,0.9,0.9,0.9,0.9,0.9,0.9,0.9,0.9,0.9,0.9,0.9,0.9,0.9,0.9,0.9,0.9,0.9,0.9,0.9
153,5.1,0.5711197,0.31394857,-0.05180644,0.95,0.58525026,0.2431381,-0.057147563,0.95,0.5875071,0.26130176,0.08353916,0.95,0.59068733,0.37430707,-0.0574133,0.95,0.5736316,0.33919868,-0.017206473,0.95,0.5224052,0.32725775,-0.051011026,0.95,0.522177,0.3822025,0.11403356,0.95,0.5884082,0.26238427,-0.018879637,0.95,0.50208396,0.25856304,0.089679286,0.95,0.5150122,0.31790075,-0.03298214,0.95,0.5221017,0.3167052,-0.0514172,0.95,0.62937796,0.42689413,0.10884023,0.95,0.4628553,0.30079943,-0.045829523,0.95,0.70613235,0.35460943,-0.04252194,0.95,0.4773555,0.454068,0.16381252,0.95,0.71806383,0.5313698,-0.04392152,0.95,0.30853245,0.52818704,0.16094255,0.95,0.7172678,0.5309093,0.15390374,0.95,0.28589076,0.5266541,0.10898927,0.95,0.7199609,0.4192036,-0.075788535,0.95,0.52501416,0.5353015,0.16065353,0.95,0.7109854,0.34877264,0.069931515,0.95,0.2404869,0.53169096,0.083017185,0.95,0.6223782,0.583349,0.06599547,0.95,0.42220563,0.5649296,0.04232788,0.95,0.6151475,0.69493794,0.09315602,0.95,0.5120081,0.6897921,0.039433327,0.95,0.6407449,0.8043877,0.3309857,0.95,0.5056413,0.8022795,0.32278103,0.95,0.43025428,0.71075755,0.32293075,0.95,0.5810618,0.8050142,0.3013843,0.95,0.611398,0.8439865,0.06413312,0.95,0.44505352,0.8515533,-0.01161329,0.95,0.9,0.9,0.9,0.9,0.9,0.9,0.9,0.9,0.9,0.9,0.9,0.9,0.9,0.9,0.9,0.9,0.9,0.9,0.9,0.9,0.9,0.9,0.9,0.9,0.9,0.9,0.9,0.9,0.9,0.9,0.9,0.9,0.9
154,5.133333333333334,0.5711197,0.31394854,-0.051806446,0.95,0.58525026,0.24313809,-0.05714757,0.95,0.5875071,0.26130173,0.083539166,0.95,0.59068733,0.37430704,-0.0574133,0.95,0.5736316,0.33919868,-0.017206477,0.95,0.5224052,0.32725775,-0.05101104,0.95,0.522177,0.3822025,0.11403355,0.95,0.5884082,0.2623843,-0.018879648,0.95,0.50208396,0.25856304,0.08967926,0.95,0.51501226,0.31790078,-0.032982133,0.95,0.5221017,0.31670517,-0.05141721,0.95,0.62937796,0.42689413,0.108840235,0.95,0.46285528,0.30079943,-0.04582954,0.95,0.70613235,0.35460946,-0.042521954,0.95,0.47735548,0.45406798,0.16381249,0.95,0.7180639,0.53136986,-0.04392158,0.95,0.30853245,0.52818704,0.16094255,0.95,0.7172679,0.5309093,0.1539037,0.95,0.28589073,0.5266541,0.10898923,0.95,0.7199609,0.41920367,-0.075788535,0.95,0.52501416,0.5353015,0.16065353,0.95,0.7109854,0.34877264,0.06993153,0.95,0.2404869,0.53169096,0.083017185,0.95,0.6223782,0.583349,0.06599548,0.95,0.42220563,0.5649296,0.04232788,0.95,0.6151475,0.69493794,0.09315602,0.95,0.51200813,0.6897921,0.03943335,0.95,0.6407449,0.8043877,0.3309857,0.95,0.5056413,0.8022795,0.32278103,0.95,0.43025428,0.71075755,0.32293078,0.95,0.5810617,0.8050142,0.30138427,0.95,0.611398,0.8439865,0.06413314,0.95,0.44505346,0.8515533,-0.011613297,0.95,0.9,0.9,0.9,0.9,0.9,0.9,0.9,0.9,0.9,0.9,0.9,0.9,0.9,0.9,0.9,0.9,0.9,0.9,0.9,0.9,0.9,0.9,0.9,0.9,0.9,0.9,0.9,0.9,0.9,0.9,0.9,0.9,0.9
155,5.166666666666667,0.5711197,0.3139485,-0.051806454,0.95,0.58525026,0.24313807,-0.05714757,0.95,0.5875071,0.2613017,0.083539166,0.95,0.59068733,0.37430704,-0.0574133,0.95,0.5736316,0.33919868,-0.017206488,0.95,0.5224052,0.32725775,-0.05101105,0.95,0.522177,0.3822025,0.11403356,0.95,0.5884082,0.2623843,-0.018879663,0.95,0.50208396,0.25856307,0.08967925,0.95,0.51501226,0.31790078,-0.03298214,0.95,0.5221017,0.31670517,-0.051417224,0.95,0.62937796,0.42689413,0.10884022,0.95,0.46285525,0.30079943,-0.04582954,0.95,0.70613235,0.35460946,-0.04252193,0.95,0.4773555,0.45406798,0.16381249,0.95,0.7180639,0.53136986,-0.043921653,0.95,0.30853245,0.52818704,0.16094255,0.95,0.7172679,0.5309093,0.15390368,0.95,0.28589067,0.52665406,0.10898925,0.95,0.7199609,0.4192037,-0.075788535,0.95,0.5250142,0.5353015,0.16065352,0.95,0.7109854,0.34877264,0.06993153,0.95,0.24048692,0.53169096,0.08301716,0.95,0.6223782,0.583349,0.06599547,0.95,0.42220563,0.5649296,0.042327877,0.95,0.61514753,0.69493794,0.09315601,0.95,0.5120082,0.6897921,0.039433353,0.95,0.6407449,0.8043877,0.3309857,0.95,0.5056413,0.8022795,0.32278106,0.95,0.4302543,0.71075755,0.32293072,0.95,0.5810617,0.8050142,0.3013842,0.95,0.611398,0.8439865,0.06413316,0.95,0.4450534,0.8515533,-0.01161332,0.95,0.9,0.9,0.9,0.9,0.9,0.9,0.9,0.9,0.9,0.9,0.9,0.9,0.9,0.9,0.9,0.9,0.9,0.9,0.9,0.9,0.9,0.9,0.9,0.9,0.9,0.9,0.9,0.9,0.9,0.9,0.9,0.9,0.9
156,5.2,0.5711197,0.31394848,-0.05180646,0.95,0.58525026,0.24313806,-0.057147577,0.95,0.5875071,0.2613017,0.08353916,0.95,0.5906874,0.374307,-0.0574133,0.95,0.5736316,0.33919868,-0.017206488,0.95,0.5224052,0.32725772,-0.05101105,0.95,0.522177,0.3822025,0.11403355,0.95,0.5884082,0.2623843,-0.018879667,0.95,0.50208396,0.25856307,0.08967924,0.95,0.5150123,0.31790078,-0.032982133,0.95,0.5221017,0.31670517,-0.051417224,0.95,0.62937796,0.42689413,0.108840235,0.95,0.46285525,0.30079943,-0.045829553,0.95,0.70613235,0.35460946,-0.04252193,0.95,0.47735554,0.45406795,0.16381247,0.95,0.7180639,0.53136986,-0.043921713,0.95,0.30853248,0.52818704,0.16094255,0.95,0.7172679,0.5309093,0.15390368,0.95,0.2858906,0.52665406,0.10898923,0.95,0.719961,0.41920373,-0.07578855,0.95,0.5250142,0.5353015,0.16065352,0.95,0.7109854,0.34877264,0.06993155,0.95,0.24048692,0.53169096,0.083017156,0.95,0.6223782,0.583349,0.06599546,0.95,0.42220563,0.5649296,0.042327873,0.95,0.61514753,0.69493794,0.093156,0.95,0.5120082,0.6897921,0.039433368,0.95,0.6407449,0.8043877,0.33098572,0.95,0.5056413,0.8022795,0.32278106,0.95,0.4302543,0.7107575,0.32293075,0.95,0.5810617,0.8050142,0.3013842,0.95,0.611398,0.8439865,0.064133175,0.95,0.44505337,0.8515533,-0.011613327,0.95,0.9,0.9,0.9,0.9,0.9,0.9,0.9,0.9,0.9,0.9,0.9,0.9,0.9,0.9,0.9,0.9,0.9,0.9,0.9,0.9,0.9,0.9,0.9,0.9,0.9,0.9,0.9,0.9,0.9,0.9,0.9,0.9,0.9
157,5.233333333333333,0.5711197,0.31394845,-0.05180646,0.95,0.58525026,0.24313806,-0.057147577,0.95,0.5875071,0.26130167,0.08353916,0.95,0.5906874,0.374307,-0.0574133,0.95,0.5736316,0.33919868,-0.017206492,0.95,0.5224052,0.32725772,-0.051011063,0.95,0.522177,0.3822025,0.11403355,0.95,0.5884082,0.2623843,-0.018879667,0.95,0.50208396,0.2585631,0.089679234,0.95,0.5150124,0.31790078,-0.032982126,0.95,0.5221017,0.31670514,-0.05141723,0.95,0.62937796,0.42689413,0.108840235,0.95,0.46285522,0.30079943,-0.04582956,0.95,0.70613235,0.35460946,-0.042521916,0.95,0.4773555,0.45406795,0.16381247,0.95,0.7180639,0.53136986,-0.043921743,0.95,0.30853245,0.5281871,0.16094255,0.95,0.7172679,0.5309093,0.15390366,0.95,0.28589055,0.52665406,0.10898924,0.95,0.719961,0.4192038,-0.07578855,0.95,0.5250142,0.5353015,0.16065353,0.95,0.7109854,0.34877264,0.06993156,0.95,0.24048692,0.53169096,0.08301715,0.95,0.6223782,0.583349,0.065995455,0.95,0.4222056,0.5649296,0.04232787,0.95,0.61514753,0.69493794,0.093156,0.95,0.5120082,0.6897921,0.039433375,0.95,0.6407449,0.8043877,0.33098575,0.95,0.5056413,0.8022795,0.3227811,0.95,0.43025434,0.7107575,0.32293072,0.95,0.5810617,0.8050142,0.3013842,0.95,0.611398,0.8439865,0.06413318,0.95,0.4450533,0.8515533,-0.011613342,0.95,0.9,0.9,0.9,0.9,0.9,0.9,0.9,0.9,0.9,0.9,0.9,0.9,0.9,0.9,0.9,0.9,0.9,0.9,0.9,0.9,0.9,0.9,0.9,0.9,0.9,0.9,0.9,0.9,0.9,0.9,0.9,0.9,0.9
158,5.266666666666667,0.5711197,0.31394845,-0.05180647,0.95,0.5852503,0.24313805,-0.057147577,0.95,0.5875071,0.26130167,0.08353916,0.95,0.5906874,0.374307,-0.0574133,0.95,0.5736316,0.33919868,-0.01720651,0.95,0.5224052,0.32725772,-0.05101107,0.95,0.522177,0.3822025,0.114033535,0.95,0.5884082,0.2623843,-0.018879667,0.95,0.50208396,0.2585631,0.08967923,0.95,0.5150124,0.31790078,-0.032982133,0.95,0.5221017,0.31670514,-0.05141723,0.95,0.62937796,0.42689413,0.10884024,0.95,0.46285522,0.30079943,-0.045829576,0.95,0.70613235,0.3546095,-0.042521924,0.95,0.4773555,0.45406792,0.16381246,0.95,0.7180639,0.5313699,-0.043921787,0.95,0.30853245,0.5281871,0.16094254,0.95,0.71726793,0.5309093,0.15390363,0.95,0.28589052,0.52665406,0.10898923,0.95,0.719961,0.41920382,-0.075788565,0.95,0.5250142,0.5353015,0.1606535,0.95,0.7109854,0.34877264,0.06993156,0.95,0.24048692,0.53169096,0.08301716,0.95,0.6223782,0.583349,0.06599544,0.95,0.4222056,0.5649296,0.04232787,0.95,0.61514753,0.69493794,0.093156,0.95,0.5120082,0.6897921,0.039433382,0.95,0.6407449,0.8043877,0.33098575,0.95,0.5056413,0.8022795,0.3227811,0.95,0.43025434,0.7107575,0.32293072,0.95,0.5810617,0.8050142,0.30138418,0.95,0.61139804,0.8439865,0.0641332,0.95,0.44505328,0.8515533,-0.011613342,0.95,0.9,0.9,0.9,0.9,0.9,0.9,0.9,0.9,0.9,0.9,0.9,0.9,0.9,0.9,0.9,0.9,0.9,0.9,0.9,0.9,0.9,0.9,0.9,0.9,0.9,0.9,0.9,0.9,0.9,0.9,0.9,0.9,0.9
159,5.3,0.5711197,0.31394842,-0.05180646,0.95,0.5852503,0.24313803,-0.057147577,0.95,0.5875071,0.26130164,0.08353916,0.95,0.5906874,0.374307,-0.0574133,0.95,0.5736316,0.33919868,-0.0172065,0.95,0.5224052,0.32725772,-0.05101107,0.95,0.52217704,0.38220254,0.114033535,0.95,0.5884082,0.2623843,-0.018879678,0.95,0.5020839,0.2585631,0.08967922,0.95,0.5150124,0.3179008,-0.032982126,0.95,0.5221017,0.31670514,-0.05141723,0.95,0.62937796,0.42689413,0.108840235,0.95,0.46285522,0.30079943,-0.045829583,0.95,0.70613235,0.3546095,-0.042521916,0.95,0.4773555,0.4540679,0.16381244,0.95,0.71806395,0.5313699,-0.043921832,0.95,0.30853242,0.5281871,0.16094252,0.95,0.71726793,0.5309093,0.15390362,0.95,0.28589046,0.52665406,0.10898923,0.95,0.719961,0.41920385,-0.075788565,0.95,0.5250142,0.53530145,0.1606535,0.95,0.7109854,0.34877264,0.06993156,0.95,0.24048692,0.53169096,0.08301717,0.95,0.6223782,0.583349,0.06599543,0.95,0.42220557,0.5649296,0.04232787,0.95,0.61514753,0.69493794,0.093156,0.95,0.5120082,0.6897921,0.0394334,0.95,0.6407449,0.8043877,0.33098575,0.95,0.5056413,0.8022795,0.32278112,0.95,0.43025434,0.7107575,0.32293072,0.95,0.58106166,0.8050142,0.30138415,0.95,0.61139804,0.8439865,0.06413321,0.95,0.44505325,0.8515533,-0.011613349,0.95,0.9,0.9,0.9,0.9,0.9,0.9,0.9,0.9,0.9,0.9,0.9,0.9,0.9,0.9,0.9,0.9,0.9,0.9,0.9,0.9,0.9,0.9,0.9,0.9,0.9,0.9,0.9,0.9,0.9,0.9,0.9,0.9,0.9
160,5.333333333333333,0.5711197,0.3139484,-0.05180647,0.95,0.5852503,0.24313803,-0.057147577,0.95,0.5875071,0.26130164,0.08353916,0.95,0.5906874,0.374307,-0.0574133,0.95,0.5736316,0.33919868,-0.01720651,0.95,0.5224052,0.32725772,-0.051011086,0.95,0.52217704,0.38220254,0.114033535,0.95,0.5884082,0.2623843,-0.018879682,0.95,0.5020839,0.25856313,0.08967921,0.95,0.51501244,0.3179008,-0.032982126,0.95,0.5221017,0.31670514,-0.05141723,0.95,0.62937796,0.42689413,0.108840235,0.95,0.46285522,0.30079943,-0.045829583,0.95,0.70613235,0.3546095,-0.0425219,0.95,0.4773555,0.4540679,0.16381243,0.95,0.71806395,0.5313699,-0.043921877,0.95,0.3085324,0.5281871,0.16094252,0.95,0.71726793,0.5309093,0.15390359,0.95,0.28589046,0.52665406,0.10898921,0.95,0.719961,0.41920385,-0.075788565,0.95,0.5250142,0.53530145,0.1606535,0.95,0.7109854,0.34877264,0.069931574,0.95,0.24048693,0.53169096,0.08301718,0.95,0.6223782,0.583349,0.065995425,0.95,0.42220554,0.5649296,0.04232787,0.95,0.61514753,0.69493794,0.093155995,0.95,0.5120082,0.6897921,0.039433416,0.95,0.6407449,0.8043877,0.33098578,0.95,0.5056413,0.8022795,0.32278112,0.95,0.43025434,0.7107575,0.3229307,0.95,0.58106166,0.8050142,0.30138415,0.95,0.61139804,0.8439865,0.06413322,0.95,0.4450532,0.8515533,-0.011613349,0.95,0.9,0.9,0.9,0.9,0.9,0.9,0.9,0.9,0.9,0.9,0.9,0.9,0.9,0.9,0.9,0.9,0.9,0.9,0.9,0.9,0.9,0.9,0.9,0.9,0.9,0.9,0.9,0.9,0.9,0.9,0.9,0.9,0.9
161,5.366666666666666,0.5711197,0.3139484,-0.05180647,0.95,0.5852503,0.24313803,-0.057147577,0.95,0.5875071,0.2613016,0.08353916,0.95,0.5906874,0.374307,-0.0574133,0.95,0.5736316,0.33919865,-0.017206514,0.95,0.5224052,0.32725772,-0.051011093,0.95,0.52217704,0.38220254,0.11403353,0.95,0.5884082,0.2623843,-0.018879708,0.95,0.5020839,0.25856313,0.089679204,0.95,0.51501244,0.3179008,-0.032982126,0.95,0.5221017,0.31670514,-0.05141723,0.95,0.62937796,0.42689413,0.10884024,0.95,0.4628552,0.30079943,-0.04582959,0.95,0.70613235,0.35460952,-0.0425219,0.95,0.47735554,0.45406786,0.16381243,0.95,0.71806395,0.5313699,-0.04392189,0.95,0.3085324,0.52818716,0.16094252,0.95,0.71726793,0.5309093,0.15390357,0.95,0.28589043,0.52665406,0.10898922,0.95,0.719961,0.4192039,-0.07578858,0.95,0.5250142,0.53530145,0.1606535,0.95,0.7109854,0.34877264,0.06993158,0.95,0.24048693,0.53169096,0.08301718,0.95,0.6223782,0.583349,0.065995425,0.95,0.42220554,0.5649296,0.042327866,0.95,0.61514753,0.69493794,0.093155995,0.95,0.5120082,0.6897921,0.039433423,0.95,0.6407449,0.8043877,0.33098578,0.95,0.50564134,0.8022795,0.32278112,0.95,0.43025434,0.7107575,0.32293072,0.95,0.58106166,0.8050142,0.30138418,0.95,0.61139804,0.8439865,0.06413322,0.95,0.44505316,0.8515533,-0.011613349,0.95,0.9,0.9,0.9,0.9,0.9,0.9,0.9,0.9,0.9,0.9,0.9,0.9,0.9,0.9,0.9,0.9,0.9,0.9,0.9,0.9,0.9,0.9,0.9,0.9,0.9,0.9,0.9,0.9,0.9,0.9,0.9,0.9,0.9
162,5.4,0.5711197,0.31394836,-0.05180647,0.95,0.5852503,0.24313802,-0.057147585,0.95,0.5875071,0.2613016,0.08353916,0.95,0.5906874,0.37430698,-0.0574133,0.95,0.5736316,0.33919865,-0.017206514,0.95,0.5224052,0.32725772,-0.0510111,0.95,0.52217704,0.3822025,0.11403353,0.95,0.5884082,0.26238433,-0.018879708,0.95,0.5020839,0.25856313,0.0896792,0.95,0.5150125,0.3179008,-0.032982126,0.95,0.5221017,0.31670514,-0.05141724,0.95,0.629378,0.42689413,0.10884025,0.95,0.4628552,0.30079943,-0.045829613,0.95,0.70613235,0.35460952,-0.042521894,0.95,0.4773555,0.45406786,0.16381241,0.95,0.71806395,0.5313699,-0.04392193,0.95,0.30853236,0.52818716,0.16094252,0.95,0.71726793,0.5309093,0.15390356,0.95,0.2858904,0.52665406,0.108989194,0.95,0.719961,0.4192039,-0.075788565,0.95,0.5250142,0.53530145,0.1606535,0.95,0.7109854,0.34877264,0.0699316,0.95,0.24048695,0.53169096,0.08301718,0.95,0.6223782,0.583349,0.06599542,0.95,0.42220554,0.5649296,0.042327866,0.95,0.61514753,0.69493794,0.093155995,0.95,0.51200825,0.6897921,0.039433435,0.95,0.6407449,0.8043877,0.33098578,0.95,0.50564134,0.8022795,0.32278115,0.95,0.43025434,0.71075743,0.32293072,0.95,0.58106166,0.8050142,0.30138415,0.95,0.6113981,0.8439865,0.06413323,0.95,0.44505313,0.8515534,-0.011613364,0.95,0.9,0.9,0.9,0.9,0.9,0.9,0.9,0.9,0.9,0.9,0.9,0.9,0.9,0.9,0.9,0.9,0.9,0.9,0.9,0.9,0.9,0.9,0.9,0.9,0.9,0.9,0.9,0.9,0.9,0.9,0.9,0.9,0.9
163,5.433333333333334,0.5711197,0.31394836,-0.05180646,0.95,0.5852503,0.24313802,-0.057147585,0.95,0.5875071,0.26130158,0.08353915,0.95,0.5906874,0.37430698,-0.0574133,0.95,0.5736316,0.33919865,-0.017206514,0.95,0.5224052,0.32725772,-0.051011108,0.95,0.52217704,0.3822025,0.11403352,0.95,0.5884082,0.2623843,-0.018879708,0.95,0.5020839,0.25856313,0.08967919,0.95,0.5150125,0.3179008,-0.032982133,0.95,0.5221017,0.31670514,-0.051417254,0.95,0.629378,0.42689413,0.10884025,0.95,0.4628552,0.30079943,-0.045829613,0.95,0.70613235,0.35460952,-0.04252187,0.95,0.47735554,0.45406783,0.16381241,0.95,0.71806395,0.5313699,-0.04392196,0.95,0.30853233,0.52818716,0.16094252,0.95,0.71726793,0.5309093,0.15390353,0.95,0.28589037,0.526654,0.1089892,0.95,0.719961,0.41920394,-0.075788565,0.95,0.5250143,0.53530145,0.16065349,0.95,0.7109854,0.34877264,0.069931604,0.95,0.24048695,0.53169096,0.08301718,0.95,0.6223782,0.583349,0.06599541,0.95,0.42220554,0.5649296,0.042327866,0.95,0.61514753,0.69493794,0.093155995,0.95,0.51200825,0.6897921,0.039433446,0.95,0.6407449,0.8043877,0.3309858,0.95,0.50564134,0.8022795,0.32278115,0.95,0.43025437,0.71075743,0.3229307,0.95,0.58106166,0.8050142,0.30138415,0.95,0.6113981,0.8439865,0.06413323,0.95,0.4450531,0.8515534,-0.011613379,0.95,0.9,0.9,0.9,0.9,0.9,0.9,0.9,0.9,0.9,0.9,0.9,0.9,0.9,0.9,0.9,0.9,0.9,0.9,0.9,0.9,0.9,0.9,0.9,0.9,0.9,0.9,0.9,0.9,0.9,0.9,0.9,0.9,0.9
164,5.466666666666667,0.5711197,0.31394836,-0.05180646,0.95,0.5852503,0.24313802,-0.057147585,0.95,0.5875071,0.26130158,0.08353915,0.95,0.5906874,0.37430698,-0.0574133,0.95,0.5736316,0.33919865,-0.017206522,0.95,0.5224052,0.3272577,-0.051011115,0.95,0.52217704,0.3822025,0.11403353,0.95,0.5884082,0.26238433,-0.018879715,0.95,0.5020839,0.25856313,0.08967918,0.95,0.5150125,0.3179008,-0.032982133,0.95,0.5221017,0.3167051,-0.051417254,0.95,0.629378,0.42689413,0.10884024,0.95,0.4628552,0.30079943,-0.045829613,0.95,0.70613235,0.35460952,-0.042521894,0.95,0.47735554,0.45406783,0.1638124,0.95,0.71806395,0.5313699,-0.04392199,0.95,0.3085323,0.52818716,0.16094252,0.95,0.71726793,0.53090936,0.15390353,0.95,0.28589034,0.526654,0.1089892,0.95,0.719961,0.41920394,-0.075788595,0.95,0.5250142,0.53530145,0.16065349,0.95,0.7109854,0.34877264,0.0699316,0.95,0.24048696,0.53169096,0.08301716,0.95,0.6223782,0.583349,0.0659954,0.95,0.4222055,0.5649296,0.042327866,0.95,0.61514753,0.69493794,0.09315599,0.95,0.51200825,0.6897921,0.039433453,0.95,0.6407449,0.8043877,0.3309858,0.95,0.50564134,0.8022795,0.32278115,0.95,0.43025437,0.71075743,0.3229307,0.95,0.58106166,0.8050142,0.30138415,0.95,0.6113981,0.8439865,0.06413325,0.95,0.44505307,0.8515534,-0.011613379,0.95,0.9,0.9,0.9,0.9,0.9,0.9,0.9,0.9,0.9,0.9,0.9,0.9,0.9,0.9,0.9,0.9,0.9,0.9,0.9,0.9,0.9,0.9,0.9,0.9,0.9,0.9,0.9,0.9,0.9,0.9,0.9,0.9,0.9
165,5.5,0.5711197,0.31394833,-0.05180647,0.95,0.5852503,0.24313802,-0.057147585,0.95,0.5875071,0.26130158,0.08353914,0.95,0.5906874,0.37430698,-0.0574133,0.95,0.5736316,0.33919865,-0.017206533,0.95,0.5224052,0.3272577,-0.051011123,0.95,0.52217704,0.38220254,0.11403352,0.95,0.5884082,0.26238433,-0.018879715,0.95,0.5020839,0.25856316,0.08967918,0.95,0.51501256,0.3179008,-0.032982133,0.95,0.5221017,0.3167051,-0.051417254,0.95,0.629378,0.42689413,0.10884024,0.95,0.4628552,0.30079943,-0.045829628,0.95,0.70613235,0.35460952,-0.04252188,0.95,0.47735554,0.4540678,0.1638124,0.95,0.71806395,0.5313699,-0.043922003,0.95,0.3085323,0.52818716,0.16094252,0.95,0.71726793,0.5309093,0.15390351,0.95,0.28589034,0.526654,0.1089892,0.95,0.719961,0.41920397,-0.075788595,0.95,0.5250143,0.53530145,0.16065349,0.95,0.7109854,0.34877264,0.06993161,0.95,0.24048695,0.53169096,0.08301718,0.95,0.6223782,0.583349,0.06599541,0.95,0.42220548,0.5649296,0.042327862,0.95,0.61514753,0.69493794,0.093155995,0.95,0.51200825,0.6897921,0.03943346,0.95,0.6407449,0.8043877,0.3309858,0.95,0.50564134,0.8022795,0.32278115,0.95,0.43025437,0.71075743,0.3229307,0.95,0.58106166,0.8050142,0.30138418,0.95,0.6113981,0.8439865,0.06413325,0.95,0.44505304,0.8515534,-0.011613372,0.95,0.9,0.9,0.9,0.9,0.9,0.9,0.9,0.9,0.9,0.9,0.9,0.9,0.9,0.9,0.9,0.9,0.9,0.9,0.9,0.9,0.9,0.9,0.9,0.9,0.9,0.9,0.9,0.9,0.9,0.9,0.9,0.9,0.9
166,5.533333333333333,0.5711197,0.31394833,-0.05180647,0.95,0.5852503,0.24313802,-0.057147592,0.95,0.5875071,0.26130155,0.083539136,0.95,0.5906874,0.37430698,-0.0574133,0.95,0.5736316,0.33919865,-0.017206514,0.95,0.5224052,0.3272577,-0.05101113,0.95,0.52217704,0.38220254,0.11403351,0.95,0.5884082,0.26238433,-0.018879715,0.95,0.5020839,0.25856316,0.08967918,0.95,0.51501256,0.31790084,-0.032982133,0.95,0.5221017,0.3167051,-0.051417254,0.95,0.62937796,0.42689413,0.10884025,0.95,0.4628552,0.30079943,-0.045829628,0.95,0.70613235,0.35460952,-0.04252185,0.95,0.47735554,0.4540678,0.16381238,0.95,0.71806395,0.5313699,-0.043922056,0.95,0.3085323,0.52818716,0.16094252,0.95,0.717268,0.53090936,0.15390351,0.95,0.2858903,0.52665406,0.10898918,0.95,0.719961,0.41920397,-0.075788595,0.95,0.5250143,0.53530145,0.16065349,0.95,0.7109854,0.34877264,0.06993161,0.95,0.24048695,0.53169096,0.08301718,0.95,0.6223782,0.583349,0.065995395,0.95,0.42220548,0.5649296,0.04232786,0.95,0.6151476,0.69493794,0.093155995,0.95,0.51200825,0.6897921,0.039433468,0.95,0.6407449,0.8043877,0.33098578,0.95,0.50564134,0.8022795,0.32278115,0.95,0.4302544,0.71075743,0.3229307,0.95,0.58106166,0.8050142,0.30138415,0.95,0.6113981,0.8439865,0.06413324,0.95,0.445053,0.8515534,-0.011613379,0.95,0.9,0.9,0.9,0.9,0.9,0.9,0.9,0.9,0.9,0.9,0.9,0.9,0.9,0.9,0.9,0.9,0.9,0.9,0.9,0.9,0.9,0.9,0.9,0.9,0.9,0.9,0.9,0.9,0.9,0.9,0.9,0.9,0.9
167,5.566666666666666,0.5711197,0.31394833,-0.05180647,0.95,0.5852503,0.24313802,-0.057147592,0.95,0.5875071,0.26130155,0.083539136,0.95,0.5906874,0.37430698,-0.0574133,0.95,0.5736316,0.33919865,-0.017206522,0.95,0.5224052,0.3272577,-0.05101113,0.95,0.52217704,0.38220254,0.11403351,0.95,0.5884082,0.26238433,-0.018879727,0.95,0.5020839,0.25856316,0.08967918,0.95,0.51501256,0.31790084,-0.032982133,0.95,0.5221017,0.3167051,-0.051417254,0.95,0.629378,0.42689413,0.10884026,0.95,0.4628552,0.30079943,-0.045829635,0.95,0.70613235,0.35460952,-0.04252185,0.95,0.47735554,0.4540678,0.16381238,0.95,0.71806395,0.53137,-0.043922063,0.95,0.3085323,0.52818716,0.16094252,0.95,0.717268,0.5309093,0.15390353,0.95,0.28589028,0.526654,0.10898919,0.95,0.719961,0.419204,-0.075788595,0.95,0.5250143,0.5353014,0.16065349,0.95,0.7109854,0.34877264,0.06993161,0.95,0.24048696,0.53169096,0.0830172,0.95,0.6223782,0.583349,0.065995395,0.95,0.42220548,0.5649296,0.04232786,0.95,0.6151476,0.69493794,0.093155995,0.95,0.51200825,0.68979216,0.03943347,0.95,0.6407449,0.8043877,0.3309858,0.95,0.50564134,0.8022795,0.32278115,0.95,0.4302544,0.71075743,0.3229307,0.95,0.58106166,0.8050142,0.30138415,0.95,0.6113981,0.8439865,0.06413326,0.95,0.44505298,0.8515534,-0.011613387,0.95,0.9,0.9,0.9,0.9,0.9,0.9,0.9,0.9,0.9,0.9,0.9,0.9,0.9,0.9,0.9,0.9,0.9,0.9,0.9,0.9,0.9,0.9,0.9,0.9,0.9,0.9,0.9,0.9,0.9,0.9,0.9,0.9,0.9
168,5.6,0.5711197,0.3139483,-0.05180647,0.95,0.5852503,0.24313802,-0.057147592,0.95,0.58750707,0.26130155,0.083539136,0.95,0.5906874,0.37430698,-0.0574133,0.95,0.5736316,0.33919865,-0.017206522,0.95,0.5224052,0.3272577,-0.05101113,0.95,0.52217704,0.38220254,0.11403351,0.95,0.5884081,0.26238433,-0.018879727,0.95,0.5020839,0.25856316,0.089679174,0.95,0.51501256,0.31790084,-0.032982133,0.95,0.5221017,0.3167051,-0.051417254,0.95,0.62937796,0.42689413,0.10884025,0.95,0.4628552,0.30079943,-0.045829643,0.95,0.70613235,0.35460955,-0.04252185,0.95,0.47735554,0.4540678,0.16381237,0.95,0.71806395,0.53137,-0.043922056,0.95,0.30853224,0.52818716,0.16094251,0.95,0.717268,0.53090936,0.15390351,0.95,0.28589028,0.526654,0.10898917,0.95,0.719961,0.41920397,-0.07578861,0.95,0.5250143,0.5353014,0.16065349,0.95,0.7109854,0.34877264,0.069931604,0.95,0.24048696,0.53169096,0.08301721,0.95,0.6223782,0.583349,0.065995395,0.95,0.42220545,0.5649296,0.04232786,0.95,0.6151476,0.69493794,0.09315599,0.95,0.51200825,0.68979216,0.03943348,0.95,0.6407449,0.8043877,0.3309858,0.95,0.50564134,0.8022795,0.32278115,0.95,0.4302544,0.71075743,0.32293066,0.95,0.58106166,0.8050142,0.30138412,0.95,0.6113981,0.8439865,0.064133264,0.95,0.44505295,0.8515534,-0.011613387,0.95,0.9,0.9,0.9,0.9,0.9,0.9,0.9,0.9,0.9,0.9,0.9,0.9,0.9,0.9,0.9,0.9,0.9,0.9,0.9,0.9,0.9,0.9,0.9,0.9,0.9,0.9,0.9,0.9,0.9,0.9,0.9,0.9,0.9
169,5.633333333333334,0.5711197,0.3139483,-0.05180647,0.95,0.5852503,0.24313802,-0.057147592,0.95,0.58750707,0.26130155,0.083539136,0.95,0.5906874,0.37430698,-0.0574133,0.95,0.5736316,0.33919865,-0.017206525,0.95,0.5224052,0.3272577,-0.051011138,0.95,0.52217704,0.38220254,0.11403351,0.95,0.5884081,0.26238436,-0.018879715,0.95,0.5020839,0.25856316,0.08967917,0.95,0.51501256,0.31790084,-0.03298215,0.95,0.5221017,0.3167051,-0.051417254,0.95,0.629378,0.4268941,0.10884025,0.95,0.4628552,0.30079943,-0.04582965,0.95,0.70613235,0.35460955,-0.04252185,0.95,0.47735554,0.45406777,0.16381237,0.95,0.71806395,0.53137,-0.043922056,0.95,0.30853224,0.52818716,0.16094251,0.95,0.717268,0.53090936,0.15390353,0.95,0.28589025,0.526654,0.10898918,0.95,0.719961,0.419204,-0.07578861,0.95,0.5250143,0.5353014,0.16065349,0.95,0.7109854,0.34877264,0.06993161,0.95,0.24048696,0.53169096,0.08301719,0.95,0.6223782,0.583349,0.06599539,0.95,0.42220545,0.5649296,0.04232786,0.95,0.6151476,0.69493794,0.09315599,0.95,0.51200825,0.68979216,0.039433483,0.95,0.6407449,0.8043877,0.33098578,0.95,0.50564134,0.8022795,0.32278115,0.95,0.4302544,0.71075743,0.3229307,0.95,0.58106166,0.80501425,0.30138415,0.95,0.6113981,0.8439865,0.06413326,0.95,0.44505295,0.8515534,-0.011613387,0.95,0.9,0.9,0.9,0.9,0.9,0.9,0.9,0.9,0.9,0.9,0.9,0.9,0.9,0.9,0.9,0.9,0.9,0.9,0.9,0.9,0.9,0.9,0.9,0.9,0.9,0.9,0.9,0.9,0.9,0.9,0.9,0.9,0.9
170,5.666666666666667,0.5711197,0.3139483,-0.05180646,0.95,0.5852503,0.24313802,-0.057147592,0.95,0.58750707,0.26130155,0.083539136,0.95,0.5906874,0.37430698,-0.0574133,0.95,0.5736316,0.33919865,-0.017206522,0.95,0.5224052,0.3272577,-0.051011138,0.95,0.52217704,0.38220254,0.11403351,0.95,0.5884081,0.26238436,-0.018879715,0.95,0.50208384,0.25856316,0.08967917,0.95,0.51501256,0.31790084,-0.032982133,0.95,0.5221017,0.3167051,-0.051417254,0.95,0.629378,0.4268941,0.10884025,0.95,0.46285516,0.30079943,-0.04582965,0.95,0.70613235,0.35460955,-0.04252185,0.95,0.47735557,0.45406777,0.16381235,0.95,0.718064,0.53137,-0.043922093,0.95,0.30853224,0.52818716,0.16094251,0.95,0.717268,0.53090936,0.15390351,0.95,0.28589025,0.526654,0.10898917,0.95,0.7199609,0.41920403,-0.07578861,0.95,0.5250143,0.5353014,0.16065349,0.95,0.7109854,0.34877264,0.0699316,0.95,0.24048698,0.53169096,0.08301721,0.95,0.6223782,0.583349,0.06599539,0.95,0.42220545,0.56492966,0.04232786,0.95,0.6151476,0.69493794,0.09315598,0.95,0.51200825,0.68979216,0.03943349,0.95,0.6407449,0.8043877,0.3309858,0.95,0.50564134,0.8022795,0.32278115,0.95,0.4302544,0.71075743,0.32293066,0.95,0.5810616,0.8050142,0.30138412,0.95,0.6113981,0.8439865,0.06413326,0.95,0.44505292,0.8515534,-0.011613394,0.95,0.9,0.9,0.9,0.9,0.9,0.9,0.9,0.9,0.9,0.9,0.9,0.9,0.9,0.9,0.9,0.9,0.9,0.9,0.9,0.9,0.9,0.9,0.9,0.9,0.9,0.9,0.9,0.9,0.9,0.9,0.9,0.9,0.9
171,5.7,0.5711197,0.3139483,-0.05180647,0.95,0.5852503,0.243138,-0.057147592,0.95,0.58750707,0.26130155,0.08353913,0.95,0.5906874,0.37430698,-0.0574133,0.95,0.5736316,0.33919865,-0.017206533,0.95,0.5224052,0.3272577,-0.051011138,0.95,0.52217704,0.38220254,0.11403351,0.95,0.5884081,0.26238436,-0.018879727,0.95,0.50208384,0.25856316,0.08967916,0.95,0.51501256,0.31790084,-0.03298214,0.95,0.5221017,0.3167051,-0.051417254,0.95,0.629378,0.4268941,0.10884024,0.95,0.46285516,0.30079943,-0.04582965,0.95,0.70613235,0.35460955,-0.04252184,0.95,0.47735557,0.45406777,0.16381235,0.95,0.718064,0.53137,-0.043922093,0.95,0.30853224,0.52818716,0.1609425,0.95,0.717268,0.53090936,0.15390351,0.95,0.28589025,0.526654,0.10898917,0.95,0.7199609,0.41920403,-0.075788625,0.95,0.5250143,0.5353014,0.16065349,0.95,0.7109854,0.34877264,0.0699316,0.95,0.24048698,0.53169096,0.08301721,0.95,0.6223782,0.583349,0.06599539,0.95,0.42220545,0.5649296,0.042327862,0.95,0.6151476,0.69493794,0.09315599,0.95,0.51200825,0.68979216,0.039433494,0.95,0.6407449,0.8043877,0.33098578,0.95,0.50564134,0.8022795,0.32278115,0.95,0.43025437,0.71075743,0.32293066,0.95,0.5810616,0.8050142,0.30138415,0.95,0.6113981,0.8439865,0.06413325,0.95,0.44505292,0.8515534,-0.011613387,0.95,0.9,0.9,0.9,0.9,0.9,0.9,0.9,0.9,0.9,0.9,0.9,0.9,0.9,0.9,0.9,0.9,0.9,0.9,0.9,0.9,0.9,0.9,0.9,0.9,0.9,0.9,0.9,0.9,0.9,0.9,0.9,0.9,0.9
172,5.733333333333333,0.5711197,0.31394827,-0.05180647,0.95,0.5852503,0.24313802,-0.057147592,0.95,0.58750707,0.26130155,0.08353912,0.95,0.5906874,0.37430698,-0.0574133,0.95,0.5736316,0.33919865,-0.017206544,0.95,0.5224052,0.3272577,-0.051011138,0.95,0.52217704,0.38220254,0.11403351,0.95,0.5884082,0.26238436,-0.018879727,0.95,0.5020839,0.25856316,0.08967916,0.95,0.51501256,0.31790084,-0.03298214,0.95,0.5221017,0.3167051,-0.051417254,0.95,0.629378,0.4268941,0.10884025,0.95,0.46285516,0.30079943,-0.045829657,0.95,0.70613235,0.35460955,-0.042521827,0.95,0.47735557,0.45406777,0.16381235,0.95,0.718064,0.53137,-0.0439221,0.95,0.30853224,0.5281872,0.16094251,0.95,0.717268,0.5309093,0.15390348,0.95,0.28589022,0.526654,0.10898917,0.95,0.7199609,0.41920406,-0.075788625,0.95,0.5250143,0.5353014,0.16065349,0.95,0.7109854,0.34877264,0.0699316,0.95,0.24048698,0.53169096,0.08301719,0.95,0.6223782,0.583349,0.06599538,0.95,0.42220545,0.56492966,0.04232786,0.95,0.6151476,0.69493794,0.09315598,0.95,0.51200825,0.68979216,0.0394335,0.95,0.6407449,0.8043877,0.3309858,0.95,0.50564134,0.8022795,0.32278115,0.95,0.4302544,0.71075743,0.32293066,0.95,0.5810616,0.80501425,0.30138415,0.95,0.6113981,0.8439865,0.06413325,0.95,0.4450529,0.8515534,-0.011613394,0.95,0.9,0.9,0.9,0.9,0.9,0.9,0.9,0.9,0.9,0.9,0.9,0.9,0.9,0.9,0.9,0.9,0.9,0.9,0.9,0.9,0.9,0.9,0.9,0.9,0.9,0.9,0.9,0.9,0.9,0.9,0.9,0.9,0.9
173,5.766666666666667,0.5711197,0.31394827,-0.051806476,0.95,0.5852503,0.243138,-0.057147592,0.95,0.58750707,0.26130152,0.08353912,0.95,0.5906874,0.37430698,-0.0574133,0.95,0.5736316,0.33919865,-0.017206533,0.95,0.5224052,0.3272577,-0.051011145,0.95,0.52217704,0.38220254,0.11403351,0.95,0.5884082,0.26238436,-0.018879727,0.95,0.5020839,0.2585632,0.08967915,0.95,0.5150126,0.31790084,-0.032982133,0.95,0.5221017,0.3167051,-0.051417254,0.95,0.629378,0.4268941,0.10884025,0.95,0.46285516,0.30079943,-0.045829657,0.95,0.70613235,0.35460955,-0.042521834,0.95,0.47735557,0.45406777,0.16381234,0.95,0.718064,0.53137,-0.043922108,0.95,0.30853224,0.5281872,0.1609425,0.95,0.717268,0.53090936,0.1539035,0.95,0.28589022,0.526654,0.10898918,0.95,0.7199609,0.41920406,-0.075788625,0.95,0.5250143,0.5353014,0.16065349,0.95,0.7109854,0.34877264,0.0699316,0.95,0.24048698,0.53169096,0.083017215,0.95,0.6223782,0.583349,0.06599537,0.95,0.42220542,0.56492966,0.04232786,0.95,0.6151476,0.69493794,0.09315598,0.95,0.51200825,0.68979216,0.039433505,0.95,0.6407449,0.8043877,0.3309858,0.95,0.50564134,0.8022795,0.32278115,0.95,0.4302544,0.71075743,0.32293066,0.95,0.5810616,0.80501425,0.30138415,0.95,0.6113981,0.8439865,0.064133234,0.95,0.4450529,0.8515534,-0.011613387,0.95,0.9,0.9,0.9,0.9,0.9,0.9,0.9,0.9,0.9,0.9,0.9,0.9,0.9,0.9,0.9,0.9,0.9,0.9,0.9,0.9,0.9,0.9,0.9,0.9,0.9,0.9,0.9,0.9,0.9,0.9,0.9,0.9,0.9
174,5.8,0.5711197,0.31394827,-0.051806476,0.95,0.5852503,0.243138,-0.057147592,0.95,0.58750707,0.26130152,0.08353912,0.95,0.5906874,0.37430698,-0.0574133,0.95,0.5736316,0.33919862,-0.017206533,0.95,0.5224052,0.3272577,-0.051011145,0.95,0.52217704,0.38220254,0.11403351,0.95,0.5884082,0.26238436,-0.018879727,0.95,0.5020839,0.2585632,0.08967915,0.95,0.5150126,0.31790084,-0.032982133,0.95,0.5221017,0.3167051,-0.05141726,0.95,0.629378,0.4268941,0.10884024,0.95,0.46285516,0.30079943,-0.045829665,0.95,0.70613235,0.35460955,-0.042521834,0.95,0.47735557,0.45406777,0.16381235,0.95,0.718064,0.53137,-0.043922108,0.95,0.3085322,0.52818716,0.1609425,0.95,0.717268,0.5309093,0.15390348,0.95,0.2858902,0.526654,0.10898918,0.95,0.7199609,0.41920406,-0.075788625,0.95,0.5250143,0.5353014,0.16065349,0.95,0.7109854,0.34877264,0.06993158,0.95,0.240487,0.53169096,0.08301723,0.95,0.6223782,0.583349,0.06599538,0.95,0.42220542,0.56492966,0.04232786,0.95,0.6151476,0.69493794,0.09315598,0.95,0.51200825,0.68979216,0.03943351,0.95,0.6407449,0.8043877,0.33098584,0.95,0.50564134,0.8022795,0.32278115,0.95,0.4302544,0.71075743,0.32293066,0.95,0.5810616,0.80501425,0.30138412,0.95,0.6113981,0.8439865,0.06413324,0.95,0.44505286,0.8515534,-0.011613402,0.95,0.9,0.9,0.9,0.9,0.9,0.9,0.9,0.9,0.9,0.9,0.9,0.9,0.9,0.9,0.9,0.9,0.9,0.9,0.9,0.9,0.9,0.9,0.9,0.9,0.9,0.9,0.9,0.9,0.9,0.9,0.9,0.9,0.9
175,5.833333333333333,0.5711197,0.31394827,-0.051806476,0.95,0.5852503,0.243138,-0.057147592,0.95,0.58750707,0.26130152,0.08353911,0.95,0.5906874,0.37430698,-0.0574133,0.95,0.5736316,0.33919862,-0.017206533,0.95,0.5224052,0.32725766,-0.051011153,0.95,0.52217704,0.38220254,0.11403351,0.95,0.5884082,0.26238436,-0.01887973,0.95,0.5020839,0.2585632,0.08967915,0.95,0.5150126,0.31790084,-0.032982133,0.95,0.5221017,0.3167051,-0.051417254,0.95,0.62937796,0.4268941,0.10884025,0.95,0.46285516,0.30079943,-0.045829665,0.95,0.70613235,0.35460955,-0.042521827,0.95,0.47735557,0.45406774,0.16381235,0.95,0.718064,0.53137,-0.04392213,0.95,0.30853224,0.52818716,0.1609425,0.95,0.717268,0.5309093,0.15390348,0.95,0.2858902,0.526654,0.10898917,0.95,0.7199609,0.4192041,-0.075788625,0.95,0.5250143,0.5353014,0.16065349,0.95,0.7109854,0.34877264,0.069931574,0.95,0.240487,0.53169096,0.083017245,0.95,0.6223782,0.583349,0.06599538,0.95,0.42220542,0.56492966,0.04232786,0.95,0.6151476,0.69493794,0.09315597,0.95,0.51200825,0.68979216,0.039433505,0.95,0.6407449,0.8043877,0.33098584,0.95,0.50564134,0.8022795,0.32278118,0.95,0.43025443,0.71075743,0.32293063,0.95,0.5810616,0.80501425,0.3013841,0.95,0.6113981,0.8439866,0.06413324,0.95,0.44505286,0.8515534,-0.011613409,0.95,0.9,0.9,0.9,0.9,0.9,0.9,0.9,0.9,0.9,0.9,0.9,0.9,0.9,0.9,0.9,0.9,0.9,0.9,0.9,0.9,0.9,0.9,0.9,0.9,0.9,0.9,0.9,0.9,0.9,0.9,0.9,0.9,0.9
176,5.866666666666666,0.5711197,0.31394827,-0.05180647,0.95,0.5852503,0.243138,-0.057147592,0.95,0.58750707,0.26130152,0.083539106,0.95,0.5906874,0.37430698,-0.0574133,0.95,0.5736316,0.33919862,-0.017206537,0.95,0.5224052,0.3272577,-0.051011153,0.95,0.52217704,0.38220254,0.11403351,0.95,0.5884082,0.26238436,-0.018879727,0.95,0.5020839,0.25856316,0.08967915,0.95,0.5150126,0.31790084,-0.032982133,0.95,0.5221017,0.3167051,-0.05141726,0.95,0.629378,0.4268941,0.10884025,0.95,0.46285516,0.30079943,-0.045829665,0.95,0.70613235,0.35460955,-0.042521834,0.95,0.47735554,0.45406774,0.16381234,0.95,0.718064,0.53137,-0.04392213,0.95,0.3085322,0.52818716,0.1609425,0.95,0.717268,0.5309093,0.15390348,0.95,0.28589016,0.526654,0.10898917,0.95,0.7199609,0.4192041,-0.07578864,0.95,0.5250143,0.5353014,0.16065349,0.95,0.7109854,0.34877264,0.06993156,0.95,0.240487,0.53169096,0.083017245,0.95,0.6223782,0.583349,0.06599539,0.95,0.4222054,0.56492966,0.042327862,0.95,0.6151476,0.69493794,0.09315597,0.95,0.51200825,0.68979216,0.039433513,0.95,0.6407449,0.8043877,0.3309858,0.95,0.50564134,0.8022795,0.32278118,0.95,0.43025443,0.71075743,0.32293063,0.95,0.5810616,0.80501425,0.3013841,0.95,0.6113981,0.8439865,0.06413325,0.95,0.44505283,0.8515534,-0.011613409,0.95,0.9,0.9,0.9,0.9,0.9,0.9,0.9,0.9,0.9,0.9,0.9,0.9,0.9,0.9,0.9,0.9,0.9,0.9,0.9,0.9,0.9,0.9,0.9,0.9,0.9,0.9,0.9,0.9,0.9,0.9,0.9,0.9,0.9
177,5.9,0.5711197,0.31394827,-0.05180647,0.95,0.5852503,0.243138,-0.057147592,0.95,0.58750707,0.26130152,0.08353911,0.95,0.5906874,0.37430698,-0.0574133,0.95,0.5736316,0.33919865,-0.017206548,0.95,0.5224052,0.3272577,-0.051011153,0.95,0.52217704,0.38220254,0.11403351,0.95,0.5884082,0.26238438,-0.018879715,0.95,0.5020839,0.25856316,0.08967915,0.95,0.5150126,0.31790084,-0.032982133,0.95,0.5221017,0.3167051,-0.051417254,0.95,0.629378,0.4268941,0.10884025,0.95,0.46285516,0.30079943,-0.045829665,0.95,0.70613235,0.35460955,-0.042521827,0.95,0.47735554,0.45406774,0.16381234,0.95,0.718064,0.53137,-0.043922145,0.95,0.3085322,0.52818716,0.1609425,0.95,0.717268,0.5309093,0.15390348,0.95,0.28589016,0.526654,0.10898915,0.95,0.7199609,0.4192041,-0.07578864,0.95,0.5250143,0.5353014,0.16065349,0.95,0.7109854,0.34877264,0.06993157,0.95,0.240487,0.53169096,0.08301724,0.95,0.6223782,0.583349,0.06599539,0.95,0.4222054,0.56492966,0.042327862,0.95,0.6151476,0.69493794,0.09315597,0.95,0.5120083,0.68979216,0.039433513,0.95,0.6407449,0.8043877,0.3309858,0.95,0.50564134,0.8022795,0.32278118,0.95,0.43025443,0.7107574,0.32293066,0.95,0.5810616,0.80501425,0.3013841,0.95,0.6113981,0.8439865,0.06413324,0.95,0.44505283,0.8515534,-0.011613409,0.95,0.9,0.9,0.9,0.9,0.9,0.9,0.9,0.9,0.9,0.9,0.9,0.9,0.9,0.9,0.9,0.9,0.9,0.9,0.9,0.9,0.9,0.9,0.9,0.9,0.9,0.9,0.9,0.9,0.9,0.9,0.9,0.9,0.9
178,5.933333333333334,0.5711197,0.31394827,-0.05180647,0.95,0.5852503,0.243138,-0.057147592,0.95,0.58750707,0.26130152,0.083539106,0.95,0.5906874,0.37430698,-0.0574133,0.95,0.5736316,0.33919865,-0.017206544,0.95,0.5224052,0.32725766,-0.051011153,0.95,0.52217704,0.38220254,0.11403351,0.95,0.5884082,0.26238438,-0.018879715,0.95,0.5020839,0.2585632,0.08967915,0.95,0.5150126,0.31790084,-0.032982133,0.95,0.5221017,0.3167051,-0.051417254,0.95,0.629378,0.4268941,0.10884025,0.95,0.46285516,0.30079943,-0.045829665,0.95,0.70613235,0.35460955,-0.042521827,0.95,0.47735554,0.45406774,0.16381234,0.95,0.718064,0.53137,-0.043922145,0.95,0.3085322,0.52818716,0.1609425,0.95,0.717268,0.5309093,0.15390345,0.95,0.28589016,0.526654,0.10898915,0.95,0.7199609,0.4192041,-0.07578864,0.95,0.5250143,0.5353014,0.16065349,0.95,0.7109854,0.34877264,0.06993157,0.95,0.240487,0.53169096,0.08301724,0.95,0.6223782,0.583349,0.06599538,0.95,0.4222054,0.56492966,0.04232786,0.95,0.6151476,0.69493794,0.093155965,0.95,0.51200825,0.68979216,0.039433517,0.95,0.6407449,0.8043877,0.3309858,0.95,0.50564134,0.8022795,0.32278115,0.95,0.43025446,0.71075743,0.32293066,0.95,0.5810616,0.80501425,0.3013841,0.95,0.6113981,0.8439865,0.06413324,0.95,0.44505283,0.8515534,-0.011613409,0.95,0.9,0.9,0.9,0.9,0.9,0.9,0.9,0.9,0.9,0.9,0.9,0.9,0.9,0.9,0.9,0.9,0.9,0.9,0.9,0.9,0.9,0.9,0.9,0.9,0.9,0.9,0.9,0.9,0.9,0.9,0.9,0.9,0.9
179,5.966666666666667,0.5711197,0.31394827,-0.05180646,0.95,0.5852503,0.243138,-0.057147592,0.95,0.58750707,0.26130152,0.083539106,0.95,0.5906874,0.37430695,-0.0574133,0.95,0.5736316,0.33919862,-0.017206548,0.95,0.5224052,0.3272577,-0.051011153,0.95,0.52217704,0.38220254,0.11403351,0.95,0.5884081,0.26238438,-0.018879712,0.95,0.5020839,0.2585632,0.08967915,0.95,0.5150126,0.31790084,-0.032982133,0.95,0.5221017,0.3167051,-0.051417254,0.95,0.629378,0.4268941,0.10884026,0.95,0.46285516,0.30079943,-0.045829665,0.95,0.70613235,0.35460955,-0.042521827,0.95,0.47735554,0.45406774,0.16381234,0.95,0.718064,0.53137,-0.043922152,0.95,0.3085322,0.52818716,0.16094251,0.95,0.717268,0.5309093,0.15390345,0.95,0.28589016,0.526654,0.10898915,0.95,0.7199609,0.4192041,-0.07578864,0.95,0.5250143,0.5353014,0.16065347,0.95,0.7109854,0.34877264,0.06993156,0.95,0.240487,0.53169096,0.08301727,0.95,0.6223782,0.583349,0.06599537,0.95,0.4222054,0.56492966,0.042327862,0.95,0.6151476,0.69493794,0.093155965,0.95,0.5120083,0.68979216,0.03943352,0.95,0.6407449,0.8043877,0.3309858,0.95,0.5056414,0.8022795,0.32278118,0.95,0.43025446,0.7107574,0.32293066,0.95,0.5810616,0.80501425,0.3013841,0.95,0.6113981,0.8439866,0.06413324,0.95,0.44505283,0.8515534,-0.011613409,0.95,0.9,0.9,0.9,0.9,0.9,0.9,0.9,0.9,0.9,0.9,0.9,0.9,0.9,0.9,0.9,0.9,0.9,0.9,0.9,0.9,0.9,0.9,0.9,0.9,0.9,0.9,0.9,0.9,0.9,0.9,0.9,0.9,0.9
180,6.0,0.5711197,0.31394824,-0.051806476,0.95,0.5852503,0.243138,-0.057147592,0.95,0.58750707,0.26130152,0.083539106,0.95,0.5906874,0.37430698,-0.0574133,0.95,0.5736316,0.33919862,-0.017206544,0.95,0.5224052,0.3272577,-0.051011153,0.95,0.52217704,0.38220254,0.11403351,0.95,0.5884082,0.26238438,-0.018879715,0.95,0.5020839,0.2585632,0.08967915,0.95,0.5150126,0.31790084,-0.032982133,0.95,0.5221017,0.3167051,-0.051417254,0.95,0.629378,0.4268941,0.10884026,0.95,0.46285516,0.30079943,-0.045829665,0.95,0.70613235,0.35460955,-0.042521827,0.95,0.47735554,0.45406774,0.16381234,0.95,0.718064,0.53137,-0.043922145,0.95,0.30853218,0.52818716,0.16094251,0.95,0.717268,0.53090936,0.15390347,0.95,0.28589016,0.526654,0.10898915,0.95,0.7199609,0.4192041,-0.07578864,0.95,0.5250143,0.5353014,0.16065349,0.95,0.7109854,0.34877264,0.06993155,0.95,0.240487,0.53169096,0.08301726,0.95,0.6223782,0.583349,0.06599537,0.95,0.4222054,0.56492966,0.04232786,0.95,0.6151476,0.69493794,0.093155965,0.95,0.51200825,0.68979216,0.039433524,0.95,0.6407449,0.8043877,0.3309858,0.95,0.5056414,0.8022795,0.32278118,0.95,0.43025446,0.7107574,0.32293063,0.95,0.5810616,0.80501425,0.3013841,0.95,0.6113981,0.8439866,0.06413324,0.95,0.4450528,0.8515534,-0.011613409,0.95,0.9,0.9,0.9,0.9,0.9,0.9,0.9,0.9,0.9,0.9,0.9,0.9,0.9,0.9,0.9,0.9,0.9,0.9,0.9,0.9,0.9,0.9,0.9,0.9,0.9,0.9,0.9,0.9,0.9,0.9,0.9,0.9,0.9
181,6.033333333333333,0.5711197,0.31394824,-0.05180647,0.95,0.5852503,0.243138,-0.057147592,0.95,0.58750707,0.26130152,0.083539106,0.95,0.5906874,0.37430698,-0.0574133,0.95,0.5736316,0.33919862,-0.017206544,0.95,0.52240515,0.3272577,-0.05101116,0.95,0.52217704,0.38220254,0.11403351,0.95,0.5884082,0.26238438,-0.018879715,0.95,0.5020839,0.2585632,0.08967915,0.95,0.5150126,0.31790084,-0.03298214,0.95,0.5221017,0.3167051,-0.05141726,0.95,0.629378,0.4268941,0.10884026,0.95,0.46285513,0.30079943,-0.045829672,0.95,0.70613235,0.35460955,-0.042521827,0.95,0.4773555,0.45406774,0.16381234,0.95,0.718064,0.53137,-0.043922152,0.95,0.30853218,0.52818716,0.16094251,0.95,0.717268,0.53090936,0.15390348,0.95,0.28589013,0.526654,0.10898915,0.95,0.7199609,0.4192041,-0.07578864,0.95,0.5250143,0.5353014,0.16065349,0.95,0.7109854,0.34877264,0.06993156,0.95,0.240487,0.53169096,0.08301726,0.95,0.6223782,0.583349,0.06599537,0.95,0.4222054,0.56492966,0.04232786,0.95,0.6151476,0.69493794,0.093155965,0.95,0.5120083,0.68979216,0.03943353,0.95,0.6407449,0.8043877,0.3309858,0.95,0.5056414,0.8022795,0.32278118,0.95,0.43025446,0.7107574,0.32293063,0.95,0.5810616,0.80501425,0.3013841,0.95,0.6113981,0.8439866,0.064133234,0.95,0.4450528,0.8515534,-0.011613409,0.95,0.9,0.9,0.9,0.9,0.9,0.9,0.9,0.9,0.9,0.9,0.9,0.9,0.9,0.9,0.9,0.9,0.9,0.9,0.9,0.9,0.9,0.9,0.9,0.9,0.9,0.9,0.9,0.9,0.9,0.9,0.9,0.9,0.9
182,6.066666666666666,0.5711197,0.31394824,-0.051806476,0.95,0.5852503,0.243138,-0.057147592,0.95,0.58750707,0.26130152,0.083539106,0.95,0.5906874,0.37430698,-0.0574133,0.95,0.5736316,0.33919862,-0.017206548,0.95,0.5224052,0.3272577,-0.05101116,0.95,0.52217704,0.38220254,0.11403351,0.95,0.5884082,0.26238438,-0.018879715,0.95,0.5020839,0.2585632,0.089679144,0.95,0.5150126,0.31790084,-0.03298215,0.95,0.5221017,0.3167051,-0.05141726,0.95,0.629378,0.4268941,0.10884026,0.95,0.46285513,0.30079943,-0.045829672,0.95,0.70613235,0.35460955,-0.042521827,0.95,0.4773555,0.45406774,0.16381234,0.95,0.718064,0.53137,-0.043922167,0.95,0.30853218,0.52818716,0.1609425,0.95,0.717268,0.5309093,0.15390348,0.95,0.28589013,0.526654,0.10898915,0.95,0.7199609,0.4192041,-0.075788654,0.95,0.5250143,0.5353014,0.16065349,0.95,0.7109854,0.34877264,0.06993156,0.95,0.240487,0.53169096,0.08301726,0.95,0.6223782,0.583349,0.06599538,0.95,0.4222054,0.56492966,0.042327862,0.95,0.6151476,0.69493794,0.093155965,0.95,0.51200825,0.68979216,0.03943353,0.95,0.6407449,0.8043877,0.3309858,0.95,0.5056414,0.8022795,0.32278118,0.95,0.4302545,0.7107574,0.32293063,0.95,0.5810616,0.80501425,0.3013841,0.95,0.6113981,0.8439866,0.06413325,0.95,0.4450528,0.8515534,-0.011613409,0.95,0.9,0.9,0.9,0.9,0.9,0.9,0.9,0.9,0.9,0.9,0.9,0.9,0.9,0.9,0.9,0.9,0.9,0.9,0.9,0.9,0.9,0.9,0.9,0.9,0.9,0.9,0.9,0.9,0.9,0.9,0.9,0.9,0.9
183,6.1,0.5711197,0.31394824,-0.051806476,0.95,0.5852503,0.243138,-0.057147592,0.95,0.58750707,0.26130152,0.08353909,0.95,0.5906874,0.37430698,-0.0574133,0.95,0.5736316,0.33919862,-0.017206544,0.95,0.5224052,0.3272577,-0.05101116,0.95,0.52217704,0.38220254,0.114033505,0.95,0.5884082,0.26238438,-0.018879715,0.95,0.5020839,0.2585632,0.089679144,0.95,0.5150126,0.31790084,-0.03298214,0.95,0.5221017,0.3167051,-0.05141726,0.95,0.629378,0.42689413,0.108840264,0.95,0.46285516,0.30079943,-0.045829665,0.95,0.7061323,0.35460955,-0.042521827,0.95,0.4773555,0.45406774,0.16381234,0.95,0.718064,0.53137,-0.043922167,0.95,0.30853218,0.52818716,0.1609425,0.95,0.717268,0.5309093,0.15390345,0.95,0.28589013,0.526654,0.10898915,0.95,0.7199609,0.4192041,-0.075788654,0.95,0.5250143,0.5353014,0.16065349,0.95,0.7109854,0.34877264,0.06993156,0.95,0.240487,0.53169096,0.08301725,0.95,0.6223782,0.583349,0.06599537,0.95,0.4222054,0.56492966,0.042327862,0.95,0.6151476,0.69493794,0.093155965,0.95,0.51200825,0.68979216,0.03943353,0.95,0.6407449,0.8043877,0.3309858,0.95,0.50564134,0.8022795,0.32278118,0.95,0.43025446,0.7107574,0.32293063,0.95,0.5810616,0.80501425,0.3013841,0.95,0.6113981,0.8439866,0.06413326,0.95,0.4450528,0.8515534,-0.011613409,0.95,0.9,0.9,0.9,0.9,0.9,0.9,0.9,0.9,0.9,0.9,0.9,0.9,0.9,0.9,0.9,0.9,0.9,0.9,0.9,0.9,0.9,0.9,0.9,0.9,0.9,0.9,0.9,0.9,0.9,0.9,0.9,0.9,0.9
184,6.133333333333334,0.5711197,0.31394824,-0.05180647,0.95,0.5852503,0.243138,-0.057147592,0.95,0.58750707,0.26130152,0.0835391,0.95,0.5906874,0.37430698,-0.0574133,0.95,0.5736316,0.33919862,-0.017206544,0.95,0.52240515,0.3272577,-0.051011167,0.95,0.52217704,0.38220254,0.114033505,0.95,0.5884082,0.26238438,-0.018879715,0.95,0.5020839,0.2585632,0.089679144,0.95,0.5150126,0.31790084,-0.03298215,0.95,0.5221017,0.3167051,-0.051417254,0.95,0.629378,0.4268941,0.108840264,0.95,0.46285516,0.30079943,-0.045829672,0.95,0.7061323,0.35460955,-0.042521827,0.95,0.4773555,0.45406774,0.16381234,0.95,0.718064,0.53137,-0.043922167,0.95,0.30853218,0.52818716,0.1609425,0.95,0.717268,0.5309093,0.15390347,0.95,0.28589013,0.526654,0.10898915,0.95,0.7199609,0.4192041,-0.075788654,0.95,0.5250143,0.5353014,0.16065347,0.95,0.7109854,0.34877264,0.06993155,0.95,0.240487,0.53169096,0.08301727,0.95,0.6223782,0.583349,0.06599537,0.95,0.42220536,0.56492966,0.042327862,0.95,0.6151476,0.69493794,0.093155965,0.95,0.51200825,0.68979216,0.039433535,0.95,0.6407449,0.8043877,0.3309858,0.95,0.50564134,0.8022795,0.32278118,0.95,0.43025446,0.7107574,0.32293063,0.95,0.5810616,0.80501425,0.3013841,0.95,0.6113981,0.8439866,0.06413324,0.95,0.44505277,0.8515534,-0.011613409,0.95,0.9,0.9,0.9,0.9,0.9,0.9,0.9,0.9,0.9,0.9,0.9,0.9,0.9,0.9,0.9,0.9,0.9,0.9,0.9,0.9,0.9,0.9,0.9,0.9,0.9,0.9,0.9,0.9,0.9,0.9,0.9,0.9,0.9
185,6.166666666666667,0.5711197,0.31394824,-0.05180647,0.95,0.5852503,0.243138,-0.057147592,0.95,0.58750707,0.26130152,0.08353909,0.95,0.5906874,0.37430698,-0.0574133,0.95,0.5736316,0.33919862,-0.017206548,0.95,0.5224052,0.3272577,-0.051011167,0.95,0.52217704,0.38220254,0.11403351,0.95,0.5884082,0.26238438,-0.018879715,0.95,0.5020839,0.2585632,0.089679144,0.95,0.5150126,0.31790084,-0.03298214,0.95,0.5221017,0.3167051,-0.051417254,0.95,0.629378,0.4268941,0.108840264,0.95,0.46285516,0.30079943,-0.045829672,0.95,0.7061323,0.35460955,-0.042521827,0.95,0.4773555,0.45406774,0.16381234,0.95,0.718064,0.53137,-0.043922175,0.95,0.30853218,0.52818716,0.16094251,0.95,0.717268,0.5309093,0.15390348,0.95,0.28589013,0.526654,0.10898915,0.95,0.7199609,0.41920412,-0.075788654,0.95,0.5250143,0.5353014,0.16065347,0.95,0.7109854,0.34877264,0.06993156,0.95,0.240487,0.53169096,0.08301726,0.95,0.6223782,0.583349,0.06599538,0.95,0.42220536,0.56492966,0.04232786,0.95,0.6151476,0.69493794,0.093155965,0.95,0.51200825,0.68979216,0.039433535,0.95,0.6407449,0.8043877,0.3309858,0.95,0.50564134,0.8022795,0.32278118,0.95,0.43025446,0.7107574,0.32293063,0.95,0.5810616,0.80501425,0.3013841,0.95,0.6113981,0.8439866,0.06413324,0.95,0.44505277,0.8515534,-0.011613409,0.95,0.9,0.9,0.9,0.9,0.9,0.9,0.9,0.9,0.9,0.9,0.9,0.9,0.9,0.9,0.9,0.9,0.9,0.9,0.9,0.9,0.9,0.9,0.9,0.9,0.9,0.9,0.9,0.9,0.9,0.9,0.9,0.9,0.9
186,6.2,0.5711197,0.31394824,-0.05180647,0.95,0.5852503,0.243138,-0.057147592,0.95,0.58750707,0.26130152,0.08353908,0.95,0.5906874,0.37430698,-0.0574133,0.95,0.5736316,0.33919862,-0.017206548,0.95,0.5224052,0.3272577,-0.051011167,0.95,0.52217704,0.38220254,0.11403351,0.95,0.5884082,0.26238438,-0.018879712,0.95,0.5020839,0.2585632,0.089679144,0.95,0.5150126,0.31790084,-0.03298215,0.95,0.5221017,0.3167051,-0.05141726,0.95,0.629378,0.4268941,0.108840264,0.95,0.46285513,0.30079943,-0.045829665,0.95,0.7061323,0.35460955,-0.042521834,0.95,0.47735554,0.45406774,0.16381234,0.95,0.718064,0.53137,-0.043922175,0.95,0.30853218,0.52818716,0.16094251,0.95,0.717268,0.5309093,0.15390345,0.95,0.28589013,0.526654,0.10898914,0.95,0.7199609,0.41920412,-0.075788654,0.95,0.5250143,0.5353013,0.16065349,0.95,0.7109854,0.34877264,0.06993155,0.95,0.240487,0.53169096,0.08301727,0.95,0.6223782,0.583349,0.06599538,0.95,0.42220536,0.56492966,0.04232786,0.95,0.6151476,0.69493794,0.093155965,0.95,0.51200825,0.68979216,0.03943353,0.95,0.6407449,0.8043877,0.3309858,0.95,0.50564134,0.8022795,0.32278118,0.95,0.4302545,0.71075743,0.32293063,0.95,0.5810616,0.80501425,0.3013841,0.95,0.6113981,0.8439866,0.064133234,0.95,0.44505277,0.8515534,-0.011613409,0.95,0.9,0.9,0.9,0.9,0.9,0.9,0.9,0.9,0.9,0.9,0.9,0.9,0.9,0.9,0.9,0.9,0.9,0.9,0.9,0.9,0.9,0.9,0.9,0.9,0.9,0.9,0.9,0.9,0.9,0.9,0.9,0.9,0.9
187,6.233333333333333,0.5711197,0.31394824,-0.05180647,0.95,0.5852503,0.243138,-0.057147592,0.95,0.58750707,0.26130152,0.08353908,0.95,0.5906874,0.37430698,-0.0574133,0.95,0.5736316,0.33919862,-0.017206548,0.95,0.5224052,0.3272577,-0.051011167,0.95,0.52217704,0.38220254,0.11403351,0.95,0.5884082,0.26238438,-0.018879708,0.95,0.5020839,0.2585632,0.089679144,0.95,0.5150126,0.31790084,-0.03298215,0.95,0.5221017,0.3167051,-0.05141726,0.95,0.629378,0.4268941,0.108840264,0.95,0.46285513,0.30079943,-0.045829665,0.95,0.7061323,0.35460955,-0.042521834,0.95,0.4773555,0.4540677,0.16381234,0.95,0.718064,0.53137,-0.043922175,0.95,0.30853218,0.52818716,0.16094251,0.95,0.717268,0.5309093,0.15390345,0.95,0.2858901,0.526654,0.10898915,0.95,0.7199609,0.41920412,-0.075788654,0.95,0.5250143,0.5353013,0.16065349,0.95,0.7109854,0.34877264,0.06993155,0.95,0.24048701,0.53169096,0.08301726,0.95,0.6223782,0.583349,0.06599538,0.95,0.42220536,0.56492966,0.04232786,0.95,0.6151476,0.69493794,0.093155965,0.95,0.51200825,0.68979216,0.039433535,0.95,0.6407449,0.8043877,0.3309858,0.95,0.50564134,0.8022795,0.32278118,0.95,0.4302545,0.7107574,0.32293063,0.95,0.5810616,0.80501425,0.3013841,0.95,0.6113981,0.8439866,0.064133234,0.95,0.44505277,0.8515534,-0.011613424,0.95,0.9,0.9,0.9,0.9,0.9,0.9,0.9,0.9,0.9,0.9,0.9,0.9,0.9,0.9,0.9,0.9,0.9,0.9,0.9,0.9,0.9,0.9,0.9,0.9,0.9,0.9,0.9,0.9,0.9,0.9,0.9,0.9,0.9
188,6.266666666666667,0.5711197,0.31394824,-0.051806476,0.95,0.5852503,0.243138,-0.057147592,0.95,0.58750707,0.26130152,0.08353908,0.95,0.5906874,0.37430698,-0.0574133,0.95,0.5736316,0.33919862,-0.017206548,0.95,0.52240515,0.3272577,-0.051011167,0.95,0.52217704,0.38220254,0.11403351,0.95,0.5884081,0.26238438,-0.018879708,0.95,0.5020839,0.2585632,0.089679144,0.95,0.5150126,0.31790084,-0.03298215,0.95,0.5221017,0.3167051,-0.05141726,0.95,0.629378,0.4268941,0.108840264,0.95,0.46285513,0.30079943,-0.045829672,0.95,0.7061323,0.35460955,-0.042521827,0.95,0.4773555,0.4540677,0.16381234,0.95,0.718064,0.53137,-0.043922175,0.95,0.30853218,0.52818716,0.16094252,0.95,0.717268,0.5309093,0.15390344,0.95,0.2858901,0.526654,0.10898915,0.95,0.7199609,0.41920412,-0.075788654,0.95,0.5250143,0.5353013,0.16065349,0.95,0.7109854,0.34877264,0.069931544,0.95,0.24048701,0.53169096,0.083017275,0.95,0.6223782,0.583349,0.06599537,0.95,0.42220536,0.56492966,0.042327855,0.95,0.6151476,0.69493794,0.093155965,0.95,0.51200825,0.68979216,0.039433535,0.95,0.6407449,0.8043877,0.33098584,0.95,0.50564134,0.8022795,0.32278118,0.95,0.4302545,0.7107574,0.32293063,0.95,0.5810616,0.80501425,0.3013841,0.95,0.6113981,0.8439866,0.064133234,0.95,0.44505277,0.8515534,-0.011613424,0.95,0.9,0.9,0.9,0.9,0.9,0.9,0.9,0.9,0.9,0.9,0.9,0.9,0.9,0.9,0.9,0.9,0.9,0.9,0.9,0.9,0.9,0.9,0.9,0.9,0.9,0.9,0.9,0.9,0.9,0.9,0.9,0.9,0.9
189,6.3,0.5711197,0.31394824,-0.051806476,0.95,0.5852503,0.243138,-0.057147592,0.95,0.58750707,0.26130152,0.08353908,0.95,0.5906874,0.37430698,-0.0574133,0.95,0.5736316,0.33919862,-0.017206548,0.95,0.52240515,0.3272577,-0.051011167,0.95,0.52217704,0.38220254,0.11403351,0.95,0.5884081,0.26238438,-0.018879708,0.95,0.5020839,0.2585632,0.08967914,0.95,0.5150126,0.31790084,-0.03298215,0.95,0.5221017,0.3167051,-0.05141726,0.95,0.629378,0.4268941,0.108840264,0.95,0.46285513,0.30079943,-0.045829672,0.95,0.7061323,0.35460955,-0.042521827,0.95,0.47735554,0.4540677,0.16381234,0.95,0.718064,0.53137,-0.043922182,0.95,0.30853215,0.52818716,0.16094251,0.95,0.717268,0.5309093,0.15390344,0.95,0.2858901,0.526654,0.10898915,0.95,0.7199609,0.41920412,-0.075788654,0.95,0.5250143,0.5353013,0.16065349,0.95,0.7109854,0.34877264,0.06993155,0.95,0.24048701,0.53169096,0.08301728,0.95,0.6223782,0.583349,0.06599537,0.95,0.42220536,0.56492966,0.042327855,0.95,0.6151476,0.69493794,0.093155965,0.95,0.51200825,0.68979216,0.039433535,0.95,0.6407449,0.8043877,0.3309858,0.95,0.50564134,0.8022795,0.32278118,0.95,0.4302545,0.71075743,0.32293063,0.95,0.5810616,0.80501425,0.3013841,0.95,0.6113981,0.8439866,0.064133234,0.95,0.44505277,0.8515534,-0.011613409,0.95,0.9,0.9,0.9,0.9,0.9,0.9,0.9,0.9,0.9,0.9,0.9,0.9,0.9,0.9,0.9,0.9,0.9,0.9,0.9,0.9,0.9,0.9,0.9,0.9,0.9,0.9,0.9,0.9,0.9,0.9,0.9,0.9,0.9
190,6.333333333333333,0.5711197,0.31394824,-0.051806476,0.95,0.5852503,0.243138,-0.057147592,0.95,0.58750707,0.26130152,0.08353908,0.95,0.5906874,0.37430698,-0.0574133,0.95,0.5736316,0.33919862,-0.017206548,0.95,0.52240515,0.3272577,-0.051011175,0.95,0.522177,0.38220254,0.11403351,0.95,0.5884081,0.26238438,-0.018879708,0.95,0.5020839,0.2585632,0.089679144,0.95,0.5150126,0.31790084,-0.03298215,0.95,0.5221017,0.3167051,-0.05141726,0.95,0.629378,0.4268941,0.108840264,0.95,0.46285513,0.30079943,-0.045829672,0.95,0.7061323,0.35460955,-0.042521827,0.95,0.4773555,0.4540677,0.16381232,0.95,0.718064,0.53137,-0.043922175,0.95,0.30853218,0.52818716,0.16094251,0.95,0.717268,0.5309093,0.15390344,0.95,0.2858901,0.526654,0.10898915,0.95,0.7199609,0.41920412,-0.075788654,0.95,0.5250143,0.5353013,0.16065349,0.95,0.7109854,0.34877264,0.06993155,0.95,0.24048701,0.53169096,0.083017275,0.95,0.6223782,0.583349,0.06599537,0.95,0.42220536,0.56492966,0.04232785,0.95,0.6151476,0.69493794,0.093155965,0.95,0.51200825,0.68979216,0.039433546,0.95,0.6407449,0.8043877,0.3309858,0.95,0.50564134,0.8022795,0.32278118,0.95,0.4302545,0.71075743,0.32293063,0.95,0.5810616,0.8050142,0.3013841,0.95,0.6113981,0.8439866,0.064133234,0.95,0.44505277,0.8515534,-0.011613424,0.95,0.9,0.9,0.9,0.9,0.9,0.9,0.9,0.9,0.9,0.9,0.9,0.9,0.9,0.9,0.9,0.9,0.9,0.9,0.9,0.9,0.9,0.9,0.9,0.9,0.9,0.9,0.9,0.9,0.9,0.9,0.9,0.9,0.9
191,6.366666666666666,0.5711197,0.31394824,-0.051806476,0.95,0.5852503,0.243138,-0.057147592,0.95,0.58750707,0.26130152,0.08353909,0.95,0.5906874,0.37430698,-0.0574133,0.95,0.5736316,0.33919862,-0.017206548,0.95,0.5224052,0.3272577,-0.051011175,0.95,0.522177,0.38220254,0.11403351,0.95,0.5884081,0.26238438,-0.018879708,0.95,0.5020839,0.2585632,0.089679144,0.95,0.5150126,0.31790084,-0.03298215,0.95,0.5221017,0.3167051,-0.05141726,0.95,0.629378,0.4268941,0.10884027,0.95,0.46285513,0.30079943,-0.045829672,0.95,0.7061323,0.35460955,-0.042521827,0.95,0.47735554,0.4540677,0.16381232,0.95,0.718064,0.53137,-0.043922182,0.95,0.30853218,0.52818716,0.16094252,0.95,0.717268,0.5309093,0.15390342,0.95,0.2858901,0.526654,0.108989134,0.95,0.7199609,0.41920412,-0.075788654,0.95,0.5250143,0.5353013,0.16065349,0.95,0.7109854,0.34877264,0.069931544,0.95,0.24048701,0.53169096,0.083017275,0.95,0.6223782,0.583349,0.06599537,0.95,0.42220536,0.56492966,0.042327847,0.95,0.6151476,0.69493794,0.093155965,0.95,0.51200825,0.68979216,0.03943354,0.95,0.6407449,0.8043877,0.3309858,0.95,0.50564134,0.8022795,0.32278118,0.95,0.4302545,0.7107574,0.32293063,0.95,0.5810616,0.8050142,0.3013841,0.95,0.6113981,0.8439866,0.064133234,0.95,0.44505274,0.8515534,-0.011613409,0.95,0.9,0.9,0.9,0.9,0.9,0.9,0.9,0.9,0.9,0.9,0.9,0.9,0.9,0.9,0.9,0.9,0.9,0.9,0.9,0.9,0.9,0.9,0.9,0.9,0.9,0.9,0.9,0.9,0.9,0.9,0.9,0.9,0.9
192,6.4,0.5711197,0.31394824,-0.051806476,0.95,0.5852503,0.243138,-0.057147592,0.95,0.58750707,0.26130152,0.08353908,0.95,0.5906874,0.37430698,-0.0574133,0.95,0.5736316,0.33919862,-0.017206548,0.95,0.52240515,0.32725766,-0.051011175,0.95,0.522177,0.38220254,0.11403351,0.95,0.5884081,0.26238438,-0.018879712,0.95,0.5020839,0.2585632,0.089679144,0.95,0.5150126,0.31790084,-0.03298215,0.95,0.5221017,0.3167051,-0.05141726,0.95,0.629378,0.4268941,0.10884027,0.95,0.46285513,0.30079943,-0.045829672,0.95,0.7061323,0.35460955,-0.042521827,0.95,0.4773555,0.4540677,0.16381232,0.95,0.718064,0.53137,-0.043922182,0.95,0.30853215,0.5281872,0.16094252,0.95,0.717268,0.5309093,0.15390342,0.95,0.2858901,0.526654,0.10898914,0.95,0.7199609,0.41920412,-0.075788654,0.95,0.5250143,0.5353013,0.16065347,0.95,0.7109854,0.34877264,0.06993154,0.95,0.24048702,0.53169096,0.08301729,0.95,0.6223782,0.583349,0.06599537,0.95,0.42220536,0.56492966,0.042327847,0.95,0.6151476,0.69493794,0.093155965,0.95,0.51200825,0.68979216,0.039433543,0.95,0.6407449,0.8043877,0.3309858,0.95,0.50564134,0.8022795,0.32278118,0.95,0.4302545,0.7107574,0.32293063,0.95,0.5810616,0.80501425,0.3013841,0.95,0.6113981,0.8439866,0.064133234,0.95,0.44505274,0.8515534,-0.011613402,0.95,0.9,0.9,0.9,0.9,0.9,0.9,0.9,0.9,0.9,0.9,0.9,0.9,0.9,0.9,0.9,0.9,0.9,0.9,0.9,0.9,0.9,0.9,0.9,0.9,0.9,0.9,0.9,0.9,0.9,0.9,0.9,0.9,0.9
193,6.433333333333334,0.5711197,0.31394824,-0.051806476,0.95,0.5852503,0.243138,-0.057147592,0.95,0.58750707,0.26130152,0.08353908,0.95,0.5906874,0.37430698,-0.0574133,0.95,0.5736316,0.33919862,-0.017206537,0.95,0.52240515,0.32725766,-0.051011175,0.95,0.522177,0.38220254,0.11403351,0.95,0.5884081,0.26238438,-0.018879708,0.95,0.5020839,0.2585632,0.08967914,0.95,0.5150126,0.31790084,-0.032982156,0.95,0.5221017,0.3167051,-0.05141726,0.95,0.629378,0.4268941,0.10884027,0.95,0.46285513,0.30079943,-0.045829672,0.95,0.7061323,0.35460955,-0.04252182,0.95,0.4773555,0.4540677,0.16381232,0.95,0.718064,0.53137,-0.043922182,0.95,0.30853215,0.5281872,0.16094252,0.95,0.717268,0.5309093,0.15390344,0.95,0.2858901,0.526654,0.10898915,0.95,0.7199609,0.41920412,-0.075788654,0.95,0.5250143,0.5353013,0.16065347,0.95,0.7109854,0.34877264,0.06993154,0.95,0.24048702,0.53169096,0.08301728,0.95,0.6223782,0.583349,0.06599537,0.95,0.42220536,0.56492966,0.042327847,0.95,0.6151476,0.69493794,0.093155965,0.95,0.51200825,0.68979216,0.039433543,0.95,0.6407449,0.8043877,0.3309858,0.95,0.50564134,0.8022795,0.32278118,0.95,0.4302545,0.71075743,0.32293063,0.95,0.5810616,0.80501425,0.3013841,0.95,0.6113981,0.8439866,0.06413323,0.95,0.44505274,0.8515534,-0.011613409,0.95,0.9,0.9,0.9,0.9,0.9,0.9,0.9,0.9,0.9,0.9,0.9,0.9,0.9,0.9,0.9,0.9,0.9,0.9,0.9,0.9,0.9,0.9,0.9,0.9,0.9,0.9,0.9,0.9,0.9,0.9,0.9,0.9,0.9
194,6.466666666666667,0.5711197,0.31394824,-0.051806476,0.95,0.5852503,0.243138,-0.057147592,0.95,0.58750707,0.26130152,0.08353908,0.95,0.5906874,0.37430698,-0.0574133,0.95,0.5736316,0.33919862,-0.017206544,0.95,0.52240515,0.32725766,-0.051011175,0.95,0.522177,0.38220254,0.11403351,0.95,0.5884081,0.26238438,-0.018879708,0.95,0.5020839,0.2585632,0.089679144,0.95,0.5150126,0.31790084,-0.03298215,0.95,0.5221017,0.3167051,-0.05141726,0.95,0.629378,0.4268941,0.10884027,0.95,0.46285513,0.30079943,-0.045829672,0.95,0.7061323,0.35460955,-0.042521812,0.95,0.4773555,0.4540677,0.16381232,0.95,0.718064,0.53137,-0.043922182,0.95,0.30853215,0.5281872,0.16094251,0.95,0.717268,0.53090936,0.15390342,0.95,0.2858901,0.526654,0.10898914,0.95,0.7199609,0.41920412,-0.075788654,0.95,0.5250143,0.5353013,0.16065349,0.95,0.7109854,0.34877264,0.06993154,0.95,0.24048701,0.53169096,0.083017275,0.95,0.6223782,0.583349,0.06599537,0.95,0.42220536,0.56492966,0.042327844,0.95,0.6151476,0.69493794,0.093155965,0.95,0.51200825,0.68979216,0.039433546,0.95,0.6407449,0.8043877,0.3309858,0.95,0.50564134,0.8022795,0.32278118,0.95,0.4302545,0.71075743,0.32293063,0.95,0.5810616,0.80501425,0.3013841,0.95,0.6113981,0.8439866,0.06413323,0.95,0.44505274,0.8515534,-0.011613409,0.95,0.9,0.9,0.9,0.9,0.9,0.9,0.9,0.9,0.9,0.9,0.9,0.9,0.9,0.9,0.9,0.9,0.9,0.9,0.9,0.9,0.9,0.9,0.9,0.9,0.9,0.9,0.9,0.9,0.9,0.9,0.9,0.9,0.9
195,6.5,0.5711197,0.31394824,-0.051806476,0.95,0.5852503,0.243138,-0.057147592,0.95,0.58750707,0.26130152,0.08353908,0.95,0.5906874,0.37430695,-0.0574133,0.95,0.5736316,0.33919862,-0.017206544,0.95,0.52240515,0.32725766,-0.051011175,0.95,0.522177,0.38220254,0.11403351,0.95,0.5884081,0.26238438,-0.018879708,0.95,0.5020839,0.2585632,0.089679144,0.95,0.5150126,0.31790084,-0.03298215,0.95,0.5221017,0.3167051,-0.05141726,0.95,0.629378,0.4268941,0.10884027,0.95,0.46285513,0.30079943,-0.045829672,0.95,0.7061323,0.35460955,-0.04252182,0.95,0.4773555,0.4540677,0.16381232,0.95,0.718064,0.53137,-0.043922182,0.95,0.30853218,0.5281872,0.16094251,0.95,0.717268,0.53090936,0.15390344,0.95,0.2858901,0.526654,0.108989134,0.95,0.7199609,0.41920415,-0.075788654,0.95,0.5250143,0.5353013,0.16065349,0.95,0.7109854,0.34877264,0.069931544,0.95,0.24048701,0.53169096,0.08301728,0.95,0.6223782,0.583349,0.06599537,0.95,0.42220536,0.56492966,0.042327844,0.95,0.6151476,0.69493794,0.093155965,0.95,0.51200825,0.68979216,0.03943355,0.95,0.6407449,0.8043877,0.3309858,0.95,0.50564134,0.8022795,0.32278118,0.95,0.4302545,0.71075743,0.32293063,0.95,0.5810616,0.80501425,0.3013841,0.95,0.6113981,0.8439866,0.06413323,0.95,0.44505274,0.8515534,-0.011613424,0.95,0.9,0.9,0.9,0.9,0.9,0.9,0.9,0.9,0.9,0.9,0.9,0.9,0.9,0.9,0.9,0.9,0.9,0.9,0.9,0.9,0.9,0.9,0.9,0.9,0.9,0.9,0.9,0.9,0.9,0.9,0.9,0.9,0.9
196,6.533333333333333,0.5711197,0.31394824,-0.051806476,0.95,0.5852503,0.243138,-0.057147592,0.95,0.58750707,0.26130152,0.08353908,0.95,0.5906874,0.37430695,-0.0574133,0.95,0.5736316,0.33919862,-0.017206537,0.95,0.52240515,0.32725766,-0.051011175,0.95,0.522177,0.38220254,0.11403351,0.95,0.5884081,0.26238438,-0.018879708,0.95,0.5020839,0.2585632,0.089679144,0.95,0.5150126,0.31790084,-0.03298215,0.95,0.5221017,0.3167051,-0.05141726,0.95,0.629378,0.4268941,0.10884028,0.95,0.46285513,0.30079943,-0.045829665,0.95,0.7061323,0.35460958,-0.04252182,0.95,0.4773555,0.4540677,0.16381232,0.95,0.718064,0.53137,-0.043922182,0.95,0.30853215,0.5281872,0.16094251,0.95,0.717268,0.53090936,0.15390344,0.95,0.2858901,0.526654,0.108989134,0.95,0.7199609,0.41920415,-0.075788654,0.95,0.5250143,0.5353013,0.16065349,0.95,0.7109854,0.34877264,0.069931544,0.95,0.24048701,0.53169096,0.083017275,0.95,0.6223782,0.583349,0.06599537,0.95,0.42220536,0.56492966,0.04232784,0.95,0.6151476,0.69493794,0.093155965,0.95,0.51200825,0.68979216,0.03943355,0.95,0.6407449,0.8043877,0.3309858,0.95,0.50564134,0.8022795,0.32278118,0.95,0.4302545,0.71075743,0.32293063,0.95,0.5810616,0.80501425,0.3013841,0.95,0.6113981,0.8439866,0.06413323,0.95,0.44505274,0.8515534,-0.011613424,0.95,0.9,0.9,0.9,0.9,0.9,0.9,0.9,0.9,0.9,0.9,0.9,0.9,0.9,0.9,0.9,0.9,0.9,0.9,0.9,0.9,0.9,0.9,0.9,0.9,0.9,0.9,0.9,0.9,0.9,0.9,0.9,0.9,0.9
197,6.566666666666666,0.5711197,0.31394824,-0.051806483,0.95,0.5852503,0.24313802,-0.0571476,0.95,0.58750707,0.26130152,0.083539076,0.95,0.5906874,0.37430698,-0.0574133,0.95,0.5736316,0.33919862,-0.017206548,0.95,0.52240515,0.32725766,-0.051011175,0.95,0.522177,0.38220254,0.11403351,0.95,0.5884081,0.26238438,-0.018879708,0.95,0.5020839,0.2585632,0.089679144,0.95,0.5150126,0.31790084,-0.03298215,0.95,0.5221017,0.3167051,-0.05141726,0.95,0.62937796,0.4268941,0.10884028,0.95,0.46285513,0.30079943,-0.045829665,0.95,0.7061323,0.35460958,-0.04252182,0.95,0.4773555,0.4540677,0.16381232,0.95,0.718064,0.53137,-0.043922182,0.95,0.30853215,0.5281872,0.16094251,0.95,0.717268,0.53090936,0.15390344,0.95,0.2858901,0.526654,0.108989134,0.95,0.7199609,0.41920415,-0.075788654,0.95,0.5250143,0.5353013,0.16065349,0.95,0.7109854,0.34877264,0.06993154,0.95,0.24048702,0.53169096,0.08301728,0.95,0.6223782,0.583349,0.06599537,0.95,0.42220536,0.56492966,0.04232784,0.95,0.6151476,0.69493794,0.09315596,0.95,0.51200825,0.68979216,0.039433543,0.95,0.6407449,0.8043877,0.3309858,0.95,0.50564134,0.8022795,0.32278118,0.95,0.4302545,0.71075743,0.32293063,0.95,0.5810616,0.80501425,0.3013841,0.95,0.6113981,0.8439866,0.064133234,0.95,0.44505274,0.8515534,-0.011613424,0.95,0.9,0.9,0.9,0.9,0.9,0.9,0.9,0.9,0.9,0.9,0.9,0.9,0.9,0.9,0.9,0.9,0.9,0.9,0.9,0.9,0.9,0.9,0.9,0.9,0.9,0.9,0.9,0.9,0.9,0.9,0.9,0.9,0.9
198,6.6,0.5711197,0.31394824,-0.051806476,0.95,0.5852503,0.24313802,-0.0571476,0.95,0.58750707,0.26130152,0.08353907,0.95,0.5906874,0.37430698,-0.0574133,0.95,0.5736316,0.33919862,-0.017206544,0.95,0.52240515,0.32725766,-0.051011175,0.95,0.522177,0.38220254,0.11403351,0.95,0.5884081,0.26238438,-0.0188797,0.95,0.5020839,0.2585632,0.089679144,0.95,0.5150126,0.31790084,-0.03298215,0.95,0.5221017,0.3167051,-0.05141726,0.95,0.62937796,0.4268941,0.10884028,0.95,0.46285513,0.30079943,-0.045829665,0.95,0.7061323,0.35460955,-0.04252182,0.95,0.4773555,0.4540677,0.16381232,0.95,0.718064,0.53137,-0.043922182,0.95,0.30853215,0.5281872,0.1609425,0.95,0.717268,0.53090936,0.15390342,0.95,0.2858901,0.526654,0.10898913,0.95,0.7199609,0.41920415,-0.075788654,0.95,0.5250143,0.5353013,0.16065349,0.95,0.7109854,0.34877264,0.069931544,0.95,0.24048702,0.53169096,0.08301729,0.95,0.6223782,0.583349,0.065995365,0.95,0.4222054,0.56492966,0.042327844,0.95,0.6151476,0.69493794,0.09315596,0.95,0.51200825,0.68979216,0.039433543,0.95,0.6407449,0.8043877,0.3309858,0.95,0.50564134,0.8022795,0.32278118,0.95,0.4302545,0.71075743,0.32293063,0.95,0.5810616,0.80501425,0.3013841,0.95,0.6113981,0.8439866,0.06413322,0.95,0.44505274,0.8515534,-0.011613424,0.95,0.9,0.9,0.9,0.9,0.9,0.9,0.9,0.9,0.9,0.9,0.9,0.9,0.9,0.9,0.9,0.9,0.9,0.9,0.9,0.9,0.9,0.9,0.9,0.9,0.9,0.9,0.9,0.9,0.9,0.9,0.9,0.9,0.9
199,6.633333333333334,0.5711197,0.31394824,-0.051806476,0.95,0.5852503,0.24313802,-0.0571476,0.95,0.58750707,0.26130152,0.08353907,0.95,0.5906874,0.37430698,-0.0574133,0.95,0.5736316,0.33919862,-0.017206544,0.95,0.52240515,0.32725766,-0.051011175,0.95,0.522177,0.38220254,0.11403351,0.95,0.5884081,0.26238438,-0.018879708,0.95,0.5020839,0.2585632,0.089679144,0.95,0.5150126,0.31790084,-0.032982156,0.95,0.5221017,0.3167051,-0.05141726,0.95,0.629378,0.4268941,0.10884028,0.95,0.4628551,0.30079943,-0.045829665,0.95,0.7061323,0.35460955,-0.04252182,0.95,0.4773555,0.4540677,0.16381232,0.95,0.718064,0.53137,-0.043922205,0.95,0.30853215,0.5281872,0.1609425,0.95,0.717268,0.53090936,0.15390344,0.95,0.2858901,0.526654,0.10898913,0.95,0.7199609,0.41920415,-0.075788654,0.95,0.5250143,0.5353013,0.16065349,0.95,0.7109854,0.34877264,0.069931544,0.95,0.24048702,0.53169096,0.08301728,0.95,0.6223782,0.583349,0.065995365,0.95,0.42220536,0.56492966,0.042327844,0.95,0.6151476,0.69493794,0.09315596,0.95,0.51200825,0.6897921,0.03943354,0.95,0.6407449,0.8043877,0.3309858,0.95,0.5056414,0.8022795,0.32278118,0.95,0.4302545,0.71075743,0.3229306,0.95,0.5810616,0.80501425,0.3013841,0.95,0.6113981,0.8439866,0.06413323,0.95,0.44505274,0.8515534,-0.011613424,0.95,0.9,0.9,0.9,0.9,0.9,0.9,0.9,0.9,0.9,0.9,0.9,0.9,0.9,0.9,0.9,0.9,0.9,0.9,0.9,0.9,0.9,0.9,0.9,0.9,0.9,0.9,0.9,0.9,0.9,0.9,0.9,0.9,0.9
200,6.666666666666667,0.5711197,0.31394824,-0.051806476,0.95,0.5852503,0.243138,-0.0571476,0.95,0.58750707,0.26130152,0.08353907,0.95,0.5906874,0.37430698,-0.0574133,0.95,0.5736316,0.33919862,-0.017206548,0.95,0.52240515,0.32725766,-0.051011175,0.95,0.522177,0.38220254,0.11403351,0.95,0.5884081,0.26238438,-0.018879708,0.95,0.5020839,0.2585632,0.089679144,0.95,0.5150126,0.31790084,-0.03298215,0.95,0.5221017,0.3167051,-0.05141726,0.95,0.62937796,0.4268941,0.10884028,0.95,0.4628551,0.30079943,-0.045829665,0.95,0.7061323,0.35460955,-0.04252182,0.95,0.4773555,0.4540677,0.16381232,0.95,0.718064,0.53137,-0.043922205,0.95,0.30853218,0.5281872,0.1609425,0.95,0.717268,0.53090936,0.15390344,0.95,0.2858901,0.526654,0.10898913,0.95,0.7199609,0.41920415,-0.075788654,0.95,0.5250143,0.5353013,0.16065349,0.95,0.7109854,0.34877264,0.069931544,0.95,0.24048702,0.53169096,0.08301728,0.95,0.6223782,0.583349,0.065995365,0.95,0.42220536,0.56492966,0.042327844,0.95,0.6151476,0.69493794,0.09315596,0.95,0.51200825,0.6897921,0.039433543,0.95,0.6407449,0.8043877,0.3309858,0.95,0.50564134,0.8022795,0.32278118,0.95,0.4302545,0.71075743,0.3229306,0.95,0.5810616,0.80501425,0.3013841,0.95,0.6113981,0.8439866,0.064133234,0.95,0.44505274,0.8515534,-0.011613424,0.95,0.9,0.9,0.9,0.9,0.9,0.9,0.9,0.9,0.9,0.9,0.9,0.9,0.9,0.9,0.9,0.9,0.9,0.9,0.9,0.9,0.9,0.9,0.9,0.9,0.9,0.9,0.9,0.9,0.9,0.9,0.9,0.9,0.9
201,6.7,0.5711197,0.31394824,-0.051806476,0.95,0.5852503,0.243138,-0.0571476,0.95,0.58750707,0.26130152,0.08353907,0.95,0.5906874,0.37430698,-0.0574133,0.95,0.5736316,0.33919862,-0.017206548,0.95,0.52240515,0.32725766,-0.051011175,0.95,0.522177,0.38220254,0.11403351,0.95,0.5884081,0.26238438,-0.018879708,0.95,0.5020839,0.2585632,0.089679144,0.95,0.5150126,0.31790084,-0.03298215,0.95,0.5221017,0.3167051,-0.05141726,0.95,0.62937796,0.4268941,0.10884028,0.95,0.4628551,0.30079943,-0.045829665,0.95,0.7061323,0.35460955,-0.04252182,0.95,0.4773555,0.4540677,0.16381232,0.95,0.718064,0.53137,-0.04392219,0.95,0.30853215,0.5281872,0.16094251,0.95,0.717268,0.53090936,0.15390344,0.95,0.2858901,0.526654,0.10898912,0.95,0.7199609,0.41920415,-0.075788654,0.95,0.5250143,0.5353013,0.16065349,0.95,0.7109854,0.34877264,0.06993153,0.95,0.24048702,0.53169096,0.083017305,0.95,0.6223782,0.583349,0.065995365,0.95,0.42220536,0.56492966,0.042327844,0.95,0.6151476,0.69493794,0.09315596,0.95,0.51200825,0.6897921,0.039433543,0.95,0.6407449,0.8043877,0.3309858,0.95,0.5056414,0.8022795,0.32278118,0.95,0.4302545,0.71075743,0.3229306,0.95,0.5810616,0.80501425,0.3013841,0.95,0.6113981,0.8439866,0.064133234,0.95,0.44505274,0.8515534,-0.011613431,0.95,0.9,0.9,0.9,0.9,0.9,0.9,0.9,0.9,0.9,0.9,0.9,0.9,0.9,0.9,0.9,0.9,0.9,0.9,0.9,0.9,0.9,0.9,0.9,0.9,0.9,0.9,0.9,0.9,0.9,0.9,0.9,0.9,0.9
202,6.733333333333333,0.5711197,0.31394824,-0.051806483,0.95,0.5852503,0.243138,-0.0571476,0.95,0.58750707,0.26130152,0.08353906,0.95,0.5906874,0.37430698,-0.0574133,0.95,0.5736316,0.33919862,-0.017206548,0.95,0.52240515,0.32725766,-0.051011175,0.95,0.522177,0.38220254,0.11403351,0.95,0.5884081,0.26238438,-0.018879708,0.95,0.5020839,0.2585632,0.089679144,0.95,0.5150126,0.31790084,-0.03298215,0.95,0.5221017,0.3167051,-0.05141726,0.95,0.62937796,0.4268941,0.10884028,0.95,0.4628551,0.30079943,-0.045829665,0.95,0.7061323,0.35460955,-0.04252182,0.95,0.4773555,0.4540677,0.16381232,0.95,0.718064,0.53137,-0.043922205,0.95,0.30853215,0.5281872,0.1609425,0.95,0.717268,0.53090936,0.15390344,0.95,0.28589007,0.526654,0.10898912,0.95,0.7199609,0.41920415,-0.075788654,0.95,0.5250143,0.5353013,0.16065349,0.95,0.7109854,0.34877264,0.06993154,0.95,0.24048702,0.53169096,0.083017305,0.95,0.6223782,0.583349,0.065995365,0.95,0.4222054,0.56492966,0.042327844,0.95,0.6151476,0.69493794,0.09315596,0.95,0.51200825,0.6897921,0.039433546,0.95,0.6407449,0.8043877,0.33098578,0.95,0.5056414,0.8022795,0.32278118,0.95,0.4302545,0.71075743,0.3229306,0.95,0.5810616,0.80501425,0.3013841,0.95,0.61139816,0.8439866,0.06413323,0.95,0.44505274,0.8515534,-0.011613431,0.95,0.9,0.9,0.9,0.9,0.9,0.9,0.9,0.9,0.9,0.9,0.9,0.9,0.9,0.9,0.9,0.9,0.9,0.9,0.9,0.9,0.9,0.9,0.9,0.9,0.9,0.9,0.9,0.9,0.9,0.9,0.9,0.9,0.9
203,6.766666666666667,0.5711197,0.31394824,-0.051806483,0.95,0.5852503,0.243138,-0.0571476,0.95,0.58750707,0.26130152,0.08353907,0.95,0.5906874,0.37430698,-0.0574133,0.95,0.5736316,0.33919862,-0.017206537,0.95,0.52240515,0.32725766,-0.051011175,0.95,0.522177,0.38220254,0.11403351,0.95,0.5884081,0.26238438,-0.018879708,0.95,0.5020839,0.2585632,0.089679144,0.95,0.5150126,0.31790084,-0.03298215,0.95,0.5221017,0.3167051,-0.05141726,0.95,0.62937796,0.4268941,0.10884027,0.95,0.4628551,0.30079943,-0.045829665,0.95,0.7061323,0.35460955,-0.04252182,0.95,0.4773555,0.4540677,0.16381232,0.95,0.718064,0.53137,-0.043922205,0.95,0.30853215,0.5281872,0.16094251,0.95,0.717268,0.53090936,0.15390344,0.95,0.28589007,0.526654,0.10898912,0.95,0.7199609,0.41920415,-0.075788654,0.95,0.5250143,0.5353013,0.16065349,0.95,0.7109854,0.34877264,0.06993153,0.95,0.24048702,0.53169096,0.083017305,0.95,0.6223782,0.583349,0.065995365,0.95,0.4222054,0.56492966,0.04232784,0.95,0.6151476,0.69493794,0.09315596,0.95,0.51200825,0.6897921,0.039433546,0.95,0.6407449,0.8043877,0.3309858,0.95,0.5056414,0.8022795,0.32278118,0.95,0.4302545,0.71075743,0.3229306,0.95,0.5810616,0.80501425,0.3013841,0.95,0.61139816,0.8439866,0.06413323,0.95,0.44505274,0.8515534,-0.011613424,0.95,0.9,0.9,0.9,0.9,0.9,0.9,0.9,0.9,0.9,0.9,0.9,0.9,0.9,0.9,0.9,0.9,0.9,0.9,0.9,0.9,0.9,0.9,0.9,0.9,0.9,0.9,0.9,0.9,0.9,0.9,0.9,0.9,0.9
204,6.8,0.5711197,0.31394824,-0.051806476,0.95,0.5852503,0.243138,-0.0571476,0.95,0.58750707,0.26130152,0.083539076,0.95,0.5906874,0.37430698,-0.0574133,0.95,0.5736316,0.33919862,-0.017206544,0.95,0.52240515,0.32725766,-0.051011175,0.95,0.522177,0.38220254,0.11403351,0.95,0.5884081,0.26238438,-0.0188797,0.95,0.5020839,0.2585632,0.089679144,0.95,0.5150126,0.31790084,-0.03298215,0.95,0.5221017,0.3167051,-0.05141726,0.95,0.629378,0.4268941,0.10884028,0.95,0.4628551,0.30079943,-0.045829665,0.95,0.7061323,0.35460955,-0.04252182,0.95,0.4773555,0.4540677,0.16381232,0.95,0.718064,0.53137,-0.043922205,0.95,0.30853215,0.5281872,0.16094251,0.95,0.717268,0.53090936,0.15390344,0.95,0.28589007,0.526654,0.10898913,0.95,0.7199609,0.41920415,-0.075788654,0.95,0.5250143,0.5353013,0.16065349,0.95,0.7109854,0.34877264,0.06993153,0.95,0.24048702,0.53169096,0.08301731,0.95,0.6223782,0.583349,0.065995365,0.95,0.4222054,0.56492966,0.04232784,0.95,0.6151476,0.69493794,0.09315596,0.95,0.51200825,0.68979216,0.039433543,0.95,0.6407449,0.8043877,0.3309858,0.95,0.5056414,0.8022795,0.32278118,0.95,0.4302545,0.71075743,0.3229306,0.95,0.5810616,0.80501425,0.3013841,0.95,0.61139816,0.8439866,0.064133234,0.95,0.44505274,0.8515534,-0.011613424,0.95,0.9,0.9,0.9,0.9,0.9,0.9,0.9,0.9,0.9,0.9,0.9,0.9,0.9,0.9,0.9,0.9,0.9,0.9,0.9,0.9,0.9,0.9,0.9,0.9,0.9,0.9,0.9,0.9,0.9,0.9,0.9,0.9,0.9
205,6.833333333333333,0.5711197,0.31394824,-0.051806476,0.95,0.5852503,0.243138,-0.0571476,0.95,0.58750707,0.26130152,0.08353907,0.95,0.5906874,0.37430698,-0.0574133,0.95,0.5736316,0.33919862,-0.017206548,0.95,0.52240515,0.32725766,-0.051011175,0.95,0.522177,0.38220254,0.114033505,0.95,0.5884081,0.26238438,-0.018879697,0.95,0.5020839,0.2585632,0.089679144,0.95,0.5150126,0.31790084,-0.03298215,0.95,0.5221017,0.3167051,-0.05141726,0.95,0.62937796,0.4268941,0.10884028,0.95,0.4628551,0.30079943,-0.045829665,0.95,0.7061323,0.35460955,-0.042521812,0.95,0.4773555,0.4540677,0.16381232,0.95,0.718064,0.53137,-0.043922205,0.95,0.30853215,0.5281872,0.1609425,0.95,0.717268,0.53090936,0.15390344,0.95,0.28589007,0.526654,0.10898913,0.95,0.7199609,0.41920415,-0.075788654,0.95,0.5250143,0.5353013,0.16065349,0.95,0.7109854,0.34877264,0.06993153,0.95,0.24048702,0.53169096,0.083017305,0.95,0.6223782,0.583349,0.065995365,0.95,0.4222054,0.56492966,0.042327836,0.95,0.6151476,0.69493794,0.09315596,0.95,0.51200825,0.68979216,0.039433543,0.95,0.6407449,0.8043877,0.3309858,0.95,0.5056414,0.8022795,0.32278118,0.95,0.43025452,0.71075743,0.3229306,0.95,0.5810616,0.80501425,0.3013841,0.95,0.61139816,0.8439866,0.06413323,0.95,0.4450527,0.8515534,-0.011613424,0.95,0.9,0.9,0.9,0.9,0.9,0.9,0.9,0.9,0.9,0.9,0.9,0.9,0.9,0.9,0.9,0.9,0.9,0.9,0.9,0.9,0.9,0.9,0.9,0.9,0.9,0.9,0.9,0.9,0.9,0.9,0.9,0.9,0.9
206,6.866666666666666,0.5711197,0.31394824,-0.051806476,0.95,0.5852503,0.243138,-0.0571476,0.95,0.58750707,0.26130152,0.08353907,0.95,0.5906874,0.37430695,-0.0574133,0.95,0.5736316,0.33919862,-0.017206544,0.95,0.52240515,0.32725766,-0.051011175,0.95,0.522177,0.38220254,0.11403351,0.95,0.5884081,0.26238438,-0.018879697,0.95,0.5020839,0.2585632,0.089679144,0.95,0.5150126,0.31790084,-0.03298215,0.95,0.5221017,0.3167051,-0.05141726,0.95,0.62937796,0.4268941,0.10884028,0.95,0.4628551,0.30079943,-0.045829665,0.95,0.7061323,0.35460955,-0.04252182,0.95,0.4773555,0.4540677,0.16381232,0.95,0.718064,0.53137,-0.043922205,0.95,0.30853215,0.5281872,0.16094251,0.95,0.717268,0.53090936,0.15390344,0.95,0.28589007,0.526654,0.10898913,0.95,0.7199609,0.41920415,-0.075788654,0.95,0.5250143,0.5353013,0.16065349,0.95,0.7109854,0.34877264,0.06993154,0.95,0.24048702,0.53169096,0.08301729,0.95,0.6223782,0.583349,0.065995365,0.95,0.4222054,0.56492966,0.042327836,0.95,0.6151476,0.69493794,0.09315596,0.95,0.51200825,0.68979216,0.039433543,0.95,0.6407449,0.8043877,0.3309858,0.95,0.5056414,0.8022795,0.32278118,0.95,0.43025452,0.71075743,0.3229306,0.95,0.5810616,0.80501425,0.3013841,0.95,0.61139816,0.8439866,0.06413323,0.95,0.4450527,0.8515534,-0.011613431,0.95,0.9,0.9,0.9,0.9,0.9,0.9,0.9,0.9,0.9,0.9,0.9,0.9,0.9,0.9,0.9,0.9,0.9,0.9,0.9,0.9,0.9,0.9,0.9,0.9,0.9,0.9,0.9,0.9,0.9,0.9,0.9,0.9,0.9
207,6.9,0.5711197,0.31394824,-0.051806476,0.95,0.5852503,0.243138,-0.0571476,0.95,0.58750707,0.26130152,0.08353906,0.95,0.5906874,0.37430695,-0.0574133,0.95,0.5736316,0.33919862,-0.017206544,0.95,0.52240515,0.32725766,-0.051011175,0.95,0.522177,0.38220254,0.11403351,0.95,0.5884081,0.26238438,-0.018879697,0.95,0.5020839,0.2585632,0.089679144,0.95,0.5150126,0.31790084,-0.03298215,0.95,0.5221017,0.3167051,-0.05141726,0.95,0.62937796,0.4268941,0.10884027,0.95,0.4628551,0.30079943,-0.045829665,0.95,0.7061323,0.35460955,-0.04252182,0.95,0.4773555,0.4540677,0.16381232,0.95,0.718064,0.53137,-0.043922205,0.95,0.30853215,0.5281872,0.16094251,0.95,0.717268,0.5309093,0.15390344,0.95,0.28589007,0.526654,0.10898913,0.95,0.7199609,0.41920415,-0.075788654,0.95,0.5250143,0.5353013,0.16065349,0.95,0.7109854,0.34877264,0.06993154,0.95,0.24048702,0.53169096,0.08301729,0.95,0.6223782,0.583349,0.065995365,0.95,0.4222054,0.56492966,0.042327836,0.95,0.6151476,0.69493794,0.09315596,0.95,0.51200825,0.68979216,0.039433543,0.95,0.6407449,0.8043877,0.3309858,0.95,0.5056414,0.8022795,0.32278118,0.95,0.43025452,0.71075743,0.3229306,0.95,0.5810616,0.80501425,0.3013841,0.95,0.61139816,0.8439866,0.06413323,0.95,0.4450527,0.8515534,-0.011613431,0.95,0.9,0.9,0.9,0.9,0.9,0.9,0.9,0.9,0.9,0.9,0.9,0.9,0.9,0.9,0.9,0.9,0.9,0.9,0.9,0.9,0.9,0.9,0.9,0.9,0.9,0.9,0.9,0.9,0.9,0.9,0.9,0.9,0.9
208,6.933333333333334,0.5711197,0.31394824,-0.051806476,0.95,0.5852503,0.243138,-0.0571476,0.95,0.58750707,0.26130152,0.08353906,0.95,0.5906874,0.37430695,-0.0574133,0.95,0.5736316,0.33919862,-0.017206544,0.95,0.52240515,0.32725766,-0.051011175,0.95,0.522177,0.38220254,0.11403351,0.95,0.5884081,0.26238438,-0.018879697,0.95,0.5020839,0.2585632,0.089679144,0.95,0.5150126,0.31790084,-0.03298214,0.95,0.5221017,0.3167051,-0.05141726,0.95,0.629378,0.4268941,0.10884027,0.95,0.4628551,0.30079943,-0.045829665,0.95,0.7061323,0.35460958,-0.04252182,0.95,0.4773555,0.4540677,0.16381232,0.95,0.718064,0.53137,-0.043922205,0.95,0.30853215,0.5281872,0.16094251,0.95,0.717268,0.53090936,0.15390344,0.95,0.28589007,0.526654,0.10898911,0.95,0.7199609,0.41920415,-0.075788654,0.95,0.5250143,0.5353013,0.16065349,0.95,0.7109854,0.34877264,0.06993154,0.95,0.24048702,0.53169096,0.083017305,0.95,0.6223782,0.583349,0.065995365,0.95,0.4222054,0.56492966,0.04232784,0.95,0.6151476,0.69493794,0.09315596,0.95,0.51200825,0.68979216,0.039433546,0.95,0.6407449,0.8043877,0.3309858,0.95,0.5056414,0.8022795,0.32278118,0.95,0.43025452,0.71075743,0.3229306,0.95,0.5810616,0.80501425,0.3013841,0.95,0.61139816,0.8439866,0.064133234,0.95,0.4450527,0.8515534,-0.011613431,0.95,0.9,0.9,0.9,0.9,0.9,0.9,0.9,0.9,0.9,0.9,0.9,0.9,0.9,0.9,0.9,0.9,0.9,0.9,0.9,0.9,0.9,0.9,0.9,0.9,0.9,0.9,0.9,0.9,0.9,0.9,0.9,0.9,0.9
209,6.966666666666667,0.5711197,0.3139482,-0.051806476,0.95,0.5852503,0.243138,-0.0571476,0.95,0.58750707,0.26130152,0.08353906,0.95,0.5906874,0.37430695,-0.0574133,0.95,0.5736316,0.33919862,-0.017206548,0.95,0.52240515,0.32725766,-0.051011175,0.95,0.522177,0.38220254,0.114033505,0.95,0.5884081,0.26238438,-0.0188797,0.95,0.5020839,0.2585632,0.089679144,0.95,0.5150126,0.31790084,-0.03298215,0.95,0.5221017,0.3167051,-0.05141726,0.95,0.629378,0.4268941,0.10884027,0.95,0.4628551,0.30079943,-0.045829665,0.95,0.7061323,0.35460958,-0.04252182,0.95,0.4773555,0.4540677,0.16381232,0.95,0.718064,0.53137,-0.043922212,0.95,0.30853215,0.5281872,0.1609425,0.95,0.717268,0.5309093,0.15390342,0.95,0.28589007,0.526654,0.10898911,0.95,0.7199609,0.41920415,-0.075788654,0.95,0.5250143,0.5353013,0.16065349,0.95,0.7109854,0.34877264,0.06993154,0.95,0.24048702,0.53169096,0.08301731,0.95,0.6223782,0.583349,0.065995365,0.95,0.4222054,0.56492966,0.04232784,0.95,0.6151476,0.69493794,0.09315596,0.95,0.5120083,0.6897921,0.03943355,0.95,0.6407449,0.8043877,0.3309858,0.95,0.5056414,0.8022795,0.32278118,0.95,0.43025452,0.71075743,0.3229306,0.95,0.5810616,0.80501425,0.3013841,0.95,0.61139816,0.8439866,0.064133234,0.95,0.4450527,0.8515534,-0.011613431,0.95,0.9,0.9,0.9,0.9,0.9,0.9,0.9,0.9,0.9,0.9,0.9,0.9,0.9,0.9,0.9,0.9,0.9,0.9,0.9,0.9,0.9,0.9,0.9,0.9,0.9,0.9,0.9,0.9,0.9,0.9,0.9,0.9,0.9
210,7.0,0.5711197,0.31394824,-0.051806476,0.95,0.5852503,0.243138,-0.0571476,0.95,0.58750707,0.26130152,0.08353906,0.95,0.5906874,0.37430695,-0.0574133,0.95,0.5736316,0.33919862,-0.017206548,0.95,0.52240515,0.32725766,-0.051011175,0.95,0.522177,0.38220254,0.114033505,0.95,0.5884081,0.26238438,-0.018879697,0.95,0.5020839,0.2585632,0.089679144,0.95,0.5150126,0.31790084,-0.03298215,0.95,0.5221017,0.3167051,-0.05141727,0.95,0.629378,0.4268941,0.10884027,0.95,0.4628551,0.30079943,-0.045829665,0.95,0.7061323,0.35460958,-0.042521812,0.95,0.4773555,0.4540677,0.16381232,0.95,0.718064,0.53137,-0.043922212,0.95,0.30853215,0.5281872,0.16094251,0.95,0.717268,0.5309093,0.15390342,0.95,0.28589007,0.526654,0.10898911,0.95,0.7199609,0.41920415,-0.075788654,0.95,0.5250143,0.5353013,0.16065349,0.95,0.7109854,0.34877264,0.06993154,0.95,0.24048702,0.53169096,0.08301731,0.95,0.6223782,0.583349,0.065995365,0.95,0.4222054,0.56492966,0.04232784,0.95,0.6151476,0.69493794,0.09315596,0.95,0.51200825,0.68979216,0.039433546,0.95,0.6407449,0.8043877,0.3309858,0.95,0.5056414,0.8022795,0.32278118,0.95,0.43025452,0.71075743,0.3229306,0.95,0.5810616,0.80501425,0.3013841,0.95,0.61139816,0.8439866,0.064133234,0.95,0.4450527,0.8515534,-0.011613431,0.95,0.9,0.9,0.9,0.9,0.9,0.9,0.9,0.9,0.9,0.9,0.9,0.9,0.9,0.9,0.9,0.9,0.9,0.9,0.9,0.9,0.9,0.9,0.9,0.9,0.9,0.9,0.9,0.9,0.9,0.9,0.9,0.9,0.9
211,7.033333333333333,0.5711197,0.3139482,-0.051806483,0.95,0.5852503,0.243138,-0.0571476,0.95,0.58750707,0.26130152,0.08353906,0.95,0.5906874,0.37430695,-0.0574133,0.95,0.5736316,0.33919862,-0.017206548,0.95,0.52240515,0.32725766,-0.051011175,0.95,0.522177,0.38220254,0.114033505,0.95,0.5884081,0.26238438,-0.018879697,0.95,0.5020839,0.2585632,0.089679144,0.95,0.5150126,0.31790084,-0.03298215,0.95,0.5221017,0.3167051,-0.05141727,0.95,0.629378,0.4268941,0.10884027,0.95,0.4628551,0.30079943,-0.045829665,0.95,0.7061323,0.35460958,-0.042521812,0.95,0.4773555,0.4540677,0.16381232,0.95,0.718064,0.53137,-0.043922212,0.95,0.30853215,0.5281872,0.16094251,0.95,0.717268,0.5309093,0.15390342,0.95,0.28589007,0.526654,0.10898911,0.95,0.7199609,0.41920415,-0.075788654,0.95,0.5250143,0.5353013,0.16065349,0.95,0.7109854,0.34877264,0.06993154,0.95,0.24048702,0.53169096,0.083017305,0.95,0.6223782,0.583349,0.065995365,0.95,0.4222054,0.56492966,0.04232784,0.95,0.6151476,0.69493794,0.09315596,0.95,0.5120083,0.68979216,0.039433546,0.95,0.6407449,0.8043877,0.3309858,0.95,0.5056414,0.8022795,0.32278118,0.95,0.43025452,0.71075743,0.3229306,0.95,0.5810616,0.80501425,0.3013841,0.95,0.61139816,0.8439866,0.06413324,0.95,0.4450527,0.8515534,-0.011613431,0.95,0.9,0.9,0.9,0.9,0.9,0.9,0.9,0.9,0.9,0.9,0.9,0.9,0.9,0.9,0.9,0.9,0.9,0.9,0.9,0.9,0.9,0.9,0.9,0.9,0.9,0.9,0.9,0.9,0.9,0.9,0.9,0.9,0.9
212,7.066666666666666,0.5711197,0.3139482,-0.051806476,0.95,0.5852503,0.243138,-0.0571476,0.95,0.58750707,0.26130152,0.08353906,0.95,0.5906874,0.37430695,-0.0574133,0.95,0.5736316,0.33919862,-0.017206548,0.95,0.52240515,0.32725766,-0.051011175,0.95,0.522177,0.38220254,0.114033505,0.95,0.5884081,0.26238438,-0.018879697,0.95,0.5020839,0.2585632,0.08967914,0.95,0.5150126,0.31790084,-0.03298215,0.95,0.5221017,0.3167051,-0.05141727,0.95,0.629378,0.4268941,0.10884027,0.95,0.4628551,0.30079943,-0.045829665,0.95,0.7061323,0.35460958,-0.042521812,0.95,0.47735554,0.4540677,0.16381232,0.95,0.718064,0.53137,-0.043922212,0.95,0.30853215,0.5281872,0.16094251,0.95,0.717268,0.5309093,0.15390344,0.95,0.28589007,0.526654,0.10898912,0.95,0.7199609,0.41920415,-0.075788654,0.95,0.5250143,0.5353013,0.16065349,0.95,0.7109854,0.34877264,0.06993154,0.95,0.24048702,0.53169096,0.083017305,0.95,0.6223782,0.583349,0.065995365,0.95,0.4222054,0.56492966,0.042327844,0.95,0.6151476,0.69493794,0.09315596,0.95,0.5120083,0.6897921,0.03943355,0.95,0.6407449,0.8043877,0.3309858,0.95,0.5056414,0.8022795,0.32278118,0.95,0.4302545,0.71075743,0.3229306,0.95,0.5810616,0.80501425,0.3013841,0.95,0.61139816,0.8439866,0.064133234,0.95,0.4450527,0.8515534,-0.011613431,0.95,0.9,0.9,0.9,0.9,0.9,0.9,0.9,0.9,0.9,0.9,0.9,0.9,0.9,0.9,0.9,0.9,0.9,0.9,0.9,0.9,0.9,0.9,0.9,0.9,0.9,0.9,0.9,0.9,0.9,0.9,0.9,0.9,0.9
213,7.1,0.5711197,0.3139482,-0.051806476,0.95,0.5852503,0.243138,-0.0571476,0.95,0.58750707,0.26130152,0.08353906,0.95,0.5906874,0.37430695,-0.0574133,0.95,0.5736316,0.33919862,-0.017206548,0.95,0.52240515,0.32725766,-0.051011175,0.95,0.522177,0.38220254,0.114033505,0.95,0.5884081,0.26238438,-0.018879697,0.95,0.5020839,0.2585632,0.08967914,0.95,0.5150126,0.31790084,-0.03298215,0.95,0.5221017,0.3167051,-0.05141727,0.95,0.629378,0.4268941,0.10884027,0.95,0.4628551,0.30079943,-0.045829665,0.95,0.7061323,0.35460958,-0.042521805,0.95,0.47735554,0.4540677,0.16381232,0.95,0.718064,0.53137,-0.043922212,0.95,0.30853215,0.5281872,0.16094251,0.95,0.717268,0.5309093,0.15390342,0.95,0.28589007,0.526654,0.10898912,0.95,0.7199609,0.41920415,-0.075788654,0.95,0.5250143,0.5353013,0.16065347,0.95,0.7109854,0.34877264,0.06993154,0.95,0.24048702,0.53169096,0.083017305,0.95,0.6223782,0.583349,0.065995365,0.95,0.4222054,0.56492966,0.04232784,0.95,0.6151476,0.69493794,0.09315596,0.95,0.5120083,0.6897921,0.03943355,0.95,0.6407449,0.8043877,0.3309858,0.95,0.5056414,0.8022795,0.32278118,0.95,0.43025452,0.71075743,0.3229306,0.95,0.5810616,0.80501425,0.3013841,0.95,0.61139816,0.8439866,0.064133234,0.95,0.4450527,0.8515534,-0.011613431,0.95,0.9,0.9,0.9,0.9,0.9,0.9,0.9,0.9,0.9,0.9,0.9,0.9,0.9,0.9,0.9,0.9,0.9,0.9,0.9,0.9,0.9,0.9,0.9,0.9,0.9,0.9,0.9,0.9,0.9,0.9,0.9,0.9,0.9
214,7.133333333333334,0.5711197,0.3139482,-0.051806483,0.95,0.5852503,0.243138,-0.0571476,0.95,0.58750707,0.26130152,0.08353906,0.95,0.5906874,0.37430695,-0.0574133,0.95,0.5736316,0.33919862,-0.017206548,0.95,0.52240515,0.32725766,-0.051011175,0.95,0.522177,0.38220254,0.114033505,0.95,0.5884081,0.26238438,-0.018879697,0.95,0.5020839,0.2585632,0.08967914,0.95,0.5150126,0.31790084,-0.03298215,0.95,0.5221017,0.3167051,-0.05141727,0.95,0.629378,0.4268941,0.10884027,0.95,0.4628551,0.30079943,-0.045829665,0.95,0.7061323,0.35460958,-0.042521805,0.95,0.4773555,0.4540677,0.16381232,0.95,0.718064,0.53137,-0.043922212,0.95,0.30853215,0.5281872,0.16094251,0.95,0.717268,0.5309093,0.15390342,0.95,0.28589007,0.526654,0.10898912,0.95,0.7199609,0.41920415,-0.075788654,0.95,0.5250143,0.5353013,0.16065349,0.95,0.7109854,0.34877264,0.06993154,0.95,0.24048702,0.53169096,0.08301729,0.95,0.6223782,0.583349,0.065995365,0.95,0.4222054,0.56492966,0.042327844,0.95,0.6151476,0.69493794,0.09315596,0.95,0.5120083,0.6897921,0.03943355,0.95,0.6407449,0.8043877,0.3309858,0.95,0.5056414,0.8022795,0.32278118,0.95,0.43025452,0.71075743,0.3229306,0.95,0.5810616,0.80501425,0.3013841,0.95,0.61139816,0.8439866,0.064133234,0.95,0.4450527,0.8515534,-0.011613424,0.95,0.9,0.9,0.9,0.9,0.9,0.9,0.9,0.9,0.9,0.9,0.9,0.9,0.9,0.9,0.9,0.9,0.9,0.9,0.9,0.9,0.9,0.9,0.9,0.9,0.9,0.9,0.9,0.9,0.9,0.9,0.9,0.9,0.9
215,7.166666666666667,0.5711197,0.3139482,-0.051806483,0.95,0.5852503,0.243138,-0.0571476,0.95,0.58750707,0.26130152,0.08353906,0.95,0.5906874,0.37430695,-0.0574133,0.95,0.5736316,0.33919862,-0.017206548,0.95,0.52240515,0.32725766,-0.051011175,0.95,0.522177,0.38220254,0.114033505,0.95,0.5884081,0.2623844,-0.018879708,0.95,0.5020839,0.2585632,0.08967914,0.95,0.5150126,0.31790084,-0.032982156,0.95,0.5221017,0.3167051,-0.05141727,0.95,0.629378,0.4268941,0.10884028,0.95,0.4628551,0.30079943,-0.045829665,0.95,0.7061323,0.35460958,-0.042521805,0.95,0.47735554,0.4540677,0.16381232,0.95,0.718064,0.53137,-0.04392222,0.95,0.30853215,0.5281872,0.16094251,0.95,0.717268,0.5309093,0.15390342,0.95,0.28589007,0.526654,0.10898911,0.95,0.7199609,0.41920415,-0.075788654,0.95,0.5250143,0.5353013,0.16065347,0.95,0.7109854,0.34877264,0.06993154,0.95,0.24048702,0.53169096,0.08301729,0.95,0.6223782,0.583349,0.065995365,0.95,0.4222054,0.56492966,0.042327844,0.95,0.6151476,0.69493794,0.09315596,0.95,0.5120083,0.6897921,0.03943355,0.95,0.6407449,0.8043877,0.3309858,0.95,0.5056414,0.8022795,0.32278118,0.95,0.43025452,0.7107574,0.3229306,0.95,0.5810616,0.80501425,0.3013841,0.95,0.6113981,0.8439866,0.064133234,0.95,0.4450527,0.8515534,-0.011613424,0.95,0.9,0.9,0.9,0.9,0.9,0.9,0.9,0.9,0.9,0.9,0.9,0.9,0.9,0.9,0.9,0.9,0.9,0.9,0.9,0.9,0.9,0.9,0.9,0.9,0.9,0.9,0.9,0.9,0.9,0.9,0.9,0.9,0.9
216,7.2,0.5711197,0.3139482,-0.051806483,0.95,0.5852503,0.243138,-0.0571476,0.95,0.58750707,0.26130152,0.08353906,0.95,0.5906874,0.37430695,-0.0574133,0.95,0.5736316,0.33919862,-0.017206548,0.95,0.52240515,0.32725766,-0.051011175,0.95,0.522177,0.38220254,0.114033505,0.95,0.5884081,0.2623844,-0.018879708,0.95,0.5020839,0.2585632,0.08967914,0.95,0.5150126,0.31790084,-0.03298215,0.95,0.5221017,0.3167051,-0.05141727,0.95,0.629378,0.4268941,0.10884028,0.95,0.4628551,0.30079943,-0.045829665,0.95,0.7061323,0.35460958,-0.042521812,0.95,0.47735554,0.4540677,0.16381232,0.95,0.718064,0.53137,-0.043922227,0.95,0.30853215,0.5281872,0.16094251,0.95,0.717268,0.5309093,0.15390342,0.95,0.28589007,0.526654,0.10898911,0.95,0.7199609,0.41920415,-0.075788654,0.95,0.5250143,0.5353013,0.16065347,0.95,0.7109854,0.34877264,0.069931544,0.95,0.24048702,0.53169096,0.08301729,0.95,0.6223782,0.583349,0.065995365,0.95,0.4222054,0.56492966,0.04232784,0.95,0.6151476,0.69493794,0.09315596,0.95,0.5120083,0.6897921,0.03943355,0.95,0.6407449,0.8043877,0.3309858,0.95,0.5056414,0.8022795,0.32278118,0.95,0.4302545,0.71075743,0.3229306,0.95,0.5810616,0.80501425,0.3013841,0.95,0.6113981,0.8439866,0.064133234,0.95,0.4450527,0.8515534,-0.011613431,0.95,0.9,0.9,0.9,0.9,0.9,0.9,0.9,0.9,0.9,0.9,0.9,0.9,0.9,0.9,0.9,0.9,0.9,0.9,0.9,0.9,0.9,0.9,0.9,0.9,0.9,0.9,0.9,0.9,0.9,0.9,0.9,0.9,0.9
217,7.233333333333333,0.5711197,0.3139482,-0.051806476,0.95,0.5852503,0.243138,-0.0571476,0.95,0.58750707,0.26130152,0.08353907,0.95,0.5906874,0.37430695,-0.0574133,0.95,0.5736316,0.33919862,-0.017206548,0.95,0.52240515,0.32725766,-0.051011175,0.95,0.522177,0.38220254,0.114033505,0.95,0.5884081,0.2623844,-0.018879708,0.95,0.5020839,0.2585632,0.08967914,0.95,0.5150126,0.31790084,-0.03298215,0.95,0.5221017,0.3167051,-0.05141727,0.95,0.629378,0.4268941,0.10884028,0.95,0.4628551,0.30079943,-0.045829665,0.95,0.7061323,0.35460958,-0.042521805,0.95,0.4773555,0.4540677,0.16381232,0.95,0.718064,0.53137,-0.043922227,0.95,0.30853215,0.5281872,0.16094251,0.95,0.717268,0.5309093,0.15390342,0.95,0.28589007,0.526654,0.10898911,0.95,0.7199609,0.41920415,-0.075788654,0.95,0.5250143,0.5353013,0.16065349,0.95,0.7109854,0.34877264,0.06993154,0.95,0.24048702,0.53169096,0.08301729,0.95,0.6223782,0.583349,0.065995365,0.95,0.4222054,0.56492966,0.042327844,0.95,0.6151476,0.69493794,0.09315596,0.95,0.5120083,0.6897921,0.039433546,0.95,0.6407449,0.8043877,0.3309858,0.95,0.5056414,0.8022795,0.32278118,0.95,0.4302545,0.7107574,0.3229306,0.95,0.5810616,0.80501425,0.3013841,0.95,0.6113981,0.8439866,0.064133234,0.95,0.4450527,0.8515534,-0.011613424,0.95,0.9,0.9,0.9,0.9,0.9,0.9,0.9,0.9,0.9,0.9,0.9,0.9,0.9,0.9,0.9,0.9,0.9,0.9,0.9,0.9,0.9,0.9,0.9,0.9,0.9,0.9,0.9,0.9,0.9,0.9,0.9,0.9,0.9
218,7.266666666666667,0.5711197,0.3139482,-0.051806476,0.95,0.5852503,0.243138,-0.0571476,0.95,0.58750707,0.26130152,0.083539076,0.95,0.5906874,0.37430695,-0.0574133,0.95,0.5736316,0.33919865,-0.017206548,0.95,0.52240515,0.32725766,-0.051011175,0.95,0.522177,0.38220254,0.114033505,0.95,0.5884081,0.26238438,-0.018879708,0.95,0.5020839,0.2585632,0.08967914,0.95,0.5150126,0.31790084,-0.032982156,0.95,0.5221017,0.3167051,-0.05141727,0.95,0.629378,0.4268941,0.10884028,0.95,0.4628551,0.30079943,-0.045829672,0.95,0.7061323,0.35460958,-0.042521812,0.95,0.4773555,0.4540677,0.16381232,0.95,0.718064,0.53137,-0.04392222,0.95,0.30853218,0.5281872,0.16094251,0.95,0.717268,0.5309093,0.15390342,0.95,0.28589007,0.526654,0.10898912,0.95,0.7199609,0.41920415,-0.075788654,0.95,0.5250143,0.5353013,0.16065349,0.95,0.7109854,0.34877264,0.069931544,0.95,0.24048702,0.53169096,0.08301729,0.95,0.6223782,0.583349,0.065995365,0.95,0.4222054,0.56492966,0.042327844,0.95,0.6151476,0.69493794,0.09315596,0.95,0.5120083,0.6897921,0.03943355,0.95,0.6407449,0.8043877,0.3309858,0.95,0.5056414,0.8022795,0.32278118,0.95,0.43025452,0.7107574,0.3229306,0.95,0.5810616,0.80501425,0.3013841,0.95,0.61139816,0.8439866,0.064133234,0.95,0.4450527,0.8515534,-0.011613424,0.95,0.9,0.9,0.9,0.9,0.9,0.9,0.9,0.9,0.9,0.9,0.9,0.9,0.9,0.9,0.9,0.9,0.9,0.9,0.9,0.9,0.9,0.9,0.9,0.9,0.9,0.9,0.9,0.9,0.9,0.9,0.9,0.9,0.9
219,7.3,0.5711197,0.3139482,-0.051806476,0.95,0.5852503,0.243138,-0.0571476,0.95,0.58750707,0.26130152,0.08353907,0.95,0.5906874,0.37430695,-0.0574133,0.95,0.5736316,0.33919862,-0.017206548,0.95,0.52240515,0.32725766,-0.051011175,0.95,0.522177,0.38220254,0.11403351,0.95,0.5884081,0.2623844,-0.018879708,0.95,0.5020839,0.2585632,0.08967913,0.95,0.5150126,0.31790084,-0.03298215,0.95,0.5221017,0.3167051,-0.05141727,0.95,0.629378,0.4268941,0.10884028,0.95,0.4628551,0.30079943,-0.045829672,0.95,0.7061323,0.35460958,-0.042521812,0.95,0.4773555,0.4540677,0.16381232,0.95,0.718064,0.53137,-0.043922227,0.95,0.30853218,0.5281872,0.16094251,0.95,0.717268,0.5309093,0.15390342,0.95,0.28589007,0.526654,0.10898911,0.95,0.7199609,0.41920415,-0.07578864,0.95,0.5250143,0.5353013,0.16065349,0.95,0.7109854,0.34877264,0.06993154,0.95,0.24048702,0.53169096,0.08301729,0.95,0.6223782,0.583349,0.065995365,0.95,0.4222054,0.56492966,0.042327844,0.95,0.6151476,0.69493794,0.09315596,0.95,0.5120083,0.6897921,0.039433554,0.95,0.6407449,0.8043877,0.3309858,0.95,0.5056414,0.8022795,0.32278118,0.95,0.4302545,0.7107574,0.3229306,0.95,0.5810616,0.80501425,0.3013841,0.95,0.61139816,0.8439866,0.064133234,0.95,0.4450527,0.8515534,-0.011613424,0.95,0.9,0.9,0.9,0.9,0.9,0.9,0.9,0.9,0.9,0.9,0.9,0.9,0.9,0.9,0.9,0.9,0.9,0.9,0.9,0.9,0.9,0.9,0.9,0.9,0.9,0.9,0.9,0.9,0.9,0.9,0.9,0.9,0.9
220,7.333333333333333,0.5711197,0.3139482,-0.051806476,0.95,0.5852503,0.243138,-0.0571476,0.95,0.58750707,0.26130152,0.083539076,0.95,0.5906874,0.37430695,-0.0574133,0.95,0.5736316,0.33919862,-0.017206544,0.95,0.52240515,0.32725766,-0.051011175,0.95,0.522177,0.38220254,0.114033505,0.95,0.5884081,0.2623844,-0.018879708,0.95,0.5020839,0.2585632,0.08967913,0.95,0.5150126,0.31790084,-0.03298215,0.95,0.5221017,0.3167051,-0.05141727,0.95,0.629378,0.4268941,0.10884028,0.95,0.4628551,0.30079943,-0.045829672,0.95,0.7061323,0.35460958,-0.04252182,0.95,0.4773555,0.4540677,0.16381234,0.95,0.718064,0.53137,-0.043922227,0.95,0.30853218,0.5281872,0.16094251,0.95,0.717268,0.5309093,0.15390342,0.95,0.28589007,0.526654,0.10898911,0.95,0.7199609,0.41920415,-0.075788654,0.95,0.5250143,0.5353013,0.16065349,0.95,0.7109854,0.34877264,0.06993154,0.95,0.24048702,0.53169096,0.08301729,0.95,0.6223782,0.583349,0.065995365,0.95,0.4222054,0.56492966,0.042327844,0.95,0.6151476,0.69493794,0.09315596,0.95,0.5120083,0.6897921,0.03943355,0.95,0.6407449,0.8043877,0.3309858,0.95,0.5056414,0.8022795,0.32278118,0.95,0.43025452,0.7107574,0.3229306,0.95,0.5810616,0.80501425,0.3013841,0.95,0.61139816,0.8439866,0.064133234,0.95,0.4450527,0.8515534,-0.011613424,0.95,0.9,0.9,0.9,0.9,0.9,0.9,0.9,0.9,0.9,0.9,0.9,0.9,0.9,0.9,0.9,0.9,0.9,0.9,0.9,0.9,0.9,0.9,0.9,0.9,0.9,0.9,0.9,0.9,0.9,0.9,0.9,0.9,0.9
221,7.366666666666666,0.5711197,0.3139482,-0.051806476,0.95,0.5852503,0.243138,-0.0571476,0.95,0.58750707,0.26130152,0.083539076,0.95,0.5906874,0.37430695,-0.0574133,0.95,0.5736316,0.33919862,-0.017206548,0.95,0.52240515,0.32725766,-0.051011175,0.95,0.522177,0.38220254,0.114033505,0.95,0.5884081,0.26238438,-0.018879708,0.95,0.5020839,0.2585632,0.08967913,0.95,0.5150126,0.31790084,-0.03298215,0.95,0.5221017,0.3167051,-0.05141727,0.95,0.629378,0.4268941,0.10884028,0.95,0.4628551,0.30079943,-0.045829672,0.95,0.7061323,0.35460958,-0.04252182,0.95,0.4773555,0.4540677,0.16381234,0.95,0.718064,0.53137,-0.043922227,0.95,0.30853218,0.5281872,0.16094251,0.95,0.717268,0.5309093,0.15390342,0.95,0.28589007,0.526654,0.10898911,0.95,0.7199609,0.41920415,-0.075788654,0.95,0.5250143,0.5353013,0.16065349,0.95,0.7109854,0.34877264,0.06993154,0.95,0.24048702,0.53169096,0.08301729,0.95,0.6223782,0.583349,0.065995365,0.95,0.4222054,0.56492966,0.042327844,0.95,0.6151476,0.69493794,0.09315596,0.95,0.5120083,0.6897921,0.03943355,0.95,0.6407449,0.8043877,0.3309858,0.95,0.5056414,0.8022795,0.32278118,0.95,0.4302545,0.7107574,0.3229306,0.95,0.5810616,0.80501425,0.3013841,0.95,0.61139816,0.8439866,0.064133234,0.95,0.4450527,0.8515534,-0.011613431,0.95,0.9,0.9,0.9,0.9,0.9,0.9,0.9,0.9,0.9,0.9,0.9,0.9,0.9,0.9,0.9,0.9,0.9,0.9,0.9,0.9,0.9,0.9,0.9,0.9,0.9,0.9,0.9,0.9,0.9,0.9,0.9,0.9,0.9
222,7.4,0.5711197,0.3139482,-0.051806476,0.95,0.5852503,0.243138,-0.0571476,0.95,0.58750707,0.26130152,0.08353907,0.95,0.5906874,0.37430695,-0.0574133,0.95,0.5736316,0.33919862,-0.017206548,0.95,0.52240515,0.32725766,-0.051011175,0.95,0.522177,0.38220254,0.114033505,0.95,0.5884081,0.26238438,-0.018879708,0.95,0.5020839,0.2585632,0.08967914,0.95,0.5150126,0.31790084,-0.03298215,0.95,0.5221017,0.3167051,-0.05141727,0.95,0.629378,0.4268941,0.10884028,0.95,0.4628551,0.30079943,-0.045829672,0.95,0.7061323,0.35460958,-0.04252182,0.95,0.4773555,0.4540677,0.16381234,0.95,0.718064,0.53137,-0.043922227,0.95,0.30853218,0.5281872,0.16094251,0.95,0.717268,0.5309093,0.15390342,0.95,0.28589007,0.526654,0.10898911,0.95,0.7199609,0.41920415,-0.075788654,0.95,0.5250143,0.5353013,0.16065349,0.95,0.7109854,0.34877264,0.06993154,0.95,0.24048702,0.53169096,0.08301729,0.95,0.6223782,0.583349,0.065995365,0.95,0.4222054,0.56492966,0.042327844,0.95,0.6151476,0.69493794,0.09315596,0.95,0.5120083,0.6897921,0.03943355,0.95,0.6407449,0.8043877,0.3309858,0.95,0.5056414,0.8022795,0.32278118,0.95,0.43025452,0.7107574,0.3229306,0.95,0.5810616,0.80501425,0.3013841,0.95,0.61139816,0.8439866,0.064133234,0.95,0.4450527,0.8515534,-0.011613431,0.95,0.9,0.9,0.9,0.9,0.9,0.9,0.9,0.9,0.9,0.9,0.9,0.9,0.9,0.9,0.9,0.9,0.9,0.9,0.9,0.9,0.9,0.9,0.9,0.9,0.9,0.9,0.9,0.9,0.9,0.9,0.9,0.9,0.9
223,7.433333333333334,0.5711197,0.3139482,-0.051806476,0.95,0.5852503,0.243138,-0.0571476,0.95,0.58750707,0.26130152,0.083539076,0.95,0.5906874,0.37430695,-0.0574133,0.95,0.5736316,0.33919862,-0.017206544,0.95,0.52240515,0.32725766,-0.051011175,0.95,0.522177,0.38220254,0.114033505,0.95,0.5884081,0.26238438,-0.018879708,0.95,0.5020839,0.2585632,0.08967913,0.95,0.5150126,0.31790084,-0.03298215,0.95,0.5221017,0.3167051,-0.05141727,0.95,0.629378,0.4268941,0.10884028,0.95,0.4628551,0.30079943,-0.045829672,0.95,0.7061323,0.35460958,-0.04252182,0.95,0.4773555,0.4540677,0.16381232,0.95,0.718064,0.53137,-0.043922227,0.95,0.30853218,0.5281872,0.16094251,0.95,0.717268,0.5309093,0.15390341,0.95,0.28589007,0.526654,0.10898911,0.95,0.7199609,0.41920415,-0.075788654,0.95,0.5250143,0.5353013,0.16065349,0.95,0.7109854,0.34877264,0.06993154,0.95,0.24048702,0.53169096,0.08301728,0.95,0.6223782,0.583349,0.065995365,0.95,0.4222054,0.56492966,0.042327847,0.95,0.6151476,0.69493794,0.09315596,0.95,0.5120083,0.6897921,0.03943355,0.95,0.6407449,0.8043877,0.3309858,0.95,0.5056414,0.8022795,0.32278118,0.95,0.43025452,0.7107574,0.3229306,0.95,0.5810616,0.8050142,0.3013841,0.95,0.61139816,0.8439866,0.064133234,0.95,0.4450527,0.8515534,-0.011613431,0.95,0.9,0.9,0.9,0.9,0.9,0.9,0.9,0.9,0.9,0.9,0.9,0.9,0.9,0.9,0.9,0.9,0.9,0.9,0.9,0.9,0.9,0.9,0.9,0.9,0.9,0.9,0.9,0.9,0.9,0.9,0.9,0.9,0.9
224,7.466666666666667,0.5711197,0.3139482,-0.051806476,0.95,0.5852503,0.243138,-0.0571476,0.95,0.58750707,0.26130152,0.083539076,0.95,0.5906874,0.37430695,-0.0574133,0.95,0.5736316,0.33919862,-0.017206544,0.95,0.52240515,0.32725766,-0.051011175,0.95,0.522177,0.38220254,0.114033505,0.95,0.5884081,0.26238438,-0.018879708,0.95,0.5020839,0.2585632,0.08967913,0.95,0.5150126,0.31790084,-0.032982156,0.95,0.5221017,0.3167051,-0.05141727,0.95,0.629378,0.4268941,0.10884028,0.95,0.4628551,0.30079943,-0.045829672,0.95,0.7061323,0.35460958,-0.04252182,0.95,0.4773555,0.4540677,0.16381232,0.95,0.718064,0.53137,-0.043922227,0.95,0.30853218,0.5281872,0.16094251,0.95,0.717268,0.53090936,0.15390341,0.95,0.28589007,0.526654,0.10898911,0.95,0.7199609,0.41920415,-0.075788654,0.95,0.5250143,0.5353013,0.16065349,0.95,0.7109854,0.34877264,0.06993154,0.95,0.24048702,0.53169096,0.08301728,0.95,0.6223782,0.583349,0.065995365,0.95,0.4222054,0.56492966,0.04232785,0.95,0.6151476,0.69493794,0.09315596,0.95,0.5120083,0.68979216,0.03943355,0.95,0.6407449,0.8043877,0.3309858,0.95,0.5056414,0.8022795,0.32278118,0.95,0.43025452,0.7107574,0.3229306,0.95,0.5810616,0.8050142,0.3013841,0.95,0.61139816,0.8439866,0.064133234,0.95,0.4450527,0.8515534,-0.011613431,0.95,0.9,0.9,0.9,0.9,0.9,0.9,0.9,0.9,0.9,0.9,0.9,0.9,0.9,0.9,0.9,0.9,0.9,0.9,0.9,0.9,0.9,0.9,0.9,0.9,0.9,0.9,0.9,0.9,0.9,0.9,0.9,0.9,0.9
225,7.5,0.5711197,0.3139482,-0.051806476,0.95,0.5852503,0.243138,-0.0571476,0.95,0.58750707,0.26130152,0.08353907,0.95,0.5906874,0.37430695,-0.0574133,0.95,0.5736316,0.33919862,-0.017206544,0.95,0.52240515,0.32725766,-0.051011175,0.95,0.522177,0.38220254,0.1140335,0.95,0.5884082,0.26238438,-0.018879708,0.95,0.5020839,0.2585632,0.08967913,0.95,0.5150126,0.31790084,-0.032982156,0.95,0.5221017,0.3167051,-0.05141727,0.95,0.629378,0.4268941,0.10884028,0.95,0.4628551,0.30079943,-0.045829672,0.95,0.7061323,0.35460958,-0.04252182,0.95,0.4773555,0.4540677,0.16381232,0.95,0.718064,0.53137,-0.043922227,0.95,0.30853218,0.5281872,0.16094251,0.95,0.717268,0.53090936,0.1539034,0.95,0.28589007,0.526654,0.10898911,0.95,0.7199609,0.41920415,-0.075788654,0.95,0.5250143,0.5353013,0.16065349,0.95,0.71098536,0.34877264,0.06993154,0.95,0.24048702,0.53169096,0.08301728,0.95,0.6223782,0.583349,0.065995365,0.95,0.4222054,0.56492966,0.042327847,0.95,0.6151476,0.69493794,0.09315596,0.95,0.5120083,0.68979216,0.03943355,0.95,0.6407449,0.8043877,0.3309858,0.95,0.5056414,0.8022795,0.32278118,0.95,0.4302545,0.7107574,0.3229306,0.95,0.5810616,0.8050142,0.3013841,0.95,0.6113981,0.8439866,0.064133234,0.95,0.4450527,0.8515534,-0.011613431,0.95,0.9,0.9,0.9,0.9,0.9,0.9,0.9,0.9,0.9,0.9,0.9,0.9,0.9,0.9,0.9,0.9,0.9,0.9,0.9,0.9,0.9,0.9,0.9,0.9,0.9,0.9,0.9,0.9,0.9,0.9,0.9,0.9,0.9
226,7.533333333333333,0.5711197,0.3139482,-0.051806476,0.95,0.5852503,0.243138,-0.0571476,0.95,0.58750707,0.26130152,0.083539076,0.95,0.5906874,0.37430695,-0.0574133,0.95,0.5736316,0.33919862,-0.017206544,0.95,0.52240515,0.32725766,-0.051011175,0.95,0.522177,0.38220254,0.114033505,0.95,0.5884082,0.26238438,-0.018879708,0.95,0.5020839,0.2585632,0.08967913,0.95,0.5150126,0.31790084,-0.032982156,0.95,0.5221017,0.3167051,-0.05141727,0.95,0.629378,0.4268941,0.10884028,0.95,0.4628551,0.30079943,-0.045829672,0.95,0.7061323,0.35460958,-0.042521812,0.95,0.4773555,0.4540677,0.16381232,0.95,0.718064,0.53137,-0.043922227,0.95,0.30853218,0.5281872,0.16094251,0.95,0.717268,0.53090936,0.1539034,0.95,0.28589007,0.526654,0.108989105,0.95,0.7199609,0.41920415,-0.075788654,0.95,0.5250143,0.5353013,0.16065349,0.95,0.71098536,0.34877264,0.06993154,0.95,0.24048702,0.53169096,0.08301728,0.95,0.6223782,0.583349,0.065995365,0.95,0.4222054,0.56492966,0.042327847,0.95,0.6151476,0.69493794,0.09315596,0.95,0.5120083,0.6897921,0.03943355,0.95,0.6407449,0.8043877,0.3309858,0.95,0.5056414,0.8022795,0.32278118,0.95,0.43025452,0.7107574,0.3229306,0.95,0.5810616,0.8050142,0.3013841,0.95,0.61139816,0.8439866,0.064133234,0.95,0.4450527,0.8515534,-0.011613431,0.95,0.9,0.9,0.9,0.9,0.9,0.9,0.9,0.9,0.9,0.9,0.9,0.9,0.9,0.9,0.9,0.9,0.9,0.9,0.9,0.9,0.9,0.9,0.9,0.9,0.9,0.9,0.9,0.9,0.9,0.9,0.9,0.9,0.9
227,7.566666666666666,0.5711197,0.3139482,-0.051806476,0.95,0.5852503,0.243138,-0.0571476,0.95,0.58750707,0.26130152,0.08353907,0.95,0.5906874,0.37430698,-0.0574133,0.95,0.5736316,0.33919862,-0.017206548,0.95,0.52240515,0.32725766,-0.051011175,0.95,0.522177,0.38220254,0.114033505,0.95,0.5884082,0.26238438,-0.018879708,0.95,0.5020839,0.2585632,0.08967913,0.95,0.5150126,0.31790084,-0.03298215,0.95,0.5221017,0.3167051,-0.05141727,0.95,0.629378,0.4268941,0.10884028,0.95,0.4628551,0.30079943,-0.045829672,0.95,0.7061323,0.35460958,-0.042521812,0.95,0.4773555,0.4540677,0.16381234,0.95,0.718064,0.53137,-0.043922227,0.95,0.30853218,0.5281872,0.16094251,0.95,0.717268,0.53090936,0.15390341,0.95,0.28589007,0.526654,0.108989105,0.95,0.7199609,0.41920415,-0.075788654,0.95,0.5250143,0.5353013,0.16065349,0.95,0.7109854,0.34877264,0.06993155,0.95,0.24048702,0.53169096,0.08301729,0.95,0.6223782,0.583349,0.065995365,0.95,0.4222054,0.56492966,0.042327844,0.95,0.6151476,0.69493794,0.09315596,0.95,0.5120083,0.6897921,0.039433554,0.95,0.6407449,0.8043877,0.3309858,0.95,0.5056414,0.8022795,0.32278118,0.95,0.4302545,0.71075743,0.3229306,0.95,0.5810616,0.8050142,0.3013841,0.95,0.6113981,0.8439866,0.064133234,0.95,0.4450527,0.8515534,-0.011613431,0.95,0.9,0.9,0.9,0.9,0.9,0.9,0.9,0.9,0.9,0.9,0.9,0.9,0.9,0.9,0.9,0.9,0.9,0.9,0.9,0.9,0.9,0.9,0.9,0.9,0.9,0.9,0.9,0.9,0.9,0.9,0.9,0.9,0.9
