frame,timestamp,NOSE_x,NOSE_y,NOSE_z,NOSE_visibility,LEFT_EYE_INNER_x,LEFT_EYE_INNER_y,LEFT_EYE_INNER_z,LEFT_EYE_INNER_visibility,LEFT_EYE_x,LEFT_EYE_y,LEFT_EYE_z,LEFT_EYE_visibility,LEFT_EYE_OUTER_x,LEFT_EYE_OUTER_y,LEFT_EYE_OUTER_z,LEFT_EYE_OUTER_visibility,RIGHT_EYE_INNER_x,RIGHT_EYE_INNER_y,RIGHT_EYE_INNER_z,RIGHT_EYE_INNER_visibility,RIGHT_EYE_x,RIGHT_EYE_y,RIGHT_EYE_z,RIGHT_EYE_visibility,RIGHT_EYE_OUTER_x,RIGHT_EYE_OUTER_y,RIGHT_EYE_OUTER_z,RIGHT_EYE_OUTER_visibility,LEFT_EAR_x,LEFT_EAR_y,LEFT_EAR_z,LEFT_EAR_visibility,RIGHT_EAR_x,RIGHT_EAR_y,RIGHT_EAR_z,RIGHT_EAR_visibility,MOUTH_LEFT_x,MOUTH_LEFT_y,MOUTH_LEFT_z,MOUTH_LEFT_visibility,MOUTH_RIGHT_x,MOUTH_RIGHT_y,MOUTH_RIGHT_z,MOUTH_RIGHT_visibility,LEFT_SHOULDER_x,LEFT_SHOULDER_y,LEFT_SHOULDER_z,LEFT_SHOULDER_visibility,RIGHT_SHOULDER_x,RIGHT_SHOULDER_y,RIGHT_SHOULDER_z,RIGHT_SHOULDER_visibility,LEFT_ELBOW_x,LEFT_ELBOW_y,LEFT_ELBOW_z,LEFT_ELBOW_visibility,RIGHT_ELBOW_x,RIGHT_ELBOW_y,RIGHT_ELBOW_z,RIGHT_ELBOW_visibility,LEFT_WRIST_x,LEFT_WRIST_y,LEFT_WRIST_z,LEFT_WRIST_visibility,RIGHT_WRIST_x,RIGHT_WRIST_y,RIGHT_WRIST_z,RIGHT_WRIST_visibility,LEFT_PINKY_x,LEFT_PINKY_y,LEFT_PINKY_z,LEFT_PINKY_visibility,RIGHT_PINKY_x,RIGHT_PINKY_y,RIGHT_PINKY_z,RIGHT_PINKY_visibility,LEFT_INDEX_x,LEFT_INDEX_y,LEFT_INDEX_z,LEFT_INDEX_visibility,RIGHT_INDEX_x,RIGHT_INDEX_y,RIGHT_INDEX_z,RIGHT_INDEX_visibility,LEFT_THUMB_x,LEFT_THUMB_y,LEFT_THUMB_z,LEFT_THUMB_visibility,RIGHT_THUMB_x,RIGHT_THUMB_y,RIGHT_THUMB_z,RIGHT_THUMB_visibility,LEFT_HIP_x,LEFT_HIP_y,LEFT_HIP_z,LEFT_HIP_visibility,RIGHT_HIP_x,RIGHT_HIP_y,RIGHT_HIP_z,RIGHT_HIP_visibility,LEFT_KNEE_x,LEFT_KNEE_y,LEFT_KNEE_z,LEFT_KNEE_visibility,RIGHT_KNEE_x,RIGHT_KNEE_y,RIGHT_KNEE_z,RIGHT_KNEE_visibility,LEFT_ANKLE_x,LEFT_ANKLE_y,LEFT_ANKLE_z,LEFT_ANKLE_visibility,RIGHT_ANKLE_x,RIGHT_ANKLE_y,RIGHT_ANKLE_z,RIGHT_ANKLE_visibility,LEFT_HEEL_x,LEFT_HEEL_y,LEFT_HEEL_z,LEFT_HEEL_visibility,RIGHT_HEEL_x,RIGHT_HEEL_y,RIGHT_HEEL_z,RIGHT_HEEL_visibility,LEFT_FOOT_INDEX_x,LEFT_FOOT_INDEX_y,LEFT_FOOT_INDEX_z,LEFT_FOOT_INDEX_visibility,RIGHT_FOOT_INDEX_x,RIGHT_FOOT_INDEX_y,RIGHT_FOOT_INDEX_z,RIGHT_FOOT_INDEX_visibility,NOSE_quality,LEFT_EYE_INNER_quality,LEFT_EYE_quality,LEFT_EYE_OUTER_quality,RIGHT_EYE_INNER_quality,RIGHT_EYE_quality,RIGHT_EYE_OUTER_quality,LEFT_EAR_quality,RIGHT_EAR_quality,MOUTH_LEFT_quality,MOUTH_RIGHT_quality,LEFT_SHOULDER_quality,RIGHT_SHOULDER_quality,LEFT_ELBOW_quality,RIGHT_ELBOW_quality,LEFT_WRIST_quality,RIGHT_WRIST_quality,LEFT_PINKY_quality,RIGHT_PINKY_quality,LEFT_INDEX_quality,RIGHT_INDEX_quality,LEFT_THUMB_quality,RIGHT_THUMB_quality,LEFT_HIP_quality,RIGHT_HIP_quality,LEFT_KNEE_quality,RIGHT_KNEE_quality,LEFT_ANKLE_quality,RIGHT_ANKLE_quality,LEFT_HEEL_quality,RIGHT_HEEL_quality,LEFT_FOOT_INDEX_quality,RIGHT_FOOT_INDEX_quality
0,0.0,0.48408106,0.2955582,0.014874675,0.95,0.48617247,0.2817713,0.021022482,0.95,0.49717468,0.2841314,0.016796123,0.95,0.49762282,0.28389257,0.021008259,0.95,0.47370306,0.28579402,0.017251315,0.95,0.4633397,0.27702636,0.025220064,0.95,0.46504763,0.28703502,0.025836607,0.95,0.5109607,0.28975368,0.019808969,0.95,0.4590907,0.28817835,0.013127768,0.95,0.48555914,0.30182427,0.013470211,0.95,0.46373674,0.30444288,0.027765404,0.95,0.54310757,0.35490984,0.03132934,0.95,0.41236138,0.3518312,0.03450157,0.95,0.58751893,0.41423643,0.05106378,0.95,0.36678436,0.40299132,0.0420301,0.95,0.58648896,0.4353505,0.05766408,0.95,0.37254074,0.43910024,0.043671124,0.95,0.59324235,0.44850603,0.07451661,0.95,0.3769215,0.4485628,0.030756176,0.95,0.5813623,0.4405664,0.054361347,0.95,0.37359005,0.43951985,0.033401944,0.95,0.5854648,0.43935627,0.072232515,0.95,0.38754702,0.44622195,0.036826834,0.95,0.51271355,0.52038443,0.036226213,0.95,0.43069705,0.52777356,0.022101674,0.95,0.54757243,0.6303097,0.031281155,0.95,0.4161518,0.63987696,0.030518059,0.95,0.5360461,0.7394721,0.2550806,0.95,0.45129624,0.7409601,0.18944858,0.95,0.5114718,0.7532705,0.263693,0.95,0.45780328,0.7591923,0.20874175,0.95,0.5309153,0.784452,0.16778708,0.95,0.42759773,0.79043055,0.09087545,0.95,0.9,0.9,0.9,0.9,0.9,0.9,0.9,0.9,0.9,0.9,0.9,0.9,0.9,0.9,0.9,0.9,0.9,0.9,0.9,0.9,0.9,0.9,0.9,0.9,0.9,0.9,0.9,0.9,0.9,0.9,0.9,0.9,0.9
1,0.03333333333333333,0.48947242,0.27727282,0.009551688,0.95,0.4879333,0.26412508,0.017623441,0.95,0.5035253,0.2645742,0.012546332,0.95,0.5003422,0.26354137,0.016847676,0.95,0.47958264,0.2649056,0.010130197,0.95,0.4642321,0.2534019,0.019752951,0.95,0.46266025,0.26821768,0.022071091,0.95,0.5170195,0.27277106,0.01625391,0.95,0.4554308,0.26771984,0.002256077,0.95,0.48572963,0.282831,0.0066759186,0.95,0.46139494,0.2867155,0.026472824,0.95,0.5577384,0.33843926,0.02230591,0.95,0.40083408,0.33368623,0.026906565,0.95,0.6042381,0.41040647,0.048020434,0.95,0.3524738,0.39726797,0.03171115,0.95,0.60955817,0.43502197,0.06362887,0.95,0.36029148,0.4443923,0.032624856,0.95,0.60924524,0.44835573,0.075068235,0.95,0.3697703,0.4556373,0.020546462,0.95,0.6005254,0.4413504,0.04613942,0.95,0.36057597,0.44305795,0.021233387,0.95,0.6033821,0.43876824,0.070083216,0.95,0.38006446,0.45516625,0.025485728,0.95,0.51987076,0.5139672,0.040601972,0.95,0.42271993,0.5223723,0.012966302,0.95,0.5606276,0.63205373,0.03267573,0.95,0.4073,0.64279634,0.026345674,0.95,0.5480392,0.7470763,0.30761456,0.95,0.4461473,0.7477064,0.20252322,0.95,0.5112023,0.75375205,0.31804082,0.95,0.4575069,0.7690981,0.2240777,0.95,0.5446103,0.7934983,0.20742004,0.95,0.42271394,0.80429053,0.09052017,0.95,0.9,0.9,0.9,0.9,0.9,0.9,0.9,0.9,0.9,0.9,0.9,0.9,0.9,0.9,0.9,0.9,0.9,0.9,0.9,0.9,0.9,0.9,0.9,0.9,0.9,0.9,0.9,0.9,0.9,0.9,0.9,0.9,0.9
2,0.06666666666666667,0.489949,0.26415715,0.0071492204,0.95,0.48909286,0.25193596,0.015800873,0.95,0.5068415,0.2510239,0.01117082,0.95,0.5005174,0.24947615,0.014301996,0.95,0.48110205,0.25020894,0.005843496,0.95,0.46335033,0.23765564,0.015548934,0.95,0.45863774,0.25502694,0.019629484,0.95,0.5189208,0.26077586,0.013965895,0.95,0.4508853,0.25383258,-0.004342273,0.95,0.48635554,0.27007338,0.003815734,0.95,0.458834,0.27403098,0.024483033,0.95,0.56732726,0.32768378,0.016578745,0.95,0.3911428,0.32213646,0.021179613,0.95,0.61485595,0.40722233,0.0459639,0.95,0.34107357,0.39485124,0.02325515,0.95,0.6259633,0.43413204,0.065221004,0.95,0.34869996,0.44813392,0.023744505,0.95,0.61994475,0.44962114,0.0708966,0.95,0.36107463,0.45892566,0.0133231515,0.95,0.61162126,0.44300675,0.035921816,0.95,0.3491508,0.4458758,0.011501344,0.95,0.6142831,0.43789765,0.06236788,0.95,0.3733404,0.45984682,0.016358392,0.95,0.5257488,0.50981313,0.041202977,0.95,0.4174342,0.5176336,0.007044849,0.95,0.56706697,0.6335636,0.031642172,0.95,0.40299836,0.6440114,0.023049317,0.95,0.5556846,0.75199944,0.34195173,0.95,0.44173232,0.7504738,0.21696712,0.95,0.5114261,0.7531396,0.35679543,0.95,0.4553035,0.77201617,0.23801127,0.95,0.5539811,0.79798317,0.22811076,0.95,0.41863135,0.81243896,0.09163453,0.95,0.9,0.9,0.9,0.9,0.9,0.9,0.9,0.9,0.9,0.9,0.9,0.9,0.9,0.9,0.9,0.9,0.9,0.9,0.9,0.9,0.9,0.9,0.9,0.9,0.9,0.9,0.9,0.9,0.9,0.9,0.9,0.9,0.9
3,0.1,0.48850313,0.2552015,0.0061901202,0.95,0.48931944,0.24358018,0.01476972,0.95,0.50831115,0.24199976,0.010756924,0.95,0.49953094,0.2399037,0.013118537,0.95,0.48047668,0.24007091,0.00353794,0.95,0.46163735,0.22758107,0.0125194825,0.95,0.4550292,0.24590676,0.017819924,0.95,0.51883596,0.2523427,0.01219642,0.95,0.44708928,0.24447565,-0.008108743,0.95,0.48700428,0.26131225,0.0027410642,0.95,0.4566029,0.2652639,0.022729993,0.95,0.5736171,0.32104704,0.012293584,0.95,0.38350037,0.31506026,0.016612483,0.95,0.6217443,0.40462562,0.043923676,0.95,0.33308312,0.39392716,0.016590925,0.95,0.6373677,0.4325793,0.06406113,0.95,0.33917576,0.45044178,0.017357552,0.95,0.6272182,0.45047832,0.06573551,0.95,0.3530253,0.45998618,0.0085875625,0.95,0.6190289,0.4439986,0.02712359,0.95,0.3410639,0.44778973,0.004979411,0.95,0.6207595,0.43679377,0.054718103,0.95,0.36689052,0.46141684,0.010242503,0.95,0.52983415,0.50745386,0.039943967,0.95,0.41387853,0.5139373,0.0031455895,0.95,0.5706905,0.6347306,0.029831914,0.95,0.40051305,0.64489317,0.02056049,0.95,0.55940384,0.75513506,0.36456352,0.95,0.43892962,0.7515427,0.22978687,0.95,0.511191,0.7526706,0.3840997,0.95,0.4531627,0.772217,0.24831766,0.95,0.56064415,0.8006986,0.23849331,0.95,0.4154648,0.81747866,0.09279575,0.95,0.9,0.9,0.9,0.9,0.9,0.9,0.9,0.9,0.9,0.9,0.9,0.9,0.9,0.9,0.9,0.9,0.9,0.9,0.9,0.9,0.9,0.9,0.9,0.9,0.9,0.9,0.9,0.9,0.9,0.9,0.9,0.9,0.9
4,0.13333333333333333,0.48650485,0.24915163,0.005923097,0.95,0.48882356,0.23800114,0.014111446,0.95,0.5087267,0.23610887,0.010708357,0.95,0.49811715,0.23350288,0.012786413,0.95,0.47894046,0.23326196,0.0024187735,0.95,0.4597003,0.22138917,0.010355586,0.95,0.45207235,0.23978044,0.016326653,0.95,0.51789474,0.24649741,0.010884361,0.95,0.44410047,0.23831923,-0.009985533,0.95,0.4873999,0.25535405,0.0025784888,0.95,0.45477334,0.25932926,0.021490226,0.95,0.57750964,0.31699386,0.009013695,0.95,0.37772346,0.31076366,0.013173745,0.95,0.62617105,0.40260923,0.04191887,0.95,0.32781827,0.39367136,0.011675464,0.95,0.64490753,0.43079722,0.06195,0.95,0.33194092,0.45183125,0.012916388,0.95,0.6322003,0.45059875,0.061109006,0.95,0.34645596,0.45985058,0.005481419,0.95,0.62447906,0.44433704,0.020617485,0.95,0.3356501,0.44892406,0.0011005495,0.95,0.62449855,0.43555272,0.048643254,0.95,0.36112255,0.4613553,0.00658444,0.95,0.53238916,0.50630444,0.03810708,0.95,0.41152805,0.5112602,0.00062326627,0.95,0.5728528,0.63567877,0.028111778,0.95,0.39888808,0.64577526,0.01863089,0.95,0.5605297,0.7572045,0.37945127,0.95,0.43730348,0.752063,0.23999506,0.95,0.51046443,0.75261027,0.40325177,0.95,0.4516972,0.77168465,0.2551526,0.95,0.5653101,0.802754,0.24367766,0.95,0.4131061,0.82095253,0.093725786,0.95,0.9,0.9,0.9,0.9,0.9,0.9,0.9,0.9,0.9,0.9,0.9,0.9,0.9,0.9,0.9,0.9,0.9,0.9,0.9,0.9,0.9,0.9,0.9,0.9,0.9,0.9,0.9,0.9,0.9,0.9,0.9,0.9,0.9
5,0.16666666666666666,0.48460582,0.24509636,0.0059647122,0.95,0.4880451,0.23433618,0.013648288,0.95,0.50868195,0.23236409,0.0107972985,0.95,0.4967215,0.22933248,0.012832841,0.95,0.47727948,0.22880334,0.0019043165,0.95,0.4578811,0.21770692,0.008847309,0.95,0.44971964,0.23577058,0.015119015,0.95,0.516698,0.24252847,0.009988241,0.95,0.44183773,0.23436576,-0.01081384,0.95,0.48758483,0.25140265,0.0027946152,0.95,0.45334223,0.25536993,0.020651724,0.95,0.5797677,0.31448436,0.0066130133,0.95,0.3734599,0.30817252,0.010753189,0.95,0.62891567,0.40110534,0.04013889,0.95,0.32444316,0.39370692,0.008274803,0.95,0.64974254,0.42912248,0.059865013,0.95,0.32659724,0.45266783,0.009903355,0.95,0.635656,0.45031273,0.057449702,0.95,0.3414336,0.4592421,0.0034136407,0.95,0.6285568,0.44433853,0.016172532,0.95,0.33202556,0.44953933,-0.0010698605,0.95,0.6266147,0.43437427,0.044135034,0.95,0.35645983,0.46069026,0.004605208,0.95,0.53385985,0.5058188,0.036342997,0.95,0.4100036,0.5094165,-0.00096593885,0.95,0.5740969,0.63643205,0.026798256,0.95,0.3977954,0.6466206,0.017163564,0.95,0.56041235,0.75857574,0.38924146,0.95,0.4363051,0.7524292,0.24762928,0.95,0.50963193,0.75279385,0.41659537,0.95,0.4507836,0.7710546,0.25948396,0.95,0.5684932,0.80439514,0.24634527,0.95,0.4113834,0.82346064,0.0944318,0.95,0.9,0.9,0.9,0.9,0.9,0.9,0.9,0.9,0.9,0.9,0.9,0.9,0.9,0.9,0.9,0.9,0.9,0.9,0.9,0.9,0.9,0.9,0.9,0.9,0.9,0.9,0.9,0.9,0.9,0.9,0.9,0.9,0.9
6,0.2,0.48306307,0.24239804,0.0061227316,0.95,0.48729104,0.23193432,0.01331234,0.95,0.50850266,0.23004507,0.0109300325,0.95,0.49554837,0.22668141,0.01299721,0.95,0.475875,0.22592416,0.0016721303,0.95,0.4563385,0.21556354,0.00783442,0.95,0.44789702,0.23318893,0.01420068,0.95,0.51555055,0.23988207,0.0094156265,0.95,0.44019386,0.23187779,-0.011141088,0.95,0.48766783,0.24884856,0.0030971665,0.95,0.4522702,0.25275868,0.020079067,0.95,0.5810148,0.3128997,0.0049235644,0.95,0.3703544,0.30662218,0.00912713,0.95,0.6305523,0.40001786,0.03868981,0.95,0.32230625,0.39385638,0.006041138,0.95,0.6528299,0.4277181,0.058169477,0.95,0.32269832,0.45318097,0.007911352,0.95,0.6380862,0.44993293,0.054754402,0.95,0.33773527,0.45856136,0.0020309396,0.95,0.63157654,0.44421658,0.013268933,0.95,0.32956386,0.44986483,-0.0022455174,0.95,0.6278086,0.43339223,0.04085792,0.95,0.3529752,0.45995975,0.0036555903,0.95,0.53464866,0.50564784,0.034889814,0.95,0.40904158,0.5081854,-0.0019523622,0.95,0.57475704,0.6370005,0.025904099,0.95,0.39709324,0.6473568,0.016091848,0.95,0.5598863,0.75946605,0.39569315,0.95,0.4356351,0.75272655,0.25313467,0.95,0.5089498,0.7530412,0.4258329,0.95,0.45020905,0.77048546,0.2622015,0.95,0.570636,0.80565697,0.24780297,0.95,0.41014773,0.82526654,0.094962075,0.95,0.9,0.9,0.9,0.9,0.9,0.9,0.9,0.9,0.9,0.9,0.9,0.9,0.9,0.9,0.9,0.9,0.9,0.9,0.9,0.9,0.9,0.9,0.9,0.9,0.9,0.9,0.9,0.9,0.9,0.9,0.9,0.9,0.9
7,0.23333333333333334,0.48190695,0.24060655,0.0063098604,0.95,0.48668158,0.23035194,0.013070727,0.95,0.5083198,0.22863509,0.011068639,0.95,0.49463943,0.22502446,0.01317524,0.95,0.47481722,0.2240682,0.0015710706,0.95,0.45510873,0.21433017,0.007173857,0.95,0.44651398,0.2315387,0.013534181,0.95,0.51457626,0.23813526,0.009067591,0.95,0.43903497,0.230333,-0.011247441,0.95,0.48771435,0.24722669,0.0033706941,0.95,0.45148894,0.25104725,0.019684602,0.95,0.58167905,0.31187934,0.0037590314,0.95,0.3681055,0.30569834,0.008061272,0.95,0.6314969,0.39924663,0.037583668,0.95,0.32095787,0.3940394,0.004622104,0.95,0.65482783,0.4266198,0.056915753,0.95,0.3198814,0.45350912,0.006614646,0.95,0.6398114,0.44960573,0.05285623,0.95,0.33506608,0.45797154,0.0011075855,0.95,0.6337986,0.44407123,0.011420362,0.95,0.32787094,0.45004433,-0.0028676335,0.95,0.628491,0.4326383,0.038493283,0.95,0.3504952,0.4593629,0.0032790268,0.95,0.53504056,0.50561464,0.033778843,0.95,0.40845227,0.5073768,-0.0025642412,0.95,0.57507473,0.6374147,0.025332581,0.95,0.39667708,0.64795727,0.015332073,0.95,0.55932856,0.7600316,0.39998206,0.95,0.43516046,0.75296503,0.2570367,0.95,0.5084781,0.7532635,0.43222287,0.95,0.4498306,0.77000755,0.26391742,0.95,0.5720826,0.8065859,0.2486637,0.95,0.4092724,0.8265533,0.09535748,0.95,0.9,0.9,0.9,0.9,0.9,0.9,0.9,0.9,0.9,0.9,0.9,0.9,0.9,0.9,0.9,0.9,0.9,0.9,0.9,0.9,0.9,0.9,0.9,0.9,0.9,0.9,0.9,0.9,0.9,0.9,0.9,0.9,0.9
8,0.26666666666666666,0.48107287,0.23941134,0.0064916415,0.95,0.48622847,0.22930075,0.012899747,0.95,0.5081696,0.22778587,0.01119854,0.95,0.4939634,0.2239961,0.013333255,0.95,0.4740637,0.22286248,0.0015337507,0.95,0.45416325,0.21362388,0.006749323,0.95,0.44547725,0.23048306,0.013061499,0.95,0.5138004,0.23698336,0.008865533,0.95,0.43823075,0.22937833,-0.011259183,0.95,0.48775026,0.24620329,0.0035883982,0.95,0.45092636,0.24992454,0.019412762,0.95,0.5820218,0.31120944,0.0029625606,0.95,0.36647677,0.3051451,0.007367698,0.95,0.6320287,0.39870378,0.03677834,0.95,0.32010424,0.3942217,0.0037331977,0.95,0.65614873,0.42579654,0.056038916,0.95,0.3178615,0.45373,0.005771948,0.95,0.6410425,0.44936797,0.051554825,0.95,0.33315513,0.4575099,0.0004914075,0.95,0.6354359,0.44394124,0.010260772,0.95,0.32669672,0.45015153,-0.0031880345,0.95,0.62889063,0.43208498,0.03679289,0.95,0.34877327,0.45892996,0.0031906741,0.95,0.5352136,0.50563884,0.032961957,0.95,0.40810016,0.50684947,-0.0029477188,0.95,0.57520974,0.63771254,0.024979956,0.95,0.39645523,0.64842963,0.01480009,0.95,0.5588646,0.7603866,0.40287703,0.95,0.43481794,0.75314957,0.25979093,0.95,0.5081807,0.7534369,0.4366669,0.95,0.44956797,0.7696199,0.26501536,0.95,0.5730732,0.8072522,0.2492157,0.95,0.40865374,0.8274686,0.09565096,0.95,0.9,0.9,0.9,0.9,0.9,0.9,0.9,0.9,0.9,0.9,0.9,0.9,0.9,0.9,0.9,0.9,0.9,0.9,0.9,0.9,0.9,0.9,0.9,0.9,0.9,0.9,0.9,0.9,0.9,0.9,0.9,0.9,0.9
9,0.3,0.48047867,0.23860557,0.0066559864,0.95,0.48590413,0.22859567,0.012780061,0.95,0.508054,0.22727613,0.0113145625,0.95,0.49346977,0.22335663,0.013463393,0.95,0.47353917,0.22206841,0.0015286619,0.95,0.45345026,0.21322016,0.0064768908,0.95,0.4447042,0.2298034,0.012727983,0.95,0.51320386,0.23621908,0.008754596,0.95,0.43767497,0.22878636,-0.011230942,0.95,0.4877828,0.24555463,0.003754358,0.95,0.45052195,0.24918304,0.019225728,0.95,0.58219254,0.31076095,0.0024181318,0.95,0.36529285,0.30480927,0.006914587,0.95,0.6323225,0.39832103,0.03621227,0.95,0.31955945,0.39438933,0.0031753727,0.95,0.65704256,0.4251947,0.055447634,0.95,0.31641844,0.45388556,0.005219264,0.95,0.64192337,0.44921127,0.050674997,0.95,0.3317871,0.45716467,7.906262e-05,0.95,0.63664865,0.44383767,0.009539254,0.95,0.32587713,0.45022064,-0.003345294,0.95,0.6291313,0.43168724,0.035571434,0.95,0.347587,0.45863253,0.0032304379,0.95,0.5352716,0.5056848,0.032373134,0.95,0.40789366,0.506506,-0.0031922841,0.95,0.57525563,0.63792735,0.024767237,0.95,0.39635542,0.64879525,0.0144274235,0.95,0.5585133,0.76060975,0.4048683,0.95,0.43457064,0.7532889,0.26174244,0.95,0.50800157,0.75356513,0.43978748,0.95,0.44937795,0.76931196,0.26572928,0.95,0.57376516,0.807726,0.24959715,0.95,0.4082136,0.82812446,0.09586909,0.95,0.9,0.9,0.9,0.9,0.9,0.9,0.9,0.9,0.9,0.9,0.9,0.9,0.9,0.9,0.9,0.9,0.9,0.9,0.9,0.9,0.9,0.9,0.9,0.9,0.9,0.9,0.9,0.9,0.9,0.9,0.9,0.9,0.9
10,0.3333333333333333,0.48005456,0.23805496,0.0067993486,0.95,0.4856753,0.2281184,0.012696546,0.95,0.5079663,0.22697027,0.0114153,0.95,0.49311137,0.22295593,0.01356647,0.95,0.4731762,0.22153698,0.0015397372,0.95,0.45291716,0.21299013,0.0063006305,0.95,0.44412825,0.22936152,0.012491211,0.95,0.51275384,0.2357064,0.008698851,0.95,0.43728963,0.2284157,-0.011186954,0.95,0.48781297,0.24513896,0.0038793322,0.95,0.45023018,0.24868786,0.019097121,0.95,0.58227384,0.310455,0.0020446565,0.95,0.36442736,0.30460113,0.006615521,0.95,0.63248223,0.39804944,0.035824984,0.95,0.31920794,0.39453718,0.0028208666,0.95,0.6576606,0.4247611,0.055059433,0.95,0.31538722,0.45399863,0.004851071,0.95,0.64255494,0.44911578,0.050083287,0.95,0.33080286,0.45691162,-0.00019862797,0.95,0.63755244,0.44376028,0.009091962,0.95,0.32530186,0.45026743,-0.0034147222,0.95,0.6292804,0.431403,0.034693036,0.95,0.34676713,0.45843282,0.0033160897,0.95,0.5352726,0.5057367,0.031952526,0.95,0.40777463,0.506282,-0.0033516595,0.95,0.57526207,0.6380838,0.024641398,0.95,0.39632726,0.6490766,0.014164366,0.95,0.5582586,0.7607517,0.4062655,0.95,0.43439317,0.75339323,0.26313603,0.95,0.50789505,0.7536587,0.44200453,0.95,0.44923657,0.7690708,0.26620147,0.95,0.5742585,0.80806357,0.24987683,0.95,0.40789655,0.82860035,0.09603227,0.95,0.9,0.9,0.9,0.9,0.9,0.9,0.9,0.9,0.9,0.9,0.9,0.9,0.9,0.9,0.9,0.9,0.9,0.9,0.9,0.9,0.9,0.9,0.9,0.9,0.9,0.9,0.9,0.9,0.9,0.9,0.9,0.9,0.9
11,0.36666666666666664,0.479749,0.23767322,0.0069215326,0.95,0.48551428,0.22779247,0.012638055,0.95,0.5078993,0.22678688,0.01150101,0.95,0.49285075,0.22270194,0.013646092,0.95,0.47292438,0.22117555,0.0015581122,0.95,0.45251918,0.21286012,0.0061848094,0.95,0.44369823,0.22907107,0.012321152,0.95,0.5124175,0.23535806,0.008675469,0.95,0.43702027,0.22818057,-0.011138659,0.95,0.48784044,0.24486873,0.003973215,0.95,0.4500185,0.24835275,0.019008586,0.95,0.58230966,0.3102427,0.0017868067,0.95,0.36379057,0.30446908,0.006415458,0.95,0.6325676,0.397855,0.035565887,0.95,0.31897828,0.39466417,0.0025912137,0.95,0.6580965,0.4244512,0.054810066,0.95,0.3146477,0.4540823,0.004601041,0.95,0.6430089,0.44906273,0.049684998,0.95,0.3300892,0.4567277,-0.0003872506,0.95,0.63822985,0.44370487,0.008814838,0.95,0.32489553,0.4502997,-0.0034370702,0.95,0.62937486,0.43119943,0.034059476,0.95,0.34619528,0.45829967,0.0034091475,0.95,0.5352481,0.5057875,0.03165292,0.95,0.40770742,0.5061354,-0.0034579458,0.95,0.57525367,0.6381993,0.024568604,0.95,0.39633825,0.64929307,0.013976704,0.95,0.55807775,0.76084405,0.40726438,0.95,0.4342667,0.7534714,0.2641408,0.95,0.5078309,0.7537274,0.44359893,0.95,0.44912967,0.76888335,0.26651934,0.95,0.5746169,0.8083061,0.2500904,0.95,0.40766487,0.8289504,0.096155554,0.95,0.9,0.9,0.9,0.9,0.9,0.9,0.9,0.9,0.9,0.9,0.9,0.9,0.9,0.9,0.9,0.9,0.9,0.9,0.9,0.9,0.9,0.9,0.9,0.9,0.9,0.9,0.9,0.9,0.9,0.9,0.9,0.9,0.9
12,0.4,0.47952607,0.23740491,0.0070238626,0.95,0.48540068,0.22756824,0.012596754,0.95,0.50784755,0.22667715,0.011572714,0.95,0.4926602,0.22253886,0.013706496,0.95,0.47274846,0.22092588,0.001578864,0.95,0.45222124,0.21278809,0.0061070626,0.95,0.44337603,0.22887816,0.012197211,0.95,0.51216704,0.2351179,0.008670323,0.95,0.43683016,0.22802922,-0.011091575,0.95,0.48786488,0.24469016,0.004043768,0.95,0.4498641,0.24812277,0.018947545,0.95,0.58232343,0.31009316,0.0016071919,0.95,0.3633191,0.30438313,0.0062796897,0.95,0.6326125,0.3977146,0.035396144,0.95,0.31882632,0.3947712,0.0024390058,0.95,0.658409,0.42423072,0.05465309,0.95,0.31411433,0.4541449,0.0044279676,0.95,0.6433363,0.44903767,0.049415354,0.95,0.32956702,0.4565944,-0.00051660015,0.95,0.6387399,0.44366652,0.008642666,0.95,0.3246068,0.45032185,-0.0034346897,0.95,0.62943596,0.43105274,0.033600464,0.95,0.34579143,0.4582106,0.003493652,0.95,0.5352143,0.50583404,0.031439334,0.95,0.40767068,0.5060391,-0.0035304846,0.95,0.5752414,0.63828564,0.02452777,0.95,0.39636853,0.64946,0.013841327,0.95,0.55795074,0.7609057,0.40799075,0.95,0.43417695,0.7535301,0.26487267,0.95,0.5077909,0.75377846,0.4447589,0.95,0.44904822,0.76873815,0.26673704,0.95,0.57488155,0.80848235,0.25025752,0.95,0.40749288,0.82921135,0.09624971,0.95,0.9,0.9,0.9,0.9,0.9,0.9,0.9,0.9,0.9,0.9,0.9,0.9,0.9,0.9,0.9,0.9,0.9,0.9,0.9,0.9,0.9,0.9,0.9,0.9,0.9,0.9,0.9,0.9,0.9,0.9,0.9,0.9,0.9
13,0.43333333333333335,0.47936133,0.23721382,0.0071083577,0.95,0.48532012,0.22741291,0.012567261,0.95,0.507807,0.22661184,0.01163187,0.95,0.49251983,0.22243284,0.013751732,0.95,0.47262463,0.2207511,0.0015992916,0.95,0.4519971,0.21274975,0.006053506,0.95,0.44313356,0.22874862,0.012105551,0.95,0.51198065,0.23494999,0.008674847,0.95,0.43669453,0.22793029,-0.011048391,0.95,0.48788628,0.24457042,0.004096792,0.95,0.44975096,0.24796264,0.018905446,0.95,0.582327,0.3099864,0.0014807108,0.95,0.36296785,0.30432594,0.0061862445,0.95,0.6326358,0.39761236,0.035287358,0.95,0.31872445,0.39486003,0.0023357072,0.95,0.6586367,0.4240743,0.05455636,0.95,0.3137268,0.45419183,0.004305871,0.95,0.64357346,0.4490303,0.049231,0.95,0.32918113,0.45649782,-0.000606253,0.95,0.6391255,0.4436409,0.008535154,0.95,0.32440022,0.45033658,-0.00341993,0.95,0.6294761,0.4309461,0.033266075,0.95,0.3455024,0.4581505,0.0035646486,0.95,0.5351794,0.5058753,0.03128661,0.95,0.40765175,0.5059756,-0.0035810033,0.95,0.5752299,0.6383508,0.024505924,0.95,0.3964066,0.64958924,0.013742592,0.95,0.5578619,0.76094806,0.408527,0.95,0.4341135,0.75357455,0.26541117,0.95,0.50776476,0.75381696,0.44561213,0.95,0.44898596,0.7686258,0.26688895,0.95,0.57507956,0.808612,0.25039017,0.95,0.4073632,0.8294083,0.09632238,0.95,0.9,0.9,0.9,0.9,0.9,0.9,0.9,0.9,0.9,0.9,0.9,0.9,0.9,0.9,0.9,0.9,0.9,0.9,0.9,0.9,0.9,0.9,0.9,0.9,0.9,0.9,0.9,0.9,0.9,0.9,0.9,0.9,0.9
14,0.4666666666666667,0.479238,0.23707613,0.0071773482,0.95,0.48526275,0.22730462,0.012545913,0.95,0.507775,0.2265734,0.011680088,0.95,0.49241558,0.22236305,0.013785221,0.95,0.47253683,0.22062731,0.0016180521,0.95,0.4518274,0.21273102,0.00601564,0.95,0.4429503,0.22866085,0.012036815,0.95,0.51184183,0.23483106,0.008683914,0.95,0.4365968,0.22786464,-0.0110102,0.95,0.48790482,0.24448895,0.004136647,0.95,0.44966778,0.24784958,0.018876387,0.95,0.5823264,0.3099093,0.001390529,0.95,0.36270466,0.30428708,0.0061210073,0.95,0.6326477,0.39753735,0.03521947,0.95,0.31865528,0.39493293,0.0022640177,0.95,0.658805,0.42396343,0.054498307,0.95,0.31344303,0.45422706,0.0042182785,0.95,0.64374626,0.4490337,0.049103282,0.95,0.32889336,0.4564277,-0.0006690353,0.95,0.6394182,0.44362435,0.008467391,0.95,0.32425138,0.45034578,-0.0033996385,0.95,0.6295029,0.43086803,0.03302096,0.95,0.34529278,0.4581095,0.0036217833,0.95,0.535147,0.505911,0.031176945,0.95,0.40764314,0.5059336,-0.003616889,0.95,0.57522076,0.6384005,0.02449513,0.95,0.39644596,0.6496897,0.013669817,0.95,0.5578001,0.7609781,0.40892816,0.95,0.43406865,0.7536084,0.26581118,0.95,0.50774676,0.75384635,0.44624606,0.95,0.44893843,0.7685387,0.26699692,0.95,0.57522935,0.8087083,0.25049618,0.95,0.40726417,0.82955843,0.09637902,0.95,0.9,0.9,0.9,0.9,0.9,0.9,0.9,0.9,0.9,0.9,0.9,0.9,0.9,0.9,0.9,0.9,0.9,0.9,0.9,0.9,0.9,0.9,0.9,0.9,0.9,0.9,0.9,0.9,0.9,0.9,0.9,0.9,0.9
15,0.5,0.47914466,0.2369759,0.007233142,0.95,0.48522177,0.22722879,0.012530224,0.95,0.5077496,0.22655101,0.011719014,0.95,0.49233755,0.22231655,0.013809798,0.95,0.47247422,0.22053856,0.0016345701,0.95,0.45169806,0.21272345,0.005988071,0.95,0.44281116,0.22860086,0.011984602,0.95,0.51173836,0.23474564,0.008694621,0.95,0.43652573,0.22782053,-0.010977261,0.95,0.48792082,0.24443291,0.004166621,0.95,0.44960657,0.24776869,0.01885638,0.95,0.58232456,0.309853,0.0013253327,0.95,0.36250642,0.30426016,0.006074851,0.95,0.63265395,0.39748192,0.035178587,0.95,0.31860787,0.39499214,0.0022130967,0.95,0.65893126,0.42388493,0.05446465,0.95,0.31323346,0.45425338,0.00415452,0.95,0.643873,0.44904324,0.049013317,0.95,0.32867673,0.45637664,-0.00071340724,0.95,0.63964117,0.4436142,0.008424163,0.95,0.32414344,0.450351,-0.0033776257,0.95,0.6295212,0.43081042,0.032840077,0.95,0.3451389,0.458081,0.003666714,0.95,0.53511876,0.5059415,0.031097801,0.95,0.40764043,0.5059057,-0.0036427313,0.95,0.57521415,0.63843864,0.024490548,0.95,0.39648327,0.649768,0.0136156455,0.95,0.55775726,0.7609999,0.40923172,0.95,0.43403685,0.7536343,0.26611122,0.95,0.5077338,0.75386894,0.44672146,0.95,0.44890222,0.7684711,0.26707518,0.95,0.57534367,0.8087806,0.25058123,0.95,0.40718755,0.8296738,0.096423544,0.95,0.9,0.9,0.9,0.9,0.9,0.9,0.9,0.9,0.9,0.9,0.9,0.9,0.9,0.9,0.9,0.9,0.9,0.9,0.9,0.9,0.9,0.9,0.9,0.9,0.9,0.9,0.9,0.9,0.9,0.9,0.9,0.9,0.9
16,0.5333333333333333,0.47907335,0.23690213,0.007277922,0.95,0.48519245,0.22717531,0.0125185065,0.95,0.5077294,0.22653839,0.01175017,0.95,0.49227875,0.22228517,0.013827682,0.95,0.47242934,0.22047438,0.0016487318,0.95,0.45159885,0.21272218,0.005967478,0.95,0.4427051,0.2285595,0.011944491,0.95,0.511661,0.23468354,0.008705366,0.95,0.4364736,0.22779046,-0.010949232,0.95,0.48793465,0.24439386,0.0041891458,0.95,0.44956148,0.24771,0.018842662,0.95,0.58232266,0.30981144,0.0012775335,0.95,0.3623564,0.30424133,0.0060417852,0.95,0.6326575,0.39744073,0.03515528,0.95,0.31857494,0.39503995,0.0021762983,0.95,0.6590273,0.42382944,0.05444614,0.95,0.31307736,0.45427305,0.0041074622,0.95,0.6439667,0.44905594,0.04894872,0.95,0.32851222,0.45633933,-0.0007450722,0.95,0.6398116,0.44360846,0.0083960295,0.95,0.3240647,0.45035326,-0.0033560079,0.95,0.62953395,0.4307677,0.032705747,0.95,0.3450247,0.4580609,0.0037015716,0.95,0.53509474,0.50596726,0.03104037,0.95,0.40764102,0.50588715,-0.0036616335,0.95,0.5752098,0.6384681,0.02448935,0.95,0.39651692,0.64982927,0.013574949,0.95,0.55772775,0.76101625,0.40946358,0.95,0.43401426,0.7536541,0.26633817,0.95,0.5077243,0.75388634,0.44708067,0.95,0.44887474,0.7684185,0.26713303,0.95,0.57543147,0.8088353,0.25064948,0.95,0.40712762,0.82976323,0.09645881,0.95,0.9,0.9,0.9,0.9,0.9,0.9,0.9,0.9,0.9,0.9,0.9,0.9,0.9,0.9,0.9,0.9,0.9,0.9,0.9,0.9,0.9,0.9,0.9,0.9,0.9,0.9,0.9,0.9,0.9,0.9,0.9,0.9,0.9
17,0.5666666666666667,0.47901833,0.23684752,0.007313638,0.95,0.4851715,0.22713737,0.012509618,0.95,0.50771344,0.22653146,0.011774928,0.95,0.4922342,0.2222638,0.0138405785,0.95,0.47239706,0.2204275,0.0016606452,0.95,0.45152223,0.21272421,0.005951757,0.95,0.442624,0.22853078,0.011913367,0.95,0.5116032,0.23463784,0.008715322,0.95,0.43643513,0.22776982,-0.0109257735,0.95,0.48794654,0.24436645,0.004206122,0.95,0.4495283,0.24766693,0.018833304,0.95,0.5823214,0.3097805,0.0012419644,0.95,0.3622423,0.3042279,0.006017802,0.95,0.63266003,0.39740995,0.03514318,0.95,0.31855184,0.3950782,0.0021491707,0.95,0.6591013,0.42379022,0.054436836,0.95,0.31296006,0.45428765,0.004072396,0.95,0.6440364,0.44906986,0.048901375,0.95,0.3283864,0.4563119,-0.00076792313,0.95,0.6399423,0.44360563,0.008377325,0.95,0.3240069,0.45035347,-0.0033358391,0.95,0.6295431,0.43073577,0.032605305,0.95,0.34493905,0.45804644,0.003728349,0.95,0.5350748,0.50598884,0.030998444,0.95,0.40764335,0.5058747,-0.0036755884,0.95,0.57520723,0.6384909,0.024489813,0.95,0.39654633,0.6498774,0.013544079,0.95,0.5577076,0.76102865,0.40964264,0.95,0.4339981,0.7536693,0.26651123,0.95,0.507717,0.7538999,0.44735435,0.95,0.44885403,0.76837736,0.26717666,0.95,0.5754994,0.808877,0.25070408,0.95,0.40708035,0.82983285,0.096486904,0.95,0.9,0.9,0.9,0.9,0.9,0.9,0.9,0.9,0.9,0.9,0.9,0.9,0.9,0.9,0.9,0.9,0.9,0.9,0.9,0.9,0.9,0.9,0.9,0.9,0.9,0.9,0.9,0.9,0.9,0.9,0.9,0.9,0.9
18,0.6,0.47897565,0.23680662,0.0073420005,0.95,0.4851566,0.22711037,0.012502728,0.95,0.50770074,0.22652794,0.011794462,0.95,0.4922003,0.22224893,0.013849793,0.95,0.4723738,0.22039299,0.0016704912,0.95,0.45146278,0.21272786,0.0059394226,0.95,0.44256175,0.2285107,0.0118890125,0.95,0.5115599,0.23460388,0.008724131,0.95,0.43640658,0.22775547,-0.010906242,0.95,0.48795682,0.24434695,0.0042189015,0.95,0.44950396,0.24763495,0.018826988,0.95,0.5823208,0.3097573,0.0012151423,0.95,0.36215532,0.30421826,0.0060001216,0.95,0.6326621,0.39738688,0.035138056,0.95,0.3185355,0.3951087,0.0021288902,0.95,0.65915895,0.4237625,0.054432973,0.95,0.3128713,0.4542984,0.004045991,0.95,0.6440889,0.4490838,0.048865903,0.95,0.32828945,0.45629165,-0.0007844932,0.95,0.640043,0.44360468,0.00836451,0.95,0.3239643,0.45035234,-0.003317641,0.95,0.62954986,0.4307119,0.03252974,0.95,0.3448743,0.4580358,0.0037487897,0.95,0.53505844,0.50600684,0.030967643,0.95,0.40764657,0.50586635,-0.0036860192,0.95,0.5752061,0.6385087,0.024491,0.95,0.39657167,0.64991534,0.013520459,0.95,0.5576941,0.76103824,0.40978172,0.95,0.43398649,0.75368094,0.26664436,0.95,0.5077115,0.75391036,0.4475644,0.95,0.4488385,0.7683452,0.26721025,0.95,0.5755522,0.80890894,0.25074807,0.95,0.40704274,0.82988733,0.09650942,0.95,0.9,0.9,0.9,0.9,0.9,0.9,0.9,0.9,0.9,0.9,0.9,0.9,0.9,0.9,0.9,0.9,0.9,0.9,0.9,0.9,0.9,0.9,0.9,0.9,0.9,0.9,0.9,0.9,0.9,0.9,0.9,0.9,0.9
19,0.6333333333333333,0.4789423,0.23677579,0.0073644193,0.95,0.4851461,0.22709094,0.012497306,0.95,0.5076908,0.22652626,0.011809831,0.95,0.4921744,0.22223844,0.01385629,0.95,0.47235706,0.22036734,0.0016785993,0.95,0.45141637,0.21273215,0.005929651,0.95,0.44251388,0.22849648,0.011869816,0.95,0.51152754,0.23457834,0.008731708,0.95,0.43638524,0.22774541,-0.010890085,0.95,0.48796573,0.24433294,0.004228548,0.95,0.44948614,0.24761094,0.01882276,0.95,0.58232087,0.30973968,0.0011946644,0.95,0.3620887,0.30421123,0.005986923,0.95,0.6326642,0.39736947,0.035137158,0.95,0.31852373,0.39513293,0.0021134787,0.95,0.6592045,0.42374298,0.054432176,0.95,0.31280366,0.45430633,0.0040259305,0.95,0.64412886,0.44909716,0.04883874,0.95,0.32821426,0.45627654,-0.0007966377,0.95,0.640121,0.4436049,0.008355409,0.95,0.32393274,0.4503503,-0.0033015478,0.95,0.62955505,0.43069392,0.03247256,0.95,0.34482494,0.4580278,0.0037643502,0.95,0.5350451,0.50602174,0.03094488,0.95,0.40765008,0.50586075,-0.0036938721,0.95,0.57520604,0.6385225,0.024492363,0.95,0.3965931,0.64994526,0.013502225,0.95,0.55768514,0.76104575,0.40989068,0.95,0.43397805,0.7536899,0.2667475,0.95,0.50770736,0.75391847,0.44772664,0.95,0.44882694,0.76831985,0.2672366,0.95,0.5755935,0.8089335,0.25078326,0.95,0.40701264,0.8299302,0.09652753,0.95,0.9,0.9,0.9,0.9,0.9,0.9,0.9,0.9,0.9,0.9,0.9,0.9,0.9,0.9,0.9,0.9,0.9,0.9,0.9,0.9,0.9,0.9,0.9,0.9,0.9,0.9,0.9,0.9,0.9,0.9,0.9,0.9,0.9
20,0.6666666666666666,0.4789161,0.23675236,0.007382094,0.95,0.48513877,0.22707689,0.012492953,0.95,0.5076831,0.22652563,0.011821832,0.95,0.49215457,0.22223099,0.0138608385,0.95,0.47234502,0.2203481,0.0016851837,0.95,0.45137998,0.21273647,0.005921763,0.95,0.442477,0.22848631,0.011854587,0.95,0.5115033,0.23455901,0.008738095,0.95,0.4363693,0.22773837,-0.010876816,0.95,0.48797345,0.24432279,0.0042358516,0.95,0.44947317,0.24759272,0.018819975,0.95,0.58232147,0.3097262,0.0011788133,0.95,0.3620376,0.3042061,0.005976924,0.95,0.6326664,0.39735633,0.035138648,0.95,0.3185153,0.39515206,0.0021016398,0.95,0.6592408,0.42372927,0.05443301,0.95,0.31275168,0.45431212,0.0040105935,0.95,0.64415956,0.44910946,0.04881751,0.95,0.32815558,0.45626518,-0.0008056231,0.95,0.64018166,0.4436058,0.008348722,0.95,0.3239093,0.45034778,-0.0032875258,0.95,0.62955916,0.4306804,0.032429017,0.95,0.344787,0.45802173,0.0037761556,0.95,0.53503436,0.506034,0.030927928,0.95,0.40765366,0.5058569,-0.0036998363,0.95,0.57520664,0.63853335,0.024493635,0.95,0.396611,0.649969,0.013488034,0.95,0.5576795,0.7610516,0.40997657,0.95,0.4339719,0.7536967,0.266828,0.95,0.50770426,0.75392467,0.4478526,0.95,0.44881842,0.7682998,0.2672575,0.95,0.57562584,0.80895245,0.25081137,0.95,0.40698847,0.829964,0.09654215,0.95,0.9,0.9,0.9,0.9,0.9,0.9,0.9,0.9,0.9,0.9,0.9,0.9,0.9,0.9,0.9,0.9,0.9,0.9,0.9,0.9,0.9,0.9,0.9,0.9,0.9,0.9,0.9,0.9,0.9,0.9,0.9,0.9,0.9
21,0.7,0.4788955,0.23673451,0.0073960023,0.95,0.48513377,0.22706665,0.0124894045,0.95,0.5076771,0.22652553,0.011831186,0.95,0.4921394,0.2222255,0.013863925,0.95,0.4723364,0.22033364,0.0016905165,0.95,0.45135137,0.21274047,0.0059153666,0.95,0.44244853,0.22847907,0.011842407,0.95,0.5114851,0.23454423,0.008743368,0.95,0.43635732,0.2277333,-0.010865882,0.95,0.48798013,0.24431534,0.0042414023,0.95,0.44946375,0.24757876,0.018818164,0.95,0.58232254,0.3097158,0.0011664341,0.95,0.36199823,0.30420223,0.005969239,0.95,0.6326687,0.39734632,0.03514141,0.95,0.31850913,0.39516717,0.0020923899,0.95,0.65927,0.42371958,0.054434612,0.95,0.31271157,0.4543163,0.003998788,0.95,0.6441833,0.44912055,0.048800614,0.95,0.32810965,0.45625657,-0.00081230624,0.95,0.640229,0.4436071,0.008343641,0.95,0.32389188,0.45034504,-0.0032754708,0.95,0.62956256,0.43067014,0.032395683,0.95,0.34475774,0.458017,0.0037850703,0.95,0.5350258,0.50604415,0.030915223,0.95,0.4076571,0.50585425,-0.0037043998,0.95,0.5752078,0.6385418,0.024494693,0.95,0.39662597,0.64998776,0.013476877,0.95,0.5576761,0.76105636,0.41004464,0.95,0.43396738,0.75370187,0.26689115,0.95,0.50770193,0.7539295,0.44795117,0.95,0.44881222,0.768284,0.26727447,0.95,0.57565135,0.8089672,0.25083402,0.95,0.40696895,0.8299907,0.09655398,0.95,0.9,0.9,0.9,0.9,0.9,0.9,0.9,0.9,0.9,0.9,0.9,0.9,0.9,0.9,0.9,0.9,0.9,0.9,0.9,0.9,0.9,0.9,0.9,0.9,0.9,0.9,0.9,0.9,0.9,0.9,0.9,0.9,0.9
22,0.7333333333333333,0.47887915,0.23672071,0.007406923,0.95,0.48513046,0.22705905,0.012486469,0.95,0.50767255,0.22652566,0.011838439,0.95,0.4921278,0.22222131,0.0138659775,0.95,0.47233024,0.22032262,0.0016947931,0.95,0.45132875,0.21274409,0.005910099,0.95,0.44242647,0.22847375,0.011832649,0.95,0.5114715,0.23453277,0.008747723,0.95,0.43634832,0.22772974,-0.0108569525,0.95,0.48798594,0.24430981,0.0042456156,0.95,0.44945702,0.24756795,0.018817037,0.95,0.5823238,0.30970782,0.0011566664,0.95,0.36196786,0.30419937,0.0059632338,0.95,0.632671,0.39733875,0.035144683,0.95,0.31850454,0.3951791,0.0020851553,0.95,0.6592937,0.42371282,0.054436453,0.95,0.3126804,0.45431933,0.0039896537,0.95,0.644202,0.44913042,0.04878696,0.95,0.32807347,0.45624995,-0.0008173056,0.95,0.6402662,0.4436085,0.008339636,0.95,0.32387885,0.4503422,-0.0032651965,0.95,0.6295654,0.43066236,0.032370042,0.95,0.34473497,0.45801327,0.0037917907,0.95,0.53501886,0.50605243,0.030905625,0.95,0.4076603,0.50585234,-0.003707909,0.95,0.5752092,0.6385485,0.024495505,0.95,0.3966383,0.65000266,0.013468057,0.95,0.5576742,0.7610601,0.4100987,0.95,0.43396404,0.7537058,0.26694104,0.95,0.50770026,0.75393313,0.4480285,0.95,0.44880778,0.7682715,0.26728833,0.95,0.57567143,0.8089786,0.2508521,0.95,0.40695313,0.83001184,0.096563555,0.95,0.9,0.9,0.9,0.9,0.9,0.9,0.9,0.9,0.9,0.9,0.9,0.9,0.9,0.9,0.9,0.9,0.9,0.9,0.9,0.9,0.9,0.9,0.9,0.9,0.9,0.9,0.9,0.9,0.9,0.9,0.9,0.9,0.9
23,0.7666666666666667,0.47886616,0.23671001,0.0074154967,0.95,0.48512834,0.22705342,0.012484016,0.95,0.5076691,0.22652586,0.011844025,0.95,0.49211892,0.2222182,0.013867293,0.95,0.4723259,0.22031403,0.0016982278,0.95,0.45131087,0.2127473,0.0059057497,0.95,0.44240943,0.22846985,0.01182479,0.95,0.5114614,0.23452389,0.008751251,0.95,0.43634152,0.22772713,-0.010849632,0.95,0.487991,0.24430564,0.0042488324,0.95,0.4494522,0.24755949,0.018816354,0.95,0.5823253,0.3097015,0.0011489067,0.95,0.3619444,0.30419713,0.0059584877,0.95,0.6326733,0.3973329,0.035148043,0.95,0.31850117,0.39518845,0.002079396,0.95,0.6593131,0.42370805,0.054438267,0.95,0.31265602,0.45432147,0.0039825346,0.95,0.6442168,0.44913903,0.048775747,0.95,0.32804483,0.45624477,-0.000821083,0.95,0.6402955,0.44360992,0.008336421,0.95,0.32386917,0.4503395,-0.0032564756,0.95,0.6295679,0.43065643,0.0323502,0.95,0.34471714,0.45801032,0.0037968198,0.95,0.5350134,0.50605917,0.03089833,0.95,0.40766323,0.50585103,-0.0037106508,0.95,0.57521087,0.6385537,0.024496082,0.95,0.39664853,0.6500145,0.013461016,0.95,0.5576734,0.7610631,0.4101421,0.95,0.43396154,0.7537088,0.2669807,0.95,0.50769913,0.75393593,0.44808963,0.95,0.44880465,0.7682615,0.26729983,0.95,0.5756874,0.8089875,0.25086668,0.95,0.40694028,0.83002865,0.09657131,0.95,0.9,0.9,0.9,0.9,0.9,0.9,0.9,0.9,0.9,0.9,0.9,0.9,0.9,0.9,0.9,0.9,0.9,0.9,0.9,0.9,0.9,0.9,0.9,0.9,0.9,0.9,0.9,0.9,0.9,0.9,0.9,0.9,0.9
24,0.8,0.47885585,0.23670164,0.0074222246,0.95,0.48512712,0.22704911,0.012481937,0.95,0.5076666,0.22652604,0.011848339,0.95,0.49211216,0.22221565,0.013868079,0.95,0.47232282,0.22030753,0.001700979,0.95,0.45129666,0.21274999,0.005902138,0.95,0.44239616,0.2284669,0.011818418,0.95,0.51145387,0.23451689,0.008754101,0.95,0.4363364,0.22772516,-0.010843679,0.95,0.4879954,0.24430245,0.0042512873,0.95,0.4494488,0.24755281,0.018815959,0.95,0.58232677,0.30969656,0.0011427078,0.95,0.36192626,0.30419543,0.005954647,0.95,0.6326757,0.39732844,0.035151266,0.95,0.31849864,0.39519578,0.0020747543,0.95,0.6593291,0.4237047,0.054439887,0.95,0.31263688,0.45432302,0.0039769877,0.95,0.6442286,0.4491465,0.048766457,0.95,0.32802212,0.45624068,-0.00082397385,0.95,0.6403188,0.44361126,0.008333705,0.95,0.32386196,0.45033693,-0.003249118,0.95,0.62957007,0.4306519,0.032334775,0.95,0.3447032,0.4580079,0.0038005786,0.95,0.53500897,0.50606465,0.030892728,0.95,0.40766585,0.50585,-0.0037127966,0.95,0.57521254,0.63855773,0.024496438,0.95,0.3966569,0.65002394,0.013455363,0.95,0.5576733,0.76106554,0.4101769,0.95,0.4339597,0.753711,0.26701236,0.95,0.5076983,0.753938,0.44813812,0.95,0.4488025,0.7682535,0.26730937,0.95,0.5757001,0.8089945,0.25087827,0.95,0.40692985,0.830042,0.09657762,0.95,0.9,0.9,0.9,0.9,0.9,0.9,0.9,0.9,0.9,0.9,0.9,0.9,0.9,0.9,0.9,0.9,0.9,0.9,0.9,0.9,0.9,0.9,0.9,0.9,0.9,0.9,0.9,0.9,0.9,0.9,0.9,0.9,0.9
25,0.8333333333333334,0.4788476,0.23669507,0.0074275015,0.95,0.4851265,0.2270459,0.012480162,0.95,0.50766474,0.22652614,0.011851641,0.95,0.492107,0.22221364,0.013868503,0.95,0.47232074,0.22030237,0.0017031583,0.95,0.45128536,0.21275224,0.0058991523,0.95,0.4423859,0.22846471,0.011813236,0.95,0.51144826,0.23451138,0.008756397,0.95,0.43633255,0.22772376,-0.010838807,0.95,0.48799917,0.24429995,0.004253178,0.95,0.44944644,0.24754748,0.01881576,0.95,0.5823283,0.30969265,0.0011377084,0.95,0.36191216,0.30419412,0.005951529,0.95,0.6326779,0.397325,0.035154205,0.95,0.31849673,0.39520156,0.0020710477,0.95,0.6593422,0.42370233,0.054441262,0.95,0.3126218,0.45432407,0.0039725956,0.95,0.64423805,0.44915295,0.048758704,0.95,0.328004,0.45623744,-0.0008262016,0.95,0.64033735,0.4436125,0.008331437,0.95,0.32385662,0.45033458,-0.003242923,0.95,0.62957203,0.43064842,0.032322746,0.95,0.34469217,0.45800596,0.0038033726,0.95,0.53500557,0.5060691,0.030888401,0.95,0.40766823,0.50584924,-0.003714488,0.95,0.5752142,0.63856095,0.024496617,0.95,0.39666376,0.6500315,0.013450779,0.95,0.55767363,0.76106745,0.41020498,0.95,0.4339583,0.75371265,0.26703784,0.95,0.5076978,0.75393957,0.4481768,0.95,0.44880107,0.7682471,0.26731738,0.95,0.5757102,0.80899984,0.25088757,0.95,0.40692136,0.8300527,0.096582696,0.95,0.9,0.9,0.9,0.9,0.9,0.9,0.9,0.9,0.9,0.9,0.9,0.9,0.9,0.9,0.9,0.9,0.9,0.9,0.9,0.9,0.9,0.9,0.9,0.9,0.9,0.9,0.9,0.9,0.9,0.9,0.9,0.9,0.9
26,0.8666666666666667,0.478841,0.23668988,0.007431644,0.95,0.48512632,0.22704335,0.012478635,0.95,0.5076635,0.22652622,0.011854165,0.95,0.49210313,0.222212,0.013868658,0.95,0.47231928,0.22029833,0.0017049017,0.95,0.45127633,0.21275415,0.0058966433,0.95,0.44237792,0.22846301,0.011809027,0.95,0.5114441,0.23450695,0.00875823,0.95,0.43632963,0.2277227,-0.010834817,0.95,0.48800245,0.244298,0.0042546345,0.95,0.44944486,0.2475433,0.018815674,0.95,0.5823299,0.30968955,0.0011336963,0.95,0.3619012,0.30419308,0.0059489287,0.95,0.63268,0.39732236,0.03515681,0.95,0.31849527,0.3952061,0.002067978,0.95,0.6593532,0.4237007,0.05444241,0.95,0.31260988,0.45432484,0.003969146,0.95,0.64424586,0.44915843,0.048752163,0.95,0.32798955,0.45623478,-0.00082792266,0.95,0.6403522,0.44361356,0.008329522,0.95,0.3238527,0.45033243,-0.0032377671,0.95,0.62957376,0.4306457,0.032313306,0.95,0.34468344,0.45800436,0.0038054625,0.95,0.5350029,0.50607276,0.03088503,0.95,0.40767032,0.50584865,-0.0037158513,0.95,0.5752159,0.63856345,0.02449666,0.95,0.3966694,0.6500375,0.013447063,0.95,0.5576742,0.76106906,0.41022766,0.95,0.43395725,0.75371385,0.26705837,0.95,0.5076975,0.7539407,0.44820774,0.95,0.44880018,0.76824194,0.26732412,0.95,0.57571834,0.8090041,0.25089502,0.95,0.4069144,0.83006114,0.09658682,0.95,0.9,0.9,0.9,0.9,0.9,0.9,0.9,0.9,0.9,0.9,0.9,0.9,0.9,0.9,0.9,0.9,0.9,0.9,0.9,0.9,0.9,0.9,0.9,0.9,0.9,0.9,0.9,0.9,0.9,0.9,0.9,0.9,0.9
27,0.9,0.47883573,0.23668574,0.0074349055,0.95,0.4851264,0.22704135,0.012477322,0.95,0.5076626,0.22652623,0.011856071,0.95,0.49210018,0.22221054,0.013868662,0.95,0.47231835,0.22029513,0.0017062689,0.95,0.45126912,0.21275571,0.0058945497,0.95,0.44237173,0.22846164,0.011805572,0.95,0.51144105,0.23450348,0.008759689,0.95,0.43632746,0.22772186,-0.01083158,0.95,0.4880053,0.24429642,0.0042557726,0.95,0.4494438,0.24753985,0.018815668,0.95,0.5823314,0.30968705,0.0011304329,0.95,0.36189273,0.30419227,0.0059467643,0.95,0.632682,0.3973203,0.03515905,0.95,0.31849414,0.3952096,0.002065497,0.95,0.65936226,0.4236995,0.054443296,0.95,0.31260046,0.45432535,0.003966378,0.95,0.6442522,0.44916308,0.04874663,0.95,0.32797796,0.4562326,-0.00082926376,0.95,0.6403642,0.44361448,0.008327853,0.95,0.32384977,0.45033053,-0.003233457,0.95,0.6295753,0.4306436,0.032305874,0.95,0.3446765,0.45800304,0.0038069265,0.95,0.53500074,0.5060757,0.030882392,0.95,0.40767217,0.50584817,-0.0037169429,0.95,0.5752174,0.63856536,0.024496594,0.95,0.39667395,0.65004236,0.013443997,0.95,0.55767506,0.7610703,0.4102461,0.95,0.43395647,0.75371474,0.26707497,0.95,0.50769734,0.75394154,0.4482327,0.95,0.44879967,0.7682378,0.26732978,0.95,0.57572484,0.8090074,0.25090098,0.95,0.40690875,0.83006793,0.09659015,0.95,0.9,0.9,0.9,0.9,0.9,0.9,0.9,0.9,0.9,0.9,0.9,0.9,0.9,0.9,0.9,0.9,0.9,0.9,0.9,0.9,0.9,0.9,0.9,0.9,0.9,0.9,0.9,0.9,0.9,0.9,0.9,0.9,0.9
28,0.9333333333333333,0.47883147,0.23668237,0.0074374666,0.95,0.4851267,0.22703977,0.012476187,0.95,0.50766206,0.22652616,0.011857535,0.95,0.49209797,0.2222093,0.013868559,0.95,0.47231773,0.22029251,0.0017073529,0.95,0.45126337,0.21275699,0.0058928044,0.95,0.4423669,0.2284606,0.011802735,0.95,0.5114388,0.2345007,0.008760853,0.95,0.4363258,0.22772126,-0.010828901,0.95,0.48800778,0.24429514,0.004256635,0.95,0.44944313,0.24753705,0.0188157,0.95,0.5823328,0.30968505,0.0011277545,0.95,0.36188605,0.30419153,0.0059449538,0.95,0.6326839,0.39731872,0.03516095,0.95,0.31849328,0.39521238,0.0020634593,0.95,0.6593699,0.42369866,0.05444397,0.95,0.31259295,0.4543257,0.0039641727,0.95,0.64425737,0.449167,0.048741918,0.95,0.32796863,0.4562308,-0.0008303255,0.95,0.6403739,0.4436153,0.008326404,0.95,0.32384765,0.45032886,-0.0032298658,0.95,0.6295767,0.43064192,0.032299973,0.95,0.34467098,0.45800197,0.0038080143,0.95,0.5349991,0.50607806,0.030880298,0.95,0.4076738,0.50584775,-0.0037177997,0.95,0.575219,0.6385669,0.024496466,0.95,0.39667767,0.65004617,0.013441479,0.95,0.5576759,0.7610713,0.410261,0.95,0.4339559,0.7537154,0.26708847,0.95,0.5076973,0.7539422,0.44825274,0.95,0.44879943,0.76823443,0.2673346,0.95,0.5757301,0.80901,0.25090584,0.95,0.40690416,0.8300733,0.09659282,0.95,0.9,0.9,0.9,0.9,0.9,0.9,0.9,0.9,0.9,0.9,0.9,0.9,0.9,0.9,0.9,0.9,0.9,0.9,0.9,0.9,0.9,0.9,0.9,0.9,0.9,0.9,0.9,0.9,0.9,0.9,0.9,0.9,0.9
29,0.9666666666666667,0.47882807,0.23667969,0.00743948,0.95,0.48512712,0.2270385,0.012475207,0.95,0.5076617,0.22652602,0.011858608,0.95,0.4920963,0.22220828,0.013868369,0.95,0.47231737,0.22029048,0.0017082321,0.95,0.45125878,0.21275797,0.005891316,0.95,0.44236314,0.22845975,0.01180042,0.95,0.5114371,0.2344984,0.008761758,0.95,0.43632454,0.22772078,-0.010826733,0.95,0.4880099,0.24429403,0.004257311,0.95,0.4494427,0.2475348,0.018815748,0.95,0.5823341,0.30968344,0.001125605,0.95,0.3618809,0.30419096,0.005943389,0.95,0.6326856,0.39731744,0.035162553,0.95,0.31849262,0.39521456,0.0020617307,0.95,0.65937626,0.42369804,0.05444445,0.95,0.31258693,0.4543259,0.003962444,0.95,0.64426166,0.44917032,0.04873791,0.95,0.32796118,0.45622927,-0.0008311674,0.95,0.64038175,0.44361597,0.008325148,0.95,0.32384613,0.45032737,-0.003226867,0.95,0.62957793,0.4306406,0.032295275,0.95,0.3446666,0.4580011,0.003808778,0.95,0.5349978,0.50608,0.030878626,0.95,0.4076752,0.5058474,-0.0037185187,0.95,0.5752203,0.63856804,0.024496272,0.95,0.39668074,0.65004927,0.013439383,0.95,0.5576768,0.7610721,0.41027325,0.95,0.4339555,0.7537159,0.26709956,0.95,0.50769734,0.7539426,0.44826883,0.95,0.44879937,0.7682317,0.26733872,0.95,0.57573426,0.80901206,0.2509096,0.95,0.40690038,0.8300776,0.09659497,0.95,0.9,0.9,0.9,0.9,0.9,0.9,0.9,0.9,0.9,0.9,0.9,0.9,0.9,0.9,0.9,0.9,0.9,0.9,0.9,0.9,0.9,0.9,0.9,0.9,0.9,0.9,0.9,0.9,0.9,0.9,0.9,0.9,0.9
30,1.0,0.4788253,0.23667753,0.0074410765,0.95,0.4851276,0.22703744,0.0124743525,0.95,0.5076616,0.2265259,0.0118594235,0.95,0.4920951,0.2222073,0.013868149,0.95,0.4723172,0.22028883,0.0017089082,0.95,0.45125508,0.21275884,0.0058900905,0.95,0.4423602,0.22845903,0.011798497,0.95,0.511436,0.23449656,0.0087624565,0.95,0.4363236,0.22772038,-0.010824956,0.95,0.48801172,0.24429314,0.004257831,0.95,0.4494425,0.24753289,0.018815812,0.95,0.58233535,0.30968216,0.0011238056,0.95,0.3618769,0.30419046,0.0059420667,0.95,0.63268715,0.39731646,0.03516386,0.95,0.31849208,0.3952163,0.0020602965,0.95,0.6593816,0.42369756,0.054444786,0.95,0.3125821,0.4543261,0.0039610174,0.95,0.64426523,0.4491731,0.048734482,0.95,0.32795513,0.45622796,-0.00083184167,0.95,0.6403882,0.4436165,0.008324046,0.95,0.3238451,0.45032609,-0.0032243822,0.95,0.62957895,0.43063954,0.03229153,0.95,0.34466305,0.4580004,0.0038092958,0.95,0.5349968,0.5060815,0.030877288,0.95,0.40767646,0.50584704,-0.003719111,0.95,0.57522154,0.638569,0.024496047,0.95,0.3966832,0.6500518,0.01343766,0.95,0.5576776,0.76107275,0.41028315,0.95,0.4339552,0.7537162,0.26710865,0.95,0.5076974,0.7539429,0.4482819,0.95,0.44879946,0.7682295,0.26734218,0.95,0.57573766,0.80901366,0.2509127,0.95,0.40689728,0.83008105,0.09659668,0.95,0.9,0.9,0.9,0.9,0.9,0.9,0.9,0.9,0.9,0.9,0.9,0.9,0.9,0.9,0.9,0.9,0.9,0.9,0.9,0.9,0.9,0.9,0.9,0.9,0.9,0.9,0.9,0.9,0.9,0.9,0.9,0.9,0.9
31,1.0333333333333334,0.4788231,0.23667578,0.007442332,0.95,0.4851281,0.2270366,0.012473615,0.95,0.5076615,0.22652575,0.011860021,0.95,0.49209422,0.2222065,0.01386792,0.95,0.4723171,0.22028741,0.0017094447,0.95,0.4512521,0.21275944,0.0058890604,0.95,0.44235793,0.22845843,0.011796914,0.95,0.51143515,0.23449507,0.008763021,0.95,0.4363229,0.22772005,-0.010823511,0.95,0.4880133,0.24429242,0.0042582722,0.95,0.44944245,0.24753131,0.018815873,0.95,0.5823364,0.30968112,0.0011223528,0.95,0.36187375,0.30419004,0.0059409044,0.95,0.6326886,0.39731568,0.035164926,0.95,0.31849164,0.39521763,0.0020591342,0.95,0.6593862,0.4236972,0.054444995,0.95,0.31257832,0.45432615,0.003959859,0.95,0.6442682,0.44917542,0.048731543,0.95,0.32795024,0.45622686,-0.00083241536,0.95,0.6403935,0.44361696,0.008323111,0.95,0.3238443,0.45032498,-0.0032223333,0.95,0.62958,0.43063867,0.032288525,0.95,0.34466013,0.4579998,0.0038096497,0.95,0.5349961,0.5060827,0.0308762,0.95,0.40767753,0.5058468,-0.0037196213,0.95,0.57522273,0.6385697,0.024495807,0.95,0.39668524,0.65005374,0.013436217,0.95,0.5576784,0.7610733,0.4102913,0.95,0.43395495,0.7537164,0.26711604,0.95,0.5076975,0.7539431,0.44829267,0.95,0.44879964,0.7682277,0.26734513,0.95,0.5757404,0.8090149,0.25091517,0.95,0.40689477,0.83008385,0.09659805,0.95,0.9,0.9,0.9,0.9,0.9,0.9,0.9,0.9,0.9,0.9,0.9,0.9,0.9,0.9,0.9,0.9,0.9,0.9,0.9,0.9,0.9,0.9,0.9,0.9,0.9,0.9,0.9,0.9,0.9,0.9,0.9,0.9,0.9
32,1.0666666666666667,0.4788213,0.23667431,0.0074433377,0.95,0.4851286,0.2270358,0.012472974,0.95,0.5076616,0.22652559,0.01186045,0.95,0.49209356,0.22220576,0.013867669,0.95,0.4723171,0.22028631,0.0017098824,0.95,0.45124972,0.21275993,0.0058881682,0.95,0.44235614,0.22845796,0.011795582,0.95,0.51143456,0.23449387,0.008763453,0.95,0.4363224,0.22771977,-0.010822322,0.95,0.48801467,0.24429175,0.004258585,0.95,0.44944242,0.24753006,0.018815922,0.95,0.5823375,0.3096803,0.0011211644,0.95,0.36187127,0.30418974,0.0059399023,0.95,0.63268983,0.39731508,0.0351658,0.95,0.3184913,0.39521867,0.0020581135,0.95,0.65939,0.42369694,0.0544451,0.95,0.31257525,0.45432624,0.0039589424,0.95,0.64427066,0.44917732,0.04872903,0.95,0.32794625,0.45622587,-0.00083286985,0.95,0.64039785,0.44361734,0.008322272,0.95,0.32384384,0.45032403,-0.0032206532,0.95,0.62958086,0.43063796,0.032286096,0.95,0.34465787,0.4579993,0.0038098807,0.95,0.5349955,0.5060837,0.03087532,0.95,0.40767846,0.5058465,-0.00372002,0.95,0.57522374,0.63857025,0.024495564,0.95,0.39668685,0.65005535,0.013434993,0.95,0.5576791,0.7610737,0.41029802,0.95,0.4339548,0.7537165,0.26712218,0.95,0.5076976,0.7539432,0.4483014,0.95,0.44879985,0.7682262,0.2673476,0.95,0.5757426,0.80901587,0.25091708,0.95,0.4068927,0.830086,0.09659912,0.95,0.9,0.9,0.9,0.9,0.9,0.9,0.9,0.9,0.9,0.9,0.9,0.9,0.9,0.9,0.9,0.9,0.9,0.9,0.9,0.9,0.9,0.9,0.9,0.9,0.9,0.9,0.9,0.9,0.9,0.9,0.9,0.9,0.9
33,1.1,0.47881985,0.23667316,0.0074441386,0.95,0.4851291,0.22703521,0.012472415,0.95,0.5076617,0.22652541,0.01186077,0.95,0.49209312,0.22220512,0.01386744,0.95,0.47231716,0.22028539,0.001710227,0.95,0.4512478,0.21276045,0.0058874157,0.95,0.44235474,0.22845758,0.011794509,0.95,0.51143414,0.23449284,0.008763785,0.95,0.43632197,0.2277195,-0.01082138,0.95,0.48801583,0.2442912,0.0042588534,0.95,0.44944248,0.24752896,0.018815964,0.95,0.58233833,0.3096796,0.0011201586,0.95,0.3618694,0.30418944,0.0059390194,0.95,0.63269097,0.39731455,0.035166506,0.95,0.3184911,0.39521948,0.0020572753,0.95,0.6593932,0.4236967,0.05444515,0.95,0.31257275,0.4543263,0.0039581824,0.95,0.64427274,0.44917893,0.048726868,0.95,0.32794306,0.45622504,-0.000833261,0.95,0.6404014,0.4436176,0.008321535,0.95,0.32384354,0.45032322,-0.0032192525,0.95,0.62958163,0.4306374,0.032284133,0.95,0.34465602,0.45799887,0.0038100036,0.95,0.5349951,0.5060845,0.030874597,0.95,0.40767926,0.50584626,-0.0037203701,0.95,0.57522464,0.63857067,0.024495313,0.95,0.39668816,0.65005666,0.013433965,0.95,0.5576798,0.76107407,0.41030356,0.95,0.43395472,0.7537166,0.2671273,0.95,0.5076977,0.75394326,0.4483085,0.95,0.4488001,0.768225,0.2673497,0.95,0.57574445,0.80901664,0.2509186,0.95,0.40689102,0.8300878,0.096599974,0.95,0.9,0.9,0.9,0.9,0.9,0.9,0.9,0.9,0.9,0.9,0.9,0.9,0.9,0.9,0.9,0.9,0.9,0.9,0.9,0.9,0.9,0.9,0.9,0.9,0.9,0.9,0.9,0.9,0.9,0.9,0.9,0.9,0.9
34,1.1333333333333333,0.47881868,0.23667216,0.0074447794,0.95,0.48512954,0.22703469,0.0124719385,0.95,0.5076619,0.22652523,0.011860996,0.95,0.49209282,0.22220452,0.013867218,0.95,0.47231725,0.22028461,0.0017104673,0.95,0.4512463,0.2127607,0.005886801,0.95,0.44235364,0.2284572,0.01179361,0.95,0.51143384,0.23449205,0.00876403,0.95,0.4363217,0.22771934,-0.010820601,0.95,0.4880168,0.24429072,0.004259047,0.95,0.44944257,0.24752805,0.01881601,0.95,0.58233917,0.30967903,0.0011193726,0.95,0.3618679,0.30418918,0.0059382706,0.95,0.63269204,0.3973142,0.035167046,0.95,0.3184909,0.39522013,0.00205656,0.95,0.6593959,0.42369652,0.05444512,0.95,0.31257075,0.45432633,0.003957575,0.95,0.6442745,0.44918025,0.048725016,0.95,0.32794043,0.45622432,-0.0008335888,0.95,0.6404044,0.44361785,0.008320909,0.95,0.32384336,0.4503225,-0.003218079,0.95,0.62958235,0.43063688,0.032282542,0.95,0.34465453,0.45799854,0.0038100819,0.95,0.5349948,0.50608516,0.030873997,0.95,0.40767995,0.505846,-0.0037206793,0.95,0.5752255,0.63857096,0.02449508,0.95,0.39668924,0.6500577,0.013433117,0.95,0.55768037,0.7610743,0.41030803,0.95,0.43395466,0.75371665,0.26713148,0.95,0.5076978,0.75394326,0.44831428,0.95,0.44880036,0.768224,0.2673515,0.95,0.5757459,0.80901724,0.25091988,0.95,0.40688965,0.8300892,0.09660064,0.95,0.9,0.9,0.9,0.9,0.9,0.9,0.9,0.9,0.9,0.9,0.9,0.9,0.9,0.9,0.9,0.9,0.9,0.9,0.9,0.9,0.9,0.9,0.9,0.9,0.9,0.9,0.9,0.9,0.9,0.9,0.9,0.9,0.9
35,1.1666666666666667,0.47881773,0.23667133,0.0074452935,0.95,0.48512998,0.22703421,0.012471527,0.95,0.50766206,0.22652507,0.011861163,0.95,0.49209258,0.22220401,0.013867013,0.95,0.47231734,0.220284,0.0017107057,0.95,0.45124507,0.21276093,0.0058862423,0.95,0.4423528,0.2284569,0.011792839,0.95,0.51143366,0.23449132,0.008764228,0.95,0.43632147,0.22771913,-0.010819968,0.95,0.48801768,0.24429034,0.0042592054,0.95,0.44944265,0.24752729,0.018816035,0.95,0.5823399,0.3096786,0.0011187132,0.95,0.36186674,0.304189,0.005937604,0.95,0.63269293,0.3973139,0.035167485,0.95,0.31849077,0.39522064,0.0020559453,0.95,0.6593982,0.42369637,0.054445058,0.95,0.31256917,0.45432633,0.0039570536,0.95,0.6442759,0.44918135,0.04872342,0.95,0.32793835,0.4562237,-0.00083385705,0.95,0.64040685,0.44361803,0.008320343,0.95,0.32384324,0.45032194,-0.0032171067,0.95,0.62958294,0.4306365,0.032281235,0.95,0.3446533,0.45799825,0.003810093,0.95,0.53499454,0.5060857,0.030873496,0.95,0.40768054,0.50584584,-0.00372094,0.95,0.5752262,0.6385712,0.024494853,0.95,0.3966901,0.6500585,0.013432382,0.95,0.5576809,0.76107454,0.4103117,0.95,0.43395463,0.75371665,0.267135,0.95,0.50769794,0.75394326,0.44831923,0.95,0.4488006,0.76822317,0.26735303,0.95,0.5757471,0.8090177,0.25092092,0.95,0.40688848,0.8300903,0.096601136,0.95,0.9,0.9,0.9,0.9,0.9,0.9,0.9,0.9,0.9,0.9,0.9,0.9,0.9,0.9,0.9,0.9,0.9,0.9,0.9,0.9,0.9,0.9,0.9,0.9,0.9,0.9,0.9,0.9,0.9,0.9,0.9,0.9,0.9
36,1.2,0.47881696,0.23667069,0.0074457033,0.95,0.48513037,0.22703387,0.012471177,0.95,0.5076623,0.22652492,0.01186126,0.95,0.49209246,0.2222036,0.013866829,0.95,0.47231743,0.2202834,0.001710864,0.95,0.45124406,0.2127611,0.005885799,0.95,0.44235215,0.22845669,0.011792231,0.95,0.5114336,0.23449077,0.008764371,0.95,0.43632132,0.22771896,-0.010819413,0.95,0.4880184,0.24429,0.004259345,0.95,0.44944277,0.24752668,0.018816061,0.95,0.5823405,0.30967823,0.0011181544,0.95,0.36186582,0.3041888,0.00593703,0.95,0.6326937,0.39731362,0.035167817,0.95,0.3184906,0.39522102,0.0020554313,0.95,0.6594001,0.42369622,0.054444958,0.95,0.3125679,0.45432636,0.0039566327,0.95,0.6442771,0.44918227,0.04872206,0.95,0.32793662,0.45622313,-0.0008340731,0.95,0.64040893,0.44361818,0.008319851,0.95,0.32384324,0.45032144,-0.003216302,0.95,0.6295834,0.43063614,0.032280166,0.95,0.34465235,0.45799804,0.0038100819,0.95,0.5349944,0.50608605,0.030873084,0.95,0.40768105,0.50584567,-0.0037211487,0.95,0.57522684,0.6385714,0.024494642,0.95,0.39669082,0.65005916,0.013431765,0.95,0.55768144,0.7610747,0.41031477,0.95,0.4339546,0.75371665,0.26713789,0.95,0.50769806,0.75394326,0.44832316,0.95,0.44880083,0.7682225,0.2673543,0.95,0.5757481,0.8090181,0.25092158,0.95,0.40688756,0.8300912,0.09660152,0.95,0.9,0.9,0.9,0.9,0.9,0.9,0.9,0.9,0.9,0.9,0.9,0.9,0.9,0.9,0.9,0.9,0.9,0.9,0.9,0.9,0.9,0.9,0.9,0.9,0.9,0.9,0.9,0.9,0.9,0.9,0.9,0.9,0.9
37,1.2333333333333334,0.47881633,0.23667017,0.007446035,0.95,0.48513073,0.2270335,0.012470871,0.95,0.5076625,0.22652477,0.0118613215,0.95,0.49209237,0.22220317,0.013866641,0.95,0.47231755,0.22028294,0.0017110112,0.95,0.45124328,0.21276125,0.0058854152,0.95,0.4423516,0.22845648,0.011791689,0.95,0.51143354,0.23449032,0.008764466,0.95,0.4363212,0.22771885,-0.010819022,0.95,0.488019,0.24428964,0.0042594476,0.95,0.4494429,0.24752611,0.01881608,0.95,0.5823411,0.30967793,0.0011176775,0.95,0.3618651,0.3041886,0.0059364936,0.95,0.6326944,0.39731342,0.035168078,0.95,0.3184905,0.39522135,0.0020550066,0.95,0.65940183,0.4236961,0.054444853,0.95,0.31256685,0.45432636,0.0039562974,0.95,0.64427817,0.44918302,0.048720878,0.95,0.3279352,0.45622265,-0.00083426683,0.95,0.64041066,0.44361827,0.008319456,0.95,0.32384327,0.45032102,-0.0032156687,0.95,0.62958395,0.43063584,0.03227928,0.95,0.34465152,0.45799786,0.0038100223,0.95,0.5349943,0.5060864,0.030872742,0.95,0.4076815,0.50584555,-0.0037213797,0.95,0.57522744,0.63857156,0.024494452,0.95,0.39669135,0.6500597,0.013431238,0.95,0.55768186,0.7610749,0.41031736,0.95,0.43395463,0.7537166,0.26714024,0.95,0.5076981,0.7539432,0.4483264,0.95,0.44880107,0.7682219,0.26735538,0.95,0.57574886,0.8090184,0.2509222,0.95,0.4068868,0.83009195,0.09660182,0.95,0.9,0.9,0.9,0.9,0.9,0.9,0.9,0.9,0.9,0.9,0.9,0.9,0.9,0.9,0.9,0.9,0.9,0.9,0.9,0.9,0.9,0.9,0.9,0.9,0.9,0.9,0.9,0.9,0.9,0.9,0.9,0.9,0.9
38,1.2666666666666666,0.47881582,0.23666972,0.0074463068,0.95,0.48513106,0.22703323,0.012470612,0.95,0.50766265,0.22652464,0.011861374,0.95,0.49209234,0.22220276,0.013866492,0.95,0.47231764,0.22028255,0.0017111192,0.95,0.45124263,0.21276136,0.0058850893,0.95,0.4423512,0.22845626,0.01179128,0.95,0.51143354,0.23448995,0.008764548,0.95,0.4363211,0.22771877,-0.010818645,0.95,0.48801953,0.2442894,0.00425952,0.95,0.44944298,0.24752565,0.018816082,0.95,0.58234155,0.3096777,0.0011173162,0.95,0.36186457,0.3041885,0.0059360503,0.95,0.632695,0.39731327,0.03516827,0.95,0.31849042,0.39522162,0.0020546415,0.95,0.6594032,0.42369598,0.054444727,0.95,0.312566,0.4543264,0.003956018,0.95,0.64427906,0.4491836,0.048719864,0.95,0.32793406,0.45622224,-0.00083444937,0.95,0.6404121,0.44361836,0.008319054,0.95,0.3238434,0.45032066,-0.0032151286,0.95,0.6295843,0.43063557,0.032278553,0.95,0.34465086,0.45799768,0.0038099664,0.95,0.53499424,0.50608665,0.030872451,0.95,0.40768188,0.50584537,-0.0037215212,0.95,0.575228,0.6385716,0.024494268,0.95,0.3966918,0.6500602,0.013430774,0.95,0.5576822,0.76107496,0.4103194,0.95,0.43395463,0.7537166,0.2671423,0.95,0.5076982,0.75394315,0.44832918,0.95,0.44880128,0.7682215,0.2673563,0.95,0.5757495,0.8090186,0.25092274,0.95,0.40688616,0.8300925,0.09660204,0.95,0.9,0.9,0.9,0.9,0.9,0.9,0.9,0.9,0.9,0.9,0.9,0.9,0.9,0.9,0.9,0.9,0.9,0.9,0.9,0.9,0.9,0.9,0.9,0.9,0.9,0.9,0.9,0.9,0.9,0.9,0.9,0.9,0.9
39,1.3,0.4788154,0.23666933,0.0074465265,0.95,0.48513132,0.22703297,0.012470381,0.95,0.5076628,0.22652452,0.011861385,0.95,0.4920923,0.2222025,0.013866348,0.95,0.47231776,0.22028226,0.0017111937,0.95,0.45124212,0.21276142,0.0058848006,0.95,0.4423509,0.22845608,0.011790894,0.95,0.51143354,0.2344896,0.008764597,0.95,0.43632105,0.22771865,-0.0108183995,0.95,0.48801997,0.24428912,0.0042596003,0.95,0.4494431,0.24752523,0.018816093,0.95,0.58234197,0.3096775,0.0011169958,0.95,0.36186412,0.30418834,0.005935663,0.95,0.6326956,0.39731312,0.03516841,0.95,0.31849033,0.3952218,0.0020543062,0.95,0.65940434,0.4236959,0.05444459,0.95,0.31256533,0.4543264,0.0039557684,0.95,0.6442797,0.44918412,0.04871899,0.95,0.3279331,0.45622185,-0.00083459093,0.95,0.64041334,0.44361842,0.008318715,0.95,0.32384345,0.45032036,-0.0032146703,0.95,0.62958467,0.43063533,0.032277934,0.95,0.34465036,0.4579976,0.003809903,0.95,0.5349942,0.5060868,0.030872205,0.95,0.40768218,0.50584525,-0.003721659,0.95,0.5752284,0.6385717,0.024494108,0.95,0.39669216,0.6500605,0.013430411,0.95,0.5576825,0.7610751,0.41032103,0.95,0.43395466,0.7537165,0.26714402,0.95,0.50769824,0.75394315,0.44833136,0.95,0.44880146,0.7682211,0.2673571,0.95,0.5757501,0.80901873,0.25092316,0.95,0.40688562,0.8300929,0.09660219,0.95,0.9,0.9,0.9,0.9,0.9,0.9,0.9,0.9,0.9,0.9,0.9,0.9,0.9,0.9,0.9,0.9,0.9,0.9,0.9,0.9,0.9,0.9,0.9,0.9,0.9,0.9,0.9,0.9,0.9,0.9,0.9,0.9,0.9
40,1.3333333333333333,0.47881508,0.236669,0.007446713,0.95,0.4851316,0.22703275,0.012470188,0.95,0.50766295,0.22652437,0.011861389,0.95,0.49209234,0.22220214,0.013866227,0.95,0.47231784,0.22028199,0.0017112682,0.95,0.45124173,0.21276146,0.0058845733,0.95,0.44235066,0.22845596,0.011790592,0.95,0.51143354,0.23448935,0.008764626,0.95,0.436321,0.22771858,-0.010818128,0.95,0.48802036,0.2442889,0.0042596525,0.95,0.4494432,0.24752493,0.0188161,0.95,0.5823424,0.30967733,0.0011167276,0.95,0.3618638,0.30418825,0.005935324,0.95,0.6326961,0.397313,0.035168502,0.95,0.3184903,0.39522195,0.002054038,0.95,0.65940547,0.4236958,0.054444447,0.95,0.3125648,0.4543264,0.0039555747,0.95,0.6442803,0.44918454,0.048718236,0.95,0.32793236,0.45622152,-0.0008347213,0.95,0.64041436,0.44361845,0.008318432,0.95,0.32384354,0.45032012,-0.0032143127,0.95,0.629585,0.43063515,0.03227743,0.95,0.34464994,0.45799744,0.0038098434,0.95,0.5349942,0.506087,0.030871997,0.95,0.40768245,0.5058451,-0.0037217857,0.95,0.57522875,0.63857174,0.024493959,0.95,0.39669243,0.6500608,0.013430068,0.95,0.5576828,0.76107514,0.41032246,0.95,0.4339547,0.75371647,0.2671454,0.95,0.5076983,0.7539431,0.4483332,0.95,0.44880164,0.7682208,0.26735777,0.95,0.5757505,0.80901885,0.25092337,0.95,0.4068852,0.83009326,0.0966023,0.95,0.9,0.9,0.9,0.9,0.9,0.9,0.9,0.9,0.9,0.9,0.9,0.9,0.9,0.9,0.9,0.9,0.9,0.9,0.9,0.9,0.9,0.9,0.9,0.9,0.9,0.9,0.9,0.9,0.9,0.9,0.9,0.9,0.9
41,1.3666666666666667,0.47881478,0.23666875,0.0074468562,0.95,0.4851318,0.22703254,0.012470024,0.95,0.50766313,0.2265243,0.011861387,0.95,0.49209234,0.22220194,0.013866125,0.95,0.4723179,0.22028175,0.0017113166,0.95,0.45124137,0.21276152,0.0058843796,0.95,0.44235045,0.22845584,0.011790339,0.95,0.5114336,0.23448914,0.0087646395,0.95,0.43632096,0.2277185,-0.010817967,0.95,0.4880207,0.24428876,0.0042597027,0.95,0.44944325,0.24752463,0.018816106,0.95,0.5823427,0.3096772,0.0011165413,0.95,0.36186352,0.30418816,0.0059350072,0.95,0.6326965,0.3973129,0.03516858,0.95,0.31849027,0.39522207,0.0020538033,0.95,0.65940624,0.4236957,0.054444328,0.95,0.31256434,0.45432645,0.0039553996,0.95,0.64428085,0.4491849,0.048717596,0.95,0.32793173,0.45622122,-0.0008348182,0.95,0.6404152,0.44361848,0.008318193,0.95,0.32384366,0.45031992,-0.0032140184,0.95,0.62958527,0.43063498,0.032277003,0.95,0.34464958,0.45799738,0.0038097652,0.95,0.5349942,0.5060871,0.03087182,0.95,0.4076827,0.50584507,-0.0037218863,0.95,0.5752291,0.6385718,0.024493828,0.95,0.39669266,0.650061,0.013429793,0.95,0.557683,0.7610752,0.4103237,0.95,0.43395472,0.75371647,0.26714662,0.95,0.50769836,0.753943,0.44833463,0.95,0.4488018,0.76822054,0.26735833,0.95,0.5757509,0.80901897,0.25092363,0.95,0.40688485,0.83009356,0.09660237,0.95,0.9,0.9,0.9,0.9,0.9,0.9,0.9,0.9,0.9,0.9,0.9,0.9,0.9,0.9,0.9,0.9,0.9,0.9,0.9,0.9,0.9,0.9,0.9,0.9,0.9,0.9,0.9,0.9,0.9,0.9,0.9,0.9,0.9
42,1.4,0.47881457,0.23666851,0.0074469903,0.95,0.485132,0.22703235,0.012469893,0.95,0.50766325,0.22652419,0.0118613755,0.95,0.49209237,0.22220168,0.013866028,0.95,0.472318,0.22028159,0.0017113613,0.95,0.45124114,0.21276154,0.0058842083,0.95,0.4423503,0.22845577,0.011790119,0.95,0.51143366,0.23448895,0.008764653,0.95,0.43632093,0.22771843,-0.010817815,0.95,0.48802096,0.24428858,0.0042597475,0.95,0.44944334,0.24752441,0.018816102,0.95,0.582343,0.3096771,0.0011163551,0.95,0.36186332,0.30418804,0.0059347353,0.95,0.63269687,0.39731285,0.035168625,0.95,0.3184902,0.3952222,0.0020535947,0.95,0.65940696,0.42369562,0.054444198,0.95,0.31256402,0.45432642,0.0039552767,0.95,0.64428127,0.44918516,0.048717037,0.95,0.3279312,0.45622095,-0.00083492993,0.95,0.64041597,0.4436185,0.008317985,0.95,0.32384378,0.45031974,-0.0032137576,0.95,0.6295855,0.43063483,0.032276656,0.95,0.3446493,0.4579973,0.003809687,0.95,0.5349942,0.50608724,0.030871673,0.95,0.4076829,0.50584495,-0.0037219906,0.95,0.5752294,0.6385718,0.024493705,0.95,0.39669284,0.6500612,0.013429549,0.95,0.5576832,0.76107526,0.4103246,0.95,0.43395475,0.7537164,0.26714763,0.95,0.5076984,0.753943,0.44833595,0.95,0.44880193,0.7682203,0.2673588,0.95,0.5757512,0.809019,0.25092384,0.95,0.40688458,0.8300938,0.09660242,0.95,0.9,0.9,0.9,0.9,0.9,0.9,0.9,0.9,0.9,0.9,0.9,0.9,0.9,0.9,0.9,0.9,0.9,0.9,0.9,0.9,0.9,0.9,0.9,0.9,0.9,0.9,0.9,0.9,0.9,0.9,0.9,0.9,0.9
43,1.4333333333333333,0.4788144,0.23666833,0.007447093,0.95,0.4851322,0.22703223,0.01246977,0.95,0.5076634,0.22652408,0.01186137,0.95,0.4920924,0.22220148,0.013865937,0.95,0.47231805,0.22028136,0.0017114023,0.95,0.45124093,0.21276158,0.005884065,0.95,0.44235018,0.22845568,0.01178994,0.95,0.51143366,0.23448882,0.008764658,0.95,0.4363209,0.22771838,-0.010817662,0.95,0.4880212,0.24428843,0.0042597605,0.95,0.4494434,0.24752422,0.018816095,0.95,0.5823432,0.30967703,0.001116221,0.95,0.3618632,0.30418798,0.0059345006,0.95,0.63269717,0.39731282,0.03516865,0.95,0.3184902,0.39522225,0.0020534159,0.95,0.6594077,0.42369556,0.054444063,0.95,0.31256372,0.45432648,0.0039551537,0.95,0.6442817,0.4491854,0.04871656,0.95,0.32793078,0.45622075,-0.00083501934,0.95,0.64041656,0.4436185,0.008317791,0.95,0.32384387,0.4503196,-0.0032135453,0.95,0.62958574,0.4306347,0.03227635,0.95,0.34464908,0.45799726,0.0038096348,0.95,0.5349942,0.5060873,0.030871546,0.95,0.40768307,0.5058449,-0.0037220726,0.95,0.5752297,0.63857186,0.024493597,0.95,0.396693,0.65006137,0.01342934,0.95,0.5576834,0.7610753,0.41032556,0.95,0.43395478,0.75371635,0.26714846,0.95,0.5076985,0.75394297,0.44833702,0.95,0.44880205,0.7682201,0.26735923,0.95,0.5757515,0.8090191,0.250924,0.95,0.40688434,0.830094,0.09660244,0.95,0.9,0.9,0.9,0.9,0.9,0.9,0.9,0.9,0.9,0.9,0.9,0.9,0.9,0.9,0.9,0.9,0.9,0.9,0.9,0.9,0.9,0.9,0.9,0.9,0.9,0.9,0.9,0.9,0.9,0.9,0.9,0.9,0.9
44,1.4666666666666666,0.47881424,0.23666817,0.007447184,0.95,0.48513234,0.22703212,0.012469677,0.95,0.50766355,0.22652401,0.011861357,0.95,0.49209246,0.2222013,0.013865868,0.95,0.4723181,0.22028121,0.0017114358,0.95,0.45124075,0.21276158,0.0058839363,0.95,0.4423501,0.22845557,0.011789795,0.95,0.5114337,0.2344887,0.008764649,0.95,0.4363209,0.2277183,-0.01081758,0.95,0.4880214,0.2442883,0.0042598033,0.95,0.44944346,0.24752402,0.018816097,0.95,0.58234346,0.30967698,0.0011160831,0.95,0.36186305,0.30418792,0.005934281,0.95,0.63269746,0.39731276,0.03516867,0.95,0.31849018,0.3952223,0.0020532631,0.95,0.6594082,0.4236955,0.05444396,0.95,0.3125635,0.45432648,0.0039550494,0.95,0.6442819,0.44918558,0.04871615,0.95,0.32793045,0.45622054,-0.0008350752,0.95,0.64041716,0.4436185,0.008317627,0.95,0.32384396,0.45031947,-0.003213359,0.95,0.62958586,0.4306346,0.032276094,0.95,0.34464887,0.4579972,0.0038095715,0.95,0.53499424,0.50608736,0.030871432,0.95,0.4076832,0.50584483,-0.0037221508,0.95,0.5752299,0.63857186,0.0244935,0.95,0.3966931,0.6500615,0.013429169,0.95,0.5576836,0.7610754,0.41032612,0.95,0.43395483,0.75371635,0.26714912,0.95,0.5076985,0.7539429,0.44833794,0.95,0.44880217,0.76821995,0.26735958,0.95,0.57575166,0.80901915,0.2509241,0.95,0.40688416,0.8300941,0.09660244,0.95,0.9,0.9,0.9,0.9,0.9,0.9,0.9,0.9,0.9,0.9,0.9,0.9,0.9,0.9,0.9,0.9,0.9,0.9,0.9,0.9,0.9,0.9,0.9,0.9,0.9,0.9,0.9,0.9,0.9,0.9,0.9,0.9,0.9
45,1.5,0.47881413,0.23666804,0.007447253,0.95,0.4851325,0.22703196,0.012469584,0.95,0.5076636,0.22652395,0.011861331,0.95,0.4920925,0.22220114,0.013865802,0.95,0.47231814,0.2202811,0.0017114638,0.95,0.4512406,0.21276158,0.0058838264,0.95,0.44235003,0.22845551,0.011789674,0.95,0.5114338,0.2344886,0.008764645,0.95,0.43632087,0.22771823,-0.010817498,0.95,0.48802155,0.24428815,0.00425982,0.95,0.4494435,0.24752386,0.01881609,0.95,0.58234364,0.30967692,0.0011159974,0.95,0.36186296,0.30418786,0.0059340945,0.95,0.6326977,0.3973127,0.03516868,0.95,0.31849018,0.39522237,0.0020531402,0.95,0.6594086,0.42369545,0.054443847,0.95,0.3125633,0.45432648,0.0039549563,0.95,0.6442822,0.44918573,0.048715804,0.95,0.32793015,0.45622036,-0.000835146,0.95,0.6404176,0.4436185,0.008317493,0.95,0.32384405,0.45031935,-0.0032132287,0.95,0.62958604,0.43063447,0.032275885,0.95,0.34464878,0.45799717,0.0038094933,0.95,0.53499424,0.5060874,0.030871345,0.95,0.40768334,0.5058447,-0.0037222253,0.95,0.5752301,0.63857186,0.024493428,0.95,0.39669317,0.6500616,0.013429014,0.95,0.5576837,0.7610754,0.41032672,0.95,0.43395483,0.7537163,0.26714975,0.95,0.5076985,0.7539429,0.44833857,0.95,0.44880226,0.7682198,0.26735985,0.95,0.57575184,0.80901915,0.25092417,0.95,0.40688398,0.8300942,0.09660243,0.95,0.9,0.9,0.9,0.9,0.9,0.9,0.9,0.9,0.9,0.9,0.9,0.9,0.9,0.9,0.9,0.9,0.9,0.9,0.9,0.9,0.9,0.9,0.9,0.9,0.9,0.9,0.9,0.9,0.9,0.9,0.9,0.9,0.9
46,1.5333333333333334,0.478814,0.23666792,0.0074473126,0.95,0.48513258,0.22703189,0.012469515,0.95,0.5076637,0.22652388,0.011861316,0.95,0.49209252,0.22220102,0.013865754,0.95,0.4723182,0.220281,0.0017114917,0.95,0.4512405,0.21276157,0.0058837594,0.95,0.44234997,0.22845548,0.011789551,0.95,0.5114338,0.23448847,0.008764634,0.95,0.43632087,0.22771823,-0.010817438,0.95,0.4880217,0.24428807,0.004259848,0.95,0.44944355,0.24752374,0.018816084,0.95,0.5823438,0.3096769,0.001115908,0.95,0.3618629,0.3041878,0.005933938,0.95,0.63269794,0.39731267,0.035168674,0.95,0.31849015,0.39522243,0.0020530396,0.95,0.65940905,0.4236954,0.05444375,0.95,0.31256312,0.45432648,0.0039548893,0.95,0.6442824,0.44918588,0.048715495,0.95,0.3279299,0.45622018,-0.0008351944,0.95,0.64041793,0.4436185,0.00831734,0.95,0.32384413,0.4503193,-0.0032131094,0.95,0.6295862,0.43063438,0.0322757,0.95,0.34464863,0.45799714,0.003809456,0.95,0.5349943,0.5060875,0.030871266,0.95,0.40768343,0.50584465,-0.0037222924,0.95,0.5752303,0.63857186,0.024493355,0.95,0.39669326,0.65006167,0.013428887,0.95,0.5576838,0.76107544,0.41032714,0.95,0.43395486,0.7537163,0.26715025,0.95,0.50769854,0.75394285,0.44833925,0.95,0.44880235,0.7682197,0.26736012,0.95,0.575752,0.8090192,0.25092423,0.95,0.40688384,0.83009434,0.09660242,0.95,0.9,0.9,0.9,0.9,0.9,0.9,0.9,0.9,0.9,0.9,0.9,0.9,0.9,0.9,0.9,0.9,0.9,0.9,0.9,0.9,0.9,0.9,0.9,0.9,0.9,0.9,0.9,0.9,0.9,0.9,0.9,0.9,0.9
47,1.5666666666666667,0.47881395,0.23666781,0.007447376,0.95,0.4851327,0.22703178,0.012469452,0.95,0.5076638,0.2265238,0.011861294,0.95,0.49209255,0.22220092,0.0138657,0.95,0.47231823,0.2202809,0.0017115085,0.95,0.45124042,0.21276158,0.005883655,0.95,0.4423499,0.22845542,0.011789452,0.95,0.51143384,0.23448841,0.008764634,0.95,0.43632087,0.22771819,-0.01081739,0.95,0.48802182,0.24428798,0.004259863,0.95,0.44944358,0.24752365,0.018816086,0.95,0.582344,0.30967683,0.0011158298,0.95,0.36186284,0.3041878,0.005933804,0.95,0.6326981,0.39731264,0.035168655,0.95,0.31849015,0.39522246,0.0020529465,0.95,0.6594094,0.42369533,0.05444366,0.95,0.31256303,0.45432648,0.003954837,0.95,0.6442826,0.44918597,0.04871523,0.95,0.3279297,0.45622006,-0.00083525403,0.95,0.6404183,0.4436185,0.00831724,0.95,0.32384422,0.4503192,-0.00321302,0.95,0.62958634,0.4306343,0.032275543,0.95,0.34464854,0.4579971,0.0038093852,0.95,0.53499436,0.5060875,0.030871196,0.95,0.40768352,0.50584465,-0.0037223632,0.95,0.5752304,0.63857186,0.024493285,0.95,0.39669332,0.6500617,0.013428766,0.95,0.5576839,0.76107544,0.4103276,0.95,0.4339549,0.7537163,0.26715067,0.95,0.50769854,0.75394285,0.4483397,0.95,0.4488024,0.76821965,0.26736033,0.95,0.57575214,0.8090192,0.25092423,0.95,0.40688375,0.8300944,0.09660239,0.95,0.9,0.9,0.9,0.9,0.9,0.9,0.9,0.9,0.9,0.9,0.9,0.9,0.9,0.9,0.9,0.9,0.9,0.9,0.9,0.9,0.9,0.9,0.9,0.9,0.9,0.9,0.9,0.9,0.9,0.9,0.9,0.9,0.9
48,1.6,0.4788139,0.23666774,0.007447417,0.95,0.48513278,0.22703174,0.012469407,0.95,0.50766385,0.22652376,0.011861279,0.95,0.49209258,0.22220081,0.013865655,0.95,0.47231826,0.22028083,0.0017115234,0.95,0.45124036,0.21276157,0.0058835656,0.95,0.44234988,0.22845536,0.011789393,0.95,0.51143384,0.23448837,0.008764625,0.95,0.43632087,0.22771816,-0.010817349,0.95,0.4880219,0.24428794,0.004259865,0.95,0.4494436,0.24752355,0.018816072,0.95,0.5823441,0.30967686,0.0011157702,0.95,0.36186278,0.30418777,0.0059336848,0.95,0.6326983,0.39731264,0.035168637,0.95,0.31849015,0.39522249,0.0020528794,0.95,0.6594097,0.4236953,0.05444357,0.95,0.3125629,0.4543265,0.0039547626,0.95,0.64428276,0.44918606,0.048714995,0.95,0.3279296,0.45621994,-0.0008353099,0.95,0.6404185,0.44361848,0.008317154,0.95,0.32384428,0.45031914,-0.003212953,0.95,0.62958646,0.43063423,0.032275412,0.95,0.34464845,0.45799708,0.0038093517,0.95,0.53499436,0.5060875,0.030871134,0.95,0.4076836,0.5058446,-0.0037223967,0.95,0.57523054,0.63857186,0.024493223,0.95,0.39669335,0.65006185,0.013428681,0.95,0.557684,0.76107544,0.41032794,0.95,0.43395492,0.75371623,0.26715103,0.95,0.50769854,0.7539428,0.44834024,0.95,0.4488025,0.76821953,0.2673605,0.95,0.5757522,0.8090192,0.25092426,0.95,0.40688366,0.83009446,0.096602365,0.95,0.9,0.9,0.9,0.9,0.9,0.9,0.9,0.9,0.9,0.9,0.9,0.9,0.9,0.9,0.9,0.9,0.9,0.9,0.9,0.9,0.9,0.9,0.9,0.9,0.9,0.9,0.9,0.9,0.9,0.9,0.9,0.9,0.9
49,1.6333333333333333,0.47881383,0.23666771,0.0074474504,0.95,0.48513284,0.22703168,0.012469357,0.95,0.50766397,0.22652373,0.011861258,0.95,0.4920926,0.22220074,0.013865612,0.95,0.4723183,0.22028075,0.0017115346,0.95,0.4512403,0.21276157,0.005883521,0.95,0.44234985,0.22845532,0.01178932,0.95,0.5114339,0.23448831,0.008764604,0.95,0.43632087,0.22771811,-0.010817323,0.95,0.488022,0.24428788,0.0042598816,0.95,0.44944364,0.24752346,0.018816067,0.95,0.58234423,0.3096768,0.0011157218,0.95,0.36186275,0.30418774,0.005933584,0.95,0.6326985,0.3973126,0.03516862,0.95,0.31849015,0.39522249,0.0020528012,0.95,0.65940994,0.42369524,0.054443497,0.95,0.31256285,0.45432648,0.0039547216,0.95,0.6442829,0.44918612,0.04871479,0.95,0.32792947,0.45621982,-0.00083534716,0.95,0.6404188,0.44361848,0.008317053,0.95,0.32384434,0.45031908,-0.0032128785,0.95,0.6295865,0.43063417,0.032275304,0.95,0.3446484,0.45799708,0.003809322,0.95,0.5349944,0.50608754,0.03087108,0.95,0.40768367,0.50584453,-0.0037224302,0.95,0.57523066,0.63857186,0.024493175,0.95,0.39669338,0.65006185,0.013428597,0.95,0.55768406,0.76107544,0.4103282,0.95,0.43395495,0.75371623,0.26715136,0.95,0.50769854,0.7539428,0.44834062,0.95,0.44880256,0.7682195,0.26736066,0.95,0.57575226,0.8090192,0.25092426,0.95,0.40688357,0.83009446,0.09660233,0.95,0.9,0.9,0.9,0.9,0.9,0.9,0.9,0.9,0.9,0.9,0.9,0.9,0.9,0.9,0.9,0.9,0.9,0.9,0.9,0.9,0.9,0.9,0.9,0.9,0.9,0.9,0.9,0.9,0.9,0.9,0.9,0.9,0.9
50,1.6666666666666667,0.47881377,0.23666765,0.0074474895,0.95,0.4851329,0.22703162,0.012469312,0.95,0.507664,0.2265237,0.011861245,0.95,0.49209264,0.22220063,0.01386559,0.95,0.47231832,0.22028068,0.0017115495,0.95,0.45124027,0.21276155,0.005883478,0.95,0.44234985,0.22845529,0.011789281,0.95,0.5114339,0.23448828,0.008764587,0.95,0.43632084,0.22771809,-0.010817278,0.95,0.4880221,0.24428782,0.004259887,0.95,0.44944364,0.2475234,0.01881607,0.95,0.5823443,0.3096768,0.001115651,0.95,0.36186275,0.30418772,0.005933491,0.95,0.6326986,0.39731258,0.03516861,0.95,0.31849015,0.3952225,0.0020527416,0.95,0.6594101,0.4236952,0.05444342,0.95,0.3125628,0.45432654,0.003954688,0.95,0.644283,0.44918618,0.04871464,0.95,0.32792932,0.45621973,-0.00083537697,0.95,0.640419,0.44361848,0.008316986,0.95,0.32384443,0.45031905,-0.0032128152,0.95,0.62958664,0.4306341,0.032275204,0.95,0.34464836,0.45799705,0.0038092698,0.95,0.5349944,0.50608754,0.03087104,0.95,0.40768373,0.5058445,-0.00372246,0.95,0.5752308,0.63857186,0.02449313,0.95,0.39669338,0.6500619,0.013428519,0.95,0.5576841,0.76107544,0.4103284,0.95,0.43395498,0.7537162,0.26715162,0.95,0.50769854,0.7539428,0.4483409,0.95,0.4488026,0.7682195,0.2673608,0.95,0.5757523,0.8090192,0.2509243,0.95,0.4068835,0.8300945,0.09660231,0.95,0.9,0.9,0.9,0.9,0.9,0.9,0.9,0.9,0.9,0.9,0.9,0.9,0.9,0.9,0.9,0.9,0.9,0.9,0.9,0.9,0.9,0.9,0.9,0.9,0.9,0.9,0.9,0.9,0.9,0.9,0.9,0.9,0.9
51,1.7,0.47881374,0.23666763,0.0074475193,0.95,0.48513296,0.22703156,0.012469294,0.95,0.5076641,0.22652364,0.01186124,0.95,0.49209267,0.22220056,0.013865575,0.95,0.47231835,0.22028066,0.0017115457,0.95,0.45124024,0.21276157,0.005883422,0.95,0.44234982,0.22845523,0.0117892325,0.95,0.51143396,0.23448822,0.00876458,0.95,0.43632084,0.22771804,-0.010817271,0.95,0.48802215,0.24428779,0.0042598983,0.95,0.44944367,0.24752331,0.018816061,0.95,0.5823444,0.3096768,0.0011156286,0.95,0.3618627,0.3041877,0.0059334165,0.95,0.6326987,0.39731258,0.035168596,0.95,0.31849018,0.3952225,0.002052667,0.95,0.65941036,0.42369518,0.054443367,0.95,0.31256276,0.45432654,0.0039546546,0.95,0.64428306,0.4491862,0.04871449,0.95,0.32792923,0.45621964,-0.0008354105,0.95,0.6404192,0.44361845,0.008316908,0.95,0.3238445,0.45031902,-0.003212778,0.95,0.6295867,0.43063405,0.03227512,0.95,0.3446483,0.45799705,0.0038092437,0.95,0.5349944,0.50608754,0.030871002,0.95,0.40768376,0.5058445,-0.0037225047,0.95,0.5752309,0.63857186,0.02449309,0.95,0.39669338,0.6500619,0.013428453,0.95,0.5576842,0.76107544,0.4103286,0.95,0.433955,0.7537162,0.2671518,0.95,0.50769854,0.7539428,0.4483411,0.95,0.44880265,0.7682194,0.26736096,0.95,0.57575244,0.8090192,0.25092432,0.95,0.40688345,0.8300946,0.09660228,0.95,0.9,0.9,0.9,0.9,0.9,0.9,0.9,0.9,0.9,0.9,0.9,0.9,0.9,0.9,0.9,0.9,0.9,0.9,0.9,0.9,0.9,0.9,0.9,0.9,0.9,0.9,0.9,0.9,0.9,0.9,0.9,0.9,0.9
52,1.7333333333333334,0.4788137,0.23666756,0.0074475436,0.95,0.48513302,0.22703153,0.0124692675,0.95,0.5076641,0.22652361,0.0118612265,0.95,0.49209267,0.22220051,0.013865551,0.95,0.47231835,0.22028062,0.0017115625,0.95,0.4512402,0.21276155,0.0058833943,0.95,0.44234982,0.22845522,0.011789199,0.95,0.51143396,0.23448819,0.008764563,0.95,0.43632084,0.22771806,-0.010817241,0.95,0.48802218,0.24428773,0.004259913,0.95,0.44944367,0.24752328,0.018816052,0.95,0.5823445,0.30967677,0.0011155877,0.95,0.3618627,0.30418766,0.0059333346,0.95,0.6326988,0.39731258,0.035168577,0.95,0.31849015,0.39522254,0.0020526336,0.95,0.6594105,0.42369515,0.0544433,0.95,0.31256267,0.45432657,0.003954621,0.95,0.6442831,0.44918624,0.04871436,0.95,0.32792917,0.45621958,-0.0008354515,0.95,0.64041936,0.44361845,0.00831686,0.95,0.32384452,0.450319,-0.003212737,0.95,0.62958676,0.43063402,0.03227505,0.95,0.34464827,0.45799705,0.003809225,0.95,0.5349945,0.50608754,0.030870972,0.95,0.4076838,0.5058445,-0.0037225308,0.95,0.57523096,0.6385718,0.024493057,0.95,0.3966934,0.65006196,0.013428405,0.95,0.5576842,0.7610755,0.41032878,0.95,0.433955,0.7537162,0.267152,0.95,0.50769854,0.7539427,0.44834134,0.95,0.44880268,0.76821935,0.26736104,0.95,0.57575244,0.8090192,0.25092432,0.95,0.40688342,0.8300946,0.096602246,0.95,0.9,0.9,0.9,0.9,0.9,0.9,0.9,0.9,0.9,0.9,0.9,0.9,0.9,0.9,0.9,0.9,0.9,0.9,0.9,0.9,0.9,0.9,0.9,0.9,0.9,0.9,0.9,0.9,0.9,0.9,0.9,0.9,0.9
53,1.7666666666666666,0.47881368,0.23666751,0.0074475696,0.95,0.48513305,0.22703148,0.012469243,0.95,0.50766414,0.22652358,0.0118612135,0.95,0.4920927,0.2222005,0.013865532,0.95,0.47231838,0.22028057,0.0017115718,0.95,0.45124018,0.21276155,0.0058833663,0.95,0.44234982,0.2284552,0.011789167,0.95,0.511434,0.23448817,0.008764546,0.95,0.43632084,0.22771804,-0.010817204,0.95,0.48802224,0.24428768,0.0042599244,0.95,0.4494437,0.24752323,0.01881605,0.95,0.58234453,0.30967674,0.0011155728,0.95,0.36186266,0.30418766,0.0059332713,0.95,0.6326989,0.39731255,0.03516856,0.95,0.31849018,0.39522254,0.0020525926,0.95,0.6594107,0.42369512,0.05444325,0.95,0.31256267,0.45432657,0.0039546024,0.95,0.6442832,0.44918627,0.048714243,0.95,0.3279291,0.4562195,-0.0008354701,0.95,0.6404195,0.44361845,0.008316811,0.95,0.32384458,0.450319,-0.0032127071,0.95,0.6295868,0.43063396,0.032274988,0.95,0.34464824,0.45799702,0.0038092064,0.95,0.5349945,0.50608754,0.030870939,0.95,0.40768385,0.5058444,-0.003722542,0.95,0.575231,0.6385718,0.02449303,0.95,0.3966934,0.65006196,0.013428349,0.95,0.55768424,0.7610755,0.41032892,0.95,0.43395504,0.7537161,0.2671522,0.95,0.50769854,0.7539427,0.4483415,0.95,0.4488027,0.7682193,0.26736113,0.95,0.5757525,0.8090192,0.25092432,0.95,0.40688336,0.8300946,0.09660222,0.95,0.9,0.9,0.9,0.9,0.9,0.9,0.9,0.9,0.9,0.9,0.9,0.9,0.9,0.9,0.9,0.9,0.9,0.9,0.9,0.9,0.9,0.9,0.9,0.9,0.9,0.9,0.9,0.9,0.9,0.9,0.9,0.9,0.9
54,1.8,0.47881365,0.23666747,0.0074475827,0.95,0.48513308,0.22703147,0.012469221,0.95,0.50766414,0.22652356,0.0118612,0.95,0.49209273,0.22220041,0.013865525,0.95,0.4723184,0.22028056,0.001711583,0.95,0.45124018,0.21276158,0.0058833384,0.95,0.4423498,0.22845519,0.011789134,0.95,0.511434,0.23448813,0.008764535,0.95,0.43632084,0.227718,-0.010817215,0.95,0.48802227,0.24428765,0.0042599244,0.95,0.4494437,0.24752317,0.018816048,0.95,0.5823446,0.30967674,0.0011155579,0.95,0.36186266,0.30418763,0.005933204,0.95,0.63269895,0.39731258,0.035168543,0.95,0.31849018,0.39522254,0.0020525516,0.95,0.6594108,0.4236951,0.05444321,0.95,0.31256264,0.45432657,0.003954595,0.95,0.64428324,0.4491863,0.048714153,0.95,0.32792905,0.45621943,-0.00083549245,0.95,0.6404196,0.44361845,0.0083167665,0.95,0.3238446,0.45031896,-0.003212681,0.95,0.6295869,0.43063393,0.03227493,0.95,0.3446482,0.45799702,0.0038091803,0.95,0.53499454,0.5060876,0.030870913,0.95,0.40768385,0.5058444,-0.0037225792,0.95,0.5752311,0.6385718,0.024493,0.95,0.3966934,0.650062,0.013428308,0.95,0.5576843,0.7610755,0.410329,0.95,0.43395504,0.7537161,0.2671523,0.95,0.50769854,0.7539427,0.44834164,0.95,0.44880274,0.7682193,0.26736116,0.95,0.57575256,0.8090192,0.2509243,0.95,0.40688333,0.8300946,0.096602194,0.95,0.9,0.9,0.9,0.9,0.9,0.9,0.9,0.9,0.9,0.9,0.9,0.9,0.9,0.9,0.9,0.9,0.9,0.9,0.9,0.9,0.9,0.9,0.9,0.9,0.9,0.9,0.9,0.9,0.9,0.9,0.9,0.9,0.9
55,1.8333333333333333,0.47881365,0.23666747,0.007447607,0.95,0.4851331,0.22703141,0.012469204,0.95,0.5076642,0.22652353,0.011861186,0.95,0.49209273,0.22220041,0.013865499,0.95,0.4723184,0.22028053,0.0017115774,0.95,0.45124015,0.21276158,0.0058833216,0.95,0.4423498,0.22845517,0.011789115,0.95,0.511434,0.23448811,0.008764531,0.95,0.43632084,0.22771798,-0.010817215,0.95,0.4880223,0.24428762,0.0042599263,0.95,0.4494437,0.24752313,0.018816037,0.95,0.58234465,0.30967674,0.0011155504,0.95,0.36186266,0.30418763,0.0059331707,0.95,0.632699,0.39731258,0.03516853,0.95,0.31849018,0.39522257,0.0020525106,0.95,0.6594109,0.4236951,0.054443173,0.95,0.3125626,0.45432657,0.0039545763,0.95,0.6442833,0.44918633,0.048714064,0.95,0.32792902,0.4562194,-0.0008355148,0.95,0.6404197,0.44361842,0.008316737,0.95,0.32384464,0.45031893,-0.0032126661,0.95,0.6295869,0.4306339,0.03227489,0.95,0.3446482,0.45799702,0.0038091505,0.95,0.53499454,0.5060876,0.030870892,0.95,0.4076839,0.5058444,-0.0037225904,0.95,0.57523113,0.6385718,0.024492977,0.95,0.3966934,0.650062,0.013428271,0.95,0.5576843,0.7610755,0.41032907,0.95,0.43395504,0.7537161,0.26715237,0.95,0.50769854,0.7539427,0.44834176,0.95,0.44880277,0.76821923,0.26736122,0.95,0.5757526,0.8090192,0.2509243,0.95,0.4068833,0.8300946,0.09660218,0.95,0.9,0.9,0.9,0.9,0.9,0.9,0.9,0.9,0.9,0.9,0.9,0.9,0.9,0.9,0.9,0.9,0.9,0.9,0.9,0.9,0.9,0.9,0.9,0.9,0.9,0.9,0.9,0.9,0.9,0.9,0.9,0.9,0.9
56,1.8666666666666667,0.47881362,0.23666745,0.0074476143,0.95,0.48513314,0.22703138,0.012469199,0.95,0.5076642,0.2265235,0.011861178,0.95,0.49209273,0.2222004,0.013865482,0.95,0.4723184,0.2202805,0.0017115942,0.95,0.45124015,0.21276154,0.0058832937,0.95,0.4423498,0.22845516,0.0117890965,0.95,0.511434,0.23448808,0.008764528,0.95,0.43632084,0.22771797,-0.010817215,0.95,0.48802233,0.2442876,0.004259941,0.95,0.4494437,0.2475231,0.018816039,0.95,0.58234465,0.30967674,0.0011155318,0.95,0.3618627,0.3041876,0.005933126,0.95,0.632699,0.39731258,0.035168506,0.95,0.31849018,0.39522257,0.0020524845,0.95,0.65941095,0.42369506,0.054443136,0.95,0.3125626,0.45432657,0.003954539,0.95,0.64428335,0.44918633,0.048713997,0.95,0.32792896,0.45621935,-0.0008355334,0.95,0.6404198,0.44361842,0.008316699,0.95,0.3238447,0.45031893,-0.0032126326,0.95,0.62958694,0.43063387,0.032274846,0.95,0.34464818,0.45799702,0.0038091207,0.95,0.53499454,0.5060876,0.030870877,0.95,0.4076839,0.50584435,-0.0037225978,0.95,0.57523113,0.6385718,0.024492962,0.95,0.3966934,0.650062,0.013428237,0.95,0.5576843,0.7610755,0.41032916,0.95,0.43395507,0.7537161,0.26715246,0.95,0.50769854,0.7539427,0.44834197,0.95,0.4488028,0.76821923,0.26736122,0.95,0.5757526,0.8090192,0.25092432,0.95,0.40688327,0.8300946,0.09660216,0.95,0.9,0.9,0.9,0.9,0.9,0.9,0.9,0.9,0.9,0.9,0.9,0.9,0.9,0.9,0.9,0.9,0.9,0.9,0.9,0.9,0.9,0.9,0.9,0.9,0.9,0.9,0.9,0.9,0.9,0.9,0.9,0.9,0.9
57,1.9,0.47881362,0.23666745,0.0074476274,0.95,0.48513317,0.22703137,0.012469191,0.95,0.50766426,0.22652347,0.01186118,0.95,0.49209276,0.22220035,0.013865482,0.95,0.4723184,0.2202805,0.0017115942,0.95,0.45124015,0.21276154,0.0058832844,0.95,0.4423498,0.22845514,0.011789078,0.95,0.5114341,0.23448807,0.008764509,0.95,0.43632084,0.22771795,-0.010817219,0.95,0.48802236,0.24428758,0.004259941,0.95,0.44944373,0.2475231,0.018816039,0.95,0.5823447,0.30967674,0.0011155318,0.95,0.36186266,0.3041876,0.0059331073,0.95,0.63269913,0.39731255,0.03516849,0.95,0.31849018,0.39522257,0.0020524696,0.95,0.659411,0.42369503,0.054443095,0.95,0.3125626,0.4543266,0.0039545316,0.95,0.64428335,0.44918635,0.048713934,0.95,0.32792893,0.45621932,-0.0008355409,0.95,0.64041984,0.44361842,0.008316677,0.95,0.32384473,0.45031893,-0.0032126252,0.95,0.629587,0.43063387,0.032274812,0.95,0.34464815,0.45799702,0.0038090984,0.95,0.53499454,0.5060876,0.03087086,0.95,0.40768394,0.50584435,-0.0037226202,0.95,0.5752312,0.6385718,0.024492938,0.95,0.3966934,0.650062,0.013428209,0.95,0.5576843,0.7610755,0.41032928,0.95,0.43395507,0.7537161,0.26715255,0.95,0.50769854,0.75394267,0.44834206,0.95,0.4488028,0.76821923,0.26736128,0.95,0.5757527,0.8090192,0.25092432,0.95,0.40688327,0.8300946,0.096602134,0.95,0.9,0.9,0.9,0.9,0.9,0.9,0.9,0.9,0.9,0.9,0.9,0.9,0.9,0.9,0.9,0.9,0.9,0.9,0.9,0.9,0.9,0.9,0.9,0.9,0.9,0.9,0.9,0.9,0.9,0.9,0.9,0.9,0.9
58,1.9333333333333333,0.47881362,0.23666745,0.007447644,0.95,0.48513317,0.22703135,0.012469182,0.95,0.50766426,0.22652347,0.011861167,0.95,0.49209276,0.2222003,0.013865463,0.95,0.47231844,0.2202805,0.001711596,0.95,0.45124015,0.21276152,0.0058832676,0.95,0.4423498,0.22845514,0.011789059,0.95,0.5114341,0.23448807,0.0087645035,0.95,0.43632084,0.22771794,-0.01081723,0.95,0.48802236,0.24428755,0.0042599468,0.95,0.44944373,0.24752307,0.018816043,0.95,0.5823447,0.30967677,0.0011155243,0.95,0.36186263,0.3041876,0.00593307,0.95,0.63269913,0.39731255,0.035168484,0.95,0.31849018,0.39522257,0.0020524585,0.95,0.65941113,0.42369503,0.054443054,0.95,0.31256258,0.4543266,0.0039545093,0.95,0.64428335,0.44918635,0.048713878,0.95,0.3279289,0.4562193,-0.00083556696,0.95,0.64041996,0.44361842,0.008316644,0.95,0.32384473,0.4503189,-0.003212614,0.95,0.629587,0.43063384,0.032274786,0.95,0.34464818,0.45799702,0.0038090835,0.95,0.5349946,0.5060876,0.030870847,0.95,0.40768394,0.50584435,-0.003722635,0.95,0.57523125,0.6385718,0.024492927,0.95,0.3966934,0.650062,0.013428178,0.95,0.5576843,0.7610755,0.4103293,0.95,0.43395507,0.75371605,0.26715267,0.95,0.50769854,0.75394267,0.4483421,0.95,0.44880283,0.76821923,0.26736134,0.95,0.5757527,0.8090192,0.25092435,0.95,0.40688324,0.83009464,0.096602105,0.95,0.9,0.9,0.9,0.9,0.9,0.9,0.9,0.9,0.9,0.9,0.9,0.9,0.9,0.9,0.9,0.9,0.9,0.9,0.9,0.9,0.9,0.9,0.9,0.9,0.9,0.9,0.9,0.9,0.9,0.9,0.9,0.9,0.9
59,1.9666666666666666,0.4788136,0.23666745,0.0074476535,0.95,0.4851332,0.22703134,0.012469169,0.95,0.5076643,0.22652346,0.011861165,0.95,0.49209276,0.22220029,0.013865458,0.95,0.47231844,0.22028048,0.0017115998,0.95,0.45124015,0.21276152,0.0058832564,0.95,0.4423498,0.22845514,0.011789046,0.95,0.5114341,0.23448808,0.0087645,0.95,0.43632084,0.22771794,-0.01081723,0.95,0.4880224,0.24428754,0.0042599468,0.95,0.44944373,0.24752305,0.018816043,0.95,0.5823447,0.30967674,0.0011155132,0.95,0.36186263,0.30418757,0.0059330403,0.95,0.6326992,0.39731255,0.03516847,0.95,0.31849018,0.39522257,0.0020524324,0.95,0.6594112,0.423695,0.05444303,0.95,0.31256256,0.4543266,0.0039544906,0.95,0.6442834,0.44918638,0.048713833,0.95,0.3279289,0.45621926,-0.0008355744,0.95,0.64041996,0.44361842,0.008316621,0.95,0.32384476,0.4503189,-0.003212599,0.95,0.629587,0.4306338,0.03227476,0.95,0.34464815,0.45799702,0.003809076,0.95,0.5349946,0.5060876,0.030870836,0.95,0.40768397,0.50584435,-0.0037226463,0.95,0.57523125,0.6385718,0.024492916,0.95,0.3966934,0.650062,0.013428159,0.95,0.55768436,0.7610755,0.41032934,0.95,0.4339551,0.75371605,0.26715273,0.95,0.50769854,0.75394267,0.44834214,0.95,0.44880283,0.76821923,0.26736137,0.95,0.5757527,0.8090192,0.25092438,0.95,0.40688324,0.8300946,0.0966021,0.95,0.9,0.9,0.9,0.9,0.9,0.9,0.9,0.9,0.9,0.9,0.9,0.9,0.9,0.9,0.9,0.9,0.9,0.9,0.9,0.9,0.9,0.9,0.9,0.9,0.9,0.9,0.9,0.9,0.9,0.9,0.9,0.9,0.9
60,2.0,0.4788136,0.23666744,0.007447659,0.95,0.4851332,0.22703132,0.012469165,0.95,0.5076643,0.22652344,0.011861163,0.95,0.49209276,0.22220026,0.013865449,0.95,0.47231844,0.22028045,0.0017115998,0.95,0.45124012,0.21276152,0.005883251,0.95,0.4423498,0.22845513,0.011789033,0.95,0.5114341,0.23448807,0.0087645035,0.95,0.43632084,0.22771794,-0.0108172335,0.95,0.4880224,0.24428752,0.0042599468,0.95,0.44944373,0.24752302,0.018816037,0.95,0.5823448,0.30967674,0.001115502,0.95,0.36186263,0.30418757,0.005933003,0.95,0.6326992,0.39731255,0.035168458,0.95,0.31849018,0.39522257,0.00205241,0.95,0.65941125,0.423695,0.054443013,0.95,0.31256256,0.4543266,0.0039544795,0.95,0.6442834,0.44918638,0.048713796,0.95,0.32792887,0.45621923,-0.00083559303,0.95,0.64042,0.4436184,0.008316603,0.95,0.32384476,0.4503189,-0.0032125954,0.95,0.629587,0.4306338,0.032274738,0.95,0.34464818,0.45799702,0.0038090686,0.95,0.5349946,0.5060876,0.030870827,0.95,0.40768397,0.50584435,-0.0037226537,0.95,0.57523125,0.6385718,0.024492899,0.95,0.39669338,0.6500621,0.01342815,0.95,0.55768436,0.7610755,0.41032937,0.95,0.43395513,0.75371605,0.2671528,0.95,0.50769854,0.75394267,0.44834223,0.95,0.44880283,0.76821923,0.2673614,0.95,0.5757527,0.8090192,0.25092432,0.95,0.4068832,0.83009464,0.096602075,0.95,0.9,0.9,0.9,0.9,0.9,0.9,0.9,0.9,0.9,0.9,0.9,0.9,0.9,0.9,0.9,0.9,0.9,0.9,0.9,0.9,0.9,0.9,0.9,0.9,0.9,0.9,0.9,0.9,0.9,0.9,0.9,0.9,0.9
61,2.033333333333333,0.4788136,0.23666741,0.0074476684,0.95,0.48513323,0.2270313,0.012469159,0.95,0.5076643,0.22652344,0.0118611595,0.95,0.4920928,0.22220023,0.013865443,0.95,0.47231844,0.22028045,0.0017116109,0.95,0.45124012,0.2127615,0.005883251,0.95,0.4423498,0.22845513,0.011789024,0.95,0.5114341,0.23448806,0.0087645,0.95,0.43632084,0.22771792,-0.01081723,0.95,0.4880224,0.2442875,0.0042599523,0.95,0.44944373,0.24752301,0.018816037,0.95,0.58234483,0.30967674,0.0011154945,0.95,0.36186263,0.30418757,0.005932977,0.95,0.63269925,0.39731252,0.03516845,0.95,0.31849018,0.39522257,0.0020523914,0.95,0.65941125,0.42369497,0.054442998,0.95,0.31256253,0.4543266,0.0039544795,0.95,0.6442834,0.44918638,0.048713766,0.95,0.32792887,0.4562192,-0.0008356005,0.95,0.6404201,0.4436184,0.0083165765,0.95,0.3238448,0.4503189,-0.003212588,0.95,0.629587,0.43063378,0.03227472,0.95,0.34464815,0.45799702,0.0038090649,0.95,0.5349946,0.5060876,0.030870814,0.95,0.40768397,0.50584435,-0.003722665,0.95,0.5752313,0.6385718,0.024492892,0.95,0.39669338,0.6500621,0.013428135,0.95,0.55768436,0.7610755,0.41032943,0.95,0.43395513,0.75371605,0.26715285,0.95,0.50769854,0.75394267,0.44834223,0.95,0.44880286,0.7682192,0.26736143,0.95,0.5757527,0.8090192,0.25092432,0.95,0.4068832,0.83009464,0.09660206,0.95,0.9,0.9,0.9,0.9,0.9,0.9,0.9,0.9,0.9,0.9,0.9,0.9,0.9,0.9,0.9,0.9,0.9,0.9,0.9,0.9,0.9,0.9,0.9,0.9,0.9,0.9,0.9,0.9,0.9,0.9,0.9,0.9,0.9
62,2.066666666666667,0.4788136,0.23666741,0.0074476814,0.95,0.48513323,0.2270313,0.012469154,0.95,0.5076643,0.22652343,0.0118611595,0.95,0.4920928,0.2222002,0.013865443,0.95,0.47231844,0.22028045,0.0017116072,0.95,0.45124012,0.21276149,0.005883251,0.95,0.44234976,0.22845513,0.011789015,0.95,0.5114341,0.23448806,0.008764489,0.95,0.43632084,0.22771792,-0.01081723,0.95,0.48802242,0.24428749,0.00425996,0.95,0.44944373,0.247523,0.018816026,0.95,0.58234483,0.30967674,0.0011154796,0.95,0.36186263,0.30418754,0.005932962,0.95,0.63269925,0.39731252,0.035168443,0.95,0.31849018,0.39522257,0.002052384,0.95,0.6594113,0.42369497,0.05444297,0.95,0.31256253,0.4543266,0.003954472,0.95,0.6442834,0.44918638,0.048713725,0.95,0.32792884,0.45621917,-0.00083560793,0.95,0.6404201,0.4436184,0.008316562,0.95,0.3238448,0.4503189,-0.0032125842,0.95,0.629587,0.43063378,0.03227471,0.95,0.34464815,0.457997,0.0038090462,0.95,0.5349946,0.5060876,0.030870805,0.95,0.407684,0.5058443,-0.003722676,0.95,0.5752313,0.6385718,0.024492888,0.95,0.39669338,0.6500621,0.01342812,0.95,0.55768436,0.7610755,0.41032946,0.95,0.43395513,0.75371605,0.26715285,0.95,0.50769854,0.75394267,0.4483423,0.95,0.44880286,0.7682192,0.26736146,0.95,0.5757527,0.8090192,0.25092432,0.95,0.4068832,0.8300946,0.096602045,0.95,0.9,0.9,0.9,0.9,0.9,0.9,0.9,0.9,0.9,0.9,0.9,0.9,0.9,0.9,0.9,0.9,0.9,0.9,0.9,0.9,0.9,0.9,0.9,0.9,0.9,0.9,0.9,0.9,0.9,0.9,0.9,0.9,0.9
63,2.1,0.4788136,0.23666741,0.007447687,0.95,0.48513323,0.22703129,0.012469148,0.95,0.5076644,0.22652343,0.0118611595,0.95,0.4920928,0.22220019,0.013865428,0.95,0.47231847,0.22028045,0.0017116109,0.95,0.45124012,0.21276148,0.005883234,0.95,0.44234976,0.22845511,0.011789015,0.95,0.5114341,0.23448806,0.008764479,0.95,0.43632084,0.22771789,-0.010817226,0.95,0.48802242,0.24428746,0.0042599672,0.95,0.44944373,0.24752298,0.018816026,0.95,0.58234483,0.30967674,0.0011154833,0.95,0.36186263,0.30418754,0.005932947,0.95,0.63269925,0.39731252,0.03516843,0.95,0.31849018,0.39522257,0.0020523728,0.95,0.6594113,0.42369497,0.054442964,0.95,0.31256253,0.45432663,0.003954457,0.95,0.6442834,0.44918638,0.048713695,0.95,0.32792884,0.45621917,-0.00083560793,0.95,0.64042014,0.4436184,0.008316543,0.95,0.32384482,0.4503189,-0.0032125767,0.95,0.62958705,0.43063375,0.032274693,0.95,0.34464815,0.45799702,0.0038090425,0.95,0.53499466,0.5060876,0.030870795,0.95,0.407684,0.5058443,-0.0037226798,0.95,0.5752313,0.6385718,0.024492875,0.95,0.39669338,0.6500621,0.013428105,0.95,0.5576844,0.7610755,0.41032955,0.95,0.43395513,0.75371605,0.26715288,0.95,0.50769854,0.75394267,0.44834232,0.95,0.44880286,0.7682192,0.26736146,0.95,0.5757527,0.8090192,0.25092432,0.95,0.4068832,0.83009464,0.09660203,0.95,0.9,0.9,0.9,0.9,0.9,0.9,0.9,0.9,0.9,0.9,0.9,0.9,0.9,0.9,0.9,0.9,0.9,0.9,0.9,0.9,0.9,0.9,0.9,0.9,0.9,0.9,0.9,0.9,0.9,0.9,0.9,0.9,0.9
64,2.1333333333333333,0.4788136,0.23666741,0.0074476926,0.95,0.48513323,0.22703129,0.012469146,0.95,0.5076644,0.22652343,0.011861148,0.95,0.4920928,0.22220016,0.013865424,0.95,0.47231847,0.22028044,0.0017116109,0.95,0.45124012,0.21276149,0.0058832285,0.95,0.44234976,0.22845511,0.011789013,0.95,0.5114341,0.23448806,0.00876447,0.95,0.43632084,0.22771789,-0.010817219,0.95,0.48802242,0.24428746,0.0042599672,0.95,0.44944376,0.24752297,0.018816022,0.95,0.58234483,0.30967674,0.0011154833,0.95,0.36186263,0.30418754,0.0059329323,0.95,0.6326993,0.39731252,0.035168424,0.95,0.31849018,0.3952226,0.0020523653,0.95,0.6594114,0.42369497,0.054442942,0.95,0.31256253,0.4543266,0.003954457,0.95,0.6442835,0.44918638,0.048713677,0.95,0.32792884,0.45621914,-0.0008356154,0.95,0.64042014,0.4436184,0.0083165355,0.95,0.32384482,0.4503189,-0.0032125693,0.95,0.62958705,0.43063375,0.032274682,0.95,0.34464815,0.457997,0.0038090388,0.95,0.53499466,0.5060876,0.030870792,0.95,0.407684,0.5058443,-0.0037226873,0.95,0.5752313,0.6385718,0.024492871,0.95,0.39669338,0.6500621,0.013428098,0.95,0.5576844,0.7610755,0.41032955,0.95,0.43395513,0.75371605,0.26715294,0.95,0.50769854,0.75394267,0.44834235,0.95,0.44880286,0.7682192,0.2673615,0.95,0.5757527,0.8090192,0.25092432,0.95,0.40688318,0.83009464,0.09660202,0.95,0.9,0.9,0.9,0.9,0.9,0.9,0.9,0.9,0.9,0.9,0.9,0.9,0.9,0.9,0.9,0.9,0.9,0.9,0.9,0.9,0.9,0.9,0.9,0.9,0.9,0.9,0.9,0.9,0.9,0.9,0.9,0.9,0.9
65,2.1666666666666665,0.4788136,0.23666741,0.0074476963,0.95,0.48513326,0.22703126,0.012469143,0.95,0.5076644,0.22652341,0.011861148,0.95,0.4920928,0.22220014,0.013865426,0.95,0.47231847,0.22028042,0.0017116165,0.95,0.45124012,0.21276148,0.005883223,0.95,0.4423498,0.2284551,0.011789007,0.95,0.5114341,0.23448801,0.00876447,0.95,0.43632084,0.22771789,-0.010817215,0.95,0.48802242,0.24428745,0.004259969,0.95,0.44944376,0.24752297,0.01881602,0.95,0.58234483,0.30967674,0.0011154833,0.95,0.36186263,0.30418754,0.00593291,0.95,0.6326993,0.39731252,0.035168413,0.95,0.3184902,0.3952226,0.002052358,0.95,0.6594114,0.42369497,0.054442927,0.95,0.31256253,0.4543266,0.0039544385,0.95,0.6442835,0.44918638,0.04871366,0.95,0.32792884,0.45621914,-0.0008356191,0.95,0.64042014,0.4436184,0.008316539,0.95,0.32384485,0.45031887,-0.003212558,0.95,0.6295871,0.43063375,0.03227467,0.95,0.34464815,0.457997,0.0038090276,0.95,0.53499466,0.5060876,0.030870788,0.95,0.407684,0.5058443,-0.0037227022,0.95,0.5752313,0.6385718,0.024492867,0.95,0.39669338,0.6500621,0.013428092,0.95,0.5576844,0.7610755,0.4103296,0.95,0.43395513,0.75371605,0.26715294,0.95,0.50769854,0.75394267,0.44834235,0.95,0.4488029,0.7682192,0.2673615,0.95,0.57575274,0.8090192,0.2509243,0.95,0.40688318,0.83009464,0.09660201,0.95,0.9,0.9,0.9,0.9,0.9,0.9,0.9,0.9,0.9,0.9,0.9,0.9,0.9,0.9,0.9,0.9,0.9,0.9,0.9,0.9,0.9,0.9,0.9,0.9,0.9,0.9,0.9,0.9,0.9,0.9,0.9,0.9,0.9
66,2.2,0.4788136,0.23666741,0.007447702,0.95,0.48513326,0.22703126,0.012469137,0.95,0.5076644,0.22652341,0.011861141,0.95,0.49209282,0.22220016,0.013865426,0.95,0.47231847,0.22028042,0.0017116184,0.95,0.45124012,0.21276148,0.005883223,0.95,0.4423498,0.22845508,0.0117890015,0.95,0.51143414,0.23448803,0.008764474,0.95,0.43632084,0.22771789,-0.010817204,0.95,0.48802245,0.24428743,0.004259954,0.95,0.44944373,0.24752295,0.01881602,0.95,0.58234483,0.30967674,0.0011154759,0.95,0.36186263,0.30418754,0.0059329025,0.95,0.6326993,0.39731255,0.035168413,0.95,0.3184902,0.3952226,0.0020523542,0.95,0.65941143,0.42369494,0.05444293,0.95,0.3125625,0.45432663,0.003954435,0.95,0.6442835,0.44918638,0.04871364,0.95,0.32792884,0.4562191,-0.0008356191,0.95,0.6404202,0.4436184,0.008316517,0.95,0.32384485,0.45031887,-0.003212558,0.95,0.6295871,0.43063372,0.03227466,0.95,0.34464815,0.45799702,0.0038090276,0.95,0.53499466,0.5060876,0.030870782,0.95,0.407684,0.5058443,-0.0037227096,0.95,0.5752314,0.6385718,0.02449286,0.95,0.39669338,0.6500621,0.013428083,0.95,0.5576844,0.7610755,0.4103296,0.95,0.43395513,0.75371605,0.26715297,0.95,0.50769854,0.75394267,0.44834238,0.95,0.4488029,0.7682192,0.2673615,0.95,0.57575274,0.8090192,0.2509243,0.95,0.40688318,0.83009464,0.096602,0.95,0.9,0.9,0.9,0.9,0.9,0.9,0.9,0.9,0.9,0.9,0.9,0.9,0.9,0.9,0.9,0.9,0.9,0.9,0.9,0.9,0.9,0.9,0.9,0.9,0.9,0.9,0.9,0.9,0.9,0.9,0.9,0.9,0.9
67,2.2333333333333334,0.47881356,0.23666742,0.0074477056,0.95,0.48513326,0.22703125,0.012469137,0.95,0.5076644,0.22652341,0.011861145,0.95,0.49209282,0.22220016,0.013865422,0.95,0.47231847,0.22028041,0.0017116184,0.95,0.45124012,0.21276146,0.0058832117,0.95,0.4423498,0.22845508,0.0117890015,0.95,0.51143414,0.23448801,0.00876447,0.95,0.43632084,0.22771789,-0.010817204,0.95,0.48802245,0.24428745,0.00425996,0.95,0.44944376,0.24752297,0.01881602,0.95,0.58234483,0.30967674,0.0011154722,0.95,0.36186263,0.30418754,0.005932895,0.95,0.6326994,0.39731252,0.035168406,0.95,0.3184902,0.3952226,0.002052343,0.95,0.65941143,0.42369494,0.05444292,0.95,0.3125625,0.45432663,0.0039544385,0.95,0.6442835,0.44918638,0.04871362,0.95,0.32792884,0.4562191,-0.00083562284,0.95,0.6404202,0.4436184,0.008316517,0.95,0.32384488,0.45031887,-0.0032125544,0.95,0.6295871,0.43063372,0.03227465,0.95,0.34464815,0.45799702,0.0038090202,0.95,0.53499466,0.5060876,0.03087078,0.95,0.407684,0.5058443,-0.003722717,0.95,0.5752314,0.6385718,0.024492854,0.95,0.39669335,0.6500621,0.01342807,0.95,0.5576844,0.7610755,0.41032958,0.95,0.43395513,0.75371605,0.267153,0.95,0.50769854,0.75394267,0.4483424,0.95,0.4488029,0.7682192,0.26736152,0.95,0.57575274,0.8090192,0.25092432,0.95,0.40688318,0.83009464,0.096601985,0.95,0.9,0.9,0.9,0.9,0.9,0.9,0.9,0.9,0.9,0.9,0.9,0.9,0.9,0.9,0.9,0.9,0.9,0.9,0.9,0.9,0.9,0.9,0.9,0.9,0.9,0.9,0.9,0.9,0.9,0.9,0.9,0.9,0.9
68,2.2666666666666666,0.47881356,0.23666741,0.0074477056,0.95,0.48513326,0.22703123,0.012469135,0.95,0.5076644,0.22652341,0.011861143,0.95,0.4920928,0.22220014,0.013865417,0.95,0.47231847,0.22028041,0.0017116221,0.95,0.45124012,0.21276148,0.0058832006,0.95,0.44234976,0.22845508,0.0117890015,0.95,0.51143414,0.23448801,0.008764466,0.95,0.43632084,0.22771789,-0.010817211,0.95,0.48802245,0.24428745,0.0042599635,0.95,0.44944373,0.24752295,0.018816022,0.95,0.58234483,0.3096767,0.0011154647,0.95,0.36186263,0.30418754,0.0059328913,0.95,0.6326994,0.39731252,0.035168402,0.95,0.3184902,0.3952226,0.002052343,0.95,0.6594115,0.42369494,0.054442912,0.95,0.3125625,0.45432663,0.003954442,0.95,0.6442835,0.4491864,0.04871361,0.95,0.32792884,0.4562191,-0.00083562656,0.95,0.6404202,0.4436184,0.008316517,0.95,0.32384485,0.45031887,-0.0032125544,0.95,0.6295871,0.43063372,0.03227464,0.95,0.34464815,0.45799702,0.0038090164,0.95,0.53499466,0.5060876,0.030870777,0.95,0.407684,0.5058443,-0.0037227245,0.95,0.5752314,0.6385718,0.024492854,0.95,0.39669338,0.6500621,0.013428064,0.95,0.5576844,0.7610755,0.4103296,0.95,0.43395513,0.75371605,0.26715302,0.95,0.50769854,0.75394267,0.44834244,0.95,0.4488029,0.7682192,0.26736152,0.95,0.57575274,0.8090192,0.2509243,0.95,0.40688318,0.83009464,0.09660198,0.95,0.9,0.9,0.9,0.9,0.9,0.9,0.9,0.9,0.9,0.9,0.9,0.9,0.9,0.9,0.9,0.9,0.9,0.9,0.9,0.9,0.9,0.9,0.9,0.9,0.9,0.9,0.9,0.9,0.9,0.9,0.9,0.9,0.9
69,2.3,0.47881356,0.23666741,0.007447711,0.95,0.48513326,0.22703123,0.012469135,0.95,0.5076644,0.22652341,0.011861143,0.95,0.49209282,0.22220013,0.013865415,0.95,0.47231847,0.2202804,0.0017116184,0.95,0.45124012,0.21276148,0.0058832006,0.95,0.4423498,0.22845507,0.011789,0.95,0.51143414,0.23448803,0.008764466,0.95,0.4363208,0.22771789,-0.010817211,0.95,0.48802245,0.24428743,0.004259969,0.95,0.44944373,0.24752295,0.01881602,0.95,0.58234483,0.30967674,0.0011154647,0.95,0.36186263,0.30418754,0.0059328764,0.95,0.6326994,0.39731255,0.0351684,0.95,0.3184902,0.3952226,0.0020523244,0.95,0.6594115,0.42369494,0.054442897,0.95,0.31256253,0.45432663,0.0039544385,0.95,0.6442835,0.4491864,0.048713606,0.95,0.3279288,0.45621908,-0.000835634,0.95,0.64042026,0.4436184,0.008316513,0.95,0.32384485,0.45031887,-0.003212547,0.95,0.6295871,0.43063372,0.03227464,0.95,0.34464815,0.457997,0.0038090202,0.95,0.53499466,0.5060876,0.030870771,0.95,0.407684,0.5058443,-0.0037227245,0.95,0.5752314,0.6385718,0.02449285,0.95,0.39669335,0.6500621,0.013428066,0.95,0.5576844,0.7610755,0.4103296,0.95,0.43395516,0.75371605,0.26715302,0.95,0.50769854,0.75394267,0.44834244,0.95,0.4488029,0.7682192,0.26736152,0.95,0.57575274,0.8090192,0.2509243,0.95,0.40688318,0.83009464,0.09660197,0.95,0.9,0.9,0.9,0.9,0.9,0.9,0.9,0.9,0.9,0.9,0.9,0.9,0.9,0.9,0.9,0.9,0.9,0.9,0.9,0.9,0.9,0.9,0.9,0.9,0.9,0.9,0.9,0.9,0.9,0.9,0.9,0.9,0.9
70,2.3333333333333335,0.47881356,0.23666741,0.007447713,0.95,0.48513326,0.22703123,0.012469135,0.95,0.50766444,0.2265234,0.011861137,0.95,0.49209282,0.22220013,0.013865417,0.95,0.47231847,0.22028041,0.001711624,0.95,0.45124012,0.21276149,0.005883206,0.95,0.4423498,0.22845508,0.0117890015,0.95,0.51143414,0.23448803,0.008764461,0.95,0.43632084,0.22771789,-0.0108172,0.95,0.48802245,0.24428743,0.004259969,0.95,0.44944376,0.24752295,0.018816018,0.95,0.58234483,0.3096767,0.0011154647,0.95,0.36186263,0.30418754,0.0059328615,0.95,0.6326994,0.39731255,0.035168394,0.95,0.3184902,0.3952226,0.0020523393,0.95,0.6594115,0.42369494,0.054442894,0.95,0.3125625,0.45432663,0.003954435,0.95,0.6442835,0.4491864,0.048713595,0.95,0.3279288,0.45621908,-0.000835634,0.95,0.64042026,0.4436184,0.008316502,0.95,0.32384485,0.45031887,-0.0032125432,0.95,0.6295871,0.43063372,0.03227463,0.95,0.34464815,0.457997,0.0038090127,0.95,0.53499466,0.5060876,0.03087077,0.95,0.407684,0.5058443,-0.0037227282,0.95,0.5752314,0.6385718,0.02449285,0.95,0.39669338,0.6500621,0.013428066,0.95,0.5576844,0.7610755,0.4103296,0.95,0.43395516,0.75371605,0.26715302,0.95,0.50769854,0.75394267,0.44834244,0.95,0.4488029,0.7682192,0.26736152,0.95,0.57575274,0.8090192,0.2509243,0.95,0.40688318,0.83009464,0.09660196,0.95,0.9,0.9,0.9,0.9,0.9,0.9,0.9,0.9,0.9,0.9,0.9,0.9,0.9,0.9,0.9,0.9,0.9,0.9,0.9,0.9,0.9,0.9,0.9,0.9,0.9,0.9,0.9,0.9,0.9,0.9,0.9,0.9,0.9
71,2.3666666666666667,0.47881356,0.23666741,0.007447713,0.95,0.48513326,0.22703123,0.012469137,0.95,0.50766444,0.2265234,0.011861137,0.95,0.49209282,0.22220013,0.013865415,0.95,0.47231847,0.22028041,0.001711624,0.95,0.45124012,0.21276149,0.0058832006,0.95,0.4423498,0.22845508,0.011789,0.95,0.51143414,0.23448801,0.008764463,0.95,0.4363208,0.22771789,-0.010817196,0.95,0.48802245,0.24428742,0.004259973,0.95,0.44944376,0.24752295,0.01881602,0.95,0.5823449,0.3096767,0.0011154647,0.95,0.36186263,0.30418754,0.0059328615,0.95,0.6326994,0.39731255,0.03516839,0.95,0.3184902,0.3952226,0.002052328,0.95,0.6594115,0.42369494,0.054442883,0.95,0.31256253,0.45432663,0.0039544385,0.95,0.6442835,0.4491864,0.04871359,0.95,0.3279288,0.45621908,-0.00083563774,0.95,0.64042026,0.4436184,0.008316509,0.95,0.32384488,0.45031887,-0.0032125432,0.95,0.6295871,0.4306337,0.03227463,0.95,0.34464815,0.457997,0.0038090053,0.95,0.53499466,0.5060876,0.030870767,0.95,0.407684,0.5058443,-0.0037227282,0.95,0.5752314,0.6385718,0.024492849,0.95,0.39669335,0.6500621,0.013428064,0.95,0.5576844,0.7610755,0.4103296,0.95,0.43395516,0.75371605,0.26715305,0.95,0.50769854,0.75394267,0.44834244,0.95,0.4488029,0.7682192,0.26736155,0.95,0.57575274,0.8090192,0.2509243,0.95,0.40688315,0.83009464,0.096601956,0.95,0.9,0.9,0.9,0.9,0.9,0.9,0.9,0.9,0.9,0.9,0.9,0.9,0.9,0.9,0.9,0.9,0.9,0.9,0.9,0.9,0.9,0.9,0.9,0.9,0.9,0.9,0.9,0.9,0.9,0.9,0.9,0.9,0.9
72,2.4,0.47881356,0.23666741,0.007447717,0.95,0.48513326,0.22703123,0.012469137,0.95,0.50766444,0.2265234,0.011861135,0.95,0.49209282,0.22220013,0.013865415,0.95,0.47231847,0.2202804,0.0017116277,0.95,0.45124012,0.21276149,0.0058832006,0.95,0.44234976,0.22845508,0.011788998,0.95,0.51143414,0.23448801,0.008764459,0.95,0.43632084,0.22771789,-0.010817196,0.95,0.48802245,0.24428743,0.004259973,0.95,0.44944376,0.24752294,0.018816011,0.95,0.5823449,0.30967674,0.0011154647,0.95,0.36186263,0.30418754,0.0059328577,0.95,0.63269943,0.39731255,0.03516839,0.95,0.3184902,0.3952226,0.0020523244,0.95,0.6594115,0.4236949,0.054442883,0.95,0.3125625,0.45432663,0.003954435,0.95,0.6442835,0.4491864,0.048713583,0.95,0.3279288,0.45621908,-0.00083563774,0.95,0.64042026,0.4436184,0.008316502,0.95,0.32384488,0.45031887,-0.0032125432,0.95,0.6295871,0.4306337,0.032274626,0.95,0.34464815,0.457997,0.0038090053,0.95,0.53499466,0.5060876,0.030870765,0.95,0.407684,0.5058443,-0.003722732,0.95,0.5752314,0.6385718,0.024492845,0.95,0.39669335,0.6500621,0.0134280585,0.95,0.5576844,0.7610755,0.4103296,0.95,0.43395516,0.75371605,0.26715305,0.95,0.50769854,0.75394267,0.4483425,0.95,0.4488029,0.7682192,0.26736155,0.95,0.57575274,0.8090192,0.2509243,0.95,0.40688315,0.8300946,0.096601956,0.95,0.9,0.9,0.9,0.9,0.9,0.9,0.9,0.9,0.9,0.9,0.9,0.9,0.9,0.9,0.9,0.9,0.9,0.9,0.9,0.9,0.9,0.9,0.9,0.9,0.9,0.9,0.9,0.9,0.9,0.9,0.9,0.9,0.9
73,2.433333333333333,0.47881356,0.2366674,0.0074477205,0.95,0.48513326,0.22703123,0.012469141,0.95,0.50766444,0.2265234,0.011861133,0.95,0.49209282,0.22220011,0.013865411,0.95,0.47231847,0.2202804,0.001711624,0.95,0.45124012,0.21276149,0.005883195,0.95,0.44234976,0.22845507,0.011788996,0.95,0.51143414,0.23448801,0.008764455,0.95,0.4363208,0.22771789,-0.010817196,0.95,0.48802245,0.24428743,0.0042599747,0.95,0.44944376,0.24752294,0.018816017,0.95,0.5823449,0.30967674,0.0011154759,0.95,0.36186263,0.30418754,0.0059328577,0.95,0.63269943,0.39731252,0.035168383,0.95,0.3184902,0.3952226,0.0020523206,0.95,0.6594115,0.4236949,0.054442875,0.95,0.31256253,0.45432663,0.0039544385,0.95,0.6442835,0.4491864,0.048713572,0.95,0.3279288,0.45621905,-0.0008356489,0.95,0.6404203,0.4436184,0.0083164945,0.95,0.32384488,0.4503189,-0.003212547,0.95,0.6295871,0.4306337,0.032274622,0.95,0.34464815,0.457997,0.003808994,0.95,0.53499466,0.5060876,0.030870762,0.95,0.407684,0.5058443,-0.003722732,0.95,0.57523143,0.6385718,0.024492843,0.95,0.39669335,0.6500621,0.013428055,0.95,0.5576844,0.7610755,0.4103296,0.95,0.43395516,0.75371605,0.26715305,0.95,0.50769854,0.75394267,0.4483425,0.95,0.4488029,0.7682192,0.26736155,0.95,0.57575274,0.8090192,0.25092426,0.95,0.40688315,0.83009464,0.09660195,0.95,0.9,0.9,0.9,0.9,0.9,0.9,0.9,0.9,0.9,0.9,0.9,0.9,0.9,0.9,0.9,0.9,0.9,0.9,0.9,0.9,0.9,0.9,0.9,0.9,0.9,0.9,0.9,0.9,0.9,0.9,0.9,0.9,0.9
74,2.466666666666667,0.47881356,0.2366674,0.0074477205,0.95,0.4851333,0.22703123,0.012469143,0.95,0.50766444,0.22652338,0.011861137,0.95,0.49209282,0.22220011,0.013865406,0.95,0.47231847,0.22028041,0.0017116277,0.95,0.45124012,0.21276149,0.005883195,0.95,0.44234976,0.22845507,0.011789,0.95,0.51143414,0.23448801,0.008764453,0.95,0.4363208,0.22771789,-0.010817196,0.95,0.48802245,0.24428742,0.004259973,0.95,0.44944376,0.24752294,0.01881601,0.95,0.5823449,0.30967674,0.0011154759,0.95,0.36186263,0.30418754,0.0059328577,0.95,0.6326994,0.39731255,0.035168383,0.95,0.3184902,0.3952226,0.0020523206,0.95,0.65941155,0.4236949,0.054442875,0.95,0.31256253,0.45432663,0.003954435,0.95,0.6442835,0.4491864,0.048713572,0.95,0.3279288,0.45621905,-0.0008356601,0.95,0.6404203,0.4436184,0.0083164945,0.95,0.32384488,0.45031887,-0.003212558,0.95,0.6295871,0.4306337,0.03227462,0.95,0.34464812,0.457997,0.003808994,0.95,0.53499466,0.5060876,0.030870762,0.95,0.407684,0.5058443,-0.0037227357,0.95,0.57523143,0.6385718,0.024492843,0.95,0.39669335,0.6500621,0.013428053,0.95,0.5576844,0.7610755,0.4103296,0.95,0.43395516,0.75371605,0.26715308,0.95,0.50769854,0.75394267,0.4483425,0.95,0.4488029,0.7682192,0.26736158,0.95,0.57575274,0.8090192,0.2509243,0.95,0.40688318,0.83009464,0.09660194,0.95,0.9,0.9,0.9,0.9,0.9,0.9,0.9,0.9,0.9,0.9,0.9,0.9,0.9,0.9,0.9,0.9,0.9,0.9,0.9,0.9,0.9,0.9,0.9,0.9,0.9,0.9,0.9,0.9,0.9,0.9,0.9,0.9,0.9
75,2.5,0.47881356,0.2366674,0.0074477224,0.95,0.4851333,0.22703123,0.012469143,0.95,0.50766444,0.22652338,0.011861135,0.95,0.49209282,0.22220011,0.013865406,0.95,0.47231847,0.2202804,0.0017116296,0.95,0.45124012,0.21276149,0.005883195,0.95,0.44234976,0.22845507,0.011789,0.95,0.51143414,0.23448801,0.008764455,0.95,0.4363208,0.2277179,-0.010817189,0.95,0.48802245,0.24428742,0.004259973,0.95,0.44944376,0.24752294,0.018816011,0.95,0.5823449,0.30967674,0.0011154796,0.95,0.36186263,0.30418754,0.0059328503,0.95,0.63269943,0.39731255,0.035168383,0.95,0.3184902,0.3952226,0.0020523206,0.95,0.65941155,0.4236949,0.05444287,0.95,0.31256253,0.45432663,0.0039544273,0.95,0.6442835,0.4491864,0.048713565,0.95,0.3279288,0.45621905,-0.0008356489,0.95,0.6404203,0.44361836,0.008316498,0.95,0.32384488,0.45031887,-0.003212558,0.95,0.6295871,0.4306337,0.03227461,0.95,0.34464815,0.457997,0.0038089904,0.95,0.53499466,0.5060876,0.03087076,0.95,0.40768403,0.5058443,-0.0037227394,0.95,0.57523143,0.6385718,0.024492841,0.95,0.39669335,0.6500621,0.013428049,0.95,0.5576844,0.7610755,0.4103296,0.95,0.43395516,0.75371605,0.26715308,0.95,0.50769854,0.75394267,0.44834253,0.95,0.44880292,0.7682192,0.26736158,0.95,0.57575274,0.80901915,0.2509243,0.95,0.40688315,0.83009464,0.09660194,0.95,0.9,0.9,0.9,0.9,0.9,0.9,0.9,0.9,0.9,0.9,0.9,0.9,0.9,0.9,0.9,0.9,0.9,0.9,0.9,0.9,0.9,0.9,0.9,0.9,0.9,0.9,0.9,0.9,0.9,0.9,0.9,0.9,0.9
76,2.533333333333333,0.47881356,0.2366674,0.007447726,0.95,0.4851333,0.22703123,0.012469141,0.95,0.50766444,0.22652338,0.0118611315,0.95,0.49209282,0.22220011,0.013865408,0.95,0.47231847,0.2202804,0.0017116333,0.95,0.45124012,0.21276149,0.005883195,0.95,0.44234976,0.22845505,0.011788994,0.95,0.51143414,0.23448801,0.008764453,0.95,0.4363208,0.22771789,-0.010817196,0.95,0.48802245,0.24428742,0.004259973,0.95,0.44944376,0.24752292,0.018816011,0.95,0.5823449,0.30967674,0.0011154722,0.95,0.36186263,0.30418754,0.0059328466,0.95,0.63269943,0.39731255,0.035168383,0.95,0.3184902,0.3952226,0.002052317,0.95,0.65941155,0.4236949,0.054442864,0.95,0.31256253,0.45432663,0.00395442,0.95,0.6442835,0.4491864,0.04871356,0.95,0.3279288,0.45621905,-0.00083565264,0.95,0.6404203,0.44361836,0.008316498,0.95,0.3238449,0.45031887,-0.0032125544,0.95,0.6295872,0.4306337,0.032274608,0.95,0.34464815,0.457997,0.0038089904,0.95,0.53499466,0.5060876,0.03087076,0.95,0.40768403,0.5058443,-0.0037227431,0.95,0.57523143,0.6385718,0.02449284,0.95,0.39669335,0.6500621,0.013428047,0.95,0.5576844,0.7610755,0.4103296,0.95,0.43395516,0.75371605,0.2671531,0.95,0.50769854,0.75394267,0.44834253,0.95,0.44880292,0.7682192,0.26736158,0.95,0.57575274,0.8090192,0.2509243,0.95,0.40688315,0.8300946,0.09660194,0.95,0.9,0.9,0.9,0.9,0.9,0.9,0.9,0.9,0.9,0.9,0.9,0.9,0.9,0.9,0.9,0.9,0.9,0.9,0.9,0.9,0.9,0.9,0.9,0.9,0.9,0.9,0.9,0.9,0.9,0.9,0.9,0.9,0.9
77,2.566666666666667,0.47881356,0.2366674,0.0074477224,0.95,0.4851333,0.22703123,0.012469141,0.95,0.50766444,0.22652338,0.011861133,0.95,0.49209282,0.22220011,0.013865404,0.95,0.47231847,0.2202804,0.0017116296,0.95,0.45124012,0.21276149,0.005883195,0.95,0.44234976,0.22845507,0.011788996,0.95,0.51143414,0.23448801,0.008764455,0.95,0.4363208,0.2277179,-0.010817196,0.95,0.48802245,0.24428742,0.0042599747,0.95,0.44944376,0.24752292,0.018816011,0.95,0.5823449,0.30967674,0.0011154722,0.95,0.36186263,0.30418754,0.005932843,0.95,0.63269943,0.39731255,0.035168383,0.95,0.3184902,0.3952226,0.0020523095,0.95,0.65941155,0.4236949,0.054442856,0.95,0.31256253,0.45432663,0.003954416,0.95,0.6442835,0.4491864,0.048713557,0.95,0.3279288,0.45621905,-0.00083565264,0.95,0.6404203,0.44361836,0.0083164945,0.95,0.3238449,0.45031887,-0.003212558,0.95,0.6295872,0.4306337,0.032274608,0.95,0.34464815,0.457997,0.0038089904,0.95,0.53499466,0.5060876,0.030870762,0.95,0.407684,0.5058443,-0.0037227394,0.95,0.57523143,0.6385718,0.024492836,0.95,0.39669335,0.6500621,0.013428045,0.95,0.5576844,0.7610755,0.4103296,0.95,0.43395516,0.75371605,0.26715308,0.95,0.50769854,0.75394267,0.44834253,0.95,0.44880292,0.7682192,0.26736158,0.95,0.5757528,0.80901915,0.2509243,0.95,0.40688315,0.8300946,0.09660193,0.95,0.9,0.9,0.9,0.9,0.9,0.9,0.9,0.9,0.9,0.9,0.9,0.9,0.9,0.9,0.9,0.9,0.9,0.9,0.9,0.9,0.9,0.9,0.9,0.9,0.9,0.9,0.9,0.9,0.9,0.9,0.9,0.9,0.9
78,2.6,0.47881356,0.2366674,0.007447728,0.95,0.4851333,0.22703123,0.012469143,0.95,0.50766444,0.22652338,0.011861137,0.95,0.49209282,0.2222001,0.013865406,0.95,0.47231847,0.2202804,0.0017116352,0.95,0.45124012,0.21276149,0.0058831894,0.95,0.44234976,0.22845507,0.011788996,0.95,0.51143414,0.23448801,0.008764455,0.95,0.4363208,0.22771789,-0.010817196,0.95,0.48802245,0.24428742,0.004259973,0.95,0.44944376,0.24752292,0.018816011,0.95,0.5823449,0.30967674,0.0011154759,0.95,0.36186263,0.30418754,0.005932843,0.95,0.63269943,0.39731255,0.035168376,0.95,0.3184902,0.3952226,0.0020523095,0.95,0.65941155,0.4236949,0.054442856,0.95,0.31256253,0.45432663,0.00395442,0.95,0.6442835,0.4491864,0.048713554,0.95,0.3279288,0.45621905,-0.00083565636,0.95,0.6404203,0.4436184,0.0083164945,0.95,0.3238449,0.45031887,-0.003212558,0.95,0.6295872,0.4306337,0.03227461,0.95,0.34464815,0.457997,0.0038089904,0.95,0.53499466,0.5060876,0.030870762,0.95,0.40768403,0.50584424,-0.0037227431,0.95,0.57523143,0.6385718,0.024492837,0.95,0.39669335,0.6500621,0.013428047,0.95,0.5576844,0.7610755,0.4103296,0.95,0.43395516,0.75371605,0.26715308,0.95,0.50769854,0.75394267,0.44834253,0.95,0.44880292,0.7682192,0.26736158,0.95,0.5757528,0.8090192,0.2509243,0.95,0.40688315,0.8300946,0.09660193,0.95,0.9,0.9,0.9,0.9,0.9,0.9,0.9,0.9,0.9,0.9,0.9,0.9,0.9,0.9,0.9,0.9,0.9,0.9,0.9,0.9,0.9,0.9,0.9,0.9,0.9,0.9,0.9,0.9,0.9,0.9,0.9,0.9,0.9
79,2.6333333333333333,0.47881356,0.23666741,0.007447728,0.95,0.4851333,0.22703122,0.012469141,0.95,0.50766444,0.22652338,0.011861135,0.95,0.49209282,0.2222001,0.013865411,0.95,0.47231847,0.2202804,0.0017116352,0.95,0.45124012,0.21276149,0.005883184,0.95,0.4423498,0.22845507,0.011788996,0.95,0.51143414,0.23448801,0.008764453,0.95,0.4363208,0.22771789,-0.010817189,0.95,0.48802245,0.24428742,0.004259973,0.95,0.44944376,0.24752292,0.018816011,0.95,0.5823449,0.30967674,0.0011154722,0.95,0.36186263,0.30418754,0.005932843,0.95,0.63269943,0.39731252,0.035168376,0.95,0.3184902,0.3952226,0.002052302,0.95,0.65941155,0.4236949,0.054442853,0.95,0.3125625,0.45432663,0.00395442,0.95,0.6442835,0.4491864,0.048713546,0.95,0.3279288,0.45621905,-0.00083565636,0.95,0.6404203,0.4436184,0.008316483,0.95,0.3238449,0.45031887,-0.003212558,0.95,0.6295872,0.4306337,0.032274608,0.95,0.34464815,0.457997,0.0038089904,0.95,0.53499466,0.5060876,0.030870758,0.95,0.407684,0.50584424,-0.0037227431,0.95,0.57523143,0.6385718,0.024492834,0.95,0.39669335,0.6500621,0.013428044,0.95,0.5576844,0.7610755,0.4103296,0.95,0.43395516,0.753716,0.26715308,0.95,0.50769854,0.75394267,0.44834253,0.95,0.44880292,0.7682192,0.26736158,0.95,0.5757528,0.8090192,0.2509243,0.95,0.40688315,0.8300946,0.096601926,0.95,0.9,0.9,0.9,0.9,0.9,0.9,0.9,0.9,0.9,0.9,0.9,0.9,0.9,0.9,0.9,0.9,0.9,0.9,0.9,0.9,0.9,0.9,0.9,0.9,0.9,0.9,0.9,0.9,0.9,0.9,0.9,0.9,0.9
80,2.6666666666666665,0.47881356,0.2366674,0.0074477317,0.95,0.4851333,0.22703123,0.012469143,0.95,0.50766444,0.22652338,0.011861137,0.95,0.49209282,0.2222001,0.013865411,0.95,0.47231847,0.2202804,0.0017116352,0.95,0.45124012,0.2127615,0.0058831894,0.95,0.4423498,0.22845507,0.011788996,0.95,0.51143414,0.23448801,0.008764453,0.95,0.4363208,0.22771789,-0.010817196,0.95,0.48802245,0.24428742,0.0042599747,0.95,0.44944376,0.24752292,0.018816011,0.95,0.5823449,0.30967674,0.0011154722,0.95,0.36186263,0.30418754,0.005932839,0.95,0.63269943,0.39731252,0.035168376,0.95,0.3184902,0.3952226,0.002052317,0.95,0.65941155,0.4236949,0.054442845,0.95,0.31256253,0.45432663,0.00395442,0.95,0.6442835,0.4491864,0.048713546,0.95,0.32792878,0.45621905,-0.00083565636,0.95,0.6404203,0.4436184,0.008316476,0.95,0.3238449,0.45031887,-0.003212558,0.95,0.6295872,0.4306337,0.03227461,0.95,0.34464815,0.457997,0.0038089904,0.95,0.53499466,0.5060876,0.030870758,0.95,0.40768403,0.50584424,-0.0037227469,0.95,0.57523143,0.6385718,0.024492832,0.95,0.39669335,0.6500621,0.013428045,0.95,0.5576844,0.7610755,0.4103296,0.95,0.43395516,0.753716,0.26715308,0.95,0.50769854,0.75394267,0.44834253,0.95,0.44880292,0.7682192,0.26736158,0.95,0.5757528,0.80901915,0.2509243,0.95,0.40688315,0.8300946,0.096601926,0.95,0.9,0.9,0.9,0.9,0.9,0.9,0.9,0.9,0.9,0.9,0.9,0.9,0.9,0.9,0.9,0.9,0.9,0.9,0.9,0.9,0.9,0.9,0.9,0.9,0.9,0.9,0.9,0.9,0.9,0.9,0.9,0.9,0.9
81,2.7,0.47881356,0.2366674,0.0074477317,0.95,0.4851333,0.22703123,0.012469143,0.95,0.50766444,0.22652338,0.011861137,0.95,0.49209282,0.22220008,0.013865415,0.95,0.47231847,0.2202804,0.001711637,0.95,0.45124012,0.21276149,0.0058831894,0.95,0.4423498,0.22845507,0.011788996,0.95,0.51143414,0.23448803,0.008764451,0.95,0.4363208,0.22771789,-0.010817189,0.95,0.48802245,0.24428742,0.0042599747,0.95,0.44944376,0.24752292,0.018816011,0.95,0.5823449,0.30967674,0.0011154684,0.95,0.36186263,0.30418754,0.005932839,0.95,0.63269943,0.39731252,0.035168372,0.95,0.31849024,0.3952226,0.002052302,0.95,0.65941155,0.4236949,0.054442845,0.95,0.31256253,0.45432663,0.003954416,0.95,0.6442835,0.4491864,0.04871354,0.95,0.32792878,0.45621905,-0.0008356601,0.95,0.6404203,0.44361836,0.008316472,0.95,0.3238449,0.45031887,-0.003212558,0.95,0.6295872,0.4306337,0.0322746,0.95,0.34464815,0.457997,0.0038089866,0.95,0.53499466,0.5060876,0.030870754,0.95,0.40768403,0.50584424,-0.0037227469,0.95,0.57523143,0.6385718,0.024492828,0.95,0.39669335,0.6500621,0.01342804,0.95,0.5576844,0.7610755,0.4103296,0.95,0.43395516,0.75371605,0.2671531,0.95,0.50769854,0.75394267,0.4483425,0.95,0.44880292,0.7682192,0.26736158,0.95,0.5757528,0.8090192,0.2509243,0.95,0.40688315,0.83009464,0.096601926,0.95,0.9,0.9,0.9,0.9,0.9,0.9,0.9,0.9,0.9,0.9,0.9,0.9,0.9,0.9,0.9,0.9,0.9,0.9,0.9,0.9,0.9,0.9,0.9,0.9,0.9,0.9,0.9,0.9,0.9,0.9,0.9,0.9,0.9
82,2.7333333333333334,0.47881356,0.2366674,0.0074477354,0.95,0.4851333,0.22703123,0.012469143,0.95,0.50766444,0.22652338,0.011861135,0.95,0.49209282,0.22220008,0.013865411,0.95,0.47231847,0.2202804,0.0017116407,0.95,0.45124012,0.21276149,0.0058831894,0.95,0.4423498,0.22845505,0.011788996,0.95,0.51143414,0.23448801,0.0087644495,0.95,0.4363208,0.22771789,-0.010817189,0.95,0.48802245,0.2442874,0.004259973,0.95,0.44944376,0.24752292,0.018816011,0.95,0.5823449,0.30967674,0.0011154684,0.95,0.36186263,0.30418754,0.005932839,0.95,0.63269943,0.39731252,0.035168372,0.95,0.3184902,0.3952226,0.0020523132,0.95,0.65941155,0.4236949,0.054442845,0.95,0.3125625,0.45432663,0.003954416,0.95,0.6442835,0.4491864,0.048713543,0.95,0.32792878,0.45621902,-0.00083565636,0.95,0.6404203,0.44361836,0.008316472,0.95,0.3238449,0.45031887,-0.0032125544,0.95,0.6295872,0.4306337,0.032274608,0.95,0.34464815,0.457997,0.0038089904,0.95,0.53499466,0.5060876,0.030870754,0.95,0.40768403,0.50584424,-0.0037227469,0.95,0.57523143,0.6385718,0.024492826,0.95,0.39669338,0.6500621,0.013428044,0.95,0.5576844,0.7610755,0.4103296,0.95,0.43395516,0.75371605,0.2671531,0.95,0.50769854,0.75394267,0.4483425,0.95,0.44880292,0.7682192,0.26736158,0.95,0.5757528,0.80901915,0.2509243,0.95,0.40688315,0.83009464,0.096601926,0.95,0.9,0.9,0.9,0.9,0.9,0.9,0.9,0.9,0.9,0.9,0.9,0.9,0.9,0.9,0.9,0.9,0.9,0.9,0.9,0.9,0.9,0.9,0.9,0.9,0.9,0.9,0.9,0.9,0.9,0.9,0.9,0.9,0.9
83,2.7666666666666666,0.47881356,0.2366674,0.0074477317,0.95,0.4851333,0.22703123,0.012469141,0.95,0.50766444,0.22652338,0.011861137,0.95,0.49209282,0.22220008,0.013865413,0.95,0.47231847,0.2202804,0.0017116463,0.95,0.45124012,0.21276149,0.0058831894,0.95,0.44234976,0.22845505,0.011788992,0.95,0.51143414,0.23448801,0.0087644495,0.95,0.4363208,0.22771789,-0.010817196,0.95,0.48802245,0.2442874,0.0042599747,0.95,0.44944376,0.24752292,0.018816011,0.95,0.5823449,0.30967674,0.0011154684,0.95,0.36186263,0.30418754,0.0059328317,0.95,0.63269943,0.39731252,0.035168372,0.95,0.3184902,0.3952226,0.0020523095,0.95,0.65941155,0.4236949,0.054442845,0.95,0.31256253,0.45432663,0.0039544087,0.95,0.6442835,0.4491864,0.04871354,0.95,0.32792878,0.45621902,-0.00083565636,0.95,0.6404203,0.44361836,0.008316468,0.95,0.3238449,0.45031887,-0.003212558,0.95,0.6295872,0.4306337,0.032274604,0.95,0.34464815,0.457997,0.003808983,0.95,0.5349947,0.5060876,0.030870754,0.95,0.40768403,0.50584424,-0.0037227506,0.95,0.57523143,0.6385718,0.024492826,0.95,0.39669335,0.6500621,0.01342804,0.95,0.5576844,0.7610755,0.4103296,0.95,0.43395516,0.75371605,0.26715308,0.95,0.50769854,0.75394267,0.44834253,0.95,0.44880292,0.7682192,0.26736158,0.95,0.5757528,0.80901915,0.25092432,0.95,0.40688315,0.83009464,0.09660192,0.95,0.9,0.9,0.9,0.9,0.9,0.9,0.9,0.9,0.9,0.9,0.9,0.9,0.9,0.9,0.9,0.9,0.9,0.9,0.9,0.9,0.9,0.9,0.9,0.9,0.9,0.9,0.9,0.9,0.9,0.9,0.9,0.9,0.9
84,2.8,0.47881356,0.2366674,0.0074477317,0.95,0.4851333,0.22703122,0.012469141,0.95,0.50766444,0.22652338,0.011861141,0.95,0.49209282,0.22220008,0.013865417,0.95,0.47231847,0.22028041,0.0017116407,0.95,0.45124012,0.2127615,0.005883184,0.95,0.4423498,0.22845507,0.01178899,0.95,0.51143414,0.23448801,0.0087644495,0.95,0.4363208,0.22771789,-0.010817196,0.95,0.48802245,0.2442874,0.0042599747,0.95,0.44944376,0.24752292,0.018816011,0.95,0.5823449,0.30967674,0.0011154647,0.95,0.36186263,0.30418754,0.0059328317,0.95,0.63269943,0.39731252,0.035168372,0.95,0.3184902,0.3952226,0.0020522983,0.95,0.65941155,0.4236949,0.054442845,0.95,0.3125625,0.45432663,0.0039544087,0.95,0.6442835,0.4491864,0.048713535,0.95,0.32792878,0.45621902,-0.0008356638,0.95,0.6404203,0.44361836,0.008316468,0.95,0.3238449,0.45031887,-0.003212558,0.95,0.6295872,0.4306337,0.032274604,0.95,0.34464815,0.457997,0.0038089904,0.95,0.53499466,0.5060876,0.030870754,0.95,0.40768403,0.50584424,-0.0037227506,0.95,0.57523143,0.6385718,0.024492826,0.95,0.39669335,0.6500621,0.013428042,0.95,0.5576844,0.7610755,0.4103296,0.95,0.43395516,0.753716,0.2671531,0.95,0.50769854,0.75394267,0.44834253,0.95,0.44880292,0.7682192,0.26736158,0.95,0.5757528,0.80901915,0.25092432,0.95,0.40688315,0.83009464,0.09660192,0.95,0.9,0.9,0.9,0.9,0.9,0.9,0.9,0.9,0.9,0.9,0.9,0.9,0.9,0.9,0.9,0.9,0.9,0.9,0.9,0.9,0.9,0.9,0.9,0.9,0.9,0.9,0.9,0.9,0.9,0.9,0.9,0.9,0.9
85,2.8333333333333335,0.47881356,0.2366674,0.0074477354,0.95,0.4851333,0.22703122,0.012469141,0.95,0.50766444,0.22652338,0.011861141,0.95,0.49209282,0.22220008,0.013865415,0.95,0.47231847,0.22028041,0.001711637,0.95,0.45124012,0.21276149,0.005883184,0.95,0.4423498,0.22845505,0.011788994,0.95,0.51143414,0.23448803,0.0087644495,0.95,0.4363208,0.22771789,-0.010817189,0.95,0.48802245,0.2442874,0.0042599747,0.95,0.44944376,0.24752292,0.018816011,0.95,0.5823449,0.30967674,0.0011154647,0.95,0.36186263,0.30418754,0.005932828,0.95,0.63269943,0.39731252,0.035168372,0.95,0.3184902,0.3952226,0.0020523095,0.95,0.65941155,0.4236949,0.054442845,0.95,0.3125625,0.45432663,0.003954416,0.95,0.6442835,0.4491864,0.04871353,0.95,0.32792878,0.45621902,-0.0008356601,0.95,0.6404203,0.44361836,0.008316468,0.95,0.3238449,0.45031887,-0.003212558,0.95,0.6295872,0.43063366,0.0322746,0.95,0.34464815,0.457997,0.0038089904,0.95,0.53499466,0.5060876,0.030870752,0.95,0.40768403,0.50584424,-0.0037227469,0.95,0.57523143,0.6385718,0.024492826,0.95,0.39669335,0.6500621,0.01342804,0.95,0.5576844,0.7610755,0.4103296,0.95,0.43395516,0.75371605,0.2671531,0.95,0.50769854,0.75394267,0.44834253,0.95,0.44880292,0.7682192,0.26736158,0.95,0.5757528,0.80901915,0.25092432,0.95,0.40688315,0.83009464,0.09660192,0.95,0.9,0.9,0.9,0.9,0.9,0.9,0.9,0.9,0.9,0.9,0.9,0.9,0.9,0.9,0.9,0.9,0.9,0.9,0.9,0.9,0.9,0.9,0.9,0.9,0.9,0.9,0.9,0.9,0.9,0.9,0.9,0.9,0.9
86,2.8666666666666667,0.47881356,0.2366674,0.0074477354,0.95,0.4851333,0.22703122,0.012469141,0.95,0.50766444,0.22652338,0.011861139,0.95,0.49209282,0.22220008,0.013865417,0.95,0.47231847,0.2202804,0.0017116407,0.95,0.45124012,0.21276149,0.005883184,0.95,0.4423498,0.22845505,0.011788994,0.95,0.51143414,0.23448803,0.008764448,0.95,0.4363208,0.22771789,-0.010817196,0.95,0.48802245,0.2442874,0.0042599747,0.95,0.44944376,0.24752292,0.018816011,0.95,0.5823449,0.30967674,0.001115461,0.95,0.36186263,0.30418754,0.005932828,0.95,0.63269943,0.39731252,0.035168372,0.95,0.3184902,0.3952226,0.002052302,0.95,0.65941155,0.4236949,0.054442845,0.95,0.31256253,0.45432663,0.0039544087,0.95,0.6442835,0.4491864,0.04871353,0.95,0.32792878,0.45621902,-0.00083565636,0.95,0.6404203,0.44361836,0.008316468,0.95,0.3238449,0.45031887,-0.0032125544,0.95,0.6295872,0.4306337,0.0322746,0.95,0.34464815,0.457997,0.0038089904,0.95,0.5349947,0.5060876,0.030870752,0.95,0.40768403,0.50584424,-0.0037227469,0.95,0.57523143,0.6385718,0.024492826,0.95,0.39669335,0.6500621,0.013428038,0.95,0.5576844,0.7610755,0.4103296,0.95,0.43395516,0.75371605,0.2671531,0.95,0.50769854,0.75394267,0.44834253,0.95,0.44880292,0.7682192,0.26736158,0.95,0.5757528,0.80901915,0.25092432,0.95,0.40688315,0.83009464,0.09660192,0.95,0.9,0.9,0.9,0.9,0.9,0.9,0.9,0.9,0.9,0.9,0.9,0.9,0.9,0.9,0.9,0.9,0.9,0.9,0.9,0.9,0.9,0.9,0.9,0.9,0.9,0.9,0.9,0.9,0.9,0.9,0.9,0.9,0.9
87,2.9,0.47881356,0.2366674,0.0074477373,0.95,0.4851333,0.22703122,0.012469141,0.95,0.50766444,0.22652338,0.011861139,0.95,0.49209282,0.22220008,0.013865413,0.95,0.47231847,0.22028041,0.0017116426,0.95,0.45124012,0.21276149,0.005883184,0.95,0.4423498,0.22845505,0.01178899,0.95,0.51143414,0.23448801,0.008764448,0.95,0.4363208,0.22771789,-0.010817189,0.95,0.48802245,0.2442874,0.0042599747,0.95,0.44944373,0.2475229,0.018816011,0.95,0.5823449,0.30967674,0.001115461,0.95,0.36186263,0.30418754,0.005932828,0.95,0.63269943,0.39731252,0.035168372,0.95,0.3184902,0.3952226,0.0020522946,0.95,0.65941155,0.4236949,0.054442838,0.95,0.31256253,0.45432663,0.0039544087,0.95,0.6442835,0.4491864,0.04871353,0.95,0.32792878,0.45621902,-0.0008356601,0.95,0.6404203,0.44361836,0.008316461,0.95,0.3238449,0.45031887,-0.003212558,0.95,0.6295872,0.43063366,0.032274596,0.95,0.34464815,0.457997,0.0038089904,0.95,0.53499466,0.5060876,0.030870752,0.95,0.40768403,0.50584424,-0.0037227469,0.95,0.57523143,0.6385718,0.024492826,0.95,0.39669335,0.6500621,0.01342804,0.95,0.5576844,0.7610755,0.4103296,0.95,0.43395516,0.75371605,0.2671531,0.95,0.50769854,0.75394267,0.44834253,0.95,0.44880292,0.7682192,0.26736158,0.95,0.5757528,0.80901915,0.25092432,0.95,0.40688315,0.83009464,0.09660192,0.95,0.9,0.9,0.9,0.9,0.9,0.9,0.9,0.9,0.9,0.9,0.9,0.9,0.9,0.9,0.9,0.9,0.9,0.9,0.9,0.9,0.9,0.9,0.9,0.9,0.9,0.9,0.9,0.9,0.9,0.9,0.9,0.9,0.9
88,2.933333333333333,0.47881356,0.2366674,0.0074477373,0.95,0.4851333,0.22703122,0.012469143,0.95,0.50766444,0.22652338,0.011861139,0.95,0.49209282,0.22220008,0.013865413,0.95,0.47231847,0.2202804,0.0017116407,0.95,0.45124012,0.21276149,0.005883184,0.95,0.4423498,0.22845505,0.01178899,0.95,0.51143414,0.23448801,0.008764448,0.95,0.4363208,0.22771789,-0.010817189,0.95,0.48802245,0.2442874,0.0042599747,0.95,0.44944373,0.2475229,0.018816011,0.95,0.5823449,0.30967674,0.001115461,0.95,0.36186263,0.30418754,0.0059328317,0.95,0.63269943,0.39731252,0.035168372,0.95,0.3184902,0.3952226,0.0020522946,0.95,0.65941155,0.4236949,0.054442838,0.95,0.3125625,0.45432663,0.003954416,0.95,0.6442835,0.4491864,0.04871353,0.95,0.32792878,0.45621902,-0.0008356601,0.95,0.6404203,0.44361836,0.008316461,0.95,0.3238449,0.45031887,-0.003212558,0.95,0.6295872,0.43063366,0.032274596,0.95,0.34464815,0.457997,0.0038089904,0.95,0.5349947,0.5060876,0.030870752,0.95,0.40768403,0.50584424,-0.0037227469,0.95,0.57523143,0.6385718,0.024492826,0.95,0.39669335,0.6500621,0.013428038,0.95,0.5576844,0.7610755,0.4103296,0.95,0.43395516,0.753716,0.2671531,0.95,0.50769854,0.75394267,0.44834253,0.95,0.44880292,0.7682192,0.26736158,0.95,0.5757528,0.80901915,0.2509243,0.95,0.40688315,0.83009464,0.09660192,0.95,0.9,0.9,0.9,0.9,0.9,0.9,0.9,0.9,0.9,0.9,0.9,0.9,0.9,0.9,0.9,0.9,0.9,0.9,0.9,0.9,0.9,0.9,0.9,0.9,0.9,0.9,0.9,0.9,0.9,0.9,0.9,0.9,0.9
89,2.966666666666667,0.47881356,0.2366674,0.007447741,0.95,0.4851333,0.22703122,0.012469143,0.95,0.50766444,0.22652338,0.011861139,0.95,0.49209282,0.22220008,0.013865415,0.95,0.47231847,0.2202804,0.0017116426,0.95,0.45124012,0.21276149,0.005883184,0.95,0.4423498,0.22845507,0.01178899,0.95,0.51143414,0.23448803,0.0087644495,0.95,0.4363208,0.22771789,-0.010817196,0.95,0.48802245,0.2442874,0.0042599784,0.95,0.44944376,0.2475229,0.01881601,0.95,0.5823449,0.30967674,0.001115461,0.95,0.36186263,0.30418754,0.005932828,0.95,0.63269943,0.39731252,0.035168372,0.95,0.3184902,0.3952226,0.0020522983,0.95,0.65941155,0.4236949,0.054442838,0.95,0.3125625,0.45432663,0.003954416,0.95,0.6442835,0.4491864,0.048713528,0.95,0.32792878,0.45621902,-0.0008356601,0.95,0.6404203,0.44361836,0.008316461,0.95,0.3238449,0.45031887,-0.003212558,0.95,0.6295872,0.43063366,0.032274596,0.95,0.34464815,0.457997,0.0038089904,0.95,0.53499466,0.5060876,0.03087075,0.95,0.40768403,0.50584424,-0.0037227469,0.95,0.57523143,0.6385718,0.024492824,0.95,0.39669335,0.6500621,0.01342804,0.95,0.5576844,0.7610755,0.4103296,0.95,0.43395516,0.75371605,0.2671531,0.95,0.50769854,0.75394267,0.44834253,0.95,0.44880292,0.7682192,0.26736158,0.95,0.5757528,0.80901915,0.25092432,0.95,0.40688315,0.83009464,0.09660192,0.95,0.9,0.9,0.9,0.9,0.9,0.9,0.9,0.9,0.9,0.9,0.9,0.9,0.9,0.9,0.9,0.9,0.9,0.9,0.9,0.9,0.9,0.9,0.9,0.9,0.9,0.9,0.9,0.9,0.9,0.9,0.9,0.9,0.9
90,3.0,0.47881356,0.2366674,0.0074477354,0.95,0.4851333,0.22703122,0.012469143,0.95,0.50766444,0.22652338,0.011861137,0.95,0.49209282,0.22220008,0.013865411,0.95,0.47231847,0.2202804,0.0017116407,0.95,0.45124012,0.21276149,0.005883184,0.95,0.4423498,0.22845505,0.0117889885,0.95,0.51143414,0.23448803,0.008764448,0.95,0.4363208,0.22771789,-0.010817196,0.95,0.48802245,0.2442874,0.004259969,0.95,0.44944373,0.2475229,0.01881601,0.95,0.5823449,0.30967674,0.0011154647,0.95,0.36186263,0.30418754,0.005932828,0.95,0.63269943,0.39731252,0.035168376,0.95,0.3184902,0.3952226,0.0020522983,0.95,0.65941155,0.4236949,0.054442838,0.95,0.3125625,0.45432663,0.003954416,0.95,0.6442835,0.4491864,0.048713528,0.95,0.32792878,0.45621902,-0.00083565636,0.95,0.6404203,0.44361836,0.008316461,0.95,0.3238449,0.45031887,-0.003212558,0.95,0.6295872,0.43063366,0.032274596,0.95,0.34464815,0.457997,0.0038089904,0.95,0.5349947,0.5060876,0.03087075,0.95,0.40768403,0.50584424,-0.0037227506,0.95,0.57523143,0.6385718,0.024492826,0.95,0.39669335,0.6500621,0.013428036,0.95,0.5576844,0.7610755,0.4103296,0.95,0.43395516,0.75371605,0.2671531,0.95,0.50769854,0.75394267,0.44834253,0.95,0.44880292,0.7682192,0.26736158,0.95,0.5757528,0.80901915,0.25092432,0.95,0.40688315,0.83009464,0.09660192,0.95,0.9,0.9,0.9,0.9,0.9,0.9,0.9,0.9,0.9,0.9,0.9,0.9,0.9,0.9,0.9,0.9,0.9,0.9,0.9,0.9,0.9,0.9,0.9,0.9,0.9,0.9,0.9,0.9,0.9,0.9,0.9,0.9,0.9
91,3.033333333333333,0.47881356,0.2366674,0.0074477354,0.95,0.4851333,0.22703122,0.012469143,0.95,0.50766444,0.22652338,0.011861137,0.95,0.49209282,0.22220008,0.013865411,0.95,0.47231847,0.2202804,0.0017116426,0.95,0.45124012,0.21276149,0.0058831894,0.95,0.4423498,0.22845507,0.0117889885,0.95,0.51143414,0.23448801,0.008764448,0.95,0.4363208,0.22771789,-0.010817196,0.95,0.48802245,0.2442874,0.0042599747,0.95,0.44944376,0.2475229,0.01881601,0.95,0.5823449,0.30967674,0.0011154647,0.95,0.36186263,0.30418754,0.005932828,0.95,0.63269943,0.39731252,0.035168376,0.95,0.3184902,0.3952226,0.0020522983,0.95,0.65941155,0.4236949,0.054442834,0.95,0.31256253,0.45432663,0.003954416,0.95,0.6442835,0.4491864,0.04871353,0.95,0.32792878,0.45621902,-0.0008356601,0.95,0.6404203,0.44361836,0.008316468,0.95,0.3238449,0.45031887,-0.003212558,0.95,0.6295872,0.43063366,0.032274596,0.95,0.34464815,0.457997,0.0038089866,0.95,0.5349947,0.5060876,0.030870752,0.95,0.40768403,0.50584424,-0.0037227469,0.95,0.57523143,0.6385718,0.024492824,0.95,0.39669335,0.6500621,0.013428036,0.95,0.5576844,0.7610755,0.4103296,0.95,0.43395516,0.75371605,0.26715308,0.95,0.50769854,0.75394267,0.44834253,0.95,0.44880292,0.7682192,0.26736158,0.95,0.5757528,0.80901915,0.25092432,0.95,0.40688315,0.83009464,0.09660192,0.95,0.9,0.9,0.9,0.9,0.9,0.9,0.9,0.9,0.9,0.9,0.9,0.9,0.9,0.9,0.9,0.9,0.9,0.9,0.9,0.9,0.9,0.9,0.9,0.9,0.9,0.9,0.9,0.9,0.9,0.9,0.9,0.9,0.9
92,3.066666666666667,0.47881356,0.2366674,0.0074477354,0.95,0.4851333,0.22703122,0.012469143,0.95,0.50766444,0.22652338,0.011861137,0.95,0.49209282,0.22220008,0.013865411,0.95,0.47231847,0.2202804,0.0017116407,0.95,0.45124015,0.21276149,0.005883184,0.95,0.4423498,0.22845507,0.0117889885,0.95,0.51143414,0.23448801,0.008764448,0.95,0.4363208,0.22771789,-0.010817196,0.95,0.48802245,0.2442874,0.0042599747,0.95,0.44944376,0.2475229,0.018816015,0.95,0.5823449,0.30967674,0.0011154647,0.95,0.36186263,0.30418754,0.005932828,0.95,0.63269943,0.39731252,0.035168376,0.95,0.3184902,0.3952226,0.0020523095,0.95,0.65941155,0.4236949,0.054442838,0.95,0.31256253,0.45432663,0.003954416,0.95,0.6442835,0.4491864,0.048713528,0.95,0.32792878,0.45621902,-0.0008356601,0.95,0.6404203,0.44361836,0.008316468,0.95,0.3238449,0.45031887,-0.003212558,0.95,0.6295872,0.43063366,0.032274596,0.95,0.34464815,0.457997,0.0038089866,0.95,0.5349947,0.5060876,0.03087075,0.95,0.40768403,0.50584424,-0.0037227469,0.95,0.57523143,0.6385718,0.024492826,0.95,0.39669335,0.6500621,0.013428036,0.95,0.5576844,0.7610755,0.4103296,0.95,0.43395516,0.75371605,0.2671531,0.95,0.50769854,0.75394267,0.44834253,0.95,0.44880292,0.7682192,0.26736158,0.95,0.5757528,0.80901915,0.25092432,0.95,0.40688315,0.8300946,0.09660192,0.95,0.9,0.9,0.9,0.9,0.9,0.9,0.9,0.9,0.9,0.9,0.9,0.9,0.9,0.9,0.9,0.9,0.9,0.9,0.9,0.9,0.9,0.9,0.9,0.9,0.9,0.9,0.9,0.9,0.9,0.9,0.9,0.9,0.9
93,3.1,0.47881356,0.2366674,0.0074477354,0.95,0.4851333,0.22703122,0.012469141,0.95,0.50766444,0.22652338,0.011861137,0.95,0.49209282,0.22220008,0.013865409,0.95,0.47231847,0.2202804,0.0017116463,0.95,0.45124012,0.21276149,0.005883184,0.95,0.4423498,0.22845505,0.0117889885,0.95,0.51143414,0.23448803,0.008764448,0.95,0.4363208,0.22771789,-0.010817196,0.95,0.48802245,0.2442874,0.0042599784,0.95,0.44944376,0.2475229,0.018816011,0.95,0.5823449,0.30967674,0.0011154647,0.95,0.36186266,0.30418754,0.005932824,0.95,0.63269943,0.39731252,0.035168376,0.95,0.3184902,0.3952226,0.002052302,0.95,0.65941155,0.4236949,0.054442834,0.95,0.31256253,0.45432663,0.003954416,0.95,0.6442835,0.4491864,0.048713528,0.95,0.32792878,0.45621902,-0.0008356601,0.95,0.6404203,0.44361836,0.008316461,0.95,0.3238449,0.45031887,-0.003212558,0.95,0.6295872,0.43063366,0.032274596,0.95,0.34464815,0.457997,0.0038089866,0.95,0.5349947,0.5060876,0.03087075,0.95,0.40768403,0.50584424,-0.0037227506,0.95,0.57523143,0.6385718,0.024492824,0.95,0.39669335,0.6500621,0.013428036,0.95,0.5576844,0.7610755,0.4103296,0.95,0.43395516,0.75371605,0.2671531,0.95,0.50769854,0.75394267,0.44834253,0.95,0.44880292,0.7682192,0.26736158,0.95,0.5757528,0.80901915,0.25092432,0.95,0.40688315,0.8300946,0.09660192,0.95,0.9,0.9,0.9,0.9,0.9,0.9,0.9,0.9,0.9,0.9,0.9,0.9,0.9,0.9,0.9,0.9,0.9,0.9,0.9,0.9,0.9,0.9,0.9,0.9,0.9,0.9,0.9,0.9,0.9,0.9,0.9,0.9,0.9
94,3.1333333333333333,0.47881356,0.2366674,0.0074477373,0.95,0.4851333,0.22703122,0.012469141,0.95,0.50766444,0.22652337,0.011861137,0.95,0.49209282,0.22220008,0.013865411,0.95,0.47231847,0.2202804,0.0017116426,0.95,0.45124015,0.21276149,0.005883184,0.95,0.4423498,0.22845505,0.011788985,0.95,0.51143414,0.23448801,0.0087644495,0.95,0.4363208,0.22771789,-0.010817196,0.95,0.48802245,0.2442874,0.004259973,0.95,0.44944376,0.2475229,0.018816015,0.95,0.5823449,0.30967674,0.0011154647,0.95,0.36186266,0.30418754,0.005932824,0.95,0.63269943,0.39731252,0.035168376,0.95,0.3184902,0.3952226,0.0020523095,0.95,0.6594116,0.4236949,0.054442834,0.95,0.3125625,0.45432663,0.003954416,0.95,0.6442835,0.4491864,0.048713528,0.95,0.32792878,0.45621902,-0.0008356601,0.95,0.6404203,0.44361836,0.008316461,0.95,0.3238449,0.45031887,-0.003212558,0.95,0.6295872,0.43063366,0.032274596,0.95,0.34464815,0.457997,0.0038089866,0.95,0.5349947,0.5060876,0.03087075,0.95,0.40768403,0.50584424,-0.0037227506,0.95,0.57523143,0.6385718,0.024492824,0.95,0.39669335,0.6500621,0.013428034,0.95,0.5576844,0.7610755,0.4103296,0.95,0.43395516,0.75371605,0.26715308,0.95,0.50769854,0.75394267,0.44834253,0.95,0.44880292,0.7682192,0.26736158,0.95,0.5757528,0.80901915,0.25092432,0.95,0.40688315,0.8300946,0.09660192,0.95,0.9,0.9,0.9,0.9,0.9,0.9,0.9,0.9,0.9,0.9,0.9,0.9,0.9,0.9,0.9,0.9,0.9,0.9,0.9,0.9,0.9,0.9,0.9,0.9,0.9,0.9,0.9,0.9,0.9,0.9,0.9,0.9,0.9
95,3.1666666666666665,0.47881356,0.2366674,0.0074477354,0.95,0.4851333,0.22703122,0.012469141,0.95,0.50766444,0.22652338,0.011861137,0.95,0.49209282,0.22220008,0.013865408,0.95,0.47231847,0.2202804,0.0017116407,0.95,0.45124012,0.2127615,0.005883184,0.95,0.4423498,0.22845507,0.011788985,0.95,0.51143414,0.23448803,0.0087644495,0.95,0.4363208,0.22771789,-0.010817196,0.95,0.48802245,0.2442874,0.004259973,0.95,0.44944376,0.2475229,0.018816011,0.95,0.5823449,0.30967674,0.0011154647,0.95,0.36186266,0.30418754,0.005932824,0.95,0.63269943,0.39731252,0.035168376,0.95,0.3184902,0.3952226,0.002052302,0.95,0.6594116,0.4236949,0.054442834,0.95,0.31256253,0.45432663,0.003954416,0.95,0.6442835,0.4491864,0.048713528,0.95,0.32792878,0.45621902,-0.0008356638,0.95,0.6404203,0.44361836,0.008316461,0.95,0.3238449,0.45031887,-0.0032125656,0.95,0.6295872,0.43063366,0.032274596,0.95,0.34464815,0.457997,0.003808994,0.95,0.5349947,0.5060876,0.030870752,0.95,0.40768403,0.50584424,-0.0037227506,0.95,0.57523143,0.6385718,0.024492826,0.95,0.39669335,0.6500621,0.013428034,0.95,0.5576844,0.7610755,0.4103296,0.95,0.43395516,0.75371605,0.2671531,0.95,0.50769854,0.75394267,0.44834253,0.95,0.44880292,0.7682192,0.26736158,0.95,0.5757528,0.80901915,0.25092432,0.95,0.40688315,0.8300946,0.09660192,0.95,0.9,0.9,0.9,0.9,0.9,0.9,0.9,0.9,0.9,0.9,0.9,0.9,0.9,0.9,0.9,0.9,0.9,0.9,0.9,0.9,0.9,0.9,0.9,0.9,0.9,0.9,0.9,0.9,0.9,0.9,0.9,0.9,0.9
96,3.2,0.47881356,0.23666741,0.0074477354,0.95,0.4851333,0.22703122,0.012469141,0.95,0.50766444,0.22652337,0.011861137,0.95,0.49209282,0.22220008,0.013865411,0.95,0.47231847,0.2202804,0.0017116407,0.95,0.45124015,0.2127615,0.005883184,0.95,0.4423498,0.22845507,0.011788987,0.95,0.51143414,0.23448801,0.0087644495,0.95,0.4363208,0.22771789,-0.010817196,0.95,0.48802245,0.2442874,0.0042599747,0.95,0.44944376,0.2475229,0.018816011,0.95,0.5823449,0.30967674,0.0011154647,0.95,0.36186266,0.30418754,0.005932824,0.95,0.63269943,0.39731252,0.035168376,0.95,0.3184902,0.3952226,0.002052302,0.95,0.6594116,0.4236949,0.054442834,0.95,0.31256253,0.45432663,0.00395442,0.95,0.6442835,0.4491864,0.048713528,0.95,0.32792878,0.45621902,-0.0008356601,0.95,0.6404203,0.44361836,0.008316461,0.95,0.3238449,0.45031887,-0.003212558,0.95,0.6295872,0.43063366,0.032274596,0.95,0.34464815,0.457997,0.0038089904,0.95,0.5349947,0.5060876,0.030870752,0.95,0.40768403,0.50584424,-0.0037227506,0.95,0.57523143,0.6385718,0.024492826,0.95,0.39669335,0.6500621,0.013428034,0.95,0.5576844,0.7610755,0.4103296,0.95,0.43395516,0.75371605,0.26715308,0.95,0.50769854,0.75394267,0.44834256,0.95,0.44880292,0.7682192,0.26736158,0.95,0.5757528,0.80901915,0.2509243,0.95,0.40688315,0.8300946,0.09660192,0.95,0.9,0.9,0.9,0.9,0.9,0.9,0.9,0.9,0.9,0.9,0.9,0.9,0.9,0.9,0.9,0.9,0.9,0.9,0.9,0.9,0.9,0.9,0.9,0.9,0.9,0.9,0.9,0.9,0.9,0.9,0.9,0.9,0.9
97,3.2333333333333334,0.47881356,0.2366674,0.0074477354,0.95,0.4851333,0.22703122,0.012469141,0.95,0.50766444,0.22652337,0.011861137,0.95,0.49209282,0.22220008,0.013865409,0.95,0.47231847,0.2202804,0.0017116407,0.95,0.45124015,0.2127615,0.005883184,0.95,0.4423498,0.22845507,0.011788985,0.95,0.51143414,0.23448801,0.0087644495,0.95,0.4363208,0.22771789,-0.010817196,0.95,0.48802245,0.2442874,0.0042599747,0.95,0.44944376,0.2475229,0.018816011,0.95,0.5823449,0.30967674,0.0011154647,0.95,0.36186266,0.30418754,0.005932824,0.95,0.63269943,0.39731252,0.035168376,0.95,0.3184902,0.3952226,0.002052302,0.95,0.65941155,0.4236949,0.05444283,0.95,0.31256253,0.45432663,0.00395442,0.95,0.6442835,0.4491864,0.048713528,0.95,0.32792878,0.45621902,-0.0008356601,0.95,0.6404203,0.44361836,0.008316461,0.95,0.3238449,0.45031887,-0.003212558,0.95,0.6295872,0.43063366,0.032274596,0.95,0.34464815,0.457997,0.0038089904,0.95,0.5349947,0.5060876,0.03087075,0.95,0.40768403,0.50584424,-0.0037227506,0.95,0.57523143,0.6385718,0.024492826,0.95,0.39669335,0.6500621,0.013428034,0.95,0.5576844,0.7610755,0.4103296,0.95,0.43395516,0.75371605,0.2671531,0.95,0.50769854,0.75394267,0.44834253,0.95,0.44880292,0.7682192,0.26736158,0.95,0.5757528,0.80901915,0.2509243,0.95,0.40688315,0.8300946,0.09660192,0.95,0.9,0.9,0.9,0.9,0.9,0.9,0.9,0.9,0.9,0.9,0.9,0.9,0.9,0.9,0.9,0.9,0.9,0.9,0.9,0.9,0.9,0.9,0.9,0.9,0.9,0.9,0.9,0.9,0.9,0.9,0.9,0.9,0.9
98,3.2666666666666666,0.47881356,0.2366674,0.0074477373,0.95,0.4851333,0.22703122,0.012469143,0.95,0.50766444,0.22652337,0.011861133,0.95,0.49209282,0.22220008,0.013865411,0.95,0.47231847,0.2202804,0.0017116407,0.95,0.45124015,0.21276149,0.005883184,0.95,0.4423498,0.22845507,0.011788985,0.95,0.51143414,0.23448801,0.008764451,0.95,0.4363208,0.22771789,-0.010817196,0.95,0.48802245,0.2442874,0.0042599747,0.95,0.44944376,0.2475229,0.018816011,0.95,0.5823449,0.30967674,0.0011154647,0.95,0.36186266,0.30418754,0.005932824,0.95,0.63269943,0.39731252,0.035168376,0.95,0.3184902,0.3952226,0.0020522983,0.95,0.65941155,0.4236949,0.054442834,0.95,0.3125625,0.45432663,0.003954416,0.95,0.6442835,0.4491864,0.048713528,0.95,0.32792878,0.45621902,-0.0008356601,0.95,0.6404203,0.44361836,0.008316461,0.95,0.3238449,0.45031887,-0.003212558,0.95,0.6295872,0.43063366,0.032274596,0.95,0.34464815,0.457997,0.0038089904,0.95,0.5349947,0.5060876,0.030870752,0.95,0.40768403,0.50584424,-0.0037227469,0.95,0.57523143,0.6385718,0.024492824,0.95,0.39669335,0.6500621,0.013428034,0.95,0.5576844,0.7610755,0.4103296,0.95,0.43395516,0.75371605,0.2671531,0.95,0.50769854,0.75394267,0.44834253,0.95,0.44880292,0.7682192,0.26736158,0.95,0.5757528,0.80901915,0.25092432,0.95,0.40688315,0.8300946,0.09660192,0.95,0.9,0.9,0.9,0.9,0.9,0.9,0.9,0.9,0.9,0.9,0.9,0.9,0.9,0.9,0.9,0.9,0.9,0.9,0.9,0.9,0.9,0.9,0.9,0.9,0.9,0.9,0.9,0.9,0.9,0.9,0.9,0.9,0.9
99,3.3,0.47881356,0.2366674,0.0074477373,0.95,0.4851333,0.22703122,0.012469146,0.95,0.50766444,0.22652337,0.011861137,0.95,0.49209282,0.22220008,0.013865409,0.95,0.47231847,0.2202804,0.0017116407,0.95,0.45124015,0.21276149,0.0058831894,0.95,0.4423498,0.22845505,0.011788985,0.95,0.51143414,0.23448801,0.0087644495,0.95,0.4363208,0.22771789,-0.010817196,0.95,0.48802245,0.2442874,0.0042599784,0.95,0.44944373,0.2475229,0.018816015,0.95,0.5823449,0.30967674,0.0011154647,0.95,0.36186266,0.30418754,0.005932824,0.95,0.63269943,0.39731252,0.035168376,0.95,0.3184902,0.3952226,0.0020522983,0.95,0.65941155,0.4236949,0.054442834,0.95,0.3125625,0.45432663,0.00395442,0.95,0.6442835,0.4491864,0.048713524,0.95,0.32792878,0.45621902,-0.0008356638,0.95,0.6404203,0.44361836,0.008316461,0.95,0.3238449,0.45031887,-0.003212558,0.95,0.6295872,0.43063366,0.0322746,0.95,0.34464815,0.457997,0.0038089904,0.95,0.5349947,0.5060876,0.030870752,0.95,0.40768403,0.50584424,-0.0037227506,0.95,0.57523143,0.6385718,0.024492824,0.95,0.39669335,0.6500621,0.013428034,0.95,0.5576844,0.7610755,0.4103296,0.95,0.43395516,0.75371605,0.2671531,0.95,0.50769854,0.75394267,0.4483425,0.95,0.44880292,0.7682192,0.26736158,0.95,0.5757528,0.80901915,0.2509243,0.95,0.40688315,0.8300946,0.09660192,0.95,0.9,0.9,0.9,0.9,0.9,0.9,0.9,0.9,0.9,0.9,0.9,0.9,0.9,0.9,0.9,0.9,0.9,0.9,0.9,0.9,0.9,0.9,0.9,0.9,0.9,0.9,0.9,0.9,0.9,0.9,0.9,0.9,0.9
100,3.3333333333333335,0.47881356,0.2366674,0.0074477373,0.95,0.4851333,0.22703122,0.012469143,0.95,0.50766444,0.22652338,0.011861135,0.95,0.49209282,0.22220008,0.013865411,0.95,0.47231847,0.2202804,0.0017116407,0.95,0.45124015,0.21276149,0.005883184,0.95,0.4423498,0.22845507,0.011788985,0.95,0.51143414,0.23448801,0.008764448,0.95,0.4363208,0.22771789,-0.010817196,0.95,0.48802245,0.2442874,0.0042599784,0.95,0.44944376,0.2475229,0.018816015,0.95,0.5823449,0.30967674,0.0011154647,0.95,0.36186266,0.30418754,0.005932824,0.95,0.63269943,0.39731252,0.035168376,0.95,0.3184902,0.3952226,0.0020522983,0.95,0.6594116,0.4236949,0.05444283,0.95,0.31256253,0.45432663,0.00395442,0.95,0.6442835,0.4491864,0.048713528,0.95,0.32792878,0.45621902,-0.0008356638,0.95,0.6404203,0.44361836,0.008316461,0.95,0.3238449,0.45031887,-0.003212558,0.95,0.6295872,0.43063366,0.032274596,0.95,0.34464815,0.457997,0.003808994,0.95,0.5349947,0.5060876,0.03087075,0.95,0.40768403,0.50584424,-0.0037227506,0.95,0.57523143,0.6385718,0.024492824,0.95,0.39669335,0.6500621,0.013428034,0.95,0.5576844,0.7610755,0.4103296,0.95,0.43395516,0.75371605,0.2671531,0.95,0.50769854,0.75394267,0.44834253,0.95,0.44880292,0.7682192,0.26736158,0.95,0.5757528,0.80901915,0.2509243,0.95,0.40688315,0.8300946,0.09660192,0.95,0.9,0.9,0.9,0.9,0.9,0.9,0.9,0.9,0.9,0.9,0.9,0.9,0.9,0.9,0.9,0.9,0.9,0.9,0.9,0.9,0.9,0.9,0.9,0.9,0.9,0.9,0.9,0.9,0.9,0.9,0.9,0.9,0.9
101,3.3666666666666667,0.47881356,0.2366674,0.0074477373,0.95,0.4851333,0.22703122,0.012469146,0.95,0.50766444,0.22652338,0.011861133,0.95,0.49209282,0.22220008,0.013865411,0.95,0.47231847,0.2202804,0.0017116407,0.95,0.45124015,0.21276149,0.005883184,0.95,0.4423498,0.22845507,0.011788987,0.95,0.51143414,0.23448801,0.0087644495,0.95,0.4363208,0.22771789,-0.010817196,0.95,0.48802245,0.2442874,0.004259973,0.95,0.44944376,0.2475229,0.018816015,0.95,0.5823449,0.30967674,0.0011154647,0.95,0.36186266,0.30418754,0.005932824,0.95,0.63269943,0.39731252,0.035168376,0.95,0.3184902,0.3952226,0.0020522983,0.95,0.6594116,0.4236949,0.054442834,0.95,0.31256253,0.45432663,0.00395442,0.95,0.6442835,0.4491864,0.048713528,0.95,0.32792878,0.45621902,-0.0008356638,0.95,0.6404203,0.44361836,0.008316461,0.95,0.3238449,0.45031887,-0.0032125544,0.95,0.6295872,0.43063366,0.032274596,0.95,0.34464815,0.457997,0.003808994,0.95,0.5349947,0.5060876,0.030870752,0.95,0.40768403,0.50584424,-0.0037227506,0.95,0.57523143,0.6385718,0.024492824,0.95,0.39669335,0.6500621,0.013428034,0.95,0.5576844,0.7610755,0.4103296,0.95,0.43395516,0.75371605,0.2671531,0.95,0.50769854,0.75394267,0.44834253,0.95,0.44880292,0.7682192,0.26736158,0.95,0.5757528,0.80901915,0.2509243,0.95,0.40688315,0.8300946,0.09660192,0.95,0.9,0.9,0.9,0.9,0.9,0.9,0.9,0.9,0.9,0.9,0.9,0.9,0.9,0.9,0.9,0.9,0.9,0.9,0.9,0.9,0.9,0.9,0.9,0.9,0.9,0.9,0.9,0.9,0.9,0.9,0.9,0.9,0.9
102,3.4,0.47881356,0.2366674,0.0074477373,0.95,0.4851333,0.22703122,0.012469143,0.95,0.50766444,0.22652338,0.011861133,0.95,0.49209282,0.22220008,0.013865409,0.95,0.47231847,0.2202804,0.001711637,0.95,0.45124015,0.21276149,0.005883184,0.95,0.4423498,0.22845507,0.011788985,0.95,0.51143414,0.23448801,0.0087644495,0.95,0.4363208,0.22771789,-0.010817196,0.95,0.48802245,0.2442874,0.0042599747,0.95,0.44944376,0.2475229,0.018816013,0.95,0.5823449,0.30967674,0.0011154647,0.95,0.36186266,0.30418754,0.005932828,0.95,0.63269943,0.39731252,0.035168376,0.95,0.31849024,0.3952226,0.0020522983,0.95,0.65941155,0.4236949,0.054442834,0.95,0.3125625,0.45432663,0.00395442,0.95,0.6442835,0.4491864,0.048713524,0.95,0.32792878,0.45621902,-0.0008356638,0.95,0.6404203,0.44361836,0.008316461,0.95,0.3238449,0.45031887,-0.0032125544,0.95,0.6295872,0.43063366,0.032274596,0.95,0.34464815,0.457997,0.0038089904,0.95,0.5349947,0.5060876,0.030870752,0.95,0.40768403,0.50584424,-0.0037227506,0.95,0.57523143,0.6385718,0.024492826,0.95,0.39669335,0.6500621,0.013428029,0.95,0.5576844,0.7610755,0.4103296,0.95,0.43395516,0.75371605,0.2671531,0.95,0.50769854,0.75394267,0.4483425,0.95,0.44880292,0.7682192,0.26736158,0.95,0.5757528,0.80901915,0.2509243,0.95,0.40688315,0.8300946,0.09660192,0.95,0.9,0.9,0.9,0.9,0.9,0.9,0.9,0.9,0.9,0.9,0.9,0.9,0.9,0.9,0.9,0.9,0.9,0.9,0.9,0.9,0.9,0.9,0.9,0.9,0.9,0.9,0.9,0.9,0.9,0.9,0.9,0.9,0.9
103,3.433333333333333,0.47881356,0.2366674,0.0074477373,0.95,0.4851333,0.22703122,0.012469143,0.95,0.50766444,0.22652337,0.011861133,0.95,0.49209282,0.22220008,0.013865411,0.95,0.47231847,0.2202804,0.0017116407,0.95,0.45124015,0.21276149,0.005883184,0.95,0.4423498,0.22845505,0.011788985,0.95,0.51143414,0.23448801,0.0087644495,0.95,0.4363208,0.22771789,-0.010817196,0.95,0.48802245,0.2442874,0.0042599747,0.95,0.44944373,0.2475229,0.018816013,0.95,0.5823449,0.30967674,0.0011154647,0.95,0.36186266,0.30418754,0.005932824,0.95,0.63269943,0.39731252,0.035168376,0.95,0.3184902,0.3952226,0.0020522983,0.95,0.65941155,0.4236949,0.054442834,0.95,0.31256253,0.45432663,0.00395442,0.95,0.6442835,0.4491864,0.048713528,0.95,0.32792878,0.45621902,-0.0008356638,0.95,0.6404203,0.44361836,0.008316468,0.95,0.3238449,0.45031887,-0.0032125544,0.95,0.6295872,0.43063366,0.032274596,0.95,0.34464815,0.457997,0.0038089866,0.95,0.5349947,0.5060876,0.030870754,0.95,0.40768403,0.50584424,-0.0037227469,0.95,0.57523143,0.6385718,0.024492824,0.95,0.39669335,0.6500621,0.013428031,0.95,0.5576844,0.7610755,0.4103296,0.95,0.43395516,0.75371605,0.2671531,0.95,0.50769854,0.75394267,0.4483425,0.95,0.44880292,0.7682192,0.26736158,0.95,0.5757528,0.80901915,0.2509243,0.95,0.40688315,0.8300946,0.09660192,0.95,0.9,0.9,0.9,0.9,0.9,0.9,0.9,0.9,0.9,0.9,0.9,0.9,0.9,0.9,0.9,0.9,0.9,0.9,0.9,0.9,0.9,0.9,0.9,0.9,0.9,0.9,0.9,0.9,0.9,0.9,0.9,0.9,0.9
104,3.466666666666667,0.47881356,0.2366674,0.0074477373,0.95,0.4851333,0.22703122,0.012469143,0.95,0.50766444,0.22652338,0.011861133,0.95,0.49209282,0.22220008,0.013865411,0.95,0.47231847,0.2202804,0.0017116407,0.95,0.45124015,0.21276149,0.005883184,0.95,0.4423498,0.22845505,0.0117889885,0.95,0.51143414,0.23448803,0.0087644495,0.95,0.4363208,0.22771789,-0.010817196,0.95,0.48802245,0.2442874,0.0042599784,0.95,0.44944373,0.2475229,0.018816013,0.95,0.5823449,0.30967674,0.0011154647,0.95,0.36186266,0.30418754,0.005932824,0.95,0.63269943,0.39731252,0.035168372,0.95,0.3184902,0.3952226,0.002052302,0.95,0.65941155,0.4236949,0.054442834,0.95,0.31256253,0.45432663,0.00395442,0.95,0.6442835,0.4491864,0.048713528,0.95,0.32792878,0.45621902,-0.0008356638,0.95,0.6404203,0.44361836,0.008316468,0.95,0.3238449,0.45031887,-0.0032125544,0.95,0.6295872,0.43063366,0.0322746,0.95,0.34464815,0.457997,0.0038089904,0.95,0.5349947,0.5060876,0.030870752,0.95,0.40768403,0.50584424,-0.0037227506,0.95,0.57523143,0.6385718,0.024492823,0.95,0.39669335,0.6500621,0.013428034,0.95,0.5576844,0.7610755,0.4103296,0.95,0.43395516,0.753716,0.2671531,0.95,0.50769854,0.75394267,0.44834253,0.95,0.44880292,0.7682192,0.26736158,0.95,0.5757528,0.80901915,0.2509243,0.95,0.40688315,0.8300946,0.09660192,0.95,0.9,0.9,0.9,0.9,0.9,0.9,0.9,0.9,0.9,0.9,0.9,0.9,0.9,0.9,0.9,0.9,0.9,0.9,0.9,0.9,0.9,0.9,0.9,0.9,0.9,0.9,0.9,0.9,0.9,0.9,0.9,0.9,0.9
105,3.5,0.47881356,0.2366674,0.0074477373,0.95,0.4851333,0.22703122,0.012469143,0.95,0.50766444,0.22652338,0.011861133,0.95,0.49209282,0.22220008,0.013865413,0.95,0.47231847,0.2202804,0.0017116407,0.95,0.45124015,0.21276149,0.0058831894,0.95,0.4423498,0.22845505,0.0117889885,0.95,0.51143414,0.23448803,0.0087644495,0.95,0.4363208,0.22771789,-0.010817196,0.95,0.48802245,0.2442874,0.0042599784,0.95,0.44944373,0.2475229,0.018816015,0.95,0.5823449,0.30967674,0.0011154647,0.95,0.36186266,0.30418754,0.005932824,0.95,0.63269943,0.39731252,0.035168372,0.95,0.3184902,0.3952226,0.0020522983,0.95,0.65941155,0.4236949,0.054442827,0.95,0.31256253,0.45432663,0.00395442,0.95,0.6442835,0.4491864,0.048713528,0.95,0.32792878,0.45621902,-0.0008356601,0.95,0.6404203,0.44361836,0.008316461,0.95,0.3238449,0.45031887,-0.0032125544,0.95,0.6295872,0.43063366,0.0322746,0.95,0.34464815,0.457997,0.003808994,0.95,0.5349947,0.5060876,0.030870752,0.95,0.40768403,0.50584424,-0.0037227506,0.95,0.57523143,0.6385718,0.024492824,0.95,0.39669335,0.6500621,0.013428031,0.95,0.5576844,0.7610755,0.4103296,0.95,0.43395516,0.753716,0.2671531,0.95,0.50769854,0.75394267,0.44834253,0.95,0.44880292,0.7682192,0.26736158,0.95,0.5757528,0.80901915,0.2509243,0.95,0.40688315,0.8300946,0.09660191,0.95,0.9,0.9,0.9,0.9,0.9,0.9,0.9,0.9,0.9,0.9,0.9,0.9,0.9,0.9,0.9,0.9,0.9,0.9,0.9,0.9,0.9,0.9,0.9,0.9,0.9,0.9,0.9,0.9,0.9,0.9,0.9,0.9,0.9
106,3.533333333333333,0.47881356,0.2366674,0.0074477373,0.95,0.4851333,0.22703122,0.012469143,0.95,0.50766444,0.22652338,0.011861133,0.95,0.49209282,0.22220008,0.013865411,0.95,0.47231847,0.2202804,0.0017116407,0.95,0.45124015,0.21276149,0.005883184,0.95,0.4423498,0.22845507,0.011788987,0.95,0.51143414,0.23448801,0.008764448,0.95,0.4363208,0.22771789,-0.010817196,0.95,0.48802245,0.24428739,0.0042599784,0.95,0.44944373,0.2475229,0.018816017,0.95,0.5823449,0.30967674,0.0011154647,0.95,0.36186266,0.30418754,0.005932824,0.95,0.63269943,0.39731252,0.035168376,0.95,0.3184902,0.3952226,0.0020522983,0.95,0.65941155,0.4236949,0.054442827,0.95,0.31256253,0.45432663,0.003954416,0.95,0.6442835,0.4491864,0.048713528,0.95,0.32792878,0.45621902,-0.0008356638,0.95,0.6404203,0.44361836,0.008316468,0.95,0.3238449,0.45031887,-0.0032125544,0.95,0.6295872,0.43063366,0.0322746,0.95,0.34464815,0.457997,0.0038089904,0.95,0.5349947,0.5060876,0.030870752,0.95,0.40768403,0.50584424,-0.0037227506,0.95,0.57523143,0.6385718,0.024492824,0.95,0.39669335,0.6500621,0.013428034,0.95,0.5576844,0.7610755,0.4103296,0.95,0.43395516,0.753716,0.2671531,0.95,0.50769854,0.75394267,0.44834253,0.95,0.44880292,0.7682192,0.26736158,0.95,0.5757528,0.80901915,0.2509243,0.95,0.40688315,0.8300946,0.09660191,0.95,0.9,0.9,0.9,0.9,0.9,0.9,0.9,0.9,0.9,0.9,0.9,0.9,0.9,0.9,0.9,0.9,0.9,0.9,0.9,0.9,0.9,0.9,0.9,0.9,0.9,0.9,0.9,0.9,0.9,0.9,0.9,0.9,0.9
107,3.566666666666667,0.47881356,0.2366674,0.0074477373,0.95,0.4851333,0.22703122,0.012469143,0.95,0.50766444,0.22652338,0.0118611315,0.95,0.49209282,0.22220008,0.013865411,0.95,0.47231847,0.2202804,0.0017116407,0.95,0.45124015,0.21276149,0.005883184,0.95,0.4423498,0.22845507,0.011788985,0.95,0.51143414,0.23448801,0.008764448,0.95,0.4363208,0.22771789,-0.010817196,0.95,0.48802245,0.24428739,0.0042599747,0.95,0.44944373,0.2475229,0.018816013,0.95,0.5823449,0.30967674,0.0011154647,0.95,0.36186266,0.30418754,0.005932824,0.95,0.63269943,0.39731252,0.035168372,0.95,0.3184902,0.3952226,0.002052302,0.95,0.6594116,0.4236949,0.05444283,0.95,0.31256253,0.45432663,0.00395442,0.95,0.6442835,0.4491864,0.048713528,0.95,0.32792878,0.45621902,-0.0008356638,0.95,0.6404203,0.44361836,0.008316468,0.95,0.3238449,0.45031887,-0.0032125544,0.95,0.6295872,0.43063366,0.032274596,0.95,0.34464815,0.457997,0.003808994,0.95,0.5349947,0.5060876,0.030870752,0.95,0.40768403,0.50584424,-0.0037227506,0.95,0.57523143,0.6385718,0.024492824,0.95,0.39669335,0.6500621,0.013428031,0.95,0.5576844,0.7610755,0.4103296,0.95,0.43395516,0.753716,0.2671531,0.95,0.50769854,0.75394267,0.4483425,0.95,0.44880292,0.7682192,0.26736158,0.95,0.5757528,0.80901915,0.2509243,0.95,0.40688315,0.8300946,0.09660191,0.95,0.9,0.9,0.9,0.9,0.9,0.9,0.9,0.9,0.9,0.9,0.9,0.9,0.9,0.9,0.9,0.9,0.9,0.9,0.9,0.9,0.9,0.9,0.9,0.9,0.9,0.9,0.9,0.9,0.9,0.9,0.9,0.9,0.9
108,3.6,0.47881356,0.2366674,0.0074477373,0.95,0.4851333,0.22703122,0.012469143,0.95,0.50766444,0.22652338,0.011861133,0.95,0.49209282,0.22220008,0.013865411,0.95,0.47231847,0.2202804,0.0017116407,0.95,0.45124015,0.21276149,0.005883184,0.95,0.4423498,0.22845507,0.011788985,0.95,0.51143414,0.23448801,0.0087644495,0.95,0.4363208,0.22771789,-0.010817196,0.95,0.48802245,0.24428739,0.0042599784,0.95,0.44944373,0.2475229,0.018816015,0.95,0.5823449,0.30967674,0.0011154647,0.95,0.36186266,0.30418754,0.005932824,0.95,0.63269943,0.39731252,0.035168372,0.95,0.3184902,0.3952226,0.0020522983,0.95,0.65941155,0.4236949,0.05444283,0.95,0.31256253,0.45432663,0.00395442,0.95,0.6442835,0.4491864,0.048713528,0.95,0.32792878,0.45621902,-0.0008356638,0.95,0.6404203,0.44361836,0.008316468,0.95,0.3238449,0.45031887,-0.0032125544,0.95,0.6295872,0.43063366,0.0322746,0.95,0.34464815,0.457997,0.003808994,0.95,0.5349947,0.5060876,0.030870752,0.95,0.40768403,0.50584424,-0.0037227469,0.95,0.57523143,0.6385718,0.024492824,0.95,0.39669335,0.6500621,0.013428031,0.95,0.5576844,0.7610755,0.4103296,0.95,0.43395516,0.753716,0.2671531,0.95,0.50769854,0.75394267,0.4483425,0.95,0.44880292,0.7682192,0.26736158,0.95,0.5757528,0.80901915,0.2509243,0.95,0.40688315,0.8300946,0.09660192,0.95,0.9,0.9,0.9,0.9,0.9,0.9,0.9,0.9,0.9,0.9,0.9,0.9,0.9,0.9,0.9,0.9,0.9,0.9,0.9,0.9,0.9,0.9,0.9,0.9,0.9,0.9,0.9,0.9,0.9,0.9,0.9,0.9,0.9
109,3.6333333333333333,0.47881356,0.2366674,0.0074477373,0.95,0.4851333,0.22703122,0.012469143,0.95,0.50766444,0.22652338,0.0118611315,0.95,0.49209282,0.22220008,0.013865411,0.95,0.47231847,0.2202804,0.0017116407,0.95,0.45124015,0.21276149,0.005883184,0.95,0.4423498,0.22845507,0.0117889885,0.95,0.51143414,0.23448801,0.008764448,0.95,0.4363208,0.22771789,-0.010817189,0.95,0.48802245,0.2442874,0.0042599747,0.95,0.44944373,0.2475229,0.018816013,0.95,0.5823449,0.30967674,0.0011154647,0.95,0.36186266,0.30418754,0.005932828,0.95,0.63269943,0.39731252,0.035168376,0.95,0.3184902,0.3952226,0.0020522983,0.95,0.6594116,0.4236949,0.054442834,0.95,0.31256253,0.45432663,0.003954416,0.95,0.6442835,0.4491864,0.048713528,0.95,0.32792878,0.45621902,-0.00083566754,0.95,0.6404203,0.44361836,0.008316461,0.95,0.3238449,0.45031887,-0.0032125544,0.95,0.6295872,0.43063366,0.032274596,0.95,0.34464815,0.457997,0.003808994,0.95,0.5349947,0.5060876,0.030870752,0.95,0.40768403,0.50584424,-0.0037227506,0.95,0.57523143,0.6385718,0.024492823,0.95,0.39669335,0.6500621,0.013428031,0.95,0.5576844,0.7610755,0.4103296,0.95,0.43395516,0.75371605,0.2671531,0.95,0.50769854,0.75394267,0.4483425,0.95,0.44880292,0.7682192,0.26736158,0.95,0.5757528,0.80901915,0.2509243,0.95,0.40688315,0.83009464,0.09660192,0.95,0.9,0.9,0.9,0.9,0.9,0.9,0.9,0.9,0.9,0.9,0.9,0.9,0.9,0.9,0.9,0.9,0.9,0.9,0.9,0.9,0.9,0.9,0.9,0.9,0.9,0.9,0.9,0.9,0.9,0.9,0.9,0.9,0.9
110,3.6666666666666665,0.47881356,0.2366674,0.0074477373,0.95,0.4851333,0.22703122,0.012469143,0.95,0.50766444,0.22652338,0.011861135,0.95,0.49209282,0.22220008,0.013865411,0.95,0.47231847,0.2202804,0.0017116407,0.95,0.45124015,0.21276149,0.005883184,0.95,0.4423498,0.22845507,0.011788985,0.95,0.51143414,0.23448801,0.008764448,0.95,0.4363208,0.22771789,-0.010817189,0.95,0.48802245,0.24428739,0.0042599747,0.95,0.44944373,0.2475229,0.018816011,0.95,0.5823449,0.30967674,0.0011154647,0.95,0.36186266,0.30418754,0.005932824,0.95,0.63269943,0.39731255,0.035168376,0.95,0.3184902,0.3952226,0.0020522946,0.95,0.6594116,0.4236949,0.054442834,0.95,0.31256253,0.45432663,0.003954416,0.95,0.6442835,0.4491864,0.048713524,0.95,0.32792878,0.45621902,-0.00083566754,0.95,0.6404203,0.44361836,0.008316461,0.95,0.3238449,0.45031887,-0.003212558,0.95,0.6295872,0.43063366,0.0322746,0.95,0.34464815,0.457997,0.0038089904,0.95,0.5349947,0.5060876,0.030870752,0.95,0.40768403,0.50584424,-0.0037227469,0.95,0.57523143,0.6385718,0.024492823,0.95,0.39669335,0.6500621,0.013428036,0.95,0.5576844,0.7610755,0.4103296,0.95,0.43395516,0.753716,0.2671531,0.95,0.50769854,0.75394267,0.44834253,0.95,0.44880292,0.7682192,0.26736158,0.95,0.5757528,0.80901915,0.2509243,0.95,0.40688315,0.83009464,0.09660192,0.95,0.9,0.9,0.9,0.9,0.9,0.9,0.9,0.9,0.9,0.9,0.9,0.9,0.9,0.9,0.9,0.9,0.9,0.9,0.9,0.9,0.9,0.9,0.9,0.9,0.9,0.9,0.9,0.9,0.9,0.9,0.9,0.9,0.9
111,3.7,0.47881356,0.2366674,0.0074477373,0.95,0.4851333,0.22703122,0.012469143,0.95,0.50766444,0.22652338,0.011861133,0.95,0.49209282,0.22220008,0.013865411,0.95,0.47231847,0.2202804,0.0017116407,0.95,0.45124015,0.21276149,0.005883184,0.95,0.4423498,0.22845507,0.0117889885,0.95,0.51143414,0.23448801,0.0087644495,0.95,0.4363208,0.22771789,-0.010817189,0.95,0.48802245,0.2442874,0.0042599747,0.95,0.44944373,0.2475229,0.018816011,0.95,0.5823449,0.30967674,0.0011154647,0.95,0.36186266,0.30418754,0.005932828,0.95,0.63269943,0.39731255,0.035168372,0.95,0.3184902,0.3952226,0.0020522946,0.95,0.6594116,0.4236949,0.05444283,0.95,0.31256253,0.45432663,0.003954416,0.95,0.6442835,0.4491864,0.048713524,0.95,0.32792878,0.45621902,-0.00083566754,0.95,0.6404203,0.44361836,0.008316461,0.95,0.3238449,0.45031887,-0.003212558,0.95,0.6295872,0.43063366,0.032274596,0.95,0.34464815,0.457997,0.0038089904,0.95,0.5349947,0.5060876,0.030870754,0.95,0.40768403,0.50584424,-0.0037227469,0.95,0.57523143,0.6385718,0.024492823,0.95,0.39669335,0.6500621,0.013428036,0.95,0.5576844,0.7610755,0.4103296,0.95,0.43395516,0.753716,0.2671531,0.95,0.50769854,0.75394267,0.44834253,0.95,0.44880292,0.7682192,0.26736158,0.95,0.5757528,0.80901915,0.2509243,0.95,0.40688315,0.83009464,0.09660192,0.95,0.9,0.9,0.9,0.9,0.9,0.9,0.9,0.9,0.9,0.9,0.9,0.9,0.9,0.9,0.9,0.9,0.9,0.9,0.9,0.9,0.9,0.9,0.9,0.9,0.9,0.9,0.9,0.9,0.9,0.9,0.9,0.9,0.9
112,3.7333333333333334,0.47881356,0.2366674,0.0074477373,0.95,0.4851333,0.22703122,0.012469143,0.95,0.50766444,0.22652338,0.0118611315,0.95,0.49209282,0.22220008,0.013865409,0.95,0.47231847,0.2202804,0.0017116407,0.95,0.45124015,0.21276149,0.005883184,0.95,0.4423498,0.22845507,0.0117889885,0.95,0.51143414,0.23448801,0.0087644495,0.95,0.4363208,0.22771789,-0.010817189,0.95,0.48802245,0.2442874,0.0042599784,0.95,0.44944373,0.2475229,0.018816013,0.95,0.5823449,0.30967674,0.0011154647,0.95,0.36186266,0.30418754,0.005932828,0.95,0.63269943,0.39731252,0.035168372,0.95,0.3184902,0.3952226,0.0020522983,0.95,0.6594116,0.4236949,0.05444283,0.95,0.31256253,0.45432663,0.003954416,0.95,0.6442835,0.4491864,0.04871352,0.95,0.32792878,0.45621902,-0.00083566754,0.95,0.6404203,0.44361836,0.008316461,0.95,0.3238449,0.45031887,-0.0032125544,0.95,0.6295872,0.43063366,0.032274596,0.95,0.34464815,0.457997,0.0038089866,0.95,0.5349947,0.5060876,0.030870752,0.95,0.40768403,0.50584424,-0.0037227469,0.95,0.57523143,0.6385718,0.024492824,0.95,0.39669335,0.6500621,0.013428034,0.95,0.5576844,0.7610755,0.4103296,0.95,0.43395516,0.75371605,0.2671531,0.95,0.50769854,0.75394267,0.4483425,0.95,0.44880292,0.7682192,0.26736158,0.95,0.5757528,0.80901915,0.2509243,0.95,0.40688318,0.83009464,0.09660191,0.95,0.9,0.9,0.9,0.9,0.9,0.9,0.9,0.9,0.9,0.9,0.9,0.9,0.9,0.9,0.9,0.9,0.9,0.9,0.9,0.9,0.9,0.9,0.9,0.9,0.9,0.9,0.9,0.9,0.9,0.9,0.9,0.9,0.9
113,3.7666666666666666,0.47881356,0.2366674,0.007447741,0.95,0.4851333,0.22703122,0.012469143,0.95,0.50766444,0.22652338,0.011861133,0.95,0.49209282,0.22220008,0.013865409,0.95,0.47231847,0.2202804,0.0017116407,0.95,0.45124015,0.21276149,0.005883184,0.95,0.4423498,0.22845507,0.0117889885,0.95,0.51143414,0.23448801,0.0087644495,0.95,0.4363208,0.22771789,-0.010817189,0.95,0.48802245,0.2442874,0.0042599784,0.95,0.44944373,0.2475229,0.018816011,0.95,0.5823449,0.30967674,0.0011154647,0.95,0.36186266,0.30418754,0.005932828,0.95,0.63269943,0.39731252,0.035168376,0.95,0.3184902,0.3952226,0.0020522983,0.95,0.6594116,0.4236949,0.054442834,0.95,0.31256253,0.45432663,0.003954416,0.95,0.6442835,0.4491864,0.048713524,0.95,0.32792878,0.45621902,-0.0008356638,0.95,0.6404203,0.44361836,0.008316461,0.95,0.3238449,0.45031887,-0.0032125544,0.95,0.6295872,0.43063366,0.032274596,0.95,0.34464815,0.457997,0.0038089904,0.95,0.5349947,0.5060876,0.030870752,0.95,0.40768403,0.50584424,-0.0037227469,0.95,0.57523143,0.6385718,0.024492823,0.95,0.39669335,0.6500621,0.013428031,0.95,0.5576844,0.7610755,0.4103296,0.95,0.43395516,0.75371605,0.2671531,0.95,0.50769854,0.75394267,0.4483425,0.95,0.44880292,0.7682192,0.26736158,0.95,0.5757528,0.80901915,0.2509243,0.95,0.40688315,0.83009464,0.09660192,0.95,0.9,0.9,0.9,0.9,0.9,0.9,0.9,0.9,0.9,0.9,0.9,0.9,0.9,0.9,0.9,0.9,0.9,0.9,0.9,0.9,0.9,0.9,0.9,0.9,0.9,0.9,0.9,0.9,0.9,0.9,0.9,0.9,0.9
114,3.8,0.47881356,0.2366674,0.0074477373,0.95,0.4851333,0.22703122,0.012469143,0.95,0.50766444,0.22652338,0.011861133,0.95,0.49209282,0.22220008,0.013865411,0.95,0.47231847,0.2202804,0.0017116407,0.95,0.45124015,0.21276149,0.005883184,0.95,0.4423498,0.22845507,0.0117889885,0.95,0.51143414,0.23448801,0.0087644495,0.95,0.4363208,0.22771789,-0.010817189,0.95,0.48802245,0.2442874,0.0042599784,0.95,0.44944373,0.2475229,0.018816011,0.95,0.5823449,0.30967674,0.0011154647,0.95,0.36186266,0.30418754,0.005932828,0.95,0.63269943,0.39731252,0.035168376,0.95,0.3184902,0.3952226,0.0020522983,0.95,0.6594116,0.4236949,0.054442834,0.95,0.31256253,0.45432663,0.003954416,0.95,0.6442835,0.4491864,0.048713524,0.95,0.32792878,0.45621902,-0.0008356638,0.95,0.6404203,0.44361836,0.008316461,0.95,0.3238449,0.45031887,-0.003212558,0.95,0.6295872,0.43063366,0.032274596,0.95,0.34464815,0.457997,0.0038089866,0.95,0.5349947,0.5060876,0.030870752,0.95,0.40768403,0.50584424,-0.0037227506,0.95,0.57523143,0.6385718,0.024492824,0.95,0.39669335,0.6500621,0.013428034,0.95,0.5576844,0.7610755,0.4103296,0.95,0.43395516,0.75371605,0.2671531,0.95,0.50769854,0.75394267,0.4483425,0.95,0.44880292,0.7682192,0.26736158,0.95,0.5757528,0.80901915,0.2509243,0.95,0.40688315,0.83009464,0.09660192,0.95,0.9,0.9,0.9,0.9,0.9,0.9,0.9,0.9,0.9,0.9,0.9,0.9,0.9,0.9,0.9,0.9,0.9,0.9,0.9,0.9,0.9,0.9,0.9,0.9,0.9,0.9,0.9,0.9,0.9,0.9,0.9,0.9,0.9
115,3.8333333333333335,0.47881356,0.2366674,0.0074477373,0.95,0.4851333,0.22703122,0.012469146,0.95,0.50766444,0.22652338,0.011861135,0.95,0.49209282,0.22220008,0.013865411,0.95,0.47231847,0.2202804,0.0017116407,0.95,0.45124015,0.21276149,0.005883184,0.95,0.4423498,0.22845507,0.0117889885,0.95,0.51143414,0.23448801,0.008764451,0.95,0.4363208,0.22771789,-0.010817189,0.95,0.48802245,0.2442874,0.0042599784,0.95,0.44944373,0.2475229,0.018816011,0.95,0.5823449,0.30967674,0.0011154647,0.95,0.36186266,0.30418754,0.005932828,0.95,0.63269943,0.39731252,0.035168376,0.95,0.3184902,0.3952226,0.0020522983,0.95,0.6594116,0.4236949,0.054442834,0.95,0.31256253,0.45432663,0.003954416,0.95,0.6442835,0.4491864,0.048713524,0.95,0.32792878,0.45621902,-0.0008356638,0.95,0.6404203,0.44361836,0.008316457,0.95,0.3238449,0.45031887,-0.0032125544,0.95,0.6295872,0.43063366,0.032274596,0.95,0.34464815,0.457997,0.0038089866,0.95,0.5349947,0.5060876,0.030870752,0.95,0.40768403,0.50584424,-0.0037227506,0.95,0.57523143,0.6385718,0.024492823,0.95,0.39669335,0.6500621,0.013428031,0.95,0.5576844,0.7610755,0.4103296,0.95,0.43395516,0.75371605,0.2671531,0.95,0.50769854,0.75394267,0.4483425,0.95,0.44880292,0.7682192,0.26736158,0.95,0.5757528,0.80901915,0.2509243,0.95,0.40688315,0.83009464,0.09660192,0.95,0.9,0.9,0.9,0.9,0.9,0.9,0.9,0.9,0.9,0.9,0.9,0.9,0.9,0.9,0.9,0.9,0.9,0.9,0.9,0.9,0.9,0.9,0.9,0.9,0.9,0.9,0.9,0.9,0.9,0.9,0.9,0.9,0.9
116,3.8666666666666667,0.47881356,0.2366674,0.0074477373,0.95,0.4851333,0.22703122,0.012469146,0.95,0.50766444,0.22652338,0.011861135,0.95,0.49209282,0.22220008,0.013865411,0.95,0.47231847,0.2202804,0.0017116407,0.95,0.45124015,0.21276149,0.005883184,0.95,0.4423498,0.22845507,0.0117889885,0.95,0.51143414,0.23448801,0.008764451,0.95,0.4363208,0.22771789,-0.010817189,0.95,0.48802245,0.2442874,0.0042599784,0.95,0.44944373,0.2475229,0.018816011,0.95,0.5823449,0.30967674,0.0011154647,0.95,0.36186266,0.30418754,0.005932828,0.95,0.63269943,0.39731255,0.035168376,0.95,0.3184902,0.3952226,0.0020522983,0.95,0.6594116,0.4236949,0.054442834,0.95,0.31256253,0.45432663,0.003954416,0.95,0.6442835,0.4491864,0.048713524,0.95,0.32792878,0.45621902,-0.0008356638,0.95,0.6404203,0.44361836,0.008316461,0.95,0.3238449,0.45031887,-0.0032125544,0.95,0.6295872,0.43063366,0.032274596,0.95,0.34464815,0.457997,0.0038089866,0.95,0.5349947,0.5060876,0.030870752,0.95,0.40768403,0.50584424,-0.0037227506,0.95,0.57523143,0.6385718,0.024492824,0.95,0.39669335,0.6500621,0.013428031,0.95,0.5576844,0.7610755,0.4103296,0.95,0.43395516,0.75371605,0.2671531,0.95,0.50769854,0.75394267,0.4483425,0.95,0.44880292,0.7682192,0.26736158,0.95,0.5757528,0.80901915,0.2509243,0.95,0.40688315,0.83009464,0.09660191,0.95,0.9,0.9,0.9,0.9,0.9,0.9,0.9,0.9,0.9,0.9,0.9,0.9,0.9,0.9,0.9,0.9,0.9,0.9,0.9,0.9,0.9,0.9,0.9,0.9,0.9,0.9,0.9,0.9,0.9,0.9,0.9,0.9,0.9
117,3.9,0.47881356,0.2366674,0.0074477373,0.95,0.4851333,0.22703122,0.012469143,0.95,0.50766444,0.22652338,0.011861135,0.95,0.49209282,0.22220008,0.013865411,0.95,0.47231847,0.2202804,0.0017116407,0.95,0.45124015,0.21276149,0.005883184,0.95,0.4423498,0.22845507,0.0117889885,0.95,0.51143414,0.23448801,0.008764451,0.95,0.4363208,0.22771789,-0.010817189,0.95,0.48802245,0.2442874,0.0042599784,0.95,0.44944373,0.2475229,0.018816011,0.95,0.5823449,0.30967674,0.0011154647,0.95,0.36186266,0.30418754,0.005932828,0.95,0.63269943,0.39731255,0.035168376,0.95,0.3184902,0.3952226,0.0020522946,0.95,0.6594116,0.4236949,0.05444283,0.95,0.31256253,0.45432663,0.003954416,0.95,0.6442835,0.4491864,0.048713524,0.95,0.32792878,0.45621902,-0.0008356638,0.95,0.6404203,0.44361836,0.008316461,0.95,0.3238449,0.45031887,-0.0032125544,0.95,0.6295872,0.43063366,0.032274596,0.95,0.34464815,0.457997,0.0038089866,0.95,0.5349947,0.5060876,0.030870752,0.95,0.40768403,0.50584424,-0.0037227506,0.95,0.57523143,0.6385718,0.024492823,0.95,0.39669335,0.6500621,0.013428031,0.95,0.5576844,0.7610755,0.4103296,0.95,0.43395516,0.75371605,0.2671531,0.95,0.50769854,0.75394267,0.4483425,0.95,0.44880292,0.7682192,0.26736158,0.95,0.5757528,0.8090192,0.2509243,0.95,0.40688315,0.83009464,0.09660192,0.95,0.9,0.9,0.9,0.9,0.9,0.9,0.9,0.9,0.9,0.9,0.9,0.9,0.9,0.9,0.9,0.9,0.9,0.9,0.9,0.9,0.9,0.9,0.9,0.9,0.9,0.9,0.9,0.9,0.9,0.9,0.9,0.9,0.9
118,3.933333333333333,0.47881356,0.2366674,0.0074477373,0.95,0.4851333,0.22703122,0.012469143,0.95,0.50766444,0.22652338,0.011861135,0.95,0.49209282,0.22220008,0.013865411,0.95,0.47231847,0.2202804,0.0017116407,0.95,0.45124015,0.21276149,0.005883184,0.95,0.4423498,0.22845507,0.0117889885,0.95,0.51143414,0.23448801,0.008764451,0.95,0.4363208,0.22771789,-0.010817189,0.95,0.48802245,0.2442874,0.0042599784,0.95,0.44944373,0.2475229,0.018816011,0.95,0.5823449,0.30967674,0.0011154647,0.95,0.36186266,0.30418754,0.005932828,0.95,0.63269943,0.39731252,0.035168376,0.95,0.3184902,0.3952226,0.0020522983,0.95,0.6594116,0.4236949,0.054442834,0.95,0.31256253,0.45432663,0.003954416,0.95,0.6442835,0.4491864,0.048713524,0.95,0.32792878,0.45621902,-0.0008356638,0.95,0.6404203,0.44361836,0.008316457,0.95,0.3238449,0.45031887,-0.0032125544,0.95,0.6295872,0.43063366,0.032274596,0.95,0.34464815,0.457997,0.0038089866,0.95,0.5349947,0.5060876,0.030870752,0.95,0.40768403,0.50584424,-0.0037227506,0.95,0.57523143,0.6385718,0.024492823,0.95,0.39669335,0.6500621,0.013428031,0.95,0.5576844,0.7610755,0.4103296,0.95,0.43395516,0.75371605,0.2671531,0.95,0.50769854,0.75394267,0.4483425,0.95,0.44880292,0.7682192,0.26736158,0.95,0.5757528,0.80901915,0.2509243,0.95,0.40688315,0.83009464,0.09660192,0.95,0.9,0.9,0.9,0.9,0.9,0.9,0.9,0.9,0.9,0.9,0.9,0.9,0.9,0.9,0.9,0.9,0.9,0.9,0.9,0.9,0.9,0.9,0.9,0.9,0.9,0.9,0.9,0.9,0.9,0.9,0.9,0.9,0.9
119,3.966666666666667,0.47881356,0.2366674,0.0074477373,0.95,0.4851333,0.22703122,0.012469146,0.95,0.50766444,0.22652338,0.011861135,0.95,0.49209282,0.22220008,0.013865411,0.95,0.47231847,0.2202804,0.0017116407,0.95,0.45124015,0.21276149,0.005883184,0.95,0.4423498,0.22845507,0.0117889885,0.95,0.51143414,0.23448801,0.008764451,0.95,0.4363208,0.22771789,-0.010817189,0.95,0.48802245,0.2442874,0.0042599784,0.95,0.44944373,0.2475229,0.018816011,0.95,0.5823449,0.30967674,0.0011154647,0.95,0.36186266,0.30418754,0.005932828,0.95,0.63269943,0.39731252,0.035168376,0.95,0.3184902,0.3952226,0.0020522983,0.95,0.6594116,0.4236949,0.054442834,0.95,0.31256253,0.45432663,0.003954416,0.95,0.6442835,0.4491864,0.048713524,0.95,0.32792878,0.45621902,-0.0008356638,0.95,0.6404203,0.44361836,0.008316457,0.95,0.3238449,0.45031887,-0.0032125544,0.95,0.6295872,0.43063366,0.032274596,0.95,0.34464815,0.457997,0.0038089866,0.95,0.5349947,0.5060876,0.030870752,0.95,0.40768403,0.50584424,-0.0037227506,0.95,0.57523143,0.6385718,0.024492824,0.95,0.39669335,0.6500621,0.013428031,0.95,0.5576844,0.7610755,0.4103296,0.95,0.43395516,0.75371605,0.2671531,0.95,0.50769854,0.75394267,0.4483425,0.95,0.44880292,0.7682192,0.26736158,0.95,0.5757528,0.80901915,0.2509243,0.95,0.40688315,0.83009464,0.09660192,0.95,0.9,0.9,0.9,0.9,0.9,0.9,0.9,0.9,0.9,0.9,0.9,0.9,0.9,0.9,0.9,0.9,0.9,0.9,0.9,0.9,0.9,0.9,0.9,0.9,0.9,0.9,0.9,0.9,0.9,0.9,0.9,0.9,0.9
120,4.0,0.47881356,0.2366674,0.0074477373,0.95,0.4851333,0.22703122,0.012469146,0.95,0.50766444,0.22652338,0.011861135,0.95,0.49209282,0.22220008,0.013865413,0.95,0.47231847,0.2202804,0.0017116426,0.95,0.45124015,0.21276149,0.005883184,0.95,0.4423498,0.22845507,0.0117889885,0.95,0.51143414,0.23448801,0.008764451,0.95,0.4363208,0.22771789,-0.010817189,0.95,0.48802245,0.2442874,0.0042599784,0.95,0.44944373,0.2475229,0.018816011,0.95,0.5823449,0.30967674,0.0011154647,0.95,0.36186263,0.30418754,0.005932828,0.95,0.63269943,0.39731255,0.035168376,0.95,0.3184902,0.3952226,0.0020522983,0.95,0.6594116,0.4236949,0.05444283,0.95,0.31256253,0.45432663,0.003954416,0.95,0.6442835,0.4491864,0.048713524,0.95,0.32792878,0.45621902,-0.0008356638,0.95,0.6404203,0.44361836,0.008316457,0.95,0.3238449,0.45031887,-0.0032125544,0.95,0.6295872,0.43063366,0.032274596,0.95,0.34464815,0.457997,0.0038089904,0.95,0.5349947,0.5060876,0.030870754,0.95,0.40768403,0.50584424,-0.0037227506,0.95,0.57523143,0.6385718,0.024492824,0.95,0.39669335,0.6500621,0.013428031,0.95,0.5576844,0.7610755,0.4103296,0.95,0.43395516,0.753716,0.2671531,0.95,0.50769854,0.75394267,0.4483425,0.95,0.44880292,0.7682192,0.26736158,0.95,0.5757528,0.80901915,0.2509243,0.95,0.40688315,0.83009464,0.09660192,0.95,0.9,0.9,0.9,0.9,0.9,0.9,0.9,0.9,0.9,0.9,0.9,0.9,0.9,0.9,0.9,0.9,0.9,0.9,0.9,0.9,0.9,0.9,0.9,0.9,0.9,0.9,0.9,0.9,0.9,0.9,0.9,0.9,0.9
121,4.033333333333333,0.47881356,0.2366674,0.0074477354,0.95,0.4851333,0.22703122,0.012469146,0.95,0.50766444,0.22652338,0.011861135,0.95,0.49209282,0.22220008,0.013865413,0.95,0.47231847,0.2202804,0.0017116407,0.95,0.45124015,0.21276149,0.005883184,0.95,0.4423498,0.22845507,0.0117889885,0.95,0.51143414,0.23448801,0.008764451,0.95,0.4363208,0.22771789,-0.010817189,0.95,0.48802245,0.2442874,0.0042599784,0.95,0.44944373,0.2475229,0.018816011,0.95,0.5823449,0.30967674,0.0011154647,0.95,0.36186266,0.30418754,0.005932828,0.95,0.63269943,0.39731252,0.035168376,0.95,0.3184902,0.3952226,0.0020522946,0.95,0.6594116,0.4236949,0.054442834,0.95,0.31256253,0.45432663,0.003954416,0.95,0.6442835,0.4491864,0.048713524,0.95,0.32792878,0.45621902,-0.0008356638,0.95,0.6404203,0.44361836,0.008316457,0.95,0.3238449,0.45031887,-0.0032125544,0.95,0.6295872,0.43063366,0.032274596,0.95,0.34464815,0.457997,0.0038089904,0.95,0.5349947,0.5060876,0.030870752,0.95,0.40768403,0.50584424,-0.0037227506,0.95,0.57523143,0.6385718,0.024492824,0.95,0.39669335,0.6500621,0.013428031,0.95,0.5576844,0.7610755,0.4103296,0.95,0.43395516,0.753716,0.2671531,0.95,0.50769854,0.75394267,0.4483425,0.95,0.44880292,0.7682192,0.26736158,0.95,0.5757528,0.80901915,0.2509243,0.95,0.40688315,0.8300946,0.09660191,0.95,0.9,0.9,0.9,0.9,0.9,0.9,0.9,0.9,0.9,0.9,0.9,0.9,0.9,0.9,0.9,0.9,0.9,0.9,0.9,0.9,0.9,0.9,0.9,0.9,0.9,0.9,0.9,0.9,0.9,0.9,0.9,0.9,0.9
122,4.066666666666666,0.47881356,0.2366674,0.0074477373,0.95,0.4851333,0.22703122,0.012469146,0.95,0.50766444,0.22652338,0.011861135,0.95,0.49209282,0.22220008,0.013865411,0.95,0.47231847,0.22028041,0.0017116407,0.95,0.45124015,0.21276149,0.005883184,0.95,0.4423498,0.22845507,0.0117889885,0.95,0.51143414,0.23448801,0.008764451,0.95,0.4363208,0.22771789,-0.010817189,0.95,0.48802245,0.2442874,0.0042599784,0.95,0.44944373,0.2475229,0.018816011,0.95,0.5823449,0.30967674,0.0011154647,0.95,0.36186266,0.30418754,0.005932828,0.95,0.63269943,0.39731252,0.035168376,0.95,0.3184902,0.3952226,0.0020522983,0.95,0.6594116,0.4236949,0.054442834,0.95,0.31256253,0.45432663,0.003954416,0.95,0.6442835,0.4491864,0.048713524,0.95,0.32792878,0.45621902,-0.0008356638,0.95,0.6404203,0.44361836,0.008316461,0.95,0.3238449,0.45031887,-0.0032125544,0.95,0.6295872,0.43063366,0.032274596,0.95,0.34464815,0.457997,0.0038089866,0.95,0.5349947,0.5060876,0.030870752,0.95,0.40768403,0.50584424,-0.0037227506,0.95,0.57523143,0.6385718,0.024492824,0.95,0.39669335,0.6500621,0.013428034,0.95,0.5576844,0.7610755,0.4103296,0.95,0.43395516,0.75371605,0.2671531,0.95,0.50769854,0.75394267,0.4483425,0.95,0.44880292,0.7682192,0.26736158,0.95,0.5757528,0.80901915,0.2509243,0.95,0.40688315,0.83009464,0.09660192,0.95,0.9,0.9,0.9,0.9,0.9,0.9,0.9,0.9,0.9,0.9,0.9,0.9,0.9,0.9,0.9,0.9,0.9,0.9,0.9,0.9,0.9,0.9,0.9,0.9,0.9,0.9,0.9,0.9,0.9,0.9,0.9,0.9,0.9
123,4.1,0.47881356,0.2366674,0.0074477354,0.95,0.4851333,0.22703122,0.012469146,0.95,0.50766444,0.22652338,0.011861133,0.95,0.49209282,0.22220008,0.013865411,0.95,0.47231847,0.22028041,0.0017116407,0.95,0.45124015,0.21276149,0.005883184,0.95,0.4423498,0.22845507,0.0117889885,0.95,0.51143414,0.23448801,0.008764451,0.95,0.4363208,0.22771789,-0.010817189,0.95,0.48802245,0.2442874,0.0042599784,0.95,0.44944373,0.2475229,0.018816013,0.95,0.5823449,0.30967674,0.0011154647,0.95,0.36186266,0.30418754,0.005932828,0.95,0.63269943,0.39731255,0.035168376,0.95,0.3184902,0.3952226,0.0020522983,0.95,0.6594116,0.4236949,0.054442838,0.95,0.31256253,0.45432663,0.003954416,0.95,0.6442835,0.4491864,0.048713524,0.95,0.32792878,0.45621902,-0.0008356638,0.95,0.6404203,0.44361836,0.008316461,0.95,0.3238449,0.45031887,-0.003212558,0.95,0.6295872,0.43063366,0.032274596,0.95,0.34464815,0.457997,0.0038089866,0.95,0.5349947,0.5060876,0.030870752,0.95,0.40768403,0.50584424,-0.0037227506,0.95,0.57523143,0.6385718,0.024492824,0.95,0.39669335,0.6500621,0.013428034,0.95,0.5576844,0.7610755,0.4103296,0.95,0.43395516,0.75371605,0.2671531,0.95,0.50769854,0.75394267,0.4483425,0.95,0.44880292,0.7682192,0.26736158,0.95,0.5757528,0.80901915,0.2509243,0.95,0.40688315,0.83009464,0.09660192,0.95,0.9,0.9,0.9,0.9,0.9,0.9,0.9,0.9,0.9,0.9,0.9,0.9,0.9,0.9,0.9,0.9,0.9,0.9,0.9,0.9,0.9,0.9,0.9,0.9,0.9,0.9,0.9,0.9,0.9,0.9,0.9,0.9,0.9
124,4.133333333333334,0.47881356,0.2366674,0.0074477354,0.95,0.4851333,0.22703122,0.012469143,0.95,0.50766444,0.22652338,0.011861135,0.95,0.49209282,0.22220008,0.013865411,0.95,0.47231847,0.22028041,0.0017116407,0.95,0.45124012,0.21276149,0.005883184,0.95,0.4423498,0.22845507,0.0117889885,0.95,0.51143414,0.23448801,0.008764451,0.95,0.4363208,0.22771789,-0.010817189,0.95,0.48802245,0.2442874,0.0042599784,0.95,0.44944373,0.2475229,0.018816013,0.95,0.5823449,0.30967674,0.0011154647,0.95,0.36186266,0.30418754,0.005932828,0.95,0.63269943,0.39731252,0.035168376,0.95,0.3184902,0.3952226,0.0020522983,0.95,0.6594116,0.4236949,0.054442838,0.95,0.31256253,0.45432663,0.003954416,0.95,0.6442835,0.4491864,0.048713524,0.95,0.32792878,0.45621902,-0.0008356638,0.95,0.6404203,0.44361836,0.008316457,0.95,0.3238449,0.45031887,-0.0032125544,0.95,0.6295872,0.43063366,0.032274596,0.95,0.34464815,0.457997,0.0038089866,0.95,0.5349947,0.5060876,0.030870752,0.95,0.40768403,0.50584424,-0.0037227506,0.95,0.57523143,0.6385718,0.024492823,0.95,0.39669335,0.6500621,0.013428031,0.95,0.5576844,0.7610755,0.4103296,0.95,0.43395516,0.75371605,0.2671531,0.95,0.50769854,0.75394267,0.4483425,0.95,0.44880292,0.7682192,0.26736158,0.95,0.5757528,0.80901915,0.2509243,0.95,0.40688315,0.83009464,0.09660192,0.95,0.9,0.9,0.9,0.9,0.9,0.9,0.9,0.9,0.9,0.9,0.9,0.9,0.9,0.9,0.9,0.9,0.9,0.9,0.9,0.9,0.9,0.9,0.9,0.9,0.9,0.9,0.9,0.9,0.9,0.9,0.9,0.9,0.9
125,4.166666666666667,0.47881356,0.2366674,0.0074477354,0.95,0.4851333,0.22703122,0.012469143,0.95,0.50766444,0.22652338,0.011861133,0.95,0.49209282,0.22220008,0.013865411,0.95,0.47231847,0.2202804,0.0017116407,0.95,0.45124015,0.21276149,0.005883184,0.95,0.4423498,0.22845507,0.0117889885,0.95,0.51143414,0.23448801,0.0087644495,0.95,0.4363208,0.22771789,-0.010817189,0.95,0.48802245,0.2442874,0.0042599784,0.95,0.44944373,0.2475229,0.018816011,0.95,0.5823449,0.30967674,0.0011154647,0.95,0.36186266,0.30418754,0.005932828,0.95,0.63269943,0.39731252,0.035168376,0.95,0.3184902,0.3952226,0.0020522983,0.95,0.6594116,0.4236949,0.054442834,0.95,0.31256253,0.45432663,0.003954416,0.95,0.6442835,0.4491864,0.048713524,0.95,0.32792878,0.45621902,-0.0008356638,0.95,0.6404203,0.44361836,0.008316461,0.95,0.3238449,0.45031887,-0.0032125544,0.95,0.6295872,0.43063366,0.032274596,0.95,0.34464815,0.457997,0.0038089866,0.95,0.5349947,0.5060876,0.030870752,0.95,0.40768403,0.50584424,-0.0037227506,0.95,0.57523143,0.6385718,0.024492824,0.95,0.39669335,0.6500621,0.013428034,0.95,0.5576844,0.7610755,0.4103296,0.95,0.43395516,0.75371605,0.2671531,0.95,0.50769854,0.75394267,0.4483425,0.95,0.44880292,0.7682192,0.26736158,0.95,0.5757528,0.80901915,0.2509243,0.95,0.40688315,0.83009464,0.09660192,0.95,0.9,0.9,0.9,0.9,0.9,0.9,0.9,0.9,0.9,0.9,0.9,0.9,0.9,0.9,0.9,0.9,0.9,0.9,0.9,0.9,0.9,0.9,0.9,0.9,0.9,0.9,0.9,0.9,0.9,0.9,0.9,0.9,0.9
126,4.2,0.47881356,0.2366674,0.0074477354,0.95,0.4851333,0.22703122,0.012469146,0.95,0.50766444,0.22652338,0.011861135,0.95,0.49209282,0.22220008,0.013865411,0.95,0.47231847,0.2202804,0.0017116407,0.95,0.45124015,0.21276149,0.005883184,0.95,0.4423498,0.22845507,0.0117889885,0.95,0.51143414,0.23448801,0.008764451,0.95,0.4363208,0.22771789,-0.010817189,0.95,0.48802245,0.2442874,0.0042599784,0.95,0.44944373,0.2475229,0.018816011,0.95,0.5823449,0.30967674,0.0011154647,0.95,0.36186266,0.30418754,0.005932828,0.95,0.63269943,0.39731252,0.035168376,0.95,0.3184902,0.3952226,0.0020522983,0.95,0.6594116,0.4236949,0.054442834,0.95,0.31256253,0.45432663,0.003954416,0.95,0.6442835,0.4491864,0.048713524,0.95,0.32792878,0.45621902,-0.0008356638,0.95,0.6404203,0.44361836,0.008316457,0.95,0.3238449,0.45031887,-0.0032125544,0.95,0.6295872,0.43063366,0.032274596,0.95,0.34464815,0.457997,0.0038089866,0.95,0.5349947,0.5060876,0.030870752,0.95,0.40768403,0.50584424,-0.0037227506,0.95,0.57523143,0.6385718,0.024492824,0.95,0.39669335,0.6500621,0.013428034,0.95,0.5576844,0.7610755,0.4103296,0.95,0.43395516,0.75371605,0.2671531,0.95,0.50769854,0.75394267,0.4483425,0.95,0.44880292,0.7682192,0.26736158,0.95,0.5757528,0.80901915,0.2509243,0.95,0.40688315,0.83009464,0.09660192,0.95,0.9,0.9,0.9,0.9,0.9,0.9,0.9,0.9,0.9,0.9,0.9,0.9,0.9,0.9,0.9,0.9,0.9,0.9,0.9,0.9,0.9,0.9,0.9,0.9,0.9,0.9,0.9,0.9,0.9,0.9,0.9,0.9,0.9
127,4.233333333333333,0.47881356,0.2366674,0.0074477373,0.95,0.4851333,0.22703122,0.012469146,0.95,0.50766444,0.22652338,0.011861133,0.95,0.49209282,0.22220008,0.013865409,0.95,0.47231847,0.22028041,0.0017116407,0.95,0.45124015,0.21276149,0.005883184,0.95,0.4423498,0.22845507,0.0117889885,0.95,0.51143414,0.23448801,0.008764451,0.95,0.4363208,0.22771789,-0.010817189,0.95,0.48802245,0.2442874,0.0042599784,0.95,0.44944373,0.2475229,0.018816011,0.95,0.5823449,0.30967674,0.0011154647,0.95,0.36186266,0.30418754,0.005932828,0.95,0.63269943,0.39731252,0.035168376,0.95,0.3184902,0.3952226,0.0020522983,0.95,0.6594116,0.4236949,0.054442834,0.95,0.31256253,0.45432663,0.003954416,0.95,0.6442835,0.4491864,0.048713524,0.95,0.32792878,0.45621902,-0.0008356638,0.95,0.6404203,0.44361836,0.008316461,0.95,0.3238449,0.45031887,-0.0032125544,0.95,0.6295872,0.43063366,0.032274596,0.95,0.34464815,0.457997,0.0038089866,0.95,0.5349947,0.5060876,0.030870752,0.95,0.40768403,0.50584424,-0.0037227506,0.95,0.57523143,0.6385718,0.024492823,0.95,0.39669335,0.6500621,0.013428034,0.95,0.5576844,0.7610755,0.4103296,0.95,0.43395516,0.75371605,0.2671531,0.95,0.50769854,0.75394267,0.4483425,0.95,0.44880292,0.7682192,0.26736158,0.95,0.5757528,0.80901915,0.2509243,0.95,0.40688315,0.8300946,0.09660192,0.95,0.9,0.9,0.9,0.9,0.9,0.9,0.9,0.9,0.9,0.9,0.9,0.9,0.9,0.9,0.9,0.9,0.9,0.9,0.9,0.9,0.9,0.9,0.9,0.9,0.9,0.9,0.9,0.9,0.9,0.9,0.9,0.9,0.9
128,4.266666666666667,0.47881356,0.2366674,0.0074477373,0.95,0.4851333,0.22703122,0.012469146,0.95,0.50766444,0.22652338,0.011861135,0.95,0.49209282,0.22220008,0.013865411,0.95,0.47231847,0.22028041,0.0017116407,0.95,0.45124015,0.21276149,0.005883184,0.95,0.4423498,0.22845505,0.01178899,0.95,0.51143414,0.23448801,0.008764451,0.95,0.4363208,0.22771789,-0.010817189,0.95,0.48802245,0.2442874,0.0042599784,0.95,0.44944373,0.2475229,0.018816013,0.95,0.5823449,0.30967674,0.0011154647,0.95,0.36186266,0.30418754,0.005932828,0.95,0.63269943,0.39731252,0.035168376,0.95,0.3184902,0.3952226,0.0020522983,0.95,0.6594116,0.4236949,0.05444284,0.95,0.31256253,0.45432663,0.003954416,0.95,0.6442835,0.4491864,0.048713524,0.95,0.32792878,0.45621902,-0.0008356638,0.95,0.6404203,0.44361836,0.008316461,0.95,0.3238449,0.45031887,-0.0032125544,0.95,0.6295872,0.43063366,0.032274596,0.95,0.34464815,0.457997,0.0038089866,0.95,0.5349947,0.5060876,0.030870752,0.95,0.40768403,0.50584424,-0.0037227506,0.95,0.57523143,0.6385718,0.024492824,0.95,0.39669335,0.6500621,0.013428034,0.95,0.5576844,0.7610755,0.4103296,0.95,0.43395516,0.75371605,0.2671531,0.95,0.50769854,0.75394267,0.4483425,0.95,0.44880292,0.7682192,0.26736158,0.95,0.5757528,0.80901915,0.2509243,0.95,0.40688315,0.8300946,0.09660191,0.95,0.9,0.9,0.9,0.9,0.9,0.9,0.9,0.9,0.9,0.9,0.9,0.9,0.9,0.9,0.9,0.9,0.9,0.9,0.9,0.9,0.9,0.9,0.9,0.9,0.9,0.9,0.9,0.9,0.9,0.9,0.9,0.9,0.9
129,4.3,0.47881356,0.2366674,0.0074477354,0.95,0.4851333,0.22703122,0.012469143,0.95,0.50766444,0.22652338,0.0118611315,0.95,0.49209282,0.22220008,0.013865409,0.95,0.47231847,0.22028041,0.0017116407,0.95,0.45124015,0.21276149,0.005883184,0.95,0.4423498,0.22845507,0.01178899,0.95,0.51143414,0.23448801,0.0087644495,0.95,0.4363208,0.22771789,-0.010817189,0.95,0.48802245,0.2442874,0.0042599784,0.95,0.44944373,0.2475229,0.018816015,0.95,0.5823449,0.30967674,0.0011154647,0.95,0.36186266,0.30418754,0.005932828,0.95,0.63269943,0.39731252,0.035168376,0.95,0.3184902,0.3952226,0.0020522983,0.95,0.6594116,0.4236949,0.054442838,0.95,0.31256253,0.45432663,0.003954416,0.95,0.6442835,0.4491864,0.048713524,0.95,0.32792878,0.45621902,-0.0008356638,0.95,0.6404203,0.44361836,0.008316461,0.95,0.3238449,0.45031887,-0.003212558,0.95,0.6295872,0.43063366,0.032274596,0.95,0.34464815,0.457997,0.0038089866,0.95,0.5349947,0.5060876,0.030870752,0.95,0.40768403,0.50584424,-0.0037227506,0.95,0.57523143,0.6385718,0.024492824,0.95,0.39669335,0.6500621,0.013428036,0.95,0.5576844,0.7610755,0.4103296,0.95,0.43395516,0.753716,0.26715308,0.95,0.50769854,0.75394267,0.4483425,0.95,0.44880292,0.7682192,0.26736158,0.95,0.5757528,0.80901915,0.2509243,0.95,0.40688315,0.83009464,0.09660191,0.95,0.9,0.9,0.9,0.9,0.9,0.9,0.9,0.9,0.9,0.9,0.9,0.9,0.9,0.9,0.9,0.9,0.9,0.9,0.9,0.9,0.9,0.9,0.9,0.9,0.9,0.9,0.9,0.9,0.9,0.9,0.9,0.9,0.9
130,4.333333333333333,0.47881356,0.2366674,0.0074477354,0.95,0.4851333,0.22703122,0.012469146,0.95,0.50766444,0.22652338,0.011861133,0.95,0.49209282,0.22220008,0.013865409,0.95,0.47231847,0.22028041,0.0017116407,0.95,0.45124015,0.21276149,0.005883184,0.95,0.4423498,0.22845507,0.0117889885,0.95,0.51143414,0.23448801,0.0087644495,0.95,0.4363208,0.22771789,-0.010817189,0.95,0.48802245,0.2442874,0.0042599784,0.95,0.44944373,0.2475229,0.018816011,0.95,0.5823449,0.30967674,0.0011154647,0.95,0.36186266,0.30418754,0.005932828,0.95,0.63269943,0.39731255,0.035168376,0.95,0.3184902,0.3952226,0.0020522983,0.95,0.6594116,0.4236949,0.054442827,0.95,0.31256253,0.45432663,0.003954416,0.95,0.6442835,0.4491864,0.048713524,0.95,0.32792878,0.45621902,-0.0008356638,0.95,0.6404203,0.44361836,0.008316461,0.95,0.3238449,0.45031887,-0.0032125544,0.95,0.6295872,0.43063366,0.032274596,0.95,0.34464815,0.457997,0.0038089866,0.95,0.5349947,0.5060876,0.030870754,0.95,0.40768403,0.50584424,-0.0037227469,0.95,0.57523143,0.6385718,0.024492824,0.95,0.39669335,0.6500621,0.013428036,0.95,0.5576844,0.7610755,0.4103296,0.95,0.43395516,0.75371605,0.2671531,0.95,0.50769854,0.75394267,0.4483425,0.95,0.44880292,0.7682192,0.26736158,0.95,0.5757528,0.80901915,0.2509243,0.95,0.40688315,0.83009464,0.09660192,0.95,0.9,0.9,0.9,0.9,0.9,0.9,0.9,0.9,0.9,0.9,0.9,0.9,0.9,0.9,0.9,0.9,0.9,0.9,0.9,0.9,0.9,0.9,0.9,0.9,0.9,0.9,0.9,0.9,0.9,0.9,0.9,0.9,0.9
131,4.366666666666666,0.47881356,0.2366674,0.0074477373,0.95,0.4851333,0.22703122,0.012469146,0.95,0.50766444,0.22652338,0.011861133,0.95,0.49209282,0.22220008,0.013865411,0.95,0.47231847,0.22028041,0.0017116426,0.95,0.45124015,0.21276149,0.005883184,0.95,0.4423498,0.22845507,0.0117889885,0.95,0.51143414,0.23448801,0.0087644495,0.95,0.4363208,0.22771789,-0.010817189,0.95,0.48802245,0.2442874,0.0042599784,0.95,0.44944373,0.2475229,0.018816013,0.95,0.5823449,0.30967674,0.001115461,0.95,0.36186266,0.30418754,0.005932828,0.95,0.63269943,0.39731252,0.035168372,0.95,0.3184902,0.3952226,0.0020522983,0.95,0.6594116,0.4236949,0.054442838,0.95,0.3125625,0.45432663,0.003954416,0.95,0.6442835,0.4491864,0.04871352,0.95,0.32792878,0.45621902,-0.00083566754,0.95,0.6404203,0.44361836,0.008316461,0.95,0.3238449,0.45031887,-0.0032125544,0.95,0.6295872,0.43063366,0.032274596,0.95,0.34464815,0.457997,0.0038089866,0.95,0.5349947,0.5060876,0.03087075,0.95,0.40768403,0.50584424,-0.0037227506,0.95,0.57523143,0.6385718,0.024492824,0.95,0.39669335,0.6500621,0.013428034,0.95,0.5576844,0.7610755,0.4103296,0.95,0.43395516,0.75371605,0.2671531,0.95,0.50769854,0.75394267,0.44834253,0.95,0.44880292,0.7682192,0.26736158,0.95,0.5757528,0.80901915,0.2509243,0.95,0.40688315,0.8300946,0.09660191,0.95,0.9,0.9,0.9,0.9,0.9,0.9,0.9,0.9,0.9,0.9,0.9,0.9,0.9,0.9,0.9,0.9,0.9,0.9,0.9,0.9,0.9,0.9,0.9,0.9,0.9,0.9,0.9,0.9,0.9,0.9,0.9,0.9,0.9
132,4.4,0.47881356,0.2366674,0.0074477373,0.95,0.4851333,0.22703122,0.012469143,0.95,0.50766444,0.22652338,0.011861135,0.95,0.49209282,0.22220008,0.013865411,0.95,0.47231847,0.22028041,0.0017116407,0.95,0.45124015,0.21276149,0.005883184,0.95,0.4423498,0.22845507,0.011788985,0.95,0.51143414,0.23448801,0.0087644495,0.95,0.4363208,0.22771789,-0.010817189,0.95,0.48802245,0.2442874,0.0042599747,0.95,0.44944373,0.2475229,0.018816013,0.95,0.5823449,0.30967674,0.0011154647,0.95,0.36186263,0.30418754,0.005932828,0.95,0.63269943,0.39731252,0.035168376,0.95,0.3184902,0.3952226,0.0020522983,0.95,0.65941155,0.4236949,0.054442834,0.95,0.3125625,0.45432663,0.003954416,0.95,0.6442835,0.4491864,0.048713524,0.95,0.32792878,0.45621902,-0.0008356638,0.95,0.6404204,0.44361836,0.008316461,0.95,0.3238449,0.45031887,-0.0032125544,0.95,0.6295872,0.43063366,0.032274596,0.95,0.34464815,0.457997,0.003808994,0.95,0.5349947,0.5060876,0.030870754,0.95,0.40768403,0.50584424,-0.0037227506,0.95,0.57523143,0.6385718,0.024492824,0.95,0.39669335,0.6500621,0.013428034,0.95,0.5576844,0.7610755,0.4103296,0.95,0.43395516,0.75371605,0.2671531,0.95,0.50769854,0.75394267,0.4483425,0.95,0.44880292,0.7682192,0.26736158,0.95,0.5757528,0.80901915,0.2509243,0.95,0.40688315,0.83009464,0.09660192,0.95,0.9,0.9,0.9,0.9,0.9,0.9,0.9,0.9,0.9,0.9,0.9,0.9,0.9,0.9,0.9,0.9,0.9,0.9,0.9,0.9,0.9,0.9,0.9,0.9,0.9,0.9,0.9,0.9,0.9,0.9,0.9,0.9,0.9
133,4.433333333333334,0.47881356,0.2366674,0.0074477373,0.95,0.4851333,0.22703122,0.012469146,0.95,0.50766444,0.22652338,0.011861133,0.95,0.49209282,0.22220008,0.013865409,0.95,0.47231847,0.2202804,0.0017116407,0.95,0.45124015,0.21276149,0.005883184,0.95,0.4423498,0.22845507,0.011788985,0.95,0.51143414,0.23448801,0.0087644495,0.95,0.4363208,0.22771789,-0.010817189,0.95,0.48802245,0.2442874,0.0042599747,0.95,0.44944373,0.2475229,0.018816011,0.95,0.5823449,0.30967674,0.001115461,0.95,0.36186266,0.30418754,0.005932828,0.95,0.63269943,0.39731252,0.035168376,0.95,0.3184902,0.3952226,0.0020522983,0.95,0.6594116,0.4236949,0.054442838,0.95,0.3125625,0.45432663,0.003954416,0.95,0.6442835,0.4491864,0.04871352,0.95,0.32792878,0.45621902,-0.0008356638,0.95,0.6404203,0.44361836,0.008316461,0.95,0.3238449,0.45031887,-0.0032125544,0.95,0.6295872,0.43063366,0.032274596,0.95,0.34464815,0.457997,0.0038089904,0.95,0.5349947,0.5060876,0.030870752,0.95,0.40768403,0.50584424,-0.0037227506,0.95,0.57523143,0.6385718,0.024492823,0.95,0.39669335,0.6500621,0.013428034,0.95,0.5576844,0.7610755,0.41032964,0.95,0.43395516,0.753716,0.2671531,0.95,0.50769854,0.75394267,0.4483425,0.95,0.44880292,0.7682192,0.26736158,0.95,0.5757528,0.80901915,0.25092432,0.95,0.40688315,0.8300946,0.09660192,0.95,0.9,0.9,0.9,0.9,0.9,0.9,0.9,0.9,0.9,0.9,0.9,0.9,0.9,0.9,0.9,0.9,0.9,0.9,0.9,0.9,0.9,0.9,0.9,0.9,0.9,0.9,0.9,0.9,0.9,0.9,0.9,0.9,0.9
134,4.466666666666667,0.47881356,0.2366674,0.0074477373,0.95,0.4851333,0.22703122,0.012469146,0.95,0.50766444,0.22652338,0.0118611315,0.95,0.49209282,0.22220008,0.013865409,0.95,0.47231847,0.22028041,0.0017116407,0.95,0.45124012,0.21276149,0.005883184,0.95,0.4423498,0.22845507,0.0117889885,0.95,0.51143414,0.23448801,0.0087644495,0.95,0.4363208,0.22771789,-0.010817189,0.95,0.48802245,0.2442874,0.0042599784,0.95,0.44944373,0.2475229,0.018816015,0.95,0.5823449,0.30967674,0.0011154647,0.95,0.36186266,0.30418754,0.005932828,0.95,0.63269943,0.39731252,0.035168376,0.95,0.3184902,0.3952226,0.0020522983,0.95,0.6594116,0.4236949,0.054442834,0.95,0.3125625,0.45432663,0.003954416,0.95,0.6442835,0.4491864,0.04871352,0.95,0.32792878,0.45621902,-0.0008356638,0.95,0.6404203,0.44361836,0.008316461,0.95,0.3238449,0.45031887,-0.0032125544,0.95,0.6295872,0.43063366,0.032274596,0.95,0.34464815,0.457997,0.0038089866,0.95,0.5349947,0.5060876,0.030870752,0.95,0.40768403,0.50584424,-0.0037227506,0.95,0.57523143,0.6385718,0.024492823,0.95,0.39669335,0.6500621,0.013428036,0.95,0.5576844,0.7610755,0.4103296,0.95,0.43395516,0.75371605,0.26715308,0.95,0.50769854,0.75394267,0.4483425,0.95,0.44880292,0.7682192,0.26736158,0.95,0.5757528,0.8090192,0.2509243,0.95,0.40688315,0.83009464,0.09660191,0.95,0.9,0.9,0.9,0.9,0.9,0.9,0.9,0.9,0.9,0.9,0.9,0.9,0.9,0.9,0.9,0.9,0.9,0.9,0.9,0.9,0.9,0.9,0.9,0.9,0.9,0.9,0.9,0.9,0.9,0.9,0.9,0.9,0.9
135,4.5,0.47881356,0.2366674,0.0074477373,0.95,0.4851333,0.22703122,0.012469146,0.95,0.50766444,0.22652338,0.011861133,0.95,0.49209282,0.22220008,0.013865411,0.95,0.47231847,0.22028041,0.0017116407,0.95,0.45124015,0.21276149,0.005883184,0.95,0.4423498,0.22845507,0.0117889885,0.95,0.51143414,0.23448801,0.0087644495,0.95,0.4363208,0.22771789,-0.010817189,0.95,0.48802245,0.2442874,0.0042599747,0.95,0.44944373,0.2475229,0.018816013,0.95,0.5823449,0.30967674,0.0011154647,0.95,0.36186266,0.30418754,0.005932828,0.95,0.63269943,0.39731252,0.035168376,0.95,0.3184902,0.3952226,0.0020522983,0.95,0.6594116,0.4236949,0.054442834,0.95,0.3125625,0.45432663,0.003954416,0.95,0.6442835,0.4491864,0.04871352,0.95,0.32792878,0.45621902,-0.0008356638,0.95,0.6404203,0.44361836,0.008316461,0.95,0.3238449,0.45031887,-0.0032125544,0.95,0.6295872,0.43063366,0.032274596,0.95,0.34464815,0.457997,0.0038089904,0.95,0.5349947,0.5060876,0.030870752,0.95,0.40768403,0.50584424,-0.0037227506,0.95,0.57523143,0.6385718,0.024492823,0.95,0.39669335,0.6500621,0.013428034,0.95,0.5576844,0.7610755,0.4103296,0.95,0.43395516,0.75371605,0.2671531,0.95,0.50769854,0.75394267,0.4483425,0.95,0.44880292,0.7682192,0.26736158,0.95,0.5757528,0.80901915,0.2509243,0.95,0.40688315,0.83009464,0.09660192,0.95,0.9,0.9,0.9,0.9,0.9,0.9,0.9,0.9,0.9,0.9,0.9,0.9,0.9,0.9,0.9,0.9,0.9,0.9,0.9,0.9,0.9,0.9,0.9,0.9,0.9,0.9,0.9,0.9,0.9,0.9,0.9,0.9,0.9
136,4.533333333333333,0.47881356,0.2366674,0.0074477373,0.95,0.4851333,0.22703122,0.012469146,0.95,0.50766444,0.22652337,0.0118611315,0.95,0.49209282,0.22220008,0.013865409,0.95,0.47231847,0.2202804,0.0017116407,0.95,0.45124015,0.21276149,0.005883184,0.95,0.4423498,0.22845507,0.0117889885,0.95,0.51143414,0.23448801,0.0087644495,0.95,0.4363208,0.22771789,-0.010817189,0.95,0.48802245,0.2442874,0.0042599784,0.95,0.44944373,0.2475229,0.018816011,0.95,0.5823449,0.30967674,0.0011154647,0.95,0.36186266,0.30418754,0.005932828,0.95,0.63269943,0.39731252,0.035168376,0.95,0.3184902,0.3952226,0.002052302,0.95,0.6594116,0.4236949,0.054442834,0.95,0.3125625,0.45432663,0.003954416,0.95,0.6442835,0.4491864,0.04871352,0.95,0.32792878,0.45621902,-0.0008356638,0.95,0.6404203,0.44361836,0.008316461,0.95,0.3238449,0.45031887,-0.0032125544,0.95,0.6295872,0.43063366,0.032274593,0.95,0.34464815,0.457997,0.0038089866,0.95,0.5349947,0.5060876,0.030870754,0.95,0.40768403,0.50584424,-0.0037227506,0.95,0.57523143,0.6385718,0.024492824,0.95,0.39669335,0.6500621,0.013428034,0.95,0.5576844,0.7610755,0.4103296,0.95,0.43395516,0.75371605,0.26715308,0.95,0.50769854,0.75394267,0.4483425,0.95,0.44880292,0.7682192,0.26736158,0.95,0.5757528,0.8090192,0.2509243,0.95,0.40688315,0.83009464,0.09660191,0.95,0.9,0.9,0.9,0.9,0.9,0.9,0.9,0.9,0.9,0.9,0.9,0.9,0.9,0.9,0.9,0.9,0.9,0.9,0.9,0.9,0.9,0.9,0.9,0.9,0.9,0.9,0.9,0.9,0.9,0.9,0.9,0.9,0.9
137,4.566666666666666,0.47881356,0.2366674,0.0074477354,0.95,0.4851333,0.22703122,0.012469146,0.95,0.50766444,0.22652337,0.0118611315,0.95,0.49209282,0.22220008,0.013865408,0.95,0.47231847,0.22028041,0.0017116407,0.95,0.45124015,0.21276149,0.005883184,0.95,0.4423498,0.22845507,0.0117889885,0.95,0.51143414,0.23448801,0.0087644495,0.95,0.4363208,0.22771789,-0.010817189,0.95,0.48802245,0.2442874,0.0042599747,0.95,0.44944373,0.2475229,0.018816011,0.95,0.5823449,0.30967674,0.0011154647,0.95,0.36186266,0.30418754,0.005932828,0.95,0.63269943,0.39731252,0.035168376,0.95,0.3184902,0.3952226,0.0020522983,0.95,0.6594116,0.4236949,0.054442834,0.95,0.3125625,0.45432663,0.003954416,0.95,0.6442835,0.4491864,0.048713524,0.95,0.32792878,0.45621902,-0.0008356638,0.95,0.6404203,0.44361836,0.008316461,0.95,0.3238449,0.45031887,-0.003212558,0.95,0.6295872,0.43063366,0.032274596,0.95,0.34464815,0.457997,0.0038089904,0.95,0.5349947,0.5060876,0.030870752,0.95,0.40768403,0.50584424,-0.0037227506,0.95,0.57523143,0.6385718,0.024492824,0.95,0.39669335,0.6500621,0.013428034,0.95,0.5576844,0.7610755,0.4103296,0.95,0.43395516,0.75371605,0.2671531,0.95,0.50769854,0.75394267,0.4483425,0.95,0.44880292,0.7682192,0.26736158,0.95,0.5757528,0.80901915,0.2509243,0.95,0.40688315,0.83009464,0.09660191,0.95,0.9,0.9,0.9,0.9,0.9,0.9,0.9,0.9,0.9,0.9,0.9,0.9,0.9,0.9,0.9,0.9,0.9,0.9,0.9,0.9,0.9,0.9,0.9,0.9,0.9,0.9,0.9,0.9,0.9,0.9,0.9,0.9,0.9
138,4.6,0.47881356,0.2366674,0.0074477373,0.95,0.4851333,0.22703122,0.012469143,0.95,0.50766444,0.22652338,0.011861133,0.95,0.49209282,0.22220008,0.013865409,0.95,0.47231847,0.22028041,0.0017116407,0.95,0.45124015,0.21276149,0.005883184,0.95,0.4423498,0.22845507,0.01178899,0.95,0.51143414,0.23448801,0.0087644495,0.95,0.4363208,0.22771789,-0.010817189,0.95,0.48802245,0.2442874,0.0042599747,0.95,0.44944373,0.2475229,0.018816011,0.95,0.5823449,0.30967674,0.0011154647,0.95,0.36186266,0.30418754,0.005932828,0.95,0.63269943,0.39731252,0.035168376,0.95,0.3184902,0.3952226,0.0020522983,0.95,0.6594116,0.4236949,0.054442834,0.95,0.3125625,0.45432663,0.003954416,0.95,0.6442835,0.4491864,0.048713524,0.95,0.32792878,0.45621902,-0.0008356638,0.95,0.6404203,0.44361836,0.008316457,0.95,0.3238449,0.45031887,-0.003212558,0.95,0.6295872,0.43063366,0.032274596,0.95,0.34464815,0.457997,0.0038089866,0.95,0.5349947,0.5060876,0.030870752,0.95,0.40768403,0.50584424,-0.0037227506,0.95,0.57523143,0.6385718,0.024492824,0.95,0.39669335,0.6500621,0.013428031,0.95,0.5576844,0.7610755,0.4103296,0.95,0.43395516,0.75371605,0.2671531,0.95,0.50769854,0.75394267,0.4483425,0.95,0.44880292,0.7682192,0.26736158,0.95,0.5757528,0.80901915,0.2509243,0.95,0.40688315,0.83009464,0.09660191,0.95,0.9,0.9,0.9,0.9,0.9,0.9,0.9,0.9,0.9,0.9,0.9,0.9,0.9,0.9,0.9,0.9,0.9,0.9,0.9,0.9,0.9,0.9,0.9,0.9,0.9,0.9,0.9,0.9,0.9,0.9,0.9,0.9,0.9
139,4.633333333333334,0.47881356,0.2366674,0.0074477373,0.95,0.4851333,0.22703122,0.012469146,0.95,0.50766444,0.22652337,0.011861133,0.95,0.49209282,0.22220008,0.013865411,0.95,0.47231847,0.2202804,0.0017116407,0.95,0.45124015,0.21276149,0.005883184,0.95,0.4423498,0.22845507,0.0117889885,0.95,0.51143414,0.23448801,0.008764451,0.95,0.4363208,0.22771789,-0.010817189,0.95,0.48802245,0.2442874,0.0042599747,0.95,0.44944373,0.2475229,0.018816011,0.95,0.5823449,0.30967674,0.0011154647,0.95,0.36186266,0.30418754,0.005932828,0.95,0.63269943,0.39731252,0.035168376,0.95,0.3184902,0.3952226,0.0020522983,0.95,0.6594116,0.4236949,0.054442834,0.95,0.3125625,0.45432663,0.003954416,0.95,0.6442835,0.4491864,0.048713524,0.95,0.32792878,0.45621902,-0.0008356638,0.95,0.6404203,0.44361836,0.008316461,0.95,0.3238449,0.45031887,-0.0032125544,0.95,0.6295872,0.43063366,0.032274596,0.95,0.34464815,0.457997,0.0038089866,0.95,0.5349947,0.5060876,0.030870752,0.95,0.40768403,0.50584424,-0.0037227506,0.95,0.57523143,0.6385718,0.024492823,0.95,0.39669335,0.6500621,0.013428036,0.95,0.5576844,0.7610755,0.4103296,0.95,0.43395516,0.75371605,0.2671531,0.95,0.50769854,0.75394267,0.4483425,0.95,0.44880292,0.7682192,0.26736158,0.95,0.5757528,0.80901915,0.2509243,0.95,0.40688315,0.83009464,0.09660192,0.95,0.9,0.9,0.9,0.9,0.9,0.9,0.9,0.9,0.9,0.9,0.9,0.9,0.9,0.9,0.9,0.9,0.9,0.9,0.9,0.9,0.9,0.9,0.9,0.9,0.9,0.9,0.9,0.9,0.9,0.9,0.9,0.9,0.9
140,4.666666666666667,0.47881356,0.2366674,0.0074477373,0.95,0.4851333,0.22703122,0.012469143,0.95,0.50766444,0.22652338,0.011861135,0.95,0.49209282,0.22220008,0.013865415,0.95,0.47231847,0.2202804,0.0017116407,0.95,0.45124015,0.21276149,0.005883184,0.95,0.4423498,0.22845507,0.0117889885,0.95,0.51143414,0.23448801,0.0087644495,0.95,0.4363208,0.22771789,-0.010817189,0.95,0.48802245,0.2442874,0.0042599747,0.95,0.44944373,0.2475229,0.018816011,0.95,0.5823449,0.30967674,0.0011154647,0.95,0.36186266,0.30418754,0.005932828,0.95,0.63269943,0.39731252,0.035168376,0.95,0.3184902,0.3952226,0.0020522983,0.95,0.6594116,0.4236949,0.054442834,0.95,0.3125625,0.45432663,0.003954416,0.95,0.6442835,0.4491864,0.048713524,0.95,0.32792878,0.45621902,-0.0008356638,0.95,0.6404203,0.44361836,0.008316457,0.95,0.3238449,0.45031887,-0.0032125544,0.95,0.6295872,0.43063366,0.032274593,0.95,0.34464815,0.457997,0.0038089866,0.95,0.5349947,0.5060876,0.030870752,0.95,0.40768403,0.50584424,-0.0037227506,0.95,0.57523143,0.6385718,0.024492824,0.95,0.39669335,0.6500621,0.013428034,0.95,0.5576844,0.7610755,0.4103296,0.95,0.43395516,0.75371605,0.2671531,0.95,0.50769854,0.75394267,0.4483425,0.95,0.44880292,0.7682192,0.26736158,0.95,0.5757528,0.80901915,0.2509243,0.95,0.40688315,0.83009464,0.09660192,0.95,0.9,0.9,0.9,0.9,0.9,0.9,0.9,0.9,0.9,0.9,0.9,0.9,0.9,0.9,0.9,0.9,0.9,0.9,0.9,0.9,0.9,0.9,0.9,0.9,0.9,0.9,0.9,0.9,0.9,0.9,0.9,0.9,0.9
141,4.7,0.47881356,0.2366674,0.0074477373,0.95,0.4851333,0.22703122,0.012469146,0.95,0.50766444,0.22652338,0.011861135,0.95,0.49209282,0.22220008,0.013865411,0.95,0.47231847,0.2202804,0.0017116407,0.95,0.45124015,0.21276149,0.005883184,0.95,0.4423498,0.22845507,0.0117889885,0.95,0.51143414,0.23448801,0.0087644495,0.95,0.4363208,0.22771789,-0.010817189,0.95,0.48802245,0.2442874,0.0042599747,0.95,0.44944373,0.2475229,0.018816011,0.95,0.5823449,0.30967674,0.001115461,0.95,0.36186266,0.30418754,0.005932828,0.95,0.63269943,0.39731252,0.035168376,0.95,0.3184902,0.3952226,0.0020522983,0.95,0.6594116,0.4236949,0.054442834,0.95,0.31256253,0.45432663,0.003954416,0.95,0.6442835,0.4491864,0.048713524,0.95,0.32792878,0.45621902,-0.0008356638,0.95,0.6404203,0.44361836,0.008316461,0.95,0.3238449,0.45031887,-0.0032125544,0.95,0.6295872,0.43063366,0.032274596,0.95,0.34464815,0.457997,0.0038089866,0.95,0.5349947,0.5060876,0.030870752,0.95,0.40768403,0.50584424,-0.0037227506,0.95,0.57523143,0.6385718,0.024492824,0.95,0.39669335,0.6500621,0.013428036,0.95,0.5576844,0.7610755,0.4103296,0.95,0.43395516,0.753716,0.2671531,0.95,0.50769854,0.75394267,0.4483425,0.95,0.44880292,0.7682192,0.26736158,0.95,0.5757528,0.80901915,0.2509243,0.95,0.40688315,0.83009464,0.09660192,0.95,0.9,0.9,0.9,0.9,0.9,0.9,0.9,0.9,0.9,0.9,0.9,0.9,0.9,0.9,0.9,0.9,0.9,0.9,0.9,0.9,0.9,0.9,0.9,0.9,0.9,0.9,0.9,0.9,0.9,0.9,0.9,0.9,0.9
142,4.733333333333333,0.47881356,0.2366674,0.0074477373,0.95,0.4851333,0.22703123,0.012469143,0.95,0.50766444,0.22652338,0.011861133,0.95,0.49209282,0.22220008,0.013865413,0.95,0.47231847,0.2202804,0.0017116426,0.95,0.45124015,0.21276149,0.005883184,0.95,0.4423498,0.22845507,0.0117889885,0.95,0.51143414,0.23448801,0.0087644495,0.95,0.4363208,0.22771789,-0.010817189,0.95,0.48802245,0.2442874,0.0042599784,0.95,0.44944373,0.2475229,0.018816013,0.95,0.5823449,0.30967674,0.0011154573,0.95,0.36186266,0.30418754,0.005932828,0.95,0.63269943,0.39731252,0.035168376,0.95,0.3184902,0.3952226,0.0020522983,0.95,0.6594116,0.4236949,0.05444283,0.95,0.31256253,0.45432663,0.003954416,0.95,0.6442835,0.4491864,0.048713524,0.95,0.32792878,0.45621902,-0.0008356638,0.95,0.6404203,0.44361836,0.008316461,0.95,0.3238449,0.45031887,-0.0032125544,0.95,0.6295872,0.43063366,0.032274596,0.95,0.34464815,0.457997,0.0038089866,0.95,0.5349947,0.5060876,0.030870752,0.95,0.40768403,0.50584424,-0.0037227506,0.95,0.57523143,0.6385718,0.024492824,0.95,0.39669335,0.6500621,0.013428036,0.95,0.5576844,0.7610755,0.4103296,0.95,0.43395516,0.753716,0.2671531,0.95,0.50769854,0.75394267,0.44834253,0.95,0.44880292,0.7682192,0.26736158,0.95,0.5757528,0.80901915,0.2509243,0.95,0.40688315,0.8300946,0.09660192,0.95,0.9,0.9,0.9,0.9,0.9,0.9,0.9,0.9,0.9,0.9,0.9,0.9,0.9,0.9,0.9,0.9,0.9,0.9,0.9,0.9,0.9,0.9,0.9,0.9,0.9,0.9,0.9,0.9,0.9,0.9,0.9,0.9,0.9
143,4.766666666666667,0.47881356,0.2366674,0.0074477373,0.95,0.4851333,0.22703122,0.012469146,0.95,0.50766444,0.22652338,0.011861133,0.95,0.49209282,0.22220008,0.013865413,0.95,0.47231847,0.22028041,0.0017116426,0.95,0.45124015,0.21276149,0.005883184,0.95,0.4423498,0.22845507,0.0117889885,0.95,0.51143414,0.23448801,0.0087644495,0.95,0.4363208,0.22771789,-0.010817189,0.95,0.48802245,0.2442874,0.0042599784,0.95,0.44944373,0.2475229,0.018816013,0.95,0.5823449,0.30967674,0.001115461,0.95,0.36186266,0.30418754,0.005932828,0.95,0.63269943,0.39731252,0.035168376,0.95,0.3184902,0.3952226,0.0020522983,0.95,0.6594116,0.4236949,0.054442838,0.95,0.31256253,0.45432663,0.003954416,0.95,0.6442835,0.4491864,0.048713524,0.95,0.32792878,0.45621902,-0.0008356638,0.95,0.6404203,0.44361836,0.008316457,0.95,0.3238449,0.45031887,-0.0032125544,0.95,0.6295872,0.43063366,0.032274596,0.95,0.34464815,0.457997,0.0038089866,0.95,0.5349947,0.5060876,0.030870752,0.95,0.40768403,0.50584424,-0.0037227506,0.95,0.57523143,0.6385718,0.024492823,0.95,0.39669335,0.6500621,0.013428034,0.95,0.5576844,0.7610755,0.4103296,0.95,0.43395516,0.75371605,0.2671531,0.95,0.50769854,0.75394267,0.44834253,0.95,0.44880292,0.7682192,0.26736158,0.95,0.5757528,0.80901915,0.2509243,0.95,0.40688315,0.83009464,0.09660192,0.95,0.9,0.9,0.9,0.9,0.9,0.9,0.9,0.9,0.9,0.9,0.9,0.9,0.9,0.9,0.9,0.9,0.9,0.9,0.9,0.9,0.9,0.9,0.9,0.9,0.9,0.9,0.9,0.9,0.9,0.9,0.9,0.9,0.9
144,4.8,0.47881356,0.2366674,0.0074477373,0.95,0.4851333,0.22703122,0.012469146,0.95,0.50766444,0.22652338,0.011861135,0.95,0.49209282,0.22220008,0.013865415,0.95,0.47231847,0.22028041,0.0017116426,0.95,0.45124015,0.21276149,0.005883184,0.95,0.4423498,0.22845507,0.0117889885,0.95,0.51143414,0.23448801,0.008764451,0.95,0.4363208,0.22771789,-0.010817189,0.95,0.48802245,0.2442874,0.0042599784,0.95,0.44944373,0.2475229,0.018816013,0.95,0.5823449,0.30967674,0.0011154573,0.95,0.36186266,0.30418754,0.005932828,0.95,0.63269943,0.39731252,0.035168376,0.95,0.3184902,0.3952226,0.0020522983,0.95,0.6594116,0.4236949,0.054442834,0.95,0.31256253,0.45432663,0.00395442,0.95,0.6442835,0.4491864,0.048713524,0.95,0.32792878,0.45621902,-0.0008356638,0.95,0.6404203,0.44361836,0.008316461,0.95,0.3238449,0.45031887,-0.0032125544,0.95,0.6295872,0.43063366,0.032274596,0.95,0.34464815,0.457997,0.0038089866,0.95,0.5349947,0.5060876,0.030870752,0.95,0.40768403,0.50584424,-0.0037227506,0.95,0.57523143,0.6385718,0.024492824,0.95,0.39669335,0.6500621,0.013428034,0.95,0.5576844,0.7610755,0.4103296,0.95,0.43395516,0.75371605,0.2671531,0.95,0.50769854,0.75394267,0.44834253,0.95,0.44880292,0.7682192,0.26736158,0.95,0.5757528,0.80901915,0.2509243,0.95,0.40688315,0.8300946,0.09660192,0.95,0.9,0.9,0.9,0.9,0.9,0.9,0.9,0.9,0.9,0.9,0.9,0.9,0.9,0.9,0.9,0.9,0.9,0.9,0.9,0.9,0.9,0.9,0.9,0.9,0.9,0.9,0.9,0.9,0.9,0.9,0.9,0.9,0.9
145,4.833333333333333,0.47881356,0.2366674,0.0074477373,0.95,0.4851333,0.22703122,0.012469143,0.95,0.50766444,0.22652338,0.011861133,0.95,0.49209282,0.22220008,0.013865411,0.95,0.47231847,0.22028041,0.0017116407,0.95,0.45124015,0.21276149,0.005883184,0.95,0.4423498,0.22845507,0.0117889885,0.95,0.51143414,0.23448801,0.0087644495,0.95,0.4363208,0.22771789,-0.010817189,0.95,0.48802245,0.2442874,0.0042599784,0.95,0.44944373,0.2475229,0.018816011,0.95,0.5823449,0.30967674,0.0011154647,0.95,0.36186266,0.30418754,0.005932828,0.95,0.63269943,0.39731252,0.035168376,0.95,0.3184902,0.3952226,0.0020522983,0.95,0.6594116,0.4236949,0.054442838,0.95,0.31256253,0.45432663,0.003954416,0.95,0.6442835,0.4491864,0.048713524,0.95,0.32792878,0.45621902,-0.0008356638,0.95,0.6404203,0.44361836,0.008316457,0.95,0.3238449,0.45031887,-0.0032125544,0.95,0.6295872,0.43063366,0.032274596,0.95,0.34464815,0.457997,0.0038089866,0.95,0.5349947,0.5060876,0.030870752,0.95,0.40768403,0.50584424,-0.0037227506,0.95,0.57523143,0.6385718,0.024492823,0.95,0.39669335,0.6500621,0.013428031,0.95,0.5576844,0.7610755,0.4103296,0.95,0.43395516,0.75371605,0.2671531,0.95,0.50769854,0.75394267,0.4483425,0.95,0.44880292,0.7682192,0.26736158,0.95,0.5757528,0.80901915,0.2509243,0.95,0.40688315,0.83009464,0.09660192,0.95,0.9,0.9,0.9,0.9,0.9,0.9,0.9,0.9,0.9,0.9,0.9,0.9,0.9,0.9,0.9,0.9,0.9,0.9,0.9,0.9,0.9,0.9,0.9,0.9,0.9,0.9,0.9,0.9,0.9,0.9,0.9,0.9,0.9
146,4.866666666666666,0.47881356,0.2366674,0.0074477373,0.95,0.4851333,0.22703122,0.012469143,0.95,0.50766444,0.22652338,0.011861133,0.95,0.49209282,0.22220008,0.013865411,0.95,0.47231847,0.2202804,0.0017116407,0.95,0.45124015,0.21276149,0.005883184,0.95,0.4423498,0.22845507,0.0117889885,0.95,0.51143414,0.23448801,0.0087644495,0.95,0.4363208,0.22771789,-0.010817189,0.95,0.48802245,0.2442874,0.0042599784,0.95,0.44944373,0.2475229,0.018816013,0.95,0.5823449,0.30967674,0.0011154647,0.95,0.36186266,0.30418754,0.005932828,0.95,0.63269943,0.39731252,0.035168376,0.95,0.3184902,0.3952226,0.0020522983,0.95,0.6594116,0.4236949,0.054442834,0.95,0.31256253,0.45432663,0.00395442,0.95,0.6442835,0.4491864,0.048713524,0.95,0.32792878,0.45621902,-0.0008356638,0.95,0.6404203,0.44361836,0.008316461,0.95,0.3238449,0.45031887,-0.0032125544,0.95,0.6295872,0.43063366,0.032274596,0.95,0.34464815,0.457997,0.0038089866,0.95,0.5349947,0.5060876,0.030870752,0.95,0.40768403,0.50584424,-0.0037227506,0.95,0.57523143,0.6385718,0.02449282,0.95,0.39669335,0.6500621,0.013428031,0.95,0.5576844,0.7610755,0.4103296,0.95,0.43395516,0.75371605,0.2671531,0.95,0.50769854,0.75394267,0.4483425,0.95,0.44880292,0.7682192,0.26736158,0.95,0.5757528,0.80901915,0.2509243,0.95,0.40688315,0.8300946,0.09660192,0.95,0.9,0.9,0.9,0.9,0.9,0.9,0.9,0.9,0.9,0.9,0.9,0.9,0.9,0.9,0.9,0.9,0.9,0.9,0.9,0.9,0.9,0.9,0.9,0.9,0.9,0.9,0.9,0.9,0.9,0.9,0.9,0.9,0.9
147,4.9,0.47881356,0.2366674,0.0074477373,0.95,0.4851333,0.22703122,0.012469146,0.95,0.50766444,0.22652338,0.011861133,0.95,0.49209282,0.22220008,0.013865411,0.95,0.47231847,0.2202804,0.0017116426,0.95,0.45124015,0.21276149,0.005883184,0.95,0.4423498,0.22845507,0.0117889885,0.95,0.51143414,0.23448801,0.0087644495,0.95,0.4363208,0.22771789,-0.010817189,0.95,0.48802245,0.2442874,0.0042599784,0.95,0.44944373,0.2475229,0.018816011,0.95,0.5823449,0.30967674,0.001115461,0.95,0.36186266,0.30418754,0.005932828,0.95,0.63269943,0.39731252,0.035168376,0.95,0.3184902,0.3952226,0.002052302,0.95,0.6594116,0.4236949,0.054442834,0.95,0.31256253,0.45432663,0.003954416,0.95,0.6442835,0.4491864,0.04871352,0.95,0.32792878,0.45621902,-0.0008356638,0.95,0.6404203,0.44361836,0.008316461,0.95,0.3238449,0.45031887,-0.0032125544,0.95,0.6295872,0.43063366,0.032274596,0.95,0.34464815,0.457997,0.0038089866,0.95,0.5349947,0.5060876,0.030870752,0.95,0.40768403,0.50584424,-0.0037227469,0.95,0.57523143,0.6385718,0.02449282,0.95,0.39669335,0.6500621,0.013428036,0.95,0.5576844,0.7610755,0.4103296,0.95,0.43395516,0.75371605,0.2671531,0.95,0.50769854,0.75394267,0.44834253,0.95,0.44880292,0.7682192,0.26736158,0.95,0.5757528,0.80901915,0.2509243,0.95,0.40688315,0.8300946,0.09660191,0.95,0.9,0.9,0.9,0.9,0.9,0.9,0.9,0.9,0.9,0.9,0.9,0.9,0.9,0.9,0.9,0.9,0.9,0.9,0.9,0.9,0.9,0.9,0.9,0.9,0.9,0.9,0.9,0.9,0.9,0.9,0.9,0.9,0.9
148,4.933333333333334,0.47881356,0.2366674,0.0074477373,0.95,0.4851333,0.22703122,0.012469146,0.95,0.50766444,0.22652338,0.011861133,0.95,0.49209282,0.22220008,0.013865411,0.95,0.47231847,0.2202804,0.0017116426,0.95,0.45124015,0.21276149,0.005883184,0.95,0.4423498,0.22845507,0.0117889885,0.95,0.51143414,0.23448801,0.0087644495,0.95,0.4363208,0.22771789,-0.010817189,0.95,0.48802245,0.2442874,0.0042599747,0.95,0.44944373,0.2475229,0.018816013,0.95,0.5823449,0.30967674,0.001115461,0.95,0.36186266,0.30418754,0.005932828,0.95,0.63269943,0.39731252,0.035168376,0.95,0.3184902,0.3952226,0.002052302,0.95,0.6594116,0.4236949,0.054442834,0.95,0.31256253,0.45432663,0.003954416,0.95,0.6442835,0.4491864,0.048713524,0.95,0.32792878,0.45621902,-0.0008356638,0.95,0.6404203,0.44361836,0.008316461,0.95,0.3238449,0.45031887,-0.0032125544,0.95,0.6295872,0.43063366,0.032274596,0.95,0.34464815,0.457997,0.0038089866,0.95,0.5349947,0.5060876,0.030870752,0.95,0.40768403,0.50584424,-0.0037227506,0.95,0.57523143,0.6385718,0.024492823,0.95,0.39669335,0.6500621,0.013428034,0.95,0.5576844,0.7610755,0.4103296,0.95,0.43395516,0.75371605,0.2671531,0.95,0.50769854,0.75394267,0.44834253,0.95,0.44880292,0.7682192,0.26736158,0.95,0.5757528,0.80901915,0.2509243,0.95,0.40688315,0.83009464,0.09660192,0.95,0.9,0.9,0.9,0.9,0.9,0.9,0.9,0.9,0.9,0.9,0.9,0.9,0.9,0.9,0.9,0.9,0.9,0.9,0.9,0.9,0.9,0.9,0.9,0.9,0.9,0.9,0.9,0.9,0.9,0.9,0.9,0.9,0.9
149,4.966666666666667,0.47881356,0.2366674,0.0074477373,0.95,0.4851333,0.22703122,0.012469146,0.95,0.50766444,0.22652338,0.011861133,0.95,0.49209282,0.22220008,0.013865411,0.95,0.47231847,0.22028041,0.0017116426,0.95,0.45124015,0.21276149,0.005883184,0.95,0.4423498,0.22845505,0.01178899,0.95,0.51143414,0.23448801,0.0087644495,0.95,0.4363208,0.22771789,-0.010817189,0.95,0.48802245,0.2442874,0.0042599747,0.95,0.44944373,0.2475229,0.018816011,0.95,0.5823449,0.30967674,0.0011154647,0.95,0.36186266,0.30418754,0.005932828,0.95,0.63269943,0.39731255,0.035168376,0.95,0.3184902,0.3952226,0.0020522983,0.95,0.6594116,0.4236949,0.054442834,0.95,0.31256253,0.45432663,0.003954416,0.95,0.6442835,0.4491864,0.048713524,0.95,0.32792878,0.45621902,-0.00083566754,0.95,0.6404203,0.44361836,0.008316461,0.95,0.3238449,0.45031887,-0.0032125544,0.95,0.6295872,0.43063366,0.032274593,0.95,0.34464815,0.457997,0.0038089866,0.95,0.5349947,0.5060876,0.030870752,0.95,0.40768403,0.50584424,-0.0037227506,0.95,0.57523143,0.6385718,0.024492824,0.95,0.39669335,0.6500621,0.013428034,0.95,0.5576844,0.7610755,0.4103296,0.95,0.43395516,0.75371605,0.2671531,0.95,0.50769854,0.75394267,0.44834253,0.95,0.44880292,0.7682192,0.26736158,0.95,0.5757528,0.80901915,0.2509243,0.95,0.40688315,0.8300946,0.09660192,0.95,0.9,0.9,0.9,0.9,0.9,0.9,0.9,0.9,0.9,0.9,0.9,0.9,0.9,0.9,0.9,0.9,0.9,0.9,0.9,0.9,0.9,0.9,0.9,0.9,0.9,0.9,0.9,0.9,0.9,0.9,0.9,0.9,0.9
150,5.0,0.47881356,0.2366674,0.0074477373,0.95,0.4851333,0.22703122,0.012469143,0.95,0.50766444,0.22652338,0.011861133,0.95,0.49209282,0.22220008,0.013865411,0.95,0.47231847,0.22028041,0.0017116426,0.95,0.45124015,0.21276149,0.005883184,0.95,0.4423498,0.22845507,0.0117889885,0.95,0.51143414,0.23448801,0.0087644495,0.95,0.4363208,0.22771789,-0.010817189,0.95,0.48802245,0.2442874,0.0042599784,0.95,0.44944373,0.2475229,0.018816013,0.95,0.5823449,0.30967674,0.0011154647,0.95,0.36186266,0.30418754,0.005932828,0.95,0.63269943,0.39731255,0.035168376,0.95,0.3184902,0.3952226,0.0020522983,0.95,0.6594116,0.4236949,0.054442834,0.95,0.31256253,0.45432663,0.003954416,0.95,0.6442835,0.4491864,0.048713524,0.95,0.32792878,0.45621902,-0.0008356638,0.95,0.6404203,0.44361836,0.008316461,0.95,0.3238449,0.45031887,-0.0032125544,0.95,0.6295872,0.43063366,0.0322746,0.95,0.34464815,0.457997,0.0038089866,0.95,0.5349947,0.5060876,0.030870752,0.95,0.40768403,0.50584424,-0.0037227506,0.95,0.57523143,0.6385718,0.024492824,0.95,0.39669335,0.6500621,0.013428034,0.95,0.5576844,0.7610755,0.4103296,0.95,0.43395516,0.753716,0.2671531,0.95,0.50769854,0.75394267,0.44834253,0.95,0.44880292,0.7682192,0.26736158,0.95,0.5757528,0.80901915,0.2509243,0.95,0.40688315,0.83009464,0.09660192,0.95,0.9,0.9,0.9,0.9,0.9,0.9,0.9,0.9,0.9,0.9,0.9,0.9,0.9,0.9,0.9,0.9,0.9,0.9,0.9,0.9,0.9,0.9,0.9,0.9,0.9,0.9,0.9,0.9,0.9,0.9,0.9,0.9,0.9
151,5.033333333333333,0.47881356,0.2366674,0.0074477354,0.95,0.4851333,0.22703122,0.012469146,0.95,0.50766444,0.22652337,0.011861133,0.95,0.49209282,0.22220008,0.013865411,0.95,0.47231847,0.22028041,0.0017116426,0.95,0.45124015,0.21276149,0.005883184,0.95,0.4423498,0.22845507,0.0117889885,0.95,0.51143414,0.23448801,0.0087644495,0.95,0.4363208,0.22771789,-0.010817189,0.95,0.48802245,0.2442874,0.0042599784,0.95,0.44944373,0.2475229,0.018816011,0.95,0.5823449,0.30967674,0.0011154647,0.95,0.36186266,0.30418754,0.005932828,0.95,0.63269943,0.39731252,0.035168376,0.95,0.3184902,0.3952226,0.002052302,0.95,0.6594116,0.4236949,0.054442834,0.95,0.31256253,0.45432663,0.003954416,0.95,0.6442835,0.4491864,0.04871352,0.95,0.32792878,0.45621902,-0.0008356638,0.95,0.6404203,0.44361836,0.008316461,0.95,0.3238449,0.45031887,-0.0032125544,0.95,0.6295872,0.43063366,0.032274596,0.95,0.34464815,0.457997,0.0038089866,0.95,0.5349947,0.5060876,0.030870752,0.95,0.40768403,0.50584424,-0.0037227506,0.95,0.57523143,0.6385718,0.024492826,0.95,0.39669335,0.6500621,0.013428034,0.95,0.5576844,0.7610755,0.4103296,0.95,0.43395516,0.753716,0.26715308,0.95,0.50769854,0.75394267,0.44834253,0.95,0.44880292,0.7682192,0.26736158,0.95,0.5757528,0.80901915,0.2509243,0.95,0.40688315,0.83009464,0.09660191,0.95,0.9,0.9,0.9,0.9,0.9,0.9,0.9,0.9,0.9,0.9,0.9,0.9,0.9,0.9,0.9,0.9,0.9,0.9,0.9,0.9,0.9,0.9,0.9,0.9,0.9,0.9,0.9,0.9,0.9,0.9,0.9,0.9,0.9
152,5.066666666666666,0.47881356,0.2366674,0.0074477373,0.95,0.4851333,0.22703122,0.012469146,0.95,0.50766444,0.22652337,0.011861133,0.95,0.49209282,0.22220008,0.013865411,0.95,0.47231847,0.22028041,0.0017116426,0.95,0.45124015,0.21276149,0.005883184,0.95,0.4423498,0.22845507,0.01178899,0.95,0.51143414,0.23448801,0.0087644495,0.95,0.4363208,0.22771789,-0.010817189,0.95,0.48802245,0.2442874,0.0042599784,0.95,0.44944373,0.2475229,0.018816011,0.95,0.5823449,0.30967674,0.0011154647,0.95,0.36186266,0.30418754,0.005932828,0.95,0.63269943,0.39731255,0.035168376,0.95,0.3184902,0.3952226,0.002052302,0.95,0.6594116,0.4236949,0.054442834,0.95,0.31256253,0.45432663,0.003954416,0.95,0.6442835,0.4491864,0.048713524,0.95,0.32792878,0.45621902,-0.0008356638,0.95,0.6404203,0.44361836,0.008316461,0.95,0.3238449,0.45031887,-0.0032125544,0.95,0.6295872,0.43063366,0.032274596,0.95,0.34464815,0.457997,0.0038089866,0.95,0.5349947,0.5060876,0.030870752,0.95,0.40768403,0.50584424,-0.0037227506,0.95,0.57523143,0.6385718,0.024492824,0.95,0.39669335,0.6500621,0.013428036,0.95,0.5576844,0.7610755,0.4103296,0.95,0.43395516,0.75371605,0.2671531,0.95,0.50769854,0.75394267,0.44834253,0.95,0.44880292,0.7682192,0.26736158,0.95,0.5757528,0.80901915,0.2509243,0.95,0.40688315,0.83009464,0.09660192,0.95,0.9,0.9,0.9,0.9,0.9,0.9,0.9,0.9,0.9,0.9,0.9,0.9,0.9,0.9,0.9,0.9,0.9,0.9,0.9,0.9,0.9,0.9,0.9,0.9,0.9,0.9,0.9,0.9,0.9,0.9,0.9,0.9,0.9
153,5.1,0.47881356,0.2366674,0.0074477373,0.95,0.4851333,0.22703122,0.012469146,0.95,0.50766444,0.22652337,0.011861133,0.95,0.49209282,0.22220008,0.013865411,0.95,0.47231847,0.22028041,0.0017116426,0.95,0.45124015,0.21276149,0.005883184,0.95,0.4423498,0.22845507,0.01178899,0.95,0.51143414,0.23448801,0.0087644495,0.95,0.4363208,0.22771789,-0.010817189,0.95,0.48802245,0.2442874,0.0042599784,0.95,0.44944373,0.2475229,0.018816011,0.95,0.5823449,0.30967674,0.0011154647,0.95,0.36186266,0.30418754,0.005932828,0.95,0.63269943,0.39731255,0.035168376,0.95,0.3184902,0.3952226,0.002052302,0.95,0.6594116,0.4236949,0.054442834,0.95,0.3125625,0.45432663,0.00395442,0.95,0.6442835,0.4491864,0.048713524,0.95,0.32792878,0.45621902,-0.0008356638,0.95,0.6404203,0.44361836,0.008316461,0.95,0.3238449,0.45031887,-0.0032125544,0.95,0.6295872,0.43063366,0.032274596,0.95,0.34464815,0.457997,0.003808983,0.95,0.5349947,0.5060876,0.030870754,0.95,0.40768403,0.50584424,-0.0037227506,0.95,0.57523143,0.6385718,0.024492824,0.95,0.39669335,0.6500621,0.013428036,0.95,0.5576844,0.7610755,0.4103296,0.95,0.43395516,0.75371605,0.2671531,0.95,0.50769854,0.75394267,0.44834253,0.95,0.44880292,0.7682192,0.26736158,0.95,0.5757528,0.80901915,0.2509243,0.95,0.40688315,0.8300946,0.09660192,0.95,0.9,0.9,0.9,0.9,0.9,0.9,0.9,0.9,0.9,0.9,0.9,0.9,0.9,0.9,0.9,0.9,0.9,0.9,0.9,0.9,0.9,0.9,0.9,0.9,0.9,0.9,0.9,0.9,0.9,0.9,0.9,0.9,0.9
154,5.133333333333334,0.47881356,0.2366674,0.0074477373,0.95,0.4851333,0.22703122,0.012469146,0.95,0.50766444,0.22652338,0.011861133,0.95,0.49209282,0.22220008,0.013865409,0.95,0.47231847,0.2202804,0.0017116407,0.95,0.45124015,0.21276149,0.005883184,0.95,0.4423498,0.22845507,0.011788985,0.95,0.51143414,0.23448801,0.0087644495,0.95,0.4363208,0.22771789,-0.010817189,0.95,0.48802245,0.2442874,0.0042599784,0.95,0.44944373,0.2475229,0.018816013,0.95,0.5823449,0.30967674,0.0011154647,0.95,0.36186266,0.30418754,0.005932828,0.95,0.63269943,0.39731255,0.035168376,0.95,0.3184902,0.3952226,0.0020522983,0.95,0.6594116,0.4236949,0.05444283,0.95,0.31256253,0.45432663,0.003954416,0.95,0.6442835,0.4491864,0.048713524,0.95,0.32792878,0.45621902,-0.0008356638,0.95,0.6404203,0.44361836,0.008316461,0.95,0.3238449,0.45031887,-0.0032125544,0.95,0.6295872,0.43063366,0.032274596,0.95,0.34464815,0.457997,0.0038089866,0.95,0.5349947,0.5060876,0.030870752,0.95,0.40768403,0.50584424,-0.0037227506,0.95,0.57523143,0.6385718,0.024492824,0.95,0.39669335,0.6500621,0.013428034,0.95,0.5576844,0.7610755,0.4103296,0.95,0.43395516,0.75371605,0.26715308,0.95,0.50769854,0.75394267,0.4483425,0.95,0.44880292,0.7682192,0.26736158,0.95,0.5757528,0.80901915,0.2509243,0.95,0.40688315,0.83009464,0.09660192,0.95,0.9,0.9,0.9,0.9,0.9,0.9,0.9,0.9,0.9,0.9,0.9,0.9,0.9,0.9,0.9,0.9,0.9,0.9,0.9,0.9,0.9,0.9,0.9,0.9,0.9,0.9,0.9,0.9,0.9,0.9,0.9,0.9,0.9
155,5.166666666666667,0.47881356,0.2366674,0.0074477373,0.95,0.4851333,0.22703122,0.012469146,0.95,0.50766444,0.22652338,0.011861135,0.95,0.49209282,0.22220008,0.013865411,0.95,0.47231847,0.2202804,0.0017116407,0.95,0.45124015,0.21276149,0.005883184,0.95,0.4423498,0.22845507,0.01178899,0.95,0.51143414,0.23448801,0.0087644495,0.95,0.4363208,0.22771789,-0.010817189,0.95,0.48802245,0.2442874,0.0042599784,0.95,0.44944373,0.2475229,0.018816011,0.95,0.5823449,0.30967674,0.0011154647,0.95,0.36186266,0.30418754,0.005932828,0.95,0.63269943,0.39731255,0.035168376,0.95,0.3184902,0.3952226,0.0020522983,0.95,0.6594116,0.4236949,0.05444283,0.95,0.31256253,0.45432663,0.003954416,0.95,0.6442835,0.4491864,0.048713524,0.95,0.32792878,0.45621902,-0.0008356638,0.95,0.6404204,0.44361836,0.008316461,0.95,0.3238449,0.45031887,-0.0032125544,0.95,0.6295872,0.43063366,0.032274596,0.95,0.34464815,0.457997,0.0038089904,0.95,0.5349947,0.5060876,0.030870752,0.95,0.40768403,0.50584424,-0.0037227506,0.95,0.57523143,0.6385718,0.024492823,0.95,0.39669335,0.6500621,0.013428034,0.95,0.5576844,0.7610755,0.4103296,0.95,0.43395516,0.75371605,0.2671531,0.95,0.50769854,0.75394267,0.4483425,0.95,0.44880292,0.7682192,0.26736158,0.95,0.5757528,0.80901915,0.2509243,0.95,0.40688315,0.83009464,0.09660191,0.95,0.9,0.9,0.9,0.9,0.9,0.9,0.9,0.9,0.9,0.9,0.9,0.9,0.9,0.9,0.9,0.9,0.9,0.9,0.9,0.9,0.9,0.9,0.9,0.9,0.9,0.9,0.9,0.9,0.9,0.9,0.9,0.9,0.9
156,5.2,0.47881356,0.2366674,0.0074477373,0.95,0.4851333,0.22703122,0.012469143,0.95,0.50766444,0.22652338,0.011861133,0.95,0.49209282,0.22220008,0.013865411,0.95,0.47231847,0.2202804,0.0017116407,0.95,0.45124015,0.21276149,0.005883184,0.95,0.4423498,0.22845507,0.0117889885,0.95,0.51143414,0.23448801,0.008764451,0.95,0.4363208,0.22771789,-0.010817189,0.95,0.48802245,0.2442874,0.0042599784,0.95,0.44944373,0.2475229,0.018816011,0.95,0.5823449,0.30967674,0.0011154647,0.95,0.36186266,0.30418754,0.005932828,0.95,0.63269943,0.39731255,0.035168376,0.95,0.3184902,0.3952226,0.0020522983,0.95,0.6594116,0.4236949,0.05444283,0.95,0.31256253,0.45432663,0.00395442,0.95,0.6442835,0.4491864,0.048713524,0.95,0.32792878,0.45621902,-0.0008356638,0.95,0.6404204,0.44361836,0.008316461,0.95,0.3238449,0.45031887,-0.0032125544,0.95,0.6295872,0.43063366,0.032274596,0.95,0.34464815,0.457997,0.0038089904,0.95,0.5349947,0.5060876,0.030870752,0.95,0.40768403,0.50584424,-0.0037227506,0.95,0.57523143,0.6385718,0.024492824,0.95,0.39669335,0.6500621,0.013428034,0.95,0.5576844,0.7610755,0.4103296,0.95,0.43395516,0.75371605,0.2671531,0.95,0.50769854,0.75394267,0.4483425,0.95,0.44880292,0.7682192,0.26736158,0.95,0.5757528,0.80901915,0.2509243,0.95,0.40688315,0.83009464,0.09660192,0.95,0.9,0.9,0.9,0.9,0.9,0.9,0.9,0.9,0.9,0.9,0.9,0.9,0.9,0.9,0.9,0.9,0.9,0.9,0.9,0.9,0.9,0.9,0.9,0.9,0.9,0.9,0.9,0.9,0.9,0.9,0.9,0.9,0.9
157,5.233333333333333,0.47881356,0.2366674,0.0074477373,0.95,0.4851333,0.22703122,0.012469143,0.95,0.50766444,0.22652338,0.011861133,0.95,0.49209282,0.22220008,0.013865411,0.95,0.47231847,0.22028041,0.0017116407,0.95,0.45124015,0.21276149,0.005883184,0.95,0.4423498,0.22845507,0.011788985,0.95,0.51143414,0.23448801,0.008764451,0.95,0.4363208,0.22771789,-0.010817189,0.95,0.48802245,0.2442874,0.0042599784,0.95,0.44944373,0.2475229,0.018816011,0.95,0.5823449,0.30967674,0.0011154647,0.95,0.36186266,0.30418754,0.005932828,0.95,0.63269943,0.39731255,0.035168376,0.95,0.3184902,0.3952226,0.0020522983,0.95,0.6594116,0.4236949,0.054442834,0.95,0.31256253,0.45432663,0.003954416,0.95,0.6442835,0.4491864,0.048713524,0.95,0.32792878,0.45621902,-0.0008356638,0.95,0.6404204,0.44361836,0.008316461,0.95,0.3238449,0.45031887,-0.0032125544,0.95,0.6295872,0.43063366,0.032274596,0.95,0.34464815,0.457997,0.0038089866,0.95,0.5349947,0.5060876,0.030870752,0.95,0.40768403,0.50584424,-0.0037227506,0.95,0.57523143,0.6385718,0.024492823,0.95,0.39669335,0.6500621,0.013428034,0.95,0.5576844,0.7610755,0.4103296,0.95,0.43395516,0.75371605,0.2671531,0.95,0.50769854,0.75394267,0.4483425,0.95,0.44880292,0.7682192,0.26736158,0.95,0.5757528,0.80901915,0.2509243,0.95,0.40688315,0.83009464,0.09660192,0.95,0.9,0.9,0.9,0.9,0.9,0.9,0.9,0.9,0.9,0.9,0.9,0.9,0.9,0.9,0.9,0.9,0.9,0.9,0.9,0.9,0.9,0.9,0.9,0.9,0.9,0.9,0.9,0.9,0.9,0.9,0.9,0.9,0.9
158,5.266666666666667,0.47881356,0.2366674,0.0074477373,0.95,0.4851333,0.22703122,0.012469143,0.95,0.50766444,0.22652338,0.011861133,0.95,0.49209282,0.22220008,0.013865411,0.95,0.47231847,0.2202804,0.0017116426,0.95,0.45124015,0.21276149,0.005883184,0.95,0.4423498,0.22845507,0.011788985,0.95,0.51143414,0.23448801,0.008764451,0.95,0.4363208,0.22771789,-0.010817189,0.95,0.48802245,0.2442874,0.0042599784,0.95,0.44944373,0.2475229,0.018816011,0.95,0.5823449,0.30967674,0.001115461,0.95,0.36186266,0.30418754,0.005932828,0.95,0.63269943,0.39731255,0.035168372,0.95,0.3184902,0.3952226,0.002052302,0.95,0.6594116,0.4236949,0.05444283,0.95,0.31256253,0.45432663,0.003954416,0.95,0.6442835,0.4491864,0.04871352,0.95,0.32792878,0.45621902,-0.0008356638,0.95,0.6404204,0.44361836,0.008316461,0.95,0.3238449,0.45031887,-0.0032125544,0.95,0.6295872,0.43063366,0.032274596,0.95,0.34464815,0.457997,0.0038089866,0.95,0.5349947,0.5060876,0.030870752,0.95,0.40768403,0.50584424,-0.0037227506,0.95,0.57523143,0.6385718,0.024492824,0.95,0.39669335,0.6500621,0.013428034,0.95,0.5576844,0.7610755,0.4103296,0.95,0.43395516,0.75371605,0.2671531,0.95,0.50769854,0.75394267,0.44834253,0.95,0.44880292,0.7682192,0.26736158,0.95,0.5757528,0.80901915,0.2509243,0.95,0.40688315,0.83009464,0.09660192,0.95,0.9,0.9,0.9,0.9,0.9,0.9,0.9,0.9,0.9,0.9,0.9,0.9,0.9,0.9,0.9,0.9,0.9,0.9,0.9,0.9,0.9,0.9,0.9,0.9,0.9,0.9,0.9,0.9,0.9,0.9,0.9,0.9,0.9
159,5.3,0.47881356,0.2366674,0.0074477373,0.95,0.4851333,0.22703122,0.012469143,0.95,0.50766444,0.22652338,0.011861133,0.95,0.49209282,0.22220008,0.013865411,0.95,0.47231847,0.2202804,0.0017116426,0.95,0.45124015,0.21276149,0.005883184,0.95,0.4423498,0.22845507,0.011788985,0.95,0.51143414,0.23448801,0.008764451,0.95,0.4363208,0.22771789,-0.010817189,0.95,0.48802245,0.2442874,0.0042599784,0.95,0.44944373,0.2475229,0.018816011,0.95,0.5823449,0.30967674,0.001115461,0.95,0.36186266,0.30418754,0.005932828,0.95,0.63269943,0.39731255,0.035168376,0.95,0.3184902,0.3952226,0.002052302,0.95,0.6594116,0.4236949,0.05444283,0.95,0.31256253,0.45432663,0.003954416,0.95,0.6442835,0.4491864,0.048713524,0.95,0.32792878,0.45621902,-0.0008356638,0.95,0.6404203,0.44361836,0.008316461,0.95,0.3238449,0.45031887,-0.0032125544,0.95,0.6295872,0.43063366,0.032274596,0.95,0.34464815,0.457997,0.0038089866,0.95,0.5349947,0.5060876,0.030870752,0.95,0.40768403,0.50584424,-0.0037227469,0.95,0.57523143,0.6385718,0.024492823,0.95,0.39669335,0.6500621,0.013428031,0.95,0.5576844,0.7610755,0.4103296,0.95,0.43395516,0.75371605,0.2671531,0.95,0.50769854,0.75394267,0.44834253,0.95,0.44880292,0.7682192,0.26736158,0.95,0.5757528,0.80901915,0.2509243,0.95,0.40688315,0.83009464,0.09660192,0.95,0.9,0.9,0.9,0.9,0.9,0.9,0.9,0.9,0.9,0.9,0.9,0.9,0.9,0.9,0.9,0.9,0.9,0.9,0.9,0.9,0.9,0.9,0.9,0.9,0.9,0.9,0.9,0.9,0.9,0.9,0.9,0.9,0.9
160,5.333333333333333,0.47881356,0.2366674,0.0074477373,0.95,0.4851333,0.22703122,0.012469143,0.95,0.50766444,0.22652338,0.011861133,0.95,0.49209282,0.22220008,0.013865411,0.95,0.47231847,0.2202804,0.0017116407,0.95,0.45124015,0.21276149,0.005883184,0.95,0.4423498,0.22845507,0.0117889885,0.95,0.51143414,0.23448801,0.008764451,0.95,0.4363208,0.22771789,-0.010817189,0.95,0.48802245,0.2442874,0.0042599784,0.95,0.44944373,0.2475229,0.018816013,0.95,0.5823449,0.30967674,0.0011154647,0.95,0.36186266,0.30418754,0.005932828,0.95,0.63269943,0.39731255,0.035168376,0.95,0.3184902,0.3952226,0.0020522983,0.95,0.6594116,0.4236949,0.05444283,0.95,0.31256253,0.45432663,0.00395442,0.95,0.6442835,0.4491864,0.048713524,0.95,0.32792878,0.45621902,-0.0008356638,0.95,0.6404203,0.44361836,0.008316461,0.95,0.3238449,0.45031887,-0.0032125544,0.95,0.6295872,0.43063366,0.032274593,0.95,0.34464815,0.457997,0.0038089866,0.95,0.5349947,0.5060876,0.030870752,0.95,0.40768403,0.50584424,-0.0037227506,0.95,0.57523143,0.6385718,0.024492824,0.95,0.39669335,0.6500621,0.013428031,0.95,0.5576844,0.7610755,0.4103296,0.95,0.43395516,0.75371605,0.2671531,0.95,0.50769854,0.75394267,0.44834253,0.95,0.44880292,0.7682192,0.26736158,0.95,0.5757528,0.80901915,0.2509243,0.95,0.40688315,0.83009464,0.09660192,0.95,0.9,0.9,0.9,0.9,0.9,0.9,0.9,0.9,0.9,0.9,0.9,0.9,0.9,0.9,0.9,0.9,0.9,0.9,0.9,0.9,0.9,0.9,0.9,0.9,0.9,0.9,0.9,0.9,0.9,0.9,0.9,0.9,0.9
161,5.366666666666666,0.47881356,0.2366674,0.0074477373,0.95,0.4851333,0.22703122,0.012469146,0.95,0.50766444,0.22652338,0.011861133,0.95,0.49209282,0.22220008,0.013865411,0.95,0.47231847,0.2202804,0.0017116407,0.95,0.45124015,0.21276149,0.005883184,0.95,0.4423498,0.22845507,0.0117889885,0.95,0.51143414,0.23448801,0.008764451,0.95,0.4363208,0.22771789,-0.010817189,0.95,0.48802245,0.2442874,0.0042599747,0.95,0.44944373,0.2475229,0.018816011,0.95,0.5823449,0.30967674,0.0011154647,0.95,0.36186266,0.30418754,0.005932828,0.95,0.63269943,0.39731255,0.035168376,0.95,0.3184902,0.3952226,0.0020522983,0.95,0.6594116,0.4236949,0.05444283,0.95,0.31256253,0.45432663,0.003954416,0.95,0.6442835,0.4491864,0.048713524,0.95,0.32792878,0.45621902,-0.0008356638,0.95,0.6404203,0.44361836,0.008316461,0.95,0.3238449,0.45031887,-0.0032125544,0.95,0.6295872,0.43063366,0.032274593,0.95,0.34464815,0.457997,0.0038089866,0.95,0.5349947,0.5060876,0.030870752,0.95,0.40768403,0.50584424,-0.0037227506,0.95,0.57523143,0.6385718,0.024492823,0.95,0.39669335,0.6500621,0.013428031,0.95,0.5576844,0.7610755,0.4103296,0.95,0.43395516,0.75371605,0.2671531,0.95,0.50769854,0.75394267,0.4483425,0.95,0.44880292,0.7682192,0.26736158,0.95,0.5757528,0.80901915,0.2509243,0.95,0.40688315,0.83009464,0.09660192,0.95,0.9,0.9,0.9,0.9,0.9,0.9,0.9,0.9,0.9,0.9,0.9,0.9,0.9,0.9,0.9,0.9,0.9,0.9,0.9,0.9,0.9,0.9,0.9,0.9,0.9,0.9,0.9,0.9,0.9,0.9,0.9,0.9,0.9
162,5.4,0.47881356,0.2366674,0.0074477373,0.95,0.4851333,0.22703122,0.012469143,0.95,0.50766444,0.22652338,0.011861133,0.95,0.49209282,0.22220008,0.013865411,0.95,0.47231847,0.2202804,0.0017116407,0.95,0.45124015,0.21276149,0.005883184,0.95,0.4423498,0.22845507,0.011788985,0.95,0.51143414,0.23448801,0.008764451,0.95,0.4363208,0.22771789,-0.010817189,0.95,0.48802245,0.2442874,0.0042599747,0.95,0.44944373,0.2475229,0.018816011,0.95,0.5823449,0.30967674,0.001115461,0.95,0.36186266,0.30418754,0.005932828,0.95,0.63269943,0.39731255,0.035168376,0.95,0.3184902,0.3952226,0.0020522946,0.95,0.6594116,0.4236949,0.05444283,0.95,0.31256253,0.45432663,0.003954416,0.95,0.6442835,0.4491864,0.048713524,0.95,0.32792878,0.45621902,-0.00083566754,0.95,0.6404203,0.44361836,0.008316461,0.95,0.3238449,0.45031887,-0.0032125544,0.95,0.6295872,0.43063366,0.032274596,0.95,0.34464815,0.457997,0.0038089866,0.95,0.5349947,0.5060876,0.030870752,0.95,0.40768403,0.50584424,-0.0037227506,0.95,0.57523143,0.6385718,0.024492823,0.95,0.39669335,0.6500621,0.013428031,0.95,0.5576844,0.7610755,0.4103296,0.95,0.43395516,0.75371605,0.2671531,0.95,0.50769854,0.75394267,0.4483425,0.95,0.44880292,0.7682192,0.26736158,0.95,0.5757528,0.80901915,0.2509243,0.95,0.40688315,0.83009464,0.09660192,0.95,0.9,0.9,0.9,0.9,0.9,0.9,0.9,0.9,0.9,0.9,0.9,0.9,0.9,0.9,0.9,0.9,0.9,0.9,0.9,0.9,0.9,0.9,0.9,0.9,0.9,0.9,0.9,0.9,0.9,0.9,0.9,0.9,0.9
163,5.433333333333334,0.47881356,0.2366674,0.0074477373,0.95,0.4851333,0.22703122,0.012469146,0.95,0.50766444,0.22652338,0.011861133,0.95,0.49209282,0.22220008,0.013865411,0.95,0.47231847,0.2202804,0.0017116407,0.95,0.45124015,0.21276149,0.005883184,0.95,0.4423498,0.22845507,0.0117889885,0.95,0.51143414,0.23448801,0.008764451,0.95,0.4363208,0.22771789,-0.010817189,0.95,0.48802245,0.2442874,0.0042599784,0.95,0.44944373,0.2475229,0.018816011,0.95,0.5823449,0.30967674,0.0011154647,0.95,0.36186266,0.30418754,0.005932828,0.95,0.63269943,0.39731255,0.035168376,0.95,0.3184902,0.3952226,0.0020522983,0.95,0.6594116,0.4236949,0.05444283,0.95,0.31256253,0.45432663,0.003954416,0.95,0.6442835,0.4491864,0.048713524,0.95,0.32792878,0.45621902,-0.0008356638,0.95,0.6404203,0.44361836,0.008316461,0.95,0.3238449,0.45031887,-0.0032125544,0.95,0.6295872,0.43063366,0.032274593,0.95,0.34464815,0.457997,0.0038089866,0.95,0.5349947,0.5060876,0.030870752,0.95,0.40768403,0.50584424,-0.0037227506,0.95,0.57523143,0.6385718,0.024492823,0.95,0.39669335,0.6500621,0.013428031,0.95,0.5576844,0.7610755,0.4103296,0.95,0.43395516,0.75371605,0.2671531,0.95,0.50769854,0.75394267,0.4483425,0.95,0.44880292,0.7682192,0.26736158,0.95,0.5757528,0.80901915,0.2509243,0.95,0.40688315,0.83009464,0.09660191,0.95,0.9,0.9,0.9,0.9,0.9,0.9,0.9,0.9,0.9,0.9,0.9,0.9,0.9,0.9,0.9,0.9,0.9,0.9,0.9,0.9,0.9,0.9,0.9,0.9,0.9,0.9,0.9,0.9,0.9,0.9,0.9,0.9,0.9
164,5.466666666666667,0.47881356,0.2366674,0.0074477373,0.95,0.4851333,0.22703122,0.012469143,0.95,0.50766444,0.22652338,0.011861133,0.95,0.49209282,0.22220008,0.013865411,0.95,0.47231847,0.2202804,0.0017116407,0.95,0.45124015,0.21276149,0.005883184,0.95,0.4423498,0.22845507,0.011788985,0.95,0.51143414,0.23448801,0.008764451,0.95,0.4363208,0.22771789,-0.010817189,0.95,0.48802245,0.2442874,0.0042599784,0.95,0.44944373,0.2475229,0.018816011,0.95,0.5823449,0.30967674,0.001115461,0.95,0.36186266,0.30418754,0.005932828,0.95,0.63269943,0.39731255,0.035168376,0.95,0.3184902,0.3952226,0.0020522983,0.95,0.6594116,0.4236949,0.05444283,0.95,0.31256253,0.45432663,0.003954416,0.95,0.6442835,0.4491864,0.048713524,0.95,0.32792878,0.45621902,-0.0008356638,0.95,0.6404203,0.44361836,0.008316461,0.95,0.3238449,0.45031887,-0.0032125544,0.95,0.6295872,0.43063366,0.032274596,0.95,0.34464815,0.457997,0.0038089866,0.95,0.5349947,0.5060876,0.030870752,0.95,0.40768403,0.50584424,-0.0037227506,0.95,0.57523143,0.6385718,0.024492824,0.95,0.39669335,0.6500621,0.013428034,0.95,0.5576844,0.7610755,0.4103296,0.95,0.43395516,0.75371605,0.2671531,0.95,0.50769854,0.75394267,0.4483425,0.95,0.44880292,0.7682192,0.26736158,0.95,0.5757528,0.80901915,0.2509243,0.95,0.40688315,0.83009464,0.09660192,0.95,0.9,0.9,0.9,0.9,0.9,0.9,0.9,0.9,0.9,0.9,0.9,0.9,0.9,0.9,0.9,0.9,0.9,0.9,0.9,0.9,0.9,0.9,0.9,0.9,0.9,0.9,0.9,0.9,0.9,0.9,0.9,0.9,0.9
165,5.5,0.47881356,0.2366674,0.0074477373,0.95,0.4851333,0.22703122,0.012469146,0.95,0.50766444,0.22652338,0.011861133,0.95,0.49209282,0.22220008,0.013865411,0.95,0.47231847,0.2202804,0.0017116407,0.95,0.45124015,0.21276149,0.005883184,0.95,0.4423498,0.22845507,0.0117889885,0.95,0.51143414,0.23448801,0.008764451,0.95,0.4363208,0.22771789,-0.010817189,0.95,0.48802245,0.2442874,0.0042599784,0.95,0.44944373,0.2475229,0.018816011,0.95,0.5823449,0.30967674,0.0011154647,0.95,0.36186266,0.30418754,0.005932828,0.95,0.63269943,0.39731255,0.035168376,0.95,0.3184902,0.3952226,0.0020522983,0.95,0.6594116,0.4236949,0.054442834,0.95,0.31256253,0.45432663,0.00395442,0.95,0.6442835,0.4491864,0.048713524,0.95,0.32792878,0.45621902,-0.0008356638,0.95,0.6404203,0.44361836,0.008316461,0.95,0.3238449,0.45031887,-0.0032125544,0.95,0.6295872,0.43063366,0.032274596,0.95,0.34464815,0.457997,0.0038089866,0.95,0.5349947,0.5060876,0.030870752,0.95,0.40768403,0.50584424,-0.0037227506,0.95,0.57523143,0.6385718,0.024492824,0.95,0.39669335,0.6500621,0.013428031,0.95,0.5576844,0.7610755,0.4103296,0.95,0.43395516,0.75371605,0.2671531,0.95,0.50769854,0.75394267,0.4483425,0.95,0.44880292,0.7682192,0.26736158,0.95,0.5757528,0.80901915,0.2509243,0.95,0.40688315,0.83009464,0.09660192,0.95,0.9,0.9,0.9,0.9,0.9,0.9,0.9,0.9,0.9,0.9,0.9,0.9,0.9,0.9,0.9,0.9,0.9,0.9,0.9,0.9,0.9,0.9,0.9,0.9,0.9,0.9,0.9,0.9,0.9,0.9,0.9,0.9,0.9
166,5.533333333333333,0.47881356,0.2366674,0.0074477373,0.95,0.4851333,0.22703122,0.012469143,0.95,0.50766444,0.22652338,0.011861133,0.95,0.49209282,0.22220008,0.013865411,0.95,0.47231847,0.2202804,0.0017116407,0.95,0.45124015,0.21276149,0.005883184,0.95,0.4423498,0.22845507,0.0117889885,0.95,0.51143414,0.23448801,0.008764451,0.95,0.4363208,0.22771789,-0.010817189,0.95,0.48802245,0.2442874,0.004259973,0.95,0.44944373,0.2475229,0.018816013,0.95,0.5823449,0.30967674,0.0011154647,0.95,0.36186266,0.30418754,0.005932828,0.95,0.63269943,0.39731255,0.035168376,0.95,0.3184902,0.3952226,0.0020522983,0.95,0.6594116,0.4236949,0.054442834,0.95,0.31256253,0.45432663,0.003954416,0.95,0.6442835,0.4491864,0.048713524,0.95,0.32792878,0.45621902,-0.0008356638,0.95,0.6404203,0.44361836,0.008316461,0.95,0.3238449,0.45031887,-0.0032125544,0.95,0.6295872,0.43063366,0.032274596,0.95,0.34464815,0.457997,0.0038089866,0.95,0.5349947,0.5060876,0.030870752,0.95,0.40768403,0.50584424,-0.0037227506,0.95,0.57523143,0.6385718,0.024492824,0.95,0.39669335,0.6500621,0.013428031,0.95,0.5576844,0.7610755,0.4103296,0.95,0.43395516,0.75371605,0.2671531,0.95,0.50769854,0.75394267,0.4483425,0.95,0.44880292,0.7682192,0.26736158,0.95,0.5757528,0.80901915,0.2509243,0.95,0.40688315,0.83009464,0.09660192,0.95,0.9,0.9,0.9,0.9,0.9,0.9,0.9,0.9,0.9,0.9,0.9,0.9,0.9,0.9,0.9,0.9,0.9,0.9,0.9,0.9,0.9,0.9,0.9,0.9,0.9,0.9,0.9,0.9,0.9,0.9,0.9,0.9,0.9
167,5.566666666666666,0.47881356,0.2366674,0.0074477373,0.95,0.4851333,0.22703122,0.012469146,0.95,0.50766444,0.22652338,0.011861133,0.95,0.49209282,0.22220008,0.013865411,0.95,0.47231847,0.2202804,0.0017116407,0.95,0.45124015,0.21276149,0.005883184,0.95,0.4423498,0.22845507,0.0117889885,0.95,0.51143414,0.23448801,0.008764451,0.95,0.4363208,0.22771789,-0.010817189,0.95,0.48802245,0.2442874,0.004259973,0.95,0.44944373,0.2475229,0.018816013,0.95,0.5823449,0.30967674,0.0011154647,0.95,0.36186266,0.30418754,0.005932828,0.95,0.63269943,0.39731255,0.035168376,0.95,0.3184902,0.3952226,0.0020522983,0.95,0.6594116,0.4236949,0.054442834,0.95,0.31256253,0.45432663,0.00395442,0.95,0.6442835,0.4491864,0.048713524,0.95,0.32792878,0.45621902,-0.0008356638,0.95,0.6404203,0.44361836,0.008316461,0.95,0.3238449,0.45031887,-0.0032125544,0.95,0.6295872,0.43063366,0.032274593,0.95,0.34464815,0.457997,0.0038089866,0.95,0.5349947,0.5060876,0.030870754,0.95,0.40768403,0.50584424,-0.0037227506,0.95,0.57523143,0.6385718,0.024492823,0.95,0.39669335,0.6500621,0.013428031,0.95,0.5576844,0.7610755,0.4103296,0.95,0.43395516,0.75371605,0.2671531,0.95,0.50769854,0.75394267,0.4483425,0.95,0.44880292,0.7682192,0.26736158,0.95,0.5757528,0.80901915,0.2509243,0.95,0.40688315,0.83009464,0.09660192,0.95,0.9,0.9,0.9,0.9,0.9,0.9,0.9,0.9,0.9,0.9,0.9,0.9,0.9,0.9,0.9,0.9,0.9,0.9,0.9,0.9,0.9,0.9,0.9,0.9,0.9,0.9,0.9,0.9,0.9,0.9,0.9,0.9,0.9
168,5.6,0.47881356,0.2366674,0.0074477373,0.95,0.4851333,0.22703122,0.012469143,0.95,0.50766444,0.22652338,0.011861133,0.95,0.49209282,0.22220008,0.013865411,0.95,0.47231847,0.2202804,0.0017116407,0.95,0.45124015,0.21276149,0.005883184,0.95,0.4423498,0.22845507,0.0117889885,0.95,0.51143414,0.23448801,0.008764451,0.95,0.4363208,0.22771789,-0.010817189,0.95,0.48802245,0.2442874,0.004259973,0.95,0.44944373,0.2475229,0.018816015,0.95,0.5823449,0.30967674,0.0011154647,0.95,0.36186266,0.30418754,0.005932828,0.95,0.63269943,0.39731255,0.035168376,0.95,0.3184902,0.3952226,0.0020522983,0.95,0.6594116,0.4236949,0.054442834,0.95,0.31256253,0.45432663,0.00395442,0.95,0.6442835,0.4491864,0.048713524,0.95,0.32792878,0.45621902,-0.0008356638,0.95,0.6404203,0.44361836,0.008316461,0.95,0.3238449,0.45031887,-0.0032125544,0.95,0.6295872,0.43063366,0.032274596,0.95,0.34464815,0.457997,0.0038089866,0.95,0.5349947,0.5060876,0.030870752,0.95,0.40768403,0.50584424,-0.0037227506,0.95,0.57523143,0.6385718,0.024492823,0.95,0.39669335,0.6500621,0.013428031,0.95,0.5576844,0.7610755,0.4103296,0.95,0.43395516,0.75371605,0.2671531,0.95,0.50769854,0.75394267,0.4483425,0.95,0.44880292,0.7682192,0.26736158,0.95,0.5757528,0.80901915,0.2509243,0.95,0.40688315,0.83009464,0.09660192,0.95,0.9,0.9,0.9,0.9,0.9,0.9,0.9,0.9,0.9,0.9,0.9,0.9,0.9,0.9,0.9,0.9,0.9,0.9,0.9,0.9,0.9,0.9,0.9,0.9,0.9,0.9,0.9,0.9,0.9,0.9,0.9,0.9,0.9
169,5.633333333333334,0.47881356,0.2366674,0.0074477373,0.95,0.4851333,0.22703122,0.012469143,0.95,0.50766444,0.22652337,0.0118611315,0.95,0.49209282,0.22220008,0.013865411,0.95,0.47231847,0.2202804,0.0017116407,0.95,0.45124015,0.21276149,0.005883184,0.95,0.4423498,0.22845507,0.0117889885,0.95,0.51143414,0.23448801,0.008764451,0.95,0.4363208,0.22771789,-0.010817189,0.95,0.48802245,0.2442874,0.0042599747,0.95,0.44944373,0.2475229,0.018816013,0.95,0.5823449,0.30967674,0.0011154647,0.95,0.36186266,0.30418754,0.005932828,0.95,0.63269943,0.39731255,0.035168376,0.95,0.3184902,0.3952226,0.0020522983,0.95,0.6594116,0.4236949,0.054442834,0.95,0.31256253,0.45432663,0.00395442,0.95,0.6442835,0.4491864,0.048713524,0.95,0.32792878,0.45621902,-0.0008356638,0.95,0.6404203,0.44361836,0.008316461,0.95,0.3238449,0.45031887,-0.0032125544,0.95,0.6295872,0.43063366,0.032274596,0.95,0.34464815,0.457997,0.0038089866,0.95,0.5349947,0.5060876,0.030870752,0.95,0.40768403,0.50584424,-0.0037227506,0.95,0.57523143,0.6385718,0.024492823,0.95,0.39669335,0.6500621,0.013428031,0.95,0.5576844,0.7610755,0.4103296,0.95,0.43395516,0.75371605,0.2671531,0.95,0.50769854,0.75394267,0.44834253,0.95,0.44880292,0.7682192,0.26736158,0.95,0.5757528,0.80901915,0.2509243,0.95,0.40688315,0.83009464,0.09660192,0.95,0.9,0.9,0.9,0.9,0.9,0.9,0.9,0.9,0.9,0.9,0.9,0.9,0.9,0.9,0.9,0.9,0.9,0.9,0.9,0.9,0.9,0.9,0.9,0.9,0.9,0.9,0.9,0.9,0.9,0.9,0.9,0.9,0.9
170,5.666666666666667,0.47881356,0.2366674,0.0074477373,0.95,0.4851333,0.22703122,0.012469143,0.95,0.50766444,0.22652338,0.011861137,0.95,0.49209282,0.22220008,0.013865413,0.95,0.47231847,0.2202804,0.0017116407,0.95,0.45124015,0.21276149,0.005883184,0.95,0.4423498,0.22845507,0.0117889885,0.95,0.51143414,0.23448801,0.008764451,0.95,0.4363208,0.22771789,-0.010817189,0.95,0.48802245,0.2442874,0.004259973,0.95,0.44944373,0.2475229,0.018816015,0.95,0.5823449,0.30967674,0.0011154647,0.95,0.36186266,0.30418754,0.005932828,0.95,0.63269943,0.39731255,0.035168376,0.95,0.3184902,0.3952226,0.0020522983,0.95,0.6594116,0.4236949,0.05444283,0.95,0.31256253,0.45432663,0.00395442,0.95,0.6442835,0.4491864,0.048713524,0.95,0.32792878,0.45621902,-0.0008356638,0.95,0.6404203,0.44361836,0.008316468,0.95,0.3238449,0.45031887,-0.0032125544,0.95,0.6295872,0.43063366,0.032274596,0.95,0.34464815,0.457997,0.0038089866,0.95,0.5349947,0.5060876,0.030870754,0.95,0.40768403,0.50584424,-0.0037227506,0.95,0.57523143,0.6385718,0.024492823,0.95,0.39669335,0.6500621,0.013428031,0.95,0.5576844,0.7610755,0.4103296,0.95,0.43395516,0.75371605,0.2671531,0.95,0.50769854,0.75394267,0.4483425,0.95,0.44880292,0.7682192,0.26736158,0.95,0.5757528,0.80901915,0.2509243,0.95,0.40688315,0.83009464,0.09660192,0.95,0.9,0.9,0.9,0.9,0.9,0.9,0.9,0.9,0.9,0.9,0.9,0.9,0.9,0.9,0.9,0.9,0.9,0.9,0.9,0.9,0.9,0.9,0.9,0.9,0.9,0.9,0.9,0.9,0.9,0.9,0.9,0.9,0.9
171,5.7,0.47881356,0.2366674,0.0074477373,0.95,0.4851333,0.22703122,0.012469143,0.95,0.50766444,0.22652338,0.011861135,0.95,0.49209282,0.22220008,0.013865411,0.95,0.47231847,0.2202804,0.0017116407,0.95,0.45124015,0.21276149,0.005883184,0.95,0.4423498,0.22845507,0.0117889885,0.95,0.51143414,0.23448801,0.008764451,0.95,0.4363208,0.22771789,-0.010817189,0.95,0.48802245,0.2442874,0.004259973,0.95,0.44944373,0.2475229,0.018816015,0.95,0.5823449,0.30967674,0.0011154647,0.95,0.36186266,0.30418754,0.005932828,0.95,0.63269943,0.39731255,0.035168376,0.95,0.3184902,0.3952226,0.0020522983,0.95,0.6594116,0.4236949,0.054442834,0.95,0.31256253,0.45432663,0.00395442,0.95,0.6442835,0.4491864,0.048713524,0.95,0.32792878,0.45621902,-0.0008356638,0.95,0.6404203,0.44361836,0.008316461,0.95,0.3238449,0.45031887,-0.0032125544,0.95,0.6295872,0.43063366,0.032274596,0.95,0.34464815,0.457997,0.0038089866,0.95,0.5349947,0.5060876,0.030870754,0.95,0.40768403,0.50584424,-0.0037227506,0.95,0.57523143,0.6385718,0.024492824,0.95,0.39669335,0.6500621,0.013428031,0.95,0.5576844,0.7610755,0.4103296,0.95,0.43395516,0.75371605,0.2671531,0.95,0.50769854,0.75394267,0.44834253,0.95,0.44880292,0.7682192,0.26736158,0.95,0.5757528,0.80901915,0.2509243,0.95,0.40688315,0.83009464,0.09660191,0.95,0.9,0.9,0.9,0.9,0.9,0.9,0.9,0.9,0.9,0.9,0.9,0.9,0.9,0.9,0.9,0.9,0.9,0.9,0.9,0.9,0.9,0.9,0.9,0.9,0.9,0.9,0.9,0.9,0.9,0.9,0.9,0.9,0.9
172,5.733333333333333,0.47881356,0.2366674,0.0074477373,0.95,0.4851333,0.22703122,0.012469143,0.95,0.50766444,0.22652337,0.0118611315,0.95,0.49209282,0.22220008,0.013865411,0.95,0.47231847,0.2202804,0.0017116407,0.95,0.45124015,0.21276149,0.005883184,0.95,0.4423498,0.22845507,0.0117889885,0.95,0.51143414,0.23448801,0.008764451,0.95,0.4363208,0.22771789,-0.010817189,0.95,0.48802245,0.2442874,0.004259973,0.95,0.44944373,0.2475229,0.018816015,0.95,0.5823449,0.30967674,0.0011154647,0.95,0.36186266,0.30418754,0.005932828,0.95,0.63269943,0.39731255,0.035168376,0.95,0.3184902,0.3952226,0.0020522983,0.95,0.6594116,0.4236949,0.054442834,0.95,0.31256253,0.45432663,0.00395442,0.95,0.6442835,0.4491864,0.048713524,0.95,0.32792878,0.45621902,-0.0008356638,0.95,0.6404203,0.44361836,0.008316461,0.95,0.3238449,0.45031887,-0.0032125544,0.95,0.6295872,0.43063366,0.032274596,0.95,0.34464815,0.457997,0.0038089866,0.95,0.5349947,0.5060876,0.030870752,0.95,0.40768403,0.50584424,-0.0037227506,0.95,0.57523143,0.6385718,0.024492824,0.95,0.39669335,0.6500621,0.013428031,0.95,0.5576844,0.7610755,0.4103296,0.95,0.43395516,0.75371605,0.2671531,0.95,0.50769854,0.75394267,0.4483425,0.95,0.44880292,0.7682192,0.26736158,0.95,0.5757528,0.80901915,0.2509243,0.95,0.40688315,0.83009464,0.09660191,0.95,0.9,0.9,0.9,0.9,0.9,0.9,0.9,0.9,0.9,0.9,0.9,0.9,0.9,0.9,0.9,0.9,0.9,0.9,0.9,0.9,0.9,0.9,0.9,0.9,0.9,0.9,0.9,0.9,0.9,0.9,0.9,0.9,0.9
173,5.766666666666667,0.47881356,0.2366674,0.0074477373,0.95,0.4851333,0.22703122,0.012469146,0.95,0.50766444,0.22652337,0.011861135,0.95,0.49209282,0.22220008,0.013865413,0.95,0.47231847,0.2202804,0.0017116407,0.95,0.45124015,0.21276149,0.005883184,0.95,0.4423498,0.22845507,0.0117889885,0.95,0.51143414,0.23448801,0.008764451,0.95,0.4363208,0.22771789,-0.010817189,0.95,0.48802245,0.2442874,0.004259973,0.95,0.44944373,0.2475229,0.018816013,0.95,0.5823449,0.30967674,0.0011154647,0.95,0.36186266,0.30418754,0.005932828,0.95,0.63269943,0.39731255,0.035168376,0.95,0.3184902,0.3952226,0.0020522983,0.95,0.6594116,0.4236949,0.05444283,0.95,0.31256253,0.45432663,0.003954416,0.95,0.6442835,0.4491864,0.048713524,0.95,0.32792878,0.45621902,-0.0008356638,0.95,0.6404203,0.44361836,0.008316461,0.95,0.3238449,0.45031887,-0.0032125544,0.95,0.6295872,0.43063366,0.032274593,0.95,0.34464815,0.457997,0.0038089866,0.95,0.5349947,0.5060876,0.030870754,0.95,0.40768403,0.50584424,-0.0037227506,0.95,0.57523143,0.6385718,0.024492824,0.95,0.39669335,0.6500621,0.013428036,0.95,0.5576844,0.7610755,0.4103296,0.95,0.43395516,0.75371605,0.2671531,0.95,0.50769854,0.75394267,0.44834253,0.95,0.44880292,0.7682192,0.26736158,0.95,0.5757528,0.80901915,0.2509243,0.95,0.40688315,0.83009464,0.09660192,0.95,0.9,0.9,0.9,0.9,0.9,0.9,0.9,0.9,0.9,0.9,0.9,0.9,0.9,0.9,0.9,0.9,0.9,0.9,0.9,0.9,0.9,0.9,0.9,0.9,0.9,0.9,0.9,0.9,0.9,0.9,0.9,0.9,0.9
174,5.8,0.47881356,0.2366674,0.0074477373,0.95,0.4851333,0.22703122,0.012469143,0.95,0.50766444,0.22652338,0.011861137,0.95,0.49209282,0.22220008,0.013865413,0.95,0.47231847,0.2202804,0.0017116407,0.95,0.45124015,0.21276149,0.005883184,0.95,0.4423498,0.22845507,0.0117889885,0.95,0.51143414,0.23448801,0.008764451,0.95,0.4363208,0.22771789,-0.010817189,0.95,0.48802245,0.2442874,0.004259973,0.95,0.44944373,0.2475229,0.018816015,0.95,0.5823449,0.30967674,0.001115461,0.95,0.36186266,0.30418754,0.005932828,0.95,0.63269943,0.39731252,0.035168376,0.95,0.3184902,0.3952226,0.0020522983,0.95,0.6594116,0.4236949,0.05444283,0.95,0.31256253,0.45432663,0.003954416,0.95,0.6442835,0.4491864,0.048713524,0.95,0.32792878,0.45621902,-0.0008356638,0.95,0.6404203,0.44361836,0.008316461,0.95,0.3238449,0.45031887,-0.0032125544,0.95,0.6295872,0.43063366,0.032274596,0.95,0.34464815,0.457997,0.0038089866,0.95,0.5349947,0.5060876,0.030870754,0.95,0.40768403,0.50584424,-0.0037227506,0.95,0.57523143,0.6385718,0.024492824,0.95,0.39669335,0.6500621,0.013428036,0.95,0.5576844,0.7610755,0.4103296,0.95,0.43395516,0.75371605,0.2671531,0.95,0.50769854,0.75394267,0.44834253,0.95,0.44880292,0.7682192,0.26736158,0.95,0.5757528,0.80901915,0.2509243,0.95,0.40688315,0.83009464,0.09660192,0.95,0.9,0.9,0.9,0.9,0.9,0.9,0.9,0.9,0.9,0.9,0.9,0.9,0.9,0.9,0.9,0.9,0.9,0.9,0.9,0.9,0.9,0.9,0.9,0.9,0.9,0.9,0.9,0.9,0.9,0.9,0.9,0.9,0.9
175,5.833333333333333,0.47881356,0.2366674,0.0074477373,0.95,0.4851333,0.22703122,0.012469143,0.95,0.50766444,0.22652338,0.011861133,0.95,0.49209282,0.22220008,0.013865411,0.95,0.47231847,0.2202804,0.0017116407,0.95,0.45124015,0.21276149,0.005883184,0.95,0.4423498,0.22845507,0.0117889885,0.95,0.51143414,0.23448801,0.008764451,0.95,0.4363208,0.22771789,-0.010817189,0.95,0.48802245,0.2442874,0.0042599747,0.95,0.44944373,0.2475229,0.018816015,0.95,0.5823449,0.30967674,0.0011154647,0.95,0.36186266,0.30418754,0.005932828,0.95,0.63269943,0.39731255,0.035168376,0.95,0.3184902,0.3952226,0.0020522983,0.95,0.6594116,0.4236949,0.054442834,0.95,0.31256253,0.45432663,0.00395442,0.95,0.6442835,0.4491864,0.048713524,0.95,0.32792878,0.45621902,-0.0008356638,0.95,0.6404203,0.44361836,0.008316461,0.95,0.3238449,0.45031887,-0.0032125544,0.95,0.6295872,0.43063366,0.032274596,0.95,0.34464815,0.457997,0.0038089866,0.95,0.5349947,0.5060876,0.030870754,0.95,0.40768403,0.50584424,-0.0037227506,0.95,0.57523143,0.6385718,0.024492824,0.95,0.39669335,0.6500621,0.013428031,0.95,0.5576844,0.7610755,0.4103296,0.95,0.43395516,0.75371605,0.2671531,0.95,0.50769854,0.75394267,0.4483425,0.95,0.44880292,0.7682192,0.26736158,0.95,0.5757528,0.80901915,0.2509243,0.95,0.40688315,0.83009464,0.09660191,0.95,0.9,0.9,0.9,0.9,0.9,0.9,0.9,0.9,0.9,0.9,0.9,0.9,0.9,0.9,0.9,0.9,0.9,0.9,0.9,0.9,0.9,0.9,0.9,0.9,0.9,0.9,0.9,0.9,0.9,0.9,0.9,0.9,0.9
176,5.866666666666666,0.47881356,0.2366674,0.0074477373,0.95,0.4851333,0.22703122,0.012469143,0.95,0.50766444,0.22652338,0.011861135,0.95,0.49209282,0.22220008,0.013865413,0.95,0.47231847,0.2202804,0.0017116407,0.95,0.45124015,0.21276149,0.005883184,0.95,0.4423498,0.22845507,0.0117889885,0.95,0.51143414,0.23448801,0.008764451,0.95,0.4363208,0.22771789,-0.010817189,0.95,0.48802245,0.2442874,0.004259973,0.95,0.44944373,0.2475229,0.018816015,0.95,0.5823449,0.30967674,0.0011154647,0.95,0.36186266,0.30418754,0.005932828,0.95,0.63269943,0.39731255,0.035168376,0.95,0.3184902,0.3952226,0.0020522983,0.95,0.6594116,0.4236949,0.054442834,0.95,0.31256253,0.45432663,0.00395442,0.95,0.6442835,0.4491864,0.048713524,0.95,0.32792878,0.45621902,-0.0008356638,0.95,0.6404203,0.44361836,0.008316461,0.95,0.3238449,0.45031887,-0.0032125544,0.95,0.6295872,0.43063366,0.032274596,0.95,0.34464815,0.457997,0.0038089866,0.95,0.5349947,0.5060876,0.030870754,0.95,0.40768403,0.50584424,-0.0037227506,0.95,0.57523143,0.6385718,0.024492824,0.95,0.39669335,0.6500621,0.013428031,0.95,0.5576844,0.7610755,0.4103296,0.95,0.43395516,0.75371605,0.2671531,0.95,0.50769854,0.75394267,0.4483425,0.95,0.44880292,0.7682192,0.26736158,0.95,0.5757528,0.80901915,0.2509243,0.95,0.40688315,0.83009464,0.09660192,0.95,0.9,0.9,0.9,0.9,0.9,0.9,0.9,0.9,0.9,0.9,0.9,0.9,0.9,0.9,0.9,0.9,0.9,0.9,0.9,0.9,0.9,0.9,0.9,0.9,0.9,0.9,0.9,0.9,0.9,0.9,0.9,0.9,0.9
177,5.9,0.47881356,0.2366674,0.0074477373,0.95,0.4851333,0.22703122,0.012469143,0.95,0.50766444,0.22652338,0.011861137,0.95,0.49209282,0.22220008,0.013865413,0.95,0.47231847,0.2202804,0.0017116407,0.95,0.45124015,0.21276149,0.005883184,0.95,0.4423498,0.22845507,0.0117889885,0.95,0.51143414,0.23448801,0.008764451,0.95,0.4363208,0.22771789,-0.010817189,0.95,0.48802245,0.2442874,0.004259973,0.95,0.44944373,0.2475229,0.018816017,0.95,0.5823449,0.30967674,0.0011154647,0.95,0.36186266,0.30418754,0.005932828,0.95,0.63269943,0.39731255,0.035168376,0.95,0.3184902,0.3952226,0.0020522983,0.95,0.6594116,0.4236949,0.05444283,0.95,0.31256253,0.45432663,0.00395442,0.95,0.6442835,0.4491864,0.048713524,0.95,0.32792878,0.45621902,-0.0008356638,0.95,0.6404203,0.44361836,0.008316461,0.95,0.3238449,0.45031887,-0.0032125544,0.95,0.6295872,0.43063366,0.032274593,0.95,0.34464815,0.457997,0.0038089866,0.95,0.5349947,0.5060876,0.030870754,0.95,0.40768403,0.50584424,-0.0037227506,0.95,0.57523143,0.6385718,0.024492824,0.95,0.39669335,0.6500621,0.013428031,0.95,0.5576844,0.7610755,0.4103296,0.95,0.43395516,0.75371605,0.2671531,0.95,0.50769854,0.75394267,0.44834253,0.95,0.44880292,0.7682192,0.26736158,0.95,0.5757528,0.80901915,0.2509243,0.95,0.40688315,0.83009464,0.09660192,0.95,0.9,0.9,0.9,0.9,0.9,0.9,0.9,0.9,0.9,0.9,0.9,0.9,0.9,0.9,0.9,0.9,0.9,0.9,0.9,0.9,0.9,0.9,0.9,0.9,0.9,0.9,0.9,0.9,0.9,0.9,0.9,0.9,0.9
178,5.933333333333334,0.47881356,0.2366674,0.0074477373,0.95,0.4851333,0.22703122,0.012469143,0.95,0.50766444,0.22652337,0.011861133,0.95,0.49209282,0.22220008,0.013865411,0.95,0.47231847,0.2202804,0.0017116407,0.95,0.45124015,0.21276149,0.005883184,0.95,0.4423498,0.22845507,0.0117889885,0.95,0.51143414,0.23448801,0.008764451,0.95,0.4363208,0.22771789,-0.010817189,0.95,0.48802245,0.2442874,0.004259973,0.95,0.44944373,0.2475229,0.018816015,0.95,0.5823449,0.30967674,0.0011154647,0.95,0.36186266,0.30418754,0.005932828,0.95,0.63269943,0.39731255,0.035168376,0.95,0.3184902,0.3952226,0.0020522983,0.95,0.6594116,0.4236949,0.054442834,0.95,0.31256253,0.45432663,0.00395442,0.95,0.6442835,0.4491864,0.048713524,0.95,0.32792878,0.45621902,-0.0008356638,0.95,0.6404203,0.44361836,0.008316461,0.95,0.3238449,0.45031887,-0.0032125544,0.95,0.6295872,0.43063366,0.032274596,0.95,0.34464815,0.457997,0.0038089866,0.95,0.5349947,0.5060876,0.030870752,0.95,0.40768403,0.50584424,-0.0037227506,0.95,0.57523143,0.6385718,0.024492824,0.95,0.39669335,0.6500621,0.013428031,0.95,0.5576844,0.7610755,0.4103296,0.95,0.43395516,0.75371605,0.2671531,0.95,0.50769854,0.75394267,0.4483425,0.95,0.44880292,0.7682192,0.26736158,0.95,0.5757528,0.80901915,0.2509243,0.95,0.40688315,0.83009464,0.09660191,0.95,0.9,0.9,0.9,0.9,0.9,0.9,0.9,0.9,0.9,0.9,0.9,0.9,0.9,0.9,0.9,0.9,0.9,0.9,0.9,0.9,0.9,0.9,0.9,0.9,0.9,0.9,0.9,0.9,0.9,0.9,0.9,0.9,0.9
179,5.966666666666667,0.47881356,0.2366674,0.0074477373,0.95,0.4851333,0.22703122,0.012469143,0.95,0.50766444,0.22652337,0.011861135,0.95,0.49209282,0.22220008,0.013865413,0.95,0.47231847,0.2202804,0.0017116407,0.95,0.45124015,0.21276149,0.005883184,0.95,0.4423498,0.22845507,0.0117889885,0.95,0.51143414,0.23448801,0.008764451,0.95,0.4363208,0.22771789,-0.010817189,0.95,0.48802245,0.2442874,0.004259973,0.95,0.44944373,0.2475229,0.018816015,0.95,0.5823449,0.30967674,0.0011154647,0.95,0.36186266,0.30418754,0.005932828,0.95,0.63269943,0.39731255,0.035168376,0.95,0.3184902,0.3952226,0.0020522983,0.95,0.6594116,0.4236949,0.054442834,0.95,0.31256253,0.45432663,0.003954416,0.95,0.6442835,0.4491864,0.048713524,0.95,0.32792878,0.45621902,-0.0008356638,0.95,0.6404203,0.44361836,0.008316461,0.95,0.3238449,0.45031887,-0.0032125544,0.95,0.6295872,0.43063366,0.032274596,0.95,0.34464815,0.457997,0.0038089866,0.95,0.5349947,0.5060876,0.030870754,0.95,0.40768403,0.50584424,-0.0037227506,0.95,0.57523143,0.6385718,0.024492824,0.95,0.39669335,0.6500621,0.013428034,0.95,0.5576844,0.7610755,0.4103296,0.95,0.43395516,0.75371605,0.2671531,0.95,0.50769854,0.75394267,0.4483425,0.95,0.44880292,0.7682192,0.26736158,0.95,0.5757528,0.80901915,0.2509243,0.95,0.40688315,0.83009464,0.09660192,0.95,0.9,0.9,0.9,0.9,0.9,0.9,0.9,0.9,0.9,0.9,0.9,0.9,0.9,0.9,0.9,0.9,0.9,0.9,0.9,0.9,0.9,0.9,0.9,0.9,0.9,0.9,0.9,0.9,0.9,0.9,0.9,0.9,0.9
180,6.0,0.47881356,0.2366674,0.0074477373,0.95,0.4851333,0.22703122,0.012469143,0.95,0.50766444,0.22652337,0.011861135,0.95,0.49209282,0.22220008,0.013865413,0.95,0.47231847,0.2202804,0.0017116407,0.95,0.45124015,0.21276149,0.005883184,0.95,0.4423498,0.22845507,0.0117889885,0.95,0.51143414,0.23448801,0.008764451,0.95,0.4363208,0.22771789,-0.010817189,0.95,0.48802245,0.2442874,0.0042599747,0.95,0.44944373,0.2475229,0.018816015,0.95,0.5823449,0.30967674,0.001115461,0.95,0.36186266,0.30418754,0.005932828,0.95,0.63269943,0.39731255,0.035168376,0.95,0.3184902,0.3952226,0.0020522983,0.95,0.6594116,0.4236949,0.054442834,0.95,0.31256253,0.45432663,0.003954416,0.95,0.6442835,0.4491864,0.048713524,0.95,0.32792878,0.45621902,-0.0008356638,0.95,0.6404203,0.44361836,0.008316461,0.95,0.3238449,0.45031887,-0.0032125544,0.95,0.6295872,0.43063366,0.032274596,0.95,0.34464815,0.457997,0.0038089866,0.95,0.5349947,0.5060876,0.030870754,0.95,0.40768403,0.50584424,-0.0037227506,0.95,0.57523143,0.6385718,0.024492824,0.95,0.39669335,0.6500621,0.013428034,0.95,0.5576844,0.7610755,0.4103296,0.95,0.43395516,0.75371605,0.2671531,0.95,0.50769854,0.75394267,0.44834253,0.95,0.44880292,0.7682192,0.26736158,0.95,0.5757528,0.80901915,0.2509243,0.95,0.40688315,0.83009464,0.09660192,0.95,0.9,0.9,0.9,0.9,0.9,0.9,0.9,0.9,0.9,0.9,0.9,0.9,0.9,0.9,0.9,0.9,0.9,0.9,0.9,0.9,0.9,0.9,0.9,0.9,0.9,0.9,0.9,0.9,0.9,0.9,0.9,0.9,0.9
181,6.033333333333333,0.47881356,0.2366674,0.0074477373,0.95,0.4851333,0.22703122,0.012469143,0.95,0.50766444,0.22652337,0.011861135,0.95,0.49209282,0.22220008,0.013865413,0.95,0.47231847,0.2202804,0.0017116407,0.95,0.45124015,0.21276149,0.005883184,0.95,0.4423498,0.22845507,0.0117889885,0.95,0.51143414,0.23448801,0.008764451,0.95,0.4363208,0.22771789,-0.010817189,0.95,0.48802245,0.2442874,0.0042599747,0.95,0.44944373,0.2475229,0.018816015,0.95,0.5823449,0.30967674,0.001115461,0.95,0.36186266,0.30418754,0.005932828,0.95,0.63269943,0.39731255,0.035168376,0.95,0.3184902,0.3952226,0.0020522983,0.95,0.6594116,0.4236949,0.054442834,0.95,0.31256253,0.45432663,0.003954416,0.95,0.6442835,0.4491864,0.048713524,0.95,0.32792878,0.45621902,-0.0008356638,0.95,0.6404203,0.44361836,0.008316461,0.95,0.3238449,0.45031887,-0.0032125544,0.95,0.6295872,0.43063366,0.032274596,0.95,0.34464815,0.457997,0.0038089866,0.95,0.5349947,0.5060876,0.030870754,0.95,0.40768403,0.50584424,-0.0037227506,0.95,0.57523143,0.6385718,0.024492824,0.95,0.39669335,0.6500621,0.013428034,0.95,0.5576844,0.7610755,0.4103296,0.95,0.43395516,0.75371605,0.2671531,0.95,0.50769854,0.75394267,0.44834253,0.95,0.44880292,0.7682192,0.26736158,0.95,0.5757528,0.80901915,0.2509243,0.95,0.40688315,0.83009464,0.09660192,0.95,0.9,0.9,0.9,0.9,0.9,0.9,0.9,0.9,0.9,0.9,0.9,0.9,0.9,0.9,0.9,0.9,0.9,0.9,0.9,0.9,0.9,0.9,0.9,0.9,0.9,0.9,0.9,0.9,0.9,0.9,0.9,0.9,0.9
182,6.066666666666666,0.47881356,0.2366674,0.0074477373,0.95,0.4851333,0.22703122,0.012469143,0.95,0.50766444,0.22652338,0.011861137,0.95,0.49209282,0.22220008,0.013865413,0.95,0.47231847,0.2202804,0.0017116407,0.95,0.45124015,0.21276149,0.005883184,0.95,0.4423498,0.22845507,0.0117889885,0.95,0.51143414,0.23448801,0.008764451,0.95,0.4363208,0.22771789,-0.010817189,0.95,0.48802245,0.2442874,0.004259973,0.95,0.44944373,0.2475229,0.018816015,0.95,0.5823449,0.30967674,0.001115461,0.95,0.36186266,0.30418754,0.005932828,0.95,0.63269943,0.39731255,0.035168376,0.95,0.3184902,0.3952226,0.0020522983,0.95,0.6594116,0.4236949,0.054442834,0.95,0.31256253,0.45432663,0.003954416,0.95,0.6442835,0.4491864,0.048713524,0.95,0.32792878,0.45621902,-0.0008356638,0.95,0.6404203,0.44361836,0.008316461,0.95,0.3238449,0.45031887,-0.0032125544,0.95,0.6295872,0.43063366,0.032274596,0.95,0.34464815,0.457997,0.0038089866,0.95,0.5349947,0.5060876,0.030870754,0.95,0.40768403,0.50584424,-0.0037227506,0.95,0.57523143,0.6385718,0.024492824,0.95,0.39669335,0.6500621,0.013428034,0.95,0.5576844,0.7610755,0.4103296,0.95,0.43395516,0.75371605,0.2671531,0.95,0.50769854,0.75394267,0.44834253,0.95,0.44880292,0.7682192,0.26736158,0.95,0.5757528,0.80901915,0.2509243,0.95,0.40688315,0.83009464,0.09660192,0.95,0.9,0.9,0.9,0.9,0.9,0.9,0.9,0.9,0.9,0.9,0.9,0.9,0.9,0.9,0.9,0.9,0.9,0.9,0.9,0.9,0.9,0.9,0.9,0.9,0.9,0.9,0.9,0.9,0.9,0.9,0.9,0.9,0.9
183,6.1,0.47881356,0.2366674,0.0074477373,0.95,0.4851333,0.22703122,0.012469146,0.95,0.50766444,0.22652338,0.011861135,0.95,0.49209282,0.22220008,0.013865415,0.95,0.47231847,0.2202804,0.0017116426,0.95,0.45124015,0.21276149,0.005883184,0.95,0.4423498,0.22845507,0.0117889885,0.95,0.51143414,0.23448801,0.008764451,0.95,0.4363208,0.22771789,-0.010817189,0.95,0.48802245,0.2442874,0.004259973,0.95,0.44944373,0.2475229,0.018816017,0.95,0.5823449,0.30967674,0.001115461,0.95,0.36186266,0.30418754,0.005932828,0.95,0.63269943,0.39731255,0.035168376,0.95,0.3184902,0.3952226,0.0020522983,0.95,0.6594116,0.4236949,0.054442834,0.95,0.31256253,0.45432663,0.003954416,0.95,0.6442835,0.4491864,0.048713524,0.95,0.32792878,0.45621902,-0.0008356638,0.95,0.6404203,0.44361836,0.008316461,0.95,0.3238449,0.45031887,-0.0032125544,0.95,0.6295872,0.43063366,0.032274596,0.95,0.34464815,0.457997,0.0038089866,0.95,0.5349947,0.5060876,0.030870754,0.95,0.40768403,0.50584424,-0.0037227506,0.95,0.57523143,0.6385718,0.024492824,0.95,0.39669335,0.6500621,0.013428031,0.95,0.5576844,0.7610755,0.4103296,0.95,0.43395516,0.75371605,0.2671531,0.95,0.50769854,0.75394267,0.44834253,0.95,0.44880292,0.7682192,0.26736158,0.95,0.5757528,0.80901915,0.2509243,0.95,0.40688315,0.83009464,0.09660192,0.95,0.9,0.9,0.9,0.9,0.9,0.9,0.9,0.9,0.9,0.9,0.9,0.9,0.9,0.9,0.9,0.9,0.9,0.9,0.9,0.9,0.9,0.9,0.9,0.9,0.9,0.9,0.9,0.9,0.9,0.9,0.9,0.9,0.9
184,6.133333333333334,0.47881356,0.2366674,0.0074477373,0.95,0.4851333,0.22703122,0.012469143,0.95,0.50766444,0.22652338,0.011861133,0.95,0.49209282,0.22220008,0.013865415,0.95,0.47231847,0.2202804,0.0017116426,0.95,0.45124015,0.21276149,0.005883184,0.95,0.4423498,0.22845507,0.0117889885,0.95,0.51143414,0.23448801,0.008764451,0.95,0.4363208,0.22771789,-0.010817189,0.95,0.48802245,0.2442874,0.004259973,0.95,0.44944373,0.2475229,0.018816017,0.95,0.5823449,0.30967674,0.001115461,0.95,0.36186266,0.30418754,0.005932828,0.95,0.63269943,0.39731255,0.035168376,0.95,0.3184902,0.3952226,0.0020522983,0.95,0.6594116,0.4236949,0.054442838,0.95,0.31256253,0.45432663,0.003954416,0.95,0.6442835,0.4491864,0.048713524,0.95,0.32792878,0.45621902,-0.0008356638,0.95,0.6404203,0.44361836,0.008316461,0.95,0.3238449,0.45031887,-0.0032125544,0.95,0.6295872,0.43063366,0.032274596,0.95,0.34464815,0.457997,0.0038089866,0.95,0.5349947,0.5060876,0.030870752,0.95,0.40768403,0.50584424,-0.0037227506,0.95,0.57523143,0.6385718,0.024492824,0.95,0.39669335,0.6500621,0.013428031,0.95,0.5576844,0.7610755,0.4103296,0.95,0.43395516,0.75371605,0.2671531,0.95,0.50769854,0.75394267,0.44834253,0.95,0.44880292,0.7682192,0.26736158,0.95,0.5757528,0.80901915,0.2509243,0.95,0.40688315,0.83009464,0.09660192,0.95,0.9,0.9,0.9,0.9,0.9,0.9,0.9,0.9,0.9,0.9,0.9,0.9,0.9,0.9,0.9,0.9,0.9,0.9,0.9,0.9,0.9,0.9,0.9,0.9,0.9,0.9,0.9,0.9,0.9,0.9,0.9,0.9,0.9
185,6.166666666666667,0.47881356,0.2366674,0.0074477373,0.95,0.4851333,0.22703122,0.012469143,0.95,0.50766444,0.22652338,0.011861137,0.95,0.49209282,0.22220008,0.013865413,0.95,0.47231847,0.2202804,0.0017116426,0.95,0.45124015,0.21276149,0.005883184,0.95,0.4423498,0.22845507,0.0117889885,0.95,0.51143414,0.23448801,0.008764451,0.95,0.4363208,0.22771789,-0.010817189,0.95,0.48802245,0.2442874,0.004259973,0.95,0.44944373,0.2475229,0.018816013,0.95,0.5823449,0.30967674,0.001115461,0.95,0.36186266,0.30418754,0.005932828,0.95,0.63269943,0.39731255,0.035168376,0.95,0.3184902,0.3952226,0.0020522983,0.95,0.6594116,0.4236949,0.054442834,0.95,0.31256253,0.45432663,0.003954416,0.95,0.6442835,0.4491864,0.048713524,0.95,0.32792878,0.45621902,-0.0008356638,0.95,0.6404203,0.44361836,0.008316461,0.95,0.3238449,0.45031887,-0.0032125544,0.95,0.6295872,0.43063366,0.032274596,0.95,0.34464815,0.457997,0.0038089866,0.95,0.5349947,0.5060876,0.030870754,0.95,0.40768403,0.50584424,-0.0037227506,0.95,0.57523143,0.6385718,0.024492824,0.95,0.39669335,0.6500621,0.013428034,0.95,0.5576844,0.7610755,0.4103296,0.95,0.43395516,0.75371605,0.2671531,0.95,0.50769854,0.75394267,0.44834253,0.95,0.44880292,0.7682192,0.26736158,0.95,0.5757528,0.80901915,0.2509243,0.95,0.40688315,0.83009464,0.09660192,0.95,0.9,0.9,0.9,0.9,0.9,0.9,0.9,0.9,0.9,0.9,0.9,0.9,0.9,0.9,0.9,0.9,0.9,0.9,0.9,0.9,0.9,0.9,0.9,0.9,0.9,0.9,0.9,0.9,0.9,0.9,0.9,0.9,0.9
186,6.2,0.47881356,0.2366674,0.0074477373,0.95,0.4851333,0.22703122,0.012469143,0.95,0.50766444,0.22652338,0.0118611315,0.95,0.49209282,0.22220008,0.013865411,0.95,0.47231847,0.2202804,0.0017116407,0.95,0.45124015,0.21276149,0.005883184,0.95,0.4423498,0.22845507,0.0117889885,0.95,0.51143414,0.23448801,0.008764451,0.95,0.4363208,0.22771789,-0.010817189,0.95,0.48802245,0.2442874,0.0042599747,0.95,0.44944373,0.2475229,0.018816013,0.95,0.5823449,0.30967674,0.0011154647,0.95,0.36186266,0.30418754,0.005932828,0.95,0.63269943,0.39731255,0.035168376,0.95,0.3184902,0.3952226,0.0020522983,0.95,0.6594116,0.4236949,0.054442834,0.95,0.31256253,0.45432663,0.003954416,0.95,0.6442835,0.4491864,0.048713524,0.95,0.32792878,0.45621902,-0.0008356638,0.95,0.6404203,0.44361836,0.008316461,0.95,0.3238449,0.45031887,-0.0032125544,0.95,0.6295872,0.43063366,0.032274596,0.95,0.34464815,0.457997,0.0038089866,0.95,0.5349947,0.5060876,0.030870754,0.95,0.40768403,0.50584424,-0.0037227506,0.95,0.57523143,0.6385718,0.024492824,0.95,0.39669335,0.6500621,0.013428034,0.95,0.5576844,0.7610755,0.4103296,0.95,0.43395516,0.75371605,0.2671531,0.95,0.50769854,0.75394267,0.4483425,0.95,0.44880292,0.7682192,0.26736158,0.95,0.5757528,0.80901915,0.2509243,0.95,0.40688315,0.83009464,0.09660191,0.95,0.9,0.9,0.9,0.9,0.9,0.9,0.9,0.9,0.9,0.9,0.9,0.9,0.9,0.9,0.9,0.9,0.9,0.9,0.9,0.9,0.9,0.9,0.9,0.9,0.9,0.9,0.9,0.9,0.9,0.9,0.9,0.9,0.9
187,6.233333333333333,0.47881356,0.2366674,0.0074477373,0.95,0.4851333,0.22703122,0.012469143,0.95,0.50766444,0.22652338,0.011861135,0.95,0.49209282,0.22220008,0.013865413,0.95,0.47231847,0.2202804,0.0017116426,0.95,0.45124015,0.21276149,0.005883184,0.95,0.4423498,0.22845507,0.011788985,0.95,0.51143414,0.23448801,0.008764451,0.95,0.4363208,0.22771789,-0.010817189,0.95,0.48802245,0.2442874,0.0042599747,0.95,0.44944373,0.2475229,0.018816011,0.95,0.5823449,0.30967674,0.001115461,0.95,0.36186266,0.30418754,0.005932828,0.95,0.63269943,0.39731255,0.035168376,0.95,0.3184902,0.3952226,0.0020522983,0.95,0.6594116,0.4236949,0.05444283,0.95,0.31256253,0.45432663,0.003954416,0.95,0.6442835,0.4491864,0.048713524,0.95,0.32792878,0.45621902,-0.0008356638,0.95,0.6404203,0.44361836,0.008316461,0.95,0.3238449,0.45031887,-0.0032125544,0.95,0.6295872,0.43063366,0.032274596,0.95,0.34464815,0.457997,0.0038089866,0.95,0.5349947,0.5060876,0.030870754,0.95,0.40768403,0.50584424,-0.0037227506,0.95,0.57523143,0.6385718,0.024492824,0.95,0.39669335,0.6500621,0.013428034,0.95,0.5576844,0.7610755,0.4103296,0.95,0.43395516,0.75371605,0.2671531,0.95,0.50769854,0.75394267,0.4483425,0.95,0.44880292,0.7682192,0.26736158,0.95,0.5757528,0.80901915,0.2509243,0.95,0.40688315,0.83009464,0.09660191,0.95,0.9,0.9,0.9,0.9,0.9,0.9,0.9,0.9,0.9,0.9,0.9,0.9,0.9,0.9,0.9,0.9,0.9,0.9,0.9,0.9,0.9,0.9,0.9,0.9,0.9,0.9,0.9,0.9,0.9,0.9,0.9,0.9,0.9
188,6.266666666666667,0.47881356,0.2366674,0.0074477373,0.95,0.4851333,0.22703122,0.012469143,0.95,0.50766444,0.22652338,0.011861135,0.95,0.49209282,0.22220008,0.013865411,0.95,0.47231847,0.2202804,0.0017116407,0.95,0.45124015,0.21276149,0.005883184,0.95,0.4423498,0.22845507,0.0117889885,0.95,0.51143414,0.23448801,0.0087644495,0.95,0.4363208,0.22771789,-0.010817189,0.95,0.48802245,0.2442874,0.0042599747,0.95,0.44944373,0.2475229,0.018816011,0.95,0.5823449,0.30967674,0.001115461,0.95,0.36186266,0.30418754,0.005932828,0.95,0.63269943,0.39731255,0.035168376,0.95,0.3184902,0.3952226,0.0020522983,0.95,0.6594116,0.4236949,0.05444283,0.95,0.31256253,0.45432663,0.003954416,0.95,0.6442835,0.4491864,0.048713524,0.95,0.32792878,0.45621902,-0.0008356638,0.95,0.6404203,0.44361836,0.008316461,0.95,0.3238449,0.45031887,-0.0032125544,0.95,0.6295872,0.43063366,0.032274593,0.95,0.34464815,0.457997,0.003808983,0.95,0.5349947,0.5060876,0.030870754,0.95,0.40768403,0.50584424,-0.0037227506,0.95,0.57523143,0.6385718,0.024492824,0.95,0.39669335,0.6500621,0.013428034,0.95,0.5576844,0.7610755,0.4103296,0.95,0.43395516,0.75371605,0.2671531,0.95,0.50769854,0.75394267,0.44834253,0.95,0.44880292,0.7682192,0.26736158,0.95,0.5757528,0.80901915,0.2509243,0.95,0.40688315,0.83009464,0.09660191,0.95,0.9,0.9,0.9,0.9,0.9,0.9,0.9,0.9,0.9,0.9,0.9,0.9,0.9,0.9,0.9,0.9,0.9,0.9,0.9,0.9,0.9,0.9,0.9,0.9,0.9,0.9,0.9,0.9,0.9,0.9,0.9,0.9,0.9
189,6.3,0.47881356,0.2366674,0.0074477373,0.95,0.4851333,0.22703122,0.012469143,0.95,0.50766444,0.22652338,0.011861135,0.95,0.49209282,0.22220008,0.013865413,0.95,0.47231847,0.2202804,0.0017116426,0.95,0.45124015,0.21276149,0.005883184,0.95,0.4423498,0.22845507,0.0117889885,0.95,0.51143414,0.23448801,0.0087644495,0.95,0.4363208,0.22771789,-0.010817189,0.95,0.48802245,0.2442874,0.004259973,0.95,0.44944373,0.2475229,0.018816015,0.95,0.5823449,0.30967674,0.001115461,0.95,0.36186266,0.30418754,0.005932828,0.95,0.63269943,0.39731255,0.035168376,0.95,0.3184902,0.3952226,0.0020522983,0.95,0.6594116,0.4236949,0.05444283,0.95,0.31256253,0.45432663,0.00395442,0.95,0.6442835,0.4491864,0.048713524,0.95,0.32792878,0.45621902,-0.0008356601,0.95,0.6404203,0.44361836,0.008316461,0.95,0.3238449,0.45031887,-0.0032125544,0.95,0.6295872,0.43063366,0.032274596,0.95,0.34464815,0.457997,0.0038089904,0.95,0.5349947,0.5060876,0.030870752,0.95,0.40768403,0.50584424,-0.0037227506,0.95,0.57523143,0.6385718,0.024492824,0.95,0.39669335,0.6500621,0.013428034,0.95,0.5576844,0.7610755,0.4103296,0.95,0.43395516,0.75371605,0.2671531,0.95,0.50769854,0.75394267,0.44834253,0.95,0.44880292,0.7682192,0.26736158,0.95,0.5757528,0.80901915,0.2509243,0.95,0.40688315,0.83009464,0.09660192,0.95,0.9,0.9,0.9,0.9,0.9,0.9,0.9,0.9,0.9,0.9,0.9,0.9,0.9,0.9,0.9,0.9,0.9,0.9,0.9,0.9,0.9,0.9,0.9,0.9,0.9,0.9,0.9,0.9,0.9,0.9,0.9,0.9,0.9
190,6.333333333333333,0.47881356,0.2366674,0.0074477373,0.95,0.4851333,0.22703122,0.012469146,0.95,0.50766444,0.22652338,0.011861135,0.95,0.49209282,0.22220008,0.013865415,0.95,0.47231847,0.2202804,0.0017116426,0.95,0.45124015,0.21276149,0.005883184,0.95,0.4423498,0.22845507,0.0117889885,0.95,0.51143414,0.23448803,0.008764451,0.95,0.4363208,0.22771789,-0.010817189,0.95,0.48802245,0.2442874,0.0042599747,0.95,0.44944373,0.2475229,0.018816015,0.95,0.5823449,0.30967674,0.001115461,0.95,0.36186266,0.30418754,0.005932828,0.95,0.63269943,0.39731255,0.035168376,0.95,0.3184902,0.3952226,0.0020522983,0.95,0.6594116,0.4236949,0.054442834,0.95,0.31256253,0.45432663,0.003954416,0.95,0.6442835,0.4491864,0.048713524,0.95,0.32792878,0.45621902,-0.0008356638,0.95,0.6404203,0.44361836,0.008316461,0.95,0.3238449,0.45031887,-0.0032125544,0.95,0.6295872,0.43063366,0.032274596,0.95,0.34464815,0.457997,0.0038089904,0.95,0.5349947,0.5060876,0.030870754,0.95,0.40768403,0.50584424,-0.0037227506,0.95,0.57523143,0.6385718,0.024492823,0.95,0.39669335,0.6500621,0.013428031,0.95,0.5576844,0.7610755,0.41032964,0.95,0.43395516,0.75371605,0.2671531,0.95,0.50769854,0.75394267,0.44834253,0.95,0.44880292,0.7682192,0.26736158,0.95,0.5757528,0.80901915,0.2509243,0.95,0.40688315,0.83009464,0.09660192,0.95,0.9,0.9,0.9,0.9,0.9,0.9,0.9,0.9,0.9,0.9,0.9,0.9,0.9,0.9,0.9,0.9,0.9,0.9,0.9,0.9,0.9,0.9,0.9,0.9,0.9,0.9,0.9,0.9,0.9,0.9,0.9,0.9,0.9
191,6.366666666666666,0.47881356,0.2366674,0.007447741,0.95,0.4851333,0.22703122,0.012469146,0.95,0.50766444,0.22652338,0.011861133,0.95,0.49209282,0.22220008,0.013865413,0.95,0.47231847,0.2202804,0.0017116426,0.95,0.45124015,0.21276149,0.005883184,0.95,0.4423498,0.22845507,0.011788985,0.95,0.51143414,0.23448801,0.008764451,0.95,0.4363208,0.22771789,-0.010817189,0.95,0.48802245,0.2442874,0.0042599747,0.95,0.44944373,0.2475229,0.018816013,0.95,0.5823449,0.30967674,0.0011154573,0.95,0.36186266,0.30418754,0.005932828,0.95,0.63269943,0.39731255,0.035168376,0.95,0.3184902,0.3952226,0.0020522983,0.95,0.6594116,0.4236949,0.054442838,0.95,0.31256253,0.45432663,0.00395442,0.95,0.6442835,0.4491864,0.048713524,0.95,0.32792878,0.45621902,-0.0008356638,0.95,0.6404203,0.44361836,0.008316461,0.95,0.3238449,0.45031887,-0.0032125544,0.95,0.6295872,0.43063366,0.032274596,0.95,0.34464815,0.457997,0.0038089866,0.95,0.5349947,0.5060876,0.030870754,0.95,0.40768403,0.50584424,-0.0037227506,0.95,0.57523143,0.6385718,0.024492824,0.95,0.39669335,0.6500621,0.013428031,0.95,0.5576844,0.7610755,0.4103296,0.95,0.43395516,0.75371605,0.2671531,0.95,0.50769854,0.75394267,0.44834253,0.95,0.44880292,0.7682192,0.26736158,0.95,0.5757528,0.80901915,0.2509243,0.95,0.40688315,0.83009464,0.09660192,0.95,0.9,0.9,0.9,0.9,0.9,0.9,0.9,0.9,0.9,0.9,0.9,0.9,0.9,0.9,0.9,0.9,0.9,0.9,0.9,0.9,0.9,0.9,0.9,0.9,0.9,0.9,0.9,0.9,0.9,0.9,0.9,0.9,0.9
192,6.4,0.47881356,0.2366674,0.0074477373,0.95,0.4851333,0.22703122,0.012469143,0.95,0.50766444,0.22652338,0.011861135,0.95,0.49209282,0.22220008,0.013865411,0.95,0.47231847,0.2202804,0.0017116407,0.95,0.45124015,0.21276149,0.005883184,0.95,0.4423498,0.22845507,0.0117889885,0.95,0.51143414,0.23448801,0.0087644495,0.95,0.4363208,0.22771789,-0.010817189,0.95,0.48802245,0.2442874,0.0042599747,0.95,0.44944373,0.2475229,0.018816015,0.95,0.5823449,0.30967674,0.001115461,0.95,0.36186266,0.30418754,0.005932828,0.95,0.63269943,0.39731255,0.035168376,0.95,0.3184902,0.3952226,0.0020522983,0.95,0.6594116,0.4236949,0.054442834,0.95,0.31256253,0.45432663,0.003954416,0.95,0.6442835,0.4491864,0.048713524,0.95,0.32792878,0.45621902,-0.0008356638,0.95,0.6404203,0.44361836,0.008316461,0.95,0.3238449,0.45031887,-0.0032125544,0.95,0.6295872,0.43063366,0.032274596,0.95,0.34464815,0.457997,0.003808983,0.95,0.5349947,0.5060876,0.030870754,0.95,0.40768403,0.50584424,-0.0037227506,0.95,0.57523143,0.6385718,0.024492823,0.95,0.39669335,0.6500621,0.013428034,0.95,0.5576844,0.7610755,0.4103296,0.95,0.43395516,0.75371605,0.2671531,0.95,0.50769854,0.75394267,0.44834253,0.95,0.44880292,0.7682192,0.26736158,0.95,0.5757528,0.80901915,0.2509243,0.95,0.40688315,0.83009464,0.09660192,0.95,0.9,0.9,0.9,0.9,0.9,0.9,0.9,0.9,0.9,0.9,0.9,0.9,0.9,0.9,0.9,0.9,0.9,0.9,0.9,0.9,0.9,0.9,0.9,0.9,0.9,0.9,0.9,0.9,0.9,0.9,0.9,0.9,0.9
193,6.433333333333334,0.47881356,0.2366674,0.0074477373,0.95,0.4851333,0.22703122,0.012469146,0.95,0.50766444,0.22652337,0.011861133,0.95,0.49209282,0.22220008,0.013865413,0.95,0.47231847,0.2202804,0.0017116426,0.95,0.45124015,0.21276149,0.005883184,0.95,0.4423498,0.22845507,0.0117889885,0.95,0.51143414,0.23448801,0.0087644495,0.95,0.4363208,0.22771789,-0.010817189,0.95,0.48802245,0.2442874,0.0042599747,0.95,0.44944373,0.2475229,0.018816015,0.95,0.5823449,0.30967674,0.001115461,0.95,0.36186266,0.30418754,0.005932828,0.95,0.63269943,0.39731252,0.035168376,0.95,0.3184902,0.3952226,0.002052302,0.95,0.6594116,0.4236949,0.054442834,0.95,0.31256253,0.45432663,0.003954416,0.95,0.6442835,0.4491864,0.048713524,0.95,0.32792878,0.45621902,-0.0008356638,0.95,0.6404203,0.44361836,0.008316461,0.95,0.3238449,0.45031887,-0.0032125544,0.95,0.6295872,0.43063366,0.032274596,0.95,0.34464815,0.457997,0.0038089866,0.95,0.5349947,0.5060876,0.030870752,0.95,0.40768403,0.50584424,-0.0037227506,0.95,0.57523143,0.6385718,0.024492823,0.95,0.39669335,0.6500621,0.013428036,0.95,0.5576844,0.7610755,0.4103296,0.95,0.43395516,0.75371605,0.2671531,0.95,0.50769854,0.75394267,0.44834253,0.95,0.44880292,0.7682192,0.26736158,0.95,0.5757528,0.80901915,0.2509243,0.95,0.40688315,0.83009464,0.09660191,0.95,0.9,0.9,0.9,0.9,0.9,0.9,0.9,0.9,0.9,0.9,0.9,0.9,0.9,0.9,0.9,0.9,0.9,0.9,0.9,0.9,0.9,0.9,0.9,0.9,0.9,0.9,0.9,0.9,0.9,0.9,0.9,0.9,0.9
194,6.466666666666667,0.47881356,0.2366674,0.0074477373,0.95,0.4851333,0.22703122,0.012469146,0.95,0.50766444,0.22652338,0.011861137,0.95,0.49209282,0.22220008,0.013865411,0.95,0.47231847,0.2202804,0.0017116426,0.95,0.45124015,0.21276149,0.005883184,0.95,0.4423498,0.22845505,0.01178899,0.95,0.51143414,0.23448801,0.0087644495,0.95,0.4363208,0.22771789,-0.010817189,0.95,0.48802245,0.2442874,0.0042599747,0.95,0.44944373,0.2475229,0.018816011,0.95,0.5823449,0.30967674,0.0011154573,0.95,0.36186266,0.30418754,0.005932828,0.95,0.63269943,0.39731255,0.035168376,0.95,0.3184902,0.3952226,0.0020522983,0.95,0.6594116,0.4236949,0.05444283,0.95,0.31256253,0.45432663,0.003954416,0.95,0.6442835,0.4491864,0.048713524,0.95,0.32792878,0.45621902,-0.0008356638,0.95,0.6404203,0.44361836,0.008316461,0.95,0.3238449,0.45031887,-0.0032125544,0.95,0.6295872,0.43063366,0.032274596,0.95,0.34464815,0.457997,0.0038089866,0.95,0.5349947,0.5060876,0.030870754,0.95,0.40768403,0.50584424,-0.0037227506,0.95,0.57523143,0.6385718,0.024492824,0.95,0.39669335,0.6500621,0.013428034,0.95,0.5576844,0.7610755,0.4103296,0.95,0.43395516,0.753716,0.2671531,0.95,0.50769854,0.75394267,0.44834253,0.95,0.44880292,0.7682192,0.26736158,0.95,0.5757528,0.80901915,0.2509243,0.95,0.40688315,0.83009464,0.09660192,0.95,0.9,0.9,0.9,0.9,0.9,0.9,0.9,0.9,0.9,0.9,0.9,0.9,0.9,0.9,0.9,0.9,0.9,0.9,0.9,0.9,0.9,0.9,0.9,0.9,0.9,0.9,0.9,0.9,0.9,0.9,0.9,0.9,0.9
195,6.5,0.47881356,0.2366674,0.0074477373,0.95,0.4851333,0.22703122,0.012469146,0.95,0.50766444,0.22652338,0.011861135,0.95,0.49209282,0.22220008,0.013865411,0.95,0.47231847,0.2202804,0.0017116426,0.95,0.45124012,0.21276149,0.005883184,0.95,0.4423498,0.22845507,0.0117889885,0.95,0.51143414,0.23448801,0.0087644495,0.95,0.4363208,0.22771789,-0.010817189,0.95,0.48802245,0.2442874,0.0042599747,0.95,0.44944373,0.2475229,0.018816013,0.95,0.5823449,0.30967674,0.0011154573,0.95,0.36186266,0.30418754,0.005932824,0.95,0.63269943,0.39731252,0.035168376,0.95,0.3184902,0.3952226,0.0020522946,0.95,0.6594116,0.4236949,0.054442834,0.95,0.31256253,0.45432663,0.00395442,0.95,0.6442835,0.4491864,0.048713524,0.95,0.32792878,0.45621902,-0.0008356638,0.95,0.6404203,0.44361836,0.008316461,0.95,0.3238449,0.45031887,-0.003212558,0.95,0.6295872,0.43063366,0.032274596,0.95,0.34464815,0.457997,0.003808983,0.95,0.5349947,0.5060876,0.030870752,0.95,0.40768403,0.50584424,-0.0037227469,0.95,0.57523143,0.6385718,0.024492824,0.95,0.39669335,0.6500621,0.013428034,0.95,0.5576844,0.7610755,0.4103296,0.95,0.43395516,0.753716,0.2671531,0.95,0.50769854,0.75394267,0.44834253,0.95,0.44880292,0.7682192,0.26736158,0.95,0.5757528,0.80901915,0.2509243,0.95,0.40688315,0.8300946,0.09660191,0.95,0.9,0.9,0.9,0.9,0.9,0.9,0.9,0.9,0.9,0.9,0.9,0.9,0.9,0.9,0.9,0.9,0.9,0.9,0.9,0.9,0.9,0.9,0.9,0.9,0.9,0.9,0.9,0.9,0.9,0.9,0.9,0.9,0.9
196,6.533333333333333,0.47881356,0.2366674,0.0074477373,0.95,0.4851333,0.22703122,0.012469146,0.95,0.50766444,0.22652338,0.011861135,0.95,0.49209282,0.22220008,0.013865413,0.95,0.47231847,0.2202804,0.0017116426,0.95,0.45124015,0.21276149,0.005883184,0.95,0.4423498,0.22845507,0.0117889885,0.95,0.51143414,0.23448801,0.008764451,0.95,0.4363208,0.22771789,-0.010817189,0.95,0.48802245,0.2442874,0.0042599784,0.95,0.44944373,0.2475229,0.018816015,0.95,0.5823449,0.30967674,0.001115461,0.95,0.36186266,0.30418754,0.005932828,0.95,0.63269943,0.39731255,0.035168376,0.95,0.3184902,0.3952226,0.002052302,0.95,0.6594116,0.4236949,0.054442834,0.95,0.31256253,0.45432663,0.003954416,0.95,0.6442835,0.4491864,0.048713524,0.95,0.32792878,0.45621902,-0.0008356638,0.95,0.6404203,0.44361836,0.008316461,0.95,0.3238449,0.45031887,-0.0032125544,0.95,0.6295872,0.43063366,0.032274596,0.95,0.34464815,0.457997,0.003808983,0.95,0.5349947,0.5060876,0.030870754,0.95,0.40768403,0.50584424,-0.0037227506,0.95,0.57523143,0.6385718,0.024492824,0.95,0.39669335,0.6500621,0.013428038,0.95,0.5576844,0.7610755,0.4103296,0.95,0.43395516,0.75371605,0.2671531,0.95,0.50769854,0.75394267,0.44834253,0.95,0.44880292,0.7682192,0.26736158,0.95,0.5757528,0.80901915,0.2509243,0.95,0.40688315,0.83009464,0.09660192,0.95,0.9,0.9,0.9,0.9,0.9,0.9,0.9,0.9,0.9,0.9,0.9,0.9,0.9,0.9,0.9,0.9,0.9,0.9,0.9,0.9,0.9,0.9,0.9,0.9,0.9,0.9,0.9,0.9,0.9,0.9,0.9,0.9,0.9
197,6.566666666666666,0.47881356,0.2366674,0.0074477373,0.95,0.4851333,0.22703122,0.012469146,0.95,0.50766444,0.22652337,0.0118611315,0.95,0.49209282,0.22220008,0.013865409,0.95,0.47231847,0.2202804,0.0017116407,0.95,0.45124015,0.21276149,0.005883184,0.95,0.4423498,0.22845507,0.011788985,0.95,0.51143414,0.23448801,0.008764448,0.95,0.4363208,0.22771789,-0.010817189,0.95,0.48802245,0.2442874,0.0042599747,0.95,0.44944373,0.2475229,0.018816015,0.95,0.5823449,0.30967674,0.001115461,0.95,0.36186266,0.30418754,0.005932828,0.95,0.63269943,0.39731255,0.035168376,0.95,0.3184902,0.3952226,0.0020522983,0.95,0.6594116,0.4236949,0.054442834,0.95,0.31256253,0.45432663,0.003954416,0.95,0.6442835,0.4491864,0.048713524,0.95,0.32792878,0.45621902,-0.0008356638,0.95,0.6404203,0.44361836,0.008316457,0.95,0.3238449,0.45031887,-0.0032125544,0.95,0.6295872,0.43063366,0.032274596,0.95,0.34464815,0.457997,0.003808983,0.95,0.5349947,0.5060876,0.030870752,0.95,0.40768403,0.50584424,-0.0037227506,0.95,0.57523143,0.6385718,0.02449282,0.95,0.39669335,0.6500621,0.013428034,0.95,0.5576844,0.7610755,0.4103296,0.95,0.43395516,0.75371605,0.2671531,0.95,0.50769854,0.75394267,0.4483425,0.95,0.44880292,0.7682192,0.26736158,0.95,0.5757528,0.80901915,0.2509243,0.95,0.40688315,0.83009464,0.09660191,0.95,0.9,0.9,0.9,0.9,0.9,0.9,0.9,0.9,0.9,0.9,0.9,0.9,0.9,0.9,0.9,0.9,0.9,0.9,0.9,0.9,0.9,0.9,0.9,0.9,0.9,0.9,0.9,0.9,0.9,0.9,0.9,0.9,0.9
198,6.6,0.47881356,0.2366674,0.0074477373,0.95,0.4851333,0.22703122,0.012469148,0.95,0.50766444,0.22652338,0.011861137,0.95,0.49209282,0.22220008,0.013865411,0.95,0.47231847,0.2202804,0.0017116407,0.95,0.45124015,0.21276149,0.005883184,0.95,0.4423498,0.22845507,0.011788985,0.95,0.51143414,0.23448801,0.0087644495,0.95,0.4363208,0.22771789,-0.010817189,0.95,0.48802245,0.2442874,0.0042599747,0.95,0.44944373,0.2475229,0.018816015,0.95,0.5823449,0.30967674,0.001115461,0.95,0.36186263,0.30418754,0.005932824,0.95,0.63269943,0.39731255,0.035168376,0.95,0.3184902,0.3952226,0.0020522983,0.95,0.6594116,0.4236949,0.054442827,0.95,0.31256253,0.45432663,0.003954416,0.95,0.6442835,0.4491864,0.048713524,0.95,0.32792878,0.45621902,-0.0008356638,0.95,0.6404203,0.44361836,0.008316461,0.95,0.3238449,0.45031887,-0.0032125544,0.95,0.6295872,0.43063366,0.032274596,0.95,0.34464815,0.457997,0.0038089904,0.95,0.5349947,0.5060876,0.030870754,0.95,0.40768403,0.50584424,-0.0037227506,0.95,0.57523143,0.6385718,0.024492823,0.95,0.39669335,0.6500621,0.013428036,0.95,0.5576844,0.7610755,0.4103296,0.95,0.43395516,0.75371605,0.2671531,0.95,0.50769854,0.75394267,0.4483425,0.95,0.44880292,0.7682192,0.26736158,0.95,0.5757528,0.80901915,0.2509243,0.95,0.40688315,0.83009464,0.09660192,0.95,0.9,0.9,0.9,0.9,0.9,0.9,0.9,0.9,0.9,0.9,0.9,0.9,0.9,0.9,0.9,0.9,0.9,0.9,0.9,0.9,0.9,0.9,0.9,0.9,0.9,0.9,0.9,0.9,0.9,0.9,0.9,0.9,0.9
199,6.633333333333334,0.47881356,0.2366674,0.0074477373,0.95,0.4851333,0.22703122,0.012469143,0.95,0.50766444,0.22652338,0.011861133,0.95,0.49209282,0.22220008,0.013865409,0.95,0.47231847,0.2202804,0.0017116407,0.95,0.45124015,0.21276149,0.005883184,0.95,0.4423498,0.22845507,0.011788985,0.95,0.51143414,0.23448801,0.0087644495,0.95,0.4363208,0.22771789,-0.010817189,0.95,0.48802245,0.2442874,0.0042599747,0.95,0.44944373,0.2475229,0.018816011,0.95,0.5823449,0.30967674,0.001115461,0.95,0.36186266,0.30418754,0.005932824,0.95,0.63269943,0.39731255,0.035168376,0.95,0.3184902,0.3952226,0.0020522983,0.95,0.6594116,0.4236949,0.054442834,0.95,0.31256253,0.45432663,0.003954416,0.95,0.6442835,0.4491864,0.048713524,0.95,0.32792878,0.45621902,-0.0008356638,0.95,0.6404203,0.44361836,0.008316457,0.95,0.3238449,0.45031887,-0.0032125544,0.95,0.6295872,0.43063366,0.032274593,0.95,0.34464815,0.457997,0.0038089904,0.95,0.5349947,0.5060876,0.030870754,0.95,0.40768403,0.50584424,-0.0037227506,0.95,0.57523143,0.6385718,0.02449282,0.95,0.39669335,0.6500621,0.013428034,0.95,0.5576844,0.7610755,0.4103296,0.95,0.43395516,0.75371605,0.2671531,0.95,0.50769854,0.75394267,0.4483425,0.95,0.44880292,0.7682192,0.26736158,0.95,0.5757528,0.80901915,0.25092432,0.95,0.40688315,0.83009464,0.09660192,0.95,0.9,0.9,0.9,0.9,0.9,0.9,0.9,0.9,0.9,0.9,0.9,0.9,0.9,0.9,0.9,0.9,0.9,0.9,0.9,0.9,0.9,0.9,0.9,0.9,0.9,0.9,0.9,0.9,0.9,0.9,0.9,0.9,0.9
200,6.666666666666667,0.47881356,0.2366674,0.0074477373,0.95,0.4851333,0.22703122,0.012469143,0.95,0.50766444,0.22652338,0.011861133,0.95,0.49209282,0.22220008,0.013865411,0.95,0.47231847,0.2202804,0.0017116407,0.95,0.45124015,0.21276149,0.005883184,0.95,0.4423498,0.22845507,0.0117889885,0.95,0.51143414,0.23448801,0.008764451,0.95,0.4363208,0.22771789,-0.010817189,0.95,0.48802245,0.2442874,0.0042599784,0.95,0.44944373,0.2475229,0.018816015,0.95,0.5823449,0.30967674,0.001115461,0.95,0.36186266,0.30418754,0.005932824,0.95,0.63269943,0.39731255,0.035168376,0.95,0.3184902,0.3952226,0.0020522983,0.95,0.6594116,0.4236949,0.05444283,0.95,0.31256253,0.45432663,0.003954416,0.95,0.6442835,0.4491864,0.04871352,0.95,0.32792878,0.45621902,-0.0008356638,0.95,0.6404203,0.44361836,0.008316461,0.95,0.3238449,0.45031887,-0.0032125544,0.95,0.6295872,0.43063366,0.032274596,0.95,0.34464815,0.457997,0.0038089904,0.95,0.5349947,0.5060876,0.030870754,0.95,0.40768403,0.50584424,-0.0037227506,0.95,0.57523143,0.6385718,0.024492823,0.95,0.39669335,0.6500621,0.013428036,0.95,0.5576844,0.7610755,0.4103296,0.95,0.43395516,0.75371605,0.2671531,0.95,0.50769854,0.75394267,0.4483425,0.95,0.44880292,0.7682192,0.26736158,0.95,0.5757528,0.80901915,0.2509243,0.95,0.40688315,0.83009464,0.09660191,0.95,0.9,0.9,0.9,0.9,0.9,0.9,0.9,0.9,0.9,0.9,0.9,0.9,0.9,0.9,0.9,0.9,0.9,0.9,0.9,0.9,0.9,0.9,0.9,0.9,0.9,0.9,0.9,0.9,0.9,0.9,0.9,0.9,0.9
201,6.7,0.47881356,0.2366674,0.0074477373,0.95,0.4851333,0.22703122,0.012469143,0.95,0.50766444,0.22652338,0.011861133,0.95,0.49209282,0.22220008,0.013865409,0.95,0.47231847,0.2202804,0.0017116407,0.95,0.45124015,0.21276149,0.005883184,0.95,0.4423498,0.22845507,0.0117889885,0.95,0.51143414,0.23448801,0.0087644495,0.95,0.4363208,0.22771789,-0.010817189,0.95,0.48802245,0.2442874,0.0042599747,0.95,0.44944373,0.2475229,0.018816011,0.95,0.5823449,0.30967674,0.001115461,0.95,0.36186266,0.30418754,0.005932828,0.95,0.63269943,0.39731255,0.035168372,0.95,0.3184902,0.3952226,0.002052302,0.95,0.6594116,0.4236949,0.054442834,0.95,0.31256253,0.45432663,0.00395442,0.95,0.6442835,0.4491864,0.04871352,0.95,0.32792878,0.45621902,-0.0008356638,0.95,0.6404203,0.44361836,0.008316461,0.95,0.3238449,0.45031887,-0.0032125544,0.95,0.6295872,0.43063366,0.032274596,0.95,0.34464815,0.457997,0.003808994,0.95,0.5349947,0.5060876,0.030870754,0.95,0.40768403,0.50584424,-0.0037227506,0.95,0.57523143,0.6385718,0.024492823,0.95,0.39669335,0.6500621,0.013428031,0.95,0.5576844,0.7610755,0.4103296,0.95,0.43395516,0.75371605,0.2671531,0.95,0.50769854,0.75394267,0.4483425,0.95,0.44880292,0.7682192,0.26736158,0.95,0.5757528,0.80901915,0.2509243,0.95,0.40688315,0.83009464,0.09660191,0.95,0.9,0.9,0.9,0.9,0.9,0.9,0.9,0.9,0.9,0.9,0.9,0.9,0.9,0.9,0.9,0.9,0.9,0.9,0.9,0.9,0.9,0.9,0.9,0.9,0.9,0.9,0.9,0.9,0.9,0.9,0.9,0.9,0.9
202,6.733333333333333,0.47881356,0.2366674,0.0074477373,0.95,0.4851333,0.22703122,0.012469146,0.95,0.50766444,0.22652338,0.011861135,0.95,0.49209282,0.22220008,0.013865411,0.95,0.47231847,0.2202804,0.0017116407,0.95,0.45124015,0.21276149,0.005883184,0.95,0.4423498,0.22845507,0.011788985,0.95,0.51143414,0.23448801,0.008764451,0.95,0.4363208,0.22771789,-0.010817189,0.95,0.48802245,0.2442874,0.0042599747,0.95,0.44944373,0.2475229,0.018816015,0.95,0.5823449,0.30967674,0.001115461,0.95,0.36186266,0.30418754,0.005932828,0.95,0.63269943,0.39731255,0.035168376,0.95,0.3184902,0.3952226,0.002052302,0.95,0.6594116,0.4236949,0.05444283,0.95,0.31256253,0.45432663,0.00395442,0.95,0.6442835,0.4491864,0.048713524,0.95,0.32792878,0.45621902,-0.0008356638,0.95,0.6404203,0.44361836,0.008316461,0.95,0.3238449,0.45031887,-0.0032125544,0.95,0.6295872,0.43063366,0.0322746,0.95,0.34464815,0.457997,0.003808994,0.95,0.5349947,0.5060876,0.030870754,0.95,0.40768403,0.50584424,-0.0037227506,0.95,0.57523143,0.6385718,0.024492823,0.95,0.39669335,0.6500621,0.013428031,0.95,0.5576844,0.7610755,0.4103296,0.95,0.43395516,0.75371605,0.2671531,0.95,0.50769854,0.75394267,0.44834253,0.95,0.44880292,0.7682192,0.26736158,0.95,0.5757528,0.80901915,0.2509243,0.95,0.40688315,0.83009464,0.09660191,0.95,0.9,0.9,0.9,0.9,0.9,0.9,0.9,0.9,0.9,0.9,0.9,0.9,0.9,0.9,0.9,0.9,0.9,0.9,0.9,0.9,0.9,0.9,0.9,0.9,0.9,0.9,0.9,0.9,0.9,0.9,0.9,0.9,0.9
203,6.766666666666667,0.47881356,0.2366674,0.0074477373,0.95,0.4851333,0.22703122,0.012469146,0.95,0.50766444,0.22652338,0.011861133,0.95,0.49209282,0.22220008,0.013865411,0.95,0.47231847,0.2202804,0.0017116407,0.95,0.45124015,0.21276149,0.005883184,0.95,0.4423498,0.22845507,0.011788985,0.95,0.51143414,0.23448801,0.0087644495,0.95,0.4363208,0.22771789,-0.010817189,0.95,0.48802245,0.2442874,0.0042599747,0.95,0.44944373,0.2475229,0.018816015,0.95,0.5823449,0.30967674,0.001115461,0.95,0.36186266,0.30418754,0.005932828,0.95,0.63269943,0.39731255,0.035168376,0.95,0.3184902,0.3952226,0.002052302,0.95,0.6594116,0.4236949,0.054442834,0.95,0.31256253,0.45432663,0.00395442,0.95,0.6442835,0.4491864,0.048713524,0.95,0.32792878,0.45621902,-0.0008356601,0.95,0.6404203,0.44361836,0.008316461,0.95,0.3238449,0.45031887,-0.0032125544,0.95,0.6295872,0.43063366,0.0322746,0.95,0.34464815,0.457997,0.003808994,0.95,0.5349947,0.5060876,0.030870754,0.95,0.40768403,0.50584424,-0.0037227506,0.95,0.57523143,0.6385718,0.024492823,0.95,0.39669335,0.6500621,0.013428034,0.95,0.5576844,0.7610755,0.4103296,0.95,0.43395516,0.753716,0.2671531,0.95,0.50769854,0.75394267,0.44834253,0.95,0.44880292,0.7682192,0.26736158,0.95,0.5757528,0.80901915,0.25092432,0.95,0.40688315,0.83009464,0.09660192,0.95,0.9,0.9,0.9,0.9,0.9,0.9,0.9,0.9,0.9,0.9,0.9,0.9,0.9,0.9,0.9,0.9,0.9,0.9,0.9,0.9,0.9,0.9,0.9,0.9,0.9,0.9,0.9,0.9,0.9,0.9,0.9,0.9,0.9
204,6.8,0.47881356,0.2366674,0.0074477373,0.95,0.4851333,0.22703122,0.012469143,0.95,0.50766444,0.22652338,0.011861135,0.95,0.49209282,0.22220008,0.013865411,0.95,0.47231847,0.2202804,0.0017116407,0.95,0.45124015,0.21276149,0.005883184,0.95,0.4423498,0.22845507,0.011788985,0.95,0.51143414,0.23448801,0.0087644495,0.95,0.4363208,0.22771789,-0.010817189,0.95,0.48802245,0.2442874,0.0042599747,0.95,0.44944373,0.2475229,0.018816015,0.95,0.5823449,0.30967674,0.001115461,0.95,0.36186266,0.30418754,0.005932828,0.95,0.63269943,0.39731255,0.035168376,0.95,0.3184902,0.3952226,0.0020522983,0.95,0.6594116,0.4236949,0.054442834,0.95,0.31256253,0.45432663,0.00395442,0.95,0.6442835,0.4491864,0.04871352,0.95,0.32792878,0.45621902,-0.0008356638,0.95,0.6404203,0.44361836,0.008316461,0.95,0.3238449,0.45031887,-0.0032125544,0.95,0.6295872,0.43063366,0.032274596,0.95,0.34464815,0.457997,0.0038089904,0.95,0.5349947,0.5060876,0.030870754,0.95,0.40768403,0.50584424,-0.0037227506,0.95,0.57523143,0.6385718,0.024492824,0.95,0.39669335,0.6500621,0.013428034,0.95,0.5576844,0.7610755,0.4103296,0.95,0.43395516,0.753716,0.2671531,0.95,0.50769854,0.75394267,0.44834253,0.95,0.44880292,0.7682192,0.26736158,0.95,0.5757528,0.80901915,0.25092432,0.95,0.40688315,0.83009464,0.09660191,0.95,0.9,0.9,0.9,0.9,0.9,0.9,0.9,0.9,0.9,0.9,0.9,0.9,0.9,0.9,0.9,0.9,0.9,0.9,0.9,0.9,0.9,0.9,0.9,0.9,0.9,0.9,0.9,0.9,0.9,0.9,0.9,0.9,0.9
205,6.833333333333333,0.47881356,0.2366674,0.0074477373,0.95,0.4851333,0.22703122,0.012469146,0.95,0.50766444,0.22652338,0.011861135,0.95,0.49209282,0.22220008,0.013865411,0.95,0.47231847,0.2202804,0.0017116407,0.95,0.45124015,0.21276149,0.005883184,0.95,0.4423498,0.22845507,0.0117889885,0.95,0.51143414,0.23448801,0.0087644495,0.95,0.4363208,0.22771789,-0.010817189,0.95,0.48802245,0.2442874,0.0042599747,0.95,0.44944373,0.2475229,0.018816015,0.95,0.5823449,0.30967674,0.001115461,0.95,0.36186266,0.30418754,0.005932828,0.95,0.63269943,0.39731255,0.035168376,0.95,0.3184902,0.3952226,0.0020522983,0.95,0.6594116,0.4236949,0.05444283,0.95,0.31256253,0.45432663,0.00395442,0.95,0.6442835,0.4491864,0.048713524,0.95,0.32792878,0.45621902,-0.0008356638,0.95,0.6404203,0.44361836,0.008316461,0.95,0.3238449,0.45031887,-0.0032125544,0.95,0.6295872,0.43063366,0.0322746,0.95,0.34464815,0.457997,0.003808994,0.95,0.5349947,0.5060876,0.030870754,0.95,0.40768403,0.50584424,-0.0037227506,0.95,0.57523143,0.6385718,0.024492823,0.95,0.39669335,0.6500621,0.013428031,0.95,0.5576844,0.7610755,0.41032964,0.95,0.43395516,0.75371605,0.2671531,0.95,0.50769854,0.75394267,0.44834253,0.95,0.44880292,0.7682192,0.26736158,0.95,0.5757528,0.80901915,0.25092432,0.95,0.40688315,0.83009464,0.09660191,0.95,0.9,0.9,0.9,0.9,0.9,0.9,0.9,0.9,0.9,0.9,0.9,0.9,0.9,0.9,0.9,0.9,0.9,0.9,0.9,0.9,0.9,0.9,0.9,0.9,0.9,0.9,0.9,0.9,0.9,0.9,0.9,0.9,0.9
206,6.866666666666666,0.47881356,0.2366674,0.0074477373,0.95,0.4851333,0.22703122,0.012469146,0.95,0.50766444,0.22652338,0.011861135,0.95,0.49209282,0.22220008,0.013865411,0.95,0.47231847,0.2202804,0.0017116407,0.95,0.45124012,0.21276149,0.005883184,0.95,0.4423498,0.22845507,0.0117889885,0.95,0.51143414,0.23448801,0.008764448,0.95,0.4363208,0.22771789,-0.010817189,0.95,0.48802245,0.2442874,0.0042599747,0.95,0.44944373,0.2475229,0.018816015,0.95,0.5823449,0.30967674,0.001115461,0.95,0.36186266,0.30418754,0.005932828,0.95,0.63269943,0.39731255,0.035168372,0.95,0.3184902,0.3952226,0.0020522983,0.95,0.6594116,0.4236949,0.05444283,0.95,0.31256253,0.45432663,0.00395442,0.95,0.6442835,0.4491864,0.048713524,0.95,0.32792878,0.45621902,-0.0008356638,0.95,0.6404203,0.44361836,0.008316461,0.95,0.3238449,0.45031887,-0.0032125544,0.95,0.6295872,0.43063366,0.0322746,0.95,0.34464815,0.457997,0.003808994,0.95,0.5349947,0.5060876,0.030870754,0.95,0.40768403,0.50584424,-0.0037227506,0.95,0.57523143,0.6385718,0.024492823,0.95,0.39669335,0.6500621,0.013428034,0.95,0.5576844,0.7610755,0.41032964,0.95,0.43395516,0.75371605,0.2671531,0.95,0.50769854,0.75394267,0.4483425,0.95,0.44880292,0.7682192,0.26736158,0.95,0.5757528,0.80901915,0.25092432,0.95,0.40688315,0.83009464,0.09660191,0.95,0.9,0.9,0.9,0.9,0.9,0.9,0.9,0.9,0.9,0.9,0.9,0.9,0.9,0.9,0.9,0.9,0.9,0.9,0.9,0.9,0.9,0.9,0.9,0.9,0.9,0.9,0.9,0.9,0.9,0.9,0.9,0.9,0.9
207,6.9,0.47881356,0.2366674,0.0074477373,0.95,0.4851333,0.22703122,0.012469146,0.95,0.50766444,0.22652338,0.011861135,0.95,0.49209282,0.22220008,0.013865411,0.95,0.47231847,0.2202804,0.0017116407,0.95,0.45124015,0.21276149,0.005883184,0.95,0.4423498,0.22845507,0.0117889885,0.95,0.51143414,0.23448801,0.0087644495,0.95,0.4363208,0.22771789,-0.010817189,0.95,0.48802245,0.2442874,0.0042599747,0.95,0.44944373,0.2475229,0.018816013,0.95,0.5823449,0.30967674,0.001115461,0.95,0.36186266,0.30418754,0.005932828,0.95,0.63269943,0.39731255,0.035168372,0.95,0.3184902,0.3952226,0.0020522946,0.95,0.6594116,0.4236949,0.05444283,0.95,0.31256253,0.45432663,0.00395442,0.95,0.6442835,0.4491864,0.048713524,0.95,0.32792878,0.45621902,-0.0008356638,0.95,0.6404203,0.44361836,0.008316461,0.95,0.3238449,0.45031887,-0.0032125544,0.95,0.6295872,0.43063366,0.0322746,0.95,0.34464815,0.457997,0.0038089904,0.95,0.5349947,0.5060876,0.030870754,0.95,0.40768403,0.50584424,-0.0037227506,0.95,0.57523143,0.6385718,0.024492823,0.95,0.39669335,0.6500621,0.013428031,0.95,0.5576844,0.7610755,0.4103296,0.95,0.43395516,0.75371605,0.2671531,0.95,0.50769854,0.75394267,0.4483425,0.95,0.44880292,0.7682192,0.26736158,0.95,0.5757528,0.80901915,0.25092432,0.95,0.40688315,0.83009464,0.09660191,0.95,0.9,0.9,0.9,0.9,0.9,0.9,0.9,0.9,0.9,0.9,0.9,0.9,0.9,0.9,0.9,0.9,0.9,0.9,0.9,0.9,0.9,0.9,0.9,0.9,0.9,0.9,0.9,0.9,0.9,0.9,0.9,0.9,0.9
208,6.933333333333334,0.47881356,0.2366674,0.0074477373,0.95,0.4851333,0.22703122,0.012469146,0.95,0.50766444,0.22652337,0.011861133,0.95,0.49209282,0.22220008,0.013865411,0.95,0.47231847,0.2202804,0.0017116407,0.95,0.45124015,0.21276149,0.005883184,0.95,0.4423498,0.22845507,0.0117889885,0.95,0.51143414,0.23448801,0.0087644495,0.95,0.4363208,0.22771789,-0.010817189,0.95,0.48802245,0.2442874,0.0042599747,0.95,0.44944373,0.2475229,0.018816011,0.95,0.5823449,0.30967674,0.001115461,0.95,0.36186266,0.30418754,0.005932828,0.95,0.63269943,0.39731255,0.035168372,0.95,0.3184902,0.3952226,0.0020522946,0.95,0.6594116,0.4236949,0.054442834,0.95,0.31256253,0.45432663,0.003954416,0.95,0.6442835,0.4491864,0.04871352,0.95,0.32792878,0.45621902,-0.0008356638,0.95,0.6404203,0.44361836,0.008316461,0.95,0.3238449,0.45031887,-0.0032125544,0.95,0.6295872,0.43063366,0.0322746,0.95,0.34464815,0.457997,0.0038089904,0.95,0.5349947,0.5060876,0.030870754,0.95,0.40768403,0.50584424,-0.0037227506,0.95,0.57523143,0.6385718,0.024492823,0.95,0.39669335,0.6500621,0.013428034,0.95,0.5576844,0.7610755,0.4103296,0.95,0.43395516,0.75371605,0.2671531,0.95,0.50769854,0.75394267,0.4483425,0.95,0.44880292,0.7682192,0.26736158,0.95,0.5757528,0.80901915,0.25092432,0.95,0.40688315,0.83009464,0.09660191,0.95,0.9,0.9,0.9,0.9,0.9,0.9,0.9,0.9,0.9,0.9,0.9,0.9,0.9,0.9,0.9,0.9,0.9,0.9,0.9,0.9,0.9,0.9,0.9,0.9,0.9,0.9,0.9,0.9,0.9,0.9,0.9,0.9,0.9
209,6.966666666666667,0.47881356,0.2366674,0.0074477373,0.95,0.4851333,0.22703122,0.012469143,0.95,0.50766444,0.22652337,0.011861135,0.95,0.49209282,0.22220008,0.013865411,0.95,0.47231847,0.2202804,0.0017116407,0.95,0.45124015,0.21276149,0.005883184,0.95,0.4423498,0.22845505,0.011788987,0.95,0.51143414,0.23448801,0.0087644495,0.95,0.4363208,0.22771789,-0.010817189,0.95,0.48802245,0.2442874,0.0042599747,0.95,0.44944373,0.2475229,0.018816011,0.95,0.5823449,0.30967674,0.001115461,0.95,0.36186266,0.30418754,0.005932828,0.95,0.63269943,0.39731255,0.035168376,0.95,0.3184902,0.3952226,0.002052302,0.95,0.6594116,0.4236949,0.054442834,0.95,0.31256253,0.45432663,0.003954416,0.95,0.6442835,0.4491864,0.04871352,0.95,0.32792878,0.45621902,-0.0008356638,0.95,0.6404203,0.44361836,0.008316461,0.95,0.3238449,0.45031887,-0.0032125544,0.95,0.6295872,0.43063366,0.0322746,0.95,0.34464815,0.457997,0.0038089904,0.95,0.5349947,0.5060876,0.030870754,0.95,0.40768403,0.50584424,-0.0037227506,0.95,0.57523143,0.6385718,0.024492824,0.95,0.39669335,0.6500621,0.013428034,0.95,0.5576844,0.7610755,0.4103296,0.95,0.43395516,0.75371605,0.2671531,0.95,0.50769854,0.75394267,0.4483425,0.95,0.44880292,0.7682192,0.26736158,0.95,0.5757528,0.80901915,0.25092432,0.95,0.40688315,0.83009464,0.09660192,0.95,0.9,0.9,0.9,0.9,0.9,0.9,0.9,0.9,0.9,0.9,0.9,0.9,0.9,0.9,0.9,0.9,0.9,0.9,0.9,0.9,0.9,0.9,0.9,0.9,0.9,0.9,0.9,0.9,0.9,0.9,0.9,0.9,0.9
210,7.0,0.47881356,0.2366674,0.0074477373,0.95,0.4851333,0.22703122,0.012469143,0.95,0.50766444,0.22652338,0.011861135,0.95,0.49209282,0.22220008,0.013865411,0.95,0.47231847,0.2202804,0.0017116407,0.95,0.45124015,0.21276149,0.005883184,0.95,0.4423498,0.22845507,0.0117889885,0.95,0.51143414,0.23448801,0.008764448,0.95,0.4363208,0.22771789,-0.010817189,0.95,0.48802245,0.2442874,0.0042599747,0.95,0.44944373,0.2475229,0.018816013,0.95,0.5823449,0.30967674,0.001115461,0.95,0.36186266,0.30418754,0.005932824,0.95,0.63269943,0.39731255,0.035168372,0.95,0.3184902,0.3952226,0.0020522983,0.95,0.6594116,0.4236949,0.054442834,0.95,0.31256253,0.45432663,0.003954416,0.95,0.6442835,0.4491864,0.048713524,0.95,0.32792878,0.45621902,-0.0008356638,0.95,0.6404203,0.44361836,0.008316461,0.95,0.3238449,0.45031887,-0.0032125544,0.95,0.6295872,0.43063366,0.032274596,0.95,0.34464815,0.457997,0.0038089904,0.95,0.5349947,0.5060876,0.030870754,0.95,0.40768403,0.50584424,-0.0037227506,0.95,0.57523143,0.6385718,0.024492824,0.95,0.39669335,0.6500621,0.013428034,0.95,0.5576844,0.7610755,0.4103296,0.95,0.43395516,0.75371605,0.2671531,0.95,0.50769854,0.75394267,0.4483425,0.95,0.44880292,0.7682192,0.26736158,0.95,0.5757528,0.80901915,0.25092432,0.95,0.40688315,0.83009464,0.09660191,0.95,0.9,0.9,0.9,0.9,0.9,0.9,0.9,0.9,0.9,0.9,0.9,0.9,0.9,0.9,0.9,0.9,0.9,0.9,0.9,0.9,0.9,0.9,0.9,0.9,0.9,0.9,0.9,0.9,0.9,0.9,0.9,0.9,0.9
211,7.033333333333333,0.47881356,0.2366674,0.0074477373,0.95,0.4851333,0.22703122,0.012469143,0.95,0.50766444,0.22652338,0.011861133,0.95,0.49209282,0.22220008,0.013865409,0.95,0.47231847,0.2202804,0.0017116407,0.95,0.45124015,0.21276149,0.005883178,0.95,0.4423498,0.22845507,0.0117889885,0.95,0.51143414,0.23448801,0.0087644495,0.95,0.4363208,0.22771789,-0.010817189,0.95,0.48802245,0.2442874,0.0042599747,0.95,0.44944373,0.2475229,0.018816013,0.95,0.5823449,0.30967674,0.001115461,0.95,0.36186266,0.30418754,0.005932828,0.95,0.63269943,0.39731255,0.035168376,0.95,0.3184902,0.3952226,0.0020522983,0.95,0.6594116,0.4236949,0.054442834,0.95,0.31256253,0.45432663,0.00395442,0.95,0.6442835,0.4491864,0.04871352,0.95,0.32792878,0.45621902,-0.0008356638,0.95,0.6404203,0.44361836,0.008316461,0.95,0.3238449,0.45031887,-0.0032125544,0.95,0.6295872,0.43063366,0.032274596,0.95,0.34464815,0.457997,0.0038089978,0.95,0.5349947,0.5060876,0.030870754,0.95,0.40768403,0.50584424,-0.0037227469,0.95,0.57523143,0.6385718,0.024492824,0.95,0.39669335,0.6500621,0.013428034,0.95,0.5576844,0.7610755,0.41032964,0.95,0.43395516,0.75371605,0.2671531,0.95,0.50769854,0.75394267,0.4483425,0.95,0.44880292,0.7682192,0.26736158,0.95,0.5757528,0.80901915,0.2509243,0.95,0.40688315,0.83009464,0.09660191,0.95,0.9,0.9,0.9,0.9,0.9,0.9,0.9,0.9,0.9,0.9,0.9,0.9,0.9,0.9,0.9,0.9,0.9,0.9,0.9,0.9,0.9,0.9,0.9,0.9,0.9,0.9,0.9,0.9,0.9,0.9,0.9,0.9,0.9
212,7.066666666666666,0.47881356,0.2366674,0.0074477373,0.95,0.4851333,0.22703122,0.012469141,0.95,0.50766444,0.22652338,0.011861135,0.95,0.49209282,0.22220008,0.013865411,0.95,0.47231847,0.2202804,0.0017116407,0.95,0.45124015,0.21276149,0.005883184,0.95,0.4423498,0.22845507,0.0117889885,0.95,0.51143414,0.23448801,0.008764451,0.95,0.4363208,0.22771789,-0.010817189,0.95,0.48802245,0.2442874,0.0042599747,0.95,0.44944376,0.2475229,0.018816013,0.95,0.5823449,0.30967674,0.001115461,0.95,0.36186266,0.30418754,0.005932828,0.95,0.63269943,0.39731255,0.035168376,0.95,0.3184902,0.3952226,0.0020522983,0.95,0.6594116,0.4236949,0.054442834,0.95,0.31256253,0.45432663,0.00395442,0.95,0.6442835,0.4491864,0.048713524,0.95,0.32792878,0.45621902,-0.0008356638,0.95,0.6404203,0.44361836,0.008316461,0.95,0.3238449,0.45031887,-0.0032125544,0.95,0.6295872,0.43063366,0.0322746,0.95,0.34464815,0.457997,0.0038089978,0.95,0.5349947,0.5060876,0.030870754,0.95,0.40768403,0.50584424,-0.0037227506,0.95,0.57523143,0.6385718,0.024492823,0.95,0.39669335,0.6500621,0.013428034,0.95,0.5576844,0.7610755,0.41032964,0.95,0.43395516,0.75371605,0.2671531,0.95,0.50769854,0.75394267,0.4483425,0.95,0.44880292,0.7682192,0.26736158,0.95,0.5757528,0.80901915,0.2509243,0.95,0.40688315,0.83009464,0.09660191,0.95,0.9,0.9,0.9,0.9,0.9,0.9,0.9,0.9,0.9,0.9,0.9,0.9,0.9,0.9,0.9,0.9,0.9,0.9,0.9,0.9,0.9,0.9,0.9,0.9,0.9,0.9,0.9,0.9,0.9,0.9,0.9,0.9,0.9
213,7.1,0.47881356,0.2366674,0.0074477373,0.95,0.4851333,0.22703122,0.012469143,0.95,0.50766444,0.22652338,0.011861133,0.95,0.49209282,0.22220008,0.013865411,0.95,0.47231847,0.2202804,0.0017116407,0.95,0.45124015,0.21276149,0.005883184,0.95,0.4423498,0.22845507,0.0117889885,0.95,0.51143414,0.23448801,0.008764451,0.95,0.4363208,0.22771789,-0.010817189,0.95,0.48802245,0.2442874,0.0042599747,0.95,0.44944376,0.2475229,0.018816011,0.95,0.5823449,0.30967674,0.001115461,0.95,0.36186266,0.30418754,0.005932828,0.95,0.63269943,0.39731255,0.035168376,0.95,0.3184902,0.3952226,0.0020522983,0.95,0.6594116,0.4236949,0.054442834,0.95,0.31256253,0.45432663,0.003954416,0.95,0.6442835,0.4491864,0.048713524,0.95,0.32792878,0.45621902,-0.0008356638,0.95,0.6404203,0.44361836,0.008316461,0.95,0.3238449,0.45031887,-0.0032125544,0.95,0.6295872,0.43063366,0.0322746,0.95,0.34464815,0.457997,0.0038089904,0.95,0.5349947,0.5060876,0.030870754,0.95,0.40768403,0.50584424,-0.0037227506,0.95,0.57523143,0.6385718,0.024492824,0.95,0.39669335,0.6500621,0.013428034,0.95,0.5576844,0.7610755,0.4103296,0.95,0.43395516,0.75371605,0.2671531,0.95,0.50769854,0.75394267,0.44834253,0.95,0.44880292,0.7682192,0.26736158,0.95,0.5757528,0.80901915,0.25092432,0.95,0.40688315,0.83009464,0.09660192,0.95,0.9,0.9,0.9,0.9,0.9,0.9,0.9,0.9,0.9,0.9,0.9,0.9,0.9,0.9,0.9,0.9,0.9,0.9,0.9,0.9,0.9,0.9,0.9,0.9,0.9,0.9,0.9,0.9,0.9,0.9,0.9,0.9,0.9
214,7.133333333333334,0.47881356,0.2366674,0.0074477373,0.95,0.4851333,0.22703122,0.012469143,0.95,0.50766444,0.22652338,0.011861135,0.95,0.49209282,0.22220008,0.013865411,0.95,0.47231847,0.2202804,0.0017116407,0.95,0.45124015,0.21276149,0.005883184,0.95,0.4423498,0.22845507,0.0117889885,0.95,0.51143414,0.23448803,0.008764451,0.95,0.4363208,0.22771789,-0.010817189,0.95,0.48802245,0.2442874,0.0042599747,0.95,0.44944376,0.2475229,0.018816011,0.95,0.5823449,0.30967674,0.001115461,0.95,0.36186266,0.30418754,0.005932828,0.95,0.63269943,0.39731255,0.035168376,0.95,0.3184902,0.3952226,0.0020522983,0.95,0.6594116,0.4236949,0.054442834,0.95,0.31256253,0.45432663,0.003954416,0.95,0.6442835,0.4491864,0.04871352,0.95,0.32792878,0.45621902,-0.0008356638,0.95,0.6404203,0.44361836,0.008316457,0.95,0.3238449,0.45031887,-0.0032125544,0.95,0.6295872,0.43063366,0.032274596,0.95,0.34464815,0.457997,0.003808994,0.95,0.5349947,0.5060876,0.030870752,0.95,0.40768403,0.50584424,-0.0037227506,0.95,0.57523143,0.6385718,0.024492824,0.95,0.39669335,0.6500621,0.013428031,0.95,0.5576844,0.7610755,0.4103296,0.95,0.43395516,0.75371605,0.2671531,0.95,0.50769854,0.75394267,0.4483425,0.95,0.44880292,0.7682192,0.26736158,0.95,0.5757528,0.80901915,0.25092432,0.95,0.40688315,0.83009464,0.09660192,0.95,0.9,0.9,0.9,0.9,0.9,0.9,0.9,0.9,0.9,0.9,0.9,0.9,0.9,0.9,0.9,0.9,0.9,0.9,0.9,0.9,0.9,0.9,0.9,0.9,0.9,0.9,0.9,0.9,0.9,0.9,0.9,0.9,0.9
215,7.166666666666667,0.47881356,0.2366674,0.0074477373,0.95,0.4851333,0.22703122,0.012469143,0.95,0.50766444,0.22652337,0.0118611315,0.95,0.49209282,0.22220008,0.013865411,0.95,0.47231847,0.2202804,0.0017116407,0.95,0.45124015,0.21276149,0.005883184,0.95,0.4423498,0.22845507,0.0117889885,0.95,0.51143414,0.23448801,0.008764451,0.95,0.4363208,0.22771789,-0.010817189,0.95,0.48802245,0.2442874,0.004259973,0.95,0.44944376,0.2475229,0.018816011,0.95,0.5823449,0.30967674,0.001115461,0.95,0.36186266,0.30418754,0.005932828,0.95,0.63269943,0.39731255,0.035168376,0.95,0.3184902,0.3952226,0.0020522983,0.95,0.6594116,0.4236949,0.054442834,0.95,0.31256253,0.45432663,0.00395442,0.95,0.6442835,0.4491864,0.04871352,0.95,0.32792878,0.45621902,-0.0008356638,0.95,0.6404203,0.44361836,0.008316461,0.95,0.3238449,0.45031887,-0.0032125544,0.95,0.6295872,0.43063366,0.032274593,0.95,0.34464815,0.457997,0.0038089978,0.95,0.5349947,0.5060876,0.030870752,0.95,0.40768403,0.50584424,-0.0037227506,0.95,0.57523143,0.6385718,0.024492823,0.95,0.39669335,0.6500621,0.013428034,0.95,0.5576844,0.7610755,0.41032964,0.95,0.43395516,0.75371605,0.2671531,0.95,0.50769854,0.75394267,0.4483425,0.95,0.44880292,0.7682192,0.26736158,0.95,0.5757528,0.80901915,0.25092432,0.95,0.40688315,0.83009464,0.09660192,0.95,0.9,0.9,0.9,0.9,0.9,0.9,0.9,0.9,0.9,0.9,0.9,0.9,0.9,0.9,0.9,0.9,0.9,0.9,0.9,0.9,0.9,0.9,0.9,0.9,0.9,0.9,0.9,0.9,0.9,0.9,0.9,0.9,0.9
216,7.2,0.47881356,0.2366674,0.0074477373,0.95,0.4851333,0.22703122,0.012469143,0.95,0.50766444,0.22652337,0.011861135,0.95,0.49209282,0.22220008,0.013865411,0.95,0.47231847,0.2202804,0.0017116407,0.95,0.45124015,0.21276149,0.005883184,0.95,0.4423498,0.22845507,0.0117889885,0.95,0.51143414,0.23448801,0.0087644495,0.95,0.4363208,0.22771789,-0.010817189,0.95,0.48802245,0.2442874,0.004259973,0.95,0.44944376,0.2475229,0.018816011,0.95,0.5823449,0.30967674,0.001115461,0.95,0.36186266,0.30418754,0.005932828,0.95,0.63269943,0.39731255,0.035168376,0.95,0.3184902,0.3952226,0.002052302,0.95,0.65941155,0.4236949,0.054442834,0.95,0.31256253,0.45432663,0.003954416,0.95,0.6442835,0.4491864,0.04871352,0.95,0.32792878,0.45621902,-0.0008356601,0.95,0.6404203,0.44361836,0.008316461,0.95,0.3238449,0.45031887,-0.0032125544,0.95,0.6295872,0.43063366,0.0322746,0.95,0.34464815,0.457997,0.003808994,0.95,0.5349947,0.5060876,0.030870752,0.95,0.40768403,0.50584424,-0.0037227543,0.95,0.57523143,0.6385718,0.024492824,0.95,0.39669335,0.6500621,0.013428036,0.95,0.5576844,0.7610755,0.41032964,0.95,0.43395516,0.75371605,0.2671531,0.95,0.50769854,0.75394267,0.4483425,0.95,0.44880292,0.7682192,0.26736158,0.95,0.5757528,0.80901915,0.25092432,0.95,0.40688315,0.83009464,0.09660192,0.95,0.9,0.9,0.9,0.9,0.9,0.9,0.9,0.9,0.9,0.9,0.9,0.9,0.9,0.9,0.9,0.9,0.9,0.9,0.9,0.9,0.9,0.9,0.9,0.9,0.9,0.9,0.9,0.9,0.9,0.9,0.9,0.9,0.9
217,7.233333333333333,0.47881356,0.2366674,0.0074477373,0.95,0.4851333,0.22703122,0.012469143,0.95,0.50766444,0.22652338,0.011861135,0.95,0.49209282,0.22220008,0.013865411,0.95,0.47231847,0.2202804,0.0017116407,0.95,0.45124015,0.21276149,0.005883184,0.95,0.4423498,0.22845507,0.01178899,0.95,0.51143414,0.23448801,0.0087644495,0.95,0.4363208,0.22771789,-0.010817189,0.95,0.48802245,0.2442874,0.004259973,0.95,0.44944376,0.2475229,0.018816013,0.95,0.5823449,0.30967674,0.001115461,0.95,0.36186266,0.30418754,0.005932824,0.95,0.63269943,0.39731255,0.035168376,0.95,0.3184902,0.3952226,0.0020522983,0.95,0.6594116,0.4236949,0.05444283,0.95,0.31256253,0.45432663,0.003954416,0.95,0.6442835,0.4491864,0.04871352,0.95,0.32792878,0.45621902,-0.0008356601,0.95,0.6404203,0.44361836,0.008316461,0.95,0.3238449,0.45031887,-0.0032125544,0.95,0.6295872,0.43063366,0.032274596,0.95,0.34464815,0.457997,0.003808994,0.95,0.5349947,0.5060876,0.030870754,0.95,0.40768403,0.50584424,-0.0037227506,0.95,0.57523143,0.6385718,0.024492824,0.95,0.39669335,0.6500621,0.013428036,0.95,0.5576844,0.7610755,0.41032964,0.95,0.43395516,0.75371605,0.2671531,0.95,0.50769854,0.75394267,0.4483425,0.95,0.44880292,0.7682192,0.26736158,0.95,0.5757528,0.80901915,0.25092432,0.95,0.40688315,0.83009464,0.09660192,0.95,0.9,0.9,0.9,0.9,0.9,0.9,0.9,0.9,0.9,0.9,0.9,0.9,0.9,0.9,0.9,0.9,0.9,0.9,0.9,0.9,0.9,0.9,0.9,0.9,0.9,0.9,0.9,0.9,0.9,0.9,0.9,0.9,0.9
218,7.266666666666667,0.47881356,0.2366674,0.0074477354,0.95,0.4851333,0.22703122,0.012469143,0.95,0.50766444,0.22652338,0.011861133,0.95,0.49209282,0.22220008,0.013865411,0.95,0.47231847,0.2202804,0.0017116407,0.95,0.45124015,0.21276149,0.005883184,0.95,0.4423498,0.22845507,0.0117889885,0.95,0.51143414,0.23448801,0.0087644495,0.95,0.4363208,0.22771789,-0.010817189,0.95,0.48802245,0.2442874,0.004259973,0.95,0.44944373,0.2475229,0.018816011,0.95,0.5823449,0.30967674,0.001115461,0.95,0.36186266,0.30418754,0.005932824,0.95,0.63269943,0.39731255,0.035168376,0.95,0.3184902,0.3952226,0.0020522983,0.95,0.6594116,0.4236949,0.05444283,0.95,0.31256253,0.45432663,0.003954416,0.95,0.6442835,0.4491864,0.04871352,0.95,0.32792878,0.45621902,-0.0008356601,0.95,0.6404203,0.44361836,0.008316457,0.95,0.3238449,0.45031887,-0.003212558,0.95,0.6295872,0.43063366,0.032274596,0.95,0.34464815,0.457997,0.003808994,0.95,0.5349947,0.5060876,0.030870754,0.95,0.40768403,0.50584424,-0.0037227506,0.95,0.57523143,0.6385718,0.024492824,0.95,0.39669335,0.6500621,0.013428038,0.95,0.5576844,0.7610755,0.41032964,0.95,0.43395516,0.75371605,0.2671531,0.95,0.50769854,0.75394267,0.4483425,0.95,0.44880292,0.7682192,0.26736158,0.95,0.5757528,0.80901915,0.25092432,0.95,0.40688315,0.83009464,0.09660191,0.95,0.9,0.9,0.9,0.9,0.9,0.9,0.9,0.9,0.9,0.9,0.9,0.9,0.9,0.9,0.9,0.9,0.9,0.9,0.9,0.9,0.9,0.9,0.9,0.9,0.9,0.9,0.9,0.9,0.9,0.9,0.9,0.9,0.9
219,7.3,0.47881356,0.2366674,0.0074477373,0.95,0.4851333,0.22703122,0.012469143,0.95,0.50766444,0.22652338,0.011861133,0.95,0.49209282,0.22220008,0.013865409,0.95,0.47231847,0.2202804,0.0017116407,0.95,0.45124015,0.21276149,0.005883178,0.95,0.4423498,0.22845507,0.011788985,0.95,0.51143414,0.23448801,0.0087644495,0.95,0.4363208,0.22771789,-0.010817189,0.95,0.48802245,0.2442874,0.0042599747,0.95,0.44944376,0.2475229,0.018816017,0.95,0.5823449,0.30967674,0.001115461,0.95,0.36186266,0.30418754,0.005932824,0.95,0.63269943,0.39731255,0.035168372,0.95,0.3184902,0.3952226,0.0020522983,0.95,0.6594116,0.4236949,0.05444283,0.95,0.31256253,0.45432663,0.003954416,0.95,0.6442835,0.4491864,0.04871352,0.95,0.32792878,0.45621902,-0.0008356638,0.95,0.6404203,0.44361836,0.008316457,0.95,0.3238449,0.45031887,-0.0032125544,0.95,0.6295872,0.43063366,0.032274596,0.95,0.34464815,0.457997,0.0038089978,0.95,0.5349947,0.5060876,0.030870754,0.95,0.40768403,0.50584424,-0.0037227506,0.95,0.57523143,0.6385718,0.024492824,0.95,0.39669335,0.6500621,0.013428036,0.95,0.5576844,0.7610755,0.41032964,0.95,0.43395516,0.75371605,0.2671531,0.95,0.50769854,0.75394267,0.4483425,0.95,0.44880292,0.7682192,0.26736158,0.95,0.5757528,0.80901915,0.25092432,0.95,0.40688315,0.83009464,0.09660192,0.95,0.9,0.9,0.9,0.9,0.9,0.9,0.9,0.9,0.9,0.9,0.9,0.9,0.9,0.9,0.9,0.9,0.9,0.9,0.9,0.9,0.9,0.9,0.9,0.9,0.9,0.9,0.9,0.9,0.9,0.9,0.9,0.9,0.9
220,7.333333333333333,0.47881356,0.2366674,0.0074477373,0.95,0.4851333,0.22703122,0.012469143,0.95,0.50766444,0.22652338,0.011861137,0.95,0.49209282,0.22220008,0.013865409,0.95,0.47231847,0.2202804,0.0017116407,0.95,0.45124015,0.21276149,0.005883184,0.95,0.4423498,0.22845507,0.0117889885,0.95,0.51143414,0.23448801,0.008764448,0.95,0.4363208,0.22771789,-0.010817189,0.95,0.48802245,0.2442874,0.0042599747,0.95,0.44944376,0.2475229,0.018816015,0.95,0.5823449,0.30967674,0.001115461,0.95,0.36186266,0.30418754,0.005932824,0.95,0.63269943,0.39731255,0.035168372,0.95,0.3184902,0.3952226,0.0020522983,0.95,0.6594116,0.4236949,0.05444283,0.95,0.31256253,0.45432663,0.003954416,0.95,0.6442835,0.4491864,0.04871352,0.95,0.32792878,0.45621902,-0.00083566754,0.95,0.6404203,0.44361836,0.008316461,0.95,0.3238449,0.45031887,-0.003212558,0.95,0.6295872,0.43063366,0.032274596,0.95,0.34464815,0.457997,0.003808994,0.95,0.5349947,0.5060876,0.030870754,0.95,0.40768403,0.50584424,-0.0037227506,0.95,0.57523143,0.6385718,0.024492824,0.95,0.39669335,0.6500621,0.013428031,0.95,0.5576844,0.7610755,0.4103296,0.95,0.43395516,0.75371605,0.2671531,0.95,0.50769854,0.75394267,0.4483425,0.95,0.44880292,0.7682192,0.26736158,0.95,0.5757528,0.80901915,0.2509243,0.95,0.40688315,0.83009464,0.09660192,0.95,0.9,0.9,0.9,0.9,0.9,0.9,0.9,0.9,0.9,0.9,0.9,0.9,0.9,0.9,0.9,0.9,0.9,0.9,0.9,0.9,0.9,0.9,0.9,0.9,0.9,0.9,0.9,0.9,0.9,0.9,0.9,0.9,0.9
221,7.366666666666666,0.47881356,0.2366674,0.0074477373,0.95,0.4851333,0.22703122,0.012469146,0.95,0.50766444,0.22652338,0.011861133,0.95,0.49209282,0.22220008,0.013865409,0.95,0.47231847,0.2202804,0.0017116407,0.95,0.45124012,0.21276149,0.005883184,0.95,0.4423498,0.22845507,0.011788985,0.95,0.51143414,0.23448801,0.008764448,0.95,0.4363208,0.22771789,-0.010817189,0.95,0.48802245,0.2442874,0.004259973,0.95,0.44944376,0.2475229,0.018816011,0.95,0.5823449,0.30967674,0.001115461,0.95,0.36186266,0.30418754,0.005932824,0.95,0.63269943,0.39731255,0.035168372,0.95,0.3184902,0.3952226,0.002052302,0.95,0.6594116,0.4236949,0.054442827,0.95,0.31256253,0.45432663,0.003954416,0.95,0.6442835,0.4491864,0.04871352,0.95,0.32792878,0.45621902,-0.00083566754,0.95,0.6404203,0.44361836,0.008316457,0.95,0.3238449,0.45031887,-0.003212558,0.95,0.6295872,0.43063366,0.032274596,0.95,0.34464815,0.457997,0.0038089866,0.95,0.5349947,0.5060876,0.030870754,0.95,0.40768403,0.50584424,-0.0037227506,0.95,0.57523143,0.6385718,0.024492823,0.95,0.39669335,0.6500621,0.013428034,0.95,0.5576844,0.7610755,0.4103296,0.95,0.43395516,0.753716,0.2671531,0.95,0.50769854,0.75394267,0.4483425,0.95,0.44880292,0.7682192,0.26736158,0.95,0.5757528,0.80901915,0.25092432,0.95,0.40688315,0.83009464,0.09660191,0.95,0.9,0.9,0.9,0.9,0.9,0.9,0.9,0.9,0.9,0.9,0.9,0.9,0.9,0.9,0.9,0.9,0.9,0.9,0.9,0.9,0.9,0.9,0.9,0.9,0.9,0.9,0.9,0.9,0.9,0.9,0.9,0.9,0.9
222,7.4,0.47881356,0.2366674,0.0074477373,0.95,0.4851333,0.22703122,0.012469146,0.95,0.50766444,0.22652338,0.011861135,0.95,0.49209282,0.22220008,0.013865411,0.95,0.47231847,0.2202804,0.0017116426,0.95,0.45124015,0.21276149,0.005883184,0.95,0.4423498,0.22845507,0.0117889885,0.95,0.51143414,0.23448801,0.008764451,0.95,0.4363208,0.22771789,-0.010817189,0.95,0.48802245,0.2442874,0.0042599747,0.95,0.44944373,0.2475229,0.018816015,0.95,0.5823449,0.30967674,0.0011154573,0.95,0.36186263,0.30418754,0.005932824,0.95,0.63269943,0.39731255,0.035168376,0.95,0.3184902,0.3952226,0.002052302,0.95,0.65941155,0.4236949,0.054442827,0.95,0.31256253,0.45432663,0.003954416,0.95,0.6442835,0.4491864,0.04871352,0.95,0.32792878,0.45621902,-0.0008356638,0.95,0.6404203,0.44361836,0.008316457,0.95,0.3238449,0.45031887,-0.003212558,0.95,0.6295872,0.43063366,0.032274593,0.95,0.34464815,0.457997,0.0038089866,0.95,0.5349947,0.5060876,0.030870754,0.95,0.40768403,0.50584424,-0.0037227506,0.95,0.57523143,0.6385718,0.024492824,0.95,0.39669335,0.6500621,0.013428034,0.95,0.5576844,0.7610755,0.4103296,0.95,0.43395516,0.75371605,0.2671531,0.95,0.50769854,0.75394267,0.44834253,0.95,0.44880292,0.7682192,0.26736158,0.95,0.5757528,0.80901915,0.25092432,0.95,0.40688315,0.83009464,0.09660192,0.95,0.9,0.9,0.9,0.9,0.9,0.9,0.9,0.9,0.9,0.9,0.9,0.9,0.9,0.9,0.9,0.9,0.9,0.9,0.9,0.9,0.9,0.9,0.9,0.9,0.9,0.9,0.9,0.9,0.9,0.9,0.9,0.9,0.9
223,7.433333333333334,0.47881356,0.2366674,0.0074477354,0.95,0.4851333,0.22703122,0.012469146,0.95,0.50766444,0.22652338,0.011861135,0.95,0.49209282,0.22220008,0.013865411,0.95,0.47231847,0.2202804,0.0017116407,0.95,0.45124015,0.21276149,0.005883184,0.95,0.4423498,0.22845507,0.0117889885,0.95,0.51143414,0.23448801,0.0087644495,0.95,0.4363208,0.22771789,-0.010817189,0.95,0.48802245,0.2442874,0.0042599747,0.95,0.44944376,0.2475229,0.018816015,0.95,0.5823449,0.30967674,0.001115461,0.95,0.36186266,0.30418754,0.005932824,0.95,0.63269943,0.39731255,0.035168376,0.95,0.3184902,0.3952226,0.002052302,0.95,0.65941155,0.4236949,0.054442827,0.95,0.31256253,0.45432663,0.003954416,0.95,0.6442835,0.4491864,0.04871352,0.95,0.32792878,0.45621902,-0.0008356601,0.95,0.6404203,0.44361836,0.008316461,0.95,0.3238449,0.45031887,-0.0032125656,0.95,0.6295872,0.43063366,0.032274596,0.95,0.34464815,0.457997,0.0038089904,0.95,0.5349947,0.5060876,0.030870754,0.95,0.40768403,0.50584424,-0.0037227506,0.95,0.57523143,0.6385718,0.024492824,0.95,0.39669335,0.6500621,0.013428034,0.95,0.5576844,0.7610755,0.4103296,0.95,0.43395516,0.75371605,0.2671531,0.95,0.50769854,0.75394267,0.44834253,0.95,0.44880292,0.7682192,0.26736158,0.95,0.5757528,0.80901915,0.25092432,0.95,0.40688315,0.83009464,0.09660192,0.95,0.9,0.9,0.9,0.9,0.9,0.9,0.9,0.9,0.9,0.9,0.9,0.9,0.9,0.9,0.9,0.9,0.9,0.9,0.9,0.9,0.9,0.9,0.9,0.9,0.9,0.9,0.9,0.9,0.9,0.9,0.9,0.9,0.9
224,7.466666666666667,0.47881356,0.2366674,0.0074477354,0.95,0.4851333,0.22703122,0.012469143,0.95,0.50766444,0.22652338,0.011861135,0.95,0.49209282,0.22220008,0.013865411,0.95,0.47231847,0.2202804,0.0017116426,0.95,0.45124015,0.21276149,0.005883184,0.95,0.4423498,0.22845507,0.0117889885,0.95,0.51143414,0.23448801,0.0087644495,0.95,0.4363208,0.22771789,-0.010817189,0.95,0.48802245,0.2442874,0.0042599747,0.95,0.44944376,0.2475229,0.018816013,0.95,0.5823449,0.30967674,0.0011154573,0.95,0.36186266,0.30418754,0.005932828,0.95,0.63269943,0.39731255,0.035168372,0.95,0.3184902,0.3952226,0.002052302,0.95,0.65941155,0.4236949,0.05444283,0.95,0.31256253,0.45432663,0.003954416,0.95,0.6442835,0.4491864,0.04871352,0.95,0.32792878,0.45621902,-0.0008356638,0.95,0.6404203,0.44361836,0.008316461,0.95,0.3238449,0.45031887,-0.003212558,0.95,0.6295872,0.43063366,0.032274596,0.95,0.34464815,0.457997,0.0038089904,0.95,0.5349947,0.5060876,0.030870752,0.95,0.40768403,0.50584424,-0.0037227506,0.95,0.57523143,0.6385718,0.024492824,0.95,0.39669335,0.6500621,0.013428036,0.95,0.5576844,0.7610755,0.4103296,0.95,0.43395516,0.75371605,0.2671531,0.95,0.50769854,0.75394267,0.44834253,0.95,0.44880292,0.7682192,0.26736158,0.95,0.5757528,0.80901915,0.2509243,0.95,0.40688315,0.83009464,0.09660191,0.95,0.9,0.9,0.9,0.9,0.9,0.9,0.9,0.9,0.9,0.9,0.9,0.9,0.9,0.9,0.9,0.9,0.9,0.9,0.9,0.9,0.9,0.9,0.9,0.9,0.9,0.9,0.9,0.9,0.9,0.9,0.9,0.9,0.9
225,7.5,0.47881356,0.2366674,0.0074477354,0.95,0.4851333,0.22703122,0.012469143,0.95,0.50766444,0.22652338,0.011861133,0.95,0.49209282,0.22220008,0.013865409,0.95,0.47231847,0.2202804,0.0017116407,0.95,0.45124015,0.21276149,0.005883184,0.95,0.4423498,0.22845507,0.0117889885,0.95,0.51143414,0.23448801,0.008764448,0.95,0.4363208,0.22771789,-0.010817189,0.95,0.48802245,0.2442874,0.0042599747,0.95,0.44944376,0.2475229,0.018816013,0.95,0.5823449,0.30967674,0.0011154647,0.95,0.36186266,0.30418754,0.005932828,0.95,0.63269943,0.39731255,0.035168376,0.95,0.3184902,0.3952226,0.0020522983,0.95,0.6594116,0.4236949,0.05444283,0.95,0.31256253,0.45432663,0.003954416,0.95,0.6442835,0.4491864,0.04871352,0.95,0.32792878,0.45621902,-0.0008356601,0.95,0.6404203,0.44361836,0.008316461,0.95,0.3238449,0.45031887,-0.0032125544,0.95,0.6295872,0.43063366,0.032274596,0.95,0.34464815,0.457997,0.0038089904,0.95,0.5349947,0.5060876,0.030870754,0.95,0.407684,0.50584424,-0.0037227506,0.95,0.57523143,0.6385718,0.024492824,0.95,0.39669335,0.6500621,0.013428034,0.95,0.5576844,0.7610755,0.4103296,0.95,0.43395516,0.75371605,0.2671531,0.95,0.50769854,0.75394267,0.44834253,0.95,0.44880292,0.7682192,0.26736158,0.95,0.5757528,0.80901915,0.2509243,0.95,0.40688315,0.83009464,0.09660191,0.95,0.9,0.9,0.9,0.9,0.9,0.9,0.9,0.9,0.9,0.9,0.9,0.9,0.9,0.9,0.9,0.9,0.9,0.9,0.9,0.9,0.9,0.9,0.9,0.9,0.9,0.9,0.9,0.9,0.9,0.9,0.9,0.9,0.9
226,7.533333333333333,0.47881356,0.2366674,0.0074477373,0.95,0.4851333,0.22703122,0.012469146,0.95,0.50766444,0.22652338,0.011861133,0.95,0.49209282,0.22220008,0.013865411,0.95,0.47231847,0.2202804,0.0017116407,0.95,0.45124012,0.21276149,0.005883184,0.95,0.4423498,0.22845507,0.0117889885,0.95,0.51143414,0.23448801,0.008764448,0.95,0.4363208,0.22771789,-0.010817189,0.95,0.48802245,0.2442874,0.0042599747,0.95,0.44944376,0.2475229,0.018816013,0.95,0.5823449,0.30967674,0.001115461,0.95,0.36186266,0.30418754,0.005932824,0.95,0.63269943,0.39731255,0.035168376,0.95,0.3184902,0.3952226,0.002052302,0.95,0.6594116,0.4236949,0.05444283,0.95,0.31256253,0.45432663,0.003954416,0.95,0.6442835,0.4491864,0.04871352,0.95,0.32792878,0.45621902,-0.0008356601,0.95,0.6404203,0.44361836,0.008316461,0.95,0.3238449,0.45031887,-0.0032125544,0.95,0.6295872,0.43063366,0.0322746,0.95,0.34464815,0.457997,0.0038089904,0.95,0.5349947,0.5060876,0.030870754,0.95,0.40768403,0.50584424,-0.0037227469,0.95,0.57523143,0.6385718,0.024492824,0.95,0.39669335,0.6500621,0.013428031,0.95,0.5576844,0.7610755,0.4103296,0.95,0.43395516,0.75371605,0.2671531,0.95,0.50769854,0.75394267,0.4483425,0.95,0.44880292,0.7682192,0.26736158,0.95,0.5757528,0.80901915,0.2509243,0.95,0.40688315,0.83009464,0.09660192,0.95,0.9,0.9,0.9,0.9,0.9,0.9,0.9,0.9,0.9,0.9,0.9,0.9,0.9,0.9,0.9,0.9,0.9,0.9,0.9,0.9,0.9,0.9,0.9,0.9,0.9,0.9,0.9,0.9,0.9,0.9,0.9,0.9,0.9
227,7.566666666666666,0.47881356,0.2366674,0.0074477373,0.95,0.4851333,0.22703122,0.012469146,0.95,0.50766444,0.22652338,0.011861133,0.95,0.49209282,0.22220008,0.013865411,0.95,0.47231847,0.2202804,0.0017116407,0.95,0.45124015,0.21276149,0.005883184,0.95,0.4423498,0.22845507,0.0117889885,0.95,0.51143414,0.23448801,0.0087644495,0.95,0.4363208,0.22771789,-0.010817189,0.95,0.48802245,0.2442874,0.0042599747,0.95,0.44944376,0.24752292,0.018816013,0.95,0.5823449,0.30967674,0.001115461,0.95,0.36186266,0.30418754,0.005932824,0.95,0.63269943,0.39731255,0.035168376,0.95,0.3184902,0.3952226,0.0020522983,0.95,0.6594116,0.4236949,0.05444283,0.95,0.31256253,0.45432663,0.003954416,0.95,0.6442835,0.4491864,0.04871352,0.95,0.32792878,0.45621902,-0.0008356638,0.95,0.6404203,0.44361836,0.008316461,0.95,0.3238449,0.45031887,-0.0032125544,0.95,0.6295872,0.43063366,0.032274596,0.95,0.34464815,0.457997,0.0038089904,0.95,0.5349947,0.5060876,0.030870754,0.95,0.40768403,0.50584424,-0.0037227469,0.95,0.57523143,0.6385718,0.024492824,0.95,0.39669335,0.6500621,0.013428036,0.95,0.5576844,0.7610755,0.4103296,0.95,0.43395516,0.75371605,0.2671531,0.95,0.50769854,0.75394267,0.44834253,0.95,0.44880292,0.7682192,0.26736158,0.95,0.5757528,0.80901915,0.2509243,0.95,0.40688315,0.83009464,0.09660191,0.95,0.9,0.9,0.9,0.9,0.9,0.9,0.9,0.9,0.9,0.9,0.9,0.9,0.9,0.9,0.9,0.9,0.9,0.9,0.9,0.9,0.9,0.9,0.9,0.9,0.9,0.9,0.9,0.9,0.9,0.9,0.9,0.9,0.9
